long_dist,lat_vel,Crash,Crash type,minTTC,reacted,ego_speed,perceived_gap,true_gap,perceived_lat_gap,true_lat_gap,perceived_lat_speed,true_lat_speed,perceived_speed,true_speed,entry_ego_speed,entry_perceived_gap,entry_true_gap,entry_perceived_lat_gap,entry_true_lat_gap,entry_perceived_lat_speed,entry_true_lat_speed,entry_perceived_speed,entry_true_speed
1,0.0,False,0,4.0,False,36.11111111111111,-3.2991988344523557,-2.9333333333333336,1.6844427404925377,1.6,0.0,0.0,2.7777777777777777,2.7777777777777777,,,,,,,,,
1,0.1,False,0,4.0,False,36.11111111111111,-3.900939660465286,-2.9333333333333336,1.236469348803825,1.58,-0.1,-0.1,2.7777777777777777,2.7777777777777777,36.11111111111111,526.9448123898219,527.0666666666648,0.4727116503754618,-0.00999999999999579,-0.1,-0.1,2.7777777777777777,2.7777777777777777
1,0.2,False,0,4.0,False,36.11111111111111,-2.4111593522160604,-2.9333333333333336,1.2891818532384782,1.56,-0.2,-0.2,2.7777777777777777,2.7777777777777777,36.11111111111111,260.33024134540364,260.4,0.8111317818584238,-0.019999999999997353,-0.2,-0.2,2.7777777777777777,2.7777777777777777
1,0.30000000000000004,False,0,4.0,False,36.11111111111111,-2.7991796636657016,-2.9333333333333336,1.5489891456548674,1.54,-0.30000000000000004,-0.30000000000000004,2.7777777777777777,2.7777777777777777,36.11111111111111,171.0568838245612,170.40000000000015,0.06060218376247928,-0.020000000000001572,-0.30000000000000004,-0.30000000000000004,2.7777777777777777,2.7777777777777777
1,0.4,False,0,3.7999999999999994,False,36.11111111111111,-2.955944601167171,-2.9333333333333336,1.5344472193254917,1.52,-0.3,-0.4,2.7777777777777777,2.7777777777777777,36.11111111111111,123.73232418015495,123.73333333333345,-0.6438521773314916,-6.661338147750939e-16,-0.4,-0.4,2.7777777777777777,2.7777777777777777
1,0.5,False,0,3.0000000000000004,False,36.11111111111111,-2.869388285619256,-2.9333333333333336,2.176951161913706,1.5,-0.5,-0.5,2.7777777777777777,2.7777777777777777,36.11111111111111,99.16185448699078,97.06666666666675,0.37521665918149205,0.0,-0.5,-0.5,2.7777777777777777,2.7777777777777777
1,0.6000000000000001,False,0,2.466666666666666,False,36.11111111111111,-1.834561787258842,-2.9333333333333336,0.6141924565679946,1.48,-0.6,-0.6000000000000001,2.7777777777777777,2.7777777777777777,36.11111111111111,80.9785639873772,80.40000000000006,-0.03907999507605253,-0.019999999999999574,-0.6000000000000001,-0.6000000000000001,2.7777777777777777,2.7777777777777777
1,0.7000000000000001,False,0,2.085714285714286,False,36.11111111111111,-3.626551452795119,-2.9333333333333336,0.25701012962111625,1.46,-0.7000000000000001,-0.7000000000000001,2.7777777777777777,2.7777777777777777,36.11111111111111,69.34499740632354,67.0666666666667,-0.8737506603643013,-0.009999999999999343,-0.7000000000000001,-0.7000000000000001,2.7777777777777777,2.7777777777777777
1,0.8,False,0,1.7999999999999996,True,36.07111111111111,-1.2039212766690461,-2.945333333333334,1.2530945889887137,1.44,-0.6,-0.8,2.7777777777777777,2.7777777777777777,36.07111111111111,57.788578057015656,56.982666666666645,0.09679088329368679,-2.220446049250313e-16,-0.8,-0.8,2.7777777777777777,2.7777777777777777
1,0.9,False,0,1.577777777777778,False,36.11111111111111,-1.1200377543977735,-2.9333333333333336,2.4361636049902518,1.42,-0.9,-0.9,2.7777777777777777,2.7777777777777777,36.11111111111111,50.64827315888006,50.400000000000034,-0.46190463067553367,-0.02000000000000024,-0.9,-0.9,2.7777777777777777,2.7777777777777777
1,1.0,False,0,1.3999999999999997,False,36.11111111111111,-1.678868384701393,-2.9333333333333336,1.3659354078076382,1.4,-1.0,-1.0,2.7777777777777777,2.7777777777777777,36.11111111111111,43.357452329203134,43.73333333333336,-0.011642436958388513,0.0,-1.0,-1.0,2.7777777777777777,2.7777777777777777
1,1.1,False,0,1.2545454545454546,False,36.11111111111111,-3.1755072691736412,-2.9333333333333336,1.2626326194322117,1.38,-1.1,-1.1,2.7777777777777777,2.7777777777777777,36.11111111111111,39.32869420675112,40.40000000000002,0.3710606221866741,-0.0499999999999996,-1.1,-1.1,2.7777777777777777,2.7777777777777777
1,1.2000000000000002,False,0,1.1333333333333329,False,36.11111111111111,-2.356412710929037,-2.933333333333337,1.281690878281148,1.3599999999999999,-1.2,-1.2000000000000002,2.7777777777777777,2.7777777777777777,36.11111111111111,37.50879481939103,37.06666666666667,-0.3496521707032696,-0.07999999999999963,-1.2000000000000002,-1.2000000000000002,2.7777777777777777,2.7777777777777777
1,1.3,False,0,1.0307692307692309,False,36.11111111111111,-2.8238872286139722,-2.933333333333337,2.066511592172293,1.3400000000000003,-1.3,-1.3,2.7777777777777777,2.7777777777777777,36.11111111111111,34.916528963974045,33.733333333333334,0.9737463099713204,-0.09000000000000008,-1.3,-1.3,2.7777777777777777,2.7777777777777777
1,1.4000000000000001,False,0,0.9428571428571425,False,36.11111111111111,-2.9794754292929193,-2.933333333333337,1.9247871061097133,1.3199999999999998,-1.4000000000000001,-1.4000000000000001,2.7777777777777777,2.7777777777777777,36.11111111111111,29.160550627487144,30.399999999999995,1.5455369558725018,-0.08000000000000007,-1.4000000000000001,-1.4000000000000001,2.7777777777777777,2.7777777777777777
1,1.5,False,0,0.8666666666666667,False,36.11111111111111,-1.1992826719420764,-2.933333333333337,2.4152671510929715,1.3000000000000003,-1.3499999999999999,-1.5,2.7777777777777777,2.7777777777777777,36.11111111111111,27.77950810617067,27.06666666666666,0.8815360263651191,-0.04999999999999982,-1.5,-1.5,2.7777777777777777,2.7777777777777777
1,1.6,False,0,0.8000000000000003,False,36.11111111111111,-2.4218257399302248,-2.933333333333337,1.685684649123207,1.2800000000000002,-1.5,-1.6,2.7777777777777777,2.7777777777777777,36.11111111111111,27.171209033520558,27.06666666666666,-0.4605145633246046,-0.1599999999999997,-1.6,-1.6,2.7777777777777777,2.7777777777777777
1,1.7000000000000002,False,0,0.7411764705882352,False,36.11111111111111,-2.183339923170519,-2.933333333333337,2.661012199202855,1.2600000000000002,-1.7000000000000002,-1.7000000000000002,2.7777777777777777,2.7777777777777777,36.11111111111111,24.093269704704866,23.733333333333324,0.35903998340378607,-0.09999999999999964,-1.7000000000000002,-1.7000000000000002,2.7777777777777777,2.7777777777777777
3,0.0,False,0,4.0,False,36.11111111111111,-3.711050958705113,-3.666666666666666,2.176020302479849,1.6,0.0,0.0,2.7777777777777777,2.7777777777777777,,,,,,,,,
3,0.1,False,0,4.0,False,36.11111111111111,-4.164981530578049,-3.666666666666666,1.7297642614248123,1.58,-0.1,-0.1,2.7777777777777777,2.7777777777777777,36.11111111111111,525.5591269857786,525.0666666666648,-0.04985536424106041,-0.00999999999999579,-0.1,-0.1,2.7777777777777777,2.7777777777777777
3,0.2,False,0,4.0,False,36.11111111111111,-4.039059051418958,-3.666666666666666,2.095386065250193,1.56,-0.2,-0.2,2.7777777777777777,2.7777777777777777,36.11111111111111,258.45927174881575,258.4,1.4599744012125826,-0.019999999999997353,-0.2,-0.2,2.7777777777777777,2.7777777777777777
3,0.30000000000000004,False,0,4.0,False,36.11111111111111,-3.5539891767188694,-3.666666666666666,0.30308616269146205,1.54,-0.3,-0.30000000000000004,2.7777777777777777,2.7777777777777777,36.11111111111111,168.93669875947535,168.40000000000015,0.1063578941996397,-0.020000000000001572,-0.30000000000000004,-0.30000000000000004,2.7777777777777777,2.7777777777777777
3,0.4,False,0,3.6999999999999993,False,36.11111111111111,-2.989384810398499,-3.666666666666666,0.715181245171888,1.52,-0.4,-0.4,2.7777777777777777,2.7777777777777777,36.11111111111111,122.53799135872897,121.73333333333345,0.2696079239069902,-6.661338147750939e-16,-0.4,-0.4,2.7777777777777777,2.7777777777777777
3,0.5,False,0,2.900000000000001,False,36.11111111111111,-3.9588179960637575,-3.666666666666666,1.7077862998693152,1.5,-0.5,-0.5,2.7777777777777777,2.7777777777777777,36.11111111111111,95.30076527009184,95.06666666666675,0.5020384880110083,0.0,-0.5,-0.5,2.7777777777777777,2.7777777777777777
3,0.6000000000000001,False,0,2.3666666666666667,True,36.07111111111111,-3.67692786294345,-3.6466666666666665,2.4215507699484387,1.48,-0.6,-0.6000000000000001,2.7777777777777777,2.7777777777777777,36.07111111111111,78.41372767183249,78.27999999999997,-0.06201064496886244,-0.019999999999999574,-0.6000000000000001,-0.6000000000000001,2.7777777777777777,2.7777777777777777
3,0.7000000000000001,False,0,1.9857142857142853,False,36.11111111111111,-4.0120019349551885,-3.666666666666666,2.8045433647264892,1.46,-0.7000000000000001,-0.7000000000000001,2.7777777777777777,2.7777777777777777,36.11111111111111,66.25652992416919,65.0666666666667,-0.18684813857406857,-0.009999999999999343,-0.7000000000000001,-0.7000000000000001,2.7777777777777777,2.7777777777777777
3,0.8,False,0,1.6999999999999995,False,36.11111111111111,-2.7650527171194677,-3.666666666666666,1.6768332658662324,1.44,-0.8,-0.8,2.7777777777777777,2.7777777777777777,36.11111111111111,54.75351147898893,55.066666666666706,1.6978658323528344,-2.220446049250313e-16,-0.8,-0.8,2.7777777777777777,2.7777777777777777
3,0.9,False,0,1.477777777777778,False,36.11111111111111,-4.241768313807476,-3.666666666666666,1.42138047889964,1.42,-0.75,-0.9,2.7777777777777777,2.7777777777777777,36.11111111111111,48.74554906179974,48.400000000000034,0.12667221857457456,-0.02000000000000024,-0.9,-0.9,2.7777777777777777,2.7777777777777777
3,1.0,False,0,1.3,False,36.11111111111111,-4.296347068874657,-3.666666666666666,1.6957717069919034,1.4,-1.0,-1.0,2.7777777777777777,2.7777777777777777,36.11111111111111,41.37183619047156,41.73333333333336,-0.6641994347412294,0.0,-1.0,-1.0,2.7777777777777777,2.7777777777777777
3,1.1,False,0,1.1545454545454543,False,36.11111111111111,-3.6361378764177124,-3.666666666666666,1.233073729823834,1.38,-1.1,-1.1,2.7777777777777777,2.7777777777777777,36.11111111111111,39.45186584344847,38.40000000000002,-0.10252219352548919,-0.0499999999999996,-1.1,-1.1,2.7777777777777777,2.7777777777777777
3,1.2000000000000002,False,0,1.0333333333333334,False,36.11111111111111,-2.6086466029241366,-3.6666666666666625,1.8396402580677336,1.3599999999999999,-1.2000000000000002,-1.2000000000000002,2.7777777777777777,2.7777777777777777,36.11111111111111,36.14136497262075,35.06666666666667,0.15066502624014122,-0.07999999999999963,-1.2000000000000002,-1.2000000000000002,2.7777777777777777,2.7777777777777777
3,1.3,False,0,0.9307692307692309,False,36.11111111111111,-3.8522300066646524,-3.6666666666666625,0.6751680029287268,1.3400000000000003,-1.3,-1.3,2.7777777777777777,2.7777777777777777,36.11111111111111,32.31915169239435,31.73333333333333,0.17567375827682197,-0.09000000000000008,-1.3,-1.3,2.7777777777777777,2.7777777777777777
3,1.4000000000000001,False,0,0.8428571428571427,False,36.11111111111111,-3.998873712331031,-3.6666666666666625,1.3296062293398738,1.3199999999999998,-1.4000000000000001,-1.4000000000000001,2.7777777777777777,2.7777777777777777,36.11111111111111,26.918510725600854,28.399999999999995,0.1562826161275397,-0.08000000000000007,-1.4000000000000001,-1.4000000000000001,2.7777777777777777,2.7777777777777777
3,1.5,False,0,0.7666666666666665,False,36.11111111111111,-3.4302253947137027,-3.6666666666666625,2.9761115702036816,1.3000000000000003,-1.05,-1.5,2.7777777777777777,2.7777777777777777,36.11111111111111,24.63235124820923,25.06666666666666,-0.5256469230920542,-0.04999999999999982,-1.5,-1.5,2.7777777777777777,2.7777777777777777
3,1.6,False,0,0.7000000000000002,False,36.11111111111111,-3.2347951174662954,-3.6666666666666625,1.7181767788923112,1.2800000000000002,-1.5,-1.6,2.7777777777777777,2.7777777777777777,36.11111111111111,24.858866867204302,25.06666666666666,0.48639413065447856,-0.1599999999999997,-1.6,-1.6,2.7777777777777777,2.7777777777777777
3,1.7000000000000002,False,0,0.6411764705882352,False,36.11111111111111,-3.7334652737486387,-3.6666666666666625,2.307118636711658,1.2600000000000002,-1.7000000000000002,-1.7000000000000002,2.7777777777777777,2.7777777777777777,36.11111111111111,21.331717873160823,21.733333333333324,-1.0391332061089065,-0.09999999999999964,-1.7000000000000002,-1.7000000000000002,2.7777777777777777,2.7777777777777777
5,0.0,False,0,4.0,False,36.11111111111111,-4.087264844488195,-3.6000000000000023,1.7359552180008921,1.6,0.0,0.0,2.7777777777777777,2.7777777777777777,,,,,,,,,
5,0.1,False,0,4.0,False,36.11111111111111,-3.2370840061036814,-3.6000000000000023,0.2624659750610667,1.5700000000000003,-0.1,-0.1,2.7777777777777777,2.7777777777777777,36.11111111111111,523.140838262232,523.0666666666648,-0.42613235633726876,-0.00999999999999579,-0.1,-0.1,2.7777777777777777,2.7777777777777777
5,0.2,False,0,4.0,True,36.07111111111111,-3.7030636870741676,-3.620000000000002,1.0462466867226583,1.54,-0.2,-0.2,2.7777777777777777,2.7777777777777777,36.07111111111111,256.7827707883629,256.06800000000055,-0.595717735835164,-0.019999999999997353,-0.2,-0.2,2.7777777777777777,2.7777777777777777
5,0.30000000000000004,False,0,4.0,False,36.11111111111111,-3.3809466229494136,-3.6000000000000023,1.849572687617862,1.5100000000000002,-0.30000000000000004,-0.30000000000000004,2.7777777777777777,2.7777777777777777,36.11111111111111,167.30234597348453,166.40000000000015,-0.23228008773457498,-0.020000000000001572,-0.30000000000000004,-0.30000000000000004,2.7777777777777777,2.7777777777777777
5,0.4,False,0,3.599999999999999,False,36.11111111111111,-3.3437603373271463,-3.6000000000000023,1.5437897373705978,1.48,-0.4,-0.4,2.7777777777777777,2.7777777777777777,36.11111111111111,120.37992406235486,119.73333333333345,0.2526937912889142,-6.661338147750939e-16,-0.4,-0.4,2.7777777777777777,2.7777777777777777
5,0.5,False,0,2.7999999999999994,False,36.11111111111111,-2.4281016164182185,-3.6000000000000023,0.6333295828261027,1.4500000000000002,-0.5,-0.5,2.7777777777777777,2.7777777777777777,36.11111111111111,93.1647355137598,93.06666666666675,1.2652731233347811,0.0,-0.5,-0.5,2.7777777777777777,2.7777777777777777
5,0.6000000000000001,False,0,2.2666666666666657,False,36.11111111111111,-4.039571389768628,-3.6000000000000023,2.0962675735990404,1.42,-0.6000000000000001,-0.6000000000000001,2.7777777777777777,2.7777777777777777,36.11111111111111,76.70174132865283,76.40000000000006,-0.8947097787776128,-0.019999999999999574,-0.6000000000000001,-0.6000000000000001,2.7777777777777777,2.7777777777777777
5,0.7000000000000001,False,0,1.885714285714285,False,36.11111111111111,-3.95840622890272,-3.6000000000000023,0.41003669025055034,1.3900000000000001,-0.7000000000000001,-0.7000000000000001,2.7777777777777777,2.7777777777777777,36.11111111111111,63.38500734708636,63.066666666666706,1.7943795406882748,-0.009999999999999343,-0.7000000000000001,-0.7000000000000001,2.7777777777777777,2.7777777777777777
5,0.8,False,0,1.6000000000000005,False,36.11111111111111,-2.901301704797656,-3.6000000000000023,1.3676661075101277,1.3599999999999999,-0.8,-0.8,2.7777777777777777,2.7777777777777777,36.11111111111111,53.03872549150962,53.066666666666706,0.9347871056459889,-2.220446049250313e-16,-0.8,-0.8,2.7777777777777777,2.7777777777777777
5,0.9,False,0,1.3777777777777782,False,36.11111111111111,-3.4104094554432303,-3.6000000000000023,0.43308631394958663,1.33,-0.9,-0.9,2.7777777777777777,2.7777777777777777,36.11111111111111,45.88840547800365,46.400000000000034,-1.3803248241823138,-0.02000000000000024,-0.9,-0.9,2.7777777777777777,2.7777777777777777
5,1.0,False,0,1.2000000000000004,False,36.11111111111111,-1.9363894076283161,-3.6000000000000023,1.8023402549035459,1.3000000000000003,-1.0,-1.0,2.7777777777777777,2.7777777777777777,36.11111111111111,39.66506364406814,39.733333333333356,0.12189567910411325,0.0,-1.0,-1.0,2.7777777777777777,2.7777777777777777
5,1.1,False,0,1.054545454545455,False,36.11111111111111,-2.380625017530236,-3.6000000000000023,0.8665663778088515,1.27,-1.1,-1.1,2.7777777777777777,2.7777777777777777,36.11111111111111,36.42267986030457,36.40000000000002,0.24709315760053974,-0.0499999999999996,-1.1,-1.1,2.7777777777777777,2.7777777777777777
5,1.2000000000000002,False,0,0.9333333333333335,False,36.11111111111111,-3.0673111075002426,-3.600000000000006,1.1055623300414266,1.2400000000000002,-1.2000000000000002,-1.2000000000000002,2.7777777777777777,2.7777777777777777,36.11111111111111,33.38849376583156,33.06666666666667,0.9295827955991518,-0.07999999999999963,-1.2000000000000002,-1.2000000000000002,2.7777777777777777,2.7777777777777777
5,1.3,False,0,0.8307692307692309,False,36.11111111111111,-2.9141566175233526,-3.600000000000006,1.2169269540015124,1.21,-1.3,-1.3,2.7777777777777777,2.7777777777777777,36.11111111111111,30.5534735815688,29.73333333333333,1.0086434888823264,-0.09000000000000008,-1.3,-1.3,2.7777777777777777,2.7777777777777777
5,1.4000000000000001,False,0,0.7428571428571428,False,36.11111111111111,-2.6870404075442975,-3.600000000000006,1.6249217525729343,1.1800000000000002,-1.4000000000000001,-1.4000000000000001,2.7777777777777777,2.7777777777777777,36.11111111111111,27.10004212409205,26.399999999999995,0.012777609709160753,-0.08000000000000007,-1.4000000000000001,-1.4000000000000001,2.7777777777777777,2.7777777777777777
5,1.5,False,0,0.6666666666666666,False,36.11111111111111,-3.4044857183734054,-3.600000000000006,0.39984943962210107,1.15,-1.5,-1.5,2.7777777777777777,2.7777777777777777,36.11111111111111,24.027290461381323,23.066666666666656,0.23555076229269423,-0.04999999999999982,-1.5,-1.5,2.7777777777777777,2.7777777777777777
5,1.6,False,0,0.6,False,36.11111111111111,-1.953474595152465,-3.600000000000006,1.4842962247193512,1.12,-1.6,-1.6,2.7777777777777777,2.7777777777777777,36.11111111111111,24.504299896326465,23.066666666666656,1.4737583686609121,-0.1599999999999997,-1.6,-1.6,2.7777777777777777,2.7777777777777777
5,1.7000000000000002,False,0,0.5411764705882351,False,36.11111111111111,-3.904062533736627,-3.600000000000006,1.961630111377937,1.0900000000000003,-1.7000000000000002,-1.7000000000000002,2.7777777777777777,2.7777777777777777,36.11111111111111,20.194904801446757,19.73333333333332,-0.2613639806584709,-0.09999999999999964,-1.7000000000000002,-1.7000000000000002,2.7777777777777777,2.7777777777777777
7,0.0,False,0,4.0,False,36.11111111111111,-3.5293992428080587,-2.9999999999999973,1.8722845979373446,1.6,0.0,0.0,2.7777777777777777,2.7777777777777777,,,,,,,,,
7,0.1,False,0,4.0,False,36.11111111111111,-4.241380473083468,-2.9999999999999973,1.2235256027038486,1.5700000000000003,-0.1,-0.1,2.7777777777777777,2.7777777777777777,36.11111111111111,520.5595812307561,521.0666666666648,0.10556946576924187,-0.00999999999999579,-0.1,-0.1,2.7777777777777777,2.7777777777777777
7,0.2,False,0,4.0,False,36.11111111111111,-4.209356514094874,-2.9999999999999973,0.9931097311603687,1.54,-0.2,-0.2,2.7777777777777777,2.7777777777777777,36.11111111111111,254.68182698551817,254.39999999999998,-0.15946042263834204,-0.019999999999997353,-0.2,-0.2,2.7777777777777777,2.7777777777777777
7,0.30000000000000004,False,0,4.0,False,36.11111111111111,-2.742766258269559,-2.9999999999999973,0.9229038199196813,1.5100000000000002,-0.30000000000000004,-0.30000000000000004,2.7777777777777777,2.7777777777777777,36.11111111111111,164.7589826743999,164.40000000000015,-0.3276909273121569,-0.020000000000001572,-0.30000000000000004,-0.30000000000000004,2.7777777777777777,2.7777777777777777
7,0.4,False,0,3.599999999999999,False,36.11111111111111,-3.495436492215151,-2.9999999999999973,2.4415379932572967,1.48,-0.4,-0.4,2.7777777777777777,2.7777777777777777,36.11111111111111,118.14039292339594,117.73333333333345,2.222723166238769,-6.661338147750939e-16,-0.4,-0.4,2.7777777777777777,2.7777777777777777
7,0.5,False,0,2.7999999999999994,True,36.07111111111111,-3.9212827994890924,-2.991999999999998,1.3914451695357197,1.4500000000000002,-0.5,-0.5,2.7777777777777777,2.7777777777777777,36.07111111111111,91.82521625469275,90.94266666666664,0.769594352114614,0.0,-0.5,-0.5,2.7777777777777777,2.7777777777777777
7,0.6000000000000001,False,0,2.2666666666666657,False,36.11111111111111,-3.220684166916528,-2.9999999999999973,0.6051832854106336,1.42,-0.6000000000000001,-0.6000000000000001,2.7777777777777777,2.7777777777777777,36.11111111111111,74.57614183233484,74.40000000000006,0.1216675920982544,-0.019999999999999574,-0.6000000000000001,-0.6000000000000001,2.7777777777777777,2.7777777777777777
7,0.7000000000000001,False,0,1.885714285714285,False,36.11111111111111,-2.897887823493252,-2.9999999999999973,1.9337376527540222,1.3900000000000001,-0.7000000000000001,-0.7000000000000001,2.7777777777777777,2.7777777777777777,36.11111111111111,61.64918562725913,61.066666666666706,0.9206730126804752,-0.009999999999999343,-0.7000000000000001,-0.7000000000000001,2.7777777777777777,2.7777777777777777
7,0.8,False,0,1.6000000000000005,False,36.11111111111111,-2.8668151050533366,-2.9999999999999973,1.4764942677596702,1.3599999999999999,-0.8,-0.8,2.7777777777777777,2.7777777777777777,36.11111111111111,52.92243085049925,51.066666666666706,0.9411114721841045,-2.220446049250313e-16,-0.8,-0.8,2.7777777777777777,2.7777777777777777
7,0.9,False,0,1.3777777777777782,False,36.11111111111111,-4.013130981398381,-2.9999999999999973,2.2248283760828715,1.33,-0.44999999999999996,-0.9,2.7777777777777777,2.7777777777777777,36.11111111111111,45.4176482021145,44.400000000000034,-0.2588942739538629,-0.02000000000000024,-0.9,-0.9,2.7777777777777777,2.7777777777777777
7,1.0,False,0,1.2000000000000004,False,36.11111111111111,-3.1162182918217445,-2.9999999999999973,1.6082470411934997,1.3000000000000003,-1.0,-1.0,2.7777777777777777,2.7777777777777777,36.11111111111111,38.6986276938413,37.733333333333356,1.8919579983166552,0.0,-1.0,-1.0,2.7777777777777777,2.7777777777777777
7,1.1,False,0,1.054545454545455,True,36.07111111111111,-3.155701942313919,-2.9959999999999978,1.4982922257880458,1.27,-1.1,-1.1,2.7777777777777777,2.7777777777777777,36.07111111111111,34.30609389885155,34.347999999999985,0.6090765593508389,-0.0499999999999996,-1.1,-1.1,2.7777777777777777,2.7777777777777777
7,1.2000000000000002,False,0,0.9333333333333335,True,36.07111111111111,-3.7910169048023645,-2.9839999999999938,0.9422910954646695,1.2400000000000002,-1.2000000000000002,-1.2000000000000002,2.7777777777777777,2.7777777777777777,36.07111111111111,30.479451531963175,31.006666666666643,0.5530092647941394,-0.07999999999999963,-1.2000000000000002,-1.2000000000000002,2.7777777777777777,2.7777777777777777
7,1.3,False,0,0.8307692307692309,False,36.11111111111111,-1.9745092798192436,-2.999999999999994,1.2429188167675673,1.21,-1.3,-1.3,2.7777777777777777,2.7777777777777777,36.11111111111111,27.603837957288153,27.73333333333333,1.1457321386846862,-0.09000000000000008,-1.3,-1.3,2.7777777777777777,2.7777777777777777
7,1.4000000000000001,False,0,0.7428571428571428,False,36.11111111111111,-2.7946519237299343,-2.999999999999994,2.452361550113578,1.1800000000000002,-1.4000000000000001,-1.4000000000000001,2.7777777777777777,2.7777777777777777,36.11111111111111,25.097244008793187,24.399999999999995,-0.5798547895356365,-0.08000000000000007,-1.4000000000000001,-1.4000000000000001,2.7777777777777777,2.7777777777777777
7,1.5,False,0,0.6666666666666666,False,36.11111111111111,-2.6969937080082618,-2.999999999999994,0.6630303027040396,1.15,-1.5,-1.5,2.7777777777777777,2.7777777777777777,36.11111111111111,21.614109836603497,21.066666666666656,0.45075215678571956,-0.04999999999999982,-1.5,-1.5,2.7777777777777777,2.7777777777777777
7,1.6,False,0,0.6,False,36.11111111111111,-3.4717937178487803,-2.999999999999994,2.118896168407496,1.12,-1.6,-1.6,2.7777777777777777,2.7777777777777777,36.11111111111111,21.323363539822918,21.066666666666656,-0.7139610819211883,-0.1599999999999997,-1.6,-1.6,2.7777777777777777,2.7777777777777777
7,1.7000000000000002,False,0,0.5411764705882351,False,36.11111111111111,-4.268255744030935,-2.999999999999994,0.013602200738217718,1.0900000000000003,-1.7000000000000002,-1.7000000000000002,2.7777777777777777,2.7777777777777777,36.11111111111111,16.381563523776723,17.73333333333332,0.9964373828902606,-0.09999999999999964,-1.7000000000000002,-1.7000000000000002,2.7777777777777777,2.7777777777777777
9,0.0,False,0,4.0,False,36.11111111111111,-2.6164942526192503,-4.266666666666668,1.7910421716902603,1.6,0.0,0.0,2.7777777777777777,2.7777777777777777,,,,,,,,,
9,0.1,False,0,4.0,False,36.11111111111111,-3.8498595434310205,-4.266666666666668,1.2884701362203446,1.56,-0.1,-0.1,2.7777777777777777,2.7777777777777777,36.11111111111111,519.0753815544808,519.0666666666648,-0.12777869429950806,-0.00999999999999579,-0.1,-0.1,2.7777777777777777,2.7777777777777777
9,0.2,False,0,4.0,False,36.11111111111111,-4.162796236104623,-4.266666666666668,1.8698778931496918,1.52,-0.2,-0.2,2.7777777777777777,2.7777777777777777,36.11111111111111,253.08641428466473,252.39999999999998,-1.884653518236378,-0.019999999999997353,-0.2,-0.2,2.7777777777777777,2.7777777777777777
9,0.30000000000000004,False,0,4.0,False,36.11111111111111,-4.198319841022678,-4.266666666666668,1.0567900280843432,1.48,-0.30000000000000004,-0.30000000000000004,2.7777777777777777,2.7777777777777777,36.11111111111111,162.96480200209027,162.40000000000015,-0.06175593956014702,-0.020000000000001572,-0.30000000000000004,-0.30000000000000004,2.7777777777777777,2.7777777777777777
9,0.4,False,0,3.499999999999999,False,36.11111111111111,-4.237401583452489,-4.266666666666668,1.6051176004917327,1.44,-0.4,-0.4,2.7777777777777777,2.7777777777777777,36.11111111111111,115.11879257771842,115.73333333333345,-0.06523985359585671,-6.661338147750939e-16,-0.4,-0.4,2.7777777777777777,2.7777777777777777
9,0.5,False,0,2.6999999999999997,False,36.11111111111111,-4.296457057270506,-4.266666666666668,1.7201917032812837,1.4,-0.5,-0.5,2.7777777777777777,2.7777777777777777,36.11111111111111,89.19893129426684,89.06666666666675,1.0037493240576891,0.0,-0.5,-0.5,2.7777777777777777,2.7777777777777777
9,0.6000000000000001,False,0,2.1666666666666665,False,36.11111111111111,-4.023207515248058,-4.266666666666668,1.2294834994116624,1.3599999999999999,-0.6000000000000001,-0.6000000000000001,2.7777777777777777,2.7777777777777777,36.11111111111111,72.3024547384224,72.40000000000006,0.4096437238442343,-0.019999999999999574,-0.6000000000000001,-0.6000000000000001,2.7777777777777777,2.7777777777777777
9,0.7000000000000001,False,0,1.7857142857142858,False,36.11111111111111,-4.106400926357355,-4.266666666666668,1.498490920585625,1.3199999999999998,-0.7000000000000001,-0.7000000000000001,2.7777777777777777,2.7777777777777777,36.11111111111111,60.10761044313402,59.06666666666671,0.9069548204166131,-0.009999999999999343,-0.7000000000000001,-0.7000000000000001,2.7777777777777777,2.7777777777777777
9,0.8,False,0,1.5000000000000004,False,36.11111111111111,-3.688982248845927,-4.266666666666668,1.2524777623008716,1.2800000000000002,-0.8,-0.8,2.7777777777777777,2.7777777777777777,36.11111111111111,49.9532889448348,49.066666666666706,1.1158846756305492,-2.220446049250313e-16,-0.8,-0.8,2.7777777777777777,2.7777777777777777
9,0.9,False,0,1.2777777777777775,False,36.11111111111111,-1.7578669609204711,-4.266666666666668,2.6668180884050794,1.2400000000000002,-0.9,-0.9,2.7777777777777777,2.7777777777777777,36.11111111111111,41.671964285500096,42.400000000000034,0.35694860713671295,-0.02000000000000024,-0.9,-0.9,2.7777777777777777,2.7777777777777777
9,1.0,False,0,1.0999999999999999,False,36.11111111111111,-3.3675319198981084,-4.266666666666668,2.109974438279582,1.2000000000000002,-1.0,-1.0,2.7777777777777777,2.7777777777777777,36.11111111111111,36.69599223386395,35.733333333333356,1.7455461128288596,0.0,-1.0,-1.0,2.7777777777777777,2.7777777777777777
9,1.1,False,0,0.9545454545454545,False,36.11111111111111,-3.5983793319985997,-4.266666666666668,0.8058911222223593,1.1600000000000001,-1.1,-1.1,2.7777777777777777,2.7777777777777777,36.11111111111111,32.63142627010943,32.40000000000002,-0.13982749503408787,-0.0499999999999996,-1.1,-1.1,2.7777777777777777,2.7777777777777777
9,1.2000000000000002,False,0,0.8333333333333333,False,36.11111111111111,-3.9526189134405145,-4.266666666666672,3.0550841859860784,1.12,-1.2000000000000002,-1.2000000000000002,2.7777777777777777,2.7777777777777777,36.11111111111111,29.356958885609718,29.066666666666666,1.4124601338578935,-0.07999999999999963,-1.2000000000000002,-1.2000000000000002,2.7777777777777777,2.7777777777777777
9,1.3,False,0,0.7307692307692308,False,36.11111111111111,-3.951102029049598,-4.266666666666672,1.7952371798649822,1.08,-1.3,-1.3,2.7777777777777777,2.7777777777777777,36.11111111111111,25.88376197717764,25.73333333333333,-0.15570926547293418,-0.09000000000000008,-1.3,-1.3,2.7777777777777777,2.7777777777777777
9,1.4000000000000001,False,0,0.6428571428571427,False,36.11111111111111,-2.86562072142224,-4.266666666666672,0.6765512739348072,1.04,-1.4000000000000001,-1.4000000000000001,2.7777777777777777,2.7777777777777777,36.11111111111111,22.254094746598263,22.399999999999995,0.0519675196559819,-0.08000000000000007,-1.4000000000000001,-1.4000000000000001,2.7777777777777777,2.7777777777777777
9,1.5,False,0,0.5666666666666668,False,36.11111111111111,-3.7835969050564513,-4.266666666666672,0.6004226025993993,1.0,-1.5,-1.5,2.7777777777777777,2.7777777777777777,36.11111111111111,19.519479434074203,19.066666666666656,0.14757942002457236,-0.04999999999999982,-1.5,-1.5,2.7777777777777777,2.7777777777777777
9,1.6,False,0,0.5000000000000001,False,36.11111111111111,-4.0602638060098135,-4.266666666666672,1.9579123963023939,0.96,-1.6,-1.6,2.7777777777777777,2.7777777777777777,36.11111111111111,18.569485153387276,19.066666666666656,-0.2556559467358157,-0.1599999999999997,-1.6,-1.6,2.7777777777777777,2.7777777777777777
9,1.7000000000000002,False,0,0.4411764705882352,False,36.11111111111111,-3.9589283825940287,-4.266666666666672,2.3282095454672196,0.9199999999999999,-1.7000000000000002,-1.7000000000000002,2.7777777777777777,2.7777777777777777,36.11111111111111,16.027360440644348,15.73333333333332,1.2878335959573324,-0.09999999999999964,-1.7000000000000002,-1.7000000000000002,2.7777777777777777,2.7777777777777777
11,0.0,False,0,4.0,False,36.11111111111111,-3.370741134375005,-2.9333333333333362,1.6599593960078596,1.6,0.0,0.0,2.7777777777777777,2.7777777777777777,,,,,,,,,
11,0.1,False,0,4.0,False,36.11111111111111,-1.1431954745258244,-2.9333333333333362,1.7484406866252145,1.5500000000000003,-0.1,-0.1,2.7777777777777777,2.7777777777777777,36.11111111111111,517.2555850388685,517.0666666666648,1.7793818214407344,-0.00999999999999579,-0.1,-0.1,2.7777777777777777,2.7777777777777777
11,0.2,False,0,4.0,False,36.11111111111111,-3.3348035274593313,-2.9333333333333362,1.8749383838479097,1.5,-0.2,-0.2,2.7777777777777777,2.7777777777777777,36.11111111111111,249.77905372664895,250.39999999999998,-0.2813550016087638,-0.019999999999997353,-0.2,-0.2,2.7777777777777777,2.7777777777777777
11,0.30000000000000004,False,0,4.0,False,36.11111111111111,-2.6409913569900523,-2.9333333333333362,2.4888564646993188,1.4500000000000002,-0.30000000000000004,-0.30000000000000004,2.7777777777777777,2.7777777777777777,36.11111111111111,160.76684891492073,160.40000000000015,-1.0497503443621072,-0.020000000000001572,-0.30000000000000004,-0.30000000000000004,2.7777777777777777,2.7777777777777777
11,0.4,False,0,3.499999999999999,False,36.11111111111111,-2.196553310106858,-2.9333333333333362,1.869282200643576,1.4,-0.4,-0.4,2.7777777777777777,2.7777777777777777,36.11111111111111,114.69107581402105,113.73333333333345,-0.12523170449807708,-6.661338147750939e-16,-0.4,-0.4,2.7777777777777777,2.7777777777777777
11,0.5,False,0,2.6999999999999997,False,36.11111111111111,-2.607916713525749,-2.9333333333333362,0.7736824833699272,1.35,-0.5,-0.5,2.7777777777777777,2.7777777777777777,36.11111111111111,88.12389333792389,87.06666666666675,-0.14424410639403895,0.0,-0.5,-0.5,2.7777777777777777,2.7777777777777777
11,0.6000000000000001,False,0,2.1666666666666665,False,36.11111111111111,-1.1347094718923936,-2.9333333333333362,2.3084321794920757,1.3000000000000003,-0.6000000000000001,-0.6000000000000001,2.7777777777777777,2.7777777777777777,36.11111111111111,71.03596904260891,70.40000000000006,-0.21738034949355156,-0.019999999999999574,-0.6000000000000001,-0.6000000000000001,2.7777777777777777,2.7777777777777777
11,0.7000000000000001,False,0,1.7857142857142858,False,36.11111111111111,-3.0777473421729864,-2.9333333333333362,0.2187895418376553,1.25,-0.7000000000000001,-0.7000000000000001,2.7777777777777777,2.7777777777777777,36.11111111111111,57.48046961963047,57.06666666666671,0.6665166285453625,-0.009999999999999343,-0.7000000000000001,-0.7000000000000001,2.7777777777777777,2.7777777777777777
11,0.8,False,0,1.5000000000000004,False,36.11111111111111,-2.7906608039883656,-2.9333333333333362,0.6730460948040284,1.2000000000000002,-0.8,-0.8,2.7777777777777777,2.7777777777777777,36.11111111111111,44.4330983578505,47.066666666666706,-0.6778696157974364,-2.220446049250313e-16,-0.8,-0.8,2.7777777777777777,2.7777777777777777
11,0.9,False,0,1.2777777777777775,False,36.11111111111111,-2.056253663604978,-2.9333333333333362,1.5345268074342573,1.15,-0.9,-0.9,2.7777777777777777,2.7777777777777777,36.11111111111111,40.43848008316446,40.400000000000034,1.1829458509411865,-0.02000000000000024,-0.9,-0.9,2.7777777777777777,2.7777777777777777
11,1.0,False,0,1.0999999999999999,False,36.11111111111111,-1.4962725084343669,-2.9333333333333362,0.5867899219225516,1.1,-1.0,-1.0,2.7777777777777777,2.7777777777777777,36.11111111111111,34.48219482848299,33.733333333333356,-0.9215016313875923,0.0,-1.0,-1.0,2.7777777777777777,2.7777777777777777
11,1.1,False,0,0.9545454545454545,False,36.11111111111111,-2.1575720219688597,-2.9333333333333362,1.0983235659257962,1.0500000000000003,-1.1,-1.1,2.7777777777777777,2.7777777777777777,36.11111111111111,31.22175353127965,30.400000000000016,0.17993160803725505,-0.0499999999999996,-1.1,-1.1,2.7777777777777777,2.7777777777777777
11,1.2000000000000002,False,0,0.8333333333333333,False,36.11111111111111,-2.8809854519717737,-2.93333333333334,1.8480584663963233,1.0,-1.2000000000000002,-1.2000000000000002,2.7777777777777777,2.7777777777777777,36.11111111111111,26.589074184381577,27.066666666666666,-0.19355622870992417,-0.07999999999999963,-1.2000000000000002,-1.2000000000000002,2.7777777777777777,2.7777777777777777
11,1.3,False,0,0.7307692307692308,False,36.11111111111111,-3.1012906998309964,-2.93333333333334,0.46386911275069087,0.9500000000000002,-1.3,-1.3,2.7777777777777777,2.7777777777777777,36.11111111111111,24.51428785035666,23.73333333333333,0.1111913091362382,-0.09000000000000008,-1.3,-1.3,2.7777777777777777,2.7777777777777777
11,1.4000000000000001,False,0,0.6428571428571427,False,36.11111111111111,-3.516492538673144,-2.93333333333334,0.7835459866772561,0.8999999999999999,-1.4000000000000001,-1.4000000000000001,2.7777777777777777,2.7777777777777777,36.11111111111111,20.73079847308524,20.399999999999995,0.1248767673472857,-0.08000000000000007,-1.4000000000000001,-1.4000000000000001,2.7777777777777777,2.7777777777777777
11,1.5,False,0,0.5666666666666668,False,36.11111111111111,-1.9624681410038187,-2.93333333333334,0.6440846339031543,0.8500000000000001,-1.5,-1.5,2.7777777777777777,2.7777777777777777,36.11111111111111,18.73991357337239,17.066666666666656,1.17663141971572,-0.04999999999999982,-1.5,-1.5,2.7777777777777777,2.7777777777777777
11,1.6,False,0,0.5000000000000001,False,36.11111111111111,-1.907200235514174,-2.93333333333334,1.2294676086166465,0.8000000000000003,-1.6,-1.6,2.7777777777777777,2.7777777777777777,36.11111111111111,17.66635296902649,17.066666666666656,0.12157451821559917,-0.1599999999999997,-1.6,-1.6,2.7777777777777777,2.7777777777777777
11,1.7000000000000002,False,0,0.4411764705882352,False,36.11111111111111,-0.8189827730011716,-2.93333333333334,-0.17904267175026112,0.75,-1.7000000000000002,-1.7000000000000002,2.7777777777777777,2.7777777777777777,36.11111111111111,13.747917041566161,13.73333333333332,-0.5601284268289608,-0.09999999999999964,-1.7000000000000002,-1.7000000000000002,2.7777777777777777,2.7777777777777777
13,0.0,False,0,4.0,False,36.11111111111111,-3.4414539958966506,-3.6666666666666634,1.004687385450446,1.6,0.0,0.0,2.7777777777777777,2.7777777777777777,,,,,,,,,
13,0.1,False,0,4.0,False,36.11111111111111,-3.7564411624876497,-3.6666666666666634,1.911053489685452,1.5500000000000003,-0.1,-0.1,2.7777777777777777,2.7777777777777777,36.11111111111111,515.7314928545944,515.0666666666648,0.17842673712038737,-0.00999999999999579,-0.1,-0.1,2.7777777777777777,2.7777777777777777
13,0.2,False,0,4.0,False,36.11111111111111,-3.6051098876746464,-3.6666666666666634,0.6050905328475396,1.5,-0.2,-0.2,2.7777777777777777,2.7777777777777777,36.11111111111111,248.5356008389877,248.39999999999998,0.7382367427105652,-0.019999999999997353,-0.2,-0.2,2.7777777777777777,2.7777777777777777
13,0.30000000000000004,False,0,4.0,False,36.11111111111111,-3.4399148500050307,-3.6666666666666634,2.3290747445891715,1.4500000000000002,-0.30000000000000004,-0.30000000000000004,2.7777777777777777,2.7777777777777777,36.11111111111111,158.41643121011379,158.40000000000015,0.08568372857369999,-0.020000000000001572,-0.30000000000000004,-0.30000000000000004,2.7777777777777777,2.7777777777777777
13,0.4,False,0,3.399999999999999,False,36.11111111111111,-3.851873906416393,-3.6666666666666634,1.7227103672417554,1.4,-0.4,-0.4,2.7777777777777777,2.7777777777777777,36.11111111111111,112.58996181257427,111.73333333333345,0.27718260086892865,-6.661338147750939e-16,-0.4,-0.4,2.7777777777777777,2.7777777777777777
13,0.5,False,0,2.6,False,36.11111111111111,-4.257983254926372,-3.6666666666666634,1.6298045167544806,1.35,-0.5,-0.5,2.7777777777777777,2.7777777777777777,36.11111111111111,85.17690376109661,85.06666666666675,0.3699363872894037,0.0,-0.5,-0.5,2.7777777777777777,2.7777777777777777
13,0.6000000000000001,False,0,2.066666666666667,False,36.11111111111111,-3.093362391989589,-3.6666666666666634,0.28181733575837153,1.3000000000000003,-0.6000000000000001,-0.6000000000000001,2.7777777777777777,2.7777777777777777,36.11111111111111,68.47523025715564,68.40000000000006,0.7071904047758877,-0.019999999999999574,-0.6000000000000001,-0.6000000000000001,2.7777777777777777,2.7777777777777777
13,0.7000000000000001,False,0,1.6857142857142855,False,36.11111111111111,-3.372127425453889,-3.6666666666666634,1.05959304883077,1.25,-0.7000000000000001,-0.7000000000000001,2.7777777777777777,2.7777777777777777,36.11111111111111,53.71556907852498,55.06666666666671,0.11697922538941441,-0.009999999999999343,-0.7000000000000001,-0.7000000000000001,2.7777777777777777,2.7777777777777777
13,0.8,False,0,1.4000000000000004,False,36.11111111111111,-4.017738810761965,-3.6666666666666634,1.284863693190481,1.2000000000000002,-0.8,-0.8,2.7777777777777777,2.7777777777777777,36.11111111111111,45.878357175058106,45.066666666666706,2.746050651060504,-2.220446049250313e-16,-0.8,-0.8,2.7777777777777777,2.7777777777777777
13,0.9,False,0,1.1777777777777776,False,36.11111111111111,-3.102406126033851,-3.6666666666666634,1.7964773108217535,1.15,-0.9,-0.9,2.7777777777777777,2.7777777777777777,36.11111111111111,37.91416803901707,38.400000000000034,-0.013685531197168643,-0.02000000000000024,-0.9,-0.9,2.7777777777777777,2.7777777777777777
13,1.0,False,0,1.0,False,36.11111111111111,-4.238208532726492,-3.6666666666666634,1.4852964778392685,1.1,-1.0,-1.0,2.7777777777777777,2.7777777777777777,36.11111111111111,31.374333141624103,31.733333333333352,0.7564592040757345,0.0,-1.0,-1.0,2.7777777777777777,2.7777777777777777
13,1.1,False,0,0.8545454545454544,False,36.11111111111111,-3.486001532569097,-3.6666666666666634,1.3441361304165582,1.0500000000000003,-1.1,-1.1,2.7777777777777777,2.7777777777777777,36.11111111111111,29.115897776303004,28.400000000000016,0.9190793704928315,-0.0499999999999996,-1.1,-1.1,2.7777777777777777,2.7777777777777777
13,1.2000000000000002,False,0,0.7333333333333332,False,36.11111111111111,-4.169642070846108,-3.66666666666666,0.5914951568915234,1.0,-1.2000000000000002,-1.2000000000000002,2.7777777777777777,2.7777777777777777,36.11111111111111,25.148784424772625,25.066666666666666,0.8544606851559644,-0.07999999999999963,-1.2000000000000002,-1.2000000000000002,2.7777777777777777,2.7777777777777777
13,1.3,False,0,0.6307692307692306,False,36.11111111111111,-3.139758162388044,-3.66666666666666,1.5320809430794484,0.9500000000000002,-1.3,-1.3,2.7777777777777777,2.7777777777777777,36.11111111111111,22.07434326176034,21.73333333333333,0.7562581538301854,-0.09000000000000008,-1.3,-1.3,2.7777777777777777,2.7777777777777777
13,1.4000000000000001,False,0,0.5428571428571429,True,36.07111111111111,-3.5100626927284173,-3.6506666666666616,1.9759230104454142,0.8999999999999999,-1.4000000000000001,-1.4000000000000001,2.7777777777777777,2.7777777777777777,36.07111111111111,18.231517634149817,18.355999999999984,1.6389694103289072,-0.08000000000000007,-1.4000000000000001,-1.4000000000000001,2.7777777777777777,2.7777777777777777
13,1.5,False,0,0.4666666666666668,False,36.11111111111111,-3.686513990966982,-3.66666666666666,1.131673482700256,0.8500000000000001,-1.5,-1.5,2.7777777777777777,2.7777777777777777,36.11111111111111,15.16451278190662,15.066666666666656,-0.4119527921634525,-0.04999999999999982,-1.5,-1.5,2.7777777777777777,2.7777777777777777
13,1.6,False,0,0.4000000000000001,False,36.11111111111111,-4.257954635098321,-3.66666666666666,1.3995889549694218,0.8000000000000003,-1.6,-1.6,2.7777777777777777,2.7777777777777777,36.11111111111111,15.830126458769943,15.066666666666656,-1.3366496461052804,-0.1599999999999997,-1.6,-1.6,2.7777777777777777,2.7777777777777777
13,1.7000000000000002,False,0,0.3411764705882353,True,36.11111111111111,-3.199617905601527,-3.66666666666666,-0.4905064263836325,0.75,-1.7000000000000002,-1.7000000000000002,2.7777777777777777,2.7777777777777777,36.07111111111111,12.692965329835786,11.713333333333317,0.7933779119315787,-0.09999999999999964,-1.7000000000000002,-1.7000000000000002,2.7777777777777777,2.7777777777777777
15,0.0,False,0,4.0,False,36.11111111111111,-3.3630099680450405,-3.600000000000004,2.6847578397748957,1.6,0.0,0.0,2.7777777777777777,2.7777777777777777,,,,,,,,,
15,0.1,False,0,4.0,False,36.11111111111111,-3.7899969202880426,-3.600000000000004,2.876301977502466,1.54,-0.1,-0.1,2.7777777777777777,2.7777777777777777,36.11111111111111,514.3434247612463,513.0666666666648,0.7034503053850005,-0.00999999999999579,-0.1,-0.1,2.7777777777777777,2.7777777777777777
15,0.2,False,0,4.0,False,36.11111111111111,-2.5418200167994334,-3.600000000000004,1.998419760914644,1.48,-0.2,-0.2,2.7777777777777777,2.7777777777777777,36.11111111111111,246.46951330636628,246.39999999999998,-1.1714935283976486,-0.019999999999997353,-0.2,-0.2,2.7777777777777777,2.7777777777777777
15,0.30000000000000004,False,0,4.0,False,36.11111111111111,-3.709531493408309,-3.600000000000004,1.9583507048671422,1.42,-0.30000000000000004,-0.30000000000000004,2.7777777777777777,2.7777777777777777,36.11111111111111,156.2760109069352,156.40000000000015,0.09624747783427012,-0.020000000000001572,-0.30000000000000004,-0.30000000000000004,2.7777777777777777,2.7777777777777777
15,0.4,False,0,3.300000000000001,False,36.11111111111111,-3.7728064144048927,-3.600000000000004,0.41456329498251954,1.3599999999999999,-0.4,-0.4,2.7777777777777777,2.7777777777777777,36.11111111111111,111.92282567776418,109.73333333333345,0.19919740506043038,-6.661338147750939e-16,-0.4,-0.4,2.7777777777777777,2.7777777777777777
15,0.5,False,0,2.5000000000000004,False,36.11111111111111,-4.205717192550597,-3.600000000000004,1.342888963135231,1.3000000000000003,-0.5,-0.5,2.7777777777777777,2.7777777777777777,36.11111111111111,83.81883968368473,83.06666666666675,-0.17026056745304174,0.0,-0.5,-0.5,2.7777777777777777,2.7777777777777777
15,0.6000000000000001,False,0,1.9666666666666663,False,36.11111111111111,-1.873297372540228,-3.600000000000004,1.7958365513132306,1.2400000000000002,-0.6000000000000001,-0.6000000000000001,2.7777777777777777,2.7777777777777777,36.11111111111111,67.73509210774154,66.40000000000006,-0.2939474752653166,-0.019999999999999574,-0.6000000000000001,-0.6000000000000001,2.7777777777777777,2.7777777777777777
15,0.7000000000000001,False,0,1.585714285714285,False,36.11111111111111,-2.4178884950881345,-3.600000000000004,1.6226931133668234,1.1800000000000002,-0.7000000000000001,-0.7000000000000001,2.7777777777777777,2.7777777777777777,36.11111111111111,53.360256285784644,53.06666666666671,0.011353855932970669,-0.009999999999999343,-0.7000000000000001,-0.7000000000000001,2.7777777777777777,2.7777777777777777
15,0.8,False,0,1.3,False,36.11111111111111,-3.8528300659258,-3.600000000000004,1.268630037163216,1.12,-0.8,-0.8,2.7777777777777777,2.7777777777777777,36.11111111111111,43.2724729906188,43.066666666666706,0.2286110804052779,-2.220446049250313e-16,-0.8,-0.8,2.7777777777777777,2.7777777777777777
15,0.9,False,0,1.077777777777778,False,36.11111111111111,-4.20998117889244,-3.600000000000004,1.8634788234206003,1.06,-0.9,-0.9,2.7777777777777777,2.7777777777777777,36.11111111111111,36.35804563039616,36.400000000000034,-0.09067662591897374,-0.02000000000000024,-0.9,-0.9,2.7777777777777777,2.7777777777777777
15,1.0,False,0,0.8999999999999999,False,36.11111111111111,-3.273955283813417,-3.600000000000004,0.39701055681026753,1.0,-1.0,-1.0,2.7777777777777777,2.7777777777777777,36.11111111111111,30.92952696589815,29.733333333333352,-0.8170133700429005,0.0,-1.0,-1.0,2.7777777777777777,2.7777777777777777
15,1.1,False,0,0.7545454545454545,False,36.11111111111111,-3.1922656867267163,-3.600000000000004,0.7843460354426268,0.94,-1.1,-1.1,2.7777777777777777,2.7777777777777777,36.11111111111111,25.488411582444144,26.400000000000016,0.20432760454634424,-0.0499999999999996,-1.1,-1.1,2.7777777777777777,2.7777777777777777
15,1.2000000000000002,False,0,0.6333333333333331,True,36.07111111111111,-3.6082849354493787,-3.604000000000009,0.1858856345135802,0.8799999999999999,-1.2000000000000002,-1.2000000000000002,2.7777777777777777,2.7777777777777777,36.07111111111111,23.182898638629336,23.030666666666644,-1.0616470276160497,-0.07999999999999963,-1.2000000000000002,-1.2000000000000002,2.7777777777777777,2.7777777777777777
15,1.3,False,0,0.5307692307692307,False,36.11111111111111,-3.291430795918841,-3.6000000000000076,1.2572725000878608,0.8199999999999998,-1.3,-1.3,2.7777777777777777,2.7777777777777777,36.11111111111111,20.20312800562459,19.73333333333333,0.7668859412630868,-0.09000000000000008,-1.3,-1.3,2.7777777777777777,2.7777777777777777
15,1.4000000000000001,False,0,0.4428571428571429,False,36.11111111111111,-3.6069449995775598,-3.6000000000000076,0.759843321507335,0.7600000000000002,-1.4000000000000001,-1.4000000000000001,2.7777777777777777,2.7777777777777777,36.11111111111111,16.565271947593924,16.399999999999995,-0.834593845348168,-0.08000000000000007,-1.4000000000000001,-1.4000000000000001,2.7777777777777777,2.7777777777777777
15,1.5,False,0,0.36666666666666686,False,36.11111111111111,-2.7895315860400407,-3.6000000000000076,0.5335174493605686,0.7000000000000002,-1.5,-1.5,2.7777777777777777,2.7777777777777777,36.11111111111111,14.064832219669189,13.066666666666656,0.1893660593111921,-0.04999999999999982,-1.5,-1.5,2.7777777777777777,2.7777777777777777
15,1.6,False,0,0.3,False,36.11111111111111,-2.380816364352511,-3.6000000000000076,1.9681957247312734,0.6400000000000001,-1.6,-1.6,2.7777777777777777,2.7777777777777777,36.11111111111111,13.918819037834275,13.066666666666656,-0.526416381910711,-0.1599999999999997,-1.6,-1.6,2.7777777777777777,2.7777777777777777
15,1.7000000000000002,False,0,0.24117647058823535,False,36.11111111111111,-0.5687662208553723,-3.6000000000000076,1.7726413385740698,0.5800000000000001,-1.7000000000000002,-1.7000000000000002,2.7777777777777777,2.7777777777777777,36.11111111111111,9.273324231574833,9.73333333333332,-0.31268381838977555,-0.09999999999999964,-1.7000000000000002,-1.7000000000000002,2.7777777777777777,2.7777777777777777
17,0.0,False,0,4.0,False,36.11111111111111,-4.128398752987109,-2.9999999999999956,2.4317374553716014,1.6,0.0,0.0,2.7777777777777777,2.7777777777777777,,,,,,,,,
17,0.1,False,0,4.0,False,36.11111111111111,-3.1315879151450856,-2.9999999999999956,1.825892049327341,1.54,-0.1,-0.1,2.7777777777777777,2.7777777777777777,36.11111111111111,509.5869513326292,511.06666666666473,-0.5584559732845662,-0.00999999999999579,-0.1,-0.1,2.7777777777777777,2.7777777777777777
17,0.2,False,0,4.0,False,36.11111111111111,-3.086742676209158,-2.9999999999999956,0.7632386869096259,1.48,-0.2,-0.2,2.7777777777777777,2.7777777777777777,36.11111111111111,243.58754776573366,244.39999999999998,0.255917732575381,-0.019999999999997353,-0.2,-0.2,2.7777777777777777,2.7777777777777777
17,0.30000000000000004,False,0,4.0,False,36.11111111111111,-3.514306546842927,-2.9999999999999956,3.659144475172534,1.42,-0.30000000000000004,-0.30000000000000004,2.7777777777777777,2.7777777777777777,36.11111111111111,154.43434982898003,154.40000000000015,-0.10069855779034764,-0.020000000000001572,-0.30000000000000004,-0.30000000000000004,2.7777777777777777,2.7777777777777777
17,0.4,False,0,3.300000000000001,False,36.11111111111111,-3.245825530934357,-2.9999999999999956,1.9079395917771724,1.3599999999999999,-0.4,-0.4,2.7777777777777777,2.7777777777777777,36.11111111111111,108.94004786494362,107.73333333333345,-0.48251872183959943,-6.661338147750939e-16,-0.4,-0.4,2.7777777777777777,2.7777777777777777
17,0.5,False,0,2.5000000000000004,True,36.07111111111111,-3.8605070982172185,-2.9679999999999955,0.13988937865948747,1.3000000000000003,-0.5,-0.5,2.7777777777777777,2.7777777777777777,36.07111111111111,81.7857116869963,80.93066666666664,-0.25020094329174847,0.0,-0.5,-0.5,2.7777777777777777,2.7777777777777777
17,0.6000000000000001,False,0,1.9666666666666663,False,36.11111111111111,-3.557532805622567,-2.9999999999999956,2.23938127020113,1.2400000000000002,-0.6000000000000001,-0.6000000000000001,2.7777777777777777,2.7777777777777777,36.11111111111111,65.86396354555207,64.40000000000006,0.6356256780596561,-0.019999999999999574,-0.6000000000000001,-0.6000000000000001,2.7777777777777777,2.7777777777777777
17,0.7000000000000001,False,0,1.585714285714285,False,36.11111111111111,-2.9279957026790795,-2.9999999999999956,2.2805038161299485,1.1800000000000002,-0.7000000000000001,-0.7000000000000001,2.7777777777777777,2.7777777777777777,36.11111111111111,51.03332304335831,51.06666666666671,-1.056974760380839,-0.009999999999999343,-0.7000000000000001,-0.7000000000000001,2.7777777777777777,2.7777777777777777
17,0.8,False,0,1.3,False,36.11111111111111,-3.464085037782609,-2.9999999999999956,1.455982903978557,1.12,-0.8,-0.8,2.7777777777777777,2.7777777777777777,36.11111111111111,41.99417385606422,41.066666666666706,-0.5157115137358459,-2.220446049250313e-16,-0.8,-0.8,2.7777777777777777,2.7777777777777777
17,0.9,False,0,1.077777777777778,False,36.11111111111111,-2.0454261642625395,-2.9999999999999956,1.2820662924113981,1.06,-0.9,-0.9,2.7777777777777777,2.7777777777777777,36.11111111111111,34.22138770608734,34.400000000000034,-0.013129127775298288,-0.02000000000000024,-0.9,-0.9,2.7777777777777777,2.7777777777777777
17,1.0,False,0,0.8999999999999999,False,36.11111111111111,-3.9493097641802875,-2.9999999999999956,1.845879134074004,1.0,-1.0,-1.0,2.7777777777777777,2.7777777777777777,36.11111111111111,27.982145414803778,27.733333333333352,0.09503651913954614,0.0,-1.0,-1.0,2.7777777777777777,2.7777777777777777
17,1.1,False,0,0.7545454545454545,False,36.11111111111111,-3.8674705870790893,-2.9999999999999956,1.4737058182336629,0.94,-1.1,-1.1,2.7777777777777777,2.7777777777777777,36.11111111111111,25.93223356319911,24.400000000000016,-0.25705575287411087,-0.0499999999999996,-1.1,-1.1,2.7777777777777777,2.7777777777777777
17,1.2000000000000002,False,0,0.6333333333333331,False,36.11111111111111,-1.8779841530301047,-2.999999999999992,0.3720722735839206,0.8799999999999999,-1.2000000000000002,-1.2000000000000002,2.7777777777777777,2.7777777777777777,36.11111111111111,20.551106949112576,21.066666666666666,0.6529360092549354,-0.07999999999999963,-1.2000000000000002,-1.2000000000000002,2.7777777777777777,2.7777777777777777
17,1.3,False,0,0.5307692307692307,False,36.11111111111111,-3.12950484060348,-2.999999999999992,2.40391861298623,0.8199999999999998,-1.3,-1.3,2.7777777777777777,2.7777777777777777,36.11111111111111,18.265018408306656,17.73333333333333,-0.2123221038227192,-0.09000000000000008,-1.3,-1.3,2.7777777777777777,2.7777777777777777
17,1.4000000000000001,False,0,0.4428571428571429,False,36.11111111111111,-4.18317023391243,-2.999999999999992,0.9479880196360662,0.7600000000000002,-1.4000000000000001,-1.4000000000000001,2.7777777777777777,2.7777777777777777,36.11111111111111,13.774768817070917,14.399999999999995,-0.674953486748926,-0.08000000000000007,-1.4000000000000001,-1.4000000000000001,2.7777777777777777,2.7777777777777777
17,1.5,False,0,0.36666666666666686,False,36.11111111111111,-3.998916599088516,-2.999999999999992,0.657887828626003,0.7000000000000002,-1.5,-1.5,2.7777777777777777,2.7777777777777777,36.11111111111111,11.523967004067,11.066666666666656,1.0242148785349254,-0.04999999999999982,-1.5,-1.5,2.7777777777777777,2.7777777777777777
17,1.6,False,0,0.3,False,36.11111111111111,-2.8236441591635026,-2.999999999999992,2.055636050738165,0.6400000000000001,-1.6,-1.6,2.7777777777777777,2.7777777777777777,36.11111111111111,11.001709651968898,11.066666666666656,0.16777647748288826,-0.1599999999999997,-1.6,-1.6,2.7777777777777777,2.7777777777777777
17,1.7000000000000002,False,0,0.24117647058823535,False,36.11111111111111,-3.0570846789840713,-2.999999999999992,1.7825315328855047,0.5800000000000001,-1.7000000000000002,-1.7000000000000002,2.7777777777777777,2.7777777777777777,36.11111111111111,8.60696669827475,7.733333333333321,0.6126896823088801,-0.09999999999999964,-1.7000000000000002,-1.7000000000000002,2.7777777777777777,2.7777777777777777
19,0.0,False,0,4.0,False,36.11111111111111,-3.3226607899000618,-4.266666666666672,1.5908893524461827,1.6,0.0,0.0,2.7777777777777777,2.7777777777777777,,,,,,,,,
19,0.1,False,0,4.0,False,36.11111111111111,-4.2408559793762555,-4.266666666666672,1.6172332054204954,1.5300000000000002,-0.1,-0.1,2.7777777777777777,2.7777777777777777,36.11111111111111,509.8991234064528,509.06666666666473,-0.07417807233996676,-0.00999999999999579,-0.1,-0.1,2.7777777777777777,2.7777777777777777
19,0.2,False,0,4.0,False,36.11111111111111,-2.752043412486901,-4.266666666666672,0.9835547805681406,1.46,-0.2,-0.2,2.7777777777777777,2.7777777777777777,36.11111111111111,242.12461044463925,242.39999999999998,-0.3504209485962986,-0.019999999999997353,-0.2,-0.2,2.7777777777777777,2.7777777777777777
19,0.30000000000000004,False,0,4.0,False,36.11111111111111,-3.749906515871422,-4.266666666666672,1.2597736826441004,1.3900000000000001,-0.30000000000000004,-0.30000000000000004,2.7777777777777777,2.7777777777777777,36.11111111111111,152.3833041937425,152.40000000000015,-1.2000699746968668,-0.020000000000001572,-0.30000000000000004,-0.30000000000000004,2.7777777777777777,2.7777777777777777
19,0.4,False,0,3.200000000000001,False,36.11111111111111,-3.7048973382491672,-4.266666666666672,0.7944250424319494,1.3200000000000003,-0.4,-0.4,2.7777777777777777,2.7777777777777777,36.11111111111111,105.5222858548544,105.73333333333345,0.09204642420246167,-6.661338147750939e-16,-0.4,-0.4,2.7777777777777777,2.7777777777777777
19,0.5,False,0,2.400000000000001,True,36.03111111111111,-3.7186489814380392,-4.294666666666671,1.6047355604403202,1.25,-0.5,-0.5,2.7777777777777777,2.7777777777777777,36.03111111111111,81.15419687504811,78.83866666666658,0.8742881114222811,0.0,-0.5,-0.5,2.7777777777777777,2.7777777777777777
19,0.6000000000000001,False,0,1.866666666666667,False,36.11111111111111,-3.6194354843195944,-4.266666666666672,1.5901102611782165,1.1800000000000002,-0.6000000000000001,-0.6000000000000001,2.7777777777777777,2.7777777777777777,36.11111111111111,62.375268866957754,62.40000000000006,0.6576196448235438,-0.019999999999999574,-0.6000000000000001,-0.6000000000000001,2.7777777777777777,2.7777777777777777
19,0.7000000000000001,False,0,1.4857142857142855,False,36.11111111111111,-3.7305227415150197,-4.266666666666672,0.8686662748073273,1.1099999999999999,-0.7000000000000001,-0.7000000000000001,2.7777777777777777,2.7777777777777777,36.11111111111111,49.1855348561481,49.06666666666671,0.17814958162515504,-0.009999999999999343,-0.7000000000000001,-0.7000000000000001,2.7777777777777777,2.7777777777777777
19,0.8,False,0,1.2000000000000004,False,36.11111111111111,-3.974945010577531,-4.266666666666672,0.14618246975997895,1.04,-0.8,-0.8,2.7777777777777777,2.7777777777777777,36.11111111111111,37.97966600539917,39.066666666666706,1.0370480432508526,-2.220446049250313e-16,-0.8,-0.8,2.7777777777777777,2.7777777777777777
19,0.9,False,0,0.9777777777777776,False,36.11111111111111,-4.183156751522435,-4.266666666666672,0.5483042038891659,0.9700000000000002,-0.9,-0.9,2.7777777777777777,2.7777777777777777,36.11111111111111,31.36937011262408,32.400000000000034,-1.0249290247295937,-0.02000000000000024,-0.9,-0.9,2.7777777777777777,2.7777777777777777
19,1.0,False,0,0.8000000000000003,False,36.11111111111111,-2.4415845123518443,-4.266666666666672,-0.30998087049703993,0.8999999999999999,-1.0,-1.0,2.7777777777777777,2.7777777777777777,36.11111111111111,25.268687152244024,25.733333333333352,-0.5895209019558465,0.0,-1.0,-1.0,2.7777777777777777,2.7777777777777777
19,1.1,False,0,0.6545454545454547,True,36.11111111111111,-3.485794479983052,-4.266666666666672,-0.20183136858243977,0.8300000000000001,-1.1,-1.1,2.7777777777777777,2.7777777777777777,36.07111111111111,23.26818350690472,22.367999999999984,1.013986178461212,-0.0499999999999996,-1.1,-1.1,2.7777777777777777,2.7777777777777777
19,1.2000000000000002,False,0,0.5333333333333333,True,36.07111111111111,-4.119295170707065,-4.298666666666679,-0.5517128127874995,0.7599999999999998,-1.2000000000000002,-1.2000000000000002,2.7777777777777777,2.7777777777777777,36.07111111111111,19.046033935020557,19.006666666666643,-0.07092709351182602,-0.07999999999999963,-1.2000000000000002,-1.2000000000000002,2.7777777777777777,2.7777777777777777
19,1.3,False,0,0.4307692307692308,False,36.11111111111111,-3.768121941554333,-4.2666666666666755,0.1014389561765836,0.69,-1.3,-1.3,2.7777777777777777,2.7777777777777777,36.11111111111111,14.58986534068639,15.73333333333333,-0.7094856315638911,-0.09000000000000008,-1.3,-1.3,2.7777777777777777,2.7777777777777777
19,1.4000000000000001,False,0,0.3428571428571428,False,36.11111111111111,-4.19948011553307,-4.2666666666666755,1.4753334855648172,0.6200000000000001,-1.4000000000000001,-1.4000000000000001,2.7777777777777777,2.7777777777777777,36.11111111111111,10.636524064591942,12.399999999999995,-0.2374266965615992,-0.08000000000000007,-1.4000000000000001,-1.4000000000000001,2.7777777777777777,2.7777777777777777
19,1.5,False,0,0.2666666666666666,False,36.11111111111111,-4.215879894602664,-4.2666666666666755,1.783855687326004,0.5500000000000003,-1.5,-1.5,2.7777777777777777,2.7777777777777777,36.11111111111111,9.932589806804963,9.066666666666656,1.658362579079769,-0.04999999999999982,-1.5,-1.5,2.7777777777777777,2.7777777777777777
19,1.6,False,0,0.20000000000000018,False,36.11111111111111,-3.5431926750047813,-4.2666666666666755,0.7222002696548282,0.48,-1.6,-1.6,2.7777777777777777,2.7777777777777777,36.11111111111111,9.786294180689374,9.066666666666656,-0.7987920094678191,-0.1599999999999997,-1.6,-1.6,2.7777777777777777,2.7777777777777777
19,1.7000000000000002,False,0,0.1411764705882354,True,36.03111111111111,-4.253541935757304,-4.297333333333326,0.5709388561710931,0.41000000000000014,-1.7000000000000002,-1.7000000000000002,2.7777777777777777,2.7777777777777777,36.03111111111111,6.183347895906977,5.673333333333326,0.1376337490735522,-0.09999999999999964,-1.7000000000000002,-1.7000000000000002,2.7777777777777777,2.7777777777777777
21,0.0,False,0,4.0,True,36.07111111111111,-2.0519883273016957,-2.9573333333333407,1.094595424495009,1.6,0.0,0.0,2.7777777777777777,2.7777777777777777,,,,,,,,,
21,0.1,False,0,4.0,True,36.07111111111111,-2.819818892157296,-2.9533333333333394,1.6536757549984062,1.52,-0.1,-0.1,2.7777777777777777,2.7777777777777777,36.07111111111111,507.17841797034083,506.43466666666717,-0.1450123336222795,-0.00999999999999579,-0.1,-0.1,2.7777777777777777,2.7777777777777777
21,0.2,False,0,4.0,False,36.11111111111111,-2.578360663516558,-2.9333333333333362,1.8566329128450958,1.44,-0.2,-0.2,2.7777777777777777,2.7777777777777777,36.11111111111111,239.8718890020366,240.39999999999998,-1.1078930510158196,-0.019999999999997353,-0.2,-0.2,2.7777777777777777,2.7777777777777777
21,0.30000000000000004,False,0,4.0,True,36.07111111111111,-1.6958398415853315,-2.9613333333333385,2.2210687631908805,1.3599999999999999,-0.30000000000000004,-0.30000000000000004,2.7777777777777777,2.7777777777777777,36.07111111111111,151.33432577837505,150.1880000000002,1.0321725210052954,-0.020000000000001572,-0.30000000000000004,-0.30000000000000004,2.7777777777777777,2.7777777777777777
21,0.4,False,0,3.200000000000001,False,36.11111111111111,-1.2331781924664353,-2.9333333333333362,2.3657615981309035,1.2800000000000002,-0.4,-0.4,2.7777777777777777,2.7777777777777777,36.11111111111111,104.70213466393275,103.73333333333345,-0.29600462044855513,-6.661338147750939e-16,-0.4,-0.4,2.7777777777777777,2.7777777777777777
21,0.5,False,0,2.400000000000001,False,36.11111111111111,-2.7796383524460984,-2.9333333333333362,1.382391105603272,1.2000000000000002,-0.5,-0.5,2.7777777777777777,2.7777777777777777,36.11111111111111,76.45517772806042,77.06666666666675,0.09029208328992877,0.0,-0.5,-0.5,2.7777777777777777,2.7777777777777777
21,0.6000000000000001,False,0,1.866666666666667,True,36.07111111111111,-2.952469042035694,-2.9373333333333376,1.1894839088467948,1.12,-0.6000000000000001,-0.6000000000000001,2.7777777777777777,2.7777777777777777,36.07111111111111,61.408912673169525,60.31999999999998,0.3693758347375251,-0.019999999999999574,-0.6000000000000001,-0.6000000000000001,2.7777777777777777,2.7777777777777777
21,0.7000000000000001,False,0,1.4857142857142855,False,36.11111111111111,-2.1026488673694734,-2.9333333333333362,1.78402790783388,1.04,-0.7000000000000001,-0.7000000000000001,2.7777777777777777,2.7777777777777777,36.11111111111111,47.83276583470181,47.06666666666671,0.16162383351381315,-0.009999999999999343,-0.7000000000000001,-0.7000000000000001,2.7777777777777777,2.7777777777777777
21,0.8,False,0,1.2000000000000004,False,36.11111111111111,-3.1027866377904614,-2.9333333333333362,1.0636441794579738,0.9600000000000004,-0.8,-0.8,2.7777777777777777,2.7777777777777777,36.11111111111111,38.13788034816317,37.066666666666706,0.24974442864922297,-2.220446049250313e-16,-0.8,-0.8,2.7777777777777777,2.7777777777777777
21,0.9,False,0,0.9777777777777776,False,36.11111111111111,-3.095969948392315,-2.9333333333333362,1.055806624811979,0.8799999999999999,-0.9,-0.9,2.7777777777777777,2.7777777777777777,36.11111111111111,30.3649990830998,30.40000000000003,0.09067032736751202,-0.02000000000000024,-0.9,-0.9,2.7777777777777777,2.7777777777777777
21,1.0,False,0,0.8000000000000003,False,36.11111111111111,-1.9850252945458733,-2.9333333333333362,1.3996828250723485,0.8000000000000003,-1.0,-1.0,2.7777777777777777,2.7777777777777777,36.11111111111111,25.166625666241814,23.733333333333352,-1.3685698322438224,0.0,-1.0,-1.0,2.7777777777777777,2.7777777777777777
21,1.1,False,0,0.6545454545454547,True,36.07111111111111,-2.392237322270147,-2.9453333333333402,0.9217592703608442,0.7200000000000002,-1.1,-1.1,2.7777777777777777,2.7777777777777777,36.07111111111111,20.692614997694907,20.35999999999998,1.0559716671363186,-0.0499999999999996,-1.1,-1.1,2.7777777777777777,2.7777777777777777
21,1.2000000000000002,False,0,0.5333333333333333,False,36.11111111111111,-2.287706020569405,-2.93333333333334,1.4417589987926003,0.6400000000000001,-1.2000000000000002,-1.2000000000000002,2.7777777777777777,2.7777777777777777,36.11111111111111,18.52572726588613,17.066666666666666,-1.324730874960444,-0.07999999999999963,-1.2000000000000002,-1.2000000000000002,2.7777777777777777,2.7777777777777777
21,1.3,False,0,0.4307692307692308,True,36.07111111111111,-2.1823764555278116,-2.945333333333344,1.7862588873254346,0.56,-1.3,-1.3,2.7777777777777777,2.7777777777777777,36.07111111111111,15.10562229968054,13.701333333333313,-1.0802134458002641,-0.09000000000000008,-1.3,-1.3,2.7777777777777777,2.7777777777777777
21,1.4000000000000001,False,0,0.3428571428571428,True,36.03111111111111,-2.2295486114921266,-2.961333333333342,0.3883851009336614,0.48,-1.4000000000000001,-1.4000000000000001,2.7777777777777777,2.7777777777777777,36.03111111111111,9.947353334300601,10.339999999999993,-0.4144162343811033,-0.08000000000000007,-1.4000000000000001,-1.4000000000000001,2.7777777777777777,2.7777777777777777
21,1.5,False,0,0.2666666666666666,False,36.11111111111111,-3.755660709076312,-2.93333333333334,0.6116876623246545,0.3999999999999999,-1.5,-1.5,2.7777777777777777,2.7777777777777777,36.11111111111111,8.155634355257543,7.066666666666657,-0.5995106184514996,-0.04999999999999982,-1.5,-1.5,2.7777777777777777,2.7777777777777777
21,1.6,False,0,0.20000000000000018,True,36.03111111111111,-3.998873812608603,-2.9573333333333407,0.6732356025292652,0.3200000000000003,-1.6,-1.6,2.7777777777777777,2.7777777777777777,36.03111111111111,8.174125234428622,7.018666666666655,0.3386053147519257,-0.1599999999999997,-1.6,-1.6,2.7777777777777777,2.7777777777777777
21,1.7000000000000002,False,0,0.1411764705882354,False,36.11111111111111,-1.7589055228454518,-2.93333333333334,0.3810608079970095,0.2400000000000002,-1.7000000000000002,-1.7000000000000002,2.7777777777777777,2.7777777777777777,36.11111111111111,5.3327187434777565,3.733333333333321,0.6503824189336722,-0.09999999999999964,-1.7000000000000002,-1.7000000000000002,2.7777777777777777,2.7777777777777777
23,0.0,False,0,4.0,False,36.11111111111111,-3.251699824797856,-3.6666666666666634,1.9393623195883323,1.6,0.0,0.0,2.7777777777777777,2.7777777777777777,,,,,,,,,
23,0.1,False,0,4.0,False,36.11111111111111,-3.9141535726295222,-3.6666666666666634,2.0740901144745725,1.52,-0.1,-0.1,2.7777777777777777,2.7777777777777777,36.11111111111111,505.31246724399983,505.06666666666473,-0.21889420309665253,-0.00999999999999579,-0.1,-0.1,2.7777777777777777,2.7777777777777777
23,0.2,False,0,4.0,False,36.11111111111111,-3.8606179165577243,-3.6666666666666634,0.891091803781126,1.44,-0.2,-0.2,2.7777777777777777,2.7777777777777777,36.11111111111111,238.94984071224528,238.39999999999998,-0.6766316388244773,-0.019999999999997353,-0.2,-0.2,2.7777777777777777,2.7777777777777777
23,0.30000000000000004,False,0,4.0,False,36.11111111111111,-3.0741810427369307,-3.6666666666666634,0.409108800645845,1.3599999999999999,-0.30000000000000004,-0.30000000000000004,2.7777777777777777,2.7777777777777777,36.11111111111111,149.00256669265758,148.40000000000015,0.001364147276802452,-0.020000000000001572,-0.30000000000000004,-0.30000000000000004,2.7777777777777777,2.7777777777777777
23,0.4,False,0,3.100000000000001,False,36.11111111111111,-3.5233348085618372,-3.6666666666666634,1.4161511926980368,1.2800000000000002,-0.4,-0.4,2.7777777777777777,2.7777777777777777,36.11111111111111,102.70710384973084,101.73333333333345,0.5171758591308477,-6.661338147750939e-16,-0.4,-0.4,2.7777777777777777,2.7777777777777777
23,0.5,False,0,2.2999999999999994,False,36.11111111111111,-3.4364476972026514,-3.6666666666666634,2.134315897266742,1.2000000000000002,-0.5,-0.5,2.7777777777777777,2.7777777777777777,36.11111111111111,74.38097557079209,75.06666666666675,-0.31717300031722995,0.0,-0.5,-0.5,2.7777777777777777,2.7777777777777777
23,0.6000000000000001,False,0,1.7666666666666662,False,36.11111111111111,-3.1533248978230217,-3.6666666666666634,1.2748305338403383,1.12,-0.6000000000000001,-0.6000000000000001,2.7777777777777777,2.7777777777777777,36.11111111111111,58.67678003538018,58.40000000000006,0.498198024089858,-0.019999999999999574,-0.6000000000000001,-0.6000000000000001,2.7777777777777777,2.7777777777777777
23,0.7000000000000001,False,0,1.385714285714286,False,36.11111111111111,-4.262750908053898,-3.6666666666666634,1.7506081922020624,1.04,-0.7000000000000001,-0.7000000000000001,2.7777777777777777,2.7777777777777777,36.11111111111111,45.20090083909346,45.06666666666671,0.5729869538326615,-0.009999999999999343,-0.7000000000000001,-0.7000000000000001,2.7777777777777777,2.7777777777777777
23,0.8,False,0,1.1000000000000003,False,36.11111111111111,-3.478429585544677,-3.6666666666666634,1.5812562846244496,0.9600000000000004,-0.8,-0.8,2.7777777777777777,2.7777777777777777,36.11111111111111,35.33132000132733,35.066666666666706,0.4358314329915287,-2.220446049250313e-16,-0.8,-0.8,2.7777777777777777,2.7777777777777777
23,0.9,False,0,0.8777777777777778,False,36.11111111111111,-3.808137996747326,-3.6666666666666634,0.9207582604135713,0.8799999999999999,-0.9,-0.9,2.7777777777777777,2.7777777777777777,36.11111111111111,28.185164414175436,28.400000000000023,0.027223216573987408,-0.02000000000000024,-0.9,-0.9,2.7777777777777777,2.7777777777777777
23,1.0,False,0,0.7000000000000002,True,36.11111111111111,-3.8653385440123307,-3.6666666666666634,-0.26435968834340295,0.8000000000000003,-1.0,-1.0,2.7777777777777777,2.7777777777777777,36.07111111111111,21.64439638091174,21.701333333333313,1.603001460720952,0.0,-1.0,-1.0,2.7777777777777777,2.7777777777777777
23,1.1,False,0,0.5545454545454548,False,36.11111111111111,-3.914532763050757,-3.6666666666666634,1.4590972280509948,0.7200000000000002,-1.1,-1.1,2.7777777777777777,2.7777777777777777,36.11111111111111,19.494309157146056,18.400000000000016,-0.1468642289474762,-0.0499999999999996,-1.1,-1.1,2.7777777777777777,2.7777777777777777
23,1.2000000000000002,False,0,0.4333333333333333,True,36.07111111111111,-3.6692667116427122,-3.6626666666666585,0.3307948379199268,0.6400000000000001,-1.2000000000000002,-1.2000000000000002,2.7777777777777777,2.7777777777777777,36.07111111111111,15.497483416258511,15.038666666666646,0.7192016458110086,-0.07999999999999963,-1.2000000000000002,-1.2000000000000002,2.7777777777777777,2.7777777777777777
23,1.3,False,0,0.33076923076923087,False,36.11111111111111,-3.8860042110015582,-3.66666666666666,1.947316219412118,0.56,-1.3,-1.3,2.7777777777777777,2.7777777777777777,36.11111111111111,10.858757591827924,11.73333333333333,-0.36883703087999,-0.09000000000000008,-1.3,-1.3,2.7777777777777777,2.7777777777777777
23,1.4000000000000001,False,0,0.24285714285714274,False,36.11111111111111,-3.401805903789703,-3.66666666666666,-0.38704017962567483,0.48,-1.4000000000000001,-1.4000000000000001,2.7777777777777777,2.7777777777777777,36.11111111111111,8.540534534676407,8.399999999999995,0.2197189587628383,-0.08000000000000007,-1.4000000000000001,-1.4000000000000001,2.7777777777777777,2.7777777777777777
23,1.5,False,0,0.16666666666666666,True,36.07111111111111,-3.729250927368585,-3.658666666666657,-0.13113413885094727,0.3999999999999999,-1.5,-1.5,2.7777777777777777,2.7777777777777777,36.07111111111111,3.887120686447962,5.0466666666666535,-0.2968773521562824,-0.04999999999999982,-1.5,-1.5,2.7777777777777777,2.7777777777777777
23,1.6,False,0,0.10000000000000009,False,36.11111111111111,-3.9698573271527087,-3.66666666666666,0.6585900577606307,0.3200000000000003,-1.6,-1.6,2.7777777777777777,2.7777777777777777,36.11111111111111,6.673545923770896,5.066666666666657,1.3503804196017115,-0.1599999999999997,-1.6,-1.6,2.7777777777777777,2.7777777777777777
23,1.7000000000000002,False,0,0.04117647058823546,False,36.11111111111111,-3.2145901452751913,-3.66666666666666,2.2020594300910568,0.2400000000000002,-1.7000000000000002,-1.7000000000000002,2.7777777777777777,2.7777777777777777,36.11111111111111,1.8042674920909905,1.733333333333321,0.13120781804213522,-0.09999999999999964,-1.7000000000000002,-1.7000000000000002,2.7777777777777777,2.7777777777777777
25,0.0,False,0,4.0,False,36.11111111111111,-2.8481121736562818,-3.6000000000000005,1.3203941829258499,1.6,0.0,0.0,2.7777777777777777,2.7777777777777777,,,,,,,,,
25,0.1,False,0,4.0,False,36.11111111111111,-2.3205519541525055,-3.6000000000000005,0.16104492642804225,1.5100000000000002,-0.1,-0.1,2.7777777777777777,2.7777777777777777,36.11111111111111,504.3200123850639,503.06666666666473,-0.538379180551479,-0.00999999999999579,-0.1,-0.1,2.7777777777777777,2.7777777777777777
25,0.2,False,0,4.0,False,36.11111111111111,-2.9169372712737482,-3.6000000000000005,1.5432389395522446,1.42,-0.2,-0.2,2.7777777777777777,2.7777777777777777,36.11111111111111,238.31990113940708,236.39999999999998,0.1854386240385173,-0.019999999999997353,-0.2,-0.2,2.7777777777777777,2.7777777777777777
25,0.30000000000000004,False,0,4.0,True,36.07111111111111,-4.000864680569374,-3.6240000000000085,1.0649350261633068,1.33,-0.30000000000000004,-0.30000000000000004,2.7777777777777777,2.7777777777777777,36.07111111111111,146.5218385372871,146.1960000000002,0.6702750977041596,-0.020000000000001572,-0.30000000000000004,-0.30000000000000004,2.7777777777777777,2.7777777777777777
25,0.4,False,0,3.000000000000001,False,36.11111111111111,-3.4095150295279835,-3.6000000000000005,0.8886894591720904,1.2400000000000002,-0.4,-0.4,2.7777777777777777,2.7777777777777777,36.11111111111111,100.66893550823148,99.73333333333345,-1.0431406137355859,-6.661338147750939e-16,-0.4,-0.4,2.7777777777777777,2.7777777777777777
25,0.5,False,0,2.1999999999999997,False,36.11111111111111,-3.538131360776421,-3.6000000000000005,2.2978593566543233,1.15,-0.5,-0.5,2.7777777777777777,2.7777777777777777,36.11111111111111,73.08404140503124,73.06666666666675,-1.0496585735580135,0.0,-0.5,-0.5,2.7777777777777777,2.7777777777777777
25,0.6000000000000001,False,0,1.6666666666666665,False,36.11111111111111,-4.114602005847227,-3.6000000000000005,1.0912637832388823,1.06,-0.6000000000000001,-0.6000000000000001,2.7777777777777777,2.7777777777777777,36.11111111111111,56.63998253344392,56.40000000000006,-0.47575572571896063,-0.019999999999999574,-0.6000000000000001,-0.6000000000000001,2.7777777777777777,2.7777777777777777
25,0.7000000000000001,False,0,1.2857142857142854,False,36.11111111111111,-3.6251767871547207,-3.6000000000000005,0.606000790498189,0.9700000000000002,-0.7000000000000001,-0.7000000000000001,2.7777777777777777,2.7777777777777777,36.11111111111111,43.79204964202145,43.06666666666671,-0.5780442614323731,-0.009999999999999343,-0.7000000000000001,-0.7000000000000001,2.7777777777777777,2.7777777777777777
25,0.8,False,0,1.0000000000000002,False,36.11111111111111,-3.380031778192534,-3.6000000000000005,1.2778644906527168,0.8800000000000003,-0.8,-0.8,2.7777777777777777,2.7777777777777777,36.11111111111111,33.15265320521395,33.066666666666706,0.8486648647554524,-2.220446049250313e-16,-0.8,-0.8,2.7777777777777777,2.7777777777777777
25,0.9,False,0,0.7777777777777775,False,36.11111111111111,-2.298239535727883,-3.6000000000000005,-0.1492268026809942,0.79,-0.9,-0.9,2.7777777777777777,2.7777777777777777,36.11111111111111,28.266862022975236,26.400000000000023,0.23779817919603463,-0.02000000000000024,-0.9,-0.9,2.7777777777777777,2.7777777777777777
25,1.0,False,0,0.6000000000000001,False,36.11111111111111,-3.1155652581135085,-3.6000000000000005,0.6897729570261459,0.7000000000000002,-1.0,-1.0,2.7777777777777777,2.7777777777777777,36.11111111111111,19.37151185809491,19.733333333333352,0.12745994219641288,0.0,-1.0,-1.0,2.7777777777777777,2.7777777777777777
25,1.1,False,0,0.4545454545454549,True,36.07111111111111,-3.2386267240549342,-3.608000000000003,0.8365157851408314,0.6100000000000003,-1.1,-1.1,2.7777777777777777,2.7777777777777777,36.07111111111111,16.000876959621703,16.367999999999984,0.811564582196254,-0.0499999999999996,-1.1,-1.1,2.7777777777777777,2.7777777777777777
25,1.2000000000000002,False,0,0.3333333333333332,False,36.11111111111111,-2.6710607148912677,-3.6000000000000076,2.248753527423068,0.52,-1.2000000000000002,-1.2000000000000002,2.7777777777777777,2.7777777777777777,36.11111111111111,14.35213142785964,13.066666666666666,1.1365318790220074,-0.07999999999999963,-1.2000000000000002,-1.2000000000000002,2.7777777777777777,2.7777777777777777
25,1.3,False,0,0.23076923076923062,True,36.11111111111111,-4.22084939849741,-3.6000000000000076,-0.3652770004786974,0.43000000000000016,-1.3,-1.3,2.7777777777777777,2.7777777777777777,36.07111111111111,9.96956838667958,9.717333333333318,0.4243707636058005,-0.09000000000000008,-1.3,-1.3,2.7777777777777777,2.7777777777777777
25,1.4000000000000001,False,0,0.14285714285714265,False,36.11111111111111,-4.26094988258303,-3.6000000000000076,-0.3182508282565035,0.33999999999999986,-1.4000000000000001,-1.4000000000000001,2.7777777777777777,2.7777777777777777,36.11111111111111,7.432444208854318,6.399999999999996,0.15492895082408253,-0.08000000000000007,-1.4000000000000001,-1.4000000000000001,2.7777777777777777,2.7777777777777777
25,1.5,False,0,0.06666666666666672,False,36.11111111111111,-2.809394851919193,-3.6000000000000076,-0.3572205356341389,0.25,-1.5,-1.5,2.7777777777777777,2.7777777777777777,36.11111111111111,2.420159711340877,3.06666666666666,-0.1206230136052262,-0.04999999999999982,-1.5,-1.5,2.7777777777777777,2.7777777777777777
25,1.6,False,0,1.3877787807814457e-16,True,36.07111111111111,-3.2519460039586816,-3.616000000000013,-0.14202280987190008,0.16000000000000014,-1.6,-1.6,2.7777777777777777,2.7777777777777777,36.03111111111111,4.032778252880132,3.0346666666666566,1.2824813698131203,-0.1599999999999997,-1.6,-1.6,2.7777777777777777,2.7777777777777777
25,1.7000000000000002,True,1,0.0,True,36.07111111111111,-3.0879730809562878,-3.616000000000013,0.3341430465606452,0.07000000000000028,-1.7000000000000002,-1.7000000000000002,2.7777777777777777,2.7777777777777777,36.07111111111111,0.14354913059213903,-0.2866666666666786,-0.8150374228239965,-0.09999999999999964,-1.7000000000000002,-1.7000000000000002,2.7777777777777777,2.7777777777777777
27,0.0,False,0,4.0,False,36.11111111111111,-3.5299281981679185,-2.9999999999999956,0.5612209714656928,1.6,0.0,0.0,2.7777777777777777,2.7777777777777777,,,,,,,,,
27,0.1,False,0,4.0,False,36.11111111111111,-4.196014092691345,-2.9999999999999956,1.0551850749128477,1.5100000000000002,-0.1,-0.1,2.7777777777777777,2.7777777777777777,36.11111111111111,501.049371475337,501.06666666666473,0.6783095701056099,-0.00999999999999579,-0.1,-0.1,2.7777777777777777,2.7777777777777777
27,0.2,False,0,4.0,False,36.11111111111111,-3.9418964569531694,-2.9999999999999956,1.5565879057986938,1.42,-0.2,-0.2,2.7777777777777777,2.7777777777777777,36.11111111111111,235.17935380897046,234.39999999999998,1.9879776731345258,-0.019999999999997353,-0.2,-0.2,2.7777777777777777,2.7777777777777777
27,0.30000000000000004,False,0,4.0,False,36.11111111111111,-1.516129255711614,-2.9999999999999956,1.2148610251325835,1.33,-0.30000000000000004,-0.30000000000000004,2.7777777777777777,2.7777777777777777,36.11111111111111,144.0317888465822,144.40000000000015,0.16163174964940064,-0.020000000000001572,-0.30000000000000004,-0.30000000000000004,2.7777777777777777,2.7777777777777777
27,0.4,False,0,3.000000000000001,False,36.11111111111111,-1.6577882191677942,-2.9999999999999956,1.5889410511129407,1.2400000000000002,-0.4,-0.4,2.7777777777777777,2.7777777777777777,36.11111111111111,97.45047301272884,97.73333333333345,0.661749504356822,-6.661338147750939e-16,-0.4,-0.4,2.7777777777777777,2.7777777777777777
27,0.5,False,0,2.1999999999999997,False,36.11111111111111,-2.4793710147680583,-2.9999999999999956,0.7822155200413006,1.15,-0.5,-0.5,2.7777777777777777,2.7777777777777777,36.11111111111111,71.82563522608838,71.06666666666675,0.022043899749943474,0.0,-0.5,-0.5,2.7777777777777777,2.7777777777777777
27,0.6000000000000001,False,0,1.6666666666666665,False,36.11111111111111,-3.347627330579736,-2.9999999999999956,1.8536204442705202,1.06,-0.6000000000000001,-0.6000000000000001,2.7777777777777777,2.7777777777777777,36.11111111111111,54.55059691546704,54.40000000000006,-0.9310194200803755,-0.019999999999999574,-0.6000000000000001,-0.6000000000000001,2.7777777777777777,2.7777777777777777
27,0.7000000000000001,False,0,1.2857142857142854,False,36.11111111111111,-3.5054076243049606,-2.9999999999999956,1.9473653067797714,0.9700000000000002,-0.7000000000000001,-0.7000000000000001,2.7777777777777777,2.7777777777777777,36.11111111111111,39.8510239895732,41.06666666666671,-1.4334822325683,-0.009999999999999343,-0.7000000000000001,-0.7000000000000001,2.7777777777777777,2.7777777777777777
27,0.8,False,0,1.0000000000000002,True,36.07111111111111,-3.739881111647345,-2.987999999999988,1.1261147142143662,0.8800000000000003,-0.8,-0.8,2.7777777777777777,2.7777777777777777,36.07111111111111,31.28096252495752,31.010666666666648,0.8143656333298157,-2.220446049250313e-16,-0.8,-0.8,2.7777777777777777,2.7777777777777777
27,0.9,False,0,0.7777777777777775,False,36.11111111111111,-4.014044365618427,-2.9999999999999956,0.11067582827810307,0.79,-0.9,-0.9,2.7777777777777777,2.7777777777777777,36.11111111111111,23.74847639702799,24.400000000000023,0.7153466862435542,-0.02000000000000024,-0.9,-0.9,2.7777777777777777,2.7777777777777777
27,1.0,False,0,0.6000000000000001,False,36.11111111111111,-3.639072684089757,-2.9999999999999956,0.5565183607074311,0.7000000000000002,-1.0,-1.0,2.7777777777777777,2.7777777777777777,36.11111111111111,16.91265808302438,17.733333333333352,0.28327787325873377,0.0,-1.0,-1.0,2.7777777777777777,2.7777777777777777
27,1.1,False,0,0.4545454545454549,False,36.11111111111111,-4.230605602053944,-2.9999999999999956,0.6194227997033321,0.6100000000000003,-1.1,-1.1,2.7777777777777777,2.7777777777777777,36.11111111111111,14.451629039708497,14.400000000000016,-1.0195055954526586,-0.0499999999999996,-1.1,-1.1,2.7777777777777777,2.7777777777777777
27,1.2000000000000002,False,0,0.3333333333333332,True,36.07111111111111,-1.5279381706597972,-2.9799999999999853,0.5677673330360666,0.52,-1.2000000000000002,-1.2000000000000002,2.7777777777777777,2.7777777777777777,36.07111111111111,12.882693393442128,11.026666666666646,-1.4635614303862632,-0.07999999999999963,-1.2000000000000002,-1.2000000000000002,2.7777777777777777,2.7777777777777777
27,1.3,False,0,0.23076923076923062,False,36.11111111111111,-3.7642725210366264,-2.9999999999999885,1.4254790133646287,0.43000000000000016,-1.3,-1.3,2.7777777777777777,2.7777777777777777,36.11111111111111,8.519179706176057,7.733333333333332,0.44974875850332685,-0.09000000000000008,-1.3,-1.3,2.7777777777777777,2.7777777777777777
27,1.4000000000000001,False,0,0.14285714285714265,False,36.11111111111111,-3.382638283352736,-2.9999999999999885,1.2115387870515684,0.33999999999999986,-1.4000000000000001,-1.4000000000000001,2.7777777777777777,2.7777777777777777,36.11111111111111,4.492413223728524,4.399999999999996,0.2020593628220464,-0.08000000000000007,-1.4000000000000001,-1.4000000000000001,2.7777777777777777,2.7777777777777777
27,1.5,False,0,0.06666666666666672,True,36.07111111111111,-2.726432275444867,-2.9959999999999907,0.8242325468032328,0.25,-1.5,-1.5,2.7777777777777777,2.7777777777777777,36.07111111111111,1.384731491893871,1.0546666666666598,-0.6287608143384904,-0.04999999999999982,-1.5,-1.5,2.7777777777777777,2.7777777777777777
27,1.6,False,0,1.3877787807814457e-16,True,36.07111111111111,-3.571165037756873,-2.991999999999986,0.13947737880452582,0.16000000000000014,-1.6,-1.6,2.7777777777777777,2.7777777777777777,36.07111111111111,2.067672987045836,1.0506666666666549,0.13607932497774966,-0.1599999999999997,-1.6,-1.6,2.7777777777777777,2.7777777777777777
27,1.7000000000000002,True,1,0.0,False,36.11111111111111,-4.016172760801136,-2.9999999999999885,0.6086559674854732,0.07000000000000028,-1.7000000000000002,-1.7000000000000002,2.7777777777777777,2.7777777777777777,36.11111111111111,-1.5715983903531479,-2.2666666666666755,-0.010415563728368049,-0.09999999999999964,-1.7000000000000002,-1.7000000000000002,2.7777777777777777,2.7777777777777777
29,0.0,False,0,4.0,False,36.11111111111111,-3.5163606907451266,-4.266666666666661,0.9935334723031874,1.6,0.0,0.0,2.7777777777777777,2.7777777777777777,,,,,,,,,
29,0.1,False,0,4.0,False,36.11111111111111,-4.136871083693332,-4.266666666666661,1.5340720100622316,1.5,-0.1,-0.1,2.7777777777777777,2.7777777777777777,36.11111111111111,498.8567021479878,499.06666666666473,-1.2253890911018717,-0.00999999999999579,-0.1,-0.1,2.7777777777777777,2.7777777777777777
29,0.2,False,0,4.0,False,36.11111111111111,-3.595496042057614,-4.266666666666661,1.5020735897739326,1.4,-0.2,-0.2,2.7777777777777777,2.7777777777777777,36.11111111111111,233.7442507745156,232.39999999999998,-0.62258377043874,-0.019999999999997353,-0.2,-0.2,2.7777777777777777,2.7777777777777777
29,0.30000000000000004,False,0,4.0,False,36.11111111111111,-3.5523592704160647,-4.266666666666661,0.9977191293870638,1.3000000000000003,-0.30000000000000004,-0.30000000000000004,2.7777777777777777,2.7777777777777777,36.11111111111111,141.46257451931552,142.40000000000015,0.6186813200172971,-0.020000000000001572,-0.30000000000000004,-0.30000000000000004,2.7777777777777777,2.7777777777777777
29,0.4,False,0,2.900000000000001,True,36.07111111111111,-3.47741031935639,-4.2813333333333246,2.5205539189541075,1.2000000000000002,-0.4,-0.4,2.7777777777777777,2.7777777777777777,36.07111111111111,95.46459649804936,95.56133333333337,0.446737131486286,-6.661338147750939e-16,-0.4,-0.4,2.7777777777777777,2.7777777777777777
29,0.5,False,0,2.1,True,36.07111111111111,-2.5801699690814557,-4.2866666666666715,2.519634687701552,1.1,-0.5,-0.5,2.7777777777777777,2.7777777777777777,36.07111111111111,68.83755491224568,68.95866666666663,0.664402296660008,0.0,-0.5,-0.5,2.7777777777777777,2.7777777777777777
29,0.6000000000000001,False,0,1.5666666666666664,False,36.11111111111111,-3.128315989440817,-4.266666666666661,1.1972023428905065,1.0,-0.6000000000000001,-0.6000000000000001,2.7777777777777777,2.7777777777777777,36.11111111111111,53.090972452361775,52.40000000000006,0.6856340629988549,-0.019999999999999574,-0.6000000000000001,-0.6000000000000001,2.7777777777777777,2.7777777777777777
29,0.7000000000000001,False,0,1.1857142857142857,True,36.07111111111111,-4.015066305549442,-4.278666666666669,0.2978691129857487,0.8999999999999999,-0.7000000000000001,-0.7000000000000001,2.7777777777777777,2.7777777777777777,36.07111111111111,40.33979175584298,39.00266666666665,-0.6656188676918737,-0.009999999999999343,-0.7000000000000001,-0.7000000000000001,2.7777777777777777,2.7777777777777777
29,0.8,False,0,0.9000000000000002,False,36.11111111111111,-3.1227605593628764,-4.266666666666661,0.5211929049745554,0.8000000000000003,-0.8,-0.8,2.7777777777777777,2.7777777777777777,36.11111111111111,28.846998415130972,29.066666666666702,-0.6248970472261108,-2.220446049250313e-16,-0.8,-0.8,2.7777777777777777,2.7777777777777777
29,0.9,False,0,0.6777777777777776,False,36.11111111111111,-4.131182401481733,-4.266666666666661,1.5535700459780348,0.6999999999999997,-0.9,-0.9,2.7777777777777777,2.7777777777777777,36.11111111111111,22.942546520948806,22.40000000000003,0.4904528955483931,-0.02000000000000024,-0.9,-0.9,2.7777777777777777,2.7777777777777777
29,1.0,False,0,0.5,True,36.07111111111111,-3.580264409071762,-4.270666666666666,-0.4363127777495157,0.6000000000000001,-1.0,-1.0,2.7777777777777777,2.7777777777777777,36.07111111111111,16.032884362342624,15.705333333333325,0.6747415720803871,0.0,-1.0,-1.0,2.7777777777777777,2.7777777777777777
29,1.1,False,0,0.3545454545454546,False,36.11111111111111,-4.248265580173974,-4.266666666666661,1.1841100969854828,0.5000000000000004,-1.1,-1.1,2.7777777777777777,2.7777777777777777,36.11111111111111,12.993484526264307,12.400000000000023,-0.2495006167143312,-0.0499999999999996,-1.1,-1.1,2.7777777777777777,2.7777777777777777
29,1.2000000000000002,False,0,0.2333333333333335,True,36.07111111111111,-4.081877925010441,-4.270666666666673,1.937249990907341,0.3999999999999999,-1.2000000000000002,-1.2000000000000002,2.7777777777777777,2.7777777777777777,36.07111111111111,9.804327634758994,9.046666666666656,1.0793943055620123,-0.07999999999999963,-1.2000000000000002,-1.2000000000000002,2.7777777777777777,2.7777777777777777
29,1.3,False,0,0.13076923076923072,True,36.07111111111111,-3.537427427166274,-4.274666666666671,1.0756097205774853,0.2999999999999998,-1.3,-1.3,2.7777777777777777,2.7777777777777777,36.07111111111111,5.274258191132678,5.713333333333321,0.5375133585877889,-0.09000000000000008,-1.3,-1.3,2.7777777777777777,2.7777777777777777
29,1.4000000000000001,False,0,0.04285714285714273,True,36.03111111111111,-3.707162264391111,-4.2866666666666715,0.7005718028642272,0.19999999999999973,-1.4000000000000001,-1.4000000000000001,2.7777777777777777,2.7777777777777777,36.03111111111111,4.223593470449662,2.3639999999999946,0.519818440958494,-0.08000000000000007,-1.4000000000000001,-1.4000000000000001,2.7777777777777777,2.7777777777777777
29,1.5,True,1,0.0,True,36.07111111111111,-2.4791097343640685,-4.270666666666673,0.5257619277084165,0.10000000000000009,-1.5,-1.5,2.7777777777777777,2.7777777777777777,36.07111111111111,-1.3231162536821186,-0.9413333333333425,-0.04888365643930159,-0.04999999999999982,-1.5,-1.5,2.7777777777777777,2.7777777777777777
29,1.6,True,1,0.0,True,36.07111111111111,-4.019338728992511,-4.298666666666679,-0.02928638537693895,2.220446049250313e-16,-1.6,-1.6,2.7777777777777777,2.7777777777777777,36.07111111111111,-0.32081687547710214,-0.9693333333333483,-0.11152367000646701,-0.1599999999999997,-1.6,-1.6,2.7777777777777777,2.7777777777777777
29,1.7000000000000002,True,1,0.0,False,36.11111111111111,-3.9544891033082648,-4.2666666666666755,1.2567448334348081,-0.09999999999999964,-1.7000000000000002,-1.7000000000000002,2.7777777777777777,2.7777777777777777,36.11111111111111,-3.9544891033082648,-4.2666666666666755,1.2567448334348081,-0.09999999999999964,-1.7000000000000002,-1.7000000000000002,2.7777777777777777,2.7777777777777777
31,0.0,False,0,4.0,False,36.11111111111111,-3.7503788612584,-2.9333333333333256,2.925196260978002,1.6,0.0,0.0,2.7777777777777777,2.7777777777777777,,,,,,,,,
31,0.1,False,0,4.0,False,36.11111111111111,-2.581286333032369,-2.9333333333333256,0.4180308815106373,1.4900000000000002,-0.1,-0.1,2.7777777777777777,2.7777777777777777,36.11111111111111,496.74351375219476,497.06666666666473,1.906512157759749,-0.00999999999999579,-0.1,-0.1,2.7777777777777777,2.7777777777777777
31,0.2,False,0,4.0,False,36.11111111111111,-2.5321959369203553,-2.9333333333333256,1.3947191771936165,1.3800000000000003,-0.2,-0.2,2.7777777777777777,2.7777777777777777,36.11111111111111,230.79861867368226,230.39999999999998,1.0534135481816436,-0.019999999999997353,-0.2,-0.2,2.7777777777777777,2.7777777777777777
31,0.30000000000000004,False,0,4.0,True,36.07111111111111,-0.761164625661034,-2.949333333333338,1.9834559226393793,1.27,-0.30000000000000004,-0.30000000000000004,2.7777777777777777,2.7777777777777777,36.07111111111111,140.6778116517841,140.2120000000002,0.3447268265784653,-0.020000000000001572,-0.30000000000000004,-0.30000000000000004,2.7777777777777777,2.7777777777777777
31,0.4,False,0,2.900000000000001,False,36.11111111111111,0.034275126529483835,-2.9333333333333256,1.644284420355235,1.1600000000000001,-0.4,-0.4,2.7777777777777777,2.7777777777777777,36.11111111111111,94.68345749947134,93.73333333333345,0.074017634602356,-6.661338147750939e-16,-0.4,-0.4,2.7777777777777777,2.7777777777777777
31,0.5,False,0,2.1,False,36.11111111111111,-2.6075042681292713,-2.9333333333333256,1.3996874527234033,1.0500000000000003,-0.5,-0.5,2.7777777777777777,2.7777777777777777,36.11111111111111,67.31077342288653,67.06666666666675,-0.41455485448116924,0.0,-0.5,-0.5,2.7777777777777777,2.7777777777777777
31,0.6000000000000001,False,0,1.5666666666666664,False,36.11111111111111,-1.5302981000325202,-2.9333333333333256,0.7286028561636742,0.94,-0.6000000000000001,-0.6000000000000001,2.7777777777777777,2.7777777777777777,36.11111111111111,50.31677008346681,50.40000000000006,-1.2086801503466602,-0.019999999999999574,-0.6000000000000001,-0.6000000000000001,2.7777777777777777,2.7777777777777777
31,0.7000000000000001,False,0,1.1857142857142857,True,36.07111111111111,-3.4667421402837517,-2.953333333333343,1.0351889768716669,0.8300000000000001,-0.7000000000000001,-0.7000000000000001,2.7777777777777777,2.7777777777777777,36.07111111111111,37.20896052704402,36.998666666666644,-0.4635459398629389,-0.009999999999999343,-0.7000000000000001,-0.7000000000000001,2.7777777777777777,2.7777777777777777
31,0.8,False,0,0.9000000000000002,False,36.11111111111111,-1.3325524950535508,-2.9333333333333256,1.4365723824190888,0.7200000000000002,-0.8,-0.8,2.7777777777777777,2.7777777777777777,36.11111111111111,26.93603827838668,27.066666666666702,0.12809841548379675,-2.220446049250313e-16,-0.8,-0.8,2.7777777777777777,2.7777777777777777
31,0.9,False,0,0.6777777777777776,False,36.11111111111111,-3.428894778310979,-2.9333333333333256,1.8891517517732548,0.6099999999999999,-0.9,-0.9,2.7777777777777777,2.7777777777777777,36.11111111111111,20.643983450409383,20.40000000000003,1.6890462967869735,-0.02000000000000024,-0.9,-0.9,2.7777777777777777,2.7777777777777777
31,1.0,False,0,0.5,False,36.11111111111111,-2.2983129596864016,-2.9333333333333256,0.8128873670862671,0.5,-1.0,-1.0,2.7777777777777777,2.7777777777777777,36.11111111111111,12.820883839718224,13.73333333333336,0.08370159418951273,0.0,-1.0,-1.0,2.7777777777777777,2.7777777777777777
31,1.1,False,0,0.3545454545454546,False,36.11111111111111,-2.618724412662213,-2.9333333333333256,1.3867168187820629,0.3900000000000001,-1.1,-1.1,2.7777777777777777,2.7777777777777777,36.11111111111111,11.674602465787888,10.400000000000023,-0.7961075755363851,-0.0499999999999996,-1.1,-1.1,2.7777777777777777,2.7777777777777777
31,1.2000000000000002,False,0,0.2333333333333335,True,36.07111111111111,-3.7398513557187867,-2.9373333333333447,1.0516438742885215,0.28000000000000025,-1.2000000000000002,-1.2000000000000002,2.7777777777777777,2.7777777777777777,36.07111111111111,5.9594063092449305,7.050666666666655,-0.9082970824818433,-0.07999999999999963,-1.2000000000000002,-1.2000000000000002,2.7777777777777777,2.7777777777777777
31,1.3,False,0,0.13076923076923072,True,35.99111111111111,-2.223308527932626,-2.969333333333341,-0.08576291111923728,0.16999999999999993,-1.3,-1.3,2.7777777777777777,2.7777777777777777,35.99111111111111,3.660573820283699,3.6733333333333293,0.006486212826967153,-0.09000000000000008,-1.3,-1.3,2.7777777777777777,2.7777777777777777
31,1.4000000000000001,False,0,0.04285714285714273,True,36.07111111111111,-1.097074539249209,-2.9453333333333402,1.5550806536290183,0.05999999999999983,-1.4000000000000001,-1.4000000000000001,2.7777777777777777,2.7777777777777777,36.07111111111111,-0.3094819223151104,0.38399999999999057,-0.29401303911827825,-0.08000000000000007,-1.4000000000000001,-1.4000000000000001,2.7777777777777777,2.7777777777777777
31,1.5,True,1,0.0,True,36.07111111111111,-2.2613515996842777,-2.9693333333333483,0.49087209335311677,-0.04999999999999982,-1.5,-1.5,2.7777777777777777,2.7777777777777777,36.07111111111111,-2.2613515996842777,-2.9693333333333483,0.49087209335311677,-0.04999999999999982,-1.5,-1.5,2.7777777777777777,2.7777777777777777
31,1.6,True,1,0.0,True,36.03111111111111,-2.6053290169285317,-2.953333333333343,0.7919276983112784,-0.1599999999999997,-1.6,-1.6,2.7777777777777777,2.7777777777777777,36.03111111111111,-2.6053290169285317,-2.953333333333343,0.7919276983112784,-0.1599999999999997,-1.6,-1.6,2.7777777777777777,2.7777777777777777
31,1.7000000000000002,True,2,0.0,True,35.99111111111111,-3.2358372757488025,-2.9853333333333323,-0.4084694749614317,-0.2699999999999996,-1.7000000000000002,-1.7000000000000002,2.7777777777777777,2.7777777777777777,35.99111111111111,-3.2070793744561312,-2.293333333333332,1.3550729386140437,-0.09999999999999964,-1.7000000000000002,-1.7000000000000002,2.7777777777777777,2.7777777777777777
33,0.0,False,0,4.0,False,36.11111111111111,-3.712331039201241,-3.666666666666674,1.895296693638839,1.6,0.0,0.0,2.7777777777777777,2.7777777777777777,,,,,,,,,
33,0.1,False,0,4.0,False,36.11111111111111,-4.092703096621217,-3.666666666666674,2.5797462939294964,1.4900000000000002,-0.1,-0.1,2.7777777777777777,2.7777777777777777,36.11111111111111,495.47499901236796,495.06666666666473,-0.28482111533589416,-0.00999999999999579,-0.1,-0.1,2.7777777777777777,2.7777777777777777
33,0.2,False,0,4.0,False,36.11111111111111,-3.2179980126509333,-3.666666666666674,1.628603653201416,1.3800000000000003,-0.2,-0.2,2.7777777777777777,2.7777777777777777,36.11111111111111,227.89234157375859,228.39999999999998,-0.011559275137737579,-0.019999999999997353,-0.2,-0.2,2.7777777777777777,2.7777777777777777
33,0.30000000000000004,False,0,4.0,False,36.11111111111111,-3.163098814758203,-3.666666666666674,0.7620555896642021,1.27,-0.30000000000000004,-0.30000000000000004,2.7777777777777777,2.7777777777777777,36.11111111111111,140.92810273634453,138.40000000000015,0.2465534388554369,-0.020000000000001572,-0.30000000000000004,-0.30000000000000004,2.7777777777777777,2.7777777777777777
33,0.4,False,0,2.8000000000000007,False,36.11111111111111,-3.935943176818486,-3.666666666666674,1.5320125380498113,1.1600000000000001,-0.4,-0.4,2.7777777777777777,2.7777777777777777,36.11111111111111,92.67515852102149,91.73333333333345,0.4306675107843554,-6.661338147750939e-16,-0.4,-0.4,2.7777777777777777,2.7777777777777777
33,0.5,False,0,2.0,True,36.07111111111111,-4.071467171150313,-3.6466666666666567,1.935016778386228,1.0500000000000003,-0.5,-0.5,2.7777777777777777,2.7777777777777777,36.07111111111111,64.6348590956488,64.96266666666664,-0.1185512169746139,0.0,-0.5,-0.5,2.7777777777777777,2.7777777777777777
33,0.6000000000000001,False,0,1.466666666666667,True,36.07111111111111,-3.517524976453788,-3.662666666666669,0.566614430219825,0.94,-0.6000000000000001,-0.6000000000000001,2.7777777777777777,2.7777777777777777,36.07111111111111,47.33026910874167,48.33199999999998,-0.10684983578157659,-0.019999999999999574,-0.6000000000000001,-0.6000000000000001,2.7777777777777777,2.7777777777777777
33,0.7000000000000001,False,0,1.0857142857142859,True,36.07111111111111,-3.4251465474375804,-3.6506666666666616,1.3833269811409363,0.8300000000000001,-0.7000000000000001,-0.7000000000000001,2.7777777777777777,2.7777777777777777,36.07111111111111,35.38210100936199,35.00266666666665,-0.0753168734271139,-0.009999999999999343,-0.7000000000000001,-0.7000000000000001,2.7777777777777777,2.7777777777777777
33,0.8,False,0,0.8000000000000002,False,36.11111111111111,-2.7571271605249335,-3.666666666666674,0.9073707972823142,0.7200000000000002,-0.8,-0.8,2.7777777777777777,2.7777777777777777,36.11111111111111,26.069769272509003,25.066666666666702,0.3124969585142603,-2.220446049250313e-16,-0.8,-0.8,2.7777777777777777,2.7777777777777777
33,0.9,False,0,0.5777777777777778,False,36.11111111111111,-4.034207725062248,-3.666666666666674,0.9193213475848365,0.6099999999999999,-0.9,-0.9,2.7777777777777777,2.7777777777777777,36.11111111111111,18.94796074780481,18.40000000000003,1.1398936145513079,-0.02000000000000024,-0.9,-0.9,2.7777777777777777,2.7777777777777777
33,1.0,False,0,0.3999999999999999,False,36.11111111111111,-3.63103021068527,-3.666666666666674,0.22425818653279572,0.5,-1.0,-1.0,2.7777777777777777,2.7777777777777777,36.11111111111111,11.348608568431818,11.73333333333336,0.40418598337083633,0.0,-1.0,-1.0,2.7777777777777777,2.7777777777777777
33,1.1,False,0,0.25454545454545474,True,36.07111111111111,-3.637924951271944,-3.662666666666669,0.1578372902605114,0.3900000000000001,-1.1,-1.1,2.7777777777777777,2.7777777777777777,36.07111111111111,6.75924839941099,8.379999999999999,-0.11548804570870042,-0.0499999999999996,-1.1,-1.1,2.7777777777777777,2.7777777777777777
33,1.2000000000000002,False,0,0.13333333333333344,False,36.11111111111111,-3.6190599652037987,-3.66666666666666,0.6490469087221338,0.28000000000000025,-1.2000000000000002,-1.2000000000000002,2.7777777777777777,2.7777777777777777,36.11111111111111,5.552649899524515,5.066666666666674,-0.7224965955203264,-0.07999999999999963,-1.2000000000000002,-1.2000000000000002,2.7777777777777777,2.7777777777777777
33,1.3,False,0,0.030769230769230625,True,36.07111111111111,-3.3795240215041558,-3.662666666666655,-0.1625788835536497,0.16999999999999993,-1.3,-1.3,2.7777777777777777,2.7777777777777777,36.03111111111111,0.01631087309341428,1.7133333333333214,0.6783499111144868,-0.09000000000000008,-1.3,-1.3,2.7777777777777777,2.7777777777777777
33,1.4000000000000001,True,1,0.0,True,36.07111111111111,-1.744380115441639,-3.6466666666666567,0.5767701898854218,0.05999999999999983,-1.4000000000000001,-1.4000000000000001,2.7777777777777777,2.7777777777777777,36.07111111111111,0.3649775772236383,-1.624000000000012,0.4321600253626947,-0.08000000000000007,-1.4000000000000001,-1.4000000000000001,2.7777777777777777,2.7777777777777777
33,1.5,True,2,0.0,True,36.03111111111111,-3.04526599345409,-3.6266666666666607,0.6911778849815065,-0.04999999999999982,-1.5,-1.5,2.7777777777777777,2.7777777777777777,36.03111111111111,-3.04526599345409,-3.6266666666666607,0.6911778849815065,-0.04999999999999982,-1.5,-1.5,2.7777777777777777,2.7777777777777777
33,1.6,True,2,0.0,True,36.03111111111111,-3.8580286353931283,-3.642666666666659,0.6985326365699636,-0.1599999999999997,-1.6,-1.6,2.7777777777777777,2.7777777777777777,36.03111111111111,-3.8580286353931283,-3.642666666666659,0.6985326365699636,-0.1599999999999997,-1.6,-1.6,2.7777777777777777,2.7777777777777777
33,1.7000000000000002,True,2,0.0,False,36.11111111111111,-3.516362314645302,-3.66666666666666,0.04418390928231619,-0.2699999999999996,-1.7000000000000002,-1.7000000000000002,2.7777777777777777,2.7777777777777777,36.11111111111111,-1.0738204553437738,-0.33333333333332416,0.17495947975799808,-0.09999999999999964,-1.7000000000000002,-1.7000000000000002,2.7777777777777777,2.7777777777777777
35,0.0,False,0,4.0,False,36.11111111111111,-3.960460067326639,-3.59999999999999,2.1034032352174514,1.6,0.0,0.0,2.7777777777777777,2.7777777777777777,,,,,,,,,
35,0.1,False,0,4.0,False,36.11111111111111,-3.765487209313437,-3.59999999999999,1.6096323089507,1.48,-0.1,-0.1,2.7777777777777777,2.7777777777777777,36.11111111111111,492.76688200972546,493.06666666666473,0.8113277132248835,-0.00999999999999579,-0.1,-0.1,2.7777777777777777,2.7777777777777777
35,0.2,False,0,4.0,False,36.11111111111111,-3.544924807215696,-3.59999999999999,1.229805492278326,1.3599999999999999,-0.2,-0.2,2.7777777777777777,2.7777777777777777,36.11111111111111,227.06840844741998,226.39999999999998,0.5054808883429751,-0.019999999999997353,-0.2,-0.2,2.7777777777777777,2.7777777777777777
35,0.30000000000000004,False,0,4.0,False,36.11111111111111,-3.6028083240336555,-3.59999999999999,1.4371645554916173,1.2400000000000002,-0.30000000000000004,-0.30000000000000004,2.7777777777777777,2.7777777777777777,36.11111111111111,135.30535698162453,136.40000000000015,0.2693092864912989,-0.020000000000001572,-0.30000000000000004,-0.30000000000000004,2.7777777777777777,2.7777777777777777
35,0.4,False,0,2.7000000000000006,False,36.11111111111111,-3.3112064650020683,-3.59999999999999,2.473782505816821,1.12,-0.4,-0.4,2.7777777777777777,2.7777777777777777,36.11111111111111,89.0399866009342,89.73333333333345,0.6646317285358174,-6.661338147750939e-16,-0.4,-0.4,2.7777777777777777,2.7777777777777777
35,0.5,False,0,1.9000000000000004,False,36.11111111111111,-2.6118870746113485,-3.59999999999999,0.6431312857668514,1.0,-0.5,-0.5,2.7777777777777777,2.7777777777777777,36.11111111111111,63.135782661850655,63.06666666666675,0.1771520283494077,0.0,-0.5,-0.5,2.7777777777777777,2.7777777777777777
35,0.6000000000000001,False,0,1.366666666666667,True,36.03111111111111,-4.154414664729333,-3.6160000000000023,-0.002109236389868263,0.8800000000000003,-0.6000000000000001,-0.6000000000000001,2.7777777777777777,2.7777777777777777,36.03111111111111,46.67665340458727,46.26399999999994,-0.30247919537321377,-0.019999999999999574,-0.6000000000000001,-0.6000000000000001,2.7777777777777777,2.7777777777777777
35,0.7000000000000001,False,0,0.9857142857142855,True,36.07111111111111,-3.667613026410609,-3.6320000000000148,1.1909002050854909,0.7600000000000002,-0.7000000000000001,-0.7000000000000001,2.7777777777777777,2.7777777777777777,36.07111111111111,33.137104864323476,32.990666666666634,-0.11033078385640027,-0.009999999999999343,-0.7000000000000001,-0.7000000000000001,2.7777777777777777,2.7777777777777777
35,0.8,False,0,0.7000000000000001,False,36.11111111111111,-3.6469990626211155,-3.59999999999999,0.7486586368109984,0.6400000000000001,-0.8,-0.8,2.7777777777777777,2.7777777777777777,36.11111111111111,23.123756708553902,23.066666666666702,-0.16864407497586908,-2.220446049250313e-16,-0.8,-0.8,2.7777777777777777,2.7777777777777777
35,0.9,False,0,0.47777777777777747,False,36.11111111111111,-4.07091210346537,-3.59999999999999,1.740883508794524,0.52,-0.9,-0.9,2.7777777777777777,2.7777777777777777,36.11111111111111,17.14418244891591,16.40000000000003,-0.4063510480682422,-0.02000000000000024,-0.9,-0.9,2.7777777777777777,2.7777777777777777
35,1.0,False,0,0.30000000000000027,True,36.07111111111111,-3.5855754535416535,-3.6120000000000045,0.12632719578160145,0.3999999999999999,-1.0,-1.0,2.7777777777777777,2.7777777777777777,36.07111111111111,11.155172233182366,9.705333333333325,0.391304420220159,0.0,-1.0,-1.0,2.7777777777777777,2.7777777777777777
35,1.1,False,0,0.15454545454545487,True,36.07111111111111,-2.024336647940852,-3.6360000000000126,0.1972691937136779,0.28000000000000025,-1.1,-1.1,2.7777777777777777,2.7777777777777777,36.07111111111111,6.608278627237728,6.351999999999987,0.36902094527233986,-0.0499999999999996,-1.1,-1.1,2.7777777777777777,2.7777777777777777
35,1.2000000000000002,False,0,0.03333333333333354,True,36.03111111111111,-3.3721853829873494,-3.6320000000000077,0.37228114609061924,0.16000000000000014,-1.2000000000000002,-1.2000000000000002,2.7777777777777777,2.7777777777777777,36.03111111111111,2.4101272800682567,3.0186666666666655,0.06747737020389466,-0.07999999999999963,-1.2000000000000002,-1.2000000000000002,2.7777777777777777,2.7777777777777777
35,1.3,True,1,0.0,True,36.11111111111111,-4.151620598684228,-3.600000000000004,-1.7461928529696347,0.039999999999999813,-1.3,-1.3,2.7777777777777777,2.7777777777777777,36.07111111111111,-0.1424370616755679,-0.2706666666666733,0.09050701385399762,-0.09000000000000008,-1.3,-1.3,2.7777777777777777,2.7777777777777777
35,1.4000000000000001,True,1,0.0,True,36.03111111111111,-2.5743255494888286,-3.644000000000008,-0.6100982953188079,-0.08000000000000007,-1.4000000000000001,-1.4000000000000001,2.7777777777777777,2.7777777777777777,36.03111111111111,-2.5743255494888286,-3.644000000000008,-0.6100982953188079,-0.08000000000000007,-1.4000000000000001,-1.4000000000000001,2.7777777777777777,2.7777777777777777
35,1.5,True,2,0.0,True,36.07111111111111,-3.7470967417586776,-3.6120000000000116,0.11247457403015293,-0.19999999999999996,-1.5,-1.5,2.7777777777777777,2.7777777777777777,36.07111111111111,-2.0249654076371995,-1.6586666666666572,0.8686121875044615,-0.04999999999999982,-1.5,-1.5,2.7777777777777777,2.7777777777777777
35,1.6,True,2,0.0,True,36.07111111111111,-2.8146329455728916,-3.6120000000000116,-0.33122181204664836,-0.31999999999999984,-1.6,-1.6,2.7777777777777777,2.7777777777777777,36.07111111111111,-2.6303365850189406,-1.6586666666666572,0.6465970047089158,-0.1599999999999997,-1.6,-1.6,2.7777777777777777,2.7777777777777777
35,1.7000000000000002,True,2,0.0,True,36.03111111111111,-4.26162662020847,-3.620000000000007,-0.21848346385146677,-0.4399999999999995,-1.7000000000000002,-1.7000000000000002,2.7777777777777777,2.7777777777777777,36.07111111111111,1.7975398418596216,1.6706666666666736,-1.2510922578796249,-0.09999999999999964,-1.7000000000000002,-1.7000000000000002,2.7777777777777777,2.7777777777777777
37,0.0,False,0,4.0,False,36.11111111111111,-3.678286512430634,-3.0000000000000098,2.475397283875298,1.6,0.0,0.0,2.7777777777777777,2.7777777777777777,,,,,,,,,
37,0.1,False,0,4.0,False,36.11111111111111,-3.273278570523611,-3.0000000000000098,1.7012600839930583,1.48,-0.1,-0.1,2.7777777777777777,2.7777777777777777,36.11111111111111,492.12798073477023,491.06666666666473,-0.9760410977768795,-0.00999999999999579,-0.1,-0.1,2.7777777777777777,2.7777777777777777
37,0.2,False,0,4.0,True,36.07111111111111,-4.028806110526733,-2.967999999999985,2.092828714938426,1.3599999999999999,-0.2,-0.2,2.7777777777777777,2.7777777777777777,36.07111111111111,224.915579549621,224.09200000000055,0.6246949819043075,-0.019999999999997353,-0.2,-0.2,2.7777777777777777,2.7777777777777777
37,0.30000000000000004,False,0,4.0,True,36.07111111111111,-2.518528064119873,-2.943999999999991,0.3377947513064221,1.2400000000000002,-0.30000000000000004,-0.30000000000000004,2.7777777777777777,2.7777777777777777,36.07111111111111,135.75733932345338,134.1760000000002,-0.09905246661909484,-0.020000000000001572,-0.30000000000000004,-0.30000000000000004,2.7777777777777777,2.7777777777777777
37,0.4,False,0,2.7000000000000006,False,36.11111111111111,-3.780545834193002,-3.0000000000000098,2.263001238342238,1.12,-0.4,-0.4,2.7777777777777777,2.7777777777777777,36.11111111111111,88.05849365804696,87.73333333333345,1.0802542223701477,-6.661338147750939e-16,-0.4,-0.4,2.7777777777777777,2.7777777777777777
37,0.5,False,0,1.9000000000000004,False,36.11111111111111,-3.7744815547579007,-3.0000000000000098,0.95792841741476,1.0,-0.5,-0.5,2.7777777777777777,2.7777777777777777,36.11111111111111,60.16619019233018,61.06666666666675,0.288516581398083,0.0,-0.5,-0.5,2.7777777777777777,2.7777777777777777
37,0.6000000000000001,False,0,1.366666666666667,True,36.07111111111111,-3.7083982132371203,-2.98399999999999,2.060040262187908,0.8800000000000003,-0.6000000000000001,-0.6000000000000001,2.7777777777777777,2.7777777777777777,36.07111111111111,45.2028408981168,44.32399999999997,1.2455295892843687,-0.019999999999999574,-0.6000000000000001,-0.6000000000000001,2.7777777777777777,2.7777777777777777
37,0.7000000000000001,False,0,0.9857142857142855,False,36.11111111111111,-3.4552739551153833,-3.0000000000000098,1.750474226700113,0.7600000000000002,-0.7000000000000001,-0.7000000000000001,2.7777777777777777,2.7777777777777777,36.11111111111111,32.04795899183119,31.06666666666671,-0.25089673660882683,-0.009999999999999343,-0.7000000000000001,-0.7000000000000001,2.7777777777777777,2.7777777777777777
37,0.8,False,0,0.7000000000000001,True,36.07111111111111,-2.8489456440137273,-2.9799999999999924,0.14184677988478045,0.6400000000000001,-0.8,-0.8,2.7777777777777777,2.7777777777777777,36.07111111111111,21.691417757989424,21.014666666666653,0.3829125152475701,-2.220446049250313e-16,-0.8,-0.8,2.7777777777777777,2.7777777777777777
37,0.9,False,0,0.47777777777777747,True,36.03111111111111,-4.214353431191706,-2.988000000000002,1.2872057127983876,0.52,-0.9,-0.9,2.7777777777777777,2.7777777777777777,36.03111111111111,13.94887196468628,14.34,0.3245103495949917,-0.02000000000000024,-0.9,-0.9,2.7777777777777777,2.7777777777777777
37,1.0,False,0,0.30000000000000027,False,36.11111111111111,-2.470591491680824,-3.0000000000000098,0.4886089608364341,0.3999999999999999,-1.0,-1.0,2.7777777777777777,2.7777777777777777,36.11111111111111,7.73083058247983,7.73333333333336,0.987852781363888,0.0,-1.0,-1.0,2.7777777777777777,2.7777777777777777
37,1.1,False,0,0.15454545454545487,True,36.07111111111111,-3.379344392283879,-2.992,-0.6420886709646654,0.28000000000000025,-1.1,-1.1,2.7777777777777777,2.7777777777777777,36.03111111111111,3.1429958226351404,4.3680000000000065,-0.21725749637962366,-0.0499999999999996,-1.1,-1.1,2.7777777777777777,2.7777777777777777
37,1.2000000000000002,False,0,0.03333333333333354,True,36.03111111111111,-4.00283556193997,-2.9519999999999866,-0.030365300327855227,0.16000000000000014,-1.2000000000000002,-1.2000000000000002,2.7777777777777777,2.7777777777777777,35.99111111111111,2.2056118771426343,0.9946666666666646,-0.26116362642763247,-0.07999999999999963,-1.2000000000000002,-1.2000000000000002,2.7777777777777777,2.7777777777777777
37,1.3,True,1,0.0,True,36.11111111111111,-3.187248763440162,-2.9999999999999956,-0.07446045468342821,0.039999999999999813,-1.3,-1.3,2.7777777777777777,2.7777777777777777,36.07111111111111,-2.9629363112422338,-2.2706666666666733,-0.20435809912674774,-0.09000000000000008,-1.3,-1.3,2.7777777777777777,2.7777777777777777
37,1.4000000000000001,True,2,0.0,True,36.11111111111111,-3.4202010498348185,-2.9999999999999956,-0.5664181428977306,-0.08000000000000007,-1.4000000000000001,-1.4000000000000001,2.7777777777777777,2.7777777777777777,36.11111111111111,-3.4202010498348185,-2.9999999999999956,-0.5664181428977306,-0.08000000000000007,-1.4000000000000001,-1.4000000000000001,2.7777777777777777,2.7777777777777777
37,1.5,True,2,0.0,True,35.99111111111111,-2.9889662772698697,-2.9599999999999964,0.47485497324049675,-0.19999999999999996,-1.5,-1.5,2.7777777777777777,2.7777777777777777,36.03111111111111,0.5586450523910615,0.36133333333333884,-0.8880700961996895,-0.04999999999999982,-1.5,-1.5,2.7777777777777777,2.7777777777777777
37,1.6,True,2,0.0,True,36.07111111111111,-2.7160745969223,-2.991999999999986,0.3058246360637473,-0.31999999999999984,-1.6,-1.6,2.7777777777777777,2.7777777777777777,36.07111111111111,-0.275947736614806,0.33733333333334503,0.73946529250416,-0.1599999999999997,-1.6,-1.6,2.7777777777777777,2.7777777777777777
37,1.7000000000000002,True,2,0.0,True,36.07111111111111,-2.585645351237747,-2.9959999999999907,-0.632866889855747,-0.4399999999999995,-1.7000000000000002,-1.7000000000000002,2.7777777777777777,2.7777777777777777,36.11111111111111,2.6184204439888648,3.666666666666676,0.047950059770811126,-0.09999999999999964,-1.7000000000000002,-1.7000000000000002,2.7777777777777777,2.7777777777777777
39,0.0,False,0,4.0,False,36.11111111111111,-3.503073907237801,-4.266666666666654,1.3072875252598841,1.6,0.0,0.0,2.7777777777777777,2.7777777777777777,,,,,,,,,
39,0.1,False,0,4.0,True,36.07111111111111,-3.483208721509473,-4.285333333333322,2.464975452286564,1.4700000000000002,-0.1,-0.1,2.7777777777777777,2.7777777777777777,36.07111111111111,487.7199274767564,488.42666666666713,0.48575842344635545,-0.00999999999999579,-0.1,-0.1,2.7777777777777777,2.7777777777777777
39,0.2,False,0,4.0,True,36.07111111111111,-4.234280829651349,-4.282666666666674,1.9512389366708258,1.3400000000000003,-0.2,-0.2,2.7777777777777777,2.7777777777777777,36.07111111111111,223.40159678882645,222.11200000000053,-0.7600482808954876,-0.019999999999997353,-0.2,-0.2,2.7777777777777777,2.7777777777777777
39,0.30000000000000004,False,0,3.9333333333333327,False,36.11111111111111,-3.2346707569482147,-4.266666666666654,1.7951703758573045,1.21,-0.30000000000000004,-0.30000000000000004,2.7777777777777777,2.7777777777777777,36.11111111111111,132.63363038554954,132.40000000000015,0.05747665810114588,-0.020000000000001572,-0.30000000000000004,-0.30000000000000004,2.7777777777777777,2.7777777777777777
39,0.4,False,0,2.6,True,36.07111111111111,-3.2122618950200517,-4.282666666666674,1.0944907781589994,1.08,-0.4,-0.4,2.7777777777777777,2.7777777777777777,36.07111111111111,87.20820073082017,85.60933333333337,0.31529265732349154,-6.661338147750939e-16,-0.4,-0.4,2.7777777777777777,2.7777777777777777
39,0.5,False,0,1.7999999999999998,False,36.11111111111111,-1.5601633273716997,-4.266666666666654,0.8971328886229659,0.9500000000000002,-0.5,-0.5,2.7777777777777777,2.7777777777777777,36.11111111111111,58.89519925447918,59.06666666666675,0.5192475559344518,0.0,-0.5,-0.5,2.7777777777777777,2.7777777777777777
39,0.6000000000000001,False,0,1.2666666666666668,False,36.11111111111111,-4.232998686333768,-4.266666666666654,0.6813723777036604,0.8200000000000003,-0.6000000000000001,-0.6000000000000001,2.7777777777777777,2.7777777777777777,36.11111111111111,43.082381440883665,42.40000000000006,1.3432802839948184,-0.019999999999999574,-0.6000000000000001,-0.6000000000000001,2.7777777777777777,2.7777777777777777
39,0.7000000000000001,False,0,0.8857142857142858,False,36.11111111111111,-3.998952531237488,-4.266666666666654,1.2459562510372613,0.69,-0.7000000000000001,-0.7000000000000001,2.7777777777777777,2.7777777777777777,36.11111111111111,29.154069999655885,29.06666666666671,0.2034921388870381,-0.009999999999999343,-0.7000000000000001,-0.7000000000000001,2.7777777777777777,2.7777777777777777
39,0.8,False,0,0.6,True,36.07111111111111,-3.7119849322476126,-4.286666666666679,0.6259941351183382,0.56,-0.8,-0.8,2.7777777777777777,2.7777777777777777,36.07111111111111,18.192571625226325,19.018666666666643,0.45536346943461714,-2.220446049250313e-16,-0.8,-0.8,2.7777777777777777,2.7777777777777777
39,0.9,False,0,0.3777777777777776,False,36.11111111111111,-3.913238675358019,-4.266666666666654,1.0135522823026664,0.4299999999999997,-0.9,-0.9,2.7777777777777777,2.7777777777777777,36.11111111111111,13.377435494968214,12.40000000000003,0.24847577862710013,-0.02000000000000024,-0.9,-0.9,2.7777777777777777,2.7777777777777777
39,1.0,False,0,0.20000000000000018,True,36.03111111111111,-4.284954222309518,-4.237333333333328,-0.3526704333910984,0.30000000000000027,-1.0,-1.0,2.7777777777777777,2.7777777777777777,36.03111111111111,5.251421638628675,5.613333333333334,0.1976075466389271,0.0,-1.0,-1.0,2.7777777777777777,2.7777777777777777
39,1.1,False,0,0.054545454545454994,False,36.11111111111111,-3.8096111005739486,-4.266666666666654,-0.28860701199370276,0.17000000000000037,-1.1,-1.1,2.7777777777777777,2.7777777777777777,36.11111111111111,2.7523584183802017,2.4000000000000243,0.22414573291794726,-0.0499999999999996,-1.1,-1.1,2.7777777777777777,2.7777777777777777
39,1.2000000000000002,True,1,0.0,True,35.99111111111111,-4.211849439684232,-4.29733333333333,0.5379100825525307,0.04000000000000026,-1.2000000000000002,-1.2000000000000002,2.7777777777777777,2.7777777777777777,35.99111111111111,-1.8551737405396933,-0.9813333333333274,1.6731637164593098,-0.07999999999999963,-1.2000000000000002,-1.2000000000000002,2.7777777777777777,2.7777777777777777
39,1.3,True,2,0.0,True,35.99111111111111,-4.2245190608581735,-4.293333333333332,-1.2299649037227107,-0.09000000000000008,-1.3,-1.3,2.7777777777777777,2.7777777777777777,35.99111111111111,-4.2245190608581735,-4.293333333333332,-1.2299649037227107,-0.09000000000000008,-1.3,-1.3,2.7777777777777777,2.7777777777777777
39,1.4000000000000001,True,2,0.0,True,35.99111111111111,-3.5581248455366774,-4.277333333333327,-0.12466687210829241,-0.21999999999999975,-1.4000000000000001,-1.4000000000000001,2.7777777777777777,2.7777777777777777,36.03111111111111,-1.415144152085932,-0.9559999999999915,-0.42190802535674,-0.08000000000000007,-1.4000000000000001,-1.4000000000000001,2.7777777777777777,2.7777777777777777
39,1.5,True,2,0.0,True,36.03111111111111,-2.0562193352338225,-4.286666666666679,0.4557480626283885,-0.34999999999999987,-1.5,-1.5,2.7777777777777777,2.7777777777777777,36.07111111111111,2.6676557606842524,2.337333333333345,-0.04868213615271921,-0.04999999999999982,-1.5,-1.5,2.7777777777777777,2.7777777777777777
39,1.6,True,2,0.0,True,35.99111111111111,-4.135643470693199,-4.2813333333333246,0.22637818013315725,-0.48,-1.6,-1.6,2.7777777777777777,2.7777777777777777,36.03111111111111,0.8013822286490582,2.3653333333333437,0.24990686596891676,-0.1599999999999997,-1.6,-1.6,2.7777777777777777,2.7777777777777777
39,1.7000000000000002,True,2,0.0,True,35.99111111111111,-4.105051803612265,-4.2813333333333246,-1.1544101939430687,-0.6099999999999994,-1.7000000000000002,-1.7000000000000002,2.7777777777777777,2.7777777777777777,36.03111111111111,6.50833246995978,5.690666666666677,1.1408238169086053,-0.09999999999999964,-1.7000000000000002,-1.7000000000000002,2.7777777777777777,2.7777777777777777
41,0.0,False,0,4.0,False,36.11111111111111,-3.401396727223289,-2.9333333333333114,0.8281862414035084,1.6,0.0,0.0,2.7777777777777777,2.7777777777777777,,,,,,,,,
41,0.1,False,0,4.0,False,36.11111111111111,-3.514416336750368,-2.9333333333333114,2.264192390538875,1.46,-0.1,-0.1,2.7777777777777777,2.7777777777777777,36.11111111111111,488.4720360555139,487.06666666666473,-0.24122145828619845,-0.00999999999999579,-0.1,-0.1,2.7777777777777777,2.7777777777777777
41,0.2,False,0,4.0,True,36.07111111111111,-2.1834868426931733,-2.9853333333333394,0.7829603507699936,1.3199999999999998,-0.2,-0.2,2.7777777777777777,2.7777777777777777,36.07111111111111,220.11631573325502,220.08000000000055,-0.32704935746082064,-0.019999999999997353,-0.2,-0.2,2.7777777777777777,2.7777777777777777
41,0.30000000000000004,False,0,3.9333333333333327,False,36.11111111111111,-2.9709581276500527,-2.9333333333333114,1.2576539236342361,1.1800000000000002,-0.30000000000000004,-0.30000000000000004,2.7777777777777777,2.7777777777777777,36.11111111111111,130.7553392088554,130.40000000000015,1.2857235624963965,-0.020000000000001572,-0.30000000000000004,-0.30000000000000004,2.7777777777777777,2.7777777777777777
41,0.4,False,0,2.6,False,36.11111111111111,-2.9539045772681503,-2.9333333333333114,1.4920531399379997,1.04,-0.4,-0.4,2.7777777777777777,2.7777777777777777,36.11111111111111,84.39566841507461,83.73333333333345,0.5451300678631221,-6.661338147750939e-16,-0.4,-0.4,2.7777777777777777,2.7777777777777777
41,0.5,False,0,1.7999999999999998,True,36.07111111111111,-1.8259584278327265,-2.9613333333333385,1.5369205894482114,0.8999999999999999,-0.5,-0.5,2.7777777777777777,2.7777777777777777,36.07111111111111,56.405480114492136,56.96666666666664,1.58434858299105,0.0,-0.5,-0.5,2.7777777777777777,2.7777777777777777
41,0.6000000000000001,False,0,1.2666666666666668,False,36.11111111111111,-3.0693338436995203,-2.9333333333333114,2.0077405974615536,0.7600000000000002,-0.6000000000000001,-0.6000000000000001,2.7777777777777777,2.7777777777777777,36.11111111111111,41.77910899409299,40.40000000000006,-1.0773892438702923,-0.019999999999999574,-0.6000000000000001,-0.6000000000000001,2.7777777777777777,2.7777777777777777
41,0.7000000000000001,False,0,0.8857142857142858,False,36.11111111111111,-1.7791426687574612,-2.9333333333333114,-0.8145822382864203,0.6200000000000001,-0.7000000000000001,-0.7000000000000001,2.7777777777777777,2.7777777777777777,36.11111111111111,27.803034744826885,27.06666666666671,-1.1410563522748958,-0.009999999999999343,-0.7000000000000001,-0.7000000000000001,2.7777777777777777,2.7777777777777777
41,0.8,False,0,0.6,False,36.11111111111111,-1.6386480810528523,-2.9333333333333114,0.474594680387729,0.48,-0.8,-0.8,2.7777777777777777,2.7777777777777777,36.11111111111111,18.41262152526033,17.066666666666702,0.942466842860203,-2.220446049250313e-16,-0.8,-0.8,2.7777777777777777,2.7777777777777777
41,0.9,False,0,0.3777777777777776,True,36.07111111111111,-2.778042799281873,-2.9573333333333407,0.23435327427529629,0.33999999999999986,-0.9,-0.9,2.7777777777777777,2.7777777777777777,36.07111111111111,11.117711582800613,10.359999999999982,0.012986202921210221,-0.02000000000000024,-0.9,-0.9,2.7777777777777777,2.7777777777777777
41,1.0,False,0,0.20000000000000018,False,36.11111111111111,-2.1513764350067133,-2.9333333333333114,-0.3310648686928761,0.20000000000000018,-1.0,-1.0,2.7777777777777777,2.7777777777777777,36.11111111111111,5.4343348723562785,3.73333333333336,-0.7716902775601855,0.0,-1.0,-1.0,2.7777777777777777,2.7777777777777777
41,1.1,False,0,0.054545454545454994,True,35.99111111111111,-1.5474589856746048,-2.9733333333333247,0.6297006999674539,0.0600000000000005,-1.1,-1.1,2.7777777777777777,2.7777777777777777,35.99111111111111,2.4886023987348596,0.3480000000000105,0.22877099470196027,-0.0499999999999996,-1.1,-1.1,2.7777777777777777,2.7777777777777777
41,1.2000000000000002,True,1,0.0,False,36.11111111111111,-2.478647527984914,-2.9333333333333256,-0.1806602860723978,-0.07999999999999963,-1.2000000000000002,-1.2000000000000002,2.7777777777777777,2.7777777777777777,36.11111111111111,-2.478647527984914,-2.9333333333333256,-0.1806602860723978,-0.07999999999999963,-1.2000000000000002,-1.2000000000000002,2.7777777777777777,2.7777777777777777
41,1.3,True,2,0.0,True,36.03111111111111,-2.391734396525268,-2.9613333333333385,-0.2181676474727261,-0.2200000000000002,-1.3,-1.3,2.7777777777777777,2.7777777777777777,36.07111111111111,-0.9013421753253708,-2.313333333333321,-0.5052268789950924,-0.09000000000000008,-1.3,-1.3,2.7777777777777777,2.7777777777777777
41,1.4000000000000001,True,2,0.0,True,36.03111111111111,-3.601045053601939,-2.9653333333333434,0.838238999897015,-0.35999999999999965,-1.4000000000000001,-1.4000000000000001,2.7777777777777777,2.7777777777777777,36.07111111111111,-1.164912758716869,1.0200000000000147,0.40058356249709304,-0.08000000000000007,-1.4000000000000001,-1.4000000000000001,2.7777777777777777,2.7777777777777777
41,1.5,True,2,0.0,True,35.91111111111111,-2.424757533888349,-3.017333333333336,-0.3238020638479957,-0.5,-1.5,-1.5,2.7777777777777777,2.7777777777777777,36.03111111111111,4.570812220678005,4.3693333333333415,-0.06131820024819601,-0.04999999999999982,-1.5,-1.5,2.7777777777777777,2.7777777777777777
41,1.6,True,2,0.0,True,35.95111111111111,-1.8565791064860901,-2.993333333333335,0.833176761750384,-0.6400000000000001,-1.6,-1.6,2.7777777777777777,2.7777777777777777,36.03111111111111,4.074412880714701,4.349333333333338,-0.13127440782537403,-0.1599999999999997,-1.6,-1.6,2.7777777777777777,2.7777777777777777
41,1.7000000000000002,True,2,0.0,True,36.07111111111111,-2.0641548881032845,-2.9453333333333402,-0.1015071802003249,-0.7799999999999994,-1.7000000000000002,-1.7000000000000002,2.7777777777777777,2.7777777777777777,36.11111111111111,7.220705723791245,7.666666666666676,0.3588336374190946,-0.09999999999999964,-1.7000000000000002,-1.7000000000000002,2.7777777777777777,2.7777777777777777
43,0.0,False,0,4.0,True,36.07111111111111,-4.277370916563295,-3.6546666666666736,1.2168018039416322,1.6,0.0,0.0,2.7777777777777777,2.7777777777777777,,,,,,,,,
43,0.1,False,0,4.0,False,36.11111111111111,-3.8603764110462846,-3.6666666666666883,2.088063901163438,1.46,-0.1,-0.1,2.7777777777777777,2.7777777777777777,36.11111111111111,486.3374221367118,485.06666666666473,-0.6228151699121629,-0.00999999999999579,-0.1,-0.1,2.7777777777777777,2.7777777777777777
43,0.2,False,0,4.0,True,36.07111111111111,-3.3922397031414446,-3.6586666666666785,2.0091825391090263,1.3199999999999998,-0.2,-0.2,2.7777777777777777,2.7777777777777777,36.07111111111111,218.37031211262854,218.12400000000054,-0.4925575002361944,-0.019999999999997353,-0.2,-0.2,2.7777777777777777,2.7777777777777777
43,0.30000000000000004,False,0,3.833333333333335,True,36.07111111111111,-4.246456625065764,-3.6546666666666736,0.031035012277892404,1.1800000000000002,-0.30000000000000004,-0.30000000000000004,2.7777777777777777,2.7777777777777777,36.07111111111111,128.30069659538793,128.2280000000002,-0.5406783936095034,-0.020000000000001572,-0.30000000000000004,-0.30000000000000004,2.7777777777777777,2.7777777777777777
43,0.4,False,0,2.5,False,36.11111111111111,-3.192937924247576,-3.6666666666666883,2.024278928547937,1.04,-0.4,-0.4,2.7777777777777777,2.7777777777777777,36.11111111111111,82.53338925802244,81.73333333333345,0.38851773679178114,-6.661338147750939e-16,-0.4,-0.4,2.7777777777777777,2.7777777777777777
43,0.5,False,0,1.7000000000000002,True,36.03111111111111,-4.042400848424729,-3.622666666666663,1.460418701368932,0.8999999999999999,-0.5,-0.5,2.7777777777777777,2.7777777777777777,36.03111111111111,54.467986483165305,54.878666666666575,1.0202586723967637,0.0,-0.5,-0.5,2.7777777777777777,2.7777777777777777
43,0.6000000000000001,False,0,1.1666666666666667,True,36.11111111111111,-3.9543786789162167,-3.6666666666666883,-0.24273850866904767,0.7600000000000002,-0.6000000000000001,-0.6000000000000001,2.7777777777777777,2.7777777777777777,36.07111111111111,39.86366155695252,38.348,-0.0739216535881062,-0.019999999999999574,-0.6000000000000001,-0.6000000000000001,2.7777777777777777,2.7777777777777777
43,0.7000000000000001,False,0,0.785714285714286,True,36.07111111111111,-3.316323178397073,-3.6586666666666785,1.3508022928925056,0.6200000000000001,-0.7000000000000001,-0.7000000000000001,2.7777777777777777,2.7777777777777777,36.07111111111111,25.2782917143001,25.022666666666655,-0.6175906856842546,-0.009999999999999343,-0.7000000000000001,-0.7000000000000001,2.7777777777777777,2.7777777777777777
43,0.8,False,0,0.4999999999999999,False,36.11111111111111,-4.263644297664224,-3.6666666666666883,0.712373740959563,0.48,-0.8,-0.8,2.7777777777777777,2.7777777777777777,36.11111111111111,17.404549692670724,15.066666666666702,-0.4746633854314404,-2.220446049250313e-16,-0.8,-0.8,2.7777777777777777,2.7777777777777777
43,0.9,False,0,0.2777777777777773,True,36.07111111111111,-3.9335271011728166,-3.6626666666666834,0.07086989183062364,0.33999999999999986,-0.9,-0.9,2.7777777777777777,2.7777777777777777,36.07111111111111,8.312444772492821,8.380000000000006,0.35689201188963127,-0.02000000000000024,-0.9,-0.9,2.7777777777777777,2.7777777777777777
43,1.0,False,0,0.10000000000000009,False,36.11111111111111,-2.4505754553647234,-3.6666666666666883,1.4598834642371812,0.20000000000000018,-1.0,-1.0,2.7777777777777777,2.7777777777777777,36.11111111111111,1.109194753244613,1.73333333333336,-1.027456025562118,0.0,-1.0,-1.0,2.7777777777777777,2.7777777777777777
43,1.1,True,1,0.0,True,36.03111111111111,-4.089193168741505,-3.650666666666676,0.9280055208466376,0.0600000000000005,-1.1,-1.1,2.7777777777777777,2.7777777777777777,36.03111111111111,-2.4450688694714158,-1.6239999999999908,-0.38136390152744415,-0.0499999999999996,-1.1,-1.1,2.7777777777777777,2.7777777777777777
43,1.2000000000000002,True,2,0.0,True,36.07111111111111,-2.9483409698605767,-3.6466666666666567,-0.2616098246175469,-0.07999999999999963,-1.2000000000000002,-1.2000000000000002,2.7777777777777777,2.7777777777777777,36.07111111111111,-2.9483409698605767,-3.6466666666666567,-0.2616098246175469,-0.07999999999999963,-1.2000000000000002,-1.2000000000000002,2.7777777777777777,2.7777777777777777
43,1.3,True,2,0.0,True,36.07111111111111,-3.903655965016031,-3.6546666666666594,1.3114012153969932,-0.2200000000000002,-1.3,-1.3,2.7777777777777777,2.7777777777777777,36.07111111111111,0.18378034372936458,-0.3253333333333215,0.11670998517546494,-0.09000000000000008,-1.3,-1.3,2.7777777777777777,2.7777777777777777
43,1.4000000000000001,True,2,0.0,True,35.87111111111111,-3.813297489856633,-3.538666666666667,-0.37699099806662706,-0.35999999999999965,-1.4000000000000001,-1.4000000000000001,2.7777777777777777,2.7777777777777777,35.91111111111111,3.4798546194886244,3.08000000000001,-1.0071324277544282,-0.08000000000000007,-1.4000000000000001,-1.4000000000000001,2.7777777777777777,2.7777777777777777
43,1.5,True,2,0.0,True,35.99111111111111,-3.5883747263206116,-3.6106666666666696,-0.33319504378653253,-0.5,-1.5,-1.5,2.7777777777777777,2.7777777777777777,36.03111111111111,6.499089234541342,6.361333333333339,1.7887336172405757,-0.04999999999999982,-1.5,-1.5,2.7777777777777777,2.7777777777777777
43,1.6,True,2,0.0,True,36.07111111111111,-3.2878257322800293,-3.6586666666666643,-0.07346937801384801,-0.6400000000000001,-1.6,-1.6,2.7777777777777777,2.7777777777777777,36.11111111111111,7.003549925645875,6.33333333333334,0.0710140591045243,-0.1599999999999997,-1.6,-1.6,2.7777777777777777,2.7777777777777777
43,1.7000000000000002,True,2,0.0,True,35.95111111111111,-3.7150639170150965,-3.598666666666669,-0.7996534864555671,-0.7799999999999994,-1.7000000000000002,-1.7000000000000002,2.7777777777777777,2.7777777777777777,36.03111111111111,9.298096536524763,9.682666666666673,-0.11287683590467745,-0.09999999999999964,-1.7000000000000002,-1.7000000000000002,2.7777777777777777,2.7777777777777777
45,0.0,False,0,4.0,False,36.11111111111111,-3.7425444370078678,-3.5999999999999757,0.42046402125445814,1.6,0.0,0.0,2.7777777777777777,2.7777777777777777,,,,,,,,,
45,0.1,False,0,4.0,False,36.11111111111111,-3.7508207407210348,-3.5999999999999757,1.0880568923678808,1.4500000000000002,-0.1,-0.1,2.7777777777777777,2.7777777777777777,36.11111111111111,483.6191506154861,483.06666666666473,0.4698667012224469,-0.00999999999999579,-0.1,-0.1,2.7777777777777777,2.7777777777777777
45,0.2,False,0,4.0,True,36.07111111111111,-3.5403734763480683,-3.6039999999999806,0.13689330558711488,1.3000000000000003,-0.2,-0.2,2.7777777777777777,2.7777777777777777,36.07111111111111,215.9632874531939,216.13200000000057,0.2648482498407243,-0.019999999999997353,-0.2,-0.2,2.7777777777777777,2.7777777777777777
45,0.30000000000000004,False,0,3.733333333333334,False,36.11111111111111,-3.5369658261974974,-3.5999999999999757,2.0091411784541644,1.1500000000000004,-0.30000000000000004,-0.30000000000000004,2.7777777777777777,2.7777777777777777,36.11111111111111,125.56778858972241,126.40000000000016,0.6625195558952948,-0.020000000000001572,-0.30000000000000004,-0.30000000000000004,2.7777777777777777,2.7777777777777777
45,0.4,False,0,2.4,False,36.11111111111111,-2.877704076711143,-3.5999999999999757,0.5415580520498335,1.0,-0.4,-0.4,2.7777777777777777,2.7777777777777777,36.11111111111111,81.34665290111558,79.73333333333345,1.2624784303048902,-6.661338147750939e-16,-0.4,-0.4,2.7777777777777777,2.7777777777777777
45,0.5,False,0,1.6000000000000005,True,36.07111111111111,-3.1028713740210803,-3.6039999999999806,1.234795042640226,0.8500000000000001,-0.5,-0.5,2.7777777777777777,2.7777777777777777,36.07111111111111,53.91842242415919,52.99466666666666,-0.17504833327338476,0.0,-0.5,-0.5,2.7777777777777777,2.7777777777777777
45,0.6000000000000001,False,0,1.0666666666666667,False,36.11111111111111,-3.636423501477867,-3.5999999999999757,-0.2185523312923987,0.7000000000000002,-0.6000000000000001,-0.6000000000000001,2.7777777777777777,2.7777777777777777,36.11111111111111,36.42447999149615,36.40000000000006,0.2701532480046551,-0.019999999999999574,-0.6000000000000001,-0.6000000000000001,2.7777777777777777,2.7777777777777777
45,0.7000000000000001,False,0,0.6857142857142863,False,36.11111111111111,-3.4655745878763424,-3.5999999999999757,1.6905274648174036,0.5500000000000003,-0.7000000000000001,-0.7000000000000001,2.7777777777777777,2.7777777777777777,36.11111111111111,23.209426967910897,23.06666666666671,0.8050617644592517,-0.009999999999999343,-0.7000000000000001,-0.7000000000000001,2.7777777777777777,2.7777777777777777
45,0.8,False,0,0.3999999999999998,True,36.07111111111111,-2.93928631538527,-3.6039999999999806,0.623434877491789,0.3999999999999999,-0.8,-0.8,2.7777777777777777,2.7777777777777777,36.07111111111111,13.785963539164616,13.042666666666673,-0.8748468597302803,-2.220446049250313e-16,-0.8,-0.8,2.7777777777777777,2.7777777777777777
45,0.9,False,0,0.17777777777777745,False,36.11111111111111,-0.970122222649354,-3.5999999999999757,0.3541424959671149,0.24999999999999956,-0.9,-0.9,2.7777777777777777,2.7777777777777777,36.11111111111111,5.97594094775386,6.400000000000031,-0.01289693120733082,-0.02000000000000024,-0.9,-0.9,2.7777777777777777,2.7777777777777777
45,1.0,False,0,0.0,False,36.11111111111111,-2.358965927386566,-3.5999999999999757,0.2854348847991077,0.10000000000000009,-1.0,-1.0,2.7777777777777777,2.7777777777777777,36.11111111111111,-0.8519521972820625,-0.26666666666663996,0.08973244456418694,0.0,-1.0,-1.0,2.7777777777777777,2.7777777777777777
45,1.1,True,1,0.0,True,35.99111111111111,-2.3597610283640718,-3.6279999999999886,0.21956051579250602,-0.0499999999999996,-1.1,-1.1,2.7777777777777777,2.7777777777777777,35.99111111111111,-2.3597610283640718,-3.6279999999999886,0.21956051579250602,-0.0499999999999996,-1.1,-1.1,2.7777777777777777,2.7777777777777777
45,1.2000000000000002,True,2,0.0,True,35.99111111111111,-3.5532941864228063,-3.6320000000000006,0.03788566018800976,-0.1999999999999995,-1.2000000000000002,-1.2000000000000002,2.7777777777777777,2.7777777777777777,36.03111111111111,-1.6467938413353904,-1.6466666666666638,-0.5759642061918315,-0.07999999999999963,-1.2000000000000002,-1.2000000000000002,2.7777777777777777,2.7777777777777777
45,1.3,True,2,0.0,True,35.95111111111111,-2.8899983234865045,-3.6800000000000024,0.3154784288286816,-0.3500000000000003,-1.3,-1.3,2.7777777777777777,2.7777777777777777,35.99111111111111,2.4409441355212964,1.7186666666666754,0.5880986373680814,-0.09000000000000008,-1.3,-1.3,2.7777777777777777,2.7777777777777777
45,1.4000000000000001,True,2,0.0,True,35.95111111111111,-3.2257836147873347,-3.648000000000006,-0.07326928671984656,-0.49999999999999956,-1.4000000000000001,-1.4000000000000001,2.7777777777777777,2.7777777777777777,36.07111111111111,4.643333652700247,5.012000000000012,-1.1458520716962397,-0.08000000000000007,-1.4000000000000001,-1.4000000000000001,2.7777777777777777,2.7777777777777777
45,1.5,True,2,0.0,True,35.91111111111111,-3.033904734710222,-3.7160000000000037,-0.9634505380861946,-0.6499999999999999,-1.5,-1.5,2.7777777777777777,2.7777777777777777,36.03111111111111,6.689044855233274,8.381333333333341,-0.006407035511415415,-0.04999999999999982,-1.5,-1.5,2.7777777777777777,2.7777777777777777
45,1.6,True,2,0.0,True,35.99111111111111,-2.0200108648799313,-3.6400000000000032,-0.37315502742252193,-0.8000000000000003,-1.6,-1.6,2.7777777777777777,2.7777777777777777,36.07111111111111,8.024171878554444,8.337333333333344,-0.3384944916276056,-0.1599999999999997,-1.6,-1.6,2.7777777777777777,2.7777777777777777
45,1.7000000000000002,True,2,0.0,True,35.99111111111111,-2.8469028577456283,-3.6320000000000006,-1.833226314090082,-0.9499999999999993,-1.7000000000000002,-1.7000000000000002,2.7777777777777777,2.7777777777777777,36.11111111111111,10.5577211631425,11.666666666666675,0.11004799063018877,-0.09999999999999964,-1.7000000000000002,-1.7000000000000002,2.7777777777777777,2.7777777777777777
47,0.0,False,0,4.0,True,36.07111111111111,-4.197066574036387,-2.9519999999999866,1.1621981201519573,1.6,0.0,0.0,2.7777777777777777,2.7777777777777777,,,,,,,,,
47,0.1,False,0,4.0,False,36.11111111111111,-2.941966721640429,-3.000000000000024,0.6945671787133376,1.4500000000000002,-0.1,-0.1,2.7777777777777777,2.7777777777777777,36.11111111111111,482.53166758428404,481.06666666666473,-0.7321566238722257,-0.00999999999999579,-0.1,-0.1,2.7777777777777777,2.7777777777777777
47,0.2,False,0,4.0,True,36.07111111111111,-3.7314111356523467,-2.943999999999991,1.1514160157164754,1.3000000000000003,-0.2,-0.2,2.7777777777777777,2.7777777777777777,36.07111111111111,215.40229640883064,214.08000000000055,-0.2351608746099132,-0.019999999999997353,-0.2,-0.2,2.7777777777777777,2.7777777777777777
47,0.30000000000000004,False,0,3.733333333333334,False,36.11111111111111,-4.150210098878769,-3.000000000000024,1.5632596343649525,1.1500000000000004,-0.30000000000000004,-0.30000000000000004,2.7777777777777777,2.7777777777777777,36.11111111111111,124.36732959074014,124.40000000000016,-0.5762849638110783,-0.020000000000001572,-0.30000000000000004,-0.30000000000000004,2.7777777777777777,2.7777777777777777
47,0.4,False,0,2.4,True,36.11111111111111,-2.980297690069473,-3.000000000000024,-0.5323852975755994,1.0,-0.4,-0.4,2.7777777777777777,2.7777777777777777,36.07111111111111,78.2161592163388,77.6333333333334,-0.026328763456251902,-6.661338147750939e-16,-0.4,-0.4,2.7777777777777777,2.7777777777777777
47,0.5,False,0,1.6000000000000005,False,36.11111111111111,-3.5451041883763663,-3.000000000000024,1.085024578313004,0.8500000000000001,-0.5,-0.5,2.7777777777777777,2.7777777777777777,36.11111111111111,52.82029619346968,51.06666666666675,-0.3095737897160209,0.0,-0.5,-0.5,2.7777777777777777,2.7777777777777777
47,0.6000000000000001,False,0,1.0666666666666667,False,36.11111111111111,-3.540999492715261,-3.000000000000024,0.533131534408438,0.7000000000000002,-0.6000000000000001,-0.6000000000000001,2.7777777777777777,2.7777777777777777,36.11111111111111,34.74915587233137,34.40000000000006,1.0085630029472026,-0.019999999999999574,-0.6000000000000001,-0.6000000000000001,2.7777777777777777,2.7777777777777777
47,0.7000000000000001,False,0,0.6857142857142863,True,36.11111111111111,-2.9569294014019247,-3.000000000000024,-0.21693564106755847,0.5500000000000003,-0.7000000000000001,-0.7000000000000001,2.7777777777777777,2.7777777777777777,36.07111111111111,21.91950615343666,21.03466666666667,0.12850628268918785,-0.009999999999999343,-0.7000000000000001,-0.7000000000000001,2.7777777777777777,2.7777777777777777
47,0.8,False,0,0.3999999999999998,True,36.03111111111111,-3.489854428860549,-2.9760000000000018,-0.5801332275363342,0.3999999999999999,-0.8,-0.8,2.7777777777777777,2.7777777777777777,35.99111111111111,10.893192672317209,10.98266666666667,0.6741209100598042,-2.220446049250313e-16,-0.8,-0.8,2.7777777777777777,2.7777777777777777
47,0.9,False,0,0.17777777777777745,True,36.07111111111111,-4.1432559301028915,-2.996000000000019,-0.2693406020943092,0.24999999999999956,-0.9,-0.9,2.7777777777777777,2.7777777777777777,36.03111111111111,4.057494217592553,4.372000000000011,0.03591083413294993,-0.02000000000000024,-0.9,-0.9,2.7777777777777777,2.7777777777777777
47,1.0,False,0,0.0,True,35.99111111111111,-4.059871497522063,-2.9400000000000146,-0.37690675991436695,0.10000000000000009,-1.0,-1.0,2.7777777777777777,2.7777777777777777,35.95111111111111,-2.1369497634555072,-2.3426666666666547,0.7068514606868121,0.0,-1.0,-1.0,2.7777777777777777,2.7777777777777777
47,1.1,True,2,0.0,True,36.07111111111111,-2.7518056580818024,-2.992000000000014,0.4896384193494243,-0.0499999999999996,-1.1,-1.1,2.7777777777777777,2.7777777777777777,36.07111111111111,-2.7518056580818024,-2.992000000000014,0.4896384193494243,-0.0499999999999996,-1.1,-1.1,2.7777777777777777,2.7777777777777777
47,1.2000000000000002,True,2,0.0,True,36.07111111111111,-3.3723990087436873,-2.996000000000005,0.46968444970017753,-0.1999999999999995,-1.2000000000000002,-1.2000000000000002,2.7777777777777777,2.7777777777777777,36.11111111111111,-0.4902617122197723,0.33333333333332593,-0.4027877676528566,-0.07999999999999963,-1.2000000000000002,-1.2000000000000002,2.7777777777777777,2.7777777777777777
47,1.3,True,2,0.0,True,36.07111111111111,-4.186261584225039,-2.996000000000005,1.6205821207416808,-0.3500000000000003,-1.3,-1.3,2.7777777777777777,2.7777777777777777,36.11111111111111,3.3447210995141576,3.6666666666666687,0.5360133694151066,-0.09000000000000008,-1.3,-1.3,2.7777777777777777,2.7777777777777777
47,1.4000000000000001,True,2,0.0,True,36.03111111111111,-3.6543017684364356,-2.9799999999999995,-0.37731657864759693,-0.49999999999999956,-1.4000000000000001,-1.4000000000000001,2.7777777777777777,2.7777777777777777,36.11111111111111,6.728326282257155,7.000000000000004,-0.841464415464968,-0.08000000000000007,-1.4000000000000001,-1.4000000000000001,2.7777777777777777,2.7777777777777777
47,1.5,True,2,0.0,True,35.91111111111111,-3.982226874275109,-2.8720000000000026,-1.2585946880833072,-0.6499999999999999,-1.5,-1.5,2.7777777777777777,2.7777777777777777,35.99111111111111,10.718339860703718,10.393333333333334,1.2788037178892262,-0.04999999999999982,-1.5,-1.5,2.7777777777777777,2.7777777777777777
47,1.6,True,2,0.0,True,35.91111111111111,-3.805820243778757,-2.9359999999999955,-1.1508664506282011,-0.8000000000000003,-1.6,-1.6,2.7777777777777777,2.7777777777777777,36.07111111111111,10.00931157191118,10.341333333333342,-0.16310223621941145,-0.1599999999999997,-1.6,-1.6,2.7777777777777777,2.7777777777777777
47,1.7000000000000002,True,2,0.0,True,35.95111111111111,-2.8569793960200824,-2.943999999999998,-1.2650258244857289,-0.9499999999999993,-1.7000000000000002,-1.7000000000000002,2.7777777777777777,2.7777777777777777,36.07111111111111,15.704370400394236,13.670666666666673,0.40227459500575735,-0.09999999999999964,-1.7000000000000002,-1.7000000000000002,2.7777777777777777,2.7777777777777777
49,0.0,False,0,4.0,False,36.11111111111111,-2.9063308934025995,-4.26666666666664,1.6575499789907493,1.6,0.0,0.0,2.7777777777777777,2.7777777777777777,,,,,,,,,
49,0.1,False,0,4.0,False,36.11111111111111,-2.8312594147580397,-4.26666666666664,2.035850656150686,1.44,-0.1,-0.1,2.7777777777777777,2.7777777777777777,36.11111111111111,480.40213701221643,479.06666666666473,0.04228165980703302,-0.00999999999999579,-0.1,-0.1,2.7777777777777777,2.7777777777777777
49,0.2,False,0,4.0,False,36.11111111111111,-3.896566919213252,-4.26666666666664,2.2692787563935863,1.2799999999999998,-0.2,-0.2,2.7777777777777777,2.7777777777777777,36.11111111111111,212.14562154539212,212.39999999999998,-0.05532610063469834,-0.019999999999997353,-0.2,-0.2,2.7777777777777777,2.7777777777777777
49,0.30000000000000004,False,0,3.633333333333333,False,36.11111111111111,-3.7194325307995895,-4.26666666666664,0.5215923520794012,1.12,-0.30000000000000004,-0.30000000000000004,2.7777777777777777,2.7777777777777777,36.11111111111111,122.6365802933665,122.40000000000016,2.6811753529306386,-0.020000000000001572,-0.30000000000000004,-0.30000000000000004,2.7777777777777777,2.7777777777777777
49,0.4,False,0,2.3,False,36.11111111111111,-3.915257631490543,-4.26666666666664,0.38819592739844255,0.96,-0.4,-0.4,2.7777777777777777,2.7777777777777777,36.11111111111111,76.6048100068328,75.73333333333345,0.9682739807097871,-6.661338147750939e-16,-0.4,-0.4,2.7777777777777777,2.7777777777777777
49,0.5,False,0,1.5,False,36.11111111111111,-4.201186057657043,-4.26666666666664,0.8179225588176755,0.8000000000000003,-0.5,-0.5,2.7777777777777777,2.7777777777777777,36.11111111111111,50.58813031516936,49.06666666666675,0.09318810189740101,0.0,-0.5,-0.5,2.7777777777777777,2.7777777777777777
49,0.6000000000000001,False,0,0.9666666666666673,True,36.11111111111111,-3.4490600403624994,-4.26666666666664,-0.21454922333274284,0.6400000000000001,-0.6000000000000001,-0.6000000000000001,2.7777777777777777,2.7777777777777777,36.07111111111111,33.43986499348448,32.35600000000001,-0.4136136248028852,-0.019999999999999574,-0.6000000000000001,-0.6000000000000001,2.7777777777777777,2.7777777777777777
49,0.7000000000000001,False,0,0.5857142857142865,True,35.99111111111111,-2.4072658858568046,-4.277333333333348,0.469864344263041,0.4800000000000004,-0.7000000000000001,-0.7000000000000001,2.7777777777777777,2.7777777777777777,35.99111111111111,19.043268336586326,18.926666666666694,-0.6712485300919753,-0.009999999999999343,-0.7000000000000001,-0.7000000000000001,2.7777777777777777,2.7777777777777777
49,0.8,False,0,0.2999999999999997,True,36.07111111111111,-3.980933671739204,-4.2826666666666595,-0.6405370646276087,0.31999999999999984,-0.8,-0.8,2.7777777777777777,2.7777777777777777,36.07111111111111,10.129934267994027,9.034666666666663,0.6861178021532535,-2.220446049250313e-16,-0.8,-0.8,2.7777777777777777,2.7777777777777777
49,0.9,False,0,0.07777777777777735,True,35.99111111111111,-3.3284554893562186,-4.269333333333338,-0.9699335243626024,0.1599999999999997,-0.9,-0.9,2.7777777777777777,2.7777777777777777,35.99111111111111,1.6699178874043996,2.312000000000009,-0.3709473798295728,-0.02000000000000024,-0.9,-0.9,2.7777777777777777,2.7777777777777777
49,1.0,True,1,0.0,True,36.03111111111111,-4.027432733444054,-4.282666666666652,-0.3966200698533884,0.0,-1.0,-1.0,2.7777777777777777,2.7777777777777777,36.03111111111111,-4.027432733444054,-4.282666666666652,-0.3966200698533884,0.0,-1.0,-1.0,2.7777777777777777,2.7777777777777777
49,1.1,True,2,0.0,True,36.03111111111111,-3.9976427563956944,-4.297333333333337,-0.4717429230704284,-0.1599999999999997,-1.1,-1.1,2.7777777777777777,2.7777777777777777,36.03111111111111,0.10963023663967864,-0.972000000000004,1.263342502145615,-0.0499999999999996,-1.1,-1.1,2.7777777777777777,2.7777777777777777
49,1.2000000000000002,True,2,0.0,True,35.91111111111111,-4.233104709418629,-4.237333333333328,0.3387722300267968,-0.3199999999999994,-1.2000000000000002,-1.2000000000000002,2.7777777777777777,2.7777777777777777,35.95111111111111,2.8597817789745337,2.3893333333333375,-0.6799835591031069,-0.07999999999999963,-1.2000000000000002,-1.2000000000000002,2.7777777777777777,2.7777777777777777
49,1.3,True,2,0.0,True,35.95111111111111,-4.281236715231674,-4.201333333333326,1.5079479675155478,-0.4800000000000004,-1.3,-1.3,2.7777777777777777,2.7777777777777777,35.99111111111111,5.602137721667032,5.750666666666672,-0.5755736492451795,-0.09000000000000008,-1.3,-1.3,2.7777777777777777,2.7777777777777777
49,1.4000000000000001,True,2,0.0,True,35.95111111111111,-4.1416766232281175,-4.293333333333332,-0.009921352014905516,-0.6399999999999992,-1.4000000000000001,-1.4000000000000001,2.7777777777777777,2.7777777777777777,36.11111111111111,8.97015334935669,9.000000000000004,-0.4395166469497549,-0.08000000000000007,-1.4000000000000001,-1.4000000000000001,2.7777777777777777,2.7777777777777777
49,1.5,True,2,0.0,True,35.95111111111111,-3.491396431177523,-4.241333333333325,-0.32816756559643556,-0.7999999999999998,-1.5,-1.5,2.7777777777777777,2.7777777777777777,36.03111111111111,11.058363969324656,12.349333333333337,-0.9359834264847942,-0.04999999999999982,-1.5,-1.5,2.7777777777777777,2.7777777777777777
49,1.6,True,2,0.0,True,35.91111111111111,-3.2001500816282613,-4.24533333333333,-0.9578285798083519,-0.9600000000000004,-1.6,-1.6,2.7777777777777777,2.7777777777777777,36.03111111111111,12.429949179201518,12.34533333333334,0.9355786226225002,-0.1599999999999997,-1.6,-1.6,2.7777777777777777,2.7777777777777777
49,1.7000000000000002,True,2,0.0,True,35.99111111111111,-4.0219925963186425,-4.285333333333329,-0.7726818866545286,-1.1199999999999992,-1.7000000000000002,-1.7000000000000002,2.7777777777777777,2.7777777777777777,36.07111111111111,15.960309769433689,15.670666666666673,0.7766503832038283,-0.09999999999999964,-1.7000000000000002,-1.7000000000000002,2.7777777777777777,2.7777777777777777
51,0.0,False,0,4.0,False,36.11111111111111,-2.9412766722125125,-2.9333333333333043,0.1288760029391378,1.6,0.0,0.0,2.7777777777777777,2.7777777777777777,,,,,,,,,
51,0.1,False,0,4.0,True,36.07111111111111,-2.803704178278468,-2.977333333333351,1.6580155980276992,1.4300000000000002,-0.1,-0.1,2.7777777777777777,2.7777777777777777,36.07111111111111,476.52301219172585,476.4466666666671,0.028552614274262256,-0.00999999999999579,-0.1,-0.1,2.7777777777777777,2.7777777777777777
51,0.2,False,0,4.0,False,36.11111111111111,-3.063035065857423,-2.9333333333333043,1.7135315877714983,1.2600000000000002,-0.2,-0.2,2.7777777777777777,2.7777777777777777,36.11111111111111,211.49877592107856,210.39999999999998,-0.8182494194891388,-0.019999999999997353,-0.2,-0.2,2.7777777777777777,2.7777777777777777
51,0.30000000000000004,False,0,3.633333333333333,False,36.11111111111111,-2.345428884159598,-2.9333333333333043,1.6663094284501496,1.0900000000000003,-0.30000000000000004,-0.30000000000000004,2.7777777777777777,2.7777777777777777,36.11111111111111,120.68714900678057,120.40000000000016,-0.5093434246645636,-0.020000000000001572,-0.30000000000000004,-0.30000000000000004,2.7777777777777777,2.7777777777777777
51,0.4,False,0,2.3,False,36.11111111111111,-2.5987516590790376,-2.9333333333333043,1.1125720716402343,0.9199999999999999,-0.4,-0.4,2.7777777777777777,2.7777777777777777,36.11111111111111,75.04019167686768,73.73333333333345,-0.7995341127448325,-6.661338147750939e-16,-0.4,-0.4,2.7777777777777777,2.7777777777777777
51,0.5,False,0,1.5,False,36.11111111111111,-2.6798916218747477,-2.9333333333333043,0.19033976472520608,0.75,-0.5,-0.5,2.7777777777777777,2.7777777777777777,36.11111111111111,47.585766146674395,47.06666666666675,-1.0994165933068305,0.0,-0.5,-0.5,2.7777777777777777,2.7777777777777777
51,0.6000000000000001,False,0,0.9666666666666673,True,36.03111111111111,-1.8432412704548282,-2.9653333333333363,0.11802233118067385,0.5800000000000005,-0.6000000000000001,-0.6000000000000001,2.7777777777777777,2.7777777777777777,36.03111111111111,30.2434933553309,30.287999999999936,0.9371896146372118,-0.019999999999999574,-0.6000000000000001,-0.6000000000000001,2.7777777777777777,2.7777777777777777
51,0.7000000000000001,False,0,0.5857142857142865,True,36.03111111111111,-3.7675954329422394,-2.9813333333333487,1.0578428821371477,0.4100000000000006,-0.7000000000000001,-0.7000000000000001,2.7777777777777777,2.7777777777777777,36.03111111111111,17.455905260591482,16.970666666666606,1.336611332156111,-0.009999999999999343,-0.7000000000000001,-0.7000000000000001,2.7777777777777777,2.7777777777777777
51,0.8,False,0,0.2999999999999997,True,36.07111111111111,-0.8294855728369184,-2.941333333333314,0.12499977870400603,0.23999999999999977,-0.8,-0.8,2.7777777777777777,2.7777777777777777,36.07111111111111,7.668989109899582,7.046666666666678,0.02718341060282059,-2.220446049250313e-16,-0.8,-0.8,2.7777777777777777,2.7777777777777777
51,0.9,False,0,0.07777777777777735,True,35.99111111111111,-3.0674088716353394,-2.9853333333333394,0.1583184717381596,0.06999999999999962,-0.9,-0.9,2.7777777777777777,2.7777777777777777,35.99111111111111,1.6511702744598766,0.33599999999999586,-0.04038157718126212,-0.02000000000000024,-0.9,-0.9,2.7777777777777777,2.7777777777777777
51,1.0,True,1,0.0,True,35.95111111111111,-2.9436965400227946,-2.993333333333328,-0.7905582044739945,-0.09999999999999987,-1.0,-1.0,2.7777777777777777,2.7777777777777777,35.95111111111111,-3.1008087097621297,-2.2893333333333414,0.13700088708086922,0.0,-1.0,-1.0,2.7777777777777777,2.7777777777777777
51,1.1,True,2,0.0,True,35.87111111111111,-1.7084406654782667,-3.0493333333333323,0.9115050289816997,-0.2699999999999998,-1.1,-1.1,2.7777777777777777,2.7777777777777777,35.95111111111111,1.355175687044654,1.072,-0.8014768514553996,-0.0499999999999996,-1.1,-1.1,2.7777777777777777,2.7777777777777777
51,1.2000000000000002,True,2,0.0,True,35.91111111111111,-0.8457983356931704,-3.05333333333333,-0.06813792183332201,-0.4399999999999995,-1.2000000000000002,-1.2000000000000002,2.7777777777777777,2.7777777777777777,35.99111111111111,3.363703287364335,4.397333333333326,-0.22628217534080752,-0.07999999999999963,-1.2000000000000002,-1.2000000000000002,2.7777777777777777,2.7777777777777777
51,1.3,True,2,0.0,True,35.99111111111111,-1.9349138234319723,-2.989333333333337,-0.6154844385045668,-0.6100000000000003,-1.3,-1.3,2.7777777777777777,2.7777777777777777,36.07111111111111,8.734398069904106,7.682666666666681,-0.2007885472185924,-0.09000000000000008,-1.3,-1.3,2.7777777777777777,2.7777777777777777
51,1.4000000000000001,True,2,0.0,True,35.95111111111111,-2.6312157144304704,-3.0053333333333354,-0.6269525558222722,-0.7799999999999994,-1.4000000000000001,-1.4000000000000001,2.7777777777777777,2.7777777777777777,36.07111111111111,11.84892514151485,11.012000000000011,-0.7331328299209816,-0.08000000000000007,-1.4000000000000001,-1.4000000000000001,2.7777777777777777,2.7777777777777777
51,1.5,True,2,0.0,True,35.95111111111111,-2.5312476477617905,-3.0213333333333408,-0.41157831894890906,-0.9499999999999997,-1.5,-1.5,2.7777777777777777,2.7777777777777777,36.07111111111111,13.908642240828048,14.357333333333347,0.29506385708319094,-0.04999999999999982,-1.5,-1.5,2.7777777777777777,2.7777777777777777
51,1.6,True,2,0.0,True,35.95111111111111,-2.5176122825920215,-2.9853333333333323,-1.8538002605990067,-1.1200000000000006,-1.6,-1.6,2.7777777777777777,2.7777777777777777,36.11111111111111,13.32154393477462,14.33333333333334,1.1532277442911787,-0.1599999999999997,-1.6,-1.6,2.7777777777777777,2.7777777777777777
51,1.7000000000000002,True,2,0.0,True,35.91111111111111,-0.8503239800722353,-3.037333333333339,-0.19419907172164041,-1.2899999999999991,-1.7000000000000002,-1.7000000000000002,2.7777777777777777,2.7777777777777777,36.07111111111111,17.175032822933193,17.67466666666667,-0.18978228588956192,-0.09999999999999964,-1.7000000000000002,-1.7000000000000002,2.7777777777777777,2.7777777777777777
53,0.0,False,0,4.0,False,36.11111111111111,-3.5148656788923374,-3.6666666666666954,1.521834986480298,1.6,0.0,0.0,2.7777777777777777,2.7777777777777777,,,,,,,,,
53,0.1,False,0,4.0,False,36.11111111111111,-2.8973795429837095,-3.6666666666666954,3.907857283901666,1.4300000000000002,-0.1,-0.1,2.7777777777777777,2.7777777777777777,36.11111111111111,475.00806144315675,475.06666666666473,-0.6477661434764133,-0.00999999999999579,-0.1,-0.1,2.7777777777777777,2.7777777777777777
53,0.2,False,0,4.0,False,36.11111111111111,-4.08474056286575,-3.6666666666666954,1.4567834451891613,1.2600000000000002,-0.2,-0.2,2.7777777777777777,2.7777777777777777,36.11111111111111,210.76052109393282,208.39999999999998,1.5561761766950513,-0.019999999999997353,-0.2,-0.2,2.7777777777777777,2.7777777777777777
53,0.30000000000000004,False,0,3.5333333333333323,False,36.11111111111111,-4.136209096553027,-3.6666666666666954,0.9311037936279427,1.0900000000000003,-0.30000000000000004,-0.30000000000000004,2.7777777777777777,2.7777777777777777,36.11111111111111,118.56447281594684,118.40000000000016,-0.15687044988269938,-0.020000000000001572,-0.30000000000000004,-0.30000000000000004,2.7777777777777777,2.7777777777777777
53,0.4,False,0,2.1999999999999997,True,36.03111111111111,-2.5778756077152876,-3.646666666666685,1.5932956185275393,0.9199999999999999,-0.4,-0.4,2.7777777777777777,2.7777777777777777,36.03111111111111,71.56190100785389,71.52933333333321,0.3997086444870228,-6.661338147750939e-16,-0.4,-0.4,2.7777777777777777,2.7777777777777777
53,0.5,False,0,1.4000000000000004,False,36.11111111111111,-3.6801254836493937,-3.6666666666666954,2.3120245121089806,0.75,-0.5,-0.5,2.7777777777777777,2.7777777777777777,36.11111111111111,47.39206404021522,45.06666666666675,-0.27422950399670487,0.0,-0.5,-0.5,2.7777777777777777,2.7777777777777777
53,0.6000000000000001,False,0,0.8666666666666674,True,36.07111111111111,-4.058300366060325,-3.6306666666666514,0.5968541784694632,0.5800000000000005,-0.6000000000000001,-0.6000000000000001,2.7777777777777777,2.7777777777777777,36.07111111111111,28.388232445923148,28.323999999999966,-0.17885484459451018,-0.019999999999999574,-0.6000000000000001,-0.6000000000000001,2.7777777777777777,2.7777777777777777
53,0.7000000000000001,False,0,0.4857142857142861,True,36.03111111111111,-4.130600139689075,-3.6386666666666825,0.30887280213531243,0.4100000000000006,-0.7000000000000001,-0.7000000000000001,2.7777777777777777,2.7777777777777777,36.03111111111111,15.207693865762632,14.990666666666645,0.40322067696183295,-0.009999999999999343,-0.7000000000000001,-0.7000000000000001,2.7777777777777777,2.7777777777777777
53,0.8,False,0,0.19999999999999962,False,36.11111111111111,-4.045528929673057,-3.6666666666666954,-0.06834541994815435,0.23999999999999977,-0.8,-0.8,2.7777777777777777,2.7777777777777777,36.11111111111111,5.8259720932182875,5.066666666666703,1.032958192891209,-2.220446049250313e-16,-0.8,-0.8,2.7777777777777777,2.7777777777777777
53,0.9,True,1,0.0,True,36.03111111111111,-3.3020625046694816,-3.6386666666666754,0.33385551371136124,0.06999999999999962,-0.9,-0.9,2.7777777777777777,2.7777777777777777,36.03111111111111,-1.1122728299585019,-1.6359999999999983,-0.35012374647403366,-0.02000000000000024,-0.9,-0.9,2.7777777777777777,2.7777777777777777
53,1.0,True,2,0.0,True,36.07111111111111,-4.208413482109672,-3.638666666666661,0.5931059729910824,-0.09999999999999987,-1.0,-1.0,2.7777777777777777,2.7777777777777777,36.07111111111111,-0.4775036807681756,-0.30933333333333035,1.2192599299611895,0.0,-1.0,-1.0,2.7777777777777777,2.7777777777777777
53,1.1,True,2,0.0,True,35.99111111111111,-2.071140908741323,-3.6146666666666674,0.17501255959314577,-0.2699999999999998,-1.1,-1.1,2.7777777777777777,2.7777777777777777,36.03111111111111,2.132859348996729,3.032000000000001,0.7672846322910813,-0.0499999999999996,-1.1,-1.1,2.7777777777777777,2.7777777777777777
53,1.2000000000000002,True,2,0.0,True,35.99111111111111,-2.5929537556709645,-3.5746666666666753,-1.2970775396210281,-0.4399999999999995,-1.2000000000000002,-1.2000000000000002,2.7777777777777777,2.7777777777777777,35.99111111111111,5.583647858075726,6.38933333333333,0.18967877451115145,-0.07999999999999963,-1.2000000000000002,-1.2000000000000002,2.7777777777777777,2.7777777777777777
53,1.3,True,2,0.0,True,35.99111111111111,-4.056634773548974,-3.6306666666666727,0.6257293871333265,-0.6100000000000003,-1.3,-1.3,2.7777777777777777,2.7777777777777777,36.11111111111111,8.735110066439855,9.666666666666668,-0.38819544190361466,-0.09000000000000008,-1.3,-1.3,2.7777777777777777,2.7777777777777777
53,1.4000000000000001,True,2,0.0,True,35.95111111111111,-3.9078795202347747,-3.6106666666666625,0.6422496753323874,-0.7799999999999994,-1.4000000000000001,-1.4000000000000001,2.7777777777777777,2.7777777777777777,36.11111111111111,11.72666028792609,13.000000000000004,-0.9042773855965047,-0.08000000000000007,-1.4000000000000001,-1.4000000000000001,2.7777777777777777,2.7777777777777777
53,1.5,True,2,0.0,True,36.03111111111111,-3.3625323805282035,-3.6546666666666736,-0.7325176631253856,-0.9499999999999997,-1.5,-1.5,2.7777777777777777,2.7777777777777777,36.11111111111111,16.89530342053573,16.33333333333334,0.7229687943252765,-0.04999999999999982,-1.5,-1.5,2.7777777777777777,2.7777777777777777
53,1.6,True,2,0.0,True,35.95111111111111,-3.0783470050552095,-3.594666666666657,-0.28185764225421117,-1.1200000000000006,-1.6,-1.6,2.7777777777777777,2.7777777777777777,36.07111111111111,15.480942133281214,16.337333333333344,0.16505658425453174,-0.1599999999999997,-1.6,-1.6,2.7777777777777777,2.7777777777777777
53,1.7000000000000002,True,2,0.0,True,35.87111111111111,-4.106776579707041,-3.578666666666659,-1.6170431520375659,-1.2899999999999991,-1.7000000000000002,-1.7000000000000002,2.7777777777777777,2.7777777777777777,36.11111111111111,18.32463028934004,19.666666666666675,-0.3109691251978348,-0.09999999999999964,-1.7000000000000002,-1.7000000000000002,2.7777777777777777,2.7777777777777777
55,0.0,False,0,4.0,False,36.11111111111111,-2.0695360914221963,-3.5999999999999686,1.017176091528039,1.6,0.0,0.0,2.7777777777777777,2.7777777777777777,,,,,,,,,
55,0.1,False,0,4.0,True,36.07111111111111,-2.6247517634236557,-3.623999999999998,0.8826085536443746,1.42,-0.1,-0.1,2.7777777777777777,2.7777777777777777,36.07111111111111,471.30508885373496,472.4706666666671,-0.12124140280703943,-0.00999999999999579,-0.1,-0.1,2.7777777777777777,2.7777777777777777
55,0.2,False,0,4.0,False,36.11111111111111,-3.246585792837368,-3.5999999999999686,2.006646077423141,1.2399999999999998,-0.2,-0.2,2.7777777777777777,2.7777777777777777,36.11111111111111,206.52915928720492,206.39999999999998,1.2847333581648877,-0.019999999999997353,-0.2,-0.2,2.7777777777777777,2.7777777777777777
55,0.30000000000000004,False,0,3.4333333333333336,False,36.11111111111111,-3.2628181227642115,-3.5999999999999686,1.946613075394116,1.06,-0.30000000000000004,-0.30000000000000004,2.7777777777777777,2.7777777777777777,36.11111111111111,115.8699774210145,116.40000000000016,0.6334894004511873,-0.020000000000001572,-0.30000000000000004,-0.30000000000000004,2.7777777777777777,2.7777777777777777
55,0.4,False,0,2.0999999999999996,True,36.07111111111111,-3.602841858976052,-3.6119999999999832,0.1075938031578274,0.8799999999999999,-0.4,-0.4,2.7777777777777777,2.7777777777777777,36.07111111111111,69.74371617373728,69.6333333333334,0.6199408476909665,-6.661338147750939e-16,-0.4,-0.4,2.7777777777777777,2.7777777777777777
55,0.5,False,0,1.2999999999999998,True,36.07111111111111,-3.240955046933453,-3.6079999999999783,1.9808636836842726,0.7000000000000002,-0.5,-0.5,2.7777777777777777,2.7777777777777777,36.07111111111111,44.57674833123119,43.00266666666667,0.9662143514178552,0.0,-0.5,-0.5,2.7777777777777777,2.7777777777777777
55,0.6000000000000001,False,0,0.7666666666666673,True,36.03111111111111,-3.1617954151439305,-3.644000000000008,0.015134680988481808,0.5200000000000005,-0.6000000000000001,-0.6000000000000001,2.7777777777777777,2.7777777777777777,36.03111111111111,26.015439709732217,26.28399999999993,0.1471181768295442,-0.019999999999999574,-0.6000000000000001,-0.6000000000000001,2.7777777777777777,2.7777777777777777
55,0.7000000000000001,False,0,0.38571428571428634,False,36.11111111111111,-2.7813162457453684,-3.5999999999999686,-0.42654950642159206,0.3400000000000003,-0.7000000000000001,-0.7000000000000001,2.7777777777777777,2.7777777777777777,36.11111111111111,14.919342585739717,13.066666666666716,-0.1633121882919919,-0.009999999999999343,-0.7000000000000001,-0.7000000000000001,2.7777777777777777,2.7777777777777777
55,0.8,False,0,0.09999999999999953,True,35.95111111111111,-3.324219878629097,-3.708000000000001,-0.415527357538672,0.1599999999999997,-0.8,-0.8,2.7777777777777777,2.7777777777777777,35.95111111111111,4.167333968154591,2.9266666666666596,-0.42721441101986635,-2.220446049250313e-16,-0.8,-0.8,2.7777777777777777,2.7777777777777777
55,0.9,True,1,0.0,True,36.03111111111111,-2.567178838661671,-3.6119999999999832,1.5343560480758738,-0.02000000000000024,-0.9,-0.9,2.7777777777777777,2.7777777777777777,36.03111111111111,-2.567178838661671,-3.6119999999999832,1.5343560480758738,-0.02000000000000024,-0.9,-0.9,2.7777777777777777,2.7777777777777777
55,1.0,True,2,0.0,True,35.95111111111111,-2.23273866741292,-3.6759999999999904,0.02300742062057526,-0.19999999999999996,-1.0,-1.0,2.7777777777777777,2.7777777777777777,35.99111111111111,1.481567715282023,1.7146666666666563,0.37374977392550335,0.0,-1.0,-1.0,2.7777777777777777,2.7777777777777777
55,1.1,True,2,0.0,True,35.99111111111111,-4.171425562852693,-3.6479999999999846,-0.8284587562449759,-0.3799999999999999,-1.1,-1.1,2.7777777777777777,2.7777777777777777,36.03111111111111,5.881233550965772,5.019999999999986,0.19948737415133877,-0.0499999999999996,-1.1,-1.1,2.7777777777777777,2.7777777777777777
55,1.2000000000000002,True,2,0.0,True,36.03111111111111,-2.6941929966579563,-3.6320000000000077,-1.276248934007619,-0.5599999999999992,-1.2000000000000002,-1.2000000000000002,2.7777777777777777,2.7777777777777777,36.07111111111111,8.82111952378813,8.33733333333333,0.5086431879297373,-0.07999999999999963,-1.2000000000000002,-1.2000000000000002,2.7777777777777777,2.7777777777777777
55,1.3,True,2,0.0,True,36.03111111111111,-3.03555505232175,-3.619999999999993,-0.4666932547819511,-0.7400000000000007,-1.3,-1.3,2.7777777777777777,2.7777777777777777,36.11111111111111,11.136076006590887,11.666666666666668,0.5838011998200119,-0.09000000000000008,-1.3,-1.3,2.7777777777777777,2.7777777777777777
55,1.4000000000000001,True,2,0.0,True,35.91111111111111,-1.8551453488975609,-3.7119999999999918,-0.271718100973922,-0.919999999999999,-1.4000000000000001,-1.4000000000000001,2.7777777777777777,2.7777777777777777,36.03111111111111,14.795727669043007,15.020000000000007,-0.2730425674789072,-0.08000000000000007,-1.4000000000000001,-1.4000000000000001,2.7777777777777777,2.7777777777777777
55,1.5,True,2,0.0,True,35.87111111111111,-3.2958414000933898,-3.684,-0.7491949309858326,-1.1,-1.5,-1.5,2.7777777777777777,2.7777777777777777,36.11111111111111,19.563310362789405,18.33333333333334,0.1400939193222639,-0.04999999999999982,-1.5,-1.5,2.7777777777777777,2.7777777777777777
55,1.6,True,2,0.0,True,35.83111111111111,-3.9249092837408623,-3.732000000000002,-0.5027359655861496,-1.2800000000000007,-1.6,-1.6,2.7777777777777777,2.7777777777777777,36.07111111111111,18.144245399453464,18.353333333333342,0.19952093354622846,-0.1599999999999997,-1.6,-1.6,2.7777777777777777,2.7777777777777777
55,1.7000000000000002,True,2,0.0,True,35.83111111111111,-4.269981380977444,-3.7440000000000024,-1.6465591419326673,-1.459999999999999,-1.7000000000000002,-1.7000000000000002,2.7777777777777777,2.7777777777777777,36.07111111111111,21.989518770859608,21.67466666666667,0.40004938934490486,-0.09999999999999964,-1.7000000000000002,-1.7000000000000002,2.7777777777777777,2.7777777777777777
57,0.0,False,0,4.0,True,36.07111111111111,-2.5443748880294548,-2.959999999999982,1.6080995021002766,1.6,0.0,0.0,2.7777777777777777,2.7777777777777777,,,,,,,,,
57,0.1,False,0,4.0,False,36.11111111111111,-3.293601544632611,-3.000000000000031,0.33737752990488756,1.42,-0.1,-0.1,2.7777777777777777,2.7777777777777777,36.11111111111111,471.8809439485723,471.06666666666473,0.31482548260176113,-0.00999999999999579,-0.1,-0.1,2.7777777777777777,2.7777777777777777
57,0.2,False,0,4.0,False,36.11111111111111,-2.7703941372557663,-3.000000000000031,1.1001373721345469,1.2399999999999998,-0.2,-0.2,2.7777777777777777,2.7777777777777777,36.11111111111111,206.34087418301948,204.39999999999998,1.1453242947467497,-0.019999999999997353,-0.2,-0.2,2.7777777777777777,2.7777777777777777
57,0.30000000000000004,False,0,3.4333333333333336,False,36.11111111111111,-3.9635369523526434,-3.000000000000031,0.1284349508206848,1.06,-0.30000000000000004,-0.30000000000000004,2.7777777777777777,2.7777777777777777,36.11111111111111,113.8377348226977,114.40000000000016,-1.3511336965036576,-0.020000000000001572,-0.30000000000000004,-0.30000000000000004,2.7777777777777777,2.7777777777777777
57,0.4,False,0,2.0999999999999996,False,36.11111111111111,-2.5977330965145766,-3.000000000000031,1.3928037866457426,0.8799999999999999,-0.4,-0.4,2.7777777777777777,2.7777777777777777,36.11111111111111,67.59261076682657,67.73333333333345,0.47535693691072156,-6.661338147750939e-16,-0.4,-0.4,2.7777777777777777,2.7777777777777777
57,0.5,False,0,1.2999999999999998,True,36.03111111111111,-3.1844441216832875,-2.9640000000000155,1.6327012625644022,0.7000000000000002,-0.5,-0.5,2.7777777777777777,2.7777777777777777,36.03111111111111,40.810801246251245,40.918666666666596,-0.599493583053603,0.0,-0.5,-0.5,2.7777777777777777,2.7777777777777777
57,0.6000000000000001,False,0,0.7666666666666673,True,36.03111111111111,-3.271640876028644,-2.943999999999977,0.9502750290593354,0.5200000000000005,-0.6000000000000001,-0.6000000000000001,2.7777777777777777,2.7777777777777777,36.03111111111111,24.290257846943785,24.271999999999917,-0.10613568674796836,-0.019999999999999574,-0.6000000000000001,-0.6000000000000001,2.7777777777777777,2.7777777777777777
57,0.7000000000000001,False,0,0.38571428571428634,True,36.07111111111111,-3.358784185736641,-2.9840000000000115,1.313555409634946,0.3400000000000003,-0.7000000000000001,-0.7000000000000001,2.7777777777777777,2.7777777777777777,36.07111111111111,11.50850838613091,11.030666666666672,0.08349262229605836,-0.009999999999999343,-0.7000000000000001,-0.7000000000000001,2.7777777777777777,2.7777777777777777
57,0.8,False,0,0.09999999999999953,True,36.07111111111111,-3.9891107274788338,-2.9840000000000115,0.9870304329032265,0.1599999999999997,-0.8,-0.8,2.7777777777777777,2.7777777777777777,36.07111111111111,1.7691956880313429,1.0426666666666735,1.2718495918750592,-2.220446049250313e-16,-0.8,-0.8,2.7777777777777777,2.7777777777777777
57,0.9,True,2,0.0,True,36.03111111111111,-3.423051108643935,-2.968000000000006,0.6053383626522812,-0.02000000000000024,-0.9,-0.9,2.7777777777777777,2.7777777777777777,36.03111111111111,-3.423051108643935,-2.968000000000006,0.6053383626522812,-0.02000000000000024,-0.9,-0.9,2.7777777777777777,2.7777777777777777
57,1.0,True,2,0.0,True,36.03111111111111,-4.011013707192066,-2.972000000000011,-0.904290446505271,-0.19999999999999996,-1.0,-1.0,2.7777777777777777,2.7777777777777777,36.07111111111111,2.5351812029024616,3.678666666666655,-0.109329108269838,0.0,-1.0,-1.0,2.7777777777777777,2.7777777777777777
57,1.1,True,2,0.0,True,35.95111111111111,-2.668361513038451,-2.9159999999999995,1.6533051470432638,-0.3799999999999999,-1.1,-1.1,2.7777777777777777,2.7777777777777777,36.03111111111111,7.01413409593668,7.0440000000000085,-0.49022327901086893,-0.0499999999999996,-1.1,-1.1,2.7777777777777777,2.7777777777777777
57,1.2000000000000002,True,2,0.0,True,35.99111111111111,-3.564465287795559,-2.967999999999992,-0.936892280464042,-0.5599999999999992,-1.2000000000000002,-1.2000000000000002,2.7777777777777777,2.7777777777777777,36.07111111111111,10.570131398225154,10.33733333333333,0.1765332030501039,-0.07999999999999963,-1.2000000000000002,-1.2000000000000002,2.7777777777777777,2.7777777777777777
57,1.3,True,2,0.0,True,35.99111111111111,-3.4069723183153,-2.971999999999997,-0.23485522478471865,-0.7400000000000007,-1.3,-1.3,2.7777777777777777,2.7777777777777777,36.11111111111111,13.991729088150901,13.666666666666668,0.6414913289285926,-0.09000000000000008,-1.3,-1.3,2.7777777777777777,2.7777777777777777
57,1.4000000000000001,True,2,0.0,True,35.99111111111111,-3.1010882880055872,-2.9519999999999866,-1.208510731936347,-0.919999999999999,-1.4000000000000001,-1.4000000000000001,2.7777777777777777,2.7777777777777777,36.07111111111111,16.592531785302906,17.008000000000006,0.6830616884196825,-0.08000000000000007,-1.4000000000000001,-1.4000000000000001,2.7777777777777777,2.7777777777777777
57,1.5,True,2,0.0,True,35.87111111111111,-3.133634225834146,-2.884000000000003,-0.5011039849731898,-1.1,-1.5,-1.5,2.7777777777777777,2.7777777777777777,36.03111111111111,20.137475473137652,20.34533333333334,1.037968589985796,-0.04999999999999982,-1.5,-1.5,2.7777777777777777,2.7777777777777777
57,1.6,True,2,0.0,True,35.791111111111114,-3.1471524409833647,-2.8240000000000007,-0.273004907659367,-1.2800000000000007,-1.6,-1.6,2.7777777777777777,2.7777777777777777,36.03111111111111,20.051676147287242,20.365333333333343,-0.6105027939507064,-0.1599999999999997,-1.6,-1.6,2.7777777777777777,2.7777777777777777
57,1.7000000000000002,True,2,0.0,True,35.87111111111111,-3.7304254481986474,-2.8919999999999986,-1.4808834247054077,-1.459999999999999,-1.7000000000000002,-1.7000000000000002,2.7777777777777777,2.7777777777777777,36.07111111111111,23.18786179702683,23.674666666666663,0.2956273966663572,-0.09999999999999964,-1.7000000000000002,-1.7000000000000002,2.7777777777777777,2.7777777777777777
59,0.0,False,0,4.0,False,36.11111111111111,-4.159477788311167,-4.26666666666664,2.1988281308004827,1.6,0.0,0.0,2.7777777777777777,2.7777777777777777,,,,,,,,,
59,0.1,False,0,4.0,True,36.07111111111111,-3.4930821407382835,-4.278666666666655,1.6792754711734776,1.4100000000000001,-0.1,-0.1,2.7777777777777777,2.7777777777777777,36.07111111111111,468.54023687935415,468.4866666666672,-1.5063572465778292,-0.00999999999999579,-0.1,-0.1,2.7777777777777777,2.7777777777777777
59,0.2,False,0,4.0,True,36.07111111111111,-3.370085439781806,-4.285333333333315,1.4200946219557449,1.2200000000000002,-0.2,-0.2,2.7777777777777777,2.7777777777777777,36.07111111111111,202.33134996727392,202.10400000000055,-0.4944961794149969,-0.019999999999997353,-0.2,-0.2,2.7777777777777777,2.7777777777777777
59,0.30000000000000004,False,0,3.3333333333333344,False,36.11111111111111,-4.297833954546692,-4.26666666666664,-0.05352225348459316,1.0300000000000002,-0.30000000000000004,-0.30000000000000004,2.7777777777777777,2.7777777777777777,36.11111111111111,113.06951233503686,112.40000000000016,-0.43578475871928846,-0.020000000000001572,-0.30000000000000004,-0.30000000000000004,2.7777777777777777,2.7777777777777777
59,0.4,False,0,1.9999999999999996,True,35.95111111111111,-4.1056423887245215,-4.245333333333337,-0.6345230368616654,0.8399999999999999,-0.4,-0.4,2.7777777777777777,2.7777777777777777,35.91111111111111,65.59903066470517,65.22533333333321,-0.9177006732420283,-6.661338147750939e-16,-0.4,-0.4,2.7777777777777777,2.7777777777777777
59,0.5,False,0,1.2000000000000002,True,36.07111111111111,-3.8954571272580294,-4.278666666666655,-0.4569839964610025,0.6499999999999999,-0.5,-0.5,2.7777777777777777,2.7777777777777777,36.07111111111111,38.7227077801531,39.00266666666667,-0.3280518521856661,0.0,-0.5,-0.5,2.7777777777777777,2.7777777777777777
59,0.6000000000000001,False,0,0.6666666666666672,True,36.03111111111111,-3.9613354373940153,-4.293333333333325,0.3511378149090767,0.4600000000000004,-0.6000000000000001,-0.6000000000000001,2.7777777777777777,2.7777777777777777,36.03111111111111,21.735984526659873,22.295999999999946,0.5566608551790755,-0.019999999999999574,-0.6000000000000001,-0.6000000000000001,2.7777777777777777,2.7777777777777777
59,0.7000000000000001,False,0,0.2857142857142866,True,35.99111111111111,-4.253891612958543,-4.229333333333332,-0.24889627677148174,0.27000000000000046,-0.7000000000000001,-0.7000000000000001,2.7777777777777777,2.7777777777777777,35.95111111111111,8.806393005880064,8.898666666666667,0.0275820261224895,-0.009999999999999343,-0.7000000000000001,-0.7000000000000001,2.7777777777777777,2.7777777777777777
59,0.8,True,1,0.0,True,36.07111111111111,-3.7650933469021366,-4.2826666666666595,0.11595656152232481,0.07999999999999963,-0.8,-0.8,2.7777777777777777,2.7777777777777777,36.07111111111111,-1.114752657046668,-0.9533333333333216,0.3749663783991046,-2.220446049250313e-16,-0.8,-0.8,2.7777777777777777,2.7777777777777777
59,0.9,True,2,0.0,True,36.07111111111111,-3.6478020545240097,-4.286666666666664,-0.18560590806723654,-0.1100000000000001,-0.9,-0.9,2.7777777777777777,2.7777777777777777,36.07111111111111,-1.7473420121203018,-0.9840000000000115,0.031775727472727944,-0.02000000000000024,-0.9,-0.9,2.7777777777777777,2.7777777777777777
59,1.0,True,2,0.0,True,35.99111111111111,-2.926912479923021,-4.269333333333324,-0.084304887573182,-0.2999999999999998,-1.0,-1.0,2.7777777777777777,2.7777777777777777,36.03111111111111,6.036286076422312,5.70266666666667,0.3298741451374658,0.0,-1.0,-1.0,2.7777777777777777,2.7777777777777777
59,1.1,True,2,0.0,True,35.99111111111111,-3.5207004417248724,-4.257333333333324,-0.09577746850489888,-0.4900000000000002,-1.1,-1.1,2.7777777777777777,2.7777777777777777,36.03111111111111,7.629652950091189,9.036000000000005,0.05854578600640781,-0.0499999999999996,-1.1,-1.1,2.7777777777777777,2.7777777777777777
59,1.2000000000000002,True,2,0.0,True,35.91111111111111,-4.278475436231349,-4.189333333333326,-1.3909782582020722,-0.6799999999999993,-1.2000000000000002,-1.2000000000000002,2.7777777777777777,2.7777777777777777,35.99111111111111,12.827674844106784,12.40133333333333,0.1533779798525705,-0.07999999999999963,-1.2000000000000002,-1.2000000000000002,2.7777777777777777,2.7777777777777777
59,1.3,True,2,0.0,True,35.95111111111111,-3.011193773859648,-4.245333333333323,0.19680482809000255,-0.8700000000000006,-1.3,-1.3,2.7777777777777777,2.7777777777777777,36.03111111111111,15.416894744311637,15.690666666666676,1.0261570079923685,-0.09000000000000008,-1.3,-1.3,2.7777777777777777,2.7777777777777777
59,1.4000000000000001,True,2,0.0,True,35.87111111111111,-3.4730200647594556,-4.213333333333327,-0.8077699955750242,-1.0599999999999992,-1.4000000000000001,-1.4000000000000001,2.7777777777777777,2.7777777777777777,36.07111111111111,20.600947215152278,19.012000000000004,-0.5576794891576009,-0.08000000000000007,-1.4000000000000001,-1.4000000000000001,2.7777777777777777,2.7777777777777777
59,1.5,True,2,0.0,True,35.791111111111114,-4.075036485005458,-4.141333333333338,-0.3698759190051861,-1.25,-1.5,-1.5,2.7777777777777777,2.7777777777777777,36.03111111111111,22.51215635941465,22.349333333333337,-0.4335684172128831,-0.04999999999999982,-1.5,-1.5,2.7777777777777777,2.7777777777777777
59,1.6,True,2,0.0,True,35.331611111111116,-3.0845329631311555,-4.05473333333332,0.5080032473761227,-1.4400000000000008,-1.6,-1.6,2.7777777777777777,2.7777777777777777,36.03111111111111,23.30691899686141,22.353333333333335,-0.3014967215182778,-0.1599999999999997,-1.6,-1.6,2.7777777777777777,2.7777777777777777
59,1.7000000000000002,True,2,0.0,True,35.331611111111116,-3.8762302099324186,-4.05473333333332,-1.8170492743254625,-1.629999999999999,-1.7000000000000002,-1.7000000000000002,2.7777777777777777,2.7777777777777777,36.07111111111111,25.643004901757447,25.67866666666667,-0.22976438493254214,-0.09999999999999964,-1.7000000000000002,-1.7000000000000002,2.7777777777777777,2.7777777777777777
61,0.0,False,0,4.0,False,36.11111111111111,-2.8090767377151904,-2.933333333333297,1.0208248966625302,1.6,0.0,0.0,2.7777777777777777,2.7777777777777777,,,,,,,,,
61,0.1,False,0,4.0,False,36.11111111111111,-3.329166531096294,-2.933333333333297,1.1413610120239177,1.4,-0.1,-0.1,2.7777777777777777,2.7777777777777777,36.11111111111111,466.03323255879616,467.06666666666473,-1.0768667889242804,-0.00999999999999579,-0.1,-0.1,2.7777777777777777,2.7777777777777777
61,0.2,False,0,4.0,True,36.07111111111111,-1.7866191335952548,-2.9533333333333216,0.2522534377752823,1.2000000000000002,-0.2,-0.2,2.7777777777777777,2.7777777777777777,36.07111111111111,200.13637084641715,200.1360000000006,-0.564478410083332,-0.019999999999997353,-0.2,-0.2,2.7777777777777777,2.7777777777777777
61,0.30000000000000004,False,0,3.3333333333333344,True,36.03111111111111,-3.65668026722864,-2.977333333333351,1.0911197850702297,1.0000000000000004,-0.30000000000000004,-0.30000000000000004,2.7777777777777777,2.7777777777777777,36.03111111111111,111.07920629952719,110.08399999999979,-1.044452649492527,-0.020000000000001572,-0.30000000000000004,-0.30000000000000004,2.7777777777777777,2.7777777777777777
61,0.4,False,0,1.9999999999999996,True,35.99111111111111,-2.4974800694966772,-3.0293333333333434,1.4348250254653014,0.7999999999999998,-0.4,-0.4,2.7777777777777777,2.7777777777777777,35.99111111111111,63.239042945017246,63.39733333333338,-0.3248116553677409,-6.661338147750939e-16,-0.4,-0.4,2.7777777777777777,2.7777777777777777
61,0.5,False,0,1.2000000000000002,True,35.99111111111111,-2.1188253014471767,-2.965333333333322,1.1740140679567301,0.6000000000000001,-0.5,-0.5,2.7777777777777777,2.7777777777777777,35.99111111111111,37.431306816299625,36.89066666666672,0.24706048928198365,0.0,-0.5,-0.5,2.7777777777777777,2.7777777777777777
61,0.6000000000000001,False,0,0.6666666666666672,True,36.03111111111111,-2.2382178754281936,-2.945333333333312,0.8147946159275614,0.40000000000000036,-0.6000000000000001,-0.6000000000000001,2.7777777777777777,2.7777777777777777,36.03111111111111,20.30628869251795,20.331999999999976,0.4080531042784048,-0.019999999999999574,-0.6000000000000001,-0.6000000000000001,2.7777777777777777,2.7777777777777777
61,0.7000000000000001,False,0,0.2857142857142866,True,36.03111111111111,-2.0234120945077647,-2.9853333333333465,0.13594939941356898,0.20000000000000062,-0.7000000000000001,-0.7000000000000001,2.7777777777777777,2.7777777777777777,36.03111111111111,8.17340286871362,6.990666666666638,-1.1996593906448272,-0.009999999999999343,-0.7000000000000001,-0.7000000000000001,2.7777777777777777,2.7777777777777777
61,0.8,True,1,0.0,True,35.91111111111111,-3.071309743924675,-3.05333333333333,-0.9380624244965432,-2.220446049250313e-16,-0.8,-0.8,2.7777777777777777,2.7777777777777777,35.91111111111111,-3.071309743924675,-3.05333333333333,-0.9380624244965432,-2.220446049250313e-16,-0.8,-0.8,2.7777777777777777,2.7777777777777777
61,0.9,True,2,0.0,True,35.99111111111111,-2.8170575747828535,-3.073333333333326,-0.7235131991318771,-0.19999999999999996,-0.9,-0.9,2.7777777777777777,2.7777777777777777,35.99111111111111,-0.4282239148514746,1.115999999999997,0.3420818316954364,-0.02000000000000024,-0.9,-0.9,2.7777777777777777,2.7777777777777777
61,1.0,True,2,0.0,True,35.91111111111111,-3.1463342250058757,-3.029333333333329,-1.0794397200459835,-0.3999999999999999,-1.0,-1.0,2.7777777777777777,2.7777777777777777,36.03111111111111,5.5113285482423935,7.698666666666672,-0.7299280605622682,0.0,-1.0,-1.0,2.7777777777777777,2.7777777777777777
61,1.1,True,2,0.0,True,35.91111111111111,-2.4339871339349797,-3.037333333333339,-0.47088499069289247,-0.6000000000000001,-1.1,-1.1,2.7777777777777777,2.7777777777777777,35.99111111111111,9.667725758727801,11.032,0.8913212919199536,-0.0499999999999996,-1.1,-1.1,2.7777777777777777,2.7777777777777777
61,1.2000000000000002,True,2,0.0,True,35.99111111111111,-2.9266518131334207,-3.0293333333333434,-0.49601422451480426,-0.7999999999999994,-1.2000000000000002,-1.2000000000000002,2.7777777777777777,2.7777777777777777,36.03111111111111,13.066730024762816,14.36933333333334,0.7518907730694782,-0.07999999999999963,-1.2000000000000002,-1.2000000000000002,2.7777777777777777,2.7777777777777777
61,1.3,True,2,0.0,True,35.83111111111111,-4.053367257655569,-3.165333333333339,-0.25513177853543967,-1.0000000000000004,-1.3,-1.3,2.7777777777777777,2.7777777777777777,35.95111111111111,16.713939317957713,17.762666666666664,0.04493836444135901,-0.09000000000000008,-1.3,-1.3,2.7777777777777777,2.7777777777777777
61,1.4000000000000001,True,2,0.0,True,35.624611111111115,-2.2114054266395184,-3.1779833333333327,-1.335776935661707,-1.1999999999999988,-1.4000000000000001,-1.4000000000000001,2.7777777777777777,2.7777777777777777,35.99111111111111,20.69105731965986,21.048,0.09684945540045486,-0.08000000000000007,-1.4000000000000001,-1.4000000000000001,2.7777777777777777,2.7777777777777777
61,1.5,True,2,0.0,True,35.87111111111111,-3.5711037568574993,-3.0453333333333488,-0.6115395115421789,-1.4,-1.5,-1.5,2.7777777777777777,2.7777777777777777,36.07111111111111,23.985035636575322,24.341333333333342,0.6936167268401743,-0.04999999999999982,-1.5,-1.5,2.7777777777777777,2.7777777777777777
61,1.6,True,2,0.0,True,35.331611111111116,-1.064443306957446,-3.2079333333333464,-1.5171137944967694,-1.6000000000000005,-1.6,-1.6,2.7777777777777777,2.7777777777777777,36.07111111111111,23.216063519198432,24.341333333333342,-0.2798265829088049,-0.1599999999999997,-1.6,-1.6,2.7777777777777777,2.7777777777777777
61,1.7000000000000002,True,2,0.0,True,35.791111111111114,-3.693736872153468,-3.101333333333346,-1.731769860500325,-1.7999999999999994,-1.7000000000000002,-1.7000000000000002,2.7777777777777777,2.7777777777777777,36.11111111111111,27.410707366705577,27.666666666666668,-0.2613701538043196,-0.09999999999999964,-1.7000000000000002,-1.7000000000000002,2.7777777777777777,2.7777777777777777
63,0.0,False,0,4.0,False,36.11111111111111,-3.8858413323937837,-3.6666666666667025,1.2501108980792712,1.6,0.0,0.0,2.7777777777777777,2.7777777777777777,,,,,,,,,
63,0.1,False,0,4.0,False,36.11111111111111,-4.2366676001895796,-3.6666666666667025,1.1668702786899554,1.4,-0.1,-0.1,2.7777777777777777,2.7777777777777777,36.11111111111111,465.0722365157196,465.06666666666473,-0.5522260190111505,-0.00999999999999579,-0.1,-0.1,2.7777777777777777,2.7777777777777777
63,0.2,False,0,4.0,False,36.11111111111111,69.48163313629412,69.66666666666667,-0.15168040076560607,1.6150000000000002,0.0,0.0,2.7777777777777777,2.7777777777777777,,,,,,,,,
63,0.30000000000000004,False,0,3.2333333333333334,False,36.11111111111111,-3.455651090087957,-3.6666666666667025,-0.10834343035130378,1.0000000000000004,-0.30000000000000004,-0.30000000000000004,2.7777777777777777,2.7777777777777777,36.11111111111111,107.0586375860101,108.40000000000016,1.676319092615695,-0.020000000000001572,-0.30000000000000004,-0.30000000000000004,2.7777777777777777,2.7777777777777777
63,0.4,False,0,1.8999999999999995,False,36.11111111111111,-3.673412784362955,-3.6666666666667025,2.8685444270693403,0.7999999999999998,-0.4,-0.4,2.7777777777777777,2.7777777777777777,36.11111111111111,61.7326011062318,61.73333333333345,-0.3546682276188162,-6.661338147750939e-16,-0.4,-0.4,2.7777777777777777,2.7777777777777777
63,0.5,False,0,1.1000000000000005,True,36.07111111111111,-3.967276521988583,-3.6226666666666487,0.2496970699467984,0.6000000000000001,-0.5,-0.5,2.7777777777777777,2.7777777777777777,36.07111111111111,34.970399175575764,34.974666666666636,-0.12485084338365704,0.0,-0.5,-0.5,2.7777777777777777,2.7777777777777777
63,0.6000000000000001,False,0,0.5666666666666671,True,35.99111111111111,-4.004329609009065,-3.5706666666666846,-0.057280869570053294,0.40000000000000036,-0.6000000000000001,-0.6000000000000001,2.7777777777777777,2.7777777777777777,35.99111111111111,19.436629061456554,18.220000000000038,1.1558628132340858,-0.019999999999999574,-0.6000000000000001,-0.6000000000000001,2.7777777777777777,2.7777777777777777
63,0.7000000000000001,False,0,0.1857142857142868,True,36.03111111111111,-3.9306493246343477,-3.654666666666688,0.2609885465888335,0.20000000000000062,-0.7000000000000001,-0.7000000000000001,2.7777777777777777,2.7777777777777777,36.03111111111111,4.5525501350814155,5.030666666666673,-0.7368059814210599,-0.009999999999999343,-0.7000000000000001,-0.7000000000000001,2.7777777777777777,2.7777777777777777
63,0.8,True,2,0.0,True,35.91111111111111,-3.1483659543649365,-3.510666666666668,0.367840327019501,-2.220446049250313e-16,-0.8,-0.8,2.7777777777777777,2.7777777777777777,35.91111111111111,-3.1483659543649365,-3.510666666666668,0.367840327019501,-2.220446049250313e-16,-0.8,-0.8,2.7777777777777777,2.7777777777777777
63,0.9,True,2,0.0,True,35.99111111111111,-2.1318169052455884,-3.6026666666666527,-0.1445469762059346,-0.19999999999999996,-0.9,-0.9,2.7777777777777777,2.7777777777777777,36.03111111111111,3.70753720965119,3.0440000000000085,1.2783939641193367,-0.02000000000000024,-0.9,-0.9,2.7777777777777777,2.7777777777777777
63,1.0,True,2,0.0,True,35.91111111111111,-3.1768279560052575,-3.574666666666661,-0.33104787623456855,-0.3999999999999999,-1.0,-1.0,2.7777777777777777,2.7777777777777777,35.99111111111111,9.2214962688513,9.698666666666657,1.9194583350596415,0.0,-1.0,-1.0,2.7777777777777777,2.7777777777777777
63,1.1,True,2,0.0,True,35.91111111111111,-3.8797407410694005,-3.5946666666666713,-0.13202135940477877,-0.6000000000000001,-1.1,-1.1,2.7777777777777777,2.7777777777777777,36.07111111111111,12.765485292382547,13.011999999999997,0.3056200239520095,-0.0499999999999996,-1.1,-1.1,2.7777777777777777,2.7777777777777777
63,1.2000000000000002,True,2,0.0,True,35.624611111111115,-3.6016944216352753,-3.4540166666666634,0.29612154059324114,-0.7999999999999994,-1.2000000000000002,-1.2000000000000002,2.7777777777777777,2.7777777777777777,35.99111111111111,15.837849750620268,16.37733333333333,-0.8412840067396756,-0.07999999999999963,-1.2000000000000002,-1.2000000000000002,2.7777777777777777,2.7777777777777777
63,1.3,True,2,0.0,True,35.91111111111111,-1.461937477770948,-3.606666666666672,-1.6158461919446947,-1.0000000000000004,-1.3,-1.3,2.7777777777777777,2.7777777777777777,36.11111111111111,18.35019886317185,19.666666666666668,0.6874849005334842,-0.09000000000000008,-1.3,-1.3,2.7777777777777777,2.7777777777777777
63,1.4000000000000001,True,2,0.0,True,35.91111111111111,-3.7817231982595017,-3.53066666666665,-0.37950737304109317,-1.1999999999999988,-1.4000000000000001,-1.4000000000000001,2.7777777777777777,2.7777777777777777,36.07111111111111,22.534183901535012,23.020000000000007,0.1442096575651175,-0.08000000000000007,-1.4000000000000001,-1.4000000000000001,2.7777777777777777,2.7777777777777777
63,1.5,True,2,0.0,True,35.87111111111111,-4.14309074870265,-3.5626666666666607,-0.935523799870748,-1.4,-1.5,-1.5,2.7777777777777777,2.7777777777777777,36.11111111111111,25.820465596487548,26.33333333333334,0.4929335059654303,-0.04999999999999982,-1.5,-1.5,2.7777777777777777,2.7777777777777777
63,1.6,True,2,0.0,True,35.791111111111114,-3.8906336529405534,-3.4026666666666783,-1.2964567404307918,-1.6000000000000005,-1.6,-1.6,2.7777777777777777,2.7777777777777777,35.99111111111111,24.96193676235541,26.40133333333333,0.02744790859137991,-0.1599999999999997,-1.6,-1.6,2.7777777777777777,2.7777777777777777
63,1.7000000000000002,True,2,0.0,True,34.912111111111116,-4.04491808307684,-3.2281666666666693,-1.2464843533795391,-1.7999999999999994,-1.7000000000000002,-1.7000000000000002,2.7777777777777777,2.7777777777777777,36.03111111111111,30.642141665025985,29.71866666666666,0.9428578709254354,-0.09999999999999964,-1.7000000000000002,-1.7000000000000002,2.7777777777777777,2.7777777777777777
65,0.0,False,0,4.0,False,36.11111111111111,-3.768628608813404,-3.5999999999999543,2.213337650102394,1.6,0.0,0.0,2.7777777777777777,2.7777777777777777,,,,,,,,,
65,0.1,False,0,4.0,True,36.03111111111111,-3.395309953570748,-3.6400000000000032,0.5899450284748382,1.3900000000000001,-0.1,-0.1,2.7777777777777777,2.7777777777777777,36.03111111111111,462.05884125756864,461.9066666666669,0.516043883372848,-0.00999999999999579,-0.1,-0.1,2.7777777777777777,2.7777777777777777
65,0.2,False,0,4.0,False,36.11111111111111,-2.691685395206636,-3.5999999999999543,1.5261874716896768,1.1800000000000002,-0.2,-0.2,2.7777777777777777,2.7777777777777777,36.11111111111111,197.16369889330392,196.39999999999998,-0.4306547189562637,-0.019999999999997353,-0.2,-0.2,2.7777777777777777,2.7777777777777777
65,0.30000000000000004,False,0,3.133333333333334,True,36.07111111111111,-2.6821684552861624,-3.611999999999969,1.23426289050389,0.9700000000000002,-0.30000000000000004,-0.30000000000000004,2.7777777777777777,2.7777777777777777,36.07111111111111,106.73587015209745,106.25600000000024,-0.18104672538295818,-0.020000000000001572,-0.30000000000000004,-0.30000000000000004,2.7777777777777777,2.7777777777777777
65,0.4,False,0,1.7999999999999994,False,36.11111111111111,-3.1145350677620796,-3.5999999999999543,-0.29760955828956615,0.7599999999999998,-0.4,-0.4,2.7777777777777777,2.7777777777777777,36.11111111111111,60.1153257735552,59.73333333333345,0.07553445094028266,-6.661338147750939e-16,-0.4,-0.4,2.7777777777777777,2.7777777777777777
65,0.5,False,0,1.0,True,35.99111111111111,-3.0301888662673546,-3.6319999999999792,0.19095949935871515,0.5500000000000003,-0.5,-0.5,2.7777777777777777,2.7777777777777777,35.99111111111111,32.89700134176917,32.90266666666672,-0.058260812432405995,0.0,-0.5,-0.5,2.7777777777777777,2.7777777777777777
65,0.6000000000000001,False,0,0.46666666666666773,False,36.11111111111111,-3.16620845765961,-3.5999999999999543,0.5330762227355605,0.3400000000000003,-0.6000000000000001,-0.6000000000000001,2.7777777777777777,2.7777777777777777,36.11111111111111,18.705772136969482,16.40000000000006,-0.18824464296621368,-0.019999999999999574,-0.6000000000000001,-0.6000000000000001,2.7777777777777777,2.7777777777777777
65,0.7000000000000001,False,0,0.08571428571428673,True,35.91111111111111,-1.907775308814979,-3.7199999999999873,-0.1544875479547254,0.13000000000000078,-0.7000000000000001,-0.7000000000000001,2.7777777777777777,2.7777777777777777,35.91111111111111,4.103819910228876,2.9066666666666636,-0.2532315958211897,-0.009999999999999343,-0.7000000000000001,-0.7000000000000001,2.7777777777777777,2.7777777777777777
65,0.8,True,2,0.0,True,35.99111111111111,-3.3065816266422727,-3.6279999999999744,-0.19326793693867295,-0.0800000000000003,-0.8,-0.8,2.7777777777777777,2.7777777777777777,36.03111111111111,-3.0148384205312366,-1.650666666666683,-1.5817610750947853,-2.220446049250313e-16,-0.8,-0.8,2.7777777777777777,2.7777777777777777
65,0.9,True,2,0.0,True,35.83111111111111,-3.7989371231792033,-3.879999999999998,0.5633022206159763,-0.2899999999999998,-0.9,-0.9,2.7777777777777777,2.7777777777777777,35.91111111111111,4.9869867237735095,5.207999999999996,0.3372183313237067,-0.02000000000000024,-0.9,-0.9,2.7777777777777777,2.7777777777777777
65,1.0,True,2,0.0,True,35.87111111111111,-3.2324180237848905,-3.7319999999999878,-0.2543223158258121,-0.5,-1.0,-1.0,2.7777777777777777,2.7777777777777777,35.99111111111111,11.981798795180818,11.702666666666655,-0.4410002862882765,0.0,-1.0,-1.0,2.7777777777777777,2.7777777777777777
65,1.1,True,2,0.0,True,35.87111111111111,-0.9072758045930298,-3.6959999999999864,-0.5407549745731728,-0.7100000000000004,-1.1,-1.1,2.7777777777777777,2.7777777777777777,36.07111111111111,12.985993599809571,15.003999999999987,-0.6745109521326191,-0.0499999999999996,-1.1,-1.1,2.7777777777777777,2.7777777777777777
65,1.2000000000000002,True,2,0.0,True,35.95111111111111,-2.3704479885973795,-3.7480000000000073,-0.3622209989309484,-0.919999999999999,-1.2000000000000002,-1.2000000000000002,2.7777777777777777,2.7777777777777777,36.03111111111111,17.548976362675912,18.401333333333337,0.18505484188928456,-0.07999999999999963,-1.2000000000000002,-1.2000000000000002,2.7777777777777777,2.7777777777777777
65,1.3,True,2,0.0,True,35.791111111111114,-2.994951525715112,-3.767999999999989,-0.6290458658886353,-1.1300000000000008,-1.3,-1.3,2.7777777777777777,2.7777777777777777,36.07111111111111,21.50855194411781,21.674666666666678,-0.18828404959948264,-0.09000000000000008,-1.3,-1.3,2.7777777777777777,2.7777777777777777
65,1.4000000000000001,True,2,0.0,True,35.624611111111115,-4.0114516498412796,-3.828650000000013,-1.3714316270188318,-1.3399999999999985,-1.4000000000000001,-1.4000000000000001,2.7777777777777777,2.7777777777777777,36.07111111111111,24.246183269591217,25.036000000000005,0.4786215510464964,-0.08000000000000007,-1.4000000000000001,-1.4000000000000001,2.7777777777777777,2.7777777777777777
65,1.5,True,2,0.0,True,35.791111111111114,-4.1272776227488945,-3.756000000000003,-1.2520842161318486,-1.5499999999999998,-1.5,-1.5,2.7777777777777777,2.7777777777777777,36.07111111111111,29.056829862755915,28.337333333333344,0.018580040360730132,-0.04999999999999982,-1.5,-1.5,2.7777777777777777,2.7777777777777777
65,1.6,True,2,0.0,True,35.791111111111114,-2.4714922461197117,-3.8,-1.7809098465783622,-1.7600000000000007,-1.6,-1.6,2.7777777777777777,2.7777777777777777,36.07111111111111,25.958494851528055,28.349333333333345,-0.7696250208527209,-0.1599999999999997,-1.6,-1.6,2.7777777777777777,2.7777777777777777
65,1.7000000000000002,True,2,0.0,True,35.624611111111115,-3.5284242312521767,-3.852650000000014,-1.7339232676445682,-1.8300000000000005,-1.7000000000000002,-1.7000000000000002,2.7777777777777777,2.7777777777777777,36.07111111111111,31.37376110444743,31.682666666666666,-0.8611151341258387,-0.09999999999999964,-1.7000000000000002,-1.7000000000000002,2.7777777777777777,2.7777777777777777
67,0.0,False,0,4.0,False,36.11111111111111,67.6144883636977,67.0,-0.18864157177760021,1.6,0.0,-0.0,2.7777777777777777,2.7777777777777777,,,,,,,,,
67,0.1,False,0,4.0,False,36.11111111111111,-4.053922268398725,-3.0000000000000453,1.0323293866808494,1.3900000000000001,-0.1,-0.1,2.7777777777777777,2.7777777777777777,36.11111111111111,460.92472312937184,461.06666666666473,-1.286589194909354,-0.00999999999999579,-0.1,-0.1,2.7777777777777777,2.7777777777777777
67,0.2,False,0,4.0,True,36.07111111111111,-2.5470439055718286,-2.9960000000000404,0.673089551815206,1.1800000000000002,-0.2,-0.2,2.7777777777777777,2.7777777777777777,36.07111111111111,194.45004794267007,194.15600000000057,0.43321587047175036,-0.019999999999997353,-0.2,-0.2,2.7777777777777777,2.7777777777777777
67,0.30000000000000004,False,0,3.133333333333334,True,36.07111111111111,-3.736313204312313,-2.9880000000000306,1.3343177623796763,0.9700000000000002,-0.30000000000000004,-0.30000000000000004,2.7777777777777777,2.7777777777777777,36.07111111111111,103.43987621851291,104.25600000000024,-0.6734443312195146,-0.020000000000001572,-0.30000000000000004,-0.30000000000000004,2.7777777777777777,2.7777777777777777
67,0.4,False,0,1.7999999999999994,True,36.07111111111111,-4.211344260727119,-2.939999999999986,1.8966872375267099,0.7599999999999998,-0.4,-0.4,2.7777777777777777,2.7777777777777777,36.07111111111111,57.08855044240849,57.59733333333337,0.11778298128950793,-6.661338147750939e-16,-0.4,-0.4,2.7777777777777777,2.7777777777777777
67,0.5,False,0,1.0,False,36.11111111111111,68.06750737234552,67.0,-0.03338901853827858,1.6,-0.44999999999999996,-0.5,2.7777777777777777,2.7777777777777777,,,,,,,,,
67,0.6000000000000001,False,0,0.46666666666666773,True,35.99111111111111,-2.939757902687677,-2.911999999999966,-0.08704777175256884,0.3400000000000003,-0.6000000000000001,-0.6000000000000001,2.7777777777777777,2.7777777777777777,35.95111111111111,14.757158695618354,14.215999999999948,0.629395212643451,-0.019999999999999574,-0.6000000000000001,-0.6000000000000001,2.7777777777777777,2.7777777777777777
67,0.7000000000000001,False,0,0.08571428571428673,True,36.07111111111111,-2.840775737102052,-2.9880000000000306,0.8282731400706149,0.13000000000000078,-0.7000000000000001,-0.7000000000000001,2.7777777777777777,2.7777777777777777,36.07111111111111,1.1547761113108637,1.0466666666666926,0.4828134479160737,-0.009999999999999343,-0.7000000000000001,-0.7000000000000001,2.7777777777777777,2.7777777777777777
67,0.8,True,2,0.0,True,35.95111111111111,-3.239836203446802,-2.908000000000004,0.4634240311310944,-0.0800000000000003,-0.8,-0.8,2.7777777777777777,2.7777777777777777,35.95111111111111,0.22998401653482592,0.40933333333333355,1.3532172958466124,-2.220446049250313e-16,-0.8,-0.8,2.7777777777777777,2.7777777777777777
67,0.9,True,2,0.0,True,35.99111111111111,-3.818416817918151,-2.912000000000009,0.10715558001854442,-0.2899999999999998,-0.9,-0.9,2.7777777777777777,2.7777777777777777,36.03111111111111,6.806733243327739,7.055999999999995,0.1907030574767825,-0.02000000000000024,-0.9,-0.9,2.7777777777777777,2.7777777777777777
67,1.0,True,2,0.0,True,35.87111111111111,-3.0291147124500553,-2.912000000000023,-1.7674115647633786,-0.5,-1.0,-1.0,2.7777777777777777,2.7777777777777777,36.07111111111111,12.440880498718254,13.67466666666665,-0.24314166920288116,0.0,-1.0,-1.0,2.7777777777777777,2.7777777777777777
67,1.1,True,2,0.0,True,35.87111111111111,-2.912321567939375,-2.8800000000000123,-1.213599993218561,-0.7100000000000004,-1.1,-1.1,2.7777777777777777,2.7777777777777777,36.03111111111111,16.55146911063908,17.02800000000001,1.2995062662431436,-0.0499999999999996,-1.1,-1.1,2.7777777777777777,2.7777777777777777
67,1.2000000000000002,True,2,0.0,True,35.791111111111114,-3.4631820735527894,-2.7880000000000136,-1.1029793051111845,-0.919999999999999,-1.2000000000000002,-1.2000000000000002,2.7777777777777777,2.7777777777777777,35.99111111111111,20.75705469705135,20.37733333333333,-0.0005517767566742826,-0.07999999999999963,-1.2000000000000002,-1.2000000000000002,2.7777777777777777,2.7777777777777777
67,1.3,True,2,0.0,True,35.791111111111114,-4.0453365358189215,-2.8240000000000007,-1.664665664611768,-1.1300000000000008,-1.3,-1.3,2.7777777777777777,2.7777777777777777,36.07111111111111,22.59566917072269,23.698666666666686,0.18598820706818175,-0.09000000000000008,-1.3,-1.3,2.7777777777777777,2.7777777777777777
67,1.4000000000000001,True,2,0.0,True,35.791111111111114,-1.7667181565324368,-2.8,-1.641034921804633,-1.3399999999999985,-1.4000000000000001,-1.4000000000000001,2.7777777777777777,2.7777777777777777,36.03111111111111,27.70852157795358,27.024000000000004,-0.8209155708513354,-0.08000000000000007,-1.4000000000000001,-1.4000000000000001,2.7777777777777777,2.7777777777777777
67,1.5,True,2,0.0,True,35.791111111111114,-3.567434239142787,-2.8040000000000047,-0.29248308699653514,-1.5499999999999998,-1.5,-1.5,2.7777777777777777,2.7777777777777777,36.07111111111111,30.550237986047055,30.365333333333343,1.1361828610928835,-0.04999999999999982,-1.5,-1.5,2.7777777777777777,2.7777777777777777
67,1.6,True,2,0.0,True,34.912111111111116,-1.6038583445922283,-2.7131666666666545,-1.7602091322137936,-1.879999999999999,-1.6,-1.6,2.7777777777777777,2.7777777777777777,35.99111111111111,29.435667559463024,30.377333333333336,1.163334178847355,-0.1599999999999997,-1.6,-1.6,2.7777777777777777,2.7777777777777777
67,1.7000000000000002,True,2,0.0,True,35.331611111111116,-2.480213127755806,-2.6974000000000045,-1.761604113550113,-1.8300000000000005,-1.7000000000000002,-1.7000000000000002,2.7777777777777777,2.7777777777777777,36.07111111111111,33.232674572314146,33.686666666666675,-0.6762310746517863,-0.09999999999999964,-1.7000000000000002,-1.7000000000000002,2.7777777777777777,2.7777777777777777
69,0.0,False,0,4.0,False,36.11111111111111,-3.7229439334076373,-4.266666666666626,1.357064479952693,1.6,0.0,0.0,2.7777777777777777,2.7777777777777777,,,,,,,,,
69,0.1,False,0,4.0,False,36.11111111111111,-3.1392570958545347,-4.266666666666626,1.7002335705354228,1.38,-0.1,-0.1,2.7777777777777777,2.7777777777777777,36.11111111111111,458.77381278145674,459.06666666666473,0.5667985864255032,-0.00999999999999579,-0.1,-0.1,2.7777777777777777,2.7777777777777777
69,0.2,False,0,4.0,False,36.11111111111111,-4.13009604518142,-4.266666666666626,0.5283454901199929,1.1600000000000001,-0.2,-0.2,2.7777777777777777,2.7777777777777777,36.11111111111111,193.19041002443757,192.39999999999998,-0.24500951529640158,-0.019999999999997353,-0.2,-0.2,2.7777777777777777,2.7777777777777777
69,0.30000000000000004,False,0,3.033333333333335,False,36.11111111111111,-3.260528300080426,-4.266666666666626,1.3721294043362704,0.9400000000000004,-0.30000000000000004,-0.30000000000000004,2.7777777777777777,2.7777777777777777,36.11111111111111,104.30326478999052,102.40000000000016,-0.42348712896415885,-0.020000000000001572,-0.30000000000000004,-0.30000000000000004,2.7777777777777777,2.7777777777777777
69,0.4,False,0,1.6999999999999993,False,36.11111111111111,-3.6254760606607475,-4.266666666666626,0.8990590257113591,0.7199999999999998,-0.4,-0.4,2.7777777777777777,2.7777777777777777,36.11111111111111,56.95803553943887,55.73333333333345,0.07723537817253878,-6.661338147750939e-16,-0.4,-0.4,2.7777777777777777,2.7777777777777777
69,0.5,False,0,0.9000000000000004,False,36.11111111111111,82.03533134334864,82.33333333333333,-0.5342217679737775,1.69,0.0,0.0,2.7777777777777777,2.7777777777777777,,,,,,,,,
69,0.6000000000000001,False,0,0.3666666666666677,False,36.11111111111111,-3.8135234470302235,-4.266666666666626,0.9413971534312107,0.2800000000000007,-0.6000000000000001,-0.6000000000000001,2.7777777777777777,2.7777777777777777,36.11111111111111,12.84886913939496,12.400000000000059,0.9688252905387649,-0.019999999999999574,-0.6000000000000001,-0.6000000000000001,2.7777777777777777,2.7777777777777777
69,0.7000000000000001,True,1,0.0,True,36.07111111111111,-4.281876523762835,-4.28133333333331,2.0606222088091264,0.06000000000000072,-0.7000000000000001,-0.7000000000000001,2.7777777777777777,2.7777777777777777,36.07111111111111,-0.9849408524343088,-0.9893333333333514,0.6429079891328464,-0.009999999999999343,-0.7000000000000001,-0.7000000000000001,2.7777777777777777,2.7777777777777777
69,0.8,True,2,0.0,True,35.91111111111111,-3.6322411134958683,-4.229333333333332,0.20730550171327833,-0.16000000000000036,-0.8,-0.8,2.7777777777777777,2.7777777777777777,35.95111111111111,1.4140403187148083,2.397333333333319,-0.5761412234829586,-2.220446049250313e-16,-0.8,-0.8,2.7777777777777777,2.7777777777777777
69,0.9,True,2,0.0,True,36.03111111111111,-2.832240454276902,-4.293333333333325,1.1358148356597462,-0.37999999999999967,-0.9,-0.9,2.7777777777777777,2.7777777777777777,36.07111111111111,8.683565533671722,9.019999999999992,0.6145870636377078,-0.02000000000000024,-0.9,-0.9,2.7777777777777777,2.7777777777777777
69,1.0,True,2,0.0,True,35.791111111111114,-3.495171121098056,-4.181333333333359,-0.21504856139142814,-0.6000000000000001,-1.0,-1.0,2.7777777777777777,2.7777777777777777,36.03111111111111,16.511309540459838,15.686666666666657,-0.23328505783376396,0.0,-1.0,-1.0,2.7777777777777777,2.7777777777777777
69,1.1,True,2,0.0,True,35.87111111111111,-4.1213497652199775,-4.165333333333311,-0.21421167489989013,-0.8200000000000007,-1.1,-1.1,2.7777777777777777,2.7777777777777777,36.03111111111111,17.732032043408683,19.04800000000002,0.2620226925452447,-0.0499999999999996,-1.1,-1.1,2.7777777777777777,2.7777777777777777
69,1.2000000000000002,True,2,0.0,True,35.91111111111111,-3.713265524659806,-4.257333333333324,-1.2570874250069943,-1.0399999999999991,-1.2000000000000002,-1.2000000000000002,2.7777777777777777,2.7777777777777777,36.11111111111111,20.5890418472688,22.333333333333325,1.0226149324923055,-0.07999999999999963,-1.2000000000000002,-1.2000000000000002,2.7777777777777777,2.7777777777777777
69,1.3,True,2,0.0,True,35.624611111111115,-3.8963354478094656,-4.1046833333333295,-0.7593534121088694,-1.2600000000000007,-1.3,-1.3,2.7777777777777777,2.7777777777777777,36.03111111111111,26.417148814094492,25.69466666666668,0.6818731905822455,-0.09000000000000008,-1.3,-1.3,2.7777777777777777,2.7777777777777777
69,1.4000000000000001,True,2,0.0,True,35.331611111111116,-3.06610511992871,-3.966733333333326,-0.5746597325065879,-1.4799999999999986,-1.4000000000000001,-1.4000000000000001,2.7777777777777777,2.7777777777777777,36.03111111111111,29.040082493656993,29.067999999999994,-0.29565913099120444,-0.08000000000000007,-1.4000000000000001,-1.4000000000000001,2.7777777777777777,2.7777777777777777
69,1.5,True,2,0.0,True,34.912111111111116,-4.258601301112836,-3.886833333333345,-0.9719913009699993,-1.6999999999999997,-1.5,-1.5,2.7777777777777777,2.7777777777777777,35.99111111111111,32.7442114712246,32.37733333333334,0.6514394278366331,-0.04999999999999982,-1.5,-1.5,2.7777777777777777,2.7777777777777777
69,1.6,True,2,0.0,True,35.624611111111115,-3.8156008319057433,-4.11668333333333,-1.3589052235164605,-1.879999999999999,-1.6,-1.6,2.7777777777777777,2.7777777777777777,36.11111111111111,32.203170566711776,32.33333333333334,-0.1473958484450848,-0.1599999999999997,-1.6,-1.6,2.7777777777777777,2.7777777777777777
69,1.7000000000000002,True,2,0.0,True,35.331611111111116,-3.8995187596005847,-4.026733333333314,-1.0505954828244222,-1.8300000000000005,-1.7000000000000002,0.0,2.7777777777777777,2.7777777777777777,36.07111111111111,35.260794475992014,35.67866666666667,0.9566163036004194,-0.09999999999999964,-1.7000000000000002,-1.7000000000000002,2.7777777777777777,2.7777777777777777
71,0.0,False,0,4.0,False,36.11111111111111,-3.1614301004231775,-2.933333333333283,1.8593340142225494,1.6,0.0,0.0,2.7777777777777777,2.7777777777777777,,,,,,,,,
71,0.1,False,0,4.0,False,36.11111111111111,-2.0494873228606734,-2.933333333333283,0.8974002005434971,1.37,-0.1,-0.1,2.7777777777777777,2.7777777777777777,36.11111111111111,457.38826192667426,457.06666666666473,-1.4978323899860384,-0.00999999999999579,-0.1,-0.1,2.7777777777777777,2.7777777777777777
71,0.2,False,0,4.0,True,36.07111111111111,-2.0205118840354315,-2.9773333333333367,1.1925925044410843,1.1400000000000001,-0.2,-0.2,2.7777777777777777,2.7777777777777777,36.07111111111111,190.1621778972256,190.12400000000054,0.8872594564891165,-0.019999999999997353,-0.2,-0.2,2.7777777777777777,2.7777777777777777
71,0.30000000000000004,False,0,3.033333333333335,False,36.11111111111111,-2.8952933941215546,-2.933333333333283,0.5491511253853201,0.9100000000000006,-0.30000000000000004,-0.30000000000000004,2.7777777777777777,2.7777777777777777,36.11111111111111,101.63225595471232,100.40000000000016,0.6161752673201808,-0.020000000000001572,-0.30000000000000004,-0.30000000000000004,2.7777777777777777,2.7777777777777777
71,0.4,False,0,1.6999999999999993,False,36.11111111111111,-3.069422995063067,-2.933333333333283,0.8265766226736053,0.6799999999999997,-0.4,-0.4,2.7777777777777777,2.7777777777777777,36.11111111111111,54.77724365097822,53.73333333333345,-1.1552039654509687,-6.661338147750939e-16,-0.4,-0.4,2.7777777777777777,2.7777777777777777
71,0.5,False,0,0.9000000000000004,True,36.03111111111111,-1.6617960788371162,-2.9893333333333514,1.5475395258702624,0.4500000000000002,-0.5,-0.5,2.7777777777777777,2.7777777777777777,36.03111111111111,28.20092724935567,26.938666666666588,1.77438821991089,0.0,-0.5,-0.5,2.7777777777777777,2.7777777777777777
71,0.6000000000000001,False,0,0.3666666666666677,True,35.95111111111111,-1.027204867653242,-3.045333333333306,0.29608993442970855,0.22000000000000064,-0.6000000000000001,-0.6000000000000001,2.7777777777777777,2.7777777777777777,35.95111111111111,11.15541304796184,10.224000000000014,1.0002270146169683,-0.019999999999999574,-0.6000000000000001,-0.6000000000000001,2.7777777777777777,2.7777777777777777
71,0.7000000000000001,True,1,0.0,True,36.03111111111111,-2.951665925781202,-2.9533333333333074,0.7523134763516355,-0.009999999999999343,-0.7000000000000001,-0.7000000000000001,2.7777777777777777,2.7777777777777777,36.03111111111111,-2.951665925781202,-2.9533333333333074,0.7523134763516355,-0.009999999999999343,-0.7000000000000001,-0.7000000000000001,2.7777777777777777,2.7777777777777777
71,0.8,True,2,0.0,True,35.99111111111111,-1.5526583053791283,-2.981333333333299,0.9975744109804179,-0.24000000000000044,-0.8,-0.8,2.7777777777777777,2.7777777777777777,36.03111111111111,5.283394536136723,4.345333333333312,-0.45896889087891046,-2.220446049250313e-16,-0.8,-0.8,2.7777777777777777,2.7777777777777777
71,0.9,True,2,0.0,True,35.83111111111111,-0.9758890824504673,-3.1133333333333324,0.23121251886084604,-0.4699999999999993,-0.9,-0.9,2.7777777777777777,2.7777777777777777,35.95111111111111,9.309561794846285,11.072,0.8036743764329946,-0.02000000000000024,-0.9,-0.9,2.7777777777777777,2.7777777777777777
71,1.0,True,2,0.0,True,35.87111111111111,-2.7544994812758175,-3.045333333333306,-0.6226711067989548,-0.6999999999999997,-1.0,-1.0,2.7777777777777777,2.7777777777777777,36.07111111111111,17.691796541329264,17.67466666666665,-0.5224803262962667,0.0,-1.0,-1.0,2.7777777777777777,2.7777777777777777
71,1.1,True,2,0.0,True,35.95111111111111,-1.4750231886034895,-2.981333333333313,-0.7962614445742024,-0.9300000000000006,-1.1,-1.1,2.7777777777777777,2.7777777777777777,36.11111111111111,19.644774526109938,20.999999999999982,0.38579463833208427,-0.0499999999999996,-1.1,-1.1,2.7777777777777777,2.7777777777777777
71,1.2000000000000002,True,2,0.0,True,34.912111111111116,-3.4287176205539422,-3.3924833333333337,-1.5198902514207338,-1.1599999999999988,-1.2000000000000002,-1.2000000000000002,2.7777777777777777,2.7777777777777777,35.99111111111111,22.924537473428042,24.377333333333336,-0.653596045775706,-0.07999999999999963,-1.2000000000000002,-1.2000000000000002,2.7777777777777777,2.7777777777777777
71,1.3,True,2,0.0,True,35.83111111111111,-2.0216713305559635,-3.0853333333333124,-1.7438197826549677,-1.390000000000001,-1.3,-1.3,2.7777777777777777,2.7777777777777777,36.11111111111111,27.637016674945468,27.666666666666668,0.36687369642969037,-0.09000000000000008,-1.3,-1.3,2.7777777777777777,2.7777777777777777
71,1.4000000000000001,True,2,0.0,True,35.331611111111116,-2.859127886636432,-3.2039333333333273,-1.5076021403419635,-1.6199999999999988,-1.4000000000000001,-1.4000000000000001,2.7777777777777777,2.7777777777777777,36.11111111111111,30.65993449820432,30.999999999999996,0.18843136713873188,-0.08000000000000007,-1.4000000000000001,-1.4000000000000001,2.7777777777777777,2.7777777777777777
71,1.5,True,2,0.0,True,34.36611111111112,-3.818198284972982,-3.6109833333333397,-1.4307973352414727,-1.85,-1.5,-1.5,2.7777777777777777,2.7777777777777777,35.99111111111111,35.568005580603824,34.37733333333334,-1.0173072950819435,-0.04999999999999982,-1.5,-1.5,2.7777777777777777,2.7777777777777777
71,1.6,True,2,0.0,True,34.36611111111112,-3.4805032633930635,-3.5383333333333296,-1.2717571093403226,-1.879999999999999,-1.6,0.0,2.7777777777777777,2.7777777777777777,36.07111111111111,33.01550738974182,34.353333333333346,-0.22847469987762326,-0.1599999999999997,-1.6,-1.6,2.7777777777777777,2.7777777777777777
71,1.7000000000000002,True,2,0.0,True,34.912111111111116,-2.902082748112579,-3.403833333333327,-1.4753160706802997,-1.8300000000000005,0.0,0.0,2.7777777777777777,2.7777777777777777,36.03111111111111,37.08739141638836,37.70266666666667,1.8331621778307574,-0.09999999999999964,-1.7000000000000002,-1.7000000000000002,2.7777777777777777,2.7777777777777777
73,0.0,False,0,4.0,False,36.11111111111111,-4.137908826461429,-3.6666666666667167,1.6522738656052454,1.6,0.0,0.0,2.7777777777777777,2.7777777777777777,,,,,,,,,
73,0.1,False,0,4.0,False,36.11111111111111,-3.026008975209936,-3.6666666666667167,1.3667849156831293,1.37,-0.1,-0.1,2.7777777777777777,2.7777777777777777,36.11111111111111,455.0426628372538,455.06666666666473,1.5254532809390224,-0.00999999999999579,-0.1,-0.1,2.7777777777777777,2.7777777777777777
73,0.2,False,0,4.0,True,36.07111111111111,-4.04198551245486,-3.662666666666712,0.7574881317752888,1.1400000000000001,-0.2,-0.2,2.7777777777777777,2.7777777777777777,36.07111111111111,189.41684851902824,188.1640000000006,0.602138352350623,-0.019999999999997353,-0.2,-0.2,2.7777777777777777,2.7777777777777777
73,0.30000000000000004,False,0,2.933333333333334,True,36.07111111111111,-3.7342683181759098,-3.614666666666653,0.5996453076293649,0.9100000000000006,-0.30000000000000004,-0.30000000000000004,2.7777777777777777,2.7777777777777777,36.07111111111111,98.76280759665212,98.2240000000002,0.0004051724834557291,-0.020000000000001572,-0.30000000000000004,-0.30000000000000004,2.7777777777777777,2.7777777777777777
73,0.4,False,0,1.5999999999999992,True,36.07111111111111,-4.240758053695873,-3.6466666666666923,0.9838094398783461,0.6799999999999997,-0.4,-0.4,2.7777777777777777,2.7777777777777777,36.07111111111111,52.05974582034938,51.6453333333334,-0.601760163205824,-6.661338147750939e-16,-0.4,-0.4,2.7777777777777777,2.7777777777777777
73,0.5,False,0,0.7999999999999998,True,36.07111111111111,-3.6937557693743654,-3.614666666666653,1.0424424156660792,0.4500000000000002,-0.5,-0.5,2.7777777777777777,2.7777777777777777,36.07111111111111,25.544011204169603,24.978666666666637,-0.3856399692723269,0.0,-0.5,-0.5,2.7777777777777777,2.7777777777777777
73,0.6000000000000001,False,0,0.2666666666666676,True,35.99111111111111,-3.751450807060496,-3.5826666666666567,-0.26221814115952746,0.22000000000000064,-0.6000000000000001,-0.6000000000000001,2.7777777777777777,2.7777777777777777,35.99111111111111,8.932003043360478,8.267999999999997,0.6235290379445431,-0.019999999999999574,-0.6000000000000001,-0.6000000000000001,2.7777777777777777,2.7777777777777777
73,0.7000000000000001,True,2,0.0,True,35.87111111111111,-4.116823465820903,-3.5186666666666637,0.27769337255645477,-0.009999999999999343,-0.7000000000000001,-0.7000000000000001,2.7777777777777777,2.7777777777777777,35.87111111111111,-4.116823465820903,-3.5186666666666637,0.27769337255645477,-0.009999999999999343,-0.7000000000000001,-0.7000000000000001,2.7777777777777777,2.7777777777777777
73,0.8,True,2,0.0,True,35.95111111111111,-3.8193363643531653,-3.558666666666684,-0.6699871665363093,-0.24000000000000044,-0.8,-0.8,2.7777777777777777,2.7777777777777777,35.99111111111111,5.561930579298772,6.401333333333324,1.015547317333239,-2.220446049250313e-16,-0.8,-0.8,2.7777777777777777,2.7777777777777777
73,0.9,True,2,0.0,True,35.95111111111111,-2.9781254599967637,-3.554666666666651,0.4518207560450107,-0.4699999999999993,-0.9,-0.9,2.7777777777777777,2.7777777777777777,36.03111111111111,13.681606641345848,13.044000000000008,0.6500678498351373,-0.02000000000000024,-0.9,-0.9,2.7777777777777777,2.7777777777777777
73,1.0,True,2,0.0,True,35.91111111111111,-2.410573710823331,-3.578666666666666,-0.12438103296819492,-0.6999999999999997,-1.0,-1.0,2.7777777777777777,2.7777777777777777,36.07111111111111,20.031973596021967,19.68266666666666,0.5786788750840826,0.0,-1.0,-1.0,2.7777777777777777,2.7777777777777777
73,1.1,True,2,0.0,True,35.331611111111116,-3.924664716651523,-3.3200666666666647,-0.6811534452557002,-0.9300000000000006,-1.1,-1.1,2.7777777777777777,2.7777777777777777,35.99111111111111,22.958152962822833,23.072,-0.38004572960825644,-0.0499999999999996,-1.1,-1.1,2.7777777777777777,2.7777777777777777
73,1.2000000000000002,False,0,0.0,False,36.11111111111111,68.58170303057442,69.66666666666667,-0.49072511509255756,1.48,-1.05,-1.2000000000000002,2.7777777777777777,2.7777777777777777,,,,,,,,,
73,1.3,True,2,0.0,True,33.69361111111112,-2.815491328280248,-2.859916666666666,-0.9346490893548817,-1.390000000000001,-1.3,-1.3,2.7777777777777777,2.7777777777777777,35.99111111111111,29.583872554458114,29.690666666666676,-0.16355018650999265,-0.09000000000000008,-1.3,-1.3,2.7777777777777777,2.7777777777777777
73,1.4000000000000001,True,2,0.0,True,35.624611111111115,-3.327530549500625,-3.4060166666666616,-0.8219400441059197,-1.6199999999999988,-1.4000000000000001,-1.4000000000000001,2.7777777777777777,2.7777777777777777,36.03111111111111,32.66126703817707,33.028000000000006,0.3729652761218101,-0.08000000000000007,-1.4000000000000001,-1.4000000000000001,2.7777777777777777,2.7777777777777777
73,1.5,True,2,0.0,True,33.69361111111112,-3.217317585268918,-2.8079166666666593,-1.3258371118630803,-1.85,-1.5,-1.5,2.7777777777777777,2.7777777777777777,35.99111111111111,34.64527335502522,36.36133333333334,-0.29719064858817257,-0.04999999999999982,-1.5,-1.5,2.7777777777777777,2.7777777777777777
73,1.6,True,2,0.0,True,34.36611111111112,-3.340720855931994,-3.0496666666666554,-0.5844271626950093,-1.879999999999999,-1.6,0.0,2.7777777777777777,2.7777777777777777,36.03111111111111,35.94462755305518,36.365333333333346,-1.3595898418913785,-0.1599999999999997,-1.6,-1.6,2.7777777777777777,2.7777777777777777
73,1.7000000000000002,True,2,0.0,True,33.69361111111112,-4.202735796386238,-2.8479166666666655,-1.4216939048390536,-1.8300000000000005,0.0,0.0,2.7777777777777777,2.7777777777777777,36.07111111111111,39.97590234105263,39.67466666666667,-1.2689237112744545,-0.09999999999999964,-1.7000000000000002,-1.7000000000000002,2.7777777777777777,2.7777777777777777
75,0.0,False,0,4.0,True,36.07111111111111,-2.8587224768795236,-3.680000000000038,2.211994256271822,1.6,0.0,0.0,2.7777777777777777,2.7777777777777777,,,,,,,,,
75,0.1,False,0,4.0,False,36.11111111111111,-3.1550206537071572,-3.5999999999999543,2.5868822996290155,1.3599999999999999,-0.1,-0.1,2.7777777777777777,2.7777777777777777,36.11111111111111,452.1046567431691,453.06666666666473,-0.8410752655497093,-0.00999999999999579,-0.1,-0.1,2.7777777777777777,2.7777777777777777
75,0.2,False,0,4.0,True,36.03111111111111,-3.40220554204497,-3.644000000000008,2.102985861652068,1.12,-0.2,-0.2,2.7777777777777777,2.7777777777777777,36.03111111111111,187.34378518882613,185.8999999999997,0.7239792357347836,-0.019999999999997353,-0.2,-0.2,2.7777777777777777,2.7777777777777777
75,0.30000000000000004,False,0,2.833333333333333,True,36.07111111111111,-4.064321326890027,-3.611999999999969,1.2936553789823684,0.8800000000000003,-0.30000000000000004,-0.30000000000000004,2.7777777777777777,2.7777777777777777,36.07111111111111,96.72054088051328,96.26800000000027,-0.6870848182800482,-0.020000000000001572,-0.30000000000000004,-0.30000000000000004,2.7777777777777777,2.7777777777777777
75,0.4,False,0,1.4999999999999991,True,36.07111111111111,-3.8550938353807878,-3.656000000000023,0.2271497363329722,0.6399999999999997,-0.4,-0.4,2.7777777777777777,2.7777777777777777,36.07111111111111,49.53927545812385,49.61333333333336,-0.32049724146725045,-6.661338147750939e-16,-0.4,-0.4,2.7777777777777777,2.7777777777777777
75,0.5,False,0,0.7000000000000002,True,36.07111111111111,-4.246506190863559,-3.6319999999999935,-0.1503382636368904,0.3999999999999999,-0.5,-0.5,2.7777777777777777,2.7777777777777777,36.03111111111111,22.906030620097763,22.970666666666627,-0.08321128744999573,0.0,-0.5,-0.5,2.7777777777777777,2.7777777777777777
75,0.6000000000000001,False,0,0.16666666666666752,True,36.03111111111111,-2.0678161594851785,-3.6400000000000032,1.1086057220331034,0.1600000000000006,-0.6000000000000001,-0.6000000000000001,2.7777777777777777,2.7777777777777777,36.03111111111111,6.6157691901509255,6.335999999999982,1.2319988754283693,-0.019999999999999574,-0.6000000000000001,-0.6000000000000001,2.7777777777777777,2.7777777777777777
75,0.7000000000000001,True,2,0.0,True,35.99111111111111,-3.4377964666277334,-3.6800000000000095,-0.0930996972813376,-0.07999999999999918,-0.7000000000000001,-0.7000000000000001,2.7777777777777777,2.7777777777777777,35.99111111111111,-0.6072198217555238,-1.598666666666662,0.05147285427701931,-0.009999999999999343,-0.7000000000000001,-0.7000000000000001,2.7777777777777777,2.7777777777777777
75,0.8,True,2,0.0,True,35.87111111111111,-3.8501509239266793,-3.8080000000000096,0.7735898380130286,-0.3200000000000005,-0.8,-0.8,2.7777777777777777,2.7777777777777777,35.99111111111111,7.003896809978909,8.457333333333334,-0.5167882917882005,-2.220446049250313e-16,-0.8,-0.8,2.7777777777777777,2.7777777777777777
75,0.9,True,2,0.0,True,35.95111111111111,-3.62713169608202,-3.7480000000000073,-0.8397552605841854,-0.5599999999999992,-0.9,-0.9,2.7777777777777777,2.7777777777777777,36.03111111111111,15.255110223895581,15.072000000000013,-1.006446636221676,-0.02000000000000024,-0.9,-0.9,2.7777777777777777,2.7777777777777777
75,1.0,True,2,0.0,True,35.83111111111111,-3.3394101961612987,-3.7480000000000215,-0.5612344839754955,-0.7999999999999998,-1.0,-1.0,2.7777777777777777,2.7777777777777777,36.07111111111111,21.372625273526193,21.69866666666668,0.7983327705745595,0.0,-1.0,-1.0,2.7777777777777777,2.7777777777777777
75,1.1,True,2,0.0,True,35.624611111111115,-3.9366345072883915,-3.8853000000000035,-0.09337721983632985,-1.040000000000001,-1.1,-1.1,2.7777777777777777,2.7777777777777777,36.03111111111111,23.54471930005101,25.028000000000002,-1.6235587133530105,-0.0499999999999996,-1.1,-1.1,2.7777777777777777,2.7777777777777777
75,1.2000000000000002,True,2,0.0,True,35.791111111111114,-3.558543019793208,-3.8200000000000243,-1.4523421941718335,-1.279999999999999,-1.2000000000000002,-1.2000000000000002,2.7777777777777777,2.7777777777777777,36.03111111111111,27.28095483103296,28.345333333333333,0.5155311430945875,-0.07999999999999963,-1.2000000000000002,-1.2000000000000002,2.7777777777777777,2.7777777777777777
75,1.3,True,2,0.0,True,34.912111111111116,-1.772722318424317,-4.022500000000011,-1.4048962255115902,-1.520000000000001,-1.3,-1.3,2.7777777777777777,2.7777777777777777,36.07111111111111,31.310842876926724,31.674666666666678,-0.2090464875784659,-0.09000000000000008,-1.3,-1.3,2.7777777777777777,2.7777777777777777
75,1.4000000000000001,True,2,0.0,True,35.624611111111115,-3.727841381968477,-3.828650000000013,-1.3442423756150534,-1.7599999999999985,-1.4000000000000001,-1.4000000000000001,2.7777777777777777,2.7777777777777777,36.11111111111111,34.498372639008025,35.0,-0.3749729374578352,-0.08000000000000007,-1.4000000000000001,-1.4000000000000001,2.7777777777777777,2.7777777777777777
75,1.5,False,0,0.0,False,36.11111111111111,68.0346625464913,68.33333333333334,-0.07230382612499286,1.3000000000000003,-1.5,-1.5,2.7777777777777777,2.7777777777777777,,,,,,,,,
75,1.6,True,2,0.0,True,33.69361111111112,-3.181979243629473,-4.169249999999994,-0.43577965519335815,-1.879999999999999,-1.6,0.0,2.7777777777777777,2.7777777777777777,36.07111111111111,37.942014614213555,38.341333333333345,-1.101177135515363,-0.1599999999999997,-1.6,-1.6,2.7777777777777777,2.7777777777777777
75,1.7000000000000002,True,2,0.0,True,33.69361111111112,-3.6906831811310523,-4.063299999999987,-0.43618551132375805,-1.8300000000000005,0.0,0.0,2.7777777777777777,2.7777777777777777,36.03111111111111,42.10258583110523,41.69066666666667,-0.27006940866120743,-0.09999999999999964,-1.7000000000000002,-1.7000000000000002,2.7777777777777777,2.7777777777777777
77,0.0,False,0,4.0,True,36.03111111111111,-4.084991521029283,-2.911999999999952,1.9649536013648246,1.6,0.0,0.0,2.7777777777777777,2.7777777777777777,,,,,,,,,
77,0.1,False,0,4.0,True,36.07111111111111,-3.102275975836366,-2.9640000000000013,1.1547771435128542,1.3599999999999999,-0.1,-0.1,2.7777777777777777,2.7777777777777777,36.07111111111111,452.2926148305888,450.48266666666717,-0.7096483225243384,-0.00999999999999579,-0.1,-0.1,2.7777777777777777,2.7777777777777777
77,0.2,False,0,4.0,False,36.11111111111111,-4.085493956937486,-3.0000000000000453,1.182762598319223,1.12,-0.2,-0.2,2.7777777777777777,2.7777777777777777,36.11111111111111,185.82838842128166,184.39999999999998,0.186739836061816,-0.019999999999997353,-0.2,-0.2,2.7777777777777777,2.7777777777777777
77,0.30000000000000004,False,0,2.833333333333333,True,36.07111111111111,-3.812108722719361,-2.9559999999999915,1.1311978304299917,0.8800000000000003,-0.30000000000000004,-0.30000000000000004,2.7777777777777777,2.7777777777777777,36.07111111111111,94.89700339408677,94.23600000000023,-0.9119952067470114,-0.020000000000001572,-0.30000000000000004,-0.30000000000000004,2.7777777777777777,2.7777777777777777
77,0.4,False,0,1.4999999999999991,True,36.07111111111111,-4.126342322786871,-2.9920000000000355,0.19515794839415257,0.6399999999999997,-0.4,-0.4,2.7777777777777777,2.7777777777777777,36.07111111111111,47.707236812045124,47.66133333333342,-0.30849165345186425,-6.661338147750939e-16,-0.4,-0.4,2.7777777777777777,2.7777777777777777
77,0.5,False,0,0.7000000000000002,True,36.11111111111111,-2.793031686311923,-3.0000000000000453,-0.04449202040060207,0.3999999999999999,-0.5,-0.5,2.7777777777777777,2.7777777777777777,36.07111111111111,21.027420692317275,21.034666666666705,0.33537818254725016,0.0,-0.5,-0.5,2.7777777777777777,2.7777777777777777
77,0.6000000000000001,False,0,0.16666666666666752,False,36.11111111111111,69.784084133017,70.33333333333333,-0.4549674901290741,1.48,-0.6000000000000001,-0.6000000000000001,2.7777777777777777,2.7777777777777777,,,,,,,,,
77,0.7000000000000001,True,2,0.0,True,36.07111111111111,-3.455332672422787,-2.9920000000000355,1.2362676991976884,-0.07999999999999918,-0.7000000000000001,-0.7000000000000001,2.7777777777777777,2.7777777777777777,36.07111111111111,-0.7072702861335101,0.3373333333332882,0.05800465211325312,-0.009999999999999343,-0.7000000000000001,-0.7000000000000001,2.7777777777777777,2.7777777777777777
77,0.8,True,2,0.0,True,35.99111111111111,-3.4404014901336124,-2.9680000000000204,-0.4311059305788256,-0.3200000000000005,-0.8,-0.8,2.7777777777777777,2.7777777777777777,36.11111111111111,9.008832988768983,10.333333333333297,-1.2159952216296184,-2.220446049250313e-16,-0.8,-0.8,2.7777777777777777,2.7777777777777777
77,0.9,True,2,0.0,True,35.91111111111111,-2.0838053046002356,-2.8919999999999844,-0.1426912820881956,-0.5599999999999992,-0.9,-0.9,2.7777777777777777,2.7777777777777777,36.07111111111111,16.822788581310032,17.011999999999983,-0.022404979053381346,-0.02000000000000024,-0.9,-0.9,2.7777777777777777,2.7777777777777777
77,1.0,True,2,0.0,True,35.83111111111111,-4.024977819721857,-2.859999999999988,-0.018219250139353882,-0.7999999999999998,-1.0,-1.0,2.7777777777777777,2.7777777777777777,36.07111111111111,24.630424032242782,23.678666666666654,0.03326267396432736,0.0,-1.0,-1.0,2.7777777777777777,2.7777777777777777
77,1.1,True,2,0.0,True,35.624611111111115,-3.6556046643663107,-2.7633500000000053,-1.0408968254937885,-1.040000000000001,-1.1,-1.1,2.7777777777777777,2.7777777777777777,36.03111111111111,25.981033039572626,27.015999999999995,0.07161261352498283,-0.0499999999999996,-1.1,-1.1,2.7777777777777777,2.7777777777777777
77,1.2000000000000002,False,0,0.0,False,36.11111111111111,72.4305955616348,73.66666666666667,-0.01781186466339979,1.48,-0.8999999999999999,-1.2000000000000002,2.7777777777777777,2.7777777777777777,,,,,,,,,
77,1.3,True,2,0.0,True,34.36611111111112,-2.969781088562928,-2.8876666666666777,-1.3229238387174067,-1.6500000000000008,-1.3,-1.3,2.7777777777777777,2.7777777777777777,35.99111111111111,32.04641100408973,33.69066666666668,0.24087948973077555,-0.09000000000000008,-1.3,-1.3,2.7777777777777777,2.7777777777777777
77,1.4000000000000001,True,2,0.0,True,34.912111111111116,-2.423825593901472,-2.6971666666666776,-1.7871958237805823,-1.8999999999999986,-1.4000000000000001,-1.4000000000000001,2.7777777777777777,2.7777777777777777,36.07111111111111,37.659267838461716,37.00800000000001,-0.017372870657665462,-0.08000000000000007,-1.4000000000000001,-1.4000000000000001,2.7777777777777777,2.7777777777777777
77,1.5,True,2,0.0,True,33.69361111111112,-3.3480238443867902,-3.0894166666666676,-1.8317986464316154,-1.7999999999999998,0.0,0.0,2.7777777777777777,2.7777777777777777,36.07111111111111,39.29852332910449,40.341333333333345,1.5123421665438115,-0.04999999999999982,-1.5,-1.5,2.7777777777777777,2.7777777777777777
77,1.6,True,2,0.0,True,34.36611111111112,-1.9749707976688056,-2.8436666666666666,-1.6541565084238001,-1.879999999999999,-1.6,0.0,2.7777777777777777,2.7777777777777777,36.11111111111111,38.84832970476981,40.33333333333334,-0.3416407938787023,-0.1599999999999997,-1.6,-1.6,2.7777777777777777,2.7777777777777777
77,1.7000000000000002,False,0,0.0,False,36.11111111111111,71.0427721720559,70.33333333333334,-0.526688864538926,1.2600000000000002,-1.7000000000000002,-1.7000000000000002,2.7777777777777777,2.7777777777777777,,,,,,,,,
79,0.0,False,0,4.0,True,36.07111111111111,-3.9593145708708617,-4.270666666666616,0.981760565426534,1.6,0.0,0.0,2.7777777777777777,2.7777777777777777,,,,,,,,,
79,0.1,False,0,4.0,True,36.07111111111111,-4.0727212898176814,-4.257333333333309,0.9996935392769006,1.35,-0.1,-0.1,2.7777777777777777,2.7777777777777777,36.07111111111111,449.0702802905643,448.4466666666671,0.14717695519754814,-0.00999999999999579,-0.1,-0.1,2.7777777777777777,2.7777777777777777
79,0.2,False,0,4.0,False,36.11111111111111,-3.778126183985907,-4.2666666666666115,1.5465901938039281,1.1,-0.2,-0.2,2.7777777777777777,2.7777777777777777,36.11111111111111,181.759268846213,182.39999999999998,-0.14667309527560013,-0.019999999999997353,-0.2,-0.2,2.7777777777777777,2.7777777777777777
79,0.30000000000000004,False,0,2.733333333333334,True,36.07111111111111,-3.9374629021803313,-4.297333333333344,-0.23291643087107583,0.8500000000000001,-0.30000000000000004,-0.30000000000000004,2.7777777777777777,2.7777777777777777,36.03111111111111,91.23353770206879,92.13199999999985,-0.0731062026729481,-0.020000000000001572,-0.30000000000000004,-0.30000000000000004,2.7777777777777777,2.7777777777777777
79,0.4,False,0,1.399999999999999,True,36.03111111111111,-4.237026481442359,-4.2613333333333,-0.0025132444528574993,0.5999999999999996,-0.4,-0.4,2.7777777777777777,2.7777777777777777,35.99111111111111,46.84272985619339,45.48133333333335,-0.30932531981240863,-6.661338147750939e-16,-0.4,-0.4,2.7777777777777777,2.7777777777777777
79,0.5,False,0,0.6000000000000005,True,35.99111111111111,-3.4649138962878707,-4.241333333333304,0.7089209166612709,0.3500000000000001,-0.5,-0.5,2.7777777777777777,2.7777777777777777,35.99111111111111,19.152744406334744,18.890666666666657,-0.8201841799287026,0.0,-0.5,-0.5,2.7777777777777777,2.7777777777777777
79,0.6000000000000001,False,0,0.06666666666666783,True,36.03111111111111,-4.173555537672189,-4.298666666666651,0.983087842436837,0.10000000000000053,-0.6000000000000001,-0.6000000000000001,2.7777777777777777,2.7777777777777777,36.03111111111111,4.555867157015766,2.352000000000001,-0.8016708758025852,-0.019999999999999574,-0.6000000000000001,-0.6000000000000001,2.7777777777777777,2.7777777777777777
79,0.7000000000000001,True,2,0.0,True,35.91111111111111,-3.670011933165372,-4.201333333333326,0.5473241704860636,-0.14999999999999925,-0.7000000000000001,-0.7000000000000001,2.7777777777777777,2.7777777777777777,35.99111111111111,3.877619943971962,2.4293333333333296,-1.489837724347276,-0.009999999999999343,-0.7000000000000001,-0.7000000000000001,2.7777777777777777,2.7777777777777777
79,0.8,True,2,0.0,True,35.87111111111111,-4.052171427166431,-4.209333333333336,0.3216518768545278,-0.4000000000000008,-0.8,-0.8,2.7777777777777777,2.7777777777777777,35.99111111111111,11.470464859396653,12.373333333333331,0.7263837252916923,-2.220446049250313e-16,-0.8,-0.8,2.7777777777777777,2.7777777777777777
79,0.9,True,2,0.0,True,35.95111111111111,-3.7249780066478904,-4.217333333333289,-1.7981656727118314,-0.649999999999999,-0.9,-0.9,2.7777777777777777,2.7777777777777777,36.03111111111111,17.924335214056324,19.040000000000017,0.2838893095820456,-0.02000000000000024,-0.9,-0.9,2.7777777777777777,2.7777777777777777
79,1.0,True,2,0.0,True,35.87111111111111,-4.185441210975287,-4.197333333333336,-0.1702771928769662,-0.8999999999999999,-1.0,-1.0,2.7777777777777777,2.7777777777777777,36.07111111111111,25.86084829103127,25.67466666666665,0.1806915646043623,0.0,-1.0,-1.0,2.7777777777777777,2.7777777777777777
79,1.1,False,0,0.0,False,36.11111111111111,68.88794360611847,69.0,-0.07883490055041409,1.27,-1.1,-1.1,2.7777777777777777,2.7777777777777777,,,,,,,,,
79,1.2000000000000002,True,2,0.0,True,34.36611111111112,-4.1042686707538705,-3.684333333333316,-1.7781758500059373,-1.399999999999999,-1.2000000000000002,-1.2000000000000002,2.7777777777777777,2.7777777777777777,36.03111111111111,32.176682887716936,32.40133333333334,-1.0706184397724219,-0.07999999999999963,-1.2000000000000002,-1.2000000000000002,2.7777777777777777,2.7777777777777777
79,1.3,True,2,0.0,True,34.912111111111116,-3.792050261531318,-3.902833333333322,-0.913580127286796,-1.6500000000000008,-1.3,-1.3,2.7777777777777777,2.7777777777777777,36.07111111111111,35.361719888926984,35.678666666666686,-1.120989384323673,-0.09000000000000008,-1.3,-1.3,2.7777777777777777,2.7777777777777777
79,1.4000000000000001,True,2,0.0,True,33.69361111111112,-4.269173093106448,-3.4785833333333356,-1.317301614627482,-1.8999999999999986,-1.4000000000000001,-1.4000000000000001,2.7777777777777777,2.7777777777777777,36.03111111111111,37.49827035617435,39.032000000000004,1.1851055091503495,-0.08000000000000007,-1.4000000000000001,-1.4000000000000001,2.7777777777777777,2.7777777777777777
79,1.5,True,2,0.0,True,33.69361111111112,-4.103960304383537,-3.5225833333333325,-0.6300462707538692,-1.7999999999999998,0.0,0.0,2.7777777777777777,2.7777777777777777,36.11111111111111,41.15164342148073,42.33333333333334,-0.12854292263913258,-0.04999999999999982,-1.5,-1.5,2.7777777777777777,2.7777777777777777
79,1.6,True,2,0.0,True,33.69361111111112,-4.066427355757173,-3.4745833333333307,-1.1278352176068527,-1.879999999999999,0.0,0.0,2.7777777777777777,2.7777777777777777,36.03111111111111,42.0920176078662,42.34533333333334,-0.04858442197158319,-0.1599999999999997,-1.6,-1.6,2.7777777777777777,2.7777777777777777
79,1.7000000000000002,True,2,0.0,True,30.656435111111122,-2.6645598458111435,-3.498377333333326,-0.68890160397256,-1.8300000000000005,0.0,0.0,2.7777777777777777,2.7777777777777777,36.03111111111111,44.680695799432456,45.69066666666667,-0.18900357772868803,-0.09999999999999964,-1.7000000000000002,-1.7000000000000002,2.7777777777777777,2.7777777777777777
81,0.0,False,0,4.0,False,36.11111111111111,74.26465818637489,74.33333333333333,-0.4241944155403674,1.6,0.0,0.0,2.7777777777777777,2.7777777777777777,,,,,,,,,
81,0.1,False,0,4.0,True,36.07111111111111,-2.7215119473531812,-2.961333333333303,1.0835277031538713,1.3399999999999999,-0.1,-0.1,2.7777777777777777,2.7777777777777777,36.07111111111111,446.58904755316536,446.49866666666725,0.3395241629716863,-0.00999999999999579,-0.1,-0.1,2.7777777777777777,2.7777777777777777
81,0.2,False,0,4.0,False,36.11111111111111,-2.968796055430647,-2.9333333333332687,1.496372517106201,1.0799999999999996,-0.2,-0.2,2.7777777777777777,2.7777777777777777,36.11111111111111,181.2302062864045,180.39999999999998,-0.3959051439340786,-0.019999999999997353,-0.2,-0.2,2.7777777777777777,2.7777777777777777
81,0.30000000000000004,False,0,2.733333333333334,False,36.11111111111111,-1.5814871576464098,-2.9333333333332687,2.2131471723267286,0.8200000000000003,-0.30000000000000004,-0.30000000000000004,2.7777777777777777,2.7777777777777777,36.11111111111111,89.90978949581825,90.40000000000016,0.712841903201022,-0.020000000000001572,-0.30000000000000004,-0.30000000000000004,2.7777777777777777,2.7777777777777777
81,0.4,False,0,1.399999999999999,False,36.11111111111111,-3.602954465082152,-2.9333333333332687,1.5124950634369205,0.5599999999999996,-0.4,-0.4,2.7777777777777777,2.7777777777777777,36.11111111111111,43.91535819750105,43.73333333333345,0.14108418360348196,-6.661338147750939e-16,-0.4,-0.4,2.7777777777777777,2.7777777777777777
81,0.5,False,0,0.6000000000000005,False,36.11111111111111,87.924016183342,87.66666666666667,-0.2395780606986011,1.6750000000000003,-0.15,-0.3,2.7777777777777777,2.7777777777777777,,,,,,,,,
81,0.6000000000000001,False,0,0.06666666666666783,True,35.99111111111111,-2.003738331577895,-3.0013333333333234,-1.1575645798385201,0.0400000000000007,-0.6000000000000001,-0.6000000000000001,2.7777777777777777,2.7777777777777777,35.99111111111111,-0.18423827577020102,0.3200000000000047,0.22682099510519338,-0.019999999999999574,-0.6000000000000001,-0.6000000000000001,2.7777777777777777,2.7777777777777777
81,0.7000000000000001,False,0,0.0,False,36.11111111111111,74.1907466397236,74.33333333333333,-0.2800847880971671,1.46,-0.6,-0.7000000000000001,2.7777777777777777,2.7777777777777777,,,,,,,,,
81,0.8,True,2,0.0,True,35.791111111111114,-2.7000361131887187,-3.089333333333303,-0.5867813366587495,-0.48000000000000087,-0.8,-0.8,2.7777777777777777,2.7777777777777777,35.99111111111111,13.671258130057279,14.357333333333312,1.2591319444709228,-2.220446049250313e-16,-0.8,-0.8,2.7777777777777777,2.7777777777777777
81,0.9,True,2,0.0,True,35.87111111111111,-3.429214311582572,-3.1373333333333333,-1.3509616325131755,-0.7399999999999989,-0.9,-0.9,2.7777777777777777,2.7777777777777777,36.03111111111111,20.733671428794462,21.06,-0.015463679351869652,-0.02000000000000024,-0.9,-0.9,2.7777777777777777,2.7777777777777777
81,1.0,False,0,0.0,False,36.11111111111111,73.61485161108887,74.33333333333333,-0.13400168398204193,1.4,-1.0,-1.0,2.7777777777777777,2.7777777777777777,,,,,,,,,
81,1.1,True,2,0.0,True,35.791111111111114,-2.126790196943406,-3.1933333333333165,-0.6631503857369634,-1.2600000000000011,-1.1,-1.1,2.7777777777777777,2.7777777777777777,36.03111111111111,30.58777367560415,31.019999999999992,-0.5900302060253086,-0.0499999999999996,-1.1,-1.1,2.7777777777777777,2.7777777777777777
81,1.2000000000000002,True,2,0.0,True,34.36611111111112,-3.866777201860944,-3.570333333333326,-1.4822392617449367,-1.5199999999999987,-1.2000000000000002,-1.2000000000000002,2.7777777777777777,2.7777777777777777,35.99111111111111,32.071263936508515,34.38133333333333,0.21232191077198115,-0.07999999999999963,-1.2000000000000002,-1.2000000000000002,2.7777777777777777,2.7777777777777777
81,1.3,True,2,0.0,True,34.36611111111112,-2.706798943467862,-3.5663333333333354,-1.7142978861970941,-1.7800000000000002,-1.3,-1.3,2.7777777777777777,2.7777777777777777,36.03111111111111,38.34481455954527,37.69466666666668,-0.5047213056271134,-0.09000000000000008,-1.3,-1.3,2.7777777777777777,2.7777777777777777
81,1.4000000000000001,False,0,0.0,False,36.11111111111111,71.20095185752089,71.0,-0.09247049307527022,1.1800000000000002,-1.4000000000000001,-1.4000000000000001,2.7777777777777777,2.7777777777777777,,,,,,,,,
81,1.5,False,0,0.0,False,36.11111111111111,71.6853915830125,71.0,-0.22869466151406548,1.15,-1.5,-1.5,2.7777777777777777,2.7777777777777777,,,,,,,,,
81,1.6,True,2,0.0,True,31.415729111111123,-3.31611040027295,-3.647090266666683,-1.8562116922208745,-1.879999999999999,0.0,0.0,2.7777777777777777,2.7777777777777777,36.03111111111111,44.724332793767616,44.357333333333344,-0.506664880701774,-0.1599999999999997,-1.6,-1.6,2.7777777777777777,2.7777777777777777
81,1.7000000000000002,False,0,0.0,False,36.11111111111111,73.05381966965342,74.33333333333334,-0.7914465871959875,1.2600000000000002,-1.7000000000000002,-1.7000000000000002,2.7777777777777777,2.7777777777777777,,,,,,,,,
83,0.0,False,0,4.0,False,36.11111111111111,-3.0153836398365454,-3.666666666666731,1.9219019309240815,1.6,0.0,0.0,2.7777777777777777,2.7777777777777777,,,,,,,,,
83,0.1,False,0,4.0,True,36.03111111111111,-4.237756664417321,-3.6146666666666674,0.9557624600995562,1.3399999999999999,-0.1,-0.1,2.7777777777777777,2.7777777777777777,36.03111111111111,444.71455581842014,443.93466666666694,0.13479237842811864,-0.00999999999999579,-0.1,-0.1,2.7777777777777777,2.7777777777777777
83,0.2,False,0,4.0,True,36.07111111111111,-4.239999236549056,-3.6466666666667065,0.9202592094670674,1.0799999999999996,-0.2,-0.2,2.7777777777777777,2.7777777777777777,36.07111111111111,178.03832405955507,178.1600000000006,0.31453424439135524,-0.019999999999997353,-0.2,-0.2,2.7777777777777777,2.7777777777777777
83,0.30000000000000004,False,0,2.6333333333333346,False,36.11111111111111,70.09211809513592,69.66666666666667,-0.19489531086834777,1.48,-0.30000000000000004,-0.30000000000000004,2.7777777777777777,2.7777777777777777,,,,,,,,,
83,0.4,False,0,1.299999999999999,True,36.07111111111111,-3.200995979854741,-3.6546666666667162,1.2555493423811708,0.5599999999999996,-0.4,-0.4,2.7777777777777777,2.7777777777777777,36.07111111111111,43.281078385051714,41.665333333333436,-0.39929169850208623,-6.661338147750939e-16,-0.4,-0.4,2.7777777777777777,2.7777777777777777
83,0.5,False,0,0.5,True,36.07111111111111,-2.835683454919635,-3.634666666666692,1.809880508547288,0.30000000000000027,-0.5,-0.5,2.7777777777777777,2.7777777777777777,36.07111111111111,16.531357949503256,15.010666666666676,-0.7267356730701819,0.0,-0.5,-0.5,2.7777777777777777,2.7777777777777777
83,0.6000000000000001,True,1,0.0,True,35.91111111111111,-4.1230375176520395,-3.50266666666663,-0.5362161389629188,0.0400000000000007,-0.6000000000000001,-0.6000000000000001,2.7777777777777777,2.7777777777777777,35.91111111111111,-2.116392415576331,-1.7840000000000513,0.021272717536356067,-0.019999999999999574,-0.6000000000000001,-0.6000000000000001,2.7777777777777777,2.7777777777777777
83,0.7000000000000001,True,2,0.0,True,35.791111111111114,-3.939479496720824,-3.4666666666666996,-0.5129544176001501,-0.21999999999999909,-0.7000000000000001,-0.7000000000000001,2.7777777777777777,2.7777777777777777,35.87111111111111,5.378370110642405,6.4453333333333065,-0.4032039789721924,-0.009999999999999343,-0.7000000000000001,-0.7000000000000001,2.7777777777777777,2.7777777777777777
83,0.8,False,0,0.0,False,36.11111111111111,68.3400129623499,69.66666666666667,-0.3893106872569896,1.2800000000000002,-0.8,-0.8,2.7777777777777777,2.7777777777777777,,,,,,,,,
83,0.9,True,2,0.0,True,35.91111111111111,-3.756331948378448,-3.5786666666667086,-1.3907700028065972,-0.7399999999999989,-0.9,-0.9,2.7777777777777777,2.7777777777777777,36.11111111111111,21.800159905014052,22.999999999999968,-0.7024983677012973,-0.02000000000000024,-0.9,-0.9,2.7777777777777777,2.7777777777777777
83,1.0,True,2,0.0,True,35.87111111111111,-3.7286156891319022,-3.478666666666686,-1.4481257998338732,-1.0,-1.0,-1.0,2.7777777777777777,2.7777777777777777,36.03111111111111,28.8305383473165,29.68666666666665,-0.23595354971152993,0.0,-1.0,-1.0,2.7777777777777777,2.7777777777777777
83,1.1,True,2,0.0,True,34.912111111111116,-3.4772180958755454,-3.200166666666692,-1.0106932762413314,-1.2600000000000011,-1.1,-1.1,2.7777777777777777,2.7777777777777777,35.99111111111111,31.954271956587423,33.047999999999995,0.8822373268002299,-0.0499999999999996,-1.1,-1.1,2.7777777777777777,2.7777777777777777
83,1.2000000000000002,False,0,0.0,False,36.11111111111111,76.4792682542383,76.33333333333334,-0.01184960623249709,1.3599999999999999,-1.2000000000000002,-1.2000000000000002,2.7777777777777777,2.7777777777777777,,,,,,,,,
83,1.3,True,2,0.0,True,33.69361111111112,-2.8745862292493056,-2.823916666666679,-1.311432231882747,-1.7800000000000002,-1.3,-1.3,2.7777777777777777,2.7777777777777777,36.03111111111111,40.63043882934098,39.67866666666668,-0.3262770322300641,-0.09000000000000008,-1.3,-1.3,2.7777777777777777,2.7777777777777777
83,1.4000000000000001,True,2,0.0,True,35.331611111111116,-3.204439770887393,-3.3240666666666696,-1.4640940102017646,-1.8999999999999986,-1.4000000000000001,0.0,2.7777777777777777,2.7777777777777777,36.11111111111111,43.70414579628154,43.0,-1.0440718064283387,-0.08000000000000007,-1.4000000000000001,-1.4000000000000001,2.7777777777777777,2.7777777777777777
83,1.5,True,2,0.0,True,31.415729111111123,-2.8080985579510864,-3.6355763999999935,-0.6217556251318503,-1.7999999999999998,0.0,0.0,2.7777777777777777,2.7777777777777777,36.03111111111111,47.71235288096944,46.353333333333346,-0.5416888970008042,-0.04999999999999982,-1.5,-1.5,2.7777777777777777,2.7777777777777777
83,1.6,True,2,0.0,True,33.69361111111112,-2.7422913295374967,-2.83191666666666,-1.8911807873609863,-1.879999999999999,0.0,0.0,2.7777777777777777,2.7777777777777777,36.07111111111111,46.53962619944791,46.34933333333335,0.6039726680277306,-0.1599999999999997,-1.6,-1.6,2.7777777777777777,2.7777777777777777
83,1.7000000000000002,False,0,0.0,False,36.11111111111111,66.94788833720516,66.33333333333333,-0.8541933246018223,0.75,-1.7000000000000002,-1.7000000000000002,2.7777777777777777,2.7777777777777777,,,,,,,,,
85,0.0,False,0,4.0,False,36.11111111111111,-3.103971946154391,-3.59999999999994,1.5979556542652373,1.6,0.0,0.0,2.7777777777777777,2.7777777777777777,,,,,,,,,
85,0.1,False,0,4.0,False,36.11111111111111,-3.2972435980829173,-3.59999999999994,0.5785457472272313,1.33,-0.1,-0.1,2.7777777777777777,2.7777777777777777,36.11111111111111,442.6669325142547,443.06666666666473,-0.169216165346306,-0.00999999999999579,-0.1,-0.1,2.7777777777777777,2.7777777777777777
85,0.2,False,0,4.0,False,36.11111111111111,-4.139788916176459,-3.59999999999994,0.3604430141634465,1.06,-0.2,-0.2,2.7777777777777777,2.7777777777777777,36.11111111111111,176.0142352106581,176.39999999999998,0.10696868889115363,-0.019999999999997353,-0.2,-0.2,2.7777777777777777,2.7777777777777777
85,0.30000000000000004,False,0,2.5333333333333337,False,36.11111111111111,-3.483308169292843,-3.59999999999994,1.037244458192173,0.7900000000000005,-0.30000000000000004,-0.30000000000000004,2.7777777777777777,2.7777777777777777,36.11111111111111,85.81881916402381,86.40000000000016,0.40873584401627605,-0.020000000000001572,-0.30000000000000004,-0.30000000000000004,2.7777777777777777,2.7777777777777777
85,0.4,False,0,1.1999999999999988,True,36.03111111111111,-3.7040280486898522,-3.643999999999994,1.3694165819988138,0.5199999999999996,-0.4,-0.4,2.7777777777777777,2.7777777777777777,36.03111111111111,39.82887773530517,39.58533333333328,0.15856706978652335,-6.661338147750939e-16,-0.4,-0.4,2.7777777777777777,2.7777777777777777
85,0.5,False,0,0.40000000000000036,True,35.99111111111111,-3.7451316587108208,-3.69200000000001,0.8800969949213218,0.25,-0.5,-0.5,2.7777777777777777,2.7777777777777777,35.99111111111111,12.790268724272845,12.914666666666673,0.0739556315472909,0.0,-0.5,-0.5,2.7777777777777777,2.7777777777777777
85,0.6000000000000001,False,0,0.0,False,36.11111111111111,67.646625215689,68.33333333333333,-0.05644694021052654,1.3000000000000003,-0.6000000000000001,-0.6000000000000001,2.7777777777777777,2.7777777777777777,,,,,,,,,
85,0.7000000000000001,True,2,0.0,True,35.87111111111111,-3.6836233844690893,-3.800000000000014,-1.141822244692487,-0.28999999999999915,-0.7000000000000001,-0.7000000000000001,2.7777777777777777,2.7777777777777777,35.91111111111111,7.543620158585537,8.449333333333325,1.0030265665264535,-0.009999999999999343,-0.7000000000000001,-0.7000000000000001,2.7777777777777777,2.7777777777777777
85,0.8,True,2,0.0,True,35.83111111111111,-4.214437746811202,-3.7720000000000082,0.17733896180501718,-0.5600000000000009,-0.8,-0.8,2.7777777777777777,2.7777777777777777,36.03111111111111,17.855108732873756,18.377333333333336,-0.8301338828427711,-2.220446049250313e-16,-0.8,-0.8,2.7777777777777777,2.7777777777777777
85,0.9,True,2,0.0,True,35.624611111111115,-2.3982380721852676,-3.8366500000000086,-0.6619796311786246,-0.8299999999999987,-0.9,-0.9,2.7777777777777777,2.7777777777777777,36.03111111111111,24.40393971688648,25.019999999999992,0.9125671051074318,-0.02000000000000024,-0.9,-0.9,2.7777777777777777,2.7777777777777777
85,1.0,True,2,0.0,True,35.624611111111115,-3.982409052713879,-3.941300000000015,0.04659980090473925,-1.1,-1.0,-1.0,2.7777777777777777,2.7777777777777777,35.95111111111111,31.038465264506943,31.722666666666672,1.1778339243557405,0.0,-1.0,-1.0,2.7777777777777777,2.7777777777777777
85,1.1,True,2,0.0,True,35.331611111111116,-3.2335971230109832,-4.012549999999993,-1.8884951646864478,-1.3700000000000014,-1.1,-1.1,2.7777777777777777,2.7777777777777777,36.03111111111111,35.3017620482638,35.028000000000006,0.08622403381835553,-0.0499999999999996,-1.1,-1.1,2.7777777777777777,2.7777777777777777
85,1.2000000000000002,True,2,0.0,True,32.17502311111112,-3.250060268815278,-3.441961800000004,-1.8359910574524627,-1.6399999999999992,-1.2000000000000002,-1.2000000000000002,2.7777777777777777,2.7777777777777777,35.99111111111111,39.309473734776255,38.36933333333334,-0.017419885764287768,-0.07999999999999963,-1.2000000000000002,-1.2000000000000002,2.7777777777777777,2.7777777777777777
85,1.3,True,2,0.0,True,32.17502311111112,-3.2636041904241493,-3.4579618000000094,-1.8470600245214814,-1.8899999999999997,-1.3,-1.3,2.7777777777777777,2.7777777777777777,35.99111111111111,40.406624116502435,41.69066666666668,1.5054492631740217,-0.09000000000000008,-1.3,-1.3,2.7777777777777777,2.7777777777777777
85,1.4000000000000001,True,2,0.0,True,32.93431711111112,-3.3371274421619743,-3.867570599999996,-1.872172019327594,-1.8999999999999986,-1.4000000000000001,0.0,2.7777777777777777,2.7777777777777777,36.07111111111111,43.584020362174485,45.004000000000005,0.7854645765018362,-0.08000000000000007,-1.4000000000000001,-1.4000000000000001,2.7777777777777777,2.7777777777777777
85,1.5,False,0,0.0,False,36.11111111111111,68.5810086074029,68.33333333333333,-0.3521956738127212,0.8500000000000001,-1.5,-1.5,2.7777777777777777,2.7777777777777777,,,,,,,,,
85,1.6,True,2,0.0,True,32.17502311111112,-4.276115203098686,-3.4339618000000085,-1.8042930905885912,-1.879999999999999,0.0,0.0,2.7777777777777777,2.7777777777777777,36.03111111111111,47.360260979978236,48.369333333333344,0.06753595582103888,-0.1599999999999997,-1.6,-1.6,2.7777777777777777,2.7777777777777777
85,1.7000000000000002,True,2,0.0,True,32.93431711111112,-4.236543287534192,-3.6138205999999995,-1.029649477268168,-1.8300000000000005,0.0,0.0,2.7777777777777777,2.7777777777777777,36.07111111111111,50.619910077446335,51.67466666666667,1.2428485408244652,-0.09999999999999964,-1.7000000000000002,-1.7000000000000002,2.7777777777777777,2.7777777777777777
87,0.0,False,0,4.0,False,36.11111111111111,79.7030456080522,80.33333333333333,-0.005627985023704429,1.6,0.0,0.0,2.7777777777777777,2.7777777777777777,,,,,,,,,
87,0.1,False,0,4.0,False,36.11111111111111,-4.243033136509712,-3.0000000000000595,2.2679166389373093,1.33,-0.1,-0.1,2.7777777777777777,2.7777777777777777,36.11111111111111,441.6553070887822,441.06666666666473,-0.3123565746254191,-0.00999999999999579,-0.1,-0.1,2.7777777777777777,2.7777777777777777
87,0.2,False,0,4.0,True,36.03111111111111,-2.9811427208768917,-2.943999999999991,1.2292305850795362,1.06,-0.2,-0.2,2.7777777777777777,2.7777777777777777,36.03111111111111,173.72881435606115,173.9119999999997,0.4302373387257199,-0.019999999999997353,-0.2,-0.2,2.7777777777777777,2.7777777777777777
87,0.30000000000000004,False,0,2.5333333333333337,True,36.03111111111111,-2.4323834594423657,-2.943999999999991,0.2749862705264201,0.7900000000000005,-0.30000000000000004,-0.30000000000000004,2.7777777777777777,2.7777777777777777,36.03111111111111,85.39801346465099,84.12799999999983,0.25119835342642594,-0.020000000000001572,-0.30000000000000004,-0.30000000000000004,2.7777777777777777,2.7777777777777777
87,0.4,False,0,1.1999999999999988,True,36.07111111111111,-3.063719918075466,-2.988000000000045,0.595200846128094,0.5199999999999996,-0.4,-0.4,2.7777777777777777,2.7777777777777777,36.07111111111111,38.03160379214468,37.66933333333343,1.0648925180042244,-6.661338147750939e-16,-0.4,-0.4,2.7777777777777777,2.7777777777777777
87,0.5,False,0,0.40000000000000036,True,35.91111111111111,-2.424821235405193,-2.8399999999999777,-0.25280105463912994,0.25,-0.5,-0.5,2.7777777777777777,2.7777777777777777,35.87111111111111,9.644171294059358,10.786666666666658,-0.9645427534378728,0.0,-0.5,-0.5,2.7777777777777777,2.7777777777777777
87,0.6000000000000001,True,2,0.0,True,36.03111111111111,-2.713383215043467,-2.97600000000003,0.7612577832251861,-0.019999999999999574,-0.6000000000000001,-0.6000000000000001,2.7777777777777777,2.7777777777777777,36.03111111111111,-2.713383215043467,-2.97600000000003,0.7612577832251861,-0.019999999999999574,-0.6000000000000001,-0.6000000000000001,2.7777777777777777,2.7777777777777777
87,0.7000000000000001,True,2,0.0,True,35.95111111111111,-3.994480453169504,-2.8839999999999746,0.7350236851473886,-0.28999999999999915,-0.7000000000000001,-0.7000000000000001,2.7777777777777777,2.7777777777777777,36.03111111111111,10.188590740250174,10.38933333333335,-0.900995652890231,-0.009999999999999343,-0.7000000000000001,-0.7000000000000001,2.7777777777777777,2.7777777777777777
87,0.8,True,2,0.0,True,35.91111111111111,-3.889941290986374,-2.89999999999998,0.13092223685204907,-0.5600000000000009,-0.8,-0.8,2.7777777777777777,2.7777777777777777,36.07111111111111,19.83439046896778,20.35333333333332,-0.2003188488798131,-2.220446049250313e-16,-0.8,-0.8,2.7777777777777777,2.7777777777777777
87,0.9,True,2,0.0,True,34.36611111111112,-1.9120715006446316,-2.851666666666662,-1.2777141765579874,-0.9199999999999986,-0.9,-0.9,2.7777777777777777,2.7777777777777777,35.99111111111111,27.407299427653793,27.027999999999988,-0.7552849166952915,-0.02000000000000024,-0.9,-0.9,2.7777777777777777,2.7777777777777777
87,1.0,True,2,0.0,True,33.69361111111112,-3.2388414826641023,-3.125416666666669,-0.9784106202113728,-1.1999999999999997,-1.0,-1.0,2.7777777777777777,2.7777777777777777,36.03111111111111,33.87797569190016,33.70666666666668,-0.0831505529267833,0.0,-1.0,-1.0,2.7777777777777777,2.7777777777777777
87,1.1,True,2,0.0,True,35.624611111111115,-3.7007727355791813,-2.6593500000000203,-1.0721947149541087,-1.3700000000000014,-1.1,-1.1,2.7777777777777777,2.7777777777777777,35.99111111111111,36.452651967061755,37.06,0.6166719221338126,-0.0499999999999996,-1.1,-1.1,2.7777777777777777,2.7777777777777777
87,1.2000000000000002,True,2,0.0,True,35.624611111111115,-3.366309635945046,-2.7313499999999946,-1.8746767849384551,-1.6399999999999992,-1.2000000000000002,-1.2000000000000002,2.7777777777777777,2.7777777777777777,36.07111111111111,38.542766898756796,40.34933333333335,-0.15500111758732693,-0.07999999999999963,-1.2000000000000002,-1.2000000000000002,2.7777777777777777,2.7777777777777777
87,1.3,True,2,0.0,True,33.69361111111112,-3.839465519775646,-3.117416666666659,-1.3278599976718901,-1.8899999999999997,-1.3,0.0,2.7777777777777777,2.7777777777777777,36.07111111111111,43.574953755048526,43.670666666666676,-0.002071383084838452,-0.09000000000000008,-1.3,-1.3,2.7777777777777777,2.7777777777777777
87,1.4000000000000001,True,2,0.0,True,30.656435111111122,-3.020151669263387,-3.7482893333333633,-0.8735754144177974,-1.8999999999999986,0.0,0.0,2.7777777777777777,2.7777777777777777,35.99111111111111,45.9852626230932,47.047999999999995,0.5521312820720334,-0.08000000000000007,-1.4000000000000001,-1.4000000000000001,2.7777777777777777,2.7777777777777777
87,1.5,True,2,0.0,True,32.17502311111112,-2.368312860612394,-3.820704866666648,-1.3457676782082715,-1.7999999999999998,0.0,0.0,2.7777777777777777,2.7777777777777777,36.07111111111111,50.737226176676174,50.34533333333334,-0.27136597071769364,-0.04999999999999982,-1.5,-1.5,2.7777777777777777,2.7777777777777777
87,1.6,True,2,0.0,True,32.17502311111112,-4.098417550287738,-3.8047048666666567,-1.794487265307741,-1.879999999999999,0.0,0.0,2.7777777777777777,2.7777777777777777,36.11111111111111,50.85368915467083,50.33333333333334,-0.3647689387077846,-0.1599999999999997,-1.6,-1.6,2.7777777777777777,2.7777777777777777
87,1.7000000000000002,True,2,0.0,True,32.93431711111112,-3.7117688721691477,-3.4230960666666617,-1.4399382783521841,-1.8300000000000005,0.0,0.0,2.7777777777777777,2.7777777777777777,36.07111111111111,53.0325115779592,53.67466666666667,0.19550451706534444,-0.09999999999999964,-1.7000000000000002,-1.7000000000000002,2.7777777777777777,2.7777777777777777
89,0.0,False,0,4.0,False,36.11111111111111,-3.101745775319631,-4.266666666666597,1.339581818277785,1.6,0.0,0.0,2.7777777777777777,2.7777777777777777,,,,,,,,,
89,0.1,False,0,4.0,False,36.11111111111111,72.48872816721568,72.33333333333333,-0.3738633840758736,1.5500000000000003,-0.1,-0.1,2.7777777777777777,2.7777777777777777,,,,,,,,,
89,0.2,False,0,4.0,True,36.07111111111111,-3.0080650978035264,-4.286666666666622,1.2038915563027568,1.0399999999999996,-0.2,-0.2,2.7777777777777777,2.7777777777777777,36.07111111111111,171.89406429404983,172.16800000000063,-1.1531300325016556,-0.019999999999997353,-0.2,-0.2,2.7777777777777777,2.7777777777777777
89,0.30000000000000004,False,0,2.433333333333333,True,36.07111111111111,-4.0992151461418045,-4.2946666666666315,0.8756765043225045,0.7600000000000002,-0.30000000000000004,-0.30000000000000004,2.7777777777777777,2.7777777777777777,36.07111111111111,84.00299879772805,82.26800000000027,-0.940187650728727,-0.020000000000001572,-0.30000000000000004,-0.30000000000000004,2.7777777777777777,2.7777777777777777
89,0.4,False,0,1.0999999999999988,False,36.11111111111111,81.06211676123239,82.33333333333333,-0.016349168337307374,1.52,-0.3,-0.4,2.7777777777777777,2.7777777777777777,,,,,,,,,
89,0.5,False,0,0.2999999999999998,False,36.11111111111111,92.00703403388877,92.33333333333334,-0.20159343633589133,1.645,-0.15,-0.44999999999999996,2.7777777777777777,2.7777777777777777,,,,,,,,,
89,0.6000000000000001,True,2,0.0,True,35.95111111111111,-3.06050061555631,-4.161333333333363,-0.49004386301532143,-0.07999999999999963,-0.6000000000000001,-0.6000000000000001,2.7777777777777777,2.7777777777777777,35.99111111111111,-0.6534986478589131,-0.8440000000000252,-0.7302659397102942,-0.019999999999999574,-0.6000000000000001,-0.6000000000000001,2.7777777777777777,2.7777777777777777
89,0.7000000000000001,True,2,0.0,True,35.83111111111111,-3.4913889935811424,-4.137333333333319,-0.6575587765155222,-0.359999999999999,-0.7000000000000001,-0.7000000000000001,2.7777777777777777,2.7777777777777777,35.95111111111111,11.82351773357217,12.405333333333342,-1.6273386542444577,-0.009999999999999343,-0.7000000000000001,-0.7000000000000001,2.7777777777777777,2.7777777777777777
89,0.8,True,2,0.0,True,35.99111111111111,-4.045646797047584,-4.245333333333309,-1.3232448085401318,-0.640000000000001,-0.8,-0.8,2.7777777777777777,2.7777777777777777,36.03111111111111,22.321780813858904,22.35333333333332,1.5178772330540915,-2.220446049250313e-16,-0.8,-0.8,2.7777777777777777,2.7777777777777777
89,0.9,True,2,0.0,True,34.912111111111116,-3.3474541242768394,-3.788883333333348,-0.254192754226072,-0.9199999999999986,-0.9,-0.9,2.7777777777777777,2.7777777777777777,35.95111111111111,28.32338121868737,29.071999999999985,0.18605341960970234,-0.02000000000000024,-0.9,-0.9,2.7777777777777777,2.7777777777777777
89,1.0,True,2,0.0,True,34.912111111111116,-3.8989320929423057,-3.9108333333333745,-0.34623118865196445,-1.1999999999999997,-1.0,-1.0,2.7777777777777777,2.7777777777777777,36.03111111111111,35.72166451998812,35.67866666666665,0.2397512844218972,0.0,-1.0,-1.0,2.7777777777777777,2.7777777777777777
89,1.1,True,2,0.0,True,34.912111111111116,-3.5703309320695977,-3.882833333333326,-1.0241454271202965,-1.4800000000000013,-1.1,-1.1,2.7777777777777777,2.7777777777777777,36.03111111111111,38.87753035982197,39.02,0.2657612986659781,-0.0499999999999996,-1.1,-1.1,2.7777777777777777,2.7777777777777777
89,1.2000000000000002,True,2,0.0,True,34.912111111111116,-3.4388414168120844,-3.8748333333333305,-1.2540700109352023,-1.7599999999999993,-1.2000000000000002,-1.2000000000000002,2.7777777777777777,2.7777777777777777,36.03111111111111,42.08610769367102,42.34933333333334,0.6132378488290602,-0.07999999999999963,-1.2000000000000002,-1.2000000000000002,2.7777777777777777,2.7777777777777777
89,1.3,True,2,0.0,True,31.415729111111123,-1.8892717192307655,-2.984909733333313,-1.709621274561688,-1.8899999999999997,0.0,0.0,2.7777777777777777,2.7777777777777777,35.99111111111111,44.42537009766295,45.71466666666667,0.11122718783531527,-0.09000000000000008,-1.3,-1.3,2.7777777777777777,2.7777777777777777
89,1.4000000000000001,True,2,0.0,True,30.656435111111122,-3.175736084200042,-3.4703773333333343,-1.2808285622979985,-1.8999999999999986,0.0,0.0,2.7777777777777777,2.7777777777777777,36.07111111111111,48.66271926406206,49.004000000000005,0.6064591917906004,-0.08000000000000007,-1.4000000000000001,-1.4000000000000001,2.7777777777777777,2.7777777777777777
89,1.5,True,2,0.0,True,34.36611111111112,-3.4708878029019585,-3.7203333333333175,-0.44457370974669197,-1.7999999999999998,0.0,0.0,2.7777777777777777,2.7777777777777777,36.11111111111111,52.00445668803329,52.33333333333334,1.0053989379010075,-0.04999999999999982,-1.5,-1.5,2.7777777777777777,2.7777777777777777
89,1.6,False,0,0.0,False,36.11111111111111,71.39109553153644,72.33333333333333,-0.3701807824875476,0.8000000000000003,-1.6,-1.6,2.7777777777777777,2.7777777777777777,,,,,,,,,
89,1.7000000000000002,False,0,0.0,False,36.11111111111111,74.86711860935138,75.66666666666667,-0.8729355990993182,0.9199999999999999,-1.7000000000000002,-1.7000000000000002,2.7777777777777777,2.7777777777777777,,,,,,,,,
91,0.0,False,0,4.0,False,36.11111111111111,-2.275691301362957,-2.9333333333332687,2.197276901497647,1.6,0.0,0.0,2.7777777777777777,2.7777777777777777,,,,,,,,,
91,0.1,False,0,4.0,True,36.07111111111111,-1.903433255138114,-2.989333333333337,1.1432646586984547,1.31,-0.1,-0.1,2.7777777777777777,2.7777777777777777,36.07111111111111,435.7880669868446,436.48266666666717,-0.3946946316610378,-0.00999999999999579,-0.1,-0.1,2.7777777777777777,2.7777777777777777
91,0.2,False,0,4.0,True,36.03111111111111,-1.3608401329695736,-3.025333333333381,1.5852182950636569,1.02,-0.2,-0.2,2.7777777777777777,2.7777777777777777,36.03111111111111,170.26486454846213,169.89199999999965,0.4089457202748439,-0.019999999999997353,-0.2,-0.2,2.7777777777777777,2.7777777777777777
91,0.30000000000000004,False,0,2.433333333333333,False,36.11111111111111,-1.798980238960655,-2.9333333333332687,0.7896797963350557,0.73,-0.30000000000000004,-0.30000000000000004,2.7777777777777777,2.7777777777777777,36.11111111111111,81.06205193110941,80.40000000000016,0.14141374129904083,-0.020000000000001572,-0.30000000000000004,-0.30000000000000004,2.7777777777777777,2.7777777777777777
91,0.4,False,0,1.0999999999999988,True,36.03111111111111,-1.4096440458888706,-2.9853333333333323,0.8753534532961469,0.4399999999999995,-0.4,-0.4,2.7777777777777777,2.7777777777777777,36.03111111111111,34.98413896237106,33.59333333333329,-0.550039574801076,-6.661338147750939e-16,-0.4,-0.4,2.7777777777777777,2.7777777777777777
91,0.5,False,0,0.2999999999999998,True,36.03111111111111,-2.5783154045700085,-2.9813333333333274,1.4258282272440708,0.1499999999999999,-0.5,-0.5,2.7777777777777777,2.7777777777777777,36.03111111111111,7.85098906729412,6.9946666666666575,0.2085276333629449,0.0,-0.5,-0.5,2.7777777777777777,2.7777777777777777
91,0.6000000000000001,True,2,0.0,True,35.624611111111115,-3.7066711600036966,-3.2099833333333434,-1.084366796116537,-0.13999999999999968,-0.6000000000000001,-0.6000000000000001,2.7777777777777777,2.7777777777777777,35.83111111111111,0.7036210877828184,1.1960000000000095,-0.028235868577081824,-0.019999999999999574,-0.6000000000000001,-0.6000000000000001,2.7777777777777777,2.7777777777777777
91,0.7000000000000001,True,2,0.0,True,35.791111111111114,-3.5479666624360418,-3.1893333333333542,-0.08255071681111081,-0.4299999999999988,-0.7000000000000001,-0.7000000000000001,2.7777777777777777,2.7777777777777777,35.95111111111111,14.247000606509939,14.429333333333343,-0.9119245098696176,-0.009999999999999343,-0.7000000000000001,-0.7000000000000001,2.7777777777777777,2.7777777777777777
91,0.8,True,2,0.0,True,35.95111111111111,-3.01636826303812,-2.9853333333332897,-0.431228881699133,-0.7200000000000011,-0.8,-0.8,2.7777777777777777,2.7777777777777777,36.11111111111111,24.225520866845525,24.333333333333297,0.09662167093090446,-2.220446049250313e-16,-0.8,-0.8,2.7777777777777777,2.7777777777777777
91,0.9,False,0,0.0,False,36.11111111111111,103.85229904607117,104.33333333333333,-0.29183637338910984,1.81,0.0,-0.3,2.7777777777777777,2.7777777777777777,,,,,,,,,
91,1.0,True,2,0.0,True,34.912111111111116,-2.244502388391754,-3.443833333333319,-0.0048183907956198535,-1.2999999999999998,-1.0,-1.0,2.7777777777777777,2.7777777777777777,35.99111111111111,38.28991580085852,37.71466666666666,0.7846417387796292,0.0,-1.0,-1.0,2.7777777777777777,2.7777777777777777
91,1.1,True,2,0.0,True,34.36611111111112,-3.393200351487738,-3.5663333333333354,-1.084803638408923,-1.5900000000000016,-1.1,-1.1,2.7777777777777777,2.7777777777777777,36.03111111111111,41.46708685047111,41.03200000000002,0.6312788505352818,-0.0499999999999996,-1.1,-1.1,2.7777777777777777,2.7777777777777777
91,1.2000000000000002,True,2,0.0,True,34.36611111111112,-3.039698929009151,-3.530333333333348,-1.6405572263576358,-1.8799999999999994,-1.2000000000000002,-1.2000000000000002,2.7777777777777777,2.7777777777777777,36.11111111111111,43.810748530173726,44.33333333333333,1.0212151331889197,-0.07999999999999963,-1.2000000000000002,-1.2000000000000002,2.7777777777777777,2.7777777777777777
91,1.3,True,2,0.0,True,30.656435111111122,-3.915206495809218,-3.081622666666692,-1.7915147858125995,-1.8899999999999997,-1.3,0.0,2.7777777777777777,2.7777777777777777,36.03111111111111,46.15687039064439,47.698666666666675,-0.7662349817136436,-0.09000000000000008,-1.3,-1.3,2.7777777777777777,2.7777777777777777
91,1.4000000000000001,False,0,0.0,False,36.11111111111111,80.84833501900702,81.0,-0.4918730577946784,1.1800000000000002,-1.4000000000000001,-1.4000000000000001,2.7777777777777777,2.7777777777777777,,,,,,,,,
91,1.5,True,2,0.0,True,32.17502311111112,-2.992865236477118,-4.124628466666681,-1.145498744875617,-1.7999999999999998,0.0,0.0,2.7777777777777777,2.7777777777777777,36.11111111111111,54.29758232784776,54.33333333333334,-0.7883342880082438,-0.04999999999999982,-1.5,-1.5,2.7777777777777777,2.7777777777777777
91,1.6,False,0,0.0,False,36.11111111111111,78.05100751074018,77.66666666666667,-0.2803998743075369,0.96,-1.6,-1.6,2.7777777777777777,2.7777777777777777,,,,,,,,,
91,1.7000000000000002,True,2,0.0,True,31.415729111111123,-4.286353790962951,-3.6750902666666745,-1.6460973956052338,-1.8300000000000005,0.0,0.0,2.7777777777777777,2.7777777777777777,36.11111111111111,57.25049247558265,57.66666666666667,0.37487724060769834,-0.09999999999999964,-1.7000000000000002,-1.7000000000000002,2.7777777777777777,2.7777777777777777
93,0.0,False,0,4.0,False,36.11111111111111,-3.539838614230976,-3.666666666666731,2.0707632257438195,1.6,0.0,0.0,2.7777777777777777,2.7777777777777777,,,,,,,,,
93,0.1,False,0,4.0,False,36.11111111111111,-3.9704879687043073,-3.666666666666731,1.701908732057586,1.31,-0.1,-0.1,2.7777777777777777,2.7777777777777777,36.11111111111111,436.12568217625164,435.06666666666473,0.5704539896570755,-0.00999999999999579,-0.1,-0.1,2.7777777777777777,2.7777777777777777
93,0.2,False,0,4.0,False,36.11111111111111,-3.390392308443327,-3.666666666666731,2.573181765711538,1.02,-0.2,-0.2,2.7777777777777777,2.7777777777777777,36.11111111111111,170.09200176035117,168.39999999999998,-0.7433164930936873,-0.019999999999997353,-0.2,-0.2,2.7777777777777777,2.7777777777777777
93,0.30000000000000004,False,0,2.3333333333333335,True,36.03111111111111,-2.971652022524199,-3.554666666666594,1.9424866366408522,0.73,-0.30000000000000004,-0.30000000000000004,2.7777777777777777,2.7777777777777777,36.03111111111111,79.01899429746801,78.08799999999978,-0.7839780820914035,-0.020000000000001572,-0.30000000000000004,-0.30000000000000004,2.7777777777777777,2.7777777777777777
93,0.4,False,0,0.9999999999999987,True,36.07111111111111,-2.971306889293163,-3.634666666666692,1.2186308996309685,0.4399999999999995,-0.4,-0.4,2.7777777777777777,2.7777777777777777,36.07111111111111,31.7566519809652,31.657333333333423,0.2407034938860133,-6.661338147750939e-16,-0.4,-0.4,2.7777777777777777,2.7777777777777777
93,0.5,False,0,0.20000000000000018,True,36.11111111111111,-3.4558719753204086,-3.666666666666731,-0.11863910124628685,0.1499999999999999,-0.5,-0.5,2.7777777777777777,2.7777777777777777,36.07111111111111,5.793410686539983,5.054666666666731,0.038318151471322226,0.0,-0.5,-0.5,2.7777777777777777,2.7777777777777777
93,0.6000000000000001,True,2,0.0,True,35.87111111111111,-3.7602700438684193,-3.4946666666666486,-0.8685983155395025,-0.13999999999999968,-0.6000000000000001,-0.6000000000000001,2.7777777777777777,2.7777777777777777,35.91111111111111,2.1038150729327585,3.124000000000021,-0.37158654475961894,-0.019999999999999574,-0.6000000000000001,-0.6000000000000001,2.7777777777777777,2.7777777777777777
93,0.7000000000000001,True,2,0.0,True,35.791111111111114,-3.5950586621620344,-3.4706666666666477,-1.4049020096734774,-0.4299999999999988,-0.7000000000000001,-0.7000000000000001,2.7777777777777777,2.7777777777777777,35.99111111111111,15.858966263917377,16.397333333333346,0.36767326091710606,-0.009999999999999343,-0.7000000000000001,-0.7000000000000001,2.7777777777777777,2.7777777777777777
93,0.8,True,2,0.0,True,35.87111111111111,-4.144022951819966,-3.566666666666708,0.555023013120699,-0.7200000000000011,-0.8,-0.8,2.7777777777777777,2.7777777777777777,36.11111111111111,25.589128220668012,26.333333333333297,0.048296115301032394,-2.220446049250313e-16,-0.8,-0.8,2.7777777777777777,2.7777777777777777
93,0.9,True,2,0.0,True,35.791111111111114,-4.213467654391013,-3.4906666666666863,-1.1784521094259,-1.0099999999999985,-0.9,-0.9,2.7777777777777777,2.7777777777777777,36.11111111111111,31.952456998308516,32.99999999999997,-1.152189358872179,-0.02000000000000024,-0.9,-0.9,2.7777777777777777,2.7777777777777777
93,1.0,False,0,0.0,False,36.11111111111111,80.78351867789841,79.66666666666667,-0.19552767140798566,1.2000000000000002,-1.0,-1.0,2.7777777777777777,2.7777777777777777,,,,,,,,,
93,1.1,True,2,0.0,True,30.656435111111122,-3.3303443641992656,-4.229693999999983,-0.8611959340053315,-1.7000000000000015,-1.1,-1.1,2.7777777777777777,2.7777777777777777,35.95111111111111,41.79850173586521,43.056000000000004,-0.07461897136365492,-0.0499999999999996,-1.1,-1.1,2.7777777777777777,2.7777777777777777
93,1.2000000000000002,True,2,0.0,True,32.93431711111112,-1.7938574566610752,-2.812429400000002,-1.2332570659395914,-1.7999999999999998,-1.2000000000000002,-1.2000000000000002,2.7777777777777777,2.7777777777777777,36.03111111111111,44.430335249606195,46.353333333333346,0.3040491886129004,-0.07999999999999963,-1.2000000000000002,-1.2000000000000002,2.7777777777777777,2.7777777777777777
93,1.3,True,2,0.0,True,32.17502311111112,-2.9627149085251174,-3.222688199999996,-1.0016160325165613,-1.8899999999999997,0.0,0.0,2.7777777777777777,2.7777777777777777,36.03111111111111,47.558742574839755,49.68666666666668,-0.02329591900391237,-0.09000000000000008,-1.3,-1.3,2.7777777777777777,2.7777777777777777
93,1.4000000000000001,True,2,0.0,True,33.69361111111112,-0.9887854445981246,-2.85991666666668,-1.130862276185168,-1.8999999999999986,0.0,0.0,2.7777777777777777,2.7777777777777777,36.11111111111111,52.922052099211925,53.0,0.3643975889802813,-0.08000000000000007,-1.4000000000000001,-1.4000000000000001,2.7777777777777777,2.7777777777777777
93,1.5,False,0,0.0,False,36.11111111111111,82.4632341763157,83.0,-0.9370136234389896,1.15,-1.5,-1.5,2.7777777777777777,2.7777777777777777,,,,,,,,,
93,1.6,False,0,0.0,False,36.11111111111111,70.02719780245741,69.66666666666667,-0.46608159474229094,0.48,-1.6,-1.6,2.7777777777777777,2.7777777777777777,,,,,,,,,
93,1.7000000000000002,False,0,0.0,False,36.11111111111111,70.39668374208723,69.66666666666667,-0.15548079858071828,0.41000000000000014,-1.7000000000000002,-1.7000000000000002,2.7777777777777777,2.7777777777777777,,,,,,,,,
95,0.0,False,0,4.0,False,36.11111111111111,-3.3466192295270956,-3.599999999999926,1.2391996965418426,1.6,0.0,0.0,2.7777777777777777,2.7777777777777777,,,,,,,,,
95,0.1,False,0,4.0,False,36.11111111111111,-1.8625082027081872,-3.599999999999926,0.9847918039123513,1.2999999999999998,-0.1,-0.1,2.7777777777777777,2.7777777777777777,36.11111111111111,433.8665608631925,433.06666666666473,-0.10163952030328449,-0.00999999999999579,-0.1,-0.1,2.7777777777777777,2.7777777777777777
95,0.2,False,0,4.0,False,36.11111111111111,-3.958887889398059,-3.599999999999926,2.006370340755876,0.9999999999999996,-0.2,-0.2,2.7777777777777777,2.7777777777777777,36.11111111111111,166.25150098868517,166.39999999999998,-0.20319449200804196,-0.019999999999997353,-0.2,-0.2,2.7777777777777777,2.7777777777777777
95,0.30000000000000004,False,0,2.233333333333333,False,36.11111111111111,67.76097820846974,68.33333333333334,-0.030809656041044242,1.3599999999999999,-0.30000000000000004,-0.30000000000000004,2.7777777777777777,2.7777777777777777,,,,,,,,,
95,0.4,False,0,0.8999999999999986,True,35.99111111111111,-3.2355633509199633,-3.684,0.17857737214035785,0.39999999999999947,-0.4,-0.4,2.7777777777777777,2.7777777777777777,35.99111111111111,29.76948880307739,29.52933333333335,1.4755612155199396,-6.661338147750939e-16,-0.4,-0.4,2.7777777777777777,2.7777777777777777
95,0.5,False,0,0.10000000000000009,False,36.11111111111111,84.75110804526747,85.0,-0.004481860631650791,1.4500000000000002,-0.5,-0.5,2.7777777777777777,2.7777777777777777,,,,,,,,,
95,0.6000000000000001,False,0,0.0,False,36.11111111111111,71.39254484352644,71.66666666666667,-0.4248423908690513,1.1800000000000002,-0.6000000000000001,-0.6000000000000001,2.7777777777777777,2.7777777777777777,,,,,,,,,
95,0.7000000000000001,True,2,0.0,True,35.87111111111111,-3.0188688548196607,-3.796000000000009,0.43742452193513026,-0.49999999999999867,-0.7000000000000001,-0.7000000000000001,2.7777777777777777,2.7777777777777777,35.99111111111111,17.016851953549388,18.405333333333342,-0.2237428823522407,-0.009999999999999343,-0.7000000000000001,-0.7000000000000001,2.7777777777777777,2.7777777777777777
95,0.8,True,2,0.0,True,35.331611111111116,-2.9961398360850664,-3.998599999999999,-1.5287417821277207,-0.8000000000000012,-0.8,-0.8,2.7777777777777777,2.7777777777777777,35.95111111111111,28.598149712029805,28.42133333333332,0.34967156888906503,-2.220446049250313e-16,-0.8,-0.8,2.7777777777777777,2.7777777777777777
95,0.9,True,2,0.0,True,34.912111111111116,-4.195165933983392,-4.187050000000002,-0.09849874124547475,-1.0999999999999983,-0.9,-0.9,2.7777777777777777,2.7777777777777777,36.03111111111111,34.49540439995111,35.024,-1.0023186174560033,-0.02000000000000024,-0.9,-0.9,2.7777777777777777,2.7777777777777777
95,1.0,True,2,0.0,True,34.36611111111112,-3.725243543564207,-4.20100000000001,-1.4807342191238484,-1.4,-1.0,-1.0,2.7777777777777777,2.7777777777777777,36.07111111111111,42.208421804915815,41.68266666666666,-0.8120769293249208,0.0,-1.0,-1.0,2.7777777777777777,2.7777777777777777
95,1.1,True,2,0.0,True,34.912111111111116,-3.9697767877134735,-4.042499999999992,-1.4218666603238332,-1.7000000000000015,-1.1,-1.1,2.7777777777777777,2.7777777777777777,36.07111111111111,46.34474148821913,45.016000000000005,1.0586908986159709,-0.0499999999999996,-1.1,-1.1,2.7777777777777777,2.7777777777777777
95,1.2000000000000002,False,0,0.0,False,36.11111111111111,70.78901028636847,71.66666666666667,-0.041169397410464104,0.7599999999999998,-1.2000000000000002,-1.2000000000000002,2.7777777777777777,2.7777777777777777,,,,,,,,,
95,1.3,True,2,0.0,True,31.415729111111123,-2.9207321725016184,-2.94442360000001,-1.8465163959385478,-1.8899999999999997,0.0,0.0,2.7777777777777777,2.7777777777777777,36.03111111111111,50.83813625944594,51.69066666666668,-0.5948370753722094,-0.09000000000000008,-1.3,-1.3,2.7777777777777777,2.7777777777777777
95,1.4000000000000001,True,2,0.0,True,32.17502311111112,-3.623303947384886,-3.4699617999999957,-1.2425404011554693,-1.8999999999999986,0.0,0.0,2.7777777777777777,2.7777777777777777,36.11111111111111,55.34264961260219,55.0,-0.6503754786705636,-0.08000000000000007,-1.4000000000000001,-1.4000000000000001,2.7777777777777777,2.7777777777777777
95,1.5,False,0,0.0,False,36.11111111111111,77.85655667897056,78.33333333333333,-0.2966412409207926,0.8500000000000001,-1.5,-1.5,2.7777777777777777,2.7777777777777777,,,,,,,,,
95,1.6,True,2,0.0,True,31.415729111111123,-2.4836771014139627,-2.9884236000000213,-1.893802099514835,-1.879999999999999,0.0,0.0,2.7777777777777777,2.7777777777777777,36.11111111111111,58.140280411477946,58.33333333333334,0.6697271415983246,-0.1599999999999997,-1.6,-1.6,2.7777777777777777,2.7777777777777777
95,1.7000000000000002,False,0,0.0,False,36.11111111111111,68.91916430684363,68.33333333333334,-0.42828295458994114,0.2400000000000002,-1.7000000000000002,-1.7000000000000002,2.7777777777777777,2.7777777777777777,,,,,,,,,
97,0.0,False,0,4.0,True,36.07111111111111,-4.055366560254799,-2.923999999999981,1.9185625357565366,1.6,0.0,0.0,2.7777777777777777,2.7777777777777777,,,,,,,,,
97,0.1,False,0,4.0,True,36.07111111111111,-2.8088259116705983,-2.9400000000000004,0.40951167798540355,1.2999999999999998,-0.1,-0.1,2.7777777777777777,2.7777777777777777,36.07111111111111,433.23340723724965,430.48266666666717,0.2868077523100627,-0.00999999999999579,-0.1,-0.1,2.7777777777777777,2.7777777777777777
97,0.2,False,0,4.0,False,36.11111111111111,-3.6291330600857803,-3.0000000000000737,1.0942507723515877,0.9999999999999996,-0.2,-0.2,2.7777777777777777,2.7777777777777777,36.11111111111111,166.12262662439525,164.39999999999998,1.2295363826231078,-0.019999999999997353,-0.2,-0.2,2.7777777777777777,2.7777777777777777
97,0.30000000000000004,False,0,2.233333333333333,False,36.11111111111111,86.70409826730078,87.0,-0.09624452096743186,1.5100000000000002,-0.30000000000000004,-0.30000000000000004,2.7777777777777777,2.7777777777777777,,,,,,,,,
97,0.4,False,0,0.8999999999999986,True,35.95111111111111,-2.675879431906398,-2.859999999999988,-0.3784554208433901,0.39999999999999947,-0.4,-0.4,2.7777777777777777,2.7777777777777777,35.91111111111111,25.746856724788483,27.39333333333327,0.443776464489956,-6.661338147750939e-16,-0.4,-0.4,2.7777777777777777,2.7777777777777777
97,0.5,False,0,0.10000000000000009,True,35.99111111111111,-4.2071502379753865,-2.9200000000000044,-0.4997299900598815,0.10000000000000009,-0.5,-0.5,2.7777777777777777,2.7777777777777777,35.95111111111111,1.8281718506480304,0.9546666666666654,0.45940763309675337,0.0,-0.5,-0.5,2.7777777777777777,2.7777777777777777
97,0.6000000000000001,True,2,0.0,True,35.99111111111111,-3.713854237125804,-2.9320000000000475,-0.5240671407159028,-0.19999999999999996,-0.6000000000000001,-0.6000000000000001,2.7777777777777777,2.7777777777777777,35.99111111111111,7.045172502792792,7.031999999999965,1.6579946211729677,-0.019999999999999574,-0.6000000000000001,-0.6000000000000001,2.7777777777777777,2.7777777777777777
97,0.7000000000000001,True,2,0.0,True,34.912111111111116,-3.0889119783985874,-2.837066666666632,-1.643092058341404,-0.569999999999999,-0.7000000000000001,-0.7000000000000001,2.7777777777777777,2.7777777777777777,35.91111111111111,19.1787981240743,20.429333333333314,-0.28815417027205026,-0.009999999999999343,-0.7000000000000001,-0.7000000000000001,2.7777777777777777,2.7777777777777777
97,0.8,False,0,0.0,False,36.11111111111111,97.95716533464798,97.0,-0.07122230484124525,1.6,-0.75,-0.8,2.7777777777777777,2.7777777777777777,,,,,,,,,
97,0.9,False,0,0.0,False,36.11111111111111,75.76185015535391,77.00000000000001,-0.09984719021917998,1.06,-0.9,-0.9,2.7777777777777777,2.7777777777777777,,,,,,,,,
97,1.0,False,0,0.0,False,36.11111111111111,67.90457674445179,67.0,-0.7129382261498975,0.7000000000000002,-1.0,-1.0,2.7777777777777777,2.7777777777777777,,,,,,,,,
97,1.1,False,0,0.0,False,36.11111111111111,69.31298073868244,70.33333333333334,-0.6332193238389392,0.7200000000000002,-1.1,-1.1,2.7777777777777777,2.7777777777777777,,,,,,,,,
97,1.2000000000000002,False,0,0.0,False,36.11111111111111,86.5558096671145,87.0,-0.06038014261570557,1.2400000000000002,-1.2000000000000002,-1.2000000000000002,2.7777777777777777,2.7777777777777777,,,,,,,,,
97,1.3,True,2,0.0,True,32.17502311111112,-3.7190023925063995,-3.8247048666666528,-1.283794866715772,-1.8899999999999997,0.0,0.0,2.7777777777777777,2.7777777777777777,36.07111111111111,53.0249666650066,53.670666666666676,0.8122887193803625,-0.09000000000000008,-1.3,-1.3,2.7777777777777777,2.7777777777777777
97,1.4000000000000001,False,0,0.0,False,36.11111111111111,76.53626644236222,77.00000000000001,-0.311317939424993,0.7600000000000002,-1.4000000000000001,-1.4000000000000001,2.7777777777777777,2.7777777777777777,,,,,,,,,
97,1.5,False,0,0.0,False,36.11111111111111,80.53778322423487,80.33333333333333,-1.059707090661732,0.8500000000000001,-1.5,-1.5,2.7777777777777777,2.7777777777777777,,,,,,,,,
97,1.6,False,0,0.0,False,36.11111111111111,80.34827034319405,80.33333333333333,-0.015345528477312076,0.8000000000000003,-1.6,-1.6,2.7777777777777777,2.7777777777777777,,,,,,,,,
97,1.7000000000000002,False,0,0.0,False,36.11111111111111,69.9510695374725,70.33333333333334,-0.24837044542251618,0.2400000000000002,-1.7000000000000002,-1.7000000000000002,2.7777777777777777,2.7777777777777777,,,,,,,,,
99,0.0,False,0,4.0,True,36.07111111111111,-4.219769535051827,-4.278666666666598,1.5807559550229562,1.6,0.0,0.0,2.7777777777777777,2.7777777777777777,,,,,,,,,
99,0.1,False,0,4.0,False,36.11111111111111,-3.9299076505546564,-4.266666666666583,0.7775642287800264,1.29,-0.1,-0.1,2.7777777777777777,2.7777777777777777,36.11111111111111,429.1346161988267,429.06666666666473,-0.08700560414472047,-0.00999999999999579,-0.1,-0.1,2.7777777777777777,2.7777777777777777
99,0.2,False,0,4.0,True,36.03111111111111,-3.8712388228822503,-4.2613333333333285,1.7117439855965948,0.98,-0.2,-0.2,2.7777777777777777,2.7777777777777777,36.03111111111111,161.07532488796318,161.9279999999997,0.02794886371780536,-0.019999999999997353,-0.2,-0.2,2.7777777777777777,2.7777777777777777
99,0.30000000000000004,False,0,2.1333333333333333,False,36.11111111111111,82.79226113653438,82.33333333333333,-0.06755754135393799,1.4500000000000002,-0.30000000000000004,-0.30000000000000004,2.7777777777777777,2.7777777777777777,,,,,,,,,
99,0.4,False,0,0.7999999999999985,True,35.99111111111111,-3.890955428314828,-4.297333333333387,0.28982589766765443,0.35999999999999943,-0.4,-0.4,2.7777777777777777,2.7777777777777777,35.99111111111111,25.621083665785417,25.58933333333341,-0.804302672762907,-6.661338147750939e-16,-0.4,-0.4,2.7777777777777777,2.7777777777777777
99,0.5,False,0,0.0,True,35.99111111111111,-3.2850902756942615,-4.265333333333362,0.7255679503932728,0.050000000000000044,-0.5,-0.5,2.7777777777777777,2.7777777777777777,35.99111111111111,-0.5742615950445353,-1.0133333333333097,-0.9914510224380044,0.0,-0.5,-0.5,2.7777777777777777,2.7777777777777777
99,0.6000000000000001,True,2,0.0,True,35.95111111111111,-4.129003406128123,-4.189333333333283,-0.7339782775546848,-0.26,-0.6000000000000001,-0.6000000000000001,2.7777777777777777,2.7777777777777777,36.03111111111111,9.409085713577849,9.092000000000052,0.06847936009954991,-0.019999999999999574,-0.6000000000000001,-0.6000000000000001,2.7777777777777777,2.7777777777777777
99,0.7000000000000001,True,2,0.0,True,35.624611111111115,-3.3518687827115654,-4.004033333333328,-0.5970172608495428,-0.569999999999999,-0.7000000000000001,-0.7000000000000001,2.7777777777777777,2.7777777777777777,35.95111111111111,22.412256936233486,22.409333333333333,-0.7084748945121082,-0.009999999999999343,-0.7000000000000001,-0.7000000000000001,2.7777777777777777,2.7777777777777777
99,0.8,False,0,0.0,False,36.11111111111111,105.12309703799896,105.66666666666667,-0.4495633693749763,1.7349999999999999,-0.15,-0.6,2.7777777777777777,2.7777777777777777,,,,,,,,,
99,0.9,False,0,0.0,False,36.11111111111111,71.16007282295301,72.33333333333334,-0.2324728235631326,0.8799999999999999,-0.9,-0.9,2.7777777777777777,2.7777777777777777,,,,,,,,,
99,1.0,False,0,0.0,False,36.11111111111111,74.26541301928232,75.66666666666667,-0.2809834144261416,0.8999999999999999,-1.0,-1.0,2.7777777777777777,2.7777777777777777,,,,,,,,,
99,1.1,True,2,0.0,True,30.656435111111122,-4.004775941958175,-3.6222773333333036,-1.6549891222303295,-1.8799999999999981,-1.1,-1.1,2.7777777777777777,2.7777777777777777,35.99111111111111,49.925102334980146,49.023999999999994,-0.7627247631736789,-0.0499999999999996,-1.1,-1.1,2.7777777777777777,2.7777777777777777
99,1.2000000000000002,False,0,0.0,False,36.11111111111111,95.73565097290692,95.66666666666667,-0.09883020821255717,1.48,-1.2000000000000002,-1.2000000000000002,2.7777777777777777,2.7777777777777777,,,,,,,,,
99,1.3,True,2,0.0,True,30.656435111111122,-3.265694495662717,-3.4863773333333112,-0.7163292251517248,-1.8899999999999997,0.0,0.0,2.7777777777777777,2.7777777777777777,36.07111111111111,54.68589674618093,55.670666666666676,0.3668059193676343,-0.09000000000000008,-1.3,-1.3,2.7777777777777777,2.7777777777777777
99,1.4000000000000001,False,0,0.0,False,36.11111111111111,68.67434686920099,69.00000000000001,-1.0195038674881967,0.33999999999999986,-1.4000000000000001,-1.4000000000000001,2.7777777777777777,2.7777777777777777,,,,,,,,,
99,1.5,False,0,0.0,False,36.11111111111111,68.60467524234708,69.00000000000001,-0.3016925869609999,0.25,-1.5,-1.5,2.7777777777777777,2.7777777777777777,,,,,,,,,
99,1.6,False,0,0.0,False,36.11111111111111,84.06018131227769,85.66666666666667,-0.1710155566232443,0.96,-1.6,-1.6,2.7777777777777777,2.7777777777777777,,,,,,,,,
99,1.7000000000000002,False,0,0.0,False,36.11111111111111,88.4206211068322,89.0,-0.13792382737151088,1.0900000000000003,-1.7000000000000002,-1.7000000000000002,2.7777777777777777,2.7777777777777777,,,,,,,,,
101,0.0,False,0,4.0,False,36.11111111111111,99.33813605045941,101.0,-0.024794653107051978,1.6,0.0,-0.0,2.7777777777777777,2.7777777777777777,,,,,,,,,
101,0.1,False,0,4.0,False,36.11111111111111,80.53478022530452,81.00000000000001,-0.2601083183851196,1.54,-0.1,-0.1,2.7777777777777777,2.7777777777777777,,,,,,,,,
101,0.2,False,0,4.0,False,36.11111111111111,-2.7701534086350277,-2.9333333333332545,-0.7263532450003882,0.9599999999999995,-0.2,-0.2,2.7777777777777777,2.7777777777777777,36.11111111111111,160.74722172682806,160.39999999999998,1.1543489313105293,-0.019999999999997353,-0.2,-0.2,2.7777777777777777,2.7777777777777777
101,0.30000000000000004,False,0,2.1333333333333333,False,36.11111111111111,-3.079661703252941,-2.9333333333332545,0.48086613695986635,0.6400000000000001,-0.30000000000000004,-0.30000000000000004,2.7777777777777777,2.7777777777777777,36.11111111111111,71.98204522848563,70.40000000000016,0.3427670288676974,-0.020000000000001572,-0.30000000000000004,-0.30000000000000004,2.7777777777777777,2.7777777777777777
101,0.4,False,0,0.7999999999999985,True,36.03111111111111,-3.2770732776901808,-2.9733333333333034,-0.7341558247938722,0.3199999999999994,-0.4,-0.4,2.7777777777777777,2.7777777777777777,36.03111111111111,23.0785439650821,23.629333333333317,-1.0272431638877408,-6.661338147750939e-16,-0.4,-0.4,2.7777777777777777,2.7777777777777777
101,0.5,False,0,0.0,True,35.87111111111111,-2.2875396125178495,-3.0773333333333452,-1.5162621431656118,0.0,-0.5,-0.5,2.7777777777777777,2.7777777777777777,35.87111111111111,-2.2875396125178495,-3.0773333333333452,-1.5162621431656118,0.0,-0.5,-0.5,2.7777777777777777,2.7777777777777777
101,0.6000000000000001,True,2,0.0,True,35.87111111111111,-2.6259712054014157,-3.1493333333333196,-0.10656109223059396,-0.3200000000000003,-0.6000000000000001,-0.6000000000000001,2.7777777777777777,2.7777777777777777,35.99111111111111,11.862805714899078,11.115999999999982,-1.3904842375673798,-0.019999999999999574,-0.6000000000000001,-0.6000000000000001,2.7777777777777777,2.7777777777777777
101,0.7000000000000001,False,0,0.0,False,36.11111111111111,87.94787695678892,87.66666666666667,-0.06777878020468653,1.3199999999999998,-0.7000000000000001,-0.7000000000000001,2.7777777777777777,2.7777777777777777,,,,,,,,,
101,0.8,False,0,0.0,False,36.11111111111111,71.97895769830549,71.0,-0.09235428722836136,0.8800000000000003,-0.8,-0.8,2.7777777777777777,2.7777777777777777,,,,,,,,,
101,0.9,False,0,0.0,False,36.11111111111111,74.22582850938856,74.33333333333334,-0.02960679300634128,0.8799999999999999,-0.9,-0.9,2.7777777777777777,2.7777777777777777,,,,,,,,,
101,1.0,False,0,0.0,False,36.11111111111111,73.64805501387544,74.33333333333334,-0.3608698789012099,0.8000000000000003,-1.0,-1.0,2.7777777777777777,2.7777777777777777,,,,,,,,,
101,1.1,True,2,0.0,True,31.415729111111123,-3.941697035070592,-3.6710902666667122,-1.68066792953018,-1.8799999999999981,-1.1,-1.1,2.7777777777777777,2.7777777777777777,36.11111111111111,50.24364625462799,50.999999999999986,-0.7910382398070701,-0.0499999999999996,-1.1,-1.1,2.7777777777777777,2.7777777777777777
101,1.2000000000000002,False,0,0.0,False,36.11111111111111,101.75079409054801,101.0,-0.2660312462748804,1.6,-1.2000000000000002,-1.2000000000000002,2.7777777777777777,2.7777777777777777,,,,,,,,,
101,1.3,False,0,0.0,False,36.11111111111111,67.84382663159406,67.66666666666667,-0.5869453599614851,0.2999999999999998,-1.3,-1.3,2.7777777777777777,2.7777777777777777,,,,,,,,,
101,1.4000000000000001,False,0,0.0,False,36.11111111111111,94.86476443568786,94.33333333333334,-0.425380317325706,1.3199999999999998,-1.4000000000000001,-1.4000000000000001,2.7777777777777777,2.7777777777777777,,,,,,,,,
101,1.5,False,0,0.0,False,36.11111111111111,68.38087486871417,67.66666666666667,-0.669131375362159,0.10000000000000009,-1.5,-1.5,2.7777777777777777,2.7777777777777777,,,,,,,,,
101,1.6,False,0,0.0,False,36.11111111111111,71.23158882824653,71.00000000000001,-0.6286160257756026,0.16000000000000014,-1.6,-1.6,2.7777777777777777,2.7777777777777777,,,,,,,,,
101,1.7000000000000002,False,0,0.0,False,36.11111111111111,70.6868013668328,71.00000000000001,-0.12298785208164165,0.07000000000000028,-1.7000000000000002,-1.7000000000000002,2.7777777777777777,2.7777777777777777,,,,,,,,,
103,0.0,False,0,4.0,False,36.11111111111111,-3.1178768823687077,-3.666666666666745,1.457658232464044,1.6,0.0,0.0,2.7777777777777777,2.7777777777777777,,,,,,,,,
103,0.1,False,0,4.0,True,36.07111111111111,-3.7726230154001312,-3.6226666666666913,1.9786941123338688,1.2799999999999998,-0.1,-0.1,2.7777777777777777,2.7777777777777777,36.07111111111111,423.2259933812507,424.5066666666672,-1.498604709406012,-0.00999999999999579,-0.1,-0.1,2.7777777777777777,2.7777777777777777
103,0.2,False,0,4.0,True,36.03111111111111,-3.9103349693865708,-3.6266666666666962,1.0926216431012201,0.9599999999999995,-0.2,-0.2,2.7777777777777777,2.7777777777777777,36.03111111111111,158.38501041372223,157.96799999999973,-0.5259282988128446,-0.019999999999997353,-0.2,-0.2,2.7777777777777777,2.7777777777777777
103,0.30000000000000004,False,0,2.0333333333333328,True,36.03111111111111,-3.7944248328297787,-3.5746666666666327,-0.614561567074946,0.6400000000000001,-0.30000000000000004,-0.30000000000000004,2.7777777777777777,2.7777777777777777,35.99111111111111,69.58576296173614,68.04400000000003,0.7219648734169106,-0.020000000000001572,-0.30000000000000004,-0.30000000000000004,2.7777777777777777,2.7777777777777777
103,0.4,False,0,0.6999999999999984,True,36.03111111111111,-3.6602935734635365,-3.6106666666666767,1.519679505431672,0.3199999999999994,-0.4,-0.4,2.7777777777777777,2.7777777777777777,36.03111111111111,21.829420936200034,21.613333333333298,1.1422778600107675,-6.661338147750939e-16,-0.4,-0.4,2.7777777777777777,2.7777777777777777
103,0.5,True,1,0.0,True,36.03111111111111,-4.235332801650034,-3.6226666666666913,0.48698310590356275,0.0,-0.5,-0.5,2.7777777777777777,2.7777777777777777,36.03111111111111,-4.235332801650034,-3.6226666666666913,0.48698310590356275,0.0,-0.5,-0.5,2.7777777777777777,2.7777777777777777
103,0.6000000000000001,True,2,0.0,True,35.99111111111111,-3.3221335766809856,-3.61466666666671,-0.11423878427596712,-0.3200000000000003,-0.6000000000000001,-0.6000000000000001,2.7777777777777777,2.7777777777777777,36.07111111111111,12.934325442338658,13.011999999999954,0.2033232703189154,-0.019999999999999574,-0.6000000000000001,-0.6000000000000001,2.7777777777777777,2.7777777777777777
103,0.7000000000000001,True,2,0.0,True,35.83111111111111,-4.057728890294714,-3.4026666666666214,-0.3976957496542619,-0.6399999999999988,-0.7000000000000001,-0.7000000000000001,2.7777777777777777,2.7777777777777777,35.99111111111111,26.60356890054886,26.401333333333337,-0.6375231103753909,-0.009999999999999343,-0.7000000000000001,-0.7000000000000001,2.7777777777777777,2.7777777777777777
103,0.8,True,2,0.0,True,35.791111111111114,-3.844877778285084,-3.478666666666686,-1.4971139518058163,-0.9600000000000013,-0.8,-0.8,2.7777777777777777,2.7777777777777777,36.07111111111111,35.571925662064956,36.337333333333305,0.7435720118801283,-2.220446049250313e-16,-0.8,-0.8,2.7777777777777777,2.7777777777777777
103,0.9,True,2,0.0,True,32.17502311111112,-2.6444960046746386,-3.2153381999999793,-1.0525559444618027,-1.3699999999999979,-0.9,-0.9,2.7777777777777777,2.7777777777777777,36.03111111111111,42.708811081827676,43.011999999999986,-0.4288461933311707,-0.02000000000000024,-0.9,-0.9,2.7777777777777777,2.7777777777777777
103,1.0,True,2,0.0,True,32.93431711111112,-3.510995300376112,-2.8084293999999685,-1.44654157149384,-1.6999999999999997,-1.0,-1.0,2.7777777777777777,2.7777777777777777,36.03111111111111,48.52964225138272,49.67866666666665,0.1686533860177768,0.0,-1.0,-1.0,2.7777777777777777,2.7777777777777777
103,1.1,False,0,0.0,False,36.11111111111111,69.15627389617943,69.66666666666666,-0.32186260289663116,0.5000000000000004,-1.1,-1.1,2.7777777777777777,2.7777777777777777,,,,,,,,,
103,1.2000000000000002,False,0,0.0,False,36.11111111111111,79.6798541832673,79.66666666666667,-0.24846056024273655,0.7599999999999998,-1.2000000000000002,-1.2000000000000002,2.7777777777777777,2.7777777777777777,,,,,,,,,
103,1.3,True,2,0.0,True,29.13784711111112,-3.0137081150449516,-3.1402326000000214,-1.437344622078627,-1.8899999999999997,0.0,0.0,2.7777777777777777,2.7777777777777777,36.07111111111111,60.579531612085574,59.670666666666676,0.4979383169630265,-0.09000000000000008,-1.3,-1.3,2.7777777777777777,2.7777777777777777
103,1.4000000000000001,False,0,0.0,False,36.11111111111111,73.13182141524912,73.00000000000001,-0.008058782002602793,0.33999999999999986,-1.4000000000000001,-1.4000000000000001,2.7777777777777777,2.7777777777777777,,,,,,,,,
103,1.5,False,0,0.0,False,36.11111111111111,85.62356878186525,86.33333333333333,-0.5053561046035253,0.8500000000000001,-1.5,-1.5,2.7777777777777777,2.7777777777777777,,,,,,,,,
103,1.6,False,0,0.0,False,36.11111111111111,69.49587549615632,69.66666666666667,-0.22852595757066885,2.220446049250313e-16,-1.6,-1.6,2.7777777777777777,2.7777777777777777,,,,,,,,,
103,1.7000000000000002,False,0,0.0,False,36.11111111111111,83.20424914829223,83.00000000000001,-0.3415550024658529,0.5800000000000001,-1.7000000000000002,-1.7000000000000002,2.7777777777777777,2.7777777777777777,,,,,,,,,
105,0.0,False,0,4.0,False,36.11111111111111,-3.7806601157690123,-3.5999999999999117,1.410412009370873,1.6,0.0,0.0,2.7777777777777777,2.7777777777777777,,,,,,,,,
105,0.1,False,0,4.0,True,36.07111111111111,-2.4881864887417917,-3.6719999999999997,2.246512718821655,1.27,-0.1,-0.1,2.7777777777777777,2.7777777777777777,36.07111111111111,421.20889877151507,422.48266666666717,0.3985712926689322,-0.00999999999999579,-0.1,-0.1,2.7777777777777777,2.7777777777777777
105,0.2,False,0,4.0,True,36.07111111111111,-2.3030254861140973,-3.667999999999995,1.512248524942562,0.94,-0.2,-0.2,2.7777777777777777,2.7777777777777777,36.07111111111111,155.65556389019875,156.14000000000055,0.6397114537011412,-0.019999999999997353,-0.2,-0.2,2.7777777777777777,2.7777777777777777
105,0.30000000000000004,False,0,1.9333333333333318,True,35.99111111111111,-3.3304785963138555,-3.715999999999968,-0.6864407858198207,0.6099999999999999,-0.30000000000000004,-0.30000000000000004,2.7777777777777777,2.7777777777777777,35.95111111111111,66.9819246044664,65.94800000000025,0.5828678509666001,-0.020000000000001572,-0.30000000000000004,-0.30000000000000004,2.7777777777777777,2.7777777777777777
105,0.4,False,0,0.5999999999999983,True,35.99111111111111,-3.262130101701419,-3.708000000000001,0.8495849349857387,0.27999999999999936,-0.4,-0.4,2.7777777777777777,2.7777777777777777,35.99111111111111,20.1178025721434,19.541333333333352,-0.03144575329947652,-6.661338147750939e-16,-0.4,-0.4,2.7777777777777777,2.7777777777777777
105,0.5,False,0,0.0,False,36.11111111111111,102.29684575550041,101.66666666666666,-0.25721201242674585,1.5500000000000003,-0.5,-0.5,2.7777777777777777,2.7777777777777777,,,,,,,,,
105,0.6000000000000001,False,0,0.0,False,36.11111111111111,68.5784827140088,68.33333333333333,-0.5349178208732741,0.94,-0.6000000000000001,-0.6000000000000001,2.7777777777777777,2.7777777777777777,,,,,,,,,
105,0.7000000000000001,False,0,0.0,False,36.11111111111111,75.62103352759873,75.0,-0.30237790002901566,0.9700000000000002,-0.7000000000000001,-0.7000000000000001,2.7777777777777777,2.7777777777777777,,,,,,,,,
105,0.8,False,0,0.0,False,36.11111111111111,77.8545703911932,78.33333333333334,-0.05719456535169787,0.9600000000000004,-0.8,-0.8,2.7777777777777777,2.7777777777777777,,,,,,,,,
105,0.9,True,2,0.0,True,32.17502311111112,-4.076063197783458,-3.4339618000000085,-0.8064770215300388,-1.3699999999999979,-0.9,-0.9,2.7777777777777777,2.7777777777777777,36.03111111111111,45.80091493522026,45.028000000000006,-0.13351210928159762,-0.02000000000000024,-0.9,-0.9,2.7777777777777777,2.7777777777777777
105,1.0,True,2,0.0,True,33.69361111111112,-4.097077515381133,-4.040600000000029,-1.6331851843975884,-1.6999999999999997,-1.0,-1.0,2.7777777777777777,2.7777777777777777,36.07111111111111,49.50372803054721,51.67066666666665,-0.02736290030832511,0.0,-1.0,-1.0,2.7777777777777777,2.7777777777777777
105,1.1,True,2,0.0,True,31.415729111111123,-2.4116113591330928,-2.976423600000035,-1.724792393810583,-1.8799999999999981,-1.1,0.0,2.7777777777777777,2.7777777777777777,36.07111111111111,54.498363717269996,55.00399999999999,-0.2829159840242055,-0.0499999999999996,-1.1,-1.1,2.7777777777777777,2.7777777777777777
105,1.2000000000000002,True,2,0.0,True,29.89714111111112,-3.8436402117325086,-3.453107666666642,-1.65748122331041,-1.7999999999999998,0.0,0.0,2.7777777777777777,2.7777777777777777,36.11111111111111,58.346892221866426,58.33333333333333,-0.07423117388867984,-0.07999999999999963,-1.2000000000000002,-1.2000000000000002,2.7777777777777777,2.7777777777777777
105,1.3,True,2,0.0,True,28.37855311111112,-3.671409303648704,-3.6923101333333674,-1.7548934858620253,-1.8899999999999997,0.0,0.0,2.7777777777777777,2.7777777777777777,36.07111111111111,60.39649896813819,61.670666666666676,-0.03216130083155777,-0.09000000000000008,-1.3,-1.3,2.7777777777777777,2.7777777777777777
105,1.4000000000000001,True,2,0.0,True,29.13784711111112,-2.9377715840755654,-4.134434066666631,-0.3878945077114535,-1.8999999999999986,0.0,0.0,2.7777777777777777,2.7777777777777777,36.11111111111111,64.38234868789355,65.0,1.0749867330109857,-0.08000000000000007,-1.4000000000000001,-1.4000000000000001,2.7777777777777777,2.7777777777777777
105,1.5,False,0,0.0,False,36.11111111111111,67.72034798103331,68.33333333333334,-0.029707944143268605,-0.04999999999999982,-1.5,-1.5,2.7777777777777777,2.7777777777777777,36.11111111111111,67.72034798103331,68.33333333333334,-0.029707944143268605,-0.04999999999999982,-1.5,-1.5,2.7777777777777777,2.7777777777777777
105,1.6,False,0,0.0,False,36.11111111111111,70.6466576434237,71.66666666666667,-0.69304890709371,2.220446049250313e-16,-1.6,-1.6,2.7777777777777777,2.7777777777777777,,,,,,,,,
105,1.7000000000000002,False,0,0.0,False,36.11111111111111,80.66189304292212,81.66666666666667,-0.7307970693714936,0.41000000000000014,-1.7000000000000002,-1.7000000000000002,2.7777777777777777,2.7777777777777777,,,,,,,,,
107,0.0,False,0,4.0,False,36.11111111111111,77.23667622246654,77.0,-0.28586159397250177,1.6,0.0,0.0,2.7777777777777777,2.7777777777777777,,,,,,,,,
107,0.1,False,0,4.0,False,36.11111111111111,-3.7425615957300122,-3.000000000000088,1.27580950042127,1.27,-0.1,-0.1,2.7777777777777777,2.7777777777777777,36.11111111111111,422.2758489891202,421.06666666666473,0.5354031494586695,-0.00999999999999579,-0.1,-0.1,2.7777777777777777,2.7777777777777777
107,0.2,False,0,4.0,False,36.11111111111111,-3.851272860552373,-3.000000000000088,0.0556323321141341,0.94,-0.2,-0.2,2.7777777777777777,2.7777777777777777,36.11111111111111,154.9302739165789,154.39999999999998,0.08386434105313123,-0.019999999999997353,-0.2,-0.2,2.7777777777777777,2.7777777777777777
107,0.30000000000000004,False,0,1.9333333333333318,True,35.99111111111111,-3.274554295916661,-2.908000000000004,1.2190907696837021,0.6099999999999999,-0.30000000000000004,-0.30000000000000004,2.7777777777777777,2.7777777777777777,35.99111111111111,65.2884524119832,64.05600000000005,-0.055924230359946536,-0.020000000000001572,-0.30000000000000004,-0.30000000000000004,2.7777777777777777,2.7777777777777777
107,0.4,False,0,0.5999999999999983,True,35.99111111111111,-3.568183315309642,-2.903999999999985,0.2664738527619379,0.27999999999999936,-0.4,-0.4,2.7777777777777777,2.7777777777777777,35.99111111111111,18.598479156574438,17.553333333333324,-1.0765240448573137,-6.661338147750939e-16,-0.4,-0.4,2.7777777777777777,2.7777777777777777
107,0.5,True,2,0.0,True,35.95111111111111,-2.6321300589584835,-2.855999999999997,-0.5679750463901037,-0.04999999999999982,-0.5,-0.5,2.7777777777777777,2.7777777777777777,35.95111111111111,-0.9946493633355287,0.46133333333334026,1.1617387107697983,0.0,-0.5,-0.5,2.7777777777777777,2.7777777777777777
107,0.6000000000000001,True,2,0.0,True,35.83111111111111,-2.9737777283859144,-2.8400000000000203,-0.034250355996324755,-0.38000000000000034,-0.6000000000000001,-0.6000000000000001,2.7777777777777777,2.7777777777777777,35.99111111111111,16.4649479669587,17.039999999999974,0.7946924816504617,-0.019999999999999574,-0.6000000000000001,-0.6000000000000001,2.7777777777777777,2.7777777777777777
107,0.7000000000000001,True,2,0.0,True,35.624611111111115,-3.19198793475272,-2.711350000000013,-0.567094430061911,-0.7099999999999986,-0.7000000000000001,-0.7000000000000001,2.7777777777777777,2.7777777777777777,36.03111111111111,29.343878365149646,30.37333333333333,-0.24440649286616423,-0.009999999999999343,-0.7000000000000001,-0.7000000000000001,2.7777777777777777,2.7777777777777777
107,0.8,True,2,0.0,True,35.624611111111115,-3.067840158079764,-2.6873499999999693,-1.7729359577940293,-1.0400000000000014,-0.8,-0.8,2.7777777777777777,2.7777777777777777,36.03111111111111,38.70333635058175,40.369333333333344,1.2544555553183927,-2.220446049250313e-16,-0.8,-0.8,2.7777777777777777,2.7777777777777777
107,0.9,True,2,0.0,True,33.69361111111112,-3.832547781733669,-3.4092166666666683,-1.2920267536895127,-1.4599999999999977,-0.9,-0.9,2.7777777777777777,2.7777777777777777,35.99111111111111,45.42047211264973,47.02399999999999,0.37347834419056847,-0.02000000000000024,-0.9,-0.9,2.7777777777777777,2.7777777777777777
107,1.0,True,2,0.0,True,28.37855311111112,-1.7659048493518013,-3.566356533333308,-1.6604017620492237,-1.9,-1.0,-1.0,2.7777777777777777,2.7777777777777777,36.07111111111111,55.38299183869988,53.67866666666666,-0.6762593348529164,0.0,-1.0,-1.0,2.7777777777777777,2.7777777777777777
107,1.1,False,0,0.0,False,36.11111111111111,99.4861535770906,100.33333333333333,-0.01166396974939965,1.38,-1.1,-1.1,2.7777777777777777,2.7777777777777777,,,,,,,,,
107,1.2000000000000002,False,0,0.0,False,36.11111111111111,80.77346306713252,80.33333333333334,-0.40854557950194503,0.6400000000000001,-1.2000000000000002,-1.2000000000000002,2.7777777777777777,2.7777777777777777,,,,,,,,,
107,1.3,False,0,0.0,False,36.11111111111111,89.78222044284301,90.33333333333333,-0.0006608908678567005,0.9500000000000002,-1.3,-1.3,2.7777777777777777,2.7777777777777777,,,,,,,,,
107,1.4000000000000001,False,0,0.0,False,36.11111111111111,75.9959981501933,77.00000000000001,-0.258615575925186,0.33999999999999986,-1.4000000000000001,-1.4000000000000001,2.7777777777777777,2.7777777777777777,,,,,,,,,
107,1.5,False,0,0.0,False,36.11111111111111,90.356305606818,90.33333333333333,-0.6743983617754392,0.8500000000000001,-1.5,-1.5,2.7777777777777777,2.7777777777777777,,,,,,,,,
107,1.6,False,0,0.0,False,36.11111111111111,87.09481628551735,87.00000000000001,-0.36558745563994477,0.6400000000000001,-1.6,-1.6,2.7777777777777777,2.7777777777777777,,,,,,,,,
107,1.7000000000000002,False,0,0.0,False,36.11111111111111,80.3240172231376,80.33333333333334,-0.7055782000209083,0.2400000000000002,-1.7000000000000002,-1.7000000000000002,2.7777777777777777,2.7777777777777777,,,,,,,,,
109,0.0,False,0,4.0,True,36.07111111111111,-3.1617726728992492,-4.294666666666617,2.0119809002972726,1.6,0.0,0.0,2.7777777777777777,2.7777777777777777,,,,,,,,,
109,0.1,False,0,4.0,False,36.11111111111111,-3.913596502924011,-4.266666666666583,0.578457741721047,1.2599999999999998,-0.1,-0.1,2.7777777777777777,2.7777777777777777,36.11111111111111,419.2081957242106,419.06666666666473,0.9427254651993562,-0.00999999999999579,-0.1,-0.1,2.7777777777777777,2.7777777777777777
109,0.2,False,0,4.0,False,36.11111111111111,-4.1107592121431535,-4.266666666666583,1.5369224331954365,0.9199999999999995,-0.2,-0.2,2.7777777777777777,2.7777777777777777,36.11111111111111,152.08218620169168,152.39999999999998,-0.8600951485067392,-0.019999999999997353,-0.2,-0.2,2.7777777777777777,2.7777777777777777
109,0.30000000000000004,False,0,1.8333333333333324,True,36.07111111111111,-3.972715619590889,-4.2906666666666124,0.1782401588652065,0.5799999999999996,-0.30000000000000004,-0.30000000000000004,2.7777777777777777,2.7777777777777777,36.07111111111111,62.85029038173087,62.29600000000029,-0.6134856733955802,-0.020000000000001572,-0.30000000000000004,-0.30000000000000004,2.7777777777777777,2.7777777777777777
109,0.4,False,0,0.4999999999999982,False,36.11111111111111,91.83130019714405,92.33333333333333,-0.17143162228198983,1.4,-0.4,-0.4,2.7777777777777777,2.7777777777777777,,,,,,,,,
109,0.5,False,0,0.0,False,36.11111111111111,82.55589229695893,82.33333333333334,-0.2942436125085026,1.2000000000000002,-0.5,-0.5,2.7777777777777777,2.7777777777777777,,,,,,,,,
109,0.6000000000000001,True,2,0.0,True,35.791111111111114,-3.8450828471049787,-4.085333333333341,0.06395773892028345,-0.4400000000000004,-0.6000000000000001,-0.6000000000000001,2.7777777777777777,2.7777777777777777,35.99111111111111,19.17200041538936,19.103999999999996,0.039793739898585256,-0.019999999999999574,-0.6000000000000001,-0.6000000000000001,2.7777777777777777,2.7777777777777777
109,0.7000000000000001,True,2,0.0,True,34.912111111111116,-3.559712730922331,-3.92683333333338,-1.2322495502501631,-0.7799999999999985,-0.7000000000000001,-0.7000000000000001,2.7777777777777777,2.7777777777777777,36.07111111111111,31.934727607807755,32.33733333333329,-0.21591151560612398,-0.009999999999999343,-0.7000000000000001,-0.7000000000000001,2.7777777777777777,2.7777777777777777
109,0.8,True,2,0.0,True,35.331611111111116,-3.8963653778186425,-3.8374333333333537,-0.9492077716636033,-1.1200000000000014,-0.8,-0.8,2.7777777777777777,2.7777777777777777,35.99111111111111,39.84933430723139,42.39733333333332,0.21579597070687173,-2.220446049250313e-16,-0.8,-0.8,2.7777777777777777,2.7777777777777777
109,0.9,False,0,0.0,False,36.11111111111111,78.47251606929797,79.0,-0.7404962961944161,0.79,-0.9,-0.9,2.7777777777777777,2.7777777777777777,,,,,,,,,
109,1.0,True,2,0.0,True,29.89714111111112,-3.917703336390775,-4.164424333333318,-1.53991005611816,-1.9,-1.0,-1.0,2.7777777777777777,2.7777777777777777,36.07111111111111,55.125392079390394,55.67066666666665,-0.5882396893403352,0.0,-1.0,-1.0,2.7777777777777777,2.7777777777777777
109,1.1,False,0,0.0,False,36.11111111111111,81.86793486107847,82.33333333333334,-0.9613798675281533,0.7200000000000002,-1.1,-1.1,2.7777777777777777,2.7777777777777777,,,,,,,,,
109,1.2000000000000002,False,0,0.0,False,36.11111111111111,95.53623315058744,95.66666666666667,-0.5723272423820729,1.12,-1.2000000000000002,-1.2000000000000002,2.7777777777777777,2.7777777777777777,,,,,,,,,
109,1.3,False,0,0.0,False,36.11111111111111,96.34997914268617,95.66666666666667,-0.4557947846699846,1.08,-1.3,-1.3,2.7777777777777777,2.7777777777777777,,,,,,,,,
109,1.4000000000000001,False,0,0.0,False,36.11111111111111,75.12658419908993,75.66666666666667,-0.4067318165299203,0.19999999999999973,-1.4000000000000001,-1.4000000000000001,2.7777777777777777,2.7777777777777777,,,,,,,,,
109,1.5,False,0,0.0,False,36.11111111111111,79.2540656376125,79.00000000000001,-0.3211780431229858,0.25,-1.5,-1.5,2.7777777777777777,2.7777777777777777,,,,,,,,,
109,1.6,False,0,0.0,False,36.11111111111111,78.2452909191018,79.00000000000001,-0.3235742612279533,0.16000000000000014,-1.6,-1.6,2.7777777777777777,2.7777777777777777,,,,,,,,,
109,1.7000000000000002,False,0,0.0,False,36.11111111111111,95.51125500817493,95.66666666666667,-0.21463832074477374,0.9199999999999999,-1.7000000000000002,-1.7000000000000002,2.7777777777777777,2.7777777777777777,,,,,,,,,
111,0.0,False,0,4.0,False,36.11111111111111,89.8690191767039,91.00000000000001,-0.11615064512836693,1.6,0.0,0.0,2.7777777777777777,2.7777777777777777,,,,,,,,,
111,0.1,False,0,4.0,False,36.11111111111111,-3.1641223225954205,-2.9333333333332403,0.48658557951318304,1.25,-0.1,-0.1,2.7777777777777777,2.7777777777777777,36.11111111111111,417.6750906985107,417.06666666666473,-0.18851525988992313,-0.00999999999999579,-0.1,-0.1,2.7777777777777777,2.7777777777777777
111,0.2,False,0,4.0,False,36.11111111111111,93.70036776952034,94.33333333333333,-0.10666796773455678,1.5,-0.2,-0.2,2.7777777777777777,2.7777777777777777,,,,,,,,,
111,0.30000000000000004,False,0,1.8333333333333324,False,36.11111111111111,94.55224118671242,94.33333333333333,-0.22365239914334056,1.4500000000000002,-0.30000000000000004,-0.30000000000000004,2.7777777777777777,2.7777777777777777,,,,,,,,,
111,0.4,False,0,0.4999999999999982,True,35.95111111111111,-2.501938720982042,-3.0773333333333595,-0.40548954621419764,0.1999999999999993,-0.4,-0.4,2.7777777777777777,2.7777777777777777,35.95111111111111,13.998819537535251,13.50933333333337,0.6869888836220017,-6.661338147750939e-16,-0.4,-0.4,2.7777777777777777,2.7777777777777777
111,0.5,False,0,0.0,False,36.11111111111111,117.5850599021082,117.66666666666667,-0.0029625602666685236,1.6750000000000003,0.0,-0.3,2.7777777777777777,2.7777777777777777,,,,,,,,,
111,0.6000000000000001,False,0,0.0,False,36.11111111111111,73.24764206572831,74.33333333333333,-0.8134864983012884,0.94,-0.6000000000000001,-0.6000000000000001,2.7777777777777777,2.7777777777777777,,,,,,,,,
111,0.7000000000000001,False,0,0.0,False,36.11111111111111,89.86477473797699,91.00000000000001,-0.040401575095072806,1.1800000000000002,-0.7000000000000001,-0.7000000000000001,2.7777777777777777,2.7777777777777777,,,,,,,,,
111,0.8,False,0,0.0,False,36.11111111111111,70.38486260379403,70.99999999999999,-0.19791264233505568,0.6400000000000001,-0.8,-0.8,2.7777777777777777,2.7777777777777777,,,,,,,,,
111,0.9,False,0,0.0,False,36.11111111111111,74.68101227084695,74.33333333333333,-0.4685670008245497,0.6099999999999999,-0.9,-0.9,2.7777777777777777,2.7777777777777777,,,,,,,,,
111,1.0,False,0,0.0,False,36.11111111111111,87.62407648572976,87.66666666666667,-0.08221857294625856,0.8999999999999999,-1.0,-1.0,2.7777777777777777,2.7777777777777777,,,,,,,,,
111,1.1,True,2,0.0,True,30.656435111111122,-2.669800818569075,-3.101622666666702,-1.7096758406731742,-1.8799999999999981,0.0,0.0,2.7777777777777777,2.7777777777777777,36.11111111111111,61.20736379024011,60.999999999999986,0.39384374948923684,-0.0499999999999996,-1.1,-1.1,2.7777777777777777,2.7777777777777777
111,1.2000000000000002,True,2,0.0,True,29.13784711111112,-4.046520845376935,-4.169093799999973,-1.098673270317978,-1.7999999999999998,0.0,0.0,2.7777777777777777,2.7777777777777777,36.11111111111111,63.83184782970588,64.33333333333333,1.0581032531028658,-0.07999999999999963,-1.2000000000000002,-1.2000000000000002,2.7777777777777777,2.7777777777777777
111,1.3,False,0,0.0,False,36.11111111111111,68.26110237739843,67.66666666666667,-0.10974549953321056,-0.09000000000000008,-1.3,-1.3,2.7777777777777777,2.7777777777777777,36.11111111111111,68.26110237739843,67.66666666666667,-0.10974549953321056,-0.09000000000000008,-1.3,-1.3,2.7777777777777777,2.7777777777777777
111,1.4000000000000001,False,0,0.0,False,36.11111111111111,68.33035035903211,71.0,-0.547034740238489,-0.08000000000000007,-1.4000000000000001,-1.4000000000000001,2.7777777777777777,2.7777777777777777,36.11111111111111,68.33035035903211,71.0,-0.547034740238489,-0.08000000000000007,-1.4000000000000001,-1.4000000000000001,2.7777777777777777,2.7777777777777777
111,1.5,False,0,0.0,False,36.11111111111111,88.86359461045531,91.00000000000001,-0.13141409149176853,0.7000000000000002,-1.5,-1.5,2.7777777777777777,2.7777777777777777,,,,,,,,,
111,1.6,False,0,0.0,False,36.11111111111111,121.68699307377996,121.00000000000001,-0.06233058315413542,2.005,-1.05,-1.2,2.7777777777777777,2.7777777777777777,,,,,,,,,
111,1.7000000000000002,False,0,0.0,False,36.11111111111111,71.25298242727756,71.0,-0.3983838021203352,-0.4399999999999995,-1.7000000000000002,-1.7000000000000002,2.7777777777777777,2.7777777777777777,36.11111111111111,76.34761857462466,77.66666666666667,1.2944520207425665,-0.09999999999999964,-1.7000000000000002,-1.7000000000000002,2.7777777777777777,2.7777777777777777
113,0.0,False,0,4.0,False,36.11111111111111,-4.133133021033248,-3.6666666666667593,0.24993343996537698,1.6,0.0,0.0,2.7777777777777777,2.7777777777777777,,,,,,,,,
113,0.1,False,0,4.0,True,36.07111111111111,-2.8592717669701555,-3.610666666666691,1.4858202934646694,1.25,-0.1,-0.1,2.7777777777777777,2.7777777777777777,36.07111111111111,414.57902421064506,414.5066666666672,-0.287124999972979,-0.00999999999999579,-0.1,-0.1,2.7777777777777777,2.7777777777777777
113,0.2,False,0,4.0,True,36.07111111111111,-3.3320299257571717,-3.5986666666666762,0.641222793663847,0.8999999999999999,-0.2,-0.2,2.7777777777777777,2.7777777777777777,36.07111111111111,149.27535372430657,148.1480000000006,0.03157776037533511,-0.019999999999997353,-0.2,-0.2,2.7777777777777777,2.7777777777777777
113,0.30000000000000004,False,0,1.7333333333333316,True,35.99111111111111,-3.5292816405941094,-3.506666666666649,1.0904438576645932,0.5499999999999998,-0.30000000000000004,-0.30000000000000004,2.7777777777777777,2.7777777777777777,35.99111111111111,58.22270101915622,58.01200000000004,-0.7372425000396556,-0.020000000000001572,-0.30000000000000004,-0.30000000000000004,2.7777777777777777,2.7777777777777777
113,0.4,False,0,0.39999999999999813,False,36.11111111111111,85.22777988124618,86.33333333333334,-0.1210158739449183,1.2800000000000002,-0.4,-0.4,2.7777777777777777,2.7777777777777777,,,,,,,,,
113,0.5,True,2,0.0,True,35.99111111111111,-4.205428687682828,-3.562666666666689,-0.07602587718322407,-0.1499999999999999,-0.5,-0.5,2.7777777777777777,2.7777777777777777,35.99111111111111,6.280116556361745,6.401333333333324,0.6093287076653278,0.0,-0.5,-0.5,2.7777777777777777,2.7777777777777777
113,0.6000000000000001,False,0,0.0,False,36.11111111111111,82.04913938708344,83.0,-0.045763900727083806,1.06,-0.6000000000000001,-0.6000000000000001,2.7777777777777777,2.7777777777777777,,,,,,,,,
113,0.7000000000000001,False,0,0.0,False,36.11111111111111,72.08609319559007,72.99999999999999,-0.003314647586444508,0.7600000000000002,-0.7000000000000001,-0.7000000000000001,2.7777777777777777,2.7777777777777777,,,,,,,,,
113,0.8,False,0,0.0,False,36.11111111111111,67.11837369367281,66.33333333333331,-0.24068276511052122,0.48,-0.8,-0.8,2.7777777777777777,2.7777777777777777,,,,,,,,,
113,0.9,False,0,0.0,False,36.11111111111111,69.29412687033494,69.66666666666666,-0.45913361690766097,0.4299999999999997,-0.9,-0.9,2.7777777777777777,2.7777777777777777,,,,,,,,,
113,1.0,False,0,0.0,False,36.11111111111111,85.65273972127584,86.33333333333334,-0.009731124705723238,0.8000000000000003,-1.0,-1.0,2.7777777777777777,2.7777777777777777,,,,,,,,,
113,1.1,False,0,0.0,False,36.11111111111111,83.32771753492048,83.0,-0.10259051655687168,0.6100000000000003,-1.1,-1.1,2.7777777777777777,2.7777777777777777,,,,,,,,,
113,1.2000000000000002,False,0,0.0,False,36.11111111111111,93.64231743646687,93.00000000000001,-0.07373583195819733,0.8799999999999999,-1.2000000000000002,-1.2000000000000002,2.7777777777777777,2.7777777777777777,,,,,,,,,
113,1.3,False,0,0.0,False,36.11111111111111,72.61944215617382,73.0,-0.05429674191141309,0.039999999999999813,-1.3,-1.3,2.7777777777777777,2.7777777777777777,,,,,,,,,
113,1.4000000000000001,False,0,0.0,False,36.11111111111111,96.24599205235931,96.33333333333333,-0.17752153852572317,0.8999999999999999,-1.4000000000000001,-1.4000000000000001,2.7777777777777777,2.7777777777777777,,,,,,,,,
113,1.5,False,0,0.0,False,36.11111111111111,75.425790249975,76.33333333333334,-0.33734214154725817,-0.04999999999999982,-1.5,-1.5,2.7777777777777777,2.7777777777777777,36.11111111111111,75.425790249975,76.33333333333334,-0.33734214154725817,-0.04999999999999982,-1.5,-1.5,2.7777777777777777,2.7777777777777777
113,1.6,False,0,0.0,False,36.11111111111111,72.52202269211288,73.0,-1.5912474434481565,-0.31999999999999984,-1.6,-1.6,2.7777777777777777,2.7777777777777777,36.11111111111111,75.19437399334006,76.33333333333334,0.1908737589380194,-0.1599999999999997,-1.6,-1.6,2.7777777777777777,2.7777777777777777
113,1.7000000000000002,False,0,0.0,False,36.11111111111111,79.4566156517542,79.66666666666667,-0.28590177936410477,-0.09999999999999964,-1.7000000000000002,-1.7000000000000002,2.7777777777777777,2.7777777777777777,36.11111111111111,79.4566156517542,79.66666666666667,-0.28590177936410477,-0.09999999999999964,-1.7000000000000002,-1.7000000000000002,2.7777777777777777,2.7777777777777777
115,0.0,False,0,4.0,False,36.11111111111111,-2.845155680437034,-3.5999999999998975,0.39358929636981843,1.6,0.0,0.0,2.7777777777777777,2.7777777777777777,,,,,,,,,
115,0.1,False,0,4.0,False,36.11111111111111,71.15995463888495,71.66666666666666,-0.5354988475783551,1.4700000000000002,-0.1,-0.1,2.7777777777777777,2.7777777777777777,,,,,,,,,
115,0.2,False,0,4.0,False,36.11111111111111,-2.0224515151695526,-3.5999999999998975,0.2967433259189094,0.8799999999999994,-0.2,-0.2,2.7777777777777777,2.7777777777777777,36.11111111111111,146.51146353863834,146.39999999999998,0.17335994054503523,-0.019999999999997353,-0.2,-0.2,2.7777777777777777,2.7777777777777777
115,0.30000000000000004,False,0,1.6333333333333324,False,36.11111111111111,111.8192340566324,111.66666666666666,-0.29256749455033093,1.5700000000000003,-0.30000000000000004,-0.30000000000000004,2.7777777777777777,2.7777777777777777,,,,,,,,,
115,0.4,False,0,0.29999999999999805,True,35.99111111111111,-2.9342607764236446,-3.6839999999999575,-1.1049486630286744,0.15999999999999925,-0.4,-0.4,2.7777777777777777,2.7777777777777777,35.99111111111111,10.860387974039536,9.601333333333383,0.49182592591508456,-6.661338147750939e-16,-0.4,-0.4,2.7777777777777777,2.7777777777777777
115,0.5,True,2,0.0,True,35.99111111111111,-2.46628187415327,-3.6479999999999277,-1.2959512820705676,-0.19999999999999996,-0.5,-0.5,2.7777777777777777,2.7777777777777777,36.07111111111111,7.903067287298524,8.345333333333254,0.489786738285638,0.0,-0.5,-0.5,2.7777777777777777,2.7777777777777777
115,0.6000000000000001,False,0,0.0,False,36.11111111111111,68.32825216939067,68.33333333333331,-0.15334373596192474,0.7600000000000002,-0.6000000000000001,-0.6000000000000001,2.7777777777777777,2.7777777777777777,,,,,,,,,
115,0.7000000000000001,True,2,0.0,True,35.624611111111115,-3.952679587777868,-3.8726499999999815,-0.02495355021651946,-0.9199999999999986,-0.7000000000000001,-0.7000000000000001,2.7777777777777777,2.7777777777777777,36.07111111111111,37.862783068081356,38.3453333333333,-0.8607947640647144,-0.009999999999999343,-0.7000000000000001,-0.7000000000000001,2.7777777777777777,2.7777777777777777
115,0.8,False,0,0.0,False,36.11111111111111,83.1742477725059,85.0,-0.23721619643494796,0.8800000000000003,-0.8,-0.8,2.7777777777777777,2.7777777777777777,,,,,,,,,
115,0.9,False,0,0.0,False,36.11111111111111,67.9633332299264,68.33333333333331,-0.6243896438142862,0.33999999999999986,-0.9,-0.9,2.7777777777777777,2.7777777777777777,,,,,,,,,
115,1.0,False,0,0.0,False,36.11111111111111,71.19800617083072,71.66666666666666,-0.971388110636934,0.30000000000000027,-1.0,-1.0,2.7777777777777777,2.7777777777777777,,,,,,,,,
115,1.1,False,0,0.0,False,36.11111111111111,98.20897263191353,98.33333333333333,-0.5685779534973987,1.0500000000000003,-1.1,-1.1,2.7777777777777777,2.7777777777777777,,,,,,,,,
115,1.2000000000000002,False,0,0.0,False,36.11111111111111,75.24305890698653,75.0,-0.11786240993906372,0.16000000000000014,-1.2000000000000002,-1.2000000000000002,2.7777777777777777,2.7777777777777777,,,,,,,,,
115,1.3,False,0,0.0,False,36.11111111111111,94.38880931493789,95.00000000000001,-0.16283131346989177,0.8199999999999998,-1.3,-1.3,2.7777777777777777,2.7777777777777777,,,,,,,,,
115,1.4000000000000001,False,0,0.0,False,36.11111111111111,101.22099759973784,101.66666666666667,-0.22258049339717556,1.04,-1.4000000000000001,-1.4000000000000001,2.7777777777777777,2.7777777777777777,,,,,,,,,
115,1.5,True,2,0.0,True,26.10067111111112,-3.5407141624566405,-4.2662996666666855,-1.52988423249043,-1.7999999999999998,0.0,0.0,2.7777777777777777,2.7777777777777777,36.11111111111111,78.26663187864348,78.33333333333334,0.9456518549510329,-0.04999999999999982,-1.5,-1.5,2.7777777777777777,2.7777777777777777
115,1.6,False,0,0.0,False,36.11111111111111,79.4078840889996,81.66666666666667,-0.3610962649307341,2.220446049250313e-16,-1.6,-1.6,2.7777777777777777,2.7777777777777777,,,,,,,,,
115,1.7000000000000002,False,0,0.0,False,36.11111111111111,94.15497745010994,95.00000000000001,-0.23767880236218852,0.5800000000000001,-1.7000000000000002,-1.7000000000000002,2.7777777777777777,2.7777777777777777,,,,,,,,,
117,0.0,False,0,4.0,False,36.11111111111111,-2.57048579293222,-3.000000000000102,1.5027809274345771,1.6,0.0,0.0,2.7777777777777777,2.7777777777777777,,,,,,,,,
117,0.1,False,0,4.0,False,36.11111111111111,-2.5147401904874753,-3.000000000000102,1.4467015125878029,1.2399999999999998,-0.1,-0.1,2.7777777777777777,2.7777777777777777,36.11111111111111,412.55072192929464,411.06666666666473,-0.926755802236412,-0.00999999999999579,-0.1,-0.1,2.7777777777777777,2.7777777777777777
117,0.2,False,0,4.0,True,36.03111111111111,-2.8973697408058454,-2.8479999999999164,0.6533682585374838,0.8799999999999994,-0.2,-0.2,2.7777777777777777,2.7777777777777777,36.03111111111111,144.23629715830108,143.88799999999964,1.3873112658690934,-0.019999999999997353,-0.2,-0.2,2.7777777777777777,2.7777777777777777
117,0.30000000000000004,False,0,1.6333333333333324,False,36.11111111111111,106.68448074449279,107.0,-0.04873058800660646,1.5100000000000002,-0.3,-0.30000000000000004,2.7777777777777777,2.7777777777777777,,,,,,,,,
117,0.4,False,0,0.29999999999999805,True,35.91111111111111,-3.237743090449828,-2.9040000000000417,0.5291503746549879,0.15999999999999925,-0.4,-0.4,2.7777777777777777,2.7777777777777777,35.91111111111111,8.399183796708154,7.557333333333344,-0.6544210771255772,-6.661338147750939e-16,-0.4,-0.4,2.7777777777777777,2.7777777777777777
117,0.5,False,0,0.0,False,36.11111111111111,86.61093215364674,87.0,-0.5956010786441486,1.15,-0.5,-0.5,2.7777777777777777,2.7777777777777777,,,,,,,,,
117,0.6000000000000001,False,0,0.0,False,36.11111111111111,83.76820905019257,83.66666666666666,-0.23958178974009248,1.0,-0.6000000000000001,-0.6000000000000001,2.7777777777777777,2.7777777777777777,,,,,,,,,
117,0.7000000000000001,False,0,0.0,False,36.11111111111111,76.2939469542652,76.99999999999999,-0.13422473050406936,0.7600000000000002,-0.7000000000000001,-0.7000000000000001,2.7777777777777777,2.7777777777777777,,,,,,,,,
117,0.8,False,0,0.0,False,36.11111111111111,112.3022787706041,113.66666666666666,-0.13766626965452922,1.52,-0.6,-0.8,2.7777777777777777,2.7777777777777777,,,,,,,,,
117,0.9,True,2,0.0,True,29.13784711111112,-3.223216238036616,-3.062850733333323,-1.59388398073643,-1.8199999999999972,-0.9,-0.9,2.7777777777777777,2.7777777777777777,36.07111111111111,57.82507635764533,57.011999999999986,-0.7474857651157167,-0.02000000000000024,-0.9,-0.9,2.7777777777777777,2.7777777777777777
117,1.0,False,0,0.0,False,36.11111111111111,103.03406790052277,103.66666666666667,-0.45046014536464063,1.2000000000000002,-1.0,-1.0,2.7777777777777777,2.7777777777777777,,,,,,,,,
117,1.1,True,2,0.0,True,27.61925911111112,-4.122334919170771,-4.172458266666683,-1.7092129860609127,-1.8799999999999981,0.0,0.0,2.7777777777777777,2.7777777777777777,36.11111111111111,66.37613289526588,66.99999999999999,0.9809043155262684,-0.0499999999999996,-1.1,-1.1,2.7777777777777777,2.7777777777777777
117,1.2000000000000002,False,0,0.0,False,36.11111111111111,143.19037184109393,143.66666666666666,-0.15869291708880162,2.14,0.0,-0.15,2.7777777777777777,2.7777777777777777,,,,,,,,,
117,1.3,False,0,0.0,False,36.11111111111111,80.00431534304104,80.33333333333334,-0.042770278352180835,0.16999999999999993,-1.3,-1.3,2.7777777777777777,2.7777777777777777,,,,,,,,,
117,1.4000000000000001,False,0,0.0,False,36.11111111111111,96.60985682079031,97.00000000000001,-0.02187985839922657,0.7600000000000002,-1.4000000000000001,-1.4000000000000001,2.7777777777777777,2.7777777777777777,,,,,,,,,
117,1.5,False,0,0.0,False,36.11111111111111,80.50408028983422,80.33333333333334,-0.4868504136994136,-0.04999999999999982,-1.5,-1.5,2.7777777777777777,2.7777777777777777,36.11111111111111,80.50408028983422,80.33333333333334,-0.4868504136994136,-0.04999999999999982,-1.5,-1.5,2.7777777777777777,2.7777777777777777
117,1.6,False,0,0.0,False,36.11111111111111,109.81564863710587,110.33333333333334,-0.18074838507336155,1.2800000000000002,-1.6,-1.6,2.7777777777777777,2.7777777777777777,,,,,,,,,
117,1.7000000000000002,False,0,0.0,False,36.11111111111111,85.0579653826525,83.66666666666667,-0.4452651811190411,-0.09999999999999964,-1.7000000000000002,-1.7000000000000002,2.7777777777777777,2.7777777777777777,36.11111111111111,85.0579653826525,83.66666666666667,-0.4452651811190411,-0.09999999999999964,-1.7000000000000002,-1.7000000000000002,2.7777777777777777,2.7777777777777777
119,0.0,False,0,4.0,False,36.11111111111111,-3.559600793318043,-4.266666666666555,1.688585729634894,1.6,0.0,0.0,2.7777777777777777,2.7777777777777777,,,,,,,,,
119,0.1,False,0,4.0,False,36.11111111111111,80.24639500029234,78.99999999999999,-0.1866311412390813,1.48,-0.1,-0.1,2.7777777777777777,2.7777777777777777,,,,,,,,,
119,0.2,False,0,4.0,True,36.07111111111111,-2.8827422155409463,-4.290666666666556,0.9186742348182539,0.8599999999999999,-0.2,-0.2,2.7777777777777777,2.7777777777777777,36.07111111111111,142.2000514652896,142.20000000000067,0.0027085801055979353,-0.019999999999997353,-0.2,-0.2,2.7777777777777777,2.7777777777777777
119,0.30000000000000004,False,0,1.5333333333333314,False,36.11111111111111,101.17565892358384,102.33333333333333,-0.05001714130243684,1.4500000000000002,-0.30000000000000004,-0.30000000000000004,2.7777777777777777,2.7777777777777777,,,,,,,,,
119,0.4,False,0,0.19999999999999796,False,36.11111111111111,104.16508458079672,105.66666666666667,-0.3158599173651553,1.44,-0.4,-0.4,2.7777777777777777,2.7777777777777777,,,,,,,,,
119,0.5,True,2,0.0,True,35.331611111111116,-3.5340718316158926,-3.958733333333373,-0.25145977875074,-0.25,-0.5,-0.5,2.7777777777777777,2.7777777777777777,35.83111111111111,11.168018422683812,12.485333333333298,-0.09153035733416393,0.0,-0.5,-0.5,2.7777777777777777,2.7777777777777777
119,0.6000000000000001,False,0,0.0,False,36.11111111111111,124.04127702279762,125.66666666666667,-0.07060151071291987,1.705,0.0,-0.44999999999999996,2.7777777777777777,2.7777777777777777,,,,,,,,,
119,0.7000000000000001,False,0,0.0,False,36.11111111111111,109.5201888853646,109.0,-0.13281537570607171,1.3900000000000001,-0.7000000000000001,-0.7000000000000001,2.7777777777777777,2.7777777777777777,,,,,,,,,
119,0.8,False,0,0.0,False,36.11111111111111,85.69427208978193,85.66666666666666,-0.1239754451446009,0.8000000000000003,-0.8,-0.8,2.7777777777777777,2.7777777777777777,,,,,,,,,
119,0.9,False,0,0.0,False,36.11111111111111,88.2814147130981,89.0,-0.0536545857474795,0.79,-0.9,-0.9,2.7777777777777777,2.7777777777777777,,,,,,,,,
119,1.0,False,0,0.0,False,36.11111111111111,91.81736151319578,92.33333333333334,-0.4020570240317387,0.8000000000000003,-1.0,-1.0,2.7777777777777777,2.7777777777777777,,,,,,,,,
119,1.1,False,0,0.0,False,36.11111111111111,100.92855733914115,102.33333333333333,-0.11057377075579722,1.0500000000000003,-1.1,-1.1,2.7777777777777777,2.7777777777777777,,,,,,,,,
119,1.2000000000000002,False,0,0.0,False,36.11111111111111,118.13955518794208,119.0,-0.08904527152583874,1.6,-1.2,-1.2000000000000002,2.7777777777777777,2.7777777777777777,,,,,,,,,
119,1.3,False,0,0.0,False,36.11111111111111,111.9311940907341,112.33333333333334,-0.05845589389997552,1.3400000000000003,-1.3,-1.3,2.7777777777777777,2.7777777777777777,,,,,,,,,
119,1.4000000000000001,False,0,0.0,False,36.11111111111111,92.08513409573838,92.33333333333334,-0.03218543985566491,0.48,-1.4000000000000001,-1.4000000000000001,2.7777777777777777,2.7777777777777777,,,,,,,,,
119,1.5,False,0,0.0,False,36.11111111111111,95.61903804592417,95.66666666666667,-0.07035679720120402,0.5500000000000003,-1.5,-1.5,2.7777777777777777,2.7777777777777777,,,,,,,,,
119,1.6,False,0,0.0,False,36.11111111111111,96.51303405682211,95.66666666666667,-0.08282221560485237,0.48,-1.6,-1.6,2.7777777777777777,2.7777777777777777,,,,,,,,,
119,1.7000000000000002,False,0,0.0,False,36.11111111111111,78.64170236927112,79.0,-0.9696331299422823,-0.4399999999999995,-1.7000000000000002,-1.7000000000000002,2.7777777777777777,2.7777777777777777,36.11111111111111,85.46857616352229,85.66666666666667,0.9412414903835127,-0.09999999999999964,-1.7000000000000002,-1.7000000000000002,2.7777777777777777,2.7777777777777777
