long_dist,lat_vel,Crash,Crash type,minTTC,PFS,CFS,reacted,ego_speed,perceived_gap,true_gap,perceived_lat_gap,true_lat_gap,perceived_lat_speed,true_lat_speed,perceived_speed,true_speed,entry_ego_speed,entry_perceived_gap,entry_true_gap,entry_perceived_lat_gap,entry_true_lat_gap,entry_perceived_lat_speed,entry_true_lat_speed,entry_perceived_speed,entry_true_speed
1,0.0,False,0,4.0,1.0,1.0,True,16.666666666666668,-3.4428693678030013,-4.277777777777788,-0.5695100198804819,1.6,0.0,0.0,13.88888888888889,13.88888888888889,,,,,,,,,
1,0.1,False,0,4.0,1.0,1.0,True,16.666666666666668,-0.9219183475828485,-4.277777777777788,0.3757668887639425,1.4100000000000001,-0.1,-0.1,13.88888888888889,13.88888888888889,16.666666666666668,35.46883386395923,35.122222222221765,1.4201433233552376,-0.00999999999999579,-0.1,-0.1,13.88888888888889,13.88888888888889
1,0.2,False,0,4.0,1.0,1.0,True,16.666666666666668,-2.6084419276581263,-4.277777777777788,2.56560079781728,1.2200000000000002,-0.2,-0.2,13.88888888888889,13.88888888888889,16.666666666666668,12.815511234497887,12.899999999999974,-0.5971490639410888,-0.019999999999997353,-0.2,-0.2,13.88888888888889,13.88888888888889
1,0.30000000000000004,False,0,1.9333333333333318,1.0,1.0,True,16.666666666666668,-1.5883955580084566,-4.277777777777788,1.3093169124546389,1.0300000000000002,-0.30000000000000004,-0.30000000000000004,13.88888888888889,13.88888888888889,16.666666666666668,5.605736399715551,5.39999999999996,-0.08041944221012232,-0.020000000000001572,-0.30000000000000004,-0.30000000000000004,13.88888888888889,13.88888888888889
1,0.4,False,0,0.5999999999999983,1.0,1.0,True,16.666666666666668,-1.0537050030914186,-4.277777777777788,0.00047594390054817026,0.8399999999999999,-0.4,-0.4,13.88888888888889,13.88888888888889,16.666666666666668,5.802803409808871,1.5111111111110462,1.2849607361563864,-6.661338147750939e-16,-0.4,-0.4,13.88888888888889,13.88888888888889
1,0.5,True,1,0.0,1.0,1.0,True,16.666666666666668,-3.791633672289879,-4.277777777777788,0.5242835688961995,0.6499999999999999,-0.5,-0.5,13.88888888888889,13.88888888888889,16.666666666666668,0.8901789039663344,-0.7111111111111539,0.17449653085150096,0.0,-0.5,-0.5,13.88888888888889,13.88888888888889
1,0.6000000000000001,True,1,0.0,1.0,1.0,True,16.540166666666668,-2.64463282972321,-4.201877777777784,0.6873448789981409,0.4600000000000004,-0.6000000000000001,-0.6000000000000001,13.88888888888889,13.88888888888889,15.907666666666668,0.6343207531803232,-2.580700000000003,1.5325992205195482,-0.019999999999999574,-0.6000000000000001,-0.6000000000000001,13.88888888888889,13.88888888888889
1,0.7000000000000001,True,2,0.0,1.0,1.0,True,14.201666666666668,-4.271340725892801,-3.5811611111111032,0.27493530320698545,0.06000000000000072,-0.7000000000000001,-0.7000000000000001,13.88888888888889,13.88888888888889,13.601666666666668,1.571901461262187,-3.552438888888882,2.165339288815002,-0.009999999999999343,-0.7000000000000001,-0.7000000000000001,13.88888888888889,13.88888888888889
1,0.8,True,2,0.0,1.0,1.0,True,15.907666666666668,-1.454297820383661,-4.260016666666668,-0.599861107507246,-0.0800000000000003,-0.8,-0.8,13.88888888888889,13.88888888888889,15.907666666666668,-3.951099883811426,-4.1381055555555575,0.2964355887193215,-2.220446049250313e-16,-0.8,-0.8,13.88888888888889,13.88888888888889
1,0.9,True,2,0.0,1.0,1.0,True,16.287166666666668,-1.1931005207379277,-4.284794444444446,-0.5401150132831152,-0.19999999999999996,-0.9,-0.9,13.88888888888889,13.88888888888889,16.287166666666668,-0.9110675718964911,-3.8355500000000005,-1.3910111429300138,-0.02000000000000024,-0.9,-0.9,13.88888888888889,13.88888888888889
1,1.0,True,2,0.0,1.0,1.0,True,16.287166666666668,-3.8133602220363896,-4.26460555555555,-0.3998041061945794,-0.3999999999999999,-1.0,-1.0,13.88888888888889,13.88888888888889,16.287166666666668,-3.8686732453055646,-3.305294444444441,-1.062333622587587,0.0,-1.0,-1.0,13.88888888888889,13.88888888888889
1,1.1,True,2,0.0,1.0,1.0,True,14.201666666666668,-2.564821980696304,-4.294766666666685,-0.13794050400751168,-1.7000000000000015,-1.1,-1.1,13.88888888888889,13.88888888888889,15.907666666666668,-3.748305113199847,-2.9136666666666633,0.49207994391395316,-0.0499999999999996,-1.1,-1.1,13.88888888888889,13.88888888888889
1,1.2000000000000002,True,2,0.0,1.0,1.0,True,14.201666666666668,-3.683105236542427,-2.6175555555555574,0.9268383266337499,-0.7999999999999994,-1.2000000000000002,-1.2000000000000002,13.88888888888889,13.88888888888889,15.401666666666667,-1.9478378358748243,-2.129888888888895,0.6711938662101451,-0.07999999999999963,-1.2000000000000002,-1.2000000000000002,13.88888888888889,13.88888888888889
1,1.3,True,2,0.0,1.0,1.0,True,14.201666666666668,-3.8348526358208685,-1.9751888888888933,-1.172544684441019,-0.2200000000000002,-1.3,-1.3,13.88888888888889,13.88888888888889,14.801666666666668,-3.1432747956796723,-1.9439111111111158,0.8080723741182374,-0.09000000000000008,-1.3,-1.3,13.88888888888889,13.88888888888889
1,1.4000000000000001,True,2,0.0,1.0,1.0,True,14.201666666666668,-0.5255946591524276,-1.3695555555555599,0.5649516482913799,0.05999999999999983,-1.4000000000000001,-1.4000000000000001,13.88888888888889,13.88888888888889,13.601666666666668,-2.208596902479612,-1.3408333333333387,-1.7323117693921157,-0.08000000000000007,-1.4000000000000001,-1.4000000000000001,13.88888888888889,13.88888888888889
1,1.5,True,2,0.0,1.0,1.0,True,14.201666666666668,-3.496172228867656,-0.8293777777777782,-0.7036779374999045,0.10000000000000009,-1.5,-1.5,13.88888888888889,13.88888888888889,13.601666666666668,-2.1917489377123216,-0.8006555555555606,0.13678562867775934,-0.04999999999999982,-1.5,-1.5,13.88888888888889,13.88888888888889
1,1.6,True,2,0.0,1.0,1.0,True,14.201666666666668,-3.7821264316307213,-1.662711111111114,-0.8541813416274351,-0.48,-1.6,-1.6,13.88888888888889,13.88888888888889,14.801666666666668,-3.8893410129751365,-1.5401555555555602,0.7381538225592377,-0.1599999999999997,-1.6,-1.6,13.88888888888889,13.88888888888889
1,1.7000000000000002,True,2,0.0,1.0,1.0,True,14.401666666666667,-2.9651142057471676,-0.8093777777777769,-0.9098185402235044,-0.09999999999999964,-1.7000000000000002,-1.7000000000000002,13.88888888888889,13.88888888888889,14.401666666666667,-2.9651142057471676,-0.8093777777777769,-0.9098185402235044,-0.09999999999999964,-1.7000000000000002,-1.7000000000000002,13.88888888888889,13.88888888888889
2,0.0,False,0,4.0,1.0,1.0,True,16.666666666666668,-3.5514527486538894,-4.211111111111111,1.3107541954281534,1.6,0.0,0.0,13.88888888888889,13.88888888888889,,,,,,,,,
2,0.1,False,0,4.0,1.0,1.0,True,16.666666666666668,-3.625431693938739,-4.211111111111111,1.1000440255924753,1.37,-0.1,-0.1,13.88888888888889,13.88888888888889,16.666666666666668,33.259802742502,34.122222222221765,1.1367455443948424,-0.00999999999999579,-0.1,-0.1,13.88888888888889,13.88888888888889
2,0.2,False,0,4.0,1.0,1.0,True,16.666666666666668,0.8529056980622203,-4.211111111111111,1.2445531804351484,1.1400000000000001,-0.2,-0.2,13.88888888888889,13.88888888888889,16.666666666666668,15.006048779388689,11.899999999999974,0.15496709853994917,-0.019999999999997353,-0.2,-0.2,13.88888888888889,13.88888888888889
2,0.30000000000000004,False,0,1.5333333333333314,1.0,1.0,True,16.666666666666668,-4.239214128322163,-4.211111111111111,1.8597287874002624,0.9100000000000006,-0.30000000000000004,-0.30000000000000004,13.88888888888889,13.88888888888889,16.666666666666668,6.662631589702085,4.39999999999996,0.21307536469617272,-0.020000000000001572,-0.30000000000000004,-0.30000000000000004,13.88888888888889,13.88888888888889
2,0.4,False,0,0.19999999999999796,1.0,1.0,True,16.666666666666668,-1.5716746692596457,-4.211111111111111,0.16354425644298365,0.6799999999999997,-0.4,-0.4,13.88888888888889,13.88888888888889,16.666666666666668,1.5588192918421884,0.5111111111110462,1.5142950353927263,-6.661338147750939e-16,-0.4,-0.4,13.88888888888889,13.88888888888889
2,0.5,True,1,0.0,1.0,1.0,True,16.287166666666668,-4.287426502697886,-4.2623888888889025,-1.0417149862825241,0.4500000000000002,-0.5,-0.5,13.88888888888889,13.88888888888889,15.907666666666668,1.7572578049083392,-2.4827611111111123,0.42528973990528485,0.0,-0.5,-0.5,13.88888888888889,13.88888888888889
2,0.6000000000000001,True,2,0.0,1.0,1.0,True,14.801666666666668,-3.3777388741531835,-4.299416666666668,-1.069386244307763,-0.38000000000000034,-0.6000000000000001,-0.6000000000000001,13.88888888888889,13.88888888888889,14.801666666666668,-4.082986711028236,-3.751750000000004,0.009644396442937353,-0.019999999999999574,-0.6000000000000001,-0.6000000000000001,13.88888888888889,13.88888888888889
2,0.7000000000000001,True,2,0.0,1.0,1.0,True,14.201666666666668,-4.25863799048729,-2.836366666666666,-0.875512121747972,-0.07999999999999918,-0.7000000000000001,-0.7000000000000001,13.88888888888889,13.88888888888889,14.201666666666668,-2.9496685994295886,-2.805088888888892,0.9416129989805753,-0.009999999999999343,-0.7000000000000001,-0.7000000000000001,13.88888888888889,13.88888888888889
2,0.8,True,2,0.0,1.0,1.0,True,14.201666666666668,-1.4176955875577404,-1.1269888888888913,0.4620669094771084,0.48,-0.8,-0.8,13.88888888888889,13.88888888888889,12.801666666666668,-1.9009170903142971,-0.7546555555555612,1.0408342570410825,-2.220446049250313e-16,-0.8,-0.8,13.88888888888889,13.88888888888889
2,0.9,True,2,0.0,1.0,1.0,True,14.201666666666668,-1.685232232542151,-2.345277777777784,0.5406659219831069,-0.1100000000000001,-0.9,-0.9,13.88888888888889,13.88888888888889,14.201666666666668,-3.4586948884181146,-2.3140000000000027,0.22520468438774888,-0.02000000000000024,-0.9,-0.9,13.88888888888889,13.88888888888889
2,1.0,True,2,0.0,1.0,1.0,True,14.201666666666668,-3.163015569328201,-1.8524500000000037,-0.15540630426024227,-0.19999999999999996,-1.0,-1.0,13.88888888888889,13.88888888888889,14.801666666666668,-2.8584772277969988,-1.7898944444444451,-0.03315911954774586,0.0,-1.0,-1.0,13.88888888888889,13.88888888888889
2,1.1,True,2,0.0,1.0,1.0,True,14.201666666666668,-3.886254129941551,-2.2780833333333232,-0.6344856062835189,-0.7100000000000004,-1.1,-1.1,13.88888888888889,13.88888888888889,15.907666666666668,-3.899757916360339,-1.8504166666666633,-0.4937869395359733,-0.0499999999999996,-1.1,-1.1,13.88888888888889,13.88888888888889
2,1.2000000000000002,True,2,0.0,1.0,1.0,True,14.201666666666668,-2.032170537621325,-1.0163888888888897,-0.8649714463716243,-0.07999999999999963,-1.2000000000000002,-1.2000000000000002,13.88888888888889,13.88888888888889,14.201666666666668,-2.032170537621325,-1.0163888888888897,-0.8649714463716243,-0.07999999999999963,-1.2000000000000002,-1.2000000000000002,13.88888888888889,13.88888888888889
2,1.3,True,2,0.0,1.0,1.0,True,14.201666666666668,-0.25449327146156175,-1.1902388888888913,-1.106024851965611,-0.2200000000000002,-1.3,-1.3,13.88888888888889,13.88888888888889,14.801666666666668,-2.7903460864612084,-1.1589611111111138,0.016750673395537152,-0.09000000000000008,-1.3,-1.3,13.88888888888889,13.88888888888889
2,1.4000000000000001,False,0,0.4428571428571429,1.0,1.0,True,14.075166666666666,-0.6385452423329712,0.38514999999999855,1.1421571315842685,0.33999999999999986,-1.4000000000000001,-1.4000000000000001,13.88888888888889,13.88888888888889,12.675166666666666,-1.5931499310037571,0.6292666666666671,0.10078785970031667,-0.08000000000000007,-1.4000000000000001,-1.4000000000000001,13.88888888888889,13.88888888888889
2,1.5,False,0,0.2666666666666666,1.0,1.0,True,14.201666666666668,-3.173569662415333,0.1859999999999955,1.8049394664177498,0.25,-1.5,-1.5,13.88888888888889,13.88888888888889,13.201666666666668,-1.5379058451079635,0.2834444444444424,-0.004159773765217256,-0.04999999999999982,-1.5,-1.5,13.88888888888889,13.88888888888889
2,1.6,True,2,0.0,1.0,1.0,True,14.201666666666668,-1.3063725091052794,-1.3030444444444482,-1.8836210222832541,-0.9600000000000004,-1.6,-1.6,13.88888888888889,13.88888888888889,15.401666666666667,-4.167248233711962,-0.7266555555555589,0.7652286299023596,-0.1599999999999997,-1.6,-1.6,13.88888888888889,13.88888888888889
2,1.7000000000000002,True,2,0.0,1.0,1.0,True,14.401666666666667,-0.6836680220219042,-0.1630555555555615,0.4169512256761161,-0.2699999999999996,-1.7000000000000002,-1.7000000000000002,13.88888888888889,13.88888888888889,14.401666666666667,-3.627240910033092,-0.11177777777778086,-0.5444105692775341,-0.09999999999999964,-1.7000000000000002,-1.7000000000000002,13.88888888888889,13.88888888888889
3,0.0,False,0,4.0,1.0,1.0,True,16.666666666666668,-2.065623092932742,-4.222222222222203,0.84085142215122,1.6,0.0,0.0,13.88888888888889,13.88888888888889,,,,,,,,,
3,0.1,False,0,4.0,1.0,1.0,True,16.666666666666668,-0.4480332022288378,-4.222222222222203,1.042180419627282,1.3399999999999999,-0.1,-0.1,13.88888888888889,13.88888888888889,16.666666666666668,33.669368814422356,33.122222222221765,1.915481007526728,-0.00999999999999579,-0.1,-0.1,13.88888888888889,13.88888888888889
3,0.2,False,0,3.899999999999999,1.0,1.0,True,16.666666666666668,-0.7539857856996361,-4.222222222222203,0.5299735754706032,1.0799999999999996,-0.2,-0.2,13.88888888888889,13.88888888888889,16.666666666666668,15.459273994661498,10.899999999999974,1.1767453823887628,-0.019999999999997353,-0.2,-0.2,13.88888888888889,13.88888888888889
3,0.30000000000000004,False,0,1.1333333333333313,1.0,1.0,True,16.540166666666668,-3.1531550654076907,-4.184272222222201,1.4579142098688247,0.8200000000000003,-0.30000000000000004,-0.30000000000000004,13.88888888888889,13.88888888888889,16.540166666666668,2.3120386418658514,3.0078499999998316,1.5672464611450834,-0.020000000000001572,-0.30000000000000004,-0.30000000000000004,13.88888888888889,13.88888888888889
3,0.4,True,1,0.0,1.0,1.0,True,16.666666666666668,-4.298174992036219,-4.222222222222203,-0.6102457274115016,0.5599999999999996,-0.4,-0.4,13.88888888888889,13.88888888888889,16.666666666666668,-0.7104442296432323,-0.48888888888895377,0.7892071556201485,-6.661338147750939e-16,-0.4,-0.4,13.88888888888889,13.88888888888889
3,0.5,True,2,0.0,1.0,1.0,True,14.201666666666668,-3.314533545074144,-2.3804888888888867,0.3108298522780566,0.4500000000000002,-0.5,-0.5,13.88888888888889,13.88888888888889,12.401666666666667,-2.232629730679821,-1.6819888888888554,1.9067993693365937,0.0,-0.5,-0.5,13.88888888888889,13.88888888888889
3,0.6000000000000001,True,2,0.0,1.0,1.0,True,14.401666666666667,-2.698460195993465,-0.500666666666663,-0.875700163056484,0.7000000000000002,-0.6000000000000001,-0.6000000000000001,13.88888888888889,13.88888888888889,13.475166666666667,-0.764138623650001,-0.16419999999996815,2.6274689441682555,-0.019999999999999574,-0.6000000000000001,-0.6000000000000001,13.88888888888889,13.88888888888889
3,0.7000000000000001,True,2,0.0,1.0,1.0,True,14.201666666666668,-3.1065095532344165,-1.301350000000002,1.23744611416899,0.3400000000000003,-0.7000000000000001,-0.7000000000000001,13.88888888888889,13.88888888888889,13.601666666666668,-3.1931679339458467,-1.1577388888888818,-1.0037051458157302,-0.009999999999999343,-0.7000000000000001,-0.7000000000000001,13.88888888888889,13.88888888888889
3,0.8,False,0,0.19999999999999962,1.0,1.0,True,14.401666666666667,-1.8925721055199274,-0.09638888888889152,0.39636402346349264,0.48,-0.8,-0.8,13.88888888888889,13.88888888888889,12.675166666666666,-3.696810375324101,0.19184444444443916,0.7751008888719664,-2.220446049250313e-16,-0.8,-0.8,13.88888888888889,13.88888888888889
3,0.9,True,2,0.0,1.0,1.0,True,14.201666666666668,-2.4415220969665468,-1.3700555555555622,-0.11515185672957107,-0.19999999999999996,-0.9,-0.9,13.88888888888889,13.88888888888889,14.801666666666668,-1.8742550205023347,-1.3075000000000037,0.6669802235349231,-0.02000000000000024,-0.9,-0.9,13.88888888888889,13.88888888888889
3,1.0,True,2,0.0,1.0,1.0,True,14.201666666666668,-2.8292952911190374,-0.2215166666666688,0.3923027015931435,0.10000000000000009,-1.0,-1.0,13.88888888888889,13.88888888888889,13.601666666666668,1.2360132844522136,-0.1927944444444476,-0.09765900763933022,0.0,-1.0,-1.0,13.88888888888889,13.88888888888889
3,1.1,False,0,0.4766849725411863,1.0,1.0,True,14.475166666666667,-1.61292126979039,0.47181666666666633,1.4089590772018146,0.28000000000000025,-1.1,-1.1,13.88888888888889,13.88888888888889,13.475166666666667,-3.451073611743527,0.555933333333333,-1.529716299877217,-0.0499999999999996,-1.1,-1.1,13.88888888888889,13.88888888888889
3,1.2000000000000002,False,0,0.13333333333333344,1.0,1.0,True,14.201666666666668,-0.8807437991631799,0.07488888888888656,-0.5793922933646458,0.04000000000000026,-1.2000000000000002,-1.2000000000000002,13.88888888888889,13.88888888888889,13.601666666666668,1.2793946811914525,0.10361111111110777,-1.4305067695149147,-0.07999999999999963,-1.2000000000000002,-1.2000000000000002,13.88888888888889,13.88888888888889
3,1.3,False,0,0.32250091810502945,1.0,1.0,True,14.075166666666666,-2.623719446191738,0.2993388888888875,-1.7727354577787109,-0.09000000000000008,-1.3,-1.3,13.88888888888889,13.88888888888889,14.075166666666666,-2.623719446191738,0.2993388888888875,-1.7727354577787109,-0.09000000000000008,-1.3,-1.3,13.88888888888889,13.88888888888889
3,1.4000000000000001,False,0,0.6928768329125057,1.0,1.0,True,14.475166666666667,-2.3567229066813438,1.1386499999999957,0.26550603892244284,0.33999999999999986,-1.4000000000000001,-1.4000000000000001,13.88888888888889,13.88888888888889,13.475166666666667,2.388933380546079,1.1827666666666632,-1.0611057308867335,-0.08000000000000007,-1.4000000000000001,-1.4000000000000001,13.88888888888889,13.88888888888889
3,1.5,False,0,0.5770529778313128,1.0,1.0,True,14.201666666666668,-3.39134029003256,0.9082222222222205,1.8978148081820545,0.10000000000000009,-1.5,-1.5,13.88888888888889,13.88888888888889,13.601666666666668,-1.5496013495078627,0.9369444444444399,1.9743484129310085,-0.04999999999999982,-1.5,-1.5,13.88888888888889,13.88888888888889
3,1.6,False,0,0.9245245430748911,1.0,1.0,True,14.054666666666666,-1.2960571919347759,1.6418999999999953,1.4491890158120726,0.16000000000000014,-1.6,-1.6,13.88888888888889,13.88888888888889,13.054666666666666,-1.0253964554282495,1.7687444444444411,-0.4929811478764847,-0.1599999999999997,-1.6,-1.6,13.88888888888889,13.88888888888889
3,1.7000000000000002,False,0,0.8087006879936983,1.0,1.0,True,14.475166666666667,-0.24045028355131404,1.4164277777777778,0.2831492906461581,0.2400000000000002,-1.7000000000000002,-1.7000000000000002,13.88888888888889,13.88888888888889,13.875166666666667,-0.511049709086211,1.4191722222222234,-1.4313989990806633,-0.09999999999999964,-1.7000000000000002,-1.7000000000000002,13.88888888888889,13.88888888888889
4,0.0,False,0,4.0,0.0,0.0,False,16.666666666666668,-3.8963457944661313,-4.266666666666711,1.2998228915331,1.6,0.0,0.0,13.88888888888889,13.88888888888889,,,,,,,,,
4,0.1,False,0,4.0,1.0,1.0,True,16.666666666666668,-2.0620701831003556,-4.266666666666711,2.5863377428621184,1.2999999999999998,-0.1,-0.1,13.88888888888889,13.88888888888889,16.666666666666668,35.266313661225055,32.122222222221765,0.9233111999892616,-0.00999999999999579,-0.1,-0.1,13.88888888888889,13.88888888888889
4,0.2,False,0,2.1000000000000063,1.0,1.0,True,15.907666666666668,-2.9972661434261196,-4.294861111111085,-0.30498384121509114,0.98,-0.2,-0.2,13.88888888888889,13.88888888888889,15.401666666666667,7.452514059221312,3.258749999999762,-0.929854710937484,-0.019999999999997353,-0.2,-0.2,13.88888888888889,13.88888888888889
4,0.30000000000000004,False,0,0.5333333333333293,1.0,1.0,True,16.287166666666668,-4.291858099657776,-4.191288888888923,1.434268825240835,0.6699999999999999,-0.30000000000000004,-0.30000000000000004,13.88888888888889,13.88888888888889,16.287166666666668,6.491842313672618,1.324749999999864,0.44964054683140287,-0.020000000000001572,-0.30000000000000004,-0.30000000000000004,13.88888888888889,13.88888888888889
4,0.4,True,1,0.0,1.0,1.0,True,16.287166666666668,-2.8982113323319636,-4.216588888888917,0.9070170629478271,0.35999999999999943,-0.4,-0.4,13.88888888888889,13.88888888888889,16.287166666666668,-1.1170073693154476,-2.058138888888922,-0.6897313520088977,-6.661338147750939e-16,-0.4,-0.4,13.88888888888889,13.88888888888889
4,0.5,False,0,0.5,1.0,1.0,True,14.201666666666668,0.43101332292480254,-0.768355555555547,1.3242721952932532,0.6000000000000001,-0.5,-0.5,13.88888888888889,13.88888888888889,12.201666666666666,-2.8718608865310555,0.7363111111111538,-0.636715133009575,0.0,-0.5,-0.5,13.88888888888889,13.88888888888889
4,0.6000000000000001,False,0,0.3666666666666677,1.0,1.0,True,14.001666666666667,-2.6411613174170894,-0.30732777777778164,0.5158164105962619,0.4600000000000004,-0.6000000000000001,-0.6000000000000001,13.88888888888889,13.88888888888889,12.275166666666665,-1.073066931610394,0.463650000000027,-1.2106412168671932,-0.019999999999999574,-0.6000000000000001,-0.6000000000000001,13.88888888888889,13.88888888888889
4,0.7000000000000001,False,0,0.5857142857142865,1.0,1.0,True,14.201666666666668,0.07281767450715737,0.15352777777777593,-0.5120958430767657,0.4100000000000006,-0.7000000000000001,-0.7000000000000001,13.88888888888889,13.88888888888889,13.001666666666667,-1.551827707693735,0.5658611111111158,0.4785109561468519,-0.009999999999999343,-0.7000000000000001,-0.7000000000000001,13.88888888888889,13.88888888888889
4,0.8,False,0,0.9000000000000002,1.0,1.0,True,14.475166666666667,-0.49892263894919164,1.0275388888888886,0.7269194233296363,0.56,-0.8,-0.8,13.88888888888889,13.88888888888889,12.675166666666666,1.4645115994176878,1.5171444444444449,0.36561888078870464,-2.220446049250313e-16,-0.8,-0.8,13.88888888888889,13.88888888888889
4,0.9,False,0,0.7777777777777775,1.0,1.0,True,14.001666666666667,-0.2619006655865297,1.043611111111109,0.24863622009139474,0.33999999999999986,-0.9,-0.9,13.88888888888889,13.88888888888889,13.075166666666666,-1.2206663906736201,1.2890999999999915,0.5550349305251574,-0.02000000000000024,-0.9,-0.9,13.88888888888889,13.88888888888889
4,1.0,False,0,0.8000000000000003,1.0,1.0,True,14.181166666666666,-1.5533893044560285,1.231638888888889,2.229397338788026,0.30000000000000027,-1.0,-1.0,13.88888888888889,13.88888888888889,13.581166666666666,1.9168674864538824,1.3239555555555542,-1.5860838668199706,0.0,-1.0,-1.0,13.88888888888889,13.88888888888889
4,1.1,False,0,0.5465472908800302,1.0,1.0,True,14.075166666666666,1.1208317205231113,0.7564333333333346,0.7016860922883708,-0.0499999999999996,-1.1,-1.1,13.88888888888889,13.88888888888889,14.075166666666666,1.1208317205231113,0.7564333333333346,0.7016860922883708,-0.0499999999999996,-1.1,-1.1,13.88888888888889,13.88888888888889
4,1.2000000000000002,False,0,0.9896213565785883,1.0,1.0,True,14.307666666666666,0.011255498429037836,1.7745444444444383,0.5617914822830907,0.28000000000000025,-1.2000000000000002,-1.2000000000000002,13.88888888888889,13.88888888888889,13.381166666666665,0.4789114014988636,1.886861111111103,-0.1370665185298141,-0.07999999999999963,-1.2000000000000002,-1.2000000000000002,13.88888888888889,13.88888888888889
4,1.3,False,0,0.7623711459612217,1.0,1.0,True,14.054666666666666,-0.8536745359107831,1.2695888888888875,-1.1738589258432353,-0.09000000000000008,-1.3,-1.3,13.88888888888889,13.88888888888889,14.054666666666666,-0.8536745359107831,1.2695888888888875,-1.1738589258432353,-0.09000000000000008,-1.3,-1.3,13.88888888888889,13.88888888888889
4,1.4000000000000001,False,0,0.9896213565785883,1.0,1.0,True,14.475166666666667,-0.272793037448138,1.8608722222222207,0.9198552905084254,0.19999999999999973,-1.4000000000000001,-1.4000000000000001,13.88888888888889,13.88888888888889,13.475166666666667,-0.6637290043890891,1.9036166666666618,-0.30697611420811377,-0.08000000000000007,-1.4000000000000001,-1.4000000000000001,13.88888888888889,13.88888888888889
4,1.5,False,0,1.1991639251513944,1.0,1.0,True,14.201666666666666,2.606361214168728,2.372499999999998,1.1846694246382778,0.25,-1.5,-1.5,13.88888888888889,13.88888888888889,13.401666666666666,1.2046694034344307,2.4299444444444456,0.43251662772853594,-0.04999999999999982,-1.5,-1.5,13.88888888888889,13.88888888888889
4,1.6,False,0,1.1991639251513944,1.0,1.0,True,14.201666666666666,0.5014270423583893,2.372499999999998,0.11058644068880863,0.16000000000000014,-1.6,-1.6,13.88888888888889,13.88888888888889,13.401666666666666,-1.0431548676178641,2.4299444444444456,-1.7422954936060595,-0.1599999999999997,-1.6,-1.6,13.88888888888889,13.88888888888889
4,1.7000000000000002,False,0,1.3039352094377974,1.0,1.0,True,13.907666666666666,-1.4347177762428673,2.605999999999997,2.557603112974173,0.07000000000000028,-1.7000000000000002,-1.7000000000000002,13.88888888888889,13.88888888888889,13.381166666666665,0.8774057479617179,2.656772222222224,-0.7875874640285236,-0.09999999999999964,-1.7000000000000002,-1.7000000000000002,13.88888888888889,13.88888888888889
5,0.0,False,0,4.0,1.0,1.0,True,16.666666666666668,-2.660385414741998,-4.16666666666661,3.063913760324976,1.6,0.0,0.0,13.88888888888889,13.88888888888889,,,,,,,,,
5,0.1,False,0,4.0,1.0,1.0,True,16.666666666666668,-3.2658449357072454,-4.16666666666661,1.363595002372187,1.27,-0.1,-0.1,13.88888888888889,13.88888888888889,16.666666666666668,34.60722403570573,31.12222222222176,1.1338448110303898,-0.00999999999999579,-0.1,-0.1,13.88888888888889,13.88888888888889
5,0.2,False,0,1.2000000000000077,1.0,1.0,True,15.401666666666667,-1.7118428395370513,-4.264211111111041,2.172044140829955,0.7999999999999998,-0.2,-0.2,13.88888888888889,13.88888888888889,15.401666666666667,1.1589382050295685,1.8665999999997327,-0.24495506542402268,-0.019999999999997353,-0.2,-0.2,13.88888888888889,13.88888888888889
5,0.30000000000000004,False,0,0.43333333333332846,1.0,1.0,True,16.666666666666668,-1.859960054580081,-4.16666666666661,1.611914096222701,0.6099999999999999,-0.30000000000000004,-0.30000000000000004,13.88888888888889,13.88888888888889,16.540166666666668,4.902441666590431,1.1596499999998402,0.872032667376081,-0.020000000000001572,-0.30000000000000004,-0.30000000000000004,13.88888888888889,13.88888888888889
5,0.4,False,0,0.9999999999999987,1.0,1.0,True,14.201666666666668,-2.3234565141778374,-0.5257888888888784,1.2175894573899604,0.6799999999999997,-0.4,-0.4,13.88888888888889,13.88888888888889,11.601666666666667,-2.3007161914549554,1.482488888888935,-1.4669002474779977,-6.661338147750939e-16,-0.4,-0.4,13.88888888888889,13.88888888888889
5,0.5,False,0,0.0,1.0,1.0,True,14.201666666666668,-1.000496919320649,-0.708866666666661,0.7341611293592978,0.3999999999999999,-0.5,-0.5,13.88888888888889,13.88888888888889,12.401666666666667,-1.271203787065832,-0.07908888888885723,-0.619851863658909,0.0,-0.5,-0.5,13.88888888888889,13.88888888888889
5,0.6000000000000001,False,0,0.5666666666666671,1.0,1.0,True,14.201666666666668,-0.9948080366080658,0.15301666666667035,-0.5076442615468286,0.3400000000000003,-0.6000000000000001,-0.6000000000000001,13.88888888888889,13.88888888888889,13.201666666666668,-1.5384317760407056,0.4853500000000226,1.7659863730158198,-0.019999999999999574,-0.6000000000000001,-0.6000000000000001,13.88888888888889,13.88888888888889
5,0.7000000000000001,False,0,1.2857142857142854,1.0,1.0,True,14.181166666666666,-0.005337924109542591,1.966511111111111,3.6918671049955587,0.6200000000000001,-0.7000000000000001,-0.7000000000000001,13.88888888888889,13.88888888888889,12.454666666666665,1.1468175204093898,2.6973111111111168,-0.3011664102506877,-0.009999999999999343,-0.7000000000000001,-0.7000000000000001,13.88888888888889,13.88888888888889
5,0.8,False,0,1.0000000000000002,1.0,1.0,True,14.181166666666666,1.2589335329099827,1.688733333333336,-0.17112826489449207,0.3999999999999999,-0.8,-0.8,13.88888888888889,13.88888888888889,12.581166666666665,-2.817632698530246,2.0225944444444517,-0.25775830859320825,-2.220446049250313e-16,-0.8,-0.8,13.88888888888889,13.88888888888889
5,0.9,False,0,0.8371400773703345,1.0,1.0,True,14.001666666666667,-0.8487670738392827,1.5007055555555562,0.11026578396214948,0.1599999999999997,-0.9,-0.9,13.88888888888889,13.88888888888889,13.075166666666666,-0.6923701337325125,1.6234499999999956,0.16849510843475324,-0.02000000000000024,-0.9,-0.9,13.88888888888889,13.88888888888889
5,1.0,False,0,1.2620266957232351,1.0,1.0,True,14.401666666666667,-1.4774589229567807,2.6104444444444406,0.2703871702250207,0.5,-1.0,-1.0,13.88888888888889,13.88888888888889,13.875166666666667,3.4388381812151083,2.6173055555555544,-1.2325101365994593,0.0,-1.0,-1.0,13.88888888888889,13.88888888888889
5,1.1,False,0,1.2620266957232351,1.0,1.0,True,13.907666666666666,-1.4165814655729703,2.4948888888888847,-1.5867807467810557,0.17000000000000037,-1.1,-1.1,13.88888888888889,13.88888888888889,12.981166666666665,0.9292806068446327,2.63643333333333,0.4189172679637321,-0.0499999999999996,-1.1,-1.1,13.88888888888889,13.88888888888889
5,1.2000000000000002,False,0,1.4715692642960412,1.0,1.0,True,14.054666666666666,1.1940668247205073,3.1029222222222215,0.6439627054897477,0.3999999999999999,-1.2000000000000002,-1.2000000000000002,13.88888888888889,13.88888888888889,13.654666666666666,2.1191375063451696,3.1966111111111077,0.5665956074088494,-0.07999999999999963,-1.2000000000000002,-1.2000000000000002,13.88888888888889,13.88888888888889
5,1.3,False,0,1.2620266957232351,1.0,1.0,True,14.201666666666668,1.2450136658254332,2.63044444444444,2.8049407357863827,0.16999999999999993,-1.3,-1.3,13.88888888888889,13.88888888888889,13.801666666666668,-2.570483886771597,2.6478888888888834,-1.216333107721053,-0.09000000000000008,-1.3,-1.3,13.88888888888889,13.88888888888889
5,1.4000000000000001,False,0,1.1572554114368327,1.0,1.0,True,14.054666666666666,0.279586020841589,2.2695888888888875,0.0280658392272235,-0.21999999999999975,-1.4000000000000001,-1.4000000000000001,13.88888888888889,13.88888888888889,14.581166666666666,-0.8056907504908599,2.286166666666664,-0.3850482856726116,-0.08000000000000007,-1.4000000000000001,-1.4000000000000001,13.88888888888889,13.88888888888889
5,1.5,False,0,1.3667979800096388,1.0,1.0,True,13.981166666666667,0.6153068334997984,2.6906166666666644,-0.22093587275500903,-0.19999999999999996,-1.5,-1.5,13.88888888888889,13.88888888888889,14.381166666666667,1.1401414102924088,2.699844444444442,0.7725014469865954,-0.04999999999999982,-1.5,-1.5,13.88888888888889,13.88888888888889
5,1.6,False,0,1.6811118328688466,1.0,1.0,True,13.981166666666667,2.5624004159457074,3.685827777777779,0.7938077112515693,0.3200000000000003,-1.6,-1.6,13.88888888888889,13.88888888888889,12.781166666666666,1.8114086614241325,3.8981444444444415,-1.343533255373778,-0.1599999999999997,-1.6,-1.6,13.88888888888889,13.88888888888889
5,1.7000000000000002,False,0,1.7906544014416526,1.0,1.0,True,13.907666666666666,2.8386693703464454,3.8964277777777783,1.3724760073829425,0.2400000000000002,-1.7000000000000002,-1.7000000000000002,13.88888888888889,13.88888888888889,13.507666666666665,2.614020561189336,3.972672222222223,-0.9457776276147207,-0.09999999999999964,-1.7000000000000002,-1.7000000000000002,13.88888888888889,13.88888888888889
6,0.0,False,0,4.0,1.0,1.0,True,16.666666666666668,2.00193337806508,-4.27777777777771,2.4847055567434,1.6,0.0,0.0,13.88888888888889,13.88888888888889,,,,,,,,,
6,0.1,False,0,4.0,1.0,1.0,True,16.666666666666668,-3.453883861787669,-4.27777777777771,0.8023287951992217,1.23,-0.1,-0.1,13.88888888888889,13.88888888888889,16.666666666666668,31.756751542310734,30.12222222222176,-0.307427966970212,-0.00999999999999579,-0.1,-0.1,13.88888888888889,13.88888888888889
6,0.2,False,0,2.8000000000000025,1.0,1.0,True,16.666666666666668,-2.7634517880002347,-4.27777777777771,1.2232870211785531,0.8599999999999999,-0.2,-0.2,13.88888888888889,13.88888888888889,16.666666666666668,10.459972224123998,7.899999999999975,1.3989538863166486,-0.019999999999997353,-0.2,-0.2,13.88888888888889,13.88888888888889
6,0.30000000000000004,True,1,0.0,1.0,1.0,True,15.907666666666668,-1.3743262192628576,-4.275688888888854,0.8685223242122233,0.3699999999999992,-0.30000000000000004,-0.30000000000000004,13.88888888888889,13.88888888888889,15.401666666666667,0.3633304841361822,-2.2565000000000905,-1.7941700747655196,-0.020000000000001572,-0.30000000000000004,-0.30000000000000004,13.88888888888889,13.88888888888889
6,0.4,False,0,1.5999999999999992,1.0,1.0,True,14.401666666666667,-0.988548299240871,0.1890833333333406,-1.006738524991213,0.6399999999999997,-0.4,-0.4,13.88888888888889,13.88888888888889,12.675166666666666,1.6203865771772827,1.2510388888889397,0.8502246891771663,-6.661338147750939e-16,-0.4,-0.4,13.88888888888889,13.88888888888889
6,0.5,False,0,1.4000000000000004,1.0,1.0,True,14.475166666666667,-2.5944478115607863,1.3608722222222172,2.969906704284972,0.6499999999999999,-0.5,-0.5,13.88888888888889,13.88888888888889,11.875166666666665,1.0783455900428125,2.5387111111111524,-1.5510671530097202,0.0,-0.5,-0.5,13.88888888888889,13.88888888888889
6,0.6000000000000001,False,0,1.5666666666666664,1.0,1.0,True,14.075166666666666,-0.009014940013872597,2.710455555555563,0.0889503929115496,0.6400000000000001,-0.6000000000000001,-0.6000000000000001,13.88888888888889,13.88888888888889,12.348666666666665,1.805866119696117,3.644700000000012,0.6836720488136776,-0.019999999999999574,-0.6000000000000001,-0.6000000000000001,13.88888888888889,13.88888888888889
6,0.7000000000000001,False,0,1.480479047464614,1.0,1.0,True,13.907666666666666,1.5723675965192898,2.939333333333331,0.37763290937972416,0.5500000000000003,-0.7000000000000001,-0.7000000000000001,13.88888888888889,13.88888888888889,12.707666666666665,1.2733125270821022,3.4443111111111238,-0.9270763288758643,-0.009999999999999343,-0.7000000000000001,-0.7000000000000001,13.88888888888889,13.88888888888889
6,0.8,False,0,1.639203319154285,1.0,1.0,True,14.201666666666666,2.2040693617231684,3.539166666666664,2.043220840805791,0.6400000000000001,-0.8,-0.8,13.88888888888889,13.88888888888889,13.401666666666666,2.50083865234926,3.688944444444446,-1.1647809633698665,-2.220446049250313e-16,-0.8,-0.8,13.88888888888889,13.88888888888889
6,0.9,False,0,1.639203319154285,1.0,1.0,True,14.307666666666666,-0.8694765791676025,3.4967666666666632,1.4897175253271961,0.52,-0.9,-0.9,13.88888888888889,13.88888888888889,13.381166666666665,0.9866201563066364,3.641399999999991,-0.528171215804716,-0.02000000000000024,-0.9,-0.9,13.88888888888889,13.88888888888889
6,1.0,False,0,1.5344320348678826,1.0,1.0,True,14.075166666666666,-0.6002974034931681,3.2740388888888896,1.2038744918306405,0.30000000000000027,-1.0,-1.0,13.88888888888889,13.88888888888889,13.075166666666666,3.7066275354219913,3.478155555555557,0.7512543335748183,0.0,-1.0,-1.0,13.88888888888889,13.88888888888889
6,1.1,False,0,1.639203319154285,1.0,1.0,True,14.181166666666666,1.8254304209564127,3.5347166666666654,1.9006556196227349,0.28000000000000025,-1.1,-1.1,13.88888888888889,13.88888888888889,12.981166666666665,2.5284138700816756,3.687033333333333,-0.8812050839359393,-0.0499999999999996,-1.1,-1.1,13.88888888888889,13.88888888888889
6,1.2000000000000002,False,0,1.7439746034406887,1.0,1.0,True,14.201666666666666,0.3597000907340169,3.816944444444439,1.4221274933966317,0.28000000000000025,-1.2000000000000002,-1.2000000000000002,13.88888888888889,13.88888888888889,13.001666666666665,0.5905687287503563,3.9631111111111084,-0.4857802297097138,-0.07999999999999963,-1.2000000000000002,-1.2000000000000002,13.88888888888889,13.88888888888889
6,1.3,False,0,1.7439746034406887,1.0,1.0,True,14.181166666666666,2.9742677649155036,3.787194444444439,0.12221239491410163,0.16999999999999993,-1.3,-1.3,13.88888888888889,13.88888888888889,13.381166666666665,1.1116348308695594,3.8487388888888825,-0.009597695030645781,-0.09000000000000008,-1.3,-1.3,13.88888888888889,13.88888888888889
6,1.4000000000000001,False,0,1.639203319154285,1.0,1.0,True,13.981166666666667,1.2035664940316702,3.5747166666666645,0.08702692677817714,-0.08000000000000007,-1.4000000000000001,-1.4000000000000001,13.88888888888889,13.88888888888889,13.981166666666667,1.2035664940316702,3.5747166666666645,0.08702692677817714,-0.08000000000000007,-1.4000000000000001,-1.4000000000000001,13.88888888888889,13.88888888888889
6,1.5,False,0,1.7439746034406887,1.0,1.0,True,13.907666666666666,1.0878141377927877,3.7726666666666597,-1.7825336764776423,-0.19999999999999996,-1.5,-1.5,13.88888888888889,13.88888888888889,14.307666666666666,2.681345307628967,3.7745444444444383,-0.4499363892770192,-0.04999999999999982,-1.5,-1.5,13.88888888888889,13.88888888888889
6,1.6,False,0,1.848745887727091,1.0,1.0,True,13.907666666666666,3.861446208580319,4.050444444444442,0.21912424411897602,-0.1599999999999997,-1.6,-1.6,13.88888888888889,13.88888888888889,13.907666666666666,3.861446208580319,4.050444444444442,0.21912424411897602,-0.1599999999999997,-1.6,-1.6,13.88888888888889,13.88888888888889
6,1.7000000000000002,False,0,1.953517172013494,1.0,0.5125333557586697,True,13.907666666666666,1.09249104510877,4.328222222222224,0.38861117043350824,-0.09999999999999964,-1.7000000000000002,-1.7000000000000002,13.88888888888889,13.88888888888889,13.907666666666666,1.09249104510877,4.328222222222224,0.38861117043350824,-0.09999999999999964,-1.7000000000000002,-1.7000000000000002,13.88888888888889,13.88888888888889
7,0.0,False,0,4.0,1.0,1.0,True,16.666666666666668,-3.049103248522729,-4.211111111111182,1.5576357403628265,1.6,0.0,0.0,13.88888888888889,13.88888888888889,,,,,,,,,
7,0.1,False,0,4.0,1.0,1.0,True,16.666666666666668,-1.2996427106757436,-4.211111111111182,1.240890732886215,1.19,-0.1,-0.1,13.88888888888889,13.88888888888889,16.666666666666668,28.853721480172236,29.12222222222176,0.25620777908412196,-0.00999999999999579,-0.1,-0.1,13.88888888888889,13.88888888888889
7,0.2,False,0,2.4000000000000044,1.0,1.0,True,16.666666666666668,-1.5197923830454014,-4.211111111111182,0.5568151732696411,0.7799999999999998,-0.2,-0.2,13.88888888888889,13.88888888888889,16.666666666666668,9.736144810766358,6.899999999999975,1.2022950714521352,-0.019999999999997353,-0.2,-0.2,13.88888888888889,13.88888888888889
7,0.30000000000000004,False,0,2.933333333333334,1.0,1.0,True,14.201666666666668,-2.658785407172398,0.9313055555555723,1.4076876447296098,0.8500000000000001,-0.30000000000000004,-0.30000000000000004,13.88888888888889,13.88888888888889,9.185715730442988,8.250050482527836,8.915861947083553,1.3066583358462922,-0.020000000000001572,-0.30000000000000004,-0.30000000000000004,13.88888888888889,13.88888888888889
7,0.4,True,2,0.0,1.0,1.0,True,14.201666666666668,-1.6488082609080719,-1.9603222222221701,-0.12516939942773475,0.1999999999999993,-0.4,-0.4,13.88888888888889,13.88888888888889,13.201666666666668,-2.621207908461609,-1.6967111111110595,-0.6647279170640208,-6.661338147750939e-16,-0.4,-0.4,13.88888888888889,13.88888888888889
7,0.5,False,0,1.9000000000000004,1.0,1.0,True,14.381166666666667,-1.4015226881419975,3.233005555555562,-0.8545442213207091,0.8000000000000003,-0.5,-0.5,13.88888888888889,13.88888888888889,11.381166666666665,3.920005032667828,5.685361111111132,-0.9039411738782253,0.0,-0.5,-0.5,13.88888888888889,13.88888888888889
7,0.6000000000000001,False,0,1.5499733605133312,1.0,1.0,True,14.201666666666668,4.140957775189865,3.2415555555555615,1.9251922738955023,0.6400000000000001,-0.6000000000000001,-0.6000000000000001,13.88888888888889,13.88888888888889,11.401666666666666,4.30709564610233,4.377500000000009,0.3987616380328971,-0.019999999999999574,-0.6000000000000001,-0.6000000000000001,13.88888888888889,13.88888888888889
7,0.7000000000000001,False,0,1.597294805439726,1.0,1.0,True,14.307666666666666,-3.377426595465603,3.303777777777783,-0.3597684127245919,0.4100000000000006,-0.7000000000000001,-0.7000000000000001,13.88888888888889,13.88888888888889,12.981166666666665,1.4302320037188254,3.488411111111131,-0.4777718837205409,-0.009999999999999343,-0.7000000000000001,-0.7000000000000001,13.88888888888889,13.88888888888889
7,0.8,False,0,1.80683737401253,1.0,1.0,True,14.307666666666666,0.0006828806232386242,3.9412111111111097,0.6815434536224392,0.48,-0.8,-0.8,13.88888888888889,13.88888888888889,13.381166666666665,4.153263404879486,4.125844444444444,-0.029204532064023958,-2.220446049250313e-16,-0.8,-0.8,13.88888888888889,13.88888888888889
7,0.9,False,0,2.016379942585335,1.0,1.0,True,14.201666666666666,3.8764056780755043,4.539166666666664,-0.25910321061143193,0.52,-0.9,-0.9,13.88888888888889,13.88888888888889,13.801666666666666,5.5880059643580475,4.59149999999999,-0.5672301856770137,-0.02000000000000024,-0.9,-0.9,13.88888888888889,13.88888888888889
7,1.0,False,0,1.9116086582989325,1.0,1.0,True,14.181166666666666,2.206754257084154,4.231638888888889,1.1951721923652143,0.30000000000000027,-1.0,-1.0,13.88888888888889,13.88888888888889,13.381166666666665,3.112980597474892,4.303955555555558,1.0853114039152012,0.0,-1.0,-1.0,13.88888888888889,13.88888888888889
7,1.1,False,0,2.1199999999999983,1.0,1.0,True,13.907666666666666,1.7398282607846705,4.77266666666666,-1.4421760827509174,0.28000000000000025,-1.1,-1.1,13.88888888888889,13.88888888888889,13.107666666666665,5.721700270056279,4.927033333333331,0.7813884421720099,-0.0499999999999996,-1.1,-1.1,13.88888888888889,13.88888888888889
7,1.2000000000000002,False,0,2.1199999999999983,1.0,1.0,True,14.181166666666666,5.203523554514189,4.81249444444444,1.1288489858405106,0.28000000000000025,-1.2000000000000002,-1.2000000000000002,13.88888888888889,13.88888888888889,13.381166666666665,1.0145339966009823,4.924811111111105,-0.054284807829622306,-0.07999999999999963,-1.2000000000000002,-1.2000000000000002,13.88888888888889,13.88888888888889
7,1.3,False,0,2.1199999999999983,1.0,1.0,True,13.907666666666666,5.076820847412834,4.77266666666666,-0.34376332112661157,0.039999999999999813,-1.3,-1.3,13.88888888888889,13.88888888888889,13.507666666666665,3.243538689578597,4.810788888888884,-1.8801930168289223,-0.09000000000000008,-1.3,-1.3,13.88888888888889,13.88888888888889
7,1.4000000000000001,False,0,2.1199999999999983,1.0,1.0,True,13.907666666666666,1.054390739681435,4.77266666666666,0.33388282747138387,-0.08000000000000007,-1.4000000000000001,-1.4000000000000001,13.88888888888889,13.88888888888889,13.907666666666666,1.054390739681435,4.77266666666666,0.33388282747138387,-0.08000000000000007,-1.4000000000000001,-1.4000000000000001,13.88888888888889,13.88888888888889
7,1.5,False,0,2.016379942585335,1.0,1.0,True,13.907666666666666,-2.657806501872474,4.494888888888885,-0.8639337713813515,-0.34999999999999987,-1.5,-1.5,13.88888888888889,13.88888888888889,14.707666666666666,4.471606111248591,4.538644444444441,1.069151032821197,-0.04999999999999982,-1.5,-1.5,13.88888888888889,13.88888888888889
7,1.6,False,0,2.419999999999999,1.0,0.4120593025675971,True,13.907666666666666,4.587291112724656,5.605999999999997,-0.44021580327998944,0.16000000000000014,-1.6,-1.6,13.88888888888889,13.88888888888889,13.107666666666665,0.5009359598636118,5.722244444444443,0.1859341321859671,-0.1599999999999997,-1.6,-1.6,13.88888888888889,13.88888888888889
7,1.7000000000000002,False,0,2.3199999999999994,1.0,1.0,True,13.907666666666666,4.580457321585116,5.328222222222224,1.5566190012305285,-0.09999999999999964,-1.7000000000000002,-1.7000000000000002,13.88888888888889,13.88888888888889,13.907666666666666,4.580457321585116,5.328222222222224,1.5566190012305285,-0.09999999999999964,-1.7000000000000002,-1.7000000000000002,13.88888888888889,13.88888888888889
8,0.0,False,0,4.0,1.0,1.0,True,16.666666666666668,-3.0170005119161685,-4.22222222222216,2.597787299554826,1.6,0.0,0.0,13.88888888888889,13.88888888888889,,,,,,,,,
8,0.1,False,0,4.0,1.0,1.0,True,16.540166666666668,-0.549067251000511,-4.21385000000011,1.6105577408982632,1.15,-0.1,-0.1,13.88888888888889,13.88888888888889,16.540166666666668,28.00527647726845,26.540972222222944,-0.04005805926183292,-0.00999999999999579,-0.1,-0.1,13.88888888888889,13.88888888888889
8,0.2,False,0,2.7000000000000024,1.0,1.0,True,14.201666666666668,-1.3696185419191833,-0.9850999999999557,-0.4548424877530608,0.8799999999999994,-0.2,-0.2,13.88888888888889,13.88888888888889,8.801666666666664,6.784225679315694,6.4674000000001515,0.3821970225368907,-0.019999999999997353,-0.2,-0.2,13.88888888888889,13.88888888888889
8,0.30000000000000004,True,2,0.0,1.0,1.0,True,14.201666666666668,-1.016892956199416,-2.209538888888818,1.7410241222402019,0.3699999999999992,-0.30000000000000004,-0.30000000000000004,13.88888888888889,13.88888888888889,12.401666666666667,-2.586515915043921,-1.316149999999939,-0.12720981170527512,-0.020000000000001572,-0.30000000000000004,-0.30000000000000004,13.88888888888889,13.88888888888889
8,0.4,False,0,1.6999999999999993,1.0,1.0,True,14.401666666666667,-0.4309400401270791,1.9113055555555691,0.5523897427814872,0.5999999999999996,-0.4,-0.4,13.88888888888889,13.88888888888889,11.075166666666664,3.844967698552698,3.251888888888918,0.3394503211613955,-6.661338147750939e-16,-0.4,-0.4,13.88888888888889,13.88888888888889
8,0.5,False,0,1.9000000000000004,1.0,1.0,True,13.907666666666666,2.6997853641759244,3.828222222222217,-0.24931738644229995,0.6499999999999999,-0.5,-0.5,13.88888888888889,13.88888888888889,11.507666666666664,3.3884986010243567,5.563811111111126,-0.6963144900483651,0.0,-0.5,-0.5,13.88888888888889,13.88888888888889
8,0.6000000000000001,False,0,2.38,1.0,1.0,True,13.907666666666666,4.0267233227895725,5.494888888888885,-0.03158929823026435,0.8200000000000003,-0.6000000000000001,-0.6000000000000001,13.88888888888889,13.88888888888889,11.907666666666664,5.784395954156008,6.98860000000001,0.904518983918758,-0.019999999999999574,-0.6000000000000001,-0.6000000000000001,13.88888888888889,13.88888888888889
8,0.7000000000000001,False,0,1.9744714288707759,1.0,1.0,True,13.907666666666666,5.822841947043586,4.383777777777781,-0.6551906867266744,0.4100000000000006,-0.7000000000000001,-0.7000000000000001,13.88888888888889,13.88888888888889,12.307666666666664,5.036159039047523,4.972511111111129,0.21706373689800884,-0.009999999999999343,-0.7000000000000001,-0.7000000000000001,13.88888888888889,13.88888888888889
8,0.8,False,0,2.0792427131571762,1.0,1.0,True,13.907666666666666,-0.40742653664790307,4.66155555555556,0.8285107074380975,0.31999999999999984,-0.8,-0.8,13.88888888888889,13.88888888888889,12.981166666666665,1.6600533842809115,4.984644444444453,-1.06756113435914,-2.220446049250313e-16,-0.8,-0.8,13.88888888888889,13.88888888888889
8,0.9,False,0,2.1799999999999993,1.0,1.0,True,13.907666666666666,1.1386222656497447,4.939333333333331,0.5390460315189967,0.24999999999999956,-0.9,-0.9,13.88888888888889,13.88888888888889,13.107666666666665,2.880347254524616,5.133699999999998,-0.22582870291061363,-0.02000000000000024,-0.9,-0.9,13.88888888888889,13.88888888888889
8,1.0,False,0,2.38,1.0,0.0,True,13.907666666666666,2.212970278940717,5.494888888888885,0.06677223758812567,0.30000000000000027,-1.0,-1.0,13.88888888888889,13.88888888888889,13.507666666666665,2.19845435920631,5.609255555555561,0.9752744643650231,0.0,-1.0,-1.0,13.88888888888889,13.88888888888889
8,1.1,False,0,2.5030991345891915,1.0,0.0,True,13.907666666666666,3.057610726694528,5.7853166666666604,1.337120119971091,0.28000000000000025,-1.1,-1.1,13.88888888888889,13.88888888888889,13.107666666666665,4.941490340399963,5.939683333333332,1.6056287728099696,-0.0499999999999996,-1.1,-1.1,13.88888888888889,13.88888888888889
8,1.2000000000000002,False,0,2.38,1.0,1.0,True,13.907666666666666,2.9792397480484434,5.494888888888885,1.5719700733826385,0.04000000000000026,-1.2000000000000002,-1.2000000000000002,13.88888888888889,13.88888888888889,13.507666666666665,0.4349912246851213,5.533011111111109,0.06637425397881591,-0.07999999999999963,-1.2000000000000002,-1.2000000000000002,13.88888888888889,13.88888888888889
8,1.3,False,0,2.479999999999998,1.0,1.0,True,13.907666666666666,3.5183864680886083,5.77266666666666,0.1346319057053944,0.039999999999999813,-1.3,-1.3,13.88888888888889,13.88888888888889,13.507666666666665,5.918800404500431,5.810788888888884,0.326438732793243,-0.09000000000000008,-1.3,-1.3,13.88888888888889,13.88888888888889
8,1.4000000000000001,False,0,2.6799999999999993,1.0,1.0,True,13.907666666666666,5.041216414063737,6.328222222222224,0.19790216705667563,0.19999999999999973,-1.4000000000000001,-1.4000000000000001,13.88888888888889,13.88888888888889,13.507666666666665,4.255068443519741,6.404466666666669,-1.489137137519231,-0.08000000000000007,-1.4000000000000001,-1.4000000000000001,13.88888888888889,13.88888888888889
8,1.5,False,0,2.38,1.0,1.0,True,13.907666666666666,2.551017722289253,5.494888888888885,0.5727925055746761,-0.34999999999999987,-1.5,-1.5,13.88888888888889,13.88888888888889,14.707666666666666,1.6252834119256727,5.538644444444441,-0.564892738282762,-0.04999999999999982,-1.5,-1.5,13.88888888888889,13.88888888888889
8,1.6,False,0,2.6799999999999993,1.0,0.0,True,13.907666666666666,6.367484139108702,6.328222222222224,0.4537932431010643,2.220446049250313e-16,-1.6,-1.6,13.88888888888889,13.88888888888889,13.507666666666665,2.600374788844353,6.366344444444445,2.4744660341318716,-0.1599999999999997,-1.6,-1.6,13.88888888888889,13.88888888888889
8,1.7000000000000002,False,0,2.779999999999999,1.0,0.0,True,13.907666666666666,4.335461284178964,6.605999999999997,0.3905069939478296,0.07000000000000028,-1.7000000000000002,-1.7000000000000002,13.88888888888889,13.88888888888889,13.507666666666665,2.3399595631834176,6.644122222222223,0.07492957279294998,-0.09999999999999964,-1.7000000000000002,-1.7000000000000002,13.88888888888889,13.88888888888889
9,0.0,False,0,4.0,1.0,0.0,True,16.666666666666668,-1.1421349782507688,-4.266666666666711,3.1323188611099675,1.6,0.0,0.0,13.88888888888889,13.88888888888889,,,,,,,,,
9,0.1,False,0,4.0,1.0,1.0,True,16.287166666666668,-2.304123247896615,-4.191811111111266,4.061202182206268,1.1,-0.1,-0.1,13.88888888888889,13.88888888888889,16.287166666666668,22.037088845364092,22.42907222222159,0.9061115143640497,-0.00999999999999579,-0.1,-0.1,13.88888888888889,13.88888888888889
9,0.2,False,0,4.0,1.0,1.0,True,14.075166666666666,-0.26787878465296,0.9208833333333546,1.7213583216258135,0.94,-0.2,-0.2,13.88888888888889,13.88888888888889,9.41517350617801,11.798312899799978,12.868446725839629,0.5679228703747903,-0.019999999999997353,-0.2,-0.2,13.88888888888889,13.88888888888889
9,0.30000000000000004,False,0,2.833333333333333,1.0,1.0,True,14.181166666666666,1.2195109384108465,2.405999999999989,0.8620678532700996,0.7900000000000005,-0.30000000000000004,-0.30000000000000004,13.88888888888889,13.88888888888889,11.381166666666664,1.3467170813285891,4.696850000000095,0.8277147312144462,-0.020000000000001572,-0.30000000000000004,-0.30000000000000004,13.88888888888889,13.88888888888889
9,0.4,False,0,2.6,1.0,1.0,True,14.181166666666666,1.3420934620087808,4.8554,0.7101264275497576,0.8799999999999999,-0.4,-0.4,13.88888888888889,13.88888888888889,11.381166666666664,6.346863964898799,7.532388888888943,0.626963536338653,-6.661338147750939e-16,-0.4,-0.4,13.88888888888889,13.88888888888889
9,0.5,False,0,2.4399999999999995,1.0,1.0,True,13.907666666666666,4.692664024065139,5.66155555555556,0.45491228201206146,0.8000000000000003,-0.5,-0.5,13.88888888888889,13.88888888888889,11.107666666666663,6.312504668883986,8.071511111111139,0.06050394443501972,0.0,-0.5,-0.5,13.88888888888889,13.88888888888889
9,0.6000000000000001,False,0,2.3399999999999985,1.0,1.0,True,13.907666666666666,-0.05874089550240935,5.383777777777781,0.9252495435378427,0.5800000000000005,-0.6000000000000001,-0.6000000000000001,13.88888888888889,13.88888888888889,11.781166666666664,6.751232586002101,6.891500000000012,0.0997882311473226,-0.019999999999999574,-0.6000000000000001,-0.6000000000000001,13.88888888888889,13.88888888888889
9,0.7000000000000001,False,0,2.7399999999999998,1.0,0.0,True,13.907666666666666,3.323048220660753,6.494888888888885,0.41422300558996605,0.69,-0.7000000000000001,-0.7000000000000001,13.88888888888889,13.88888888888889,13.107666666666665,5.626939850310348,6.916111111111133,0.30289169356376533,-0.009999999999999343,-0.7000000000000001,-0.7000000000000001,13.88888888888889,13.88888888888889
9,0.8,False,0,2.7399999999999998,1.0,1.0,True,13.907666666666666,3.3962083169019808,6.494888888888885,-0.5849732010069477,0.56,-0.8,-0.8,13.88888888888889,13.88888888888889,12.307666666666664,8.626063301444749,7.281744444444446,0.1529785024318846,-2.220446049250313e-16,-0.8,-0.8,13.88888888888889,13.88888888888889
9,0.9,False,0,2.7399999999999998,1.0,0.0,True,13.907666666666666,5.187069409834732,6.494888888888885,-0.44757405167670816,0.4299999999999997,-0.9,-0.9,13.88888888888889,13.88888888888889,12.707666666666665,6.839749872392827,6.885499999999998,0.7867301174317394,-0.02000000000000024,-0.9,-0.9,13.88888888888889,13.88888888888889
9,1.0,False,0,2.839999999999998,1.0,1.0,True,14.181166666666666,4.393588202280029,6.787194444444439,1.7262989968252511,0.5,-1.0,-1.0,13.88888888888889,13.88888888888889,12.981166666666665,5.643974924512819,6.961055555555554,-0.6180277905594262,0.0,-1.0,-1.0,13.88888888888889,13.88888888888889
9,1.1,False,0,2.839999999999998,1.0,0.0,True,13.907666666666666,7.076244352963543,6.77266666666666,1.233750405611819,0.28000000000000025,-1.1,-1.1,13.88888888888889,13.88888888888889,13.507666666666665,1.3113302983234378,6.887033333333332,0.08994121275261291,-0.0499999999999996,-1.1,-1.1,13.88888888888889,13.88888888888889
9,1.2000000000000002,False,0,2.839999999999998,1.0,1.0,True,13.907666666666666,5.4721580445595075,6.77266666666666,0.09722880783420318,0.16000000000000014,-1.2000000000000002,-1.2000000000000002,13.88888888888889,13.88888888888889,13.107666666666665,7.511988143910924,6.888911111111104,0.5494449937796868,-0.07999999999999963,-1.2000000000000002,-1.2000000000000002,13.88888888888889,13.88888888888889
9,1.3,False,0,2.9399999999999995,1.0,0.0,True,13.907666666666666,6.4608442699974455,7.050444444444442,-1.7520082955926668,0.16999999999999993,-1.3,-1.3,13.88888888888889,13.88888888888889,13.107666666666665,4.90296354310992,7.166688888888889,-0.8491192497636486,-0.09000000000000008,-1.3,-1.3,13.88888888888889,13.88888888888889
9,1.4000000000000001,False,0,3.039999999999999,1.0,0.48860667407634356,True,13.907666666666666,5.530308841138059,7.328222222222224,0.2226384215949473,0.19999999999999973,-1.4000000000000001,-1.4000000000000001,13.88888888888889,13.88888888888889,13.507666666666665,5.874093652184102,7.404466666666669,0.06342128486702836,-0.08000000000000007,-1.4000000000000001,-1.4000000000000001,13.88888888888889,13.88888888888889
9,1.5,False,0,2.9399999999999995,1.0,0.0,True,13.907666666666666,3.64641454668556,7.050444444444442,-0.4937392270053902,-0.04999999999999982,-1.5,-1.5,13.88888888888889,13.88888888888889,13.907666666666666,3.64641454668556,7.050444444444442,-0.4937392270053902,-0.04999999999999982,-1.5,-1.5,13.88888888888889,13.88888888888889
9,1.6,False,0,3.039999999999999,1.0,0.0,True,13.907666666666666,5.787050818050816,7.328222222222224,1.0611691676111885,2.220446049250313e-16,-1.6,-1.6,13.88888888888889,13.88888888888889,13.507666666666665,4.409026031064109,7.366344444444445,-0.9138007377339387,-0.1599999999999997,-1.6,-1.6,13.88888888888889,13.88888888888889
9,1.7000000000000002,False,0,3.139999999999999,1.0,0.0698872900312457,True,13.907666666666666,3.67005690395409,7.605999999999997,1.2662587704167474,0.07000000000000028,-1.7000000000000002,-1.7000000000000002,13.88888888888889,13.88888888888889,13.507666666666665,6.846419975960736,7.644122222222223,-0.16429590798740423,-0.09999999999999964,-1.7000000000000002,-1.7000000000000002,13.88888888888889,13.88888888888889
10,0.0,False,0,4.0,1.0,1.0,True,16.666666666666668,-3.180926781019738,-4.166666666666631,2.3467932923669976,1.6,0.0,0.0,13.88888888888889,13.88888888888889,,,,,,,,,
10,0.1,False,0,4.0,1.0,1.0,True,16.666666666666668,-4.18001232602744,-4.166666666666631,0.5289523677081283,1.0900000000000003,-0.1,-0.1,13.88888888888889,13.88888888888889,16.666666666666668,25.694695573378407,26.12222222222176,0.6126536780122294,-0.00999999999999579,-0.1,-0.1,13.88888888888889,13.88888888888889
10,0.2,False,0,4.0,1.0,1.0,True,14.001666666666667,0.9608769686105179,2.195411111111132,0.2718802668206779,0.9599999999999995,-0.2,-0.2,13.88888888888889,13.88888888888889,10.32752518477443,11.365967247121286,13.590698550831217,0.30517703106569494,-0.019999999999997353,-0.2,-0.2,13.88888888888889,13.88888888888889
10,0.30000000000000004,False,0,3.2333333333333334,1.0,1.0,True,13.907666666666666,2.83652583679216,4.174205555555571,-0.505009989428088,0.8500000000000001,-0.30000000000000004,-0.30000000000000004,13.88888888888889,13.88888888888889,10.35185643701007,7.845064518838012,9.377655114828368,0.5782147306539271,-0.020000000000001572,-0.30000000000000004,-0.30000000000000004,13.88888888888889,13.88888888888889
10,0.4,False,0,2.4,1.0,1.0,True,14.075166666666666,4.774742197504904,5.051816666666665,1.6228053848532746,0.7599999999999998,-0.4,-0.4,13.88888888888889,13.88888888888889,11.275166666666664,3.316477153460956,7.697888888888916,0.5435621666285395,-6.661338147750939e-16,-0.4,-0.4,13.88888888888889,13.88888888888889
10,0.5,False,0,2.7999999999999994,1.0,0.0,True,13.907666666666666,4.041060513845733,6.42172777777778,0.8491827099431268,0.75,-0.5,-0.5,13.88888888888889,13.88888888888889,11.907666666666664,5.350403638206065,8.193561111111133,0.5454774938659281,0.0,-0.5,-0.5,13.88888888888889,13.88888888888889
10,0.6000000000000001,False,0,2.9999999999999987,1.0,0.0,True,13.907666666666666,4.938679688895747,7.217111111111106,1.029117852701385,0.7600000000000002,-0.6000000000000001,-0.6000000000000001,13.88888888888889,13.88888888888889,11.907666666666664,1.9793592925575298,8.352700000000016,-0.5226775967148118,-0.019999999999999574,-0.6000000000000001,-0.6000000000000001,13.88888888888889,13.88888888888889
10,0.7000000000000001,False,0,2.9999999999999987,1.0,0.0,True,13.907666666666666,5.640240233886918,7.217111111111106,0.4693397777659327,0.6200000000000001,-0.7000000000000001,-0.7000000000000001,13.88888888888889,13.88888888888889,11.507666666666664,5.162688488033571,8.640211111111118,-1.1373977705292655,-0.009999999999999343,-0.7000000000000001,-0.7000000000000001,13.88888888888889,13.88888888888889
10,0.8,False,0,2.7999999999999994,1.0,1.0,True,13.907666666666666,-1.0837831670468487,6.66155555555556,1.7483799974654142,0.31999999999999984,-0.8,-0.8,13.88888888888889,13.88888888888889,12.981166666666665,1.9708073428656023,6.904644444444448,1.0238356355369294,-2.220446049250313e-16,-0.8,-0.8,13.88888888888889,13.88888888888889
10,0.9,False,0,3.199999999999998,1.0,0.0,True,13.907666666666666,5.126379304526506,7.77266666666666,-0.004614997836344781,0.52,-0.9,-0.9,13.88888888888889,13.88888888888889,13.107666666666665,6.657458983129243,8.081399999999999,1.5037367303151452,-0.02000000000000024,-0.9,-0.9,13.88888888888889,13.88888888888889
10,1.0,False,0,2.9999999999999987,1.0,0.0,True,13.907666666666666,5.922352445460111,7.217111111111106,-0.3630229482245766,0.20000000000000018,-1.0,-1.0,13.88888888888889,13.88888888888889,13.507666666666665,5.6988676967731395,7.293355555555562,-1.8136167164902295,0.0,-1.0,-1.0,13.88888888888889,13.88888888888889
10,1.1,False,0,3.2999999999999994,1.0,0.0,True,13.907666666666666,2.745210821096518,8.050444444444441,1.8956640522350723,0.3900000000000001,-1.1,-1.1,13.88888888888889,13.88888888888889,13.107666666666665,7.233299574562122,8.242933333333337,-0.13808332145646252,-0.0499999999999996,-1.1,-1.1,13.88888888888889,13.88888888888889
10,1.2000000000000002,False,0,3.2999999999999994,1.0,0.0,True,13.907666666666666,3.683548474719207,8.050444444444441,0.9117738277749576,0.28000000000000025,-1.2000000000000002,-1.2000000000000002,13.88888888888889,13.88888888888889,13.107666666666665,6.895828736011464,8.244811111111108,0.2772427092824552,-0.07999999999999963,-1.2000000000000002,-1.2000000000000002,13.88888888888889,13.88888888888889
10,1.3,False,0,3.399999999999999,1.0,0.0,True,13.907666666666666,3.839736485206907,8.328222222222223,0.4045387788001613,0.2999999999999998,-1.3,-1.3,13.88888888888889,13.88888888888889,12.707666666666665,10.025696439210662,8.56258888888889,-0.5991877284219009,-0.09000000000000008,-1.3,-1.3,13.88888888888889,13.88888888888889
10,1.4000000000000001,False,0,3.399999999999999,1.0,1.0,True,13.907666666666666,5.398882659085705,8.328222222222223,0.8010097408604535,0.19999999999999973,-1.4000000000000001,-1.4000000000000001,13.88888888888889,13.88888888888889,13.107666666666665,8.572201670510413,8.444466666666667,1.3360444191959027,-0.08000000000000007,-1.4000000000000001,-1.4000000000000001,13.88888888888889,13.88888888888889
10,1.5,False,0,3.399999999999999,1.0,0.0,True,13.907666666666666,6.142001683864554,8.328222222222223,-0.8077773813441844,0.10000000000000009,-1.5,-1.5,13.88888888888889,13.88888888888889,13.507666666666665,4.7767531029556105,8.366344444444444,0.4253899240908061,-0.04999999999999982,-1.5,-1.5,13.88888888888889,13.88888888888889
10,1.6,False,0,3.5999999999999988,1.0,0.0,True,13.907666666666666,7.062181575662151,8.88377777777778,0.22707545531293016,0.3200000000000003,-1.6,-1.6,13.88888888888889,13.88888888888889,13.107666666666665,9.142881987337358,9.078144444444444,-0.25486986521993327,-0.1599999999999997,-1.6,-1.6,13.88888888888889,13.88888888888889
10,1.7000000000000002,False,0,3.4999999999999987,1.0,0.0,True,13.907666666666666,6.266266384714313,8.605999999999998,-0.2711907363457646,0.07000000000000028,-1.7000000000000002,-1.7000000000000002,13.88888888888889,13.88888888888889,13.507666666666665,6.637842931442926,8.644122222222222,-0.8917476034715044,-0.09999999999999964,-1.7000000000000002,-1.7000000000000002,13.88888888888889,13.88888888888889
11,0.0,False,0,4.0,1.0,1.0,True,16.666666666666668,-2.0860734902522635,-4.277777777777746,0.7696084421702318,1.6,0.0,0.0,13.88888888888889,13.88888888888889,,,,,,,,,
11,0.1,False,0,4.0,1.0,1.0,True,16.540166666666668,-2.015853408740031,-4.176577777777683,-0.3233915294040788,1.0500000000000003,-0.1,-0.1,13.88888888888889,13.88888888888889,16.540166666666668,26.20851234297619,23.68012222222303,-1.8592568457585643,-0.00999999999999579,-0.1,-0.1,13.88888888888889,13.88888888888889
11,0.2,False,0,4.0,1.0,1.0,True,14.181166666666666,0.5822157120155582,4.016944444444445,0.8220128666515687,1.02,-0.2,-0.2,13.88888888888889,13.88888888888889,9.966021347400423,12.205056178961097,13.327283989134951,0.02473566943147132,-0.019999999999997353,-0.2,-0.2,13.88888888888889,13.88888888888889
11,0.30000000000000004,False,0,3.4333333333333336,1.0,1.0,True,13.907666666666666,0.49079375102092104,5.6670333333333405,3.1309361314823714,0.8800000000000003,-0.30000000000000004,-0.30000000000000004,13.88888888888889,13.88888888888889,9.910288271237707,13.342407043089931,12.17001622392463,1.3578545336464996,-0.020000000000001572,-0.30000000000000004,-0.30000000000000004,13.88888888888889,13.88888888888889
11,0.4,False,0,3.000000000000001,1.0,1.0,True,13.907666666666666,4.432634828109177,7.105999999999999,1.8118538158964212,0.8799999999999999,-0.4,-0.4,13.88888888888889,13.88888888888889,10.741955773186454,7.358158872996182,10.661259978236938,0.028766153361498237,-6.661338147750939e-16,-0.4,-0.4,13.88888888888889,13.88888888888889
11,0.5,False,0,3.259999999999999,1.0,0.0,True,13.907666666666666,5.840655445059839,7.939333333333331,2.0155698409920686,0.8500000000000001,-0.5,-0.5,13.88888888888889,13.88888888888889,13.107666666666665,7.225431420546518,8.667411111111154,0.4607061644817412,0.0,-0.5,-0.5,13.88888888888889,13.88888888888889
11,0.6000000000000001,False,0,3.259999999999999,1.0,0.0,True,13.907666666666666,3.8658564197168,7.939333333333331,1.516674685557292,0.7000000000000002,-0.6000000000000001,-0.6000000000000001,13.88888888888889,13.88888888888889,11.507666666666664,5.392987444669797,9.39680000000001,0.29120520651816006,-0.019999999999999574,-0.6000000000000001,-0.6000000000000001,13.88888888888889,13.88888888888889
11,0.7000000000000001,False,0,3.259999999999999,1.0,1.0,True,14.181166666666666,2.8037107929501284,7.953861111111107,0.5575307061991746,0.6200000000000001,-0.7000000000000001,-0.7000000000000001,13.88888888888889,13.88888888888889,11.781166666666664,6.699936095288369,8.650811111111121,1.9520248933852304,-0.009999999999999343,-0.7000000000000001,-0.7000000000000001,13.88888888888889,13.88888888888889
11,0.8,False,0,3.259999999999999,1.0,0.0,True,13.907666666666666,5.223977019966534,7.939333333333331,-0.2982131393947023,0.3999999999999999,-0.8,-0.8,13.88888888888889,13.88888888888889,13.507666666666665,6.43325264142262,8.129944444444455,-0.9534099499876416,-2.220446049250313e-16,-0.8,-0.8,13.88888888888889,13.88888888888889
11,0.9,False,0,3.4599999999999995,1.0,1.0,True,13.907666666666666,6.719713782754394,8.494888888888884,0.8619531834232044,0.4299999999999997,-0.9,-0.9,13.88888888888889,13.88888888888889,13.507666666666665,6.017580997029623,8.685500000000001,-1.737120895740182,-0.02000000000000024,-0.9,-0.9,13.88888888888889,13.88888888888889
11,1.0,False,0,3.3599999999999985,1.0,0.0,True,13.907666666666666,8.450877096493063,8.217111111111105,1.3989136343922932,0.20000000000000018,-1.0,-1.0,13.88888888888889,13.88888888888889,13.107666666666665,0.2587724510981326,8.33335555555556,0.9698588633469707,0.0,-1.0,-1.0,13.88888888888889,13.88888888888889
11,1.1,False,0,3.4599999999999995,1.0,0.0,True,13.907666666666666,6.316533267344622,8.494888888888884,-0.4340671698512053,0.17000000000000037,-1.1,-1.1,13.88888888888889,13.88888888888889,13.507666666666665,5.212050759747403,8.571133333333332,-1.4581605105372053,-0.0499999999999996,-1.1,-1.1,13.88888888888889,13.88888888888889
11,1.2000000000000002,False,0,3.759999999999999,1.0,0.0,True,13.907666666666666,4.75387910601004,9.328222222222223,0.7691685547623877,0.3999999999999999,-1.2000000000000002,-1.2000000000000002,13.88888888888889,13.88888888888889,13.507666666666665,6.5243308156849915,9.480711111111113,-0.9844051254147657,-0.07999999999999963,-1.2000000000000002,-1.2000000000000002,13.88888888888889,13.88888888888889
11,1.3,False,0,3.6599999999999993,1.0,0.0,True,13.907666666666666,9.09291966945393,9.050444444444441,1.1049805074987775,0.16999999999999993,-1.3,-1.3,13.88888888888889,13.88888888888889,13.107666666666665,7.350286378349549,9.166688888888888,0.8965560910083803,-0.09000000000000008,-1.3,-1.3,13.88888888888889,13.88888888888889
11,1.4000000000000001,False,0,3.559999999999998,1.0,0.0,True,13.907666666666666,3.9498623213836384,8.772666666666659,-0.5121349823712247,-0.08000000000000007,-1.4000000000000001,-1.4000000000000001,13.88888888888889,13.88888888888889,13.907666666666666,3.9498623213836384,8.772666666666659,-0.5121349823712247,-0.08000000000000007,-1.4000000000000001,-1.4000000000000001,13.88888888888889,13.88888888888889
11,1.5,False,0,3.6599999999999993,1.0,0.0,True,13.907666666666666,3.038511059071298,9.050444444444441,-0.6645042838741755,-0.04999999999999982,-1.5,-1.5,13.88888888888889,13.88888888888889,13.907666666666666,3.038511059071298,9.050444444444441,-0.6645042838741755,-0.04999999999999982,-1.5,-1.5,13.88888888888889,13.88888888888889
11,1.6,False,0,3.8599999999999985,1.0,0.0,True,13.907666666666666,8.13182668584006,9.605999999999998,-1.6521648985265296,0.16000000000000014,-1.6,-1.6,13.88888888888889,13.88888888888889,13.107666666666665,8.037515709361017,9.722244444444442,-0.10448056278072193,-0.1599999999999997,-1.6,-1.6,13.88888888888889,13.88888888888889
11,1.7000000000000002,False,0,3.759999999999999,1.0,0.0,True,13.907666666666666,6.780712195532208,9.328222222222223,-0.4822534244577825,-0.09999999999999964,-1.7000000000000002,-1.7000000000000002,13.88888888888889,13.88888888888889,13.907666666666666,6.780712195532208,9.328222222222223,-0.4822534244577825,-0.09999999999999964,-1.7000000000000002,-1.7000000000000002,13.88888888888889,13.88888888888889
12,0.0,False,0,4.0,1.0,1.0,True,16.666666666666668,-3.323342598507881,-4.21111111111114,1.7136973889788454,1.6,0.0,0.0,13.88888888888889,13.88888888888889,,,,,,,,,
12,0.1,False,0,4.0,1.0,1.0,True,16.666666666666668,-4.117831721797887,-4.21111111111114,3.6963568783121157,1.0100000000000007,-0.1,-0.1,13.88888888888889,13.88888888888889,16.666666666666668,30.48409167611761,24.12222222222176,-0.4946912827027723,-0.00999999999999579,-0.1,-0.1,13.88888888888889,13.88888888888889
12,0.2,False,0,3.600000000000001,1.0,1.0,True,14.001666666666667,-0.6195839839547999,1.2535500000000868,-0.10229605832645916,0.7000000000000002,-0.2,-0.2,13.88888888888889,13.88888888888889,9.112545154970489,9.039046276118437,10.464878651130856,1.246873126255878,-0.019999999999997353,-0.2,-0.2,13.88888888888889,13.88888888888889
12,0.30000000000000004,False,0,4.0,1.0,0.0,True,13.907666666666666,7.915073990691366,7.666344444444452,0.3795388659239811,1.0000000000000004,-0.30000000000000004,-0.30000000000000004,13.88888888888889,13.88888888888889,10.4165916748499,13.21400449734848,15.13940249833561,0.24685464611511287,-0.020000000000001572,-0.30000000000000004,-0.30000000000000004,13.88888888888889,13.88888888888889
12,0.4,False,0,3.32,1.0,0.0,True,13.907666666666666,7.119197627702971,8.105999999999998,0.23882556205838057,0.8799999999999999,-0.4,-0.4,13.88888888888889,13.88888888888889,11.216596554038011,10.081779212642278,10.854566536778012,2.3184604104148625,-6.661338147750939e-16,-0.4,-0.4,13.88888888888889,13.88888888888889
12,0.5,False,0,3.7199999999999984,1.0,0.0,True,13.907666666666666,9.491364496452885,9.217111111111105,0.4636786166384326,0.8999999999999999,-0.5,-0.5,13.88888888888889,13.88888888888889,11.182128856488637,12.045366079214237,11.513526235182344,-1.8832014503660337,0.0,-0.5,-0.5,13.88888888888889,13.88888888888889
12,0.6000000000000001,False,0,3.8199999999999994,1.0,0.0,True,13.907666666666666,9.201498233292153,9.494888888888884,1.2299986961225962,0.8200000000000003,-0.6000000000000001,-0.6000000000000001,13.88888888888889,13.88888888888889,13.107666666666665,7.409551645721987,10.268600000000024,0.6164685766001372,-0.019999999999999574,-0.6000000000000001,-0.6000000000000001,13.88888888888889,13.88888888888889
12,0.7000000000000001,False,0,3.7199999999999984,1.0,0.0,True,13.907666666666666,7.3424641105396775,9.217111111111105,1.4217608090739646,0.6200000000000001,-0.7000000000000001,-0.7000000000000001,13.88888888888889,13.88888888888889,12.707666666666665,8.510327434285312,10.040211111111123,0.0910274586156512,-0.009999999999999343,-0.7000000000000001,-0.7000000000000001,13.88888888888889,13.88888888888889
12,0.8,False,0,3.8199999999999994,1.0,0.0,True,13.907666666666666,8.25473757118517,9.494888888888884,1.286059617745487,0.56,-0.8,-0.8,13.88888888888889,13.88888888888889,13.107666666666665,6.451118125236104,9.801744444444456,1.4394921376670653,-2.220446049250313e-16,-0.8,-0.8,13.88888888888889,13.88888888888889
12,0.9,False,0,3.6199999999999988,1.0,0.0,True,13.907666666666666,5.508121956010663,8.93933333333333,1.5735000157538401,0.24999999999999956,-0.9,-0.9,13.88888888888889,13.88888888888889,13.507666666666665,6.727640649813915,9.0537,0.7518836172805794,-0.02000000000000024,-0.9,-0.9,13.88888888888889,13.88888888888889
12,1.0,False,0,3.7199999999999984,1.0,0.0,True,13.907666666666666,6.365303956391846,9.217111111111105,1.4256140079568147,0.20000000000000018,-1.0,-1.0,13.88888888888889,13.88888888888889,13.107666666666665,8.202024930903402,9.33335555555556,-0.04908059876253201,0.0,-1.0,-1.0,13.88888888888889,13.88888888888889
12,1.1,False,0,3.9199999999999977,1.0,0.0,True,13.907666666666666,4.7065861404460465,9.772666666666662,1.5226216471581742,0.28000000000000025,-1.1,-1.1,13.88888888888889,13.88888888888889,13.107666666666665,9.81101189180794,9.92703333333333,1.965870808774841,-0.0499999999999996,-1.1,-1.1,13.88888888888889,13.88888888888889
12,1.2000000000000002,False,0,3.8199999999999994,1.0,0.0,True,13.907666666666666,9.552686472067574,9.494888888888884,2.492821307231306,0.04000000000000026,-1.2000000000000002,-1.2000000000000002,13.88888888888889,13.88888888888889,13.507666666666665,8.239971270323718,9.533011111111104,-0.17083738972388596,-0.07999999999999963,-1.2000000000000002,-1.2000000000000002,13.88888888888889,13.88888888888889
12,1.3,False,0,4.0,1.0,0.0,True,13.907666666666666,9.67642448323377,10.050444444444441,0.7626067690335883,0.16999999999999993,-1.3,-1.3,13.88888888888889,13.88888888888889,13.507666666666665,9.453758379361926,10.12668888888889,-1.5523542084968414,-0.09000000000000008,-1.3,-1.3,13.88888888888889,13.88888888888889
12,1.4000000000000001,False,0,4.0,1.0,0.0,True,13.907666666666666,8.862942275853229,10.605999999999998,-0.8479702421606323,0.33999999999999986,-1.4000000000000001,-1.4000000000000001,13.88888888888889,13.88888888888889,13.507666666666665,3.190803713517707,10.72036666666667,-0.8081617432336172,-0.08000000000000007,-1.4000000000000001,-1.4000000000000001,13.88888888888889,13.88888888888889
12,1.5,False,0,4.0,1.0,0.0,True,13.907666666666666,6.398250345753795,10.328222222222223,-0.44938201462567195,0.10000000000000009,-1.5,-1.5,13.88888888888889,13.88888888888889,13.507666666666665,7.070251535840147,10.366344444444444,0.8552975319159448,-0.04999999999999982,-1.5,-1.5,13.88888888888889,13.88888888888889
12,1.6,False,0,4.0,1.0,0.0,True,13.907666666666666,7.558725785844909,10.605999999999998,1.2366864365975259,0.16000000000000014,-1.6,-1.6,13.88888888888889,13.88888888888889,13.507666666666665,7.861558218481982,10.682244444444443,0.8162264532094365,-0.1599999999999997,-1.6,-1.6,13.88888888888889,13.88888888888889
12,1.7000000000000002,False,0,4.0,1.0,0.0,True,13.907666666666666,9.257438868748494,10.88377777777778,1.7193857076318246,0.2400000000000002,-1.7000000000000002,-1.7000000000000002,13.88888888888889,13.88888888888889,13.107666666666665,10.521294128351407,11.000022222222224,-1.488163830957666,-0.09999999999999964,-1.7000000000000002,-1.7000000000000002,13.88888888888889,13.88888888888889
13,0.0,False,0,4.0,1.0,0.0,True,16.666666666666668,-2.7424424605445266,-4.222222222222203,0.6140143323980212,1.6,0.0,0.0,13.88888888888889,13.88888888888889,,,,,,,,,
13,0.1,False,0,4.0,1.0,1.0,True,14.181166666666666,2.4787983067239,3.948572222222251,0.8967645436835592,1.23,-0.1,-0.1,13.88888888888889,13.88888888888889,10.398027221108821,40.83183454138809,42.32305331757006,-1.114827583790958,-0.00999999999999579,-0.1,-0.1,13.88888888888889,13.88888888888889
13,0.2,False,0,4.0,1.0,1.0,True,14.181166666666666,-2.8690659036672583,4.6887333333333645,0.272718709264002,0.94,-0.2,-0.2,13.88888888888889,13.88888888888889,9.728498106318725,15.427792388052492,17.939185300061123,0.17044441362326657,-0.019999999999997353,-0.2,-0.2,13.88888888888889,13.88888888888889
13,0.30000000000000004,False,0,4.0,1.0,0.0,True,13.907666666666666,7.142429327054455,9.105999999999998,-0.6004385283961884,1.06,-0.30000000000000004,-0.30000000000000004,13.88888888888889,13.88888888888889,10.915305390601045,10.502328214023276,14.403348043607746,-0.324805296587209,-0.020000000000001572,-0.30000000000000004,-0.30000000000000004,13.88888888888889,13.88888888888889
13,0.4,False,0,3.5799999999999983,1.0,0.0,True,13.907666666666666,6.6157542410473456,8.626344444444452,-0.45895181178329025,0.7999999999999998,-0.4,-0.4,13.88888888888889,13.88888888888889,10.523227211671834,8.602024937251006,12.143117644039311,0.7919890807675243,-6.661338147750939e-16,-0.4,-0.4,13.88888888888889,13.88888888888889
13,0.5,False,0,3.879999999999999,1.0,0.0,True,13.907666666666666,7.725445822487324,9.661555555555559,0.9967597422507959,0.8000000000000003,-0.5,-0.5,13.88888888888889,13.88888888888889,11.907666666666664,7.321233491324745,11.431511111111131,0.2386155593893471,0.0,-0.5,-0.5,13.88888888888889,13.88888888888889
13,0.6000000000000001,False,0,4.0,1.0,0.0,True,13.907666666666666,6.946268310673713,10.217111111111105,-0.8170251841550611,0.7600000000000002,-0.6000000000000001,-0.6000000000000001,13.88888888888889,13.88888888888889,12.707666666666665,8.193058447112566,11.032700000000023,0.4691456590658456,-0.019999999999999574,-0.6000000000000001,-0.6000000000000001,13.88888888888889,13.88888888888889
13,0.7000000000000001,False,0,4.0,1.0,0.0,True,13.907666666666666,7.13375142019557,10.217111111111105,1.719228838345762,0.6200000000000001,-0.7000000000000001,-0.7000000000000001,13.88888888888889,13.88888888888889,12.307666666666664,5.2295576769939744,10.960211111111125,2.021239670927017,-0.009999999999999343,-0.7000000000000001,-0.7000000000000001,13.88888888888889,13.88888888888889
13,0.8,False,0,4.0,1.0,0.0,True,13.907666666666666,10.309463590340574,10.217111111111105,2.1261378509645694,0.48,-0.8,-0.8,13.88888888888889,13.88888888888889,12.307666666666664,10.261129320569434,10.76584444444445,-1.8168156759858365,-2.220446049250313e-16,-0.8,-0.8,13.88888888888889,13.88888888888889
13,0.9,False,0,4.0,1.0,0.0,True,13.907666666666666,9.39604085241405,10.494888888888884,1.3725711589442433,0.4299999999999997,-0.9,-0.9,13.88888888888889,13.88888888888889,13.107666666666665,12.182087179435573,10.7655,1.3705598128402126,-0.02000000000000024,-0.9,-0.9,13.88888888888889,13.88888888888889
13,1.0,False,0,4.0,1.0,0.0,True,13.907666666666666,8.886403515485235,11.050444444444441,-0.10099032166610122,0.5,-1.0,-1.0,13.88888888888889,13.88888888888889,12.707666666666665,10.37018831727232,11.401055555555562,0.2357282591182117,0.0,-1.0,-1.0,13.88888888888889,13.88888888888889
13,1.1,False,0,4.0,1.0,0.0,True,13.907666666666666,8.35609209418557,10.772666666666662,-0.5230228164840309,0.28000000000000025,-1.1,-1.1,13.88888888888889,13.88888888888889,13.507666666666665,10.9662288719969,10.887033333333331,-0.4804476393171868,-0.0499999999999996,-1.1,-1.1,13.88888888888889,13.88888888888889
13,1.2000000000000002,False,0,4.0,1.0,0.0,True,13.907666666666666,8.424426923716371,11.050444444444441,-0.8657160997931936,0.28000000000000025,-1.2000000000000002,-1.2000000000000002,13.88888888888889,13.88888888888889,13.507666666666665,9.147096329391598,11.16481111111111,-0.12017653297979525,-0.07999999999999963,-1.2000000000000002,-1.2000000000000002,13.88888888888889,13.88888888888889
13,1.3,False,0,4.0,1.0,0.0,True,13.907666666666666,9.255352784974374,11.050444444444441,-0.9361727738154433,0.16999999999999993,-1.3,-1.3,13.88888888888889,13.88888888888889,13.507666666666665,7.904534489934993,11.12668888888889,1.587530366308679,-0.09000000000000008,-1.3,-1.3,13.88888888888889,13.88888888888889
13,1.4000000000000001,False,0,4.0,1.0,0.0,True,13.907666666666666,10.244894233931241,11.328222222222223,-1.1713565716821686,0.19999999999999973,-1.4000000000000001,-1.4000000000000001,13.88888888888889,13.88888888888889,13.507666666666665,9.06157120797926,11.404466666666671,0.18765437998429846,-0.08000000000000007,-1.4000000000000001,-1.4000000000000001,13.88888888888889,13.88888888888889
13,1.5,False,0,4.0,1.0,0.0,True,13.907666666666666,9.091894410929957,11.605999999999998,0.5372930060085488,0.25,-1.5,-1.5,13.88888888888889,13.88888888888889,13.507666666666665,8.00843550461579,11.682244444444443,0.10638753949738966,-0.04999999999999982,-1.5,-1.5,13.88888888888889,13.88888888888889
13,1.6,False,0,4.0,1.0,0.0,True,13.907666666666666,11.236982404715643,11.605999999999998,-1.1475141739822206,0.16000000000000014,-1.6,-1.6,13.88888888888889,13.88888888888889,13.507666666666665,9.757041809494467,11.682244444444443,-0.010342048454091257,-0.1599999999999997,-1.6,-1.6,13.88888888888889,13.88888888888889
13,1.7000000000000002,False,0,4.0,1.0,0.0,True,13.907666666666666,6.189775877321487,11.605999999999998,1.5679575886776491,0.07000000000000028,-1.7000000000000002,-1.7000000000000002,13.88888888888889,13.88888888888889,13.507666666666665,4.831300955335451,11.644122222222222,-1.043360959502161,-0.09999999999999964,-1.7000000000000002,-1.7000000000000002,13.88888888888889,13.88888888888889
14,0.0,False,0,4.0,1.0,1.0,True,16.666666666666668,-1.7363592217056008,-4.266666666666668,1.1487086805890487,1.6,0.0,0.0,13.88888888888889,13.88888888888889,,,,,,,,,
14,0.1,False,0,4.0,1.0,1.0,True,16.287166666666668,-2.590528260636776,-4.229761111111261,1.9670510320408057,0.9200000000000008,-0.1,-0.1,13.88888888888889,13.88888888888889,16.287166666666668,21.878293761585336,18.07422222222176,0.20143629790474415,-0.00999999999999579,-0.1,-0.1,13.88888888888889,13.88888888888889
14,0.2,False,0,3.799999999999999,1.0,1.0,True,13.981166666666667,-1.0674718373673384,3.1506277777778253,1.8651893792431675,0.7200000000000002,-0.2,-0.2,13.88888888888889,13.88888888888889,9.66077863623805,10.406477232004274,10.24021961310859,-0.05804039390731064,-0.019999999999997353,-0.2,-0.2,13.88888888888889,13.88888888888889
14,0.30000000000000004,False,0,4.0,1.0,0.0,True,13.907666666666666,10.482452315753925,9.828222222222216,3.569778464623202,1.0300000000000002,-0.30000000000000004,-0.30000000000000004,13.88888888888889,13.88888888888889,10.614478584762253,14.862770254260223,17.67352135251745,0.79284175708665,-0.020000000000001572,-0.30000000000000004,-0.30000000000000004,13.88888888888889,13.88888888888889
14,0.4,False,0,4.0,1.0,0.0,True,13.907666666666666,7.840385554064825,10.93933333333333,1.5417408514003959,1.0,-0.4,-0.4,13.88888888888889,13.88888888888889,11.057295562407454,15.560765552415159,14.251196179485117,-0.002302899651406509,-6.661338147750939e-16,-0.4,-0.4,13.88888888888889,13.88888888888889
14,0.5,False,0,4.0,1.0,0.0,True,13.907666666666666,9.029074646008748,10.105999999999998,0.7323944394271575,0.7000000000000002,-0.5,-0.5,13.88888888888889,13.88888888888889,12.707666666666665,8.961880795671586,11.279711111111144,0.022167732915392868,0.0,-0.5,-0.5,13.88888888888889,13.88888888888889
14,0.6000000000000001,False,0,4.0,1.0,0.0,True,13.907666666666666,8.910870635156812,10.93933333333333,1.2115746058128147,0.7000000000000002,-0.6000000000000001,-0.6000000000000001,13.88888888888889,13.88888888888889,12.307666666666664,10.615309784564449,12.036800000000017,-0.6560766676167713,-0.019999999999999574,-0.6000000000000001,-0.6000000000000001,13.88888888888889,13.88888888888889
14,0.7000000000000001,False,0,4.0,1.0,0.0,True,13.907666666666666,7.321638941275688,10.93933333333333,2.673667389636407,0.5500000000000003,-0.7000000000000001,-0.7000000000000001,13.88888888888889,13.88888888888889,12.707666666666665,13.388487607506061,11.364311111111125,1.029089204902915,-0.009999999999999343,-0.7000000000000001,-0.7000000000000001,13.88888888888889,13.88888888888889
14,0.8,False,0,4.0,1.0,0.0,True,13.907666666666666,5.105577731598584,11.217111111111105,-0.2821606421363714,0.48,-0.8,-0.8,13.88888888888889,13.88888888888889,12.707666666666665,10.251976244915635,11.685844444444452,-0.7581952574199229,-2.220446049250313e-16,-0.8,-0.8,13.88888888888889,13.88888888888889
14,0.9,False,0,4.0,1.0,0.0,True,13.907666666666666,10.434195539971018,11.217111111111105,-1.1663741755637358,0.33999999999999986,-0.9,-0.9,13.88888888888889,13.88888888888889,13.107666666666665,11.044164989768017,11.4896,-1.8676358234734087,-0.02000000000000024,-0.9,-0.9,13.88888888888889,13.88888888888889
14,1.0,False,0,4.0,1.0,0.0,True,13.907666666666666,7.8091380453834995,12.050444444444441,0.8264684942431879,0.5,-1.0,-1.0,13.88888888888889,13.88888888888889,13.107666666666665,8.512308709647083,12.321055555555564,1.2378189320239015,0.0,-1.0,-1.0,13.88888888888889,13.88888888888889
14,1.1,False,0,4.0,1.0,0.0,True,13.907666666666666,12.27441452416765,12.050444444444441,0.29629534642201705,0.3900000000000001,-1.1,-1.1,13.88888888888889,13.88888888888889,13.107666666666665,10.273377288472869,12.242933333333337,0.9123705372151334,-0.0499999999999996,-1.1,-1.1,13.88888888888889,13.88888888888889
14,1.2000000000000002,False,0,4.0,1.0,0.0,True,13.907666666666666,12.614028890223487,12.328222222222223,-1.1745010639296503,0.3999999999999999,-1.2000000000000002,-1.2000000000000002,13.88888888888889,13.88888888888889,13.107666666666665,13.86355954592225,12.520711111111112,-1.721881227706939,-0.07999999999999963,-1.2000000000000002,-1.2000000000000002,13.88888888888889,13.88888888888889
14,1.3,False,0,4.0,1.0,0.0,True,13.907666666666666,11.911000965040444,12.328222222222223,-0.29222847700458354,0.2999999999999998,-1.3,-1.3,13.88888888888889,13.88888888888889,13.507666666666665,8.9063583248208,12.442588888888892,-1.1467926124629924,-0.09000000000000008,-1.3,-1.3,13.88888888888889,13.88888888888889
14,1.4000000000000001,False,0,4.0,1.0,0.0,True,13.907666666666666,13.557077647043535,12.328222222222223,-1.2129305412106592,0.19999999999999973,-1.4000000000000001,-1.4000000000000001,13.88888888888889,13.88888888888889,13.107666666666665,11.583552657391579,12.44446666666667,0.07872124204389519,-0.08000000000000007,-1.4000000000000001,-1.4000000000000001,13.88888888888889,13.88888888888889
14,1.5,False,0,4.0,1.0,0.0,True,13.907666666666666,11.144427494036183,12.050444444444441,0.2696441711257602,-0.04999999999999982,-1.5,-1.5,13.88888888888889,13.88888888888889,13.907666666666666,11.144427494036183,12.050444444444441,0.2696441711257602,-0.04999999999999982,-1.5,-1.5,13.88888888888889,13.88888888888889
14,1.6,False,0,4.0,1.0,0.0,True,13.907666666666666,10.46246858979238,12.328222222222223,0.5219624302433528,2.220446049250313e-16,-1.6,-1.6,13.88888888888889,13.88888888888889,13.507666666666665,10.777583323941116,12.366344444444444,-1.6085091288246174,-0.1599999999999997,-1.6,-1.6,13.88888888888889,13.88888888888889
14,1.7000000000000002,False,0,4.0,1.0,0.0,True,13.907666666666666,13.993922972564956,13.439333333333334,0.7001892334250712,0.5800000000000001,-1.7000000000000002,-1.7000000000000002,13.88888888888889,13.88888888888889,13.165390790026908,9.647727982212935,13.660277397550171,0.20792651542421092,-0.09999999999999964,-1.7000000000000002,-1.7000000000000002,13.88888888888889,13.88888888888889
15,0.0,False,0,4.0,1.0,1.0,True,16.666666666666668,-2.942579893774055,-4.16666666666666,2.350412847558641,1.6,0.0,0.0,13.88888888888889,13.88888888888889,,,,,,,,,
15,0.1,False,0,4.0,1.0,1.0,True,15.401666666666667,-3.589007633833293,-4.259366666666838,0.8711980941951443,0.850000000000001,-0.1,-0.1,13.88888888888889,13.88888888888889,15.401666666666667,9.605721040400521,8.750522222221928,-0.6831133670047871,-0.00999999999999579,-0.1,-0.1,13.88888888888889,13.88888888888889
15,0.2,False,0,4.0,1.0,0.0,True,13.907666666666666,2.7992785862627487,8.103616666666685,0.9956974980849265,0.9999999999999996,-0.2,-0.2,13.88888888888889,13.88888888888889,11.362331697320485,14.85767883482097,15.623267057977667,-0.541107214117027,-0.019999999999997353,-0.2,-0.2,13.88888888888889,13.88888888888889
15,0.30000000000000004,False,0,4.0,1.0,0.0,True,13.907666666666666,3.987119342054272,11.38377777777778,2.1930535368462922,1.0900000000000003,-0.30000000000000004,-0.30000000000000004,13.88888888888889,13.88888888888889,10.927125250163414,17.123053065966356,19.19387017449176,1.1008331457334832,-0.020000000000001572,-0.30000000000000004,-0.30000000000000004,13.88888888888889,13.88888888888889
15,0.4,False,0,4.0,1.0,0.0,True,13.907666666666666,7.6110723950970405,11.661555555555559,2.2491185174394475,0.96,-0.4,-0.4,13.88888888888889,13.88888888888889,11.372347617414542,13.109558736712803,14.829783819127602,-0.7777314004093729,-6.661338147750939e-16,-0.4,-0.4,13.88888888888889,13.88888888888889
15,0.5,False,0,4.0,1.0,0.0,True,13.907666666666666,7.5305471477671455,11.661555555555559,2.1411458425293186,0.8000000000000003,-0.5,-0.5,13.88888888888889,13.88888888888889,11.24489899604942,14.543269261116922,13.71611763709139,-0.28060400662435425,0.0,-0.5,-0.5,13.88888888888889,13.88888888888889
15,0.6000000000000001,False,0,4.0,1.0,0.0,True,13.907666666666666,9.509476936738071,12.217111111111105,-0.6958824148117075,0.7600000000000002,-0.6000000000000001,-0.6000000000000001,13.88888888888889,13.88888888888889,12.080250114235296,10.353609665683752,13.54504218375892,-0.92539228546373,-0.019999999999999574,-0.6000000000000001,-0.6000000000000001,13.88888888888889,13.88888888888889
15,0.7000000000000001,False,0,4.0,1.0,0.0,True,13.907666666666666,11.305384941278174,12.217111111111105,-0.8703849013813487,0.6200000000000001,-0.7000000000000001,-0.7000000000000001,13.88888888888889,13.88888888888889,12.713955142289546,12.088797802311003,12.718324568424261,0.042626733660616756,-0.009999999999999343,-0.7000000000000001,-0.7000000000000001,13.88888888888889,13.88888888888889
15,0.8,False,0,4.0,1.0,0.0,True,13.907666666666666,13.344490516331991,12.217111111111105,0.806768491569458,0.48,-0.8,-0.8,13.88888888888889,13.88888888888889,13.107666666666665,8.748936180198964,12.485844444444457,0.3787398125261854,-2.220446049250313e-16,-0.8,-0.8,13.88888888888889,13.88888888888889
15,0.9,False,0,4.0,1.0,0.0,True,13.907666666666666,10.126576899339351,12.217111111111105,1.4575137185763674,0.33999999999999986,-0.9,-0.9,13.88888888888889,13.88888888888889,13.107666666666665,7.713493871024743,12.4496,1.9603429974615265,-0.02000000000000024,-0.9,-0.9,13.88888888888889,13.88888888888889
15,1.0,False,0,4.0,1.0,0.0,True,13.907666666666666,10.62387700341846,13.050444444444441,-1.0779696591100194,0.5,-1.0,-1.0,13.88888888888889,13.88888888888889,13.507666666666665,12.423094555313316,13.241055555555565,-1.5653443541990861,0.0,-1.0,-1.0,13.88888888888889,13.88888888888889
15,1.1,False,0,4.0,1.0,0.0,True,13.907666666666666,12.267177150288564,12.772666666666662,0.3023320690201121,0.28000000000000025,-1.1,-1.1,13.88888888888889,13.88888888888889,13.507666666666665,9.737209717467788,12.887033333333331,-1.2914672033694323,-0.0499999999999996,-1.1,-1.1,13.88888888888889,13.88888888888889
15,1.2000000000000002,False,0,4.0,1.0,0.0,True,13.907666666666666,12.025544049914753,13.605999999999998,1.7283070842641473,0.52,-1.2000000000000002,-1.2000000000000002,13.88888888888889,13.88888888888889,13.507666666666665,10.362928839400915,13.796611111111112,-0.2380580699273569,-0.07999999999999963,-1.2000000000000002,-1.2000000000000002,13.88888888888889,13.88888888888889
15,1.3,False,0,4.0,1.0,0.0,True,13.907666666666666,5.556855674201189,13.328222222222223,0.9113595688889329,0.2999999999999998,-1.3,-1.3,13.88888888888889,13.88888888888889,13.107666666666665,10.7884156551751,13.482588888888891,-0.473533905313686,-0.09000000000000008,-1.3,-1.3,13.88888888888889,13.88888888888889
15,1.4000000000000001,False,0,4.0,1.0,0.0,True,13.907666666666666,9.473513376961439,13.050444444444441,1.5857891175701893,0.05999999999999983,-1.4000000000000001,-1.4000000000000001,13.88888888888889,13.88888888888889,13.507666666666665,12.45340433098563,13.088566666666669,-1.3434327682126526,-0.08000000000000007,-1.4000000000000001,-1.4000000000000001,13.88888888888889,13.88888888888889
15,1.5,False,0,4.0,1.0,0.0,True,13.907666666666666,8.92266252922241,13.328222222222223,-0.9329276773262778,0.10000000000000009,-1.5,-1.5,13.88888888888889,13.88888888888889,13.507666666666665,10.826195561207406,13.366344444444444,1.1336886142383178,-0.04999999999999982,-1.5,-1.5,13.88888888888889,13.88888888888889
15,1.6,False,0,4.0,1.0,0.0,True,13.907666666666666,11.328446111672747,13.328222222222223,0.3418259226428404,2.220446049250313e-16,-1.6,-1.6,13.88888888888889,13.88888888888889,13.507666666666665,11.591941239207195,13.366344444444444,1.082771744576871,-0.1599999999999997,-1.6,-1.6,13.88888888888889,13.88888888888889
15,1.7000000000000002,False,0,4.0,1.0,0.0,True,13.907666666666666,13.839520189354591,13.883777777777777,1.277858800818684,0.2400000000000002,-1.7000000000000002,-1.7000000000000002,13.88888888888889,13.88888888888889,13.507666666666665,13.79510763404934,13.960022222222225,1.2979519523445169,-0.09999999999999964,-1.7000000000000002,-1.7000000000000002,13.88888888888889,13.88888888888889
16,0.0,False,0,4.0,1.0,0.0,True,16.666666666666668,-3.9725043716413095,-4.277777777777788,2.209721442873333,1.6,0.0,0.0,13.88888888888889,13.88888888888889,,,,,,,,,
16,0.1,False,0,4.0,1.0,0.0,True,13.907666666666666,4.111654902051019,6.297966666666729,0.8315567136883297,1.21,-0.1,-0.1,13.88888888888889,13.88888888888889,10.442955052438602,33.7491981517709,39.78354439001642,-0.5389780418504544,-0.00999999999999579,-0.1,-0.1,13.88888888888889,13.88888888888889
16,0.2,False,0,4.0,1.0,0.0,True,13.907666666666666,3.8469994009369843,11.27266666666667,1.5111147329490398,1.1800000000000002,-0.2,-0.2,13.88888888888889,13.88888888888889,11.66104729451688,17.6183545328941,20.123793916289454,1.0731046888942357,-0.019999999999997353,-0.2,-0.2,13.88888888888889,13.88888888888889
16,0.30000000000000004,False,0,4.0,1.0,0.0,True,13.907666666666666,13.306919891334694,12.38377777777778,1.9610150864516251,1.0900000000000003,-0.30000000000000004,-0.30000000000000004,13.88888888888889,13.88888888888889,11.607420823463517,15.226590310898569,19.181297964286752,0.9416736656861144,-0.020000000000001572,-0.30000000000000004,-0.30000000000000004,13.88888888888889,13.88888888888889
16,0.4,False,0,4.0,1.0,0.0,True,13.907666666666666,13.250545568279858,12.118649999999999,0.8810704607950535,0.8799999999999999,-0.4,-0.4,13.88888888888889,13.88888888888889,11.816458670188815,11.54602334619008,14.221030481057223,-0.30582363955550673,-6.661338147750939e-16,-0.4,-0.4,13.88888888888889,13.88888888888889
16,0.5,False,0,4.0,1.0,0.0,True,13.907666666666666,13.693431558133025,13.217111111111105,0.9247767362279826,0.8999999999999999,-0.5,-0.5,13.88888888888889,13.88888888888889,12.78919860218325,13.66213756096231,14.694391949801204,0.8401801089012353,0.0,-0.5,-0.5,13.88888888888889,13.88888888888889
16,0.6000000000000001,False,0,4.0,1.0,0.0,True,13.907666666666666,12.281659272080912,13.772666666666662,-0.14303766298149068,0.8800000000000003,-0.6000000000000001,-0.6000000000000001,13.88888888888889,13.88888888888889,11.695203295312458,12.370708851971546,15.576595632457984,0.31698965835373283,-0.019999999999999574,-0.6000000000000001,-0.6000000000000001,13.88888888888889,13.88888888888889
16,0.7000000000000001,False,0,4.0,1.0,0.0,True,13.907666666666666,11.082970546212497,13.494888888888884,1.339801347342053,0.69,-0.7000000000000001,-0.7000000000000001,13.88888888888889,13.88888888888889,13.107666666666665,12.503126488706496,13.956111111111131,1.7551695812698198,-0.009999999999999343,-0.7000000000000001,-0.7000000000000001,13.88888888888889,13.88888888888889
16,0.8,False,0,4.0,1.0,0.0,True,13.907666666666666,13.507466298056837,13.772666666666662,1.6373047160629062,0.6400000000000001,-0.8,-0.8,13.88888888888889,13.88888888888889,13.107666666666665,7.089928061269501,14.237644444444452,0.2660934425884811,-2.220446049250313e-16,-0.8,-0.8,13.88888888888889,13.88888888888889
16,0.9,False,0,4.0,1.0,0.0,True,13.907666666666666,10.002023833092284,13.217111111111105,0.6020007867583117,0.33999999999999986,-0.9,-0.9,13.88888888888889,13.88888888888889,12.707666666666665,8.872083243390012,13.4896,0.015259479237414109,-0.02000000000000024,-0.9,-0.9,13.88888888888889,13.88888888888889
16,1.0,False,0,4.0,1.0,0.0,True,13.907666666666666,9.939817812812027,13.494888888888884,2.0159210600253616,0.30000000000000027,-1.0,-1.0,13.88888888888889,13.88888888888889,13.507666666666665,12.147442844877215,13.60925555555556,0.5359129006480425,0.0,-1.0,-1.0,13.88888888888889,13.88888888888889
16,1.1,False,0,4.0,1.0,0.0,True,13.907666666666666,12.423095998983722,13.772666666666662,-0.424561615837439,0.28000000000000025,-1.1,-1.1,13.88888888888889,13.88888888888889,13.507666666666665,14.324034906703044,13.887033333333331,0.5222674635373954,-0.0499999999999996,-1.1,-1.1,13.88888888888889,13.88888888888889
16,1.2000000000000002,False,0,4.0,1.0,0.0,True,13.907666666666666,13.274529436518115,14.328222222222223,-0.6538827417690953,0.3999999999999999,-1.2000000000000002,-1.2000000000000002,13.88888888888889,13.88888888888889,13.200396771446993,11.980378869258764,14.542165090155045,1.5536494596862904,-0.07999999999999963,-1.2000000000000002,-1.2000000000000002,13.88888888888889,13.88888888888889
16,1.3,False,0,4.0,1.0,0.0,True,13.907666666666666,10.969221074607166,13.772666666666662,0.4041515447209809,0.039999999999999813,-1.3,-1.3,13.88888888888889,13.88888888888889,13.507666666666665,13.150403040608051,13.810788888888883,-1.5177920573858323,-0.09000000000000008,-1.3,-1.3,13.88888888888889,13.88888888888889
16,1.4000000000000001,False,0,4.0,1.0,0.0,True,13.907666666666666,11.29494306227269,14.328222222222223,-0.0447913466191765,0.19999999999999973,-1.4000000000000001,-1.4000000000000001,13.88888888888889,13.88888888888889,13.507666666666665,11.847208953070414,14.404466666666671,0.471554054913351,-0.08000000000000007,-1.4000000000000001,-1.4000000000000001,13.88888888888889,13.88888888888889
16,1.5,False,0,4.0,1.0,0.0,True,13.907666666666666,13.629138243170953,14.605999999999998,1.6191331987976452,0.25,-1.5,-1.5,13.88888888888889,13.88888888888889,13.107666666666665,10.88934737920286,14.722244444444442,1.1458256043542252,-0.04999999999999982,-1.5,-1.5,13.88888888888889,13.88888888888889
16,1.6,False,0,4.0,1.0,0.0,True,13.907666666666666,12.210241551952134,14.605999999999998,0.6506600789740564,0.16000000000000014,-1.6,-1.6,13.88888888888889,13.88888888888889,13.193459742951443,14.864100261049327,14.713665136815965,-0.47936180560717556,-0.1599999999999997,-1.6,-1.6,13.88888888888889,13.88888888888889
16,1.7000000000000002,False,0,4.0,1.0,0.0,True,13.907666666666666,11.235357695944632,14.605999999999998,-0.6717088457592097,0.07000000000000028,-1.7000000000000002,-1.7000000000000002,13.88888888888889,13.88888888888889,13.507666666666665,13.006933339447087,14.644122222222222,0.9873186601194135,-0.09999999999999964,-1.7000000000000002,-1.7000000000000002,13.88888888888889,13.88888888888889
17,0.0,False,0,4.0,1.0,1.0,True,16.666666666666668,2.6743492303327345,-4.211111111111097,1.938384813455,1.6,0.0,0.0,13.88888888888889,13.88888888888889,,,,,,,,,
17,0.1,False,0,4.0,1.0,1.0,True,16.666666666666668,-3.5871261608946865,-4.211111111111097,1.0306422925389507,0.8300000000000014,-0.1,-0.1,13.88888888888889,13.88888888888889,16.666666666666668,25.322124990902903,19.12222222222176,-0.7568058784973732,-0.00999999999999579,-0.1,-0.1,13.88888888888889,13.88888888888889
17,0.2,False,0,4.0,1.0,0.0,True,13.907666666666666,9.528057357576412,9.28036111111113,-0.26053125349070627,0.9599999999999995,-0.2,-0.2,13.88888888888889,13.88888888888889,11.201215501574739,17.215269943787032,16.13879362116273,0.6442193878932891,-0.019999999999997353,-0.2,-0.2,13.88888888888889,13.88888888888889
17,0.30000000000000004,False,0,4.0,1.0,0.0,True,13.907666666666666,13.598331777614618,13.93933333333333,-0.31626330408487857,1.1500000000000004,-0.30000000000000004,-0.30000000000000004,13.88888888888889,13.88888888888889,11.591652377781259,18.4683511215113,20.898360328852217,1.2612975488694023,-0.020000000000001572,-0.30000000000000004,-0.30000000000000004,13.88888888888889,13.88888888888889
17,0.4,False,0,4.0,1.0,0.0,True,13.907666666666666,11.88816543071249,13.38377777777778,-0.2338176707100097,0.9199999999999999,-0.4,-0.4,13.88888888888889,13.88888888888889,11.516173522534048,16.04926975214539,16.41344541742853,-0.578796627726555,-6.661338147750939e-16,-0.4,-0.4,13.88888888888889,13.88888888888889
17,0.5,False,0,4.0,1.0,0.0,True,13.907666666666666,12.23455999962519,13.93933333333333,1.0236106766677473,0.8500000000000001,-0.5,-0.5,13.88888888888889,13.88888888888889,12.08249064889879,13.745666554821245,15.129928712887935,0.4847047173309269,0.0,-0.5,-0.5,13.88888888888889,13.88888888888889
17,0.6000000000000001,False,0,4.0,1.0,0.0,True,13.907666666666666,12.353902197173717,13.93933333333333,1.674873296185916,0.7000000000000002,-0.6000000000000001,-0.6000000000000001,13.88888888888889,13.88888888888889,11.89511425266731,13.320954068981475,15.754780437913457,-0.4482366967365443,-0.019999999999999574,-0.6000000000000001,-0.6000000000000001,13.88888888888889,13.88888888888889
17,0.7000000000000001,False,0,4.0,1.0,0.0,True,13.907666666666666,11.677514534254012,14.217111111111105,1.2795294945873592,0.6200000000000001,-0.7000000000000001,-0.7000000000000001,13.88888888888889,13.88888888888889,12.707666666666665,15.83723059240641,14.960211111111125,0.950832573633182,-0.009999999999999343,-0.7000000000000001,-0.7000000000000001,13.88888888888889,13.88888888888889
17,0.8,False,0,4.0,1.0,0.0,True,13.907666666666666,13.021704178739501,14.217111111111105,-0.811833191203382,0.48,-0.8,-0.8,13.88888888888889,13.88888888888889,12.742883300025794,14.108042336929227,14.711007113561958,0.16029772998419123,-2.220446049250313e-16,-0.8,-0.8,13.88888888888889,13.88888888888889
17,0.9,False,0,4.0,1.0,0.0,True,13.907666666666666,15.67625204414929,14.494888888888884,0.4451150154954009,0.4299999999999997,-0.9,-0.9,13.88888888888889,13.88888888888889,12.43955428255751,11.364528269319923,14.96080624226079,0.0395495666812804,-0.02000000000000024,-0.9,-0.9,13.88888888888889,13.88888888888889
17,1.0,False,0,4.0,1.0,0.0,True,13.907666666666666,14.10737065451848,14.494888888888884,1.0996618331515067,0.30000000000000027,-1.0,-1.0,13.88888888888889,13.88888888888889,13.507666666666665,13.721644773644105,14.60925555555556,-0.8412555992938817,0.0,-1.0,-1.0,13.88888888888889,13.88888888888889
17,1.1,False,0,4.0,1.0,0.0,True,13.907666666666666,11.774724408222848,14.772666666666662,0.5982330136630765,0.28000000000000025,-1.1,-1.1,13.88888888888889,13.88888888888889,13.107666666666665,13.686749474009542,14.96703333333333,-1.0095209438660129,-0.0499999999999996,-1.1,-1.1,13.88888888888889,13.88888888888889
17,1.2000000000000002,False,0,4.0,1.0,0.0,True,13.907666666666666,13.751038675894517,15.050444444444441,0.6558741540116739,0.28000000000000025,-1.2000000000000002,-1.2000000000000002,13.88888888888889,13.88888888888889,12.838644908735587,11.475325808265527,15.26313520561072,0.1135926302218091,-0.07999999999999963,-1.2000000000000002,-1.2000000000000002,13.88888888888889,13.88888888888889
17,1.3,False,0,4.0,1.0,0.0,True,13.907666666666666,12.263350864127425,15.328222222222223,2.3310748577459335,0.2999999999999998,-1.3,-1.3,13.88888888888889,13.88888888888889,13.11821779395352,13.605757993668384,15.520478663431518,0.744927071809312,-0.09000000000000008,-1.3,-1.3,13.88888888888889,13.88888888888889
17,1.4000000000000001,False,0,4.0,1.0,0.0,True,13.907666666666666,13.914098491993368,15.050444444444441,2.2433485687409607,0.05999999999999983,-1.4000000000000001,-1.4000000000000001,13.88888888888889,13.88888888888889,13.507666666666665,15.059798234453812,15.088566666666669,-0.11433459083181141,-0.08000000000000007,-1.4000000000000001,-1.4000000000000001,13.88888888888889,13.88888888888889
17,1.5,False,0,4.0,1.0,0.0,True,13.907666666666666,13.745923176184558,15.883777777777777,-0.21262518704638422,0.3999999999999999,-1.5,-1.5,13.88888888888889,13.88888888888889,13.11277768902006,15.853177453922559,16.077122239973765,0.2532122154488481,-0.04999999999999982,-1.5,-1.5,13.88888888888889,13.88888888888889
17,1.6,False,0,4.0,1.0,0.0,True,13.907666666666666,15.565500897679772,15.883777777777777,-0.7000323675314735,0.3200000000000003,-1.6,-1.6,13.88888888888889,13.88888888888889,13.232718278559107,15.881594550910648,16.01931827727624,-1.0006086286524758,-0.1599999999999997,-1.6,-1.6,13.88888888888889,13.88888888888889
17,1.7000000000000002,False,0,4.0,1.0,0.0,True,13.907666666666666,12.356035589963295,15.883777777777777,-0.14476756458532902,0.2400000000000002,-1.7000000000000002,-1.7000000000000002,13.88888888888889,13.88888888888889,13.507666666666665,15.091175655276867,15.960022222222225,-0.9489338735138491,-0.09999999999999964,-1.7000000000000002,-1.7000000000000002,13.88888888888889,13.88888888888889
18,0.0,False,0,4.0,1.0,1.0,True,16.666666666666668,1.2208857626152083,-4.222222222222217,1.1053985638322046,1.6,0.0,0.0,13.88888888888889,13.88888888888889,,,,,,,,,
18,0.1,False,0,4.0,1.0,1.0,True,14.201666666666668,0.5167046744560908,0.7579888888890141,1.551574677760875,0.930000000000001,-0.1,-0.1,13.88888888888889,13.88888888888889,9.669634285059448,28.990908616118315,31.757388320395517,0.3859068713917604,-0.00999999999999579,-0.1,-0.1,13.88888888888889,13.88888888888889
18,0.2,False,0,4.0,1.0,0.0,True,13.907666666666666,13.336985553175264,12.16155555555557,1.784438224732646,1.1,-0.2,-0.2,13.88888888888889,13.88888888888889,11.114440503520086,21.898373369383545,23.793033828299382,-0.0997797356869925,-0.019999999999997353,-0.2,-0.2,13.88888888888889,13.88888888888889
18,0.30000000000000004,False,0,4.0,1.0,0.0,True,13.907666666666666,8.55232828513838,14.661555555555559,2.52199831997031,1.12,-0.30000000000000004,-0.30000000000000004,13.88888888888889,13.88888888888889,11.81479938854297,16.626669596286018,19.474982323571805,1.4308271620628052,-0.020000000000001572,-0.30000000000000004,-0.30000000000000004,13.88888888888889,13.88888888888889
18,0.4,False,0,4.0,1.0,0.0,True,13.907666666666666,16.12792246040248,14.661555555555559,1.3838829712060972,0.96,-0.4,-0.4,13.88888888888889,13.88888888888889,11.843911357155235,18.928883657055028,17.72182328134547,-1.477136493587164,-6.661338147750939e-16,-0.4,-0.4,13.88888888888889,13.88888888888889
18,0.5,False,0,4.0,1.0,0.0,True,13.907666666666666,12.098145432104776,15.217111111111105,0.5042746320879199,0.8999999999999999,-0.5,-0.5,13.88888888888889,13.88888888888889,12.309401173203765,12.490560286916573,16.89436935092949,-1.5190360888726846,0.0,-0.5,-0.5,13.88888888888889,13.88888888888889
18,0.6000000000000001,False,0,4.0,1.0,0.0,True,13.907666666666666,13.014753307589412,15.217111111111105,1.2577711200157666,0.7600000000000002,-0.6000000000000001,-0.6000000000000001,13.88888888888889,13.88888888888889,12.505564634562846,14.492244882843561,16.693751016051923,0.2958168960091707,-0.019999999999999574,-0.6000000000000001,-0.6000000000000001,13.88888888888889,13.88888888888889
18,0.7000000000000001,False,0,4.0,1.0,0.0,True,13.907666666666666,11.68229620851275,15.217111111111105,0.8559694429111562,0.6200000000000001,-0.7000000000000001,-0.7000000000000001,13.88888888888889,13.88888888888889,12.519423683067467,9.877060706664476,16.034311725954897,0.17716888978463574,-0.009999999999999343,-0.7000000000000001,-0.7000000000000001,13.88888888888889,13.88888888888889
18,0.8,False,0,4.0,1.0,0.0,True,13.907666666666666,11.907288180305795,15.217111111111105,0.5252111154538532,0.48,-0.8,-0.8,13.88888888888889,13.88888888888889,13.107666666666665,16.63318979577446,15.605844444444454,-0.0854083823394487,-2.220446049250313e-16,-0.8,-0.8,13.88888888888889,13.88888888888889
18,0.9,False,0,4.0,1.0,0.0,True,13.907666666666666,16.386806793361462,15.494888888888884,0.46753325014897884,0.4299999999999997,-0.9,-0.9,13.88888888888889,13.88888888888889,13.171930268132812,12.005023535330317,15.813368199266918,1.2774411124296572,-0.02000000000000024,-0.9,-0.9,13.88888888888889,13.88888888888889
18,1.0,False,0,4.0,1.0,0.0,True,13.907666666666666,16.461558737187165,15.772666666666662,-0.2279285305701264,0.3999999999999999,-1.0,-1.0,13.88888888888889,13.88888888888889,13.174902719347841,14.340859426544665,15.978261134483088,-0.4263404868622378,0.0,-1.0,-1.0,13.88888888888889,13.88888888888889
18,1.1,False,0,4.0,1.0,0.0,True,13.907666666666666,13.965954115642244,16.605999999999998,-1.4776256699584183,0.6100000000000003,-1.1,-1.1,13.88888888888889,13.88888888888889,12.957707079102212,15.22848291879448,16.949210532768422,-0.9029201395618018,-0.0499999999999996,-1.1,-1.1,13.88888888888889,13.88888888888889
18,1.2000000000000002,False,0,4.0,1.0,0.0,True,13.907666666666666,16.122573495832455,16.328222222222223,2.042398651471645,0.3999999999999999,-1.2000000000000002,-1.2000000000000002,13.88888888888889,13.88888888888889,13.273102637613405,16.213443074812925,16.54570466223895,0.25110412769309853,-0.07999999999999963,-1.2000000000000002,-1.2000000000000002,13.88888888888889,13.88888888888889
18,1.3,False,0,4.0,1.0,0.0,True,13.907666666666666,13.3605410483942,15.494888888888884,-0.6623491834113087,-0.09000000000000008,-1.3,-1.3,13.88888888888889,13.88888888888889,13.907666666666666,13.3605410483942,15.494888888888884,-0.6623491834113087,-0.09000000000000008,-1.3,-1.3,13.88888888888889,13.88888888888889
18,1.4000000000000001,False,0,4.0,1.0,0.0,True,13.907666666666666,13.355505896928218,16.05044444444444,0.5751262700840374,0.05999999999999983,-1.4000000000000001,-1.4000000000000001,13.88888888888889,13.88888888888889,13.507666666666665,14.471553944671431,16.08856666666667,-0.22268046930125784,-0.08000000000000007,-1.4000000000000001,-1.4000000000000001,13.88888888888889,13.88888888888889
18,1.5,False,0,4.0,1.0,0.0,True,13.907666666666666,14.927290364521287,16.605999999999998,1.1390593392341262,0.25,-1.5,-1.5,13.88888888888889,13.88888888888889,13.513893765531947,11.694133967969108,16.680999024671387,-0.10575839312182955,-0.04999999999999982,-1.5,-1.5,13.88888888888889,13.88888888888889
18,1.6,False,0,4.0,1.0,0.0,True,13.907666666666666,13.76383897775603,16.328222222222223,0.45185651214722045,2.220446049250313e-16,-1.6,-1.6,13.88888888888889,13.88888888888889,13.507666666666665,15.03412294170164,16.366344444444444,0.5164962941146807,-0.1599999999999997,-1.6,-1.6,13.88888888888889,13.88888888888889
18,1.7000000000000002,False,0,4.0,1.0,0.0,True,13.907666666666666,16.174795127155054,16.883777777777777,-0.9461898855996418,0.2400000000000002,-1.7000000000000002,-1.7000000000000002,13.88888888888889,13.88888888888889,13.563499793919528,17.72715170146949,16.948855596771654,-0.40105672988066887,-0.09999999999999964,-1.7000000000000002,-1.7000000000000002,13.88888888888889,13.88888888888889
19,0.0,False,0,4.0,1.0,1.0,True,16.666666666666668,-1.9034734597317025,-4.266666666666725,1.3388441450544262,1.6,0.0,0.0,13.88888888888889,13.88888888888889,,,,,,,,,
19,0.1,False,0,4.0,1.0,0.0,True,13.907666666666666,1.435200075940398,4.694388888889034,1.0097380154086317,1.0200000000000005,-0.1,-0.1,13.88888888888889,13.88888888888889,10.894305825372138,30.617628128211418,30.807823246192935,-0.5980941761125194,-0.00999999999999579,-0.1,-0.1,13.88888888888889,13.88888888888889
19,0.2,False,0,4.0,1.0,0.0,True,13.907666666666666,9.924546734626109,14.563094444444449,1.5022854268700838,1.2000000000000002,-0.2,-0.2,13.88888888888889,13.88888888888889,11.974650549922698,22.520409300777754,23.124879759160915,0.5427095518302156,-0.019999999999997353,-0.2,-0.2,13.88888888888889,13.88888888888889
19,0.30000000000000004,False,0,4.0,1.0,0.0,True,13.907666666666666,11.070518194435923,15.421727777777779,2.27063942563418,1.0900000000000003,-0.30000000000000004,-0.30000000000000004,13.88888888888889,13.88888888888889,11.948241423290625,17.14134237633618,20.795135794378307,1.5775285206766454,-0.020000000000001572,-0.30000000000000004,-0.30000000000000004,13.88888888888889,13.88888888888889
19,0.4,False,0,4.0,1.0,0.0,True,13.907666666666666,15.669090141954722,15.105999999999998,2.6239157606030035,0.8799999999999999,-0.4,-0.4,13.88888888888889,13.88888888888889,11.862424125796752,11.485600750687748,17.60776041039585,-1.5010883490494171,-6.661338147750939e-16,-0.4,-0.4,13.88888888888889,13.88888888888889
19,0.5,False,0,4.0,1.0,0.0,True,13.96864689292657,14.365414768807117,15.65545753292957,1.7960414435366396,0.8000000000000003,-0.5,-0.5,13.88888888888889,13.88888888888889,11.875773586380328,15.591270215165384,17.70271776800094,1.156204202101692,0.0,-0.5,-0.5,13.88888888888889,13.88888888888889
19,0.6000000000000001,False,0,4.0,1.0,0.0,True,13.907666666666666,16.885775422390534,16.217111111111105,1.5749085322415892,0.7600000000000002,-0.6000000000000001,-0.6000000000000001,13.88888888888889,13.88888888888889,12.5834639389019,13.267960817620295,17.02419464522443,-0.7836424618356659,-0.019999999999999574,-0.6000000000000001,-0.6000000000000001,13.88888888888889,13.88888888888889
19,0.7000000000000001,False,0,4.0,1.0,0.0,True,13.907666666666666,14.97055912625655,16.772666666666662,-1.0188011315236731,0.7600000000000002,-0.7000000000000001,-0.7000000000000001,13.88888888888889,13.88888888888889,12.024642320025878,15.566149713996484,18.023457349856603,-1.7366357869246618,-0.009999999999999343,-0.7000000000000001,-0.7000000000000001,13.88888888888889,13.88888888888889
19,0.8,False,0,4.0,1.0,0.0,True,13.92060780524717,13.900212158884152,16.493594775030836,1.4580451669217989,0.56,-0.8,-0.8,13.88888888888889,13.88888888888889,12.212076087972175,13.498200584961474,17.170809824712933,-0.3247721201663092,-2.220446049250313e-16,-0.8,-0.8,13.88888888888889,13.88888888888889
19,0.9,False,0,4.0,1.0,0.0,True,13.907666666666666,12.784421808646432,16.772666666666662,1.6279647630165939,0.52,-0.9,-0.9,13.88888888888889,13.88888888888889,13.107666666666665,16.11507668185173,17.201399999999996,0.4009444449936024,-0.02000000000000024,-0.9,-0.9,13.88888888888889,13.88888888888889
19,1.0,False,0,4.0,1.0,0.0,True,13.907666666666666,16.98688226266618,16.772666666666662,0.14897747437622755,0.3999999999999999,-1.0,-1.0,13.88888888888889,13.88888888888889,13.273270609595428,10.88038960619097,16.986661860456454,1.7723895503617628,0.0,-1.0,-1.0,13.88888888888889,13.88888888888889
19,1.1,False,0,4.0,1.0,0.0,True,13.946797717081427,13.824631940158056,17.324309117180746,-0.9703929826519444,0.5000000000000004,-1.1,-1.1,13.88888888888889,13.88888888888889,13.255119494636238,16.307159908248288,17.61202599206255,0.45555122372558854,-0.0499999999999996,-1.1,-1.1,13.88888888888889,13.88888888888889
19,1.2000000000000002,False,0,4.0,1.0,0.0,True,13.913651779361935,14.140225124527596,16.772068155397136,0.9940633226673072,0.16000000000000014,-1.2000000000000002,-1.2000000000000002,13.88888888888889,13.88888888888889,13.114439167253364,17.85800097903941,16.887036838513374,0.08085711265949813,-0.07999999999999963,-1.2000000000000002,-1.2000000000000002,13.88888888888889,13.88888888888889
19,1.3,False,0,4.0,1.0,0.0,True,13.907666666666666,13.33370095803166,17.05044444444444,1.0144724162444656,0.16999999999999993,-1.3,-1.3,13.88888888888889,13.88888888888889,13.290629056904912,15.095659218180938,17.148392649865063,-0.7173002802694297,-0.09000000000000008,-1.3,-1.3,13.88888888888889,13.88888888888889
19,1.4000000000000001,False,0,4.0,1.0,0.0,True,13.934008280705758,14.89142821157116,17.598097515788268,1.8618187071905181,0.33999999999999986,-1.4000000000000001,-1.4000000000000001,13.88888888888889,13.88888888888889,13.535588721183643,16.13545991990347,17.704087566099847,-1.3454852698969346,-0.08000000000000007,-1.4000000000000001,-1.4000000000000001,13.88888888888889,13.88888888888889
19,1.5,False,0,4.0,1.0,0.0,True,13.971846341632338,16.00564142849209,17.87314222116521,0.031627752483655236,0.3999999999999999,-1.5,-1.5,13.88888888888889,13.88888888888889,13.612806426229975,17.0786907883255,17.955966959962883,0.6401214844425098,-0.04999999999999982,-1.5,-1.5,13.88888888888889,13.88888888888889
19,1.6,False,0,4.0,1.0,0.0,True,13.907666666666666,18.835811967771896,18.16155555555556,1.9145182525336337,0.48,-1.6,-1.6,13.88888888888889,13.88888888888889,13.390033090614871,15.82239620265791,18.277313902434262,1.1878078554176286,-0.1599999999999997,-1.6,-1.6,13.88888888888889,13.88888888888889
19,1.7000000000000002,False,0,4.0,1.0,0.0,True,13.929927898277292,14.585841000755149,18.15710330923343,-0.9967721609338425,0.41000000000000014,-1.7000000000000002,-1.7000000000000002,13.88888888888889,13.88888888888889,13.283372602748983,18.280670241521495,18.28944713596974,1.1376248052713263,-0.09999999999999964,-1.7000000000000002,-1.7000000000000002,13.88888888888889,13.88888888888889
20,0.0,False,0,4.0,1.0,1.0,True,16.666666666666668,2.3598158037383827,-4.16666666666656,2.2734039574936227,1.6,0.0,0.0,13.88888888888889,13.88888888888889,,,,,,,,,
20,0.1,False,0,4.0,1.0,1.0,True,13.907666666666666,-2.184555438277644,3.1709666666667546,0.27813926542571155,0.9400000000000008,-0.1,-0.1,13.88888888888889,13.88888888888889,9.812502967222125,29.97376600279649,28.764916080041484,0.815226365911689,-0.00999999999999579,-0.1,-0.1,13.88888888888889,13.88888888888889
20,0.2,False,0,4.0,1.0,0.0,True,13.907666666666666,14.220000338784484,15.27266666666667,2.1245155000695912,1.1800000000000002,-0.2,-0.2,13.88888888888889,13.88888888888889,11.888910961218055,21.82678267319373,23.080456596759728,0.27932171031559694,-0.019999999999997353,-0.2,-0.2,13.88888888888889,13.88888888888889
20,0.30000000000000004,False,0,4.0,1.0,0.0,True,13.907666666666666,13.36256562284968,16.93933333333333,1.092922901950224,1.1500000000000004,-0.30000000000000004,-0.30000000000000004,13.88888888888889,13.88888888888889,12.244482414409193,15.505350781107989,21.407133330588348,0.18556655173944847,-0.020000000000001572,-0.30000000000000004,-0.30000000000000004,13.88888888888889,13.88888888888889
20,0.4,False,0,4.0,1.0,0.0,True,13.907666666666666,11.835789219497315,16.66155555555556,2.1902538273203755,0.96,-0.4,-0.4,13.88888888888889,13.88888888888889,12.081372783205373,20.528796387177547,20.02074062582167,0.5887202273781509,-6.661338147750939e-16,-0.4,-0.4,13.88888888888889,13.88888888888889
20,0.5,False,0,4.0,1.0,0.0,True,13.907666666666666,16.66173526094027,16.93933333333333,0.19194804616633876,0.8500000000000001,-0.5,-0.5,13.88888888888889,13.88888888888889,12.58342109109376,17.480275006763687,18.13422667160084,-0.029362001831227502,0.0,-0.5,-0.5,13.88888888888889,13.88888888888889
20,0.6000000000000001,False,0,4.0,1.0,0.0,True,13.98300153437133,15.79893421427041,17.483125673372427,2.171133421906583,0.8200000000000003,-0.6000000000000001,-0.6000000000000001,13.88888888888889,13.88888888888889,12.493997753513538,17.312833127848666,19.004988010228278,0.24865513707772502,-0.019999999999999574,-0.6000000000000001,-0.6000000000000001,13.88888888888889,13.88888888888889
20,0.7000000000000001,False,0,4.0,1.0,0.0,True,13.907666666666666,14.917699336182789,17.772666666666662,1.6249697020142748,0.7600000000000002,-0.7000000000000001,-0.7000000000000001,13.88888888888889,13.88888888888889,12.775738106162901,12.908817282866945,18.637738470372515,0.12598985342333524,-0.009999999999999343,-0.7000000000000001,-0.7000000000000001,13.88888888888889,13.88888888888889
20,0.8,False,0,4.0,1.0,0.0,True,13.931658695472583,13.842287711268337,17.492489686008295,-0.11357430590054474,0.56,-0.8,-0.8,13.88888888888889,13.88888888888889,12.957948560181281,13.047103482831389,17.994112701172256,0.8253582735491656,-2.220446049250313e-16,-0.8,-0.8,13.88888888888889,13.88888888888889
20,0.9,False,0,4.0,1.0,0.0,True,13.907666666666666,14.663618653677819,17.772666666666662,2.1715176445464066,0.52,-0.9,-0.9,13.88888888888889,13.88888888888889,13.282967100389337,15.487138752957133,18.046339913255462,-1.8950134806812038,-0.02000000000000024,-0.9,-0.9,13.88888888888889,13.88888888888889
20,1.0,False,0,4.0,1.0,0.0,True,13.917508530118406,17.371724545054885,17.493904702543713,-0.5425833132377131,0.30000000000000027,-1.0,-1.0,13.88888888888889,13.88888888888889,13.619619797867891,11.96573122387445,17.57468542985002,0.2892564394861319,0.0,-1.0,-1.0,13.88888888888889,13.88888888888889
20,1.1,False,0,4.0,1.0,0.0,True,13.907666666666666,17.765957831150786,18.328222222222223,0.4576914333570703,0.5000000000000004,-1.1,-1.1,13.88888888888889,13.88888888888889,13.400135065688412,18.626375902338836,18.48194471798473,-0.39982180725824534,-0.0499999999999996,-1.1,-1.1,13.88888888888889,13.88888888888889
20,1.2000000000000002,False,0,4.0,1.0,0.0,True,13.931301177162828,14.944510888680053,18.32349532012299,0.7798231096918187,0.3999999999999999,-1.2000000000000002,-1.2000000000000002,13.88888888888889,13.88888888888889,13.180972530035318,20.344958376065495,18.535792976843272,1.1604071140153822,-0.07999999999999963,-1.2000000000000002,-1.2000000000000002,13.88888888888889,13.88888888888889
20,1.3,False,0,4.0,1.0,0.0,True,13.978041939246742,17.547088189029264,18.314147167706206,1.2665924760353602,0.2999999999999998,-1.3,-1.3,13.88888888888889,13.88888888888889,13.083134087714539,18.883395051370357,18.472249520155714,0.7090332158670694,-0.09000000000000008,-1.3,-1.3,13.88888888888889,13.88888888888889
20,1.4000000000000001,False,0,4.0,1.0,0.0,True,14.008399597890037,17.790572293136545,18.58585341375532,1.116633912338759,0.33999999999999986,-1.4000000000000001,-1.4000000000000001,13.88888888888889,13.88888888888889,13.385982572086451,13.6092240699783,18.670937902055645,1.6883123053214475,-0.08000000000000007,-1.4000000000000001,-1.4000000000000001,13.88888888888889,13.88888888888889
20,1.5,False,0,4.0,1.0,0.0,True,13.97761459544485,16.690334859564427,18.595874174816306,0.2101774784285575,0.25,-1.5,-1.5,13.88888888888889,13.88888888888889,13.644855030048848,12.076206590639089,18.644680946584316,-0.010530448816382876,-0.04999999999999982,-1.5,-1.5,13.88888888888889,13.88888888888889
20,1.6,False,0,4.0,1.0,0.0,True,13.945828393398886,17.384100038657486,18.32058987687578,0.02654351827681012,2.220446049250313e-16,-1.6,-1.6,13.88888888888889,13.88888888888889,13.644653116251936,16.625208693824764,18.345013454139472,0.9676548727427492,-0.1599999999999997,-1.6,-1.6,13.88888888888889,13.88888888888889
20,1.7000000000000002,False,0,4.0,1.0,0.0,True,13.94283503657625,15.024637442230112,19.1580387185646,0.8471361104231674,0.41000000000000014,-1.7000000000000002,-1.7000000000000002,13.88888888888889,13.88888888888889,13.548615172965253,16.359283793275182,19.260120833341688,0.6699327802686943,-0.09999999999999964,-1.7000000000000002,-1.7000000000000002,13.88888888888889,13.88888888888889
21,0.0,False,0,4.0,1.0,1.0,True,16.666666666666668,-1.3214225995199795,-4.277777777777618,1.0447459609993772,1.6,0.0,0.0,13.88888888888889,13.88888888888889,,,,,,,,,
21,0.1,False,0,4.0,1.0,1.0,True,13.981166666666667,2.036445544484349,2.002594444444566,0.13188122709877392,0.8600000000000012,-0.1,-0.1,13.88888888888889,13.88888888888889,10.003163584317893,24.852465684848863,26.416816678871054,0.3886734602158435,-0.00999999999999579,-0.1,-0.1,13.88888888888889,13.88888888888889
21,0.2,False,0,4.0,1.0,0.0,True,13.907666666666666,13.57328811752446,14.745150000000006,1.300754434082609,1.06,-0.2,-0.2,13.88888888888889,13.88888888888889,11.621696496343723,21.30242186317572,24.171607824144456,0.5013581846752397,-0.019999999999997353,-0.2,-0.2,13.88888888888889,13.88888888888889
21,0.30000000000000004,False,0,4.0,1.0,0.0,True,13.909557103410329,18.21787817613159,17.66117746820683,0.09587509457014698,1.12,-0.30000000000000004,-0.30000000000000004,13.88888888888889,13.88888888888889,12.529471603811253,18.41881808706874,21.326871083414726,-1.567314498655497,-0.020000000000001572,-0.30000000000000004,-0.30000000000000004,13.88888888888889,13.88888888888889
21,0.4,False,0,4.0,1.0,0.0,True,13.924678295644087,17.050532364008262,17.658153229760075,0.1011055114356707,0.96,-0.4,-0.4,13.88888888888889,13.88888888888889,12.328710937569438,18.960409265714492,19.67727661935334,0.679211195233814,-6.661338147750939e-16,-0.4,-0.4,13.88888888888889,13.88888888888889
21,0.5,False,0,4.0,1.0,0.0,True,13.955097774889621,19.70841566775193,18.49014577806659,1.2980334186080436,0.9500000000000002,-0.5,-0.5,13.88888888888889,13.88888888888889,12.495352750497837,17.743384814792048,19.74127744627422,-0.5618264019365993,0.0,-0.5,-0.5,13.88888888888889,13.88888888888889
21,0.6000000000000001,False,0,4.0,1.0,0.0,True,13.946602605525376,17.62800462480125,18.212874723093698,1.3070299796446068,0.7600000000000002,-0.6000000000000001,-0.6000000000000001,13.88888888888889,13.88888888888889,12.835792918475414,20.27174736103265,19.11468196365843,-1.473580717070272,-0.019999999999999574,-0.6000000000000001,-0.6000000000000001,13.88888888888889,13.88888888888889
21,0.7000000000000001,False,0,4.0,1.0,0.0,True,13.943086146645854,16.451469244226782,18.21002721511527,2.1351412798632876,0.6200000000000001,-0.7000000000000001,-0.7000000000000001,13.88888888888889,13.88888888888889,13.058963302865118,16.862342217906946,18.599045737803362,1.2842013003327604,-0.009999999999999343,-0.7000000000000001,-0.7000000000000001,13.88888888888889,13.88888888888889
21,0.8,False,0,4.0,1.0,0.0,True,13.969247180389212,17.219355567986362,17.933175281961077,0.029230885674404128,0.3999999999999999,-0.8,-0.8,13.88888888888889,13.88888888888889,13.205478709276873,15.675018546038796,18.139970455011106,-1.3374189263570782,-2.220446049250313e-16,-0.8,-0.8,13.88888888888889,13.88888888888889
21,0.9,False,0,4.0,1.0,0.0,True,13.907666666666666,15.551598146771905,18.217111111111105,-0.8801920299365751,0.33999999999999986,-0.9,-0.9,13.88888888888889,13.88888888888889,13.290133505027933,16.1760630004003,18.406896192701208,-0.6026933342548131,-0.02000000000000024,-0.9,-0.9,13.88888888888889,13.88888888888889
21,1.0,False,0,4.0,1.0,0.0,True,13.965646198194653,16.977644853050066,18.489090935736087,0.08635868247116352,0.30000000000000027,-1.0,-1.0,13.88888888888889,13.88888888888889,13.089317536814823,16.397938340211947,18.639862756981454,-1.8916232871924559,0.0,-1.0,-1.0,13.88888888888889,13.88888888888889
21,1.1,False,0,4.0,1.0,0.0,True,13.939285719791107,11.94386804930814,19.047282539131995,1.0722701611280598,0.3900000000000001,-1.1,-1.1,13.88888888888889,13.88888888888889,13.315764743319807,17.874656929550095,19.209475904418237,0.804603153141147,-0.0499999999999996,-1.1,-1.1,13.88888888888889,13.88888888888889
21,1.2000000000000002,False,0,4.0,1.0,0.0,True,13.907666666666666,15.918719958792185,19.05044444444444,0.5031611474584583,0.28000000000000025,-1.2000000000000002,-1.2000000000000002,13.88888888888889,13.88888888888889,13.553317169811269,19.7321294674629,19.151115960167726,-0.2859036311561425,-0.07999999999999963,-1.2000000000000002,-1.2000000000000002,13.88888888888889,13.88888888888889
21,1.3,False,0,4.0,1.0,0.0,True,13.972839809927267,17.505655687814027,19.04140462287628,0.7208386675359884,0.16999999999999993,-1.3,-1.3,13.88888888888889,13.88888888888889,13.672875795452223,18.130210634749048,19.08460724156361,0.5564109701336943,-0.09000000000000008,-1.3,-1.3,13.88888888888889,13.88888888888889
21,1.4000000000000001,False,0,4.0,1.0,0.0,True,13.907666666666666,18.776282210187652,19.328222222222223,0.4245245676068756,0.19999999999999973,-1.4000000000000001,-1.4000000000000001,13.88888888888889,13.88888888888889,13.666945845554944,17.55379854880423,19.372610830889016,0.5980803408420297,-0.08000000000000007,-1.4000000000000001,-1.4000000000000001,13.88888888888889,13.88888888888889
21,1.5,False,0,4.0,1.0,0.0,True,14.001581939842955,17.942504529023722,19.313248456789204,-1.3283591876353624,0.10000000000000009,-1.5,-1.5,13.88888888888889,13.88888888888889,13.714989008531827,18.097847174157984,19.330638444824906,0.4014094013819922,-0.04999999999999982,-1.5,-1.5,13.88888888888889,13.88888888888889
21,1.6,False,0,4.0,1.0,0.0,True,13.928923922460049,19.961648621064587,19.853177397051933,-0.5979533169062146,0.16000000000000014,-1.6,-1.6,13.88888888888889,13.88888888888889,13.732245143947225,15.60081620937914,19.884506146040266,0.25260953379143114,-0.1599999999999997,-1.6,-1.6,13.88888888888889,13.88888888888889
21,1.7000000000000002,False,0,4.0,1.0,0.0,True,14.03570797457553,21.511614552245288,20.145974144690268,-0.9596974946005286,0.41000000000000014,-1.7000000000000002,-1.7000000000000002,13.88888888888889,13.88888888888889,13.884395251051565,18.224497010852165,20.147322236041465,1.5299825044146629,-0.09999999999999964,-1.7000000000000002,-1.7000000000000002,13.88888888888889,13.88888888888889
22,0.0,False,0,4.0,1.0,0.0,True,16.666666666666668,-3.635907563586545,-4.211111111111324,2.0179994687152276,1.6,0.0,0.0,13.88888888888889,13.88888888888889,,,,,,,,,
22,0.1,False,0,4.0,1.0,1.0,True,14.181166666666666,6.507178877780331,5.716272222222398,1.2487033575945987,0.9600000000000009,-0.1,-0.1,13.88888888888889,13.88888888888889,10.67892827528415,27.250693528647513,30.34474432864611,-1.458417563361602,-0.00999999999999579,-0.1,-0.1,13.88888888888889,13.88888888888889
22,0.2,False,0,4.0,1.0,0.0,True,13.952348974315761,14.919366315478666,17.54597621367954,2.3615391837810624,1.2000000000000002,-0.2,-0.2,13.88888888888889,13.88888888888889,12.690343603194435,18.28274229062708,22.91161918962325,-0.026193097985822034,-0.019999999999997353,-0.2,-0.2,13.88888888888889,13.88888888888889
22,0.30000000000000004,False,0,4.0,1.0,0.0,True,13.935642925395937,14.601740895315661,18.65316267793678,0.055476434025842236,1.12,-0.30000000000000004,-0.30000000000000004,13.88888888888889,13.88888888888889,12.434684413122813,23.57032141194821,22.347900316899594,3.165439513817194,-0.020000000000001572,-0.30000000000000004,-0.30000000000000004,13.88888888888889,13.88888888888889
22,0.4,False,0,4.0,1.0,0.0,True,13.95708004766677,18.857237658891968,18.924524731441096,1.5367458926940154,1.0,-0.4,-0.4,13.88888888888889,13.88888888888889,12.606933390529088,21.204766463604383,20.97140538370925,-0.05003237567024965,-6.661338147750939e-16,-0.4,-0.4,13.88888888888889,13.88888888888889
22,0.5,False,0,4.0,1.0,0.0,True,13.997986674707839,16.368067623230754,19.202694631840263,0.9132694251956037,0.8999999999999999,-0.5,-0.5,13.88888888888889,13.88888888888889,12.486465235843735,18.82474572581926,20.302657037270425,0.19717276904573744,0.0,-0.5,-0.5,13.88888888888889,13.88888888888889
22,0.6000000000000001,False,0,4.0,1.0,0.0,True,13.92657779344498,16.34649228661127,19.215219998433273,2.061908097247966,0.7600000000000002,-0.6000000000000001,-0.6000000000000001,13.88888888888889,13.88888888888889,12.87107995743727,15.550798243734103,20.08055546379317,-0.2999315432974434,-0.019999999999999574,-0.6000000000000001,-0.6000000000000001,13.88888888888889,13.88888888888889
22,0.7000000000000001,False,0,4.0,1.0,0.0,True,13.963355454944296,15.84245879454025,19.7670977878389,0.57027688042839,0.7600000000000002,-0.7000000000000001,-0.7000000000000001,13.88888888888889,13.88888888888889,13.044339371148116,17.133034966217426,20.162905973271346,-0.4986338582806409,-0.009999999999999343,-0.7000000000000001,-0.7000000000000001,13.88888888888889,13.88888888888889
22,0.8,False,0,4.0,1.0,0.0,True,14.05189950691165,13.713386078880507,19.47903961158796,1.5435531392529902,0.56,-0.8,-0.8,13.88888888888889,13.88888888888889,12.644799620013174,16.53587392137948,20.10152973678404,2.157669664261038,-2.220446049250313e-16,-0.8,-0.8,13.88888888888889,13.88888888888889
22,0.9,False,0,4.0,1.0,0.0,True,14.096814123531018,14.654011354273301,19.192461966734854,1.571946296862846,0.33999999999999986,-0.9,-0.9,13.88888888888889,13.88888888888889,13.702117593497178,17.12463583954829,19.267170484891537,0.8325863286364181,-0.02000000000000024,-0.9,-0.9,13.88888888888889,13.88888888888889
22,1.0,False,0,4.0,1.0,0.0,True,13.958456863238819,14.509774781975487,19.748662009818872,0.13105890641991014,0.3999999999999999,-1.0,-1.0,13.88888888888889,13.88888888888889,13.28321473070283,20.234234981012328,19.9634074598397,-1.3367760975554566,0.0,-1.0,-1.0,13.88888888888889,13.88888888888889
22,1.1,False,0,4.0,1.0,0.0,True,13.996518296949526,17.741251579986635,20.04019412169509,1.1817645481992418,0.3900000000000001,-1.1,-1.1,13.88888888888889,13.88888888888889,13.702684464008605,19.709827614836097,20.114675891647206,0.446555357950142,-0.0499999999999996,-1.1,-1.1,13.88888888888889,13.88888888888889
22,1.2000000000000002,False,0,4.0,1.0,0.0,True,14.013824662368439,14.508431446301202,20.039828644874262,1.6217880996369343,0.28000000000000025,-1.2000000000000002,-1.2000000000000002,13.88888888888889,13.88888888888889,13.508421018967702,16.074589501877472,20.143428641510543,0.6861778916439052,-0.07999999999999963,-1.2000000000000002,-1.2000000000000002,13.88888888888889,13.88888888888889
22,1.3,False,0,4.0,1.0,0.0,True,14.044206492897416,17.592167477817984,19.75294972500564,1.8251034628305667,0.039999999999999813,-1.3,-1.3,13.88888888888889,13.88888888888889,13.73819560280164,15.5855481672655,19.76801905361436,1.7134038806246452,-0.09000000000000008,-1.3,-1.3,13.88888888888889,13.88888888888889
22,1.4000000000000001,False,0,4.0,1.0,0.0,True,14.059209576812647,20.517105419928487,20.582483414593217,-1.4382937162276206,0.33999999999999986,-1.4000000000000001,-1.4000000000000001,13.88888888888889,13.88888888888889,13.554902890918848,19.909665111697606,20.620554624545775,-0.947629442041986,-0.08000000000000007,-1.4000000000000001,-1.4000000000000001,13.88888888888889,13.88888888888889
22,1.5,False,0,4.0,1.0,0.0,True,14.135498971553925,17.02011168690719,20.285388576297375,0.39523453982179246,0.10000000000000009,-1.5,-1.5,13.88888888888889,13.88888888888889,13.795394081954795,15.730247339310903,20.294738056990784,0.1651804104986745,-0.04999999999999982,-1.5,-1.5,13.88888888888889,13.88888888888889
22,1.6,False,0,4.0,1.0,0.0,True,13.90611826535507,15.329526375073986,20.27988856729584,-0.7462915425229442,-0.1599999999999997,-1.6,-1.6,13.88888888888889,13.88888888888889,13.90611826535507,15.329526375073986,20.27988856729584,-0.7462915425229442,-0.1599999999999997,-1.6,-1.6,13.88888888888889,13.88888888888889
22,1.7000000000000002,False,0,4.0,1.0,0.0,True,14.00332716858913,21.440943278668602,21.148632157034026,1.6908975133919424,0.41000000000000014,-1.7000000000000002,-1.7000000000000002,13.88888888888889,13.88888888888889,13.679301619153012,17.611136608480873,21.1940294180088,0.10208422137121209,-0.09999999999999964,-1.7000000000000002,-1.7000000000000002,13.88888888888889,13.88888888888889
23,0.0,False,0,4.0,1.0,1.0,True,16.666666666666668,-1.6067959079961325,-4.22222222222199,1.9835939179144377,1.6,0.0,0.0,13.88888888888889,13.88888888888889,,,,,,,,,
23,0.1,False,0,4.0,1.0,0.0,True,13.907666666666666,9.244237407020545,12.814905555555608,2.3500919907654,1.17,-0.1,-0.1,13.88888888888889,13.88888888888889,12.018509931990193,24.026884567933234,30.191534810248395,-0.5189533351379514,-0.00999999999999579,-0.1,-0.1,13.88888888888889,13.88888888888889
23,0.2,False,0,4.0,1.0,0.0,True,13.956185081895484,16.630993094426497,18.823370380699334,0.5243470934467398,1.2200000000000002,-0.2,-0.2,13.88888888888889,13.88888888888889,12.774608643543747,19.079740491397455,23.835543686568723,-1.65809338563409,-0.019999999999997353,-0.2,-0.2,13.88888888888889,13.88888888888889
23,0.30000000000000004,False,0,4.0,1.0,0.0,True,13.99127699728619,15.883695516296847,19.653194522493607,1.1515245498754458,1.12,-0.30000000000000004,-0.30000000000000004,13.88888888888889,13.88888888888889,12.451024546536624,18.101015495709316,22.314875479869993,0.4782314418662841,-0.020000000000001572,-0.30000000000000004,-0.30000000000000004,13.88888888888889,13.88888888888889
23,0.4,False,0,4.0,1.0,0.0,True,14.092889592463015,17.986906433791127,19.346160814886986,-0.07601682496898676,0.9199999999999999,-0.4,-0.4,13.88888888888889,13.88888888888889,12.7810118385952,18.526858457838063,20.66851782065959,0.6507399288394153,-6.661338147750939e-16,-0.4,-0.4,13.88888888888889,13.88888888888889
23,0.5,False,0,4.0,1.0,0.0,True,14.077499663665966,19.514766487381877,20.196558497338735,-0.600384564271921,0.8999999999999999,-0.5,-0.5,13.88888888888889,13.88888888888889,13.138018958385715,17.6388804609981,20.772450031972614,0.8140082615040187,0.0,-0.5,-0.5,13.88888888888889,13.88888888888889
23,0.6000000000000001,False,0,4.0,1.0,0.0,True,14.01502491467236,16.92235977921163,20.195324549373726,3.223167850746887,0.7600000000000002,-0.6000000000000001,-0.6000000000000001,13.88888888888889,13.88888888888889,12.931762989450887,19.641409748807167,20.94362462179053,-0.32749316151885766,-0.019999999999999574,-0.6000000000000001,-0.6000000000000001,13.88888888888889,13.88888888888889
23,0.7000000000000001,False,0,4.0,1.0,0.0,True,14.074134383973862,19.516686226231947,19.90617448925822,0.5593607242911047,0.5500000000000003,-0.7000000000000001,-0.7000000000000001,13.88888888888889,13.88888888888889,13.477903708646599,13.206992914724172,19.982006897087526,0.04890349271955374,-0.009999999999999343,-0.7000000000000001,-0.7000000000000001,13.88888888888889,13.88888888888889
23,0.8,False,0,4.0,1.0,0.0,True,13.933749683377572,18.42661374593539,20.489672285546703,0.9663466877948483,0.56,-0.8,-0.8,13.88888888888889,13.88888888888889,13.483052224957476,18.906444918159643,20.696773271808603,-1.022567328840664,-2.220446049250313e-16,-0.8,-0.8,13.88888888888889,13.88888888888889
23,0.9,False,0,4.0,1.0,0.0,True,14.175633562708922,18.471058931111635,20.460665918923915,-0.24179913727638924,0.4299999999999997,-0.9,-0.9,13.88888888888889,13.88888888888889,13.686011175504353,18.362005380345103,20.501989672202036,1.0198437109446243,-0.02000000000000024,-0.9,-0.9,13.88888888888889,13.88888888888889
23,1.0,False,0,4.0,1.0,0.0,True,14.122891118622597,18.740747300489602,20.447418238602936,-0.13693498683706595,0.30000000000000027,-1.0,-1.0,13.88888888888889,13.88888888888889,13.409724371454598,18.870048809908074,20.523564927367207,1.2647738474112704,0.0,-1.0,-1.0,13.88888888888889,13.88888888888889
23,1.1,False,0,4.0,1.0,0.0,True,13.98751212743562,20.308634064623064,21.04196435594048,0.46241927276832007,0.3900000000000001,-1.1,-1.1,13.88888888888889,13.88888888888889,13.796038424328332,22.06756994407789,21.079104541764707,-1.3035227402692018,-0.0499999999999996,-1.1,-1.1,13.88888888888889,13.88888888888889
23,1.2000000000000002,False,0,4.0,1.0,0.0,True,13.991392714524848,19.40365250801092,20.433446203245076,-0.17440397957055542,-0.07999999999999963,-1.2000000000000002,-1.2000000000000002,13.88888888888889,13.88888888888889,13.991392714524848,19.40365250801092,20.433446203245076,-0.17440397957055542,-0.07999999999999963,-1.2000000000000002,-1.2000000000000002,13.88888888888889,13.88888888888889
23,1.3,False,0,4.0,1.0,0.0,True,13.908783118711233,20.28817101796421,21.24404432449034,-0.5615700900548082,0.16999999999999993,-1.3,-1.3,13.88888888888889,13.88888888888889,13.728016939573784,20.628126807869137,21.276218714353362,-0.17852665404188284,-0.09000000000000008,-1.3,-1.3,13.88888888888889,13.88888888888889
23,1.4000000000000001,False,0,4.0,1.0,0.0,True,14.008432251593957,21.725476972863145,21.786484901708793,1.6778643714507893,0.33999999999999986,-1.4000000000000001,-1.4000000000000001,13.88888888888889,13.88888888888889,13.71057195302514,21.875999557544343,21.80817154957332,0.9170768682600579,-0.08000000000000007,-1.4000000000000001,-1.4000000000000001,13.88888888888889,13.88888888888889
23,1.5,False,0,4.0,1.0,0.0,True,14.022687501714934,17.123413687271206,21.50211988892708,2.667993155409229,0.10000000000000009,-1.5,-1.5,13.88888888888889,13.88888888888889,13.701122238606196,20.11495982015854,21.520896553955346,0.9860454426222094,-0.04999999999999982,-1.5,-1.5,13.88888888888889,13.88888888888889
23,1.6,False,0,4.0,1.0,0.0,True,14.042939646553586,21.29559613378878,21.309693994439744,0.25245038335961123,2.220446049250313e-16,-1.6,-1.6,13.88888888888889,13.88888888888889,13.882088803018657,22.00392168895112,21.310374003026762,0.45547604934375885,-0.1599999999999997,-1.6,-1.6,13.88888888888889,13.88888888888889
23,1.7000000000000002,False,0,4.0,1.0,0.0,True,13.984249378376706,20.06718703005362,22.130860918654324,1.301614316041825,0.2400000000000002,-1.7000000000000002,-1.7000000000000002,13.88888888888889,13.88888888888889,13.783733288565841,21.468334677873333,22.151892038718938,0.7511007291935816,-0.09999999999999964,-1.7000000000000002,-1.7000000000000002,13.88888888888889,13.88888888888889
24,0.0,False,0,4.0,1.0,1.0,True,16.666666666666668,-1.2820996400199531,-4.266666666666953,2.368427206500616,1.6,0.0,0.0,13.88888888888889,13.88888888888889,,,,,,,,,
24,0.1,False,0,4.0,1.0,0.0,True,13.907666666666666,10.668357229839994,14.614388888888922,0.7673140346335727,1.1999999999999997,-0.1,-0.1,13.88888888888889,13.88888888888889,12.165153627715712,30.90460037864717,32.15341427965795,-0.08167686750817649,-0.00999999999999579,-0.1,-0.1,13.88888888888889,13.88888888888889
24,0.2,False,0,4.0,1.0,0.0,True,13.918788046105385,20.484202634042145,19.58617016855671,1.3006793513835255,1.2000000000000002,-0.2,-0.2,13.88888888888889,13.88888888888889,12.765023083168476,21.187528781522342,24.924389530889652,0.9576971274572528,-0.019999999999997353,-0.2,-0.2,13.88888888888889,13.88888888888889
24,0.30000000000000004,False,0,4.0,1.0,0.0,True,13.930715482668543,15.91693113741136,20.313968431242095,1.5977834393014256,1.06,-0.30000000000000004,-0.30000000000000004,13.88888888888889,13.88888888888889,12.625562708384669,20.136463969918577,23.214363837628365,1.154475858876054,-0.020000000000001572,-0.30000000000000004,-0.30000000000000004,13.88888888888889,13.88888888888889
24,0.4,False,0,4.0,1.0,0.0,True,14.111525890935859,16.998187052396514,20.88603838177949,1.8000992442791244,1.0,-0.4,-0.4,13.88888888888889,13.88888888888889,13.176927175209443,19.489645026469628,21.679181691404448,0.391346357949264,-6.661338147750939e-16,-0.4,-0.4,13.88888888888889,13.88888888888889
24,0.5,False,0,4.0,1.0,0.0,True,13.926218000490925,18.2372624282846,20.612159352318795,-0.6829774406393063,0.75,-0.5,-0.5,13.88888888888889,13.88888888888889,12.872444861141092,18.14789035592094,21.216936656062447,-0.1364496489476832,0.0,-0.5,-0.5,13.88888888888889,13.88888888888889
24,0.6000000000000001,False,0,4.0,1.0,0.0,True,13.899290015130454,18.536017625861856,20.87366334092575,0.8644867390024853,0.6400000000000001,-0.6000000000000001,-0.6000000000000001,13.88888888888889,13.88888888888889,12.870015042159721,20.42761220953418,21.442918730579525,-0.4409789792385157,-0.019999999999999574,-0.6000000000000001,-0.6000000000000001,13.88888888888889,13.88888888888889
24,0.7000000000000001,False,0,4.0,1.0,0.0,True,14.038060202062333,20.8627142409931,20.910303213457823,1.6106211515637674,0.5500000000000003,-0.7000000000000001,-0.7000000000000001,13.88888888888889,13.88888888888889,13.141408095477319,21.177968716311764,21.079701131129692,1.0264696271146705,-0.009999999999999343,-0.7000000000000001,-0.7000000000000001,13.88888888888889,13.88888888888889
24,0.8,False,0,4.0,1.0,0.0,True,13.948909978286824,19.593002589232814,21.734871889416585,0.907474501290646,0.56,-0.8,-0.8,13.88888888888889,13.88888888888889,13.275651138789069,21.59313632151852,22.063528258965732,2.0551448777182526,-2.220446049250313e-16,-0.8,-0.8,13.88888888888889,13.88888888888889
24,0.9,False,0,4.0,1.0,0.0,True,14.01788609732307,15.76122767970001,21.680640418199385,0.34682123251118346,0.4299999999999997,-0.9,-0.9,13.88888888888889,13.88888888888889,13.343096913575334,19.411598354465593,21.878815833103854,-0.011817296756346352,-0.02000000000000024,-0.9,-0.9,13.88888888888889,13.88888888888889
24,1.0,False,0,4.0,1.0,0.0,True,13.893631951330129,17.576884689845347,21.447993417268503,-0.9105144157916139,0.20000000000000018,-1.0,-1.0,13.88888888888889,13.88888888888889,13.450403162889394,18.335446053265397,21.5200195830695,-0.6288711188393399,0.0,-1.0,-1.0,13.88888888888889,13.88888888888889
24,1.1,False,0,4.0,1.0,0.0,True,13.951979997030678,19.527712549950973,22.227391573989333,-0.5850679444751301,0.28000000000000025,-1.1,-1.1,13.88888888888889,13.88888888888889,13.668433964603183,18.505927690645567,22.275403041145754,1.762626163726062,-0.0499999999999996,-1.1,-1.1,13.88888888888889,13.88888888888889
24,1.2000000000000002,False,0,4.0,1.0,0.0,True,14.106391988101285,15.03764557877755,22.226384923183687,0.14063470481284668,0.28000000000000025,-1.2000000000000002,-1.2000000000000002,13.88888888888889,13.88888888888889,13.703776973246647,18.4451297327027,22.2723644308165,0.7896596399643872,-0.07999999999999963,-1.2000000000000002,-1.2000000000000002,13.88888888888889,13.88888888888889
24,1.3,False,0,4.0,1.0,0.0,True,13.902490550416443,21.099567865963934,22.212209882462922,0.10074258137089886,0.039999999999999813,-1.3,-1.3,13.88888888888889,13.88888888888889,13.754935212199948,21.726934008934577,22.225605250131814,0.7126792975123268,-0.09000000000000008,-1.3,-1.3,13.88888888888889,13.88888888888889
24,1.4000000000000001,False,0,4.0,1.0,0.0,True,13.916152757396558,18.87768765545058,22.51968309968285,1.0248765493082153,0.05999999999999983,-1.4000000000000001,-1.4000000000000001,13.88888888888889,13.88888888888889,13.678270195598488,17.762586770545923,22.540744969011897,1.3335401045888307,-0.08000000000000007,-1.4000000000000001,-1.4000000000000001,13.88888888888889,13.88888888888889
24,1.5,False,0,4.0,1.0,0.0,True,13.99316609507458,21.70121502982638,22.53324448703151,-0.7233371756367812,0.10000000000000009,-1.5,-1.5,13.88888888888889,13.88888888888889,13.855704074553623,24.741489112530722,22.536562968465034,-0.45028998102757134,-0.04999999999999982,-1.5,-1.5,13.88888888888889,13.88888888888889
24,1.6,False,0,4.0,1.0,0.0,True,13.961468480825431,17.093444533706773,22.424918710764317,0.9192685745546405,-0.1599999999999997,-1.6,-1.6,13.88888888888889,13.88888888888889,13.961468480825431,17.093444533706773,22.424918710764317,0.9192685745546405,-0.1599999999999997,-1.6,-1.6,13.88888888888889,13.88888888888889
24,1.7000000000000002,False,0,4.0,1.0,0.0,True,13.988209780060616,17.016611432039333,23.09890345937673,0.5018775546337286,0.2400000000000002,-1.7000000000000002,-1.7000000000000002,13.88888888888889,13.88888888888889,13.672958803707145,18.887263777733985,23.142089476413076,-0.6048213196984276,-0.09999999999999964,-1.7000000000000002,-1.7000000000000002,13.88888888888889,13.88888888888889
25,0.0,False,0,4.0,1.0,1.0,True,16.666666666666668,-0.6190427402138878,-4.166666666666333,0.7570978933959198,1.6,0.0,0.0,13.88888888888889,13.88888888888889,,,,,,,,,
25,0.1,False,0,4.0,1.0,0.0,True,13.907666666666666,13.042566626726543,15.742244444444484,3.0405056671852217,1.2199999999999998,-0.1,-0.1,13.88888888888889,13.88888888888889,12.234308304400972,33.135333624171565,34.15723220114158,-0.050944178408085294,-0.00999999999999579,-0.1,-0.1,13.88888888888889,13.88888888888889
25,0.2,False,0,4.0,1.0,0.0,True,14.061908175112737,17.357039442009597,20.004217196504445,0.47095164755797736,1.1600000000000001,-0.2,-0.2,13.88888888888889,13.88888888888889,12.673656834978727,19.861052494775418,24.058491249219383,-0.6835928067303789,-0.019999999999997353,-0.2,-0.2,13.88888888888889,13.88888888888889
25,0.30000000000000004,False,0,4.0,1.0,0.0,True,14.01382504718644,20.024937052372536,21.59641812829176,3.361879817586034,1.0900000000000003,-0.30000000000000004,-0.30000000000000004,13.88888888888889,13.88888888888889,12.787663112816922,25.11735582622809,24.241262060025274,0.32227809210535296,-0.020000000000001572,-0.30000000000000004,-0.30000000000000004,13.88888888888889,13.88888888888889
25,0.4,False,0,4.0,1.0,0.0,True,13.987034227891012,20.486117809848878,21.5773847681835,0.36427999460688554,0.9199999999999999,-0.4,-0.4,13.88888888888889,13.88888888888889,12.999162590036674,17.805085985244904,22.61561078774321,-1.7494374760538443,-6.661338147750939e-16,-0.4,-0.4,13.88888888888889,13.88888888888889
25,0.5,False,0,4.0,1.0,0.0,True,14.011609394069504,19.032820582957093,21.829030343230656,0.7420482098140129,0.8000000000000003,-0.5,-0.5,13.88888888888889,13.88888888888889,12.814157220693698,21.712001515307083,22.70817022783655,0.291291362551104,0.0,-0.5,-0.5,13.88888888888889,13.88888888888889
25,0.6000000000000001,False,0,4.0,1.0,0.0,True,14.136898995904005,17.15281525238664,22.07476337245865,1.4943250161460235,0.7000000000000002,-0.6000000000000001,-0.6000000000000001,13.88888888888889,13.88888888888889,13.087068704092129,20.006811811522883,22.54824410525565,0.954879622775231,-0.019999999999999574,-0.6000000000000001,-0.6000000000000001,13.88888888888889,13.88888888888889
25,0.7000000000000001,False,0,4.0,1.0,0.0,True,14.090913218424197,16.295963006355404,22.116620802112006,0.7641348051637653,0.5500000000000003,-0.7000000000000001,-0.7000000000000001,13.88888888888889,13.88888888888889,13.325461237238278,21.111466777775913,22.361014066898367,-1.162990790682772,-0.009999999999999343,-0.7000000000000001,-0.7000000000000001,13.88888888888889,13.88888888888889
25,0.8,False,0,4.0,1.0,0.0,True,14.004723211751871,18.69913809574369,22.6952961372633,2.352721456925193,0.56,-0.8,-0.8,13.88888888888889,13.88888888888889,13.454609333400581,20.578205136638385,22.90634877901549,-0.5613197428740713,-2.220446049250313e-16,-0.8,-0.8,13.88888888888889,13.88888888888889
25,0.9,False,0,4.0,1.0,0.0,True,13.908945916898183,21.346904321276494,22.91045056649921,1.3863243300732724,0.33999999999999986,-0.9,-0.9,13.88888888888889,13.88888888888889,13.770249245159453,21.61739352746179,22.95790642399098,0.5420212037430399,-0.02000000000000024,-0.9,-0.9,13.88888888888889,13.88888888888889
25,1.0,False,0,4.0,1.0,0.0,True,13.912919131420242,19.409933895242975,22.619790081618856,0.7923963625705119,0.20000000000000018,-1.0,-1.0,13.88888888888889,13.88888888888889,13.607466538157874,18.546830747337918,22.66715691586983,-1.7442217704617036,0.0,-1.0,-1.0,13.88888888888889,13.88888888888889
25,1.1,False,0,4.0,1.0,0.0,True,13.908112288339966,22.741196900827635,22.628787027479444,-0.6963492086847975,0.0600000000000005,-1.1,-1.1,13.88888888888889,13.88888888888889,13.824982493444727,19.502740854276002,22.635177667023864,1.6909096640247951,-0.0499999999999996,-1.1,-1.1,13.88888888888889,13.88888888888889
25,1.2000000000000002,False,0,4.0,1.0,0.0,True,13.980507708192947,21.468592624285858,23.314528468612433,2.71911610318334,0.16000000000000014,-1.2000000000000002,-1.2000000000000002,13.88888888888889,13.88888888888889,13.835792637801225,20.711526905526743,23.325147718829957,-1.0915884320659288,-0.07999999999999963,-1.2000000000000002,-1.2000000000000002,13.88888888888889,13.88888888888889
25,1.3,False,0,4.0,1.0,0.0,True,13.93750036843151,21.070624343522415,22.782481838627998,0.7241195135976284,-0.3500000000000003,-1.3,-1.3,13.88888888888889,13.88888888888889,14.247221880970477,20.263302800073035,22.80016393844734,0.23272260578691117,-0.09000000000000008,-1.3,-1.3,13.88888888888889,13.88888888888889
25,1.4000000000000001,False,0,4.0,1.0,0.0,True,13.992324848606337,21.716023788890084,23.640193933203143,-0.7028005176445917,0.05999999999999983,-1.4000000000000001,-1.4000000000000001,13.88888888888889,13.88888888888889,13.85557343767865,15.946594820147638,23.64352547832417,0.25261828298283495,-0.08000000000000007,-1.4000000000000001,-1.4000000000000001,13.88888888888889,13.88888888888889
25,1.5,False,0,4.0,1.0,0.0,True,14.023239609840056,20.35755579266786,23.410331795865304,-1.4660913830463336,-0.04999999999999982,-1.5,-1.5,13.88888888888889,13.88888888888889,14.023239609840056,20.35755579266786,23.410331795865304,-1.4660913830463336,-0.04999999999999982,-1.5,-1.5,13.88888888888889,13.88888888888889
25,1.6,False,0,4.0,1.0,0.0,True,14.068442417223054,17.841853098919717,23.716758919990543,1.5697760964539356,2.220446049250313e-16,-1.6,-1.6,13.88888888888889,13.88888888888889,13.82630641424296,18.566940893445366,23.72301716745513,2.423097829969843,-0.1599999999999997,-1.6,-1.6,13.88888888888889,13.88888888888889
25,1.7000000000000002,False,0,4.0,1.0,0.0,True,14.049005426587184,20.491161209551542,23.403656653957945,-1.3738273331931323,-0.4399999999999995,-1.7000000000000002,-1.7000000000000002,13.88888888888889,13.88888888888889,14.306978490321278,22.138837839293178,23.44476513400296,-0.016581864884346542,-0.09999999999999964,-1.7000000000000002,-1.7000000000000002,13.88888888888889,13.88888888888889
26,0.0,False,0,4.0,1.0,0.0,True,16.666666666666668,1.678014414165557,-4.277777777777419,0.7661082493792928,1.6,0.0,0.0,13.88888888888889,13.88888888888889,,,,,,,,,
26,0.1,False,0,4.0,1.0,0.0,True,13.907666666666666,7.087423395223735,14.242244444444548,2.1952794618163662,1.1300000000000003,-0.1,-0.1,13.88888888888889,13.88888888888889,12.122544029317853,34.23907614444609,33.034100336357724,-0.1640271831881457,-0.00999999999999579,-0.1,-0.1,13.88888888888889,13.88888888888889
26,0.2,False,0,4.0,1.0,0.0,True,13.948931659894853,17.378934382865378,20.96822646955476,3.452871237479942,1.1400000000000001,-0.2,-0.2,13.88888888888889,13.88888888888889,12.72255230321272,21.975848270384542,25.80574450357855,1.7619957744142112,-0.019999999999997353,-0.2,-0.2,13.88888888888889,13.88888888888889
26,0.30000000000000004,False,0,4.0,1.0,0.0,True,13.964024463329997,21.961659123336865,22.542704009716033,-0.7009831039602852,1.06,-0.30000000000000004,-0.30000000000000004,13.88888888888889,13.88888888888889,13.086450942425278,24.164212984854256,24.59552987422759,-0.35425955571473033,-0.020000000000001572,-0.30000000000000004,-0.30000000000000004,13.88888888888889,13.88888888888889
26,0.4,False,0,4.0,1.0,0.0,True,14.032196351897978,20.829050846328187,22.77128500051549,0.06460005195965168,0.9199999999999999,-0.4,-0.4,13.88888888888889,13.88888888888889,13.416695070547389,23.12543859277152,23.303160045187614,0.8713819328566106,-6.661338147750939e-16,-0.4,-0.4,13.88888888888889,13.88888888888889
26,0.5,False,0,4.0,1.0,0.0,True,13.941478678586119,22.193941896015414,23.125464480890695,0.15708546057186723,0.8500000000000001,-0.5,-0.5,13.88888888888889,13.88888888888889,13.236749128593651,24.784128043039754,23.825841801704254,-0.1487704513834296,0.0,-0.5,-0.5,13.88888888888889,13.88888888888889
26,0.6000000000000001,False,0,4.0,1.0,0.0,True,13.950964117618355,18.289438838749994,23.0627270762793,-0.9939564541766335,0.6400000000000001,-0.6000000000000001,-0.6000000000000001,13.88888888888889,13.88888888888889,13.223447729765045,22.40774943531068,23.623664451321634,-1.4048249690358197,-0.019999999999999574,-0.6000000000000001,-0.6000000000000001,13.88888888888889,13.88888888888889
26,0.7000000000000001,False,0,4.0,1.0,0.0,True,14.149208860849242,16.862399204168014,23.178746606769558,1.081454196029831,0.6200000000000001,-0.7000000000000001,-0.7000000000000001,13.88888888888889,13.88888888888889,13.761323906677356,21.35823412402826,23.261604046266886,0.21237587852538065,-0.009999999999999343,-0.7000000000000001,-0.7000000000000001,13.88888888888889,13.88888888888889
26,0.8,False,0,4.0,1.0,0.0,True,14.014570006791194,20.671918655665444,23.345500161097796,0.5961103066971889,0.3999999999999999,-0.8,-0.8,13.88888888888889,13.88888888888889,13.833442022397954,24.05286519866792,23.373223594343276,0.3023904127127963,-2.220446049250313e-16,-0.8,-0.8,13.88888888888889,13.88888888888889
26,0.9,False,0,4.0,1.0,0.0,True,13.990820564854175,21.4356632266075,23.30614882687888,-0.30981552810184754,0.1599999999999997,-0.9,-0.9,13.88888888888889,13.88888888888889,13.843255005865872,24.911563294870017,23.315275603483474,-1.7334180008052802,-0.02000000000000024,-0.9,-0.9,13.88888888888889,13.88888888888889
26,1.0,False,0,4.0,1.0,0.0,True,14.022021566008199,21.810845892921172,23.292800044194195,0.25806700156143103,0.10000000000000009,-1.0,-1.0,13.88888888888889,13.88888888888889,13.884501292381541,22.066868843355483,23.293238803844933,-0.49752983626975045,0.0,-1.0,-1.0,13.88888888888889,13.88888888888889
26,1.1,False,0,4.0,1.0,0.0,True,14.123326812693051,17.84203509790254,23.63877602996409,-0.41394868195700996,0.17000000000000037,-1.1,-1.1,13.88888888888889,13.88888888888889,13.816656028326951,19.05556142960448,23.653222602076482,0.15460873845122203,-0.0499999999999996,-1.1,-1.1,13.88888888888889,13.88888888888889
26,1.2000000000000002,False,0,4.0,1.0,0.0,True,14.097844613852692,18.617351429913022,23.898220752390692,1.732884406423722,0.16000000000000014,-1.2000000000000002,-1.2000000000000002,13.88888888888889,13.88888888888889,13.824685323735682,21.779541223390858,23.911061465421326,1.5505709627082767,-0.07999999999999963,-1.2000000000000002,-1.2000000000000002,13.88888888888889,13.88888888888889
26,1.3,False,0,4.0,1.0,0.0,True,13.909508360445946,23.467187696493156,23.880837522182986,-1.1602597330927582,-0.2200000000000002,-1.3,-1.3,13.88888888888889,13.88888888888889,14.113561610320849,19.182272186040002,23.882899469338696,-0.08757752110438854,-0.09000000000000008,-1.3,-1.3,13.88888888888889,13.88888888888889
26,1.4000000000000001,False,0,4.0,1.0,0.0,True,13.906751922031386,22.514168466552466,24.011903260105544,-0.463997894895666,-0.21999999999999975,-1.4000000000000001,-1.4000000000000001,13.88888888888889,13.88888888888889,14.132155203987683,19.968890678346114,24.013689563419796,-1.3586407017272824,-0.08000000000000007,-1.4000000000000001,-1.4000000000000001,13.88888888888889,13.88888888888889
26,1.5,False,0,4.0,1.0,0.0,True,14.001407683539464,18.714586950519223,24.146181257103674,-0.19132324498765252,-0.7999999999999998,-1.5,-1.5,13.88888888888889,13.88888888888889,14.372190850130824,23.43639852445073,24.256953799135907,-1.33333620345631,-0.04999999999999982,-1.5,-1.5,13.88888888888889,13.88888888888889
26,1.6,False,0,4.0,1.0,0.0,True,13.989553473106598,21.227430976601955,24.622758993513987,0.40543028947852777,-0.1599999999999997,-1.6,-1.6,13.88888888888889,13.88888888888889,13.989553473106598,21.227430976601955,24.622758993513987,0.40543028947852777,-0.1599999999999997,-1.6,-1.6,13.88888888888889,13.88888888888889
26,1.7000000000000002,False,0,4.0,1.0,0.0,True,13.92952089509004,23.417099451146232,25.074952365013896,-0.3734963014465149,-0.09999999999999964,-1.7000000000000002,-1.7000000000000002,13.88888888888889,13.88888888888889,13.92952089509004,23.417099451146232,25.074952365013896,-0.3734963014465149,-0.09999999999999964,-1.7000000000000002,-1.7000000000000002,13.88888888888889,13.88888888888889
27,0.0,False,0,4.0,1.0,1.0,True,16.666666666666668,2.3991447066787375,-4.211111111111523,2.26445611801682,1.6,0.0,0.0,13.88888888888889,13.88888888888889,,,,,,,,,
27,0.1,False,0,4.0,1.0,0.0,True,13.951339495785401,16.346294723913058,16.81394382819931,1.0773868825473323,1.19,-0.1,-0.1,13.88888888888889,13.88888888888889,12.342984857415429,33.15129712777356,33.07153982399923,-0.6998432484276855,-0.00999999999999579,-0.1,-0.1,13.88888888888889,13.88888888888889
27,0.2,False,0,4.0,1.0,0.0,True,14.077508190028206,19.52677933340394,20.694857187497593,3.1512142358539816,1.06,-0.2,-0.2,13.88888888888889,13.88888888888889,12.862069422102667,21.9903063910761,24.13459774688135,0.7357250557998487,-0.019999999999997353,-0.2,-0.2,13.88888888888889,13.88888888888889
27,0.30000000000000004,False,0,4.0,1.0,0.0,True,14.034178393960284,19.021899703954524,23.501934521012018,0.7927994754213699,1.0900000000000003,-0.30000000000000004,-0.30000000000000004,13.88888888888889,13.88888888888889,13.124942440754333,23.851820087029704,25.38078891587058,-0.4914892123464836,-0.020000000000001572,-0.30000000000000004,-0.30000000000000004,13.88888888888889,13.88888888888889
27,0.4,False,0,4.0,1.0,0.0,True,13.90608171410221,18.860619258808352,23.147203540964757,0.28595068157613124,0.7199999999999998,-0.4,-0.4,13.88888888888889,13.88888888888889,13.438444487587764,22.748756564902816,23.518026402812108,-0.030022399420463808,-6.661338147750939e-16,-0.4,-0.4,13.88888888888889,13.88888888888889
27,0.5,False,0,4.0,1.0,0.0,True,13.897447845835261,21.074943176259076,23.78572411783123,0.3605709956828669,0.7000000000000002,-0.5,-0.5,13.88888888888889,13.88888888888889,13.432181133134055,23.70965972161684,24.21757998600138,0.4407140515837362,0.0,-0.5,-0.5,13.88888888888889,13.88888888888889
27,0.6000000000000001,False,0,4.0,1.0,0.0,True,13.96080422604974,22.604177620040204,24.01759959087542,1.1021770900658896,0.5800000000000005,-0.6000000000000001,-0.6000000000000001,13.88888888888889,13.88888888888889,13.820544907023537,23.281211101982418,24.081603530438,-1.851098947694568,-0.019999999999999574,-0.6000000000000001,-0.6000000000000001,13.88888888888889,13.88888888888889
27,0.7000000000000001,False,0,4.0,1.0,0.0,True,13.915910185842433,20.7503110258881,23.932761147252815,-0.024494624190980252,0.3400000000000003,-0.7000000000000001,-0.7000000000000001,13.88888888888889,13.88888888888889,13.752454423653765,22.027304765250808,24.000978379870393,1.040384019981686,-0.009999999999999343,-0.7000000000000001,-0.7000000000000001,13.88888888888889,13.88888888888889
27,0.8,False,0,4.0,1.0,0.0,True,13.89868433277122,20.841823908374273,24.04746686436502,-0.13070511059427736,0.23999999999999977,-0.8,-0.8,13.88888888888889,13.88888888888889,13.703783722772329,19.77651030628522,24.095466198728882,-0.9229349515742209,-2.220446049250313e-16,-0.8,-0.8,13.88888888888889,13.88888888888889
27,0.9,False,0,4.0,1.0,0.0,True,13.930392831212437,19.58468495457764,24.205989479456846,-0.7165704841897358,0.06999999999999962,-0.9,-0.9,13.88888888888889,13.88888888888889,13.718550254205985,21.643291776013154,24.223023342925135,0.25091421128387426,-0.02000000000000024,-0.9,-0.9,13.88888888888889,13.88888888888889
27,1.0,False,0,4.0,1.0,0.0,True,14.01143299427896,21.72828567920396,24.5275023067348,0.5546714828592818,-0.09999999999999987,-1.0,-1.0,13.88888888888889,13.88888888888889,14.01143299427896,26.079798861980954,24.53975671727381,-0.40716916294674066,0.0,-1.0,-1.0,13.88888888888889,13.88888888888889
27,1.1,False,0,4.0,1.0,0.0,True,13.9824132666849,20.415556100739867,24.970576271182804,-0.913157970614294,-0.0499999999999996,-1.1,-1.1,13.88888888888889,13.88888888888889,13.9824132666849,20.415556100739867,24.970576271182804,-0.913157970614294,-0.0499999999999996,-1.1,-1.1,13.88888888888889,13.88888888888889
27,1.2000000000000002,False,0,4.0,1.0,0.0,True,13.89510853474293,17.69801726316885,25.09117565948958,0.1845150451396611,-0.3199999999999994,-1.2000000000000002,-1.2000000000000002,13.88888888888889,13.88888888888889,14.022371733932037,23.93747583051944,25.09973421158267,0.4928893596332191,-0.07999999999999963,-1.2000000000000002,-1.2000000000000002,13.88888888888889,13.88888888888889
27,1.3,False,0,4.0,1.0,0.0,True,13.954475903978189,21.46481786903375,24.59719012259489,-0.057940399013396426,-0.7400000000000007,-1.3,-1.3,13.88888888888889,13.88888888888889,14.430936798634347,17.70732374445103,24.662621529454235,-0.3076212244288272,-0.09000000000000008,-1.3,-1.3,13.88888888888889,13.88888888888889
27,1.4000000000000001,False,0,4.0,1.0,0.0,True,14.133703016897675,18.62571674882434,25.330387423680335,0.08652599191476185,-0.08000000000000007,-1.4000000000000001,-1.4000000000000001,13.88888888888889,13.88888888888889,14.133703016897675,18.62571674882434,25.330387423680335,0.08652599191476185,-0.08000000000000007,-1.4000000000000001,-1.4000000000000001,13.88888888888889,13.88888888888889
27,1.5,False,0,4.0,1.0,0.0,True,14.028660533544187,19.99938541497313,25.21051030034671,0.30240150252923437,-0.6499999999999999,-1.5,-1.5,13.88888888888889,13.88888888888889,14.355001188836443,17.755066577377303,25.29285328909712,-0.5933027508101629,-0.04999999999999982,-1.5,-1.5,13.88888888888889,13.88888888888889
27,1.6,False,0,4.0,1.0,0.0,True,13.952369202822736,21.958355065361985,25.476847094086118,-0.3136423890459312,-0.6400000000000001,-1.6,-1.6,13.88888888888889,13.88888888888889,14.305927365171646,20.25205879603233,25.509817037224813,0.8954282517790748,-0.1599999999999997,-1.6,-1.6,13.88888888888889,13.88888888888889
27,1.7000000000000002,False,0,4.0,1.0,0.0,True,13.898567065441828,20.992732051458027,25.54770198865142,1.912398872888272,-0.7799999999999994,-1.7000000000000002,-1.7000000000000002,13.88888888888889,13.88888888888889,14.339085155121435,21.355482842819562,25.611733576162933,1.493965296392059,-0.09999999999999964,-1.7000000000000002,-1.7000000000000002,13.88888888888889,13.88888888888889
28,0.0,False,0,4.0,1.0,1.0,True,16.666666666666668,-2.8421657519886763,-4.222222222221791,1.4105361758747867,1.6,0.0,0.0,13.88888888888889,13.88888888888889,,,,,,,,,
28,0.1,False,0,4.0,1.0,0.0,True,14.003288261948098,21.291581907586636,21.192682284916305,2.561402501650029,1.31,-0.1,-0.1,13.88888888888889,13.88888888888889,13.085077040697296,24.3159349243284,29.07870655693635,-1.1892981226729813,-0.00999999999999579,-0.1,-0.1,13.88888888888889,13.88888888888889
28,0.2,False,0,4.0,1.0,0.0,True,14.144142510966976,18.13518691174068,23.589724820332098,1.1316525886636488,1.1800000000000002,-0.2,-0.2,13.88888888888889,13.88888888888889,13.305911483224033,25.547715346574204,25.396074455285838,1.333261421955711,-0.019999999999997353,-0.2,-0.2,13.88888888888889,13.88888888888889
28,0.30000000000000004,False,0,4.0,1.0,0.0,True,13.941462090588697,15.36847891907674,23.671028098086428,1.5086861731140941,0.9700000000000002,-0.30000000000000004,-0.30000000000000004,13.88888888888889,13.88888888888889,13.122493663050157,23.393579865514848,25.610398128055987,-0.4043498202193372,-0.020000000000001572,-0.30000000000000004,-0.30000000000000004,13.88888888888889,13.88888888888889
28,0.4,False,0,4.0,1.0,0.0,True,13.928061316120326,18.38168790379476,24.141551761728703,1.0551304212086081,0.7199999999999998,-0.4,-0.4,13.88888888888889,13.88888888888889,13.549527635907328,19.428821798528272,24.612668684764795,-0.41068151242243567,-6.661338147750939e-16,-0.4,-0.4,13.88888888888889,13.88888888888889
28,0.5,False,0,4.0,1.0,0.0,True,14.022927209193838,17.54405677883495,25.093538625981033,0.6282502237125991,0.75,-0.5,-0.5,13.88888888888889,13.88888888888889,13.376865963914229,22.684085679801218,25.532448857850017,0.8747177458448427,0.0,-0.5,-0.5,13.88888888888889,13.88888888888889
28,0.6000000000000001,False,0,4.0,1.0,0.0,True,14.017927940126826,20.850134438828825,25.026902665833447,0.7895767131746965,0.4600000000000004,-0.6000000000000001,-0.6000000000000001,13.88888888888889,13.88888888888889,13.581872908330304,23.930472582515986,25.16837554621976,0.37308249895334455,-0.019999999999999574,-0.6000000000000001,-0.6000000000000001,13.88888888888889,13.88888888888889
28,0.7000000000000001,False,0,4.0,1.0,0.0,True,13.955434537420452,20.961829424304618,24.854826093463714,0.07897543345022573,0.27000000000000046,-0.7000000000000001,-0.7000000000000001,13.88888888888889,13.88888888888889,13.678896467042497,23.276752821911284,24.91187679037915,0.9329921839301587,-0.009999999999999343,-0.7000000000000001,-0.7000000000000001,13.88888888888889,13.88888888888889
28,0.8,False,0,4.0,1.0,0.0,True,13.89244284010198,24.5669966694129,25.130984532314116,-0.4330666901908895,0.07999999999999963,-0.8,-0.8,13.88888888888889,13.88888888888889,13.884528939361044,25.587423421048655,25.131420527266904,0.0771979129444409,-2.220446049250313e-16,-0.8,-0.8,13.88888888888889,13.88888888888889
28,0.9,False,0,4.0,1.0,0.0,True,13.937687867924746,22.793747684367577,25.121913480849482,-1.5208398955651696,-0.1100000000000001,-0.9,-0.9,13.88888888888889,13.88888888888889,14.045505288088043,22.66030408522657,25.12679337875307,0.32917359034599825,-0.02000000000000024,-0.9,-0.9,13.88888888888889,13.88888888888889
28,1.0,False,0,4.0,1.0,0.0,True,13.891836625981929,21.565466868711543,25.441622312571607,0.9651626955436305,-0.09999999999999987,-1.0,-1.0,13.88888888888889,13.88888888888889,14.068753850150483,20.76672182655695,25.441917086280913,0.27392465049035986,0.0,-1.0,-1.0,13.88888888888889,13.88888888888889
28,1.1,False,0,4.0,1.0,0.0,True,13.92999441374344,22.647022133244615,25.553434196677852,-1.3548538801089856,-0.8200000000000007,-1.1,-1.1,13.88888888888889,13.88888888888889,14.357258007646152,22.391756418050917,25.654131367974813,-0.7046841615226722,-0.0499999999999996,-1.1,-1.1,13.88888888888889,13.88888888888889
28,1.2000000000000002,False,0,4.0,1.0,0.0,True,13.948928086556197,23.30649058987349,25.512249387648545,0.6663541033900855,-0.6799999999999993,-1.2000000000000002,-1.2000000000000002,13.88888888888889,13.88888888888889,14.365226296221826,26.32338552821706,25.675926924287673,-0.9298439588159028,-0.07999999999999963,-1.2000000000000002,-1.2000000000000002,13.88888888888889,13.88888888888889
28,1.3,False,0,4.0,1.0,0.0,True,13.996059047359791,22.249263716283718,25.375470587722813,-1.1942204370453213,-0.8700000000000006,-1.3,-1.3,13.88888888888889,13.88888888888889,14.668647921895277,26.774612494065202,25.611546760245382,-1.2890416354460392,-0.09000000000000008,-1.3,-1.3,13.88888888888889,13.88888888888889
28,1.4000000000000001,False,0,4.0,0.9868799063489887,0.0,True,13.95197060668525,22.506503056866837,25.90967615551862,-1.4141851782174075,-1.0599999999999992,-1.4000000000000001,-1.4000000000000001,13.88888888888889,13.88888888888889,14.45513666046803,26.981584880471097,26.103857057187412,0.27206082711861557,-0.08000000000000007,-1.4000000000000001,-1.4000000000000001,13.88888888888889,13.88888888888889
28,1.5,False,0,4.0,1.0,0.0,True,13.99663508036857,21.829516066362768,26.18737305587622,-0.594632247153724,-0.7999999999999998,-1.5,-1.5,13.88888888888889,13.88888888888889,14.26272031273119,23.297982487627042,26.26649497455303,0.27516224893878505,-0.04999999999999982,-1.5,-1.5,13.88888888888889,13.88888888888889
28,1.6,False,0,4.0,0.8425360372303059,0.0,True,13.941627535411072,21.937188038649968,26.272326671398982,-1.3622049005122685,-1.2800000000000007,-1.6,-1.6,13.88888888888889,13.88888888888889,14.536039839445559,22.713756416366298,26.44398470448505,-0.4239537863585028,-0.1599999999999997,-1.6,-1.6,13.88888888888889,13.88888888888889
28,1.7000000000000002,False,0,4.0,1.0,0.0,True,13.906412750145227,22.98110949132063,26.521242004450514,0.029701798590733075,-1.2899999999999991,-1.7000000000000002,-1.7000000000000002,13.88888888888889,13.88888888888889,14.1560710079215,27.234442563028676,26.62317595630311,-0.8349792002923291,-0.09999999999999964,-1.7000000000000002,-1.7000000000000002,13.88888888888889,13.88888888888889
29,0.0,False,0,4.0,1.0,1.0,True,16.666666666666668,1.0263609608436868,-4.26666666666718,1.772797611733672,1.6,0.0,0.0,13.88888888888889,13.88888888888889,,,,,,,,,
29,0.1,False,0,4.0,1.0,0.0,True,14.070781462935242,15.252236912609565,19.86626426947686,0.36300060399302536,1.23,-0.1,-0.1,13.88888888888889,13.88888888888889,12.76233504523273,28.743749413111896,29.560885428540228,0.3975892413255804,-0.00999999999999579,-0.1,-0.1,13.88888888888889,13.88888888888889
29,0.2,False,0,4.0,1.0,0.0,True,13.908145718690747,21.924571594695482,24.208026658372564,2.0158197963775843,1.0799999999999996,-0.2,-0.2,13.88888888888889,13.88888888888889,13.09141986253839,23.373219770676084,27.216082458675654,2.139799125294575,-0.019999999999997353,-0.2,-0.2,13.88888888888889,13.88888888888889
29,0.30000000000000004,False,0,4.0,1.0,0.0,True,13.938003915186508,23.006022389785908,25.204912955674157,0.3371645530068208,0.8500000000000001,-0.30000000000000004,-0.30000000000000004,13.88888888888889,13.88888888888889,13.262576924745533,20.532191964810107,26.21851673366883,-0.0070711097003597345,-0.020000000000001572,-0.30000000000000004,-0.30000000000000004,13.88888888888889,13.88888888888889
29,0.4,False,0,4.0,1.0,0.0,True,13.976480697149501,22.62728706744615,25.60735507993289,0.059724209153953156,0.8799999999999999,-0.4,-0.4,13.88888888888889,13.88888888888889,13.843463451769518,17.899239811296926,25.66574607691624,0.2942248483263046,-6.661338147750939e-16,-0.4,-0.4,13.88888888888889,13.88888888888889
29,0.5,False,0,4.0,1.0,0.0,True,13.992909788850769,20.925631651958927,25.180878515572193,0.4208745371338294,0.5,-0.5,-0.5,13.88888888888889,13.88888888888889,13.791137747401136,25.372493660315914,25.254963179147115,0.5229525207832579,0.0,-0.5,-0.5,13.88888888888889,13.88888888888889
29,0.6000000000000001,False,0,4.0,1.0,0.0,True,13.897171302317398,22.558460349337505,25.65626006945622,0.9537193731155269,0.10000000000000053,-0.6000000000000001,-0.6000000000000001,13.88888888888889,13.88888888888889,13.808502101056707,21.81948787156575,25.67233742702265,0.954425417131231,-0.019999999999999574,-0.6000000000000001,-0.6000000000000001,13.88888888888889,13.88888888888889
29,0.7000000000000001,False,0,4.0,1.0,0.0,True,13.889877392805188,24.068035043943926,25.895587890238264,-0.6356286608996831,-0.07999999999999918,-0.7000000000000001,-0.7000000000000001,13.88888888888889,13.88888888888889,13.93288191758111,23.85201840286828,25.89568674062988,-1.0860148711565083,-0.009999999999999343,-0.7000000000000001,-0.7000000000000001,13.88888888888889,13.88888888888889
29,0.8,False,0,4.0,1.0,0.0,True,13.99440409210744,17.775976973666637,25.698666180717957,-1.4715208430586209,-2.220446049250313e-16,-0.8,-0.8,13.88888888888889,13.88888888888889,13.99440409210744,17.775976973666637,25.698666180717957,-1.4715208430586209,-2.220446049250313e-16,-0.8,-0.8,13.88888888888889,13.88888888888889
29,0.9,False,0,4.0,0.8838655015010863,0.0,True,13.900478943622828,23.32653712758587,26.155613110828742,0.31988930543071037,0.06999999999999962,-0.9,-0.9,13.88888888888889,13.88888888888889,13.841854686938794,21.19996908251412,26.160316531023756,0.9657335254722761,-0.02000000000000024,-0.9,-0.9,13.88888888888889,13.88888888888889
29,1.0,False,0,4.0,1.0,0.0,True,13.912292735904021,24.136059060801838,25.8751503886422,0.3467088270055312,-0.6999999999999997,-1.0,-1.0,13.88888888888889,13.88888888888889,14.452135621075735,21.444182842696065,25.99532419107559,1.3677281612646541,0.0,-1.0,-1.0,13.88888888888889,13.88888888888889
29,1.1,False,0,4.0,1.0,0.0,True,13.893019872734241,24.55611216714036,26.193694994467936,0.14301774364378383,-1.040000000000001,-1.1,-1.1,13.88888888888889,13.88888888888889,14.52138785764426,26.61156924229655,26.45593895048194,0.5232727118405269,-0.0499999999999996,-1.1,-1.1,13.88888888888889,13.88888888888889
29,1.2000000000000002,False,0,4.0,0.8332814660969331,0.0,True,13.948014416161786,21.805838343504913,26.30430784597441,-0.09603751797208471,-0.7999999999999994,-1.2000000000000002,-1.2000000000000002,13.88888888888889,13.88888888888889,14.620964093759891,21.77496093861483,26.43751750178374,-0.7828722259565666,-0.07999999999999963,-1.2000000000000002,-1.2000000000000002,13.88888888888889,13.88888888888889
29,1.3,False,0,4.0,1.0,0.0,True,13.920320881450323,23.854730777072046,26.557986496675564,-0.025189528547854945,-1.8899999999999997,0.0,0.0,13.88888888888889,13.88888888888889,14.526988724676112,26.150528789117523,27.003062950143523,-0.32874430945599764,-0.09000000000000008,-1.3,-1.3,13.88888888888889,13.88888888888889
29,1.4000000000000001,False,0,4.0,1.0,0.0,True,13.910013295159109,22.98937118365268,26.853729345125323,0.2595426838759072,-0.919999999999999,-1.4000000000000001,-1.4000000000000001,13.88888888888889,13.88888888888889,14.602014971315294,22.07071992277937,27.04595278698312,0.916589896749668,-0.08000000000000007,-1.4000000000000001,-1.4000000000000001,13.88888888888889,13.88888888888889
29,1.5,False,0,4.0,1.0,0.0,True,13.952725713701296,22.878304381662385,26.863416809196732,-1.0230450872223744,-1.7999999999999998,-1.5,0.0,13.88888888888889,13.88888888888889,14.624088502486519,22.561545463085412,27.116786619554578,-0.6484763813424688,-0.04999999999999982,-1.5,-1.5,13.88888888888889,13.88888888888889
29,1.6,False,0,4.0,1.0,0.0,True,13.94073364697673,20.15520606919041,27.209815415818024,-1.8693040737786775,-1.879999999999999,-1.6,0.0,13.88888888888889,13.88888888888889,14.694591790606797,19.662771886377246,27.475759869534965,2.357118000798041,-0.1599999999999997,-1.6,-1.6,13.88888888888889,13.88888888888889
29,1.7000000000000002,False,0,4.0,0.8376418929696385,0.0,True,13.904983130850221,23.880162999396166,27.466950417623753,-0.8663577664826849,-1.8300000000000005,0.0,0.0,13.88888888888889,13.88888888888889,14.627789023911347,25.991364556903747,27.76773363417693,0.5729898597845664,-0.09999999999999964,-1.7000000000000002,-1.7000000000000002,13.88888888888889,13.88888888888889
30,0.0,False,0,4.0,1.0,1.0,True,16.666666666666668,-2.5167675986889035,-4.1666666666661625,1.5348024925467314,1.6,0.0,0.0,13.88888888888889,13.88888888888889,,,,,,,,,
30,0.1,False,0,4.0,1.0,0.0,True,14.039618253450525,17.78477320343387,19.811788174655003,2.7192984755036833,1.1800000000000002,-0.1,-0.1,13.88888888888889,13.88888888888889,12.572578823932112,27.605788996538404,33.76256923602584,0.17492186353085382,-0.00999999999999579,-0.1,-0.1,13.88888888888889,13.88888888888889
30,0.2,False,0,4.0,1.0,0.0,True,13.94448449729414,23.24563402940532,25.573759645018992,0.9960941775589887,1.1,-0.2,-0.2,13.88888888888889,13.88888888888889,13.602393483327814,24.06180397553967,26.443345997515845,1.2200553620797603,-0.019999999999997353,-0.2,-0.2,13.88888888888889,13.88888888888889
30,0.30000000000000004,False,0,4.0,0.96241056321012,0.0,True,13.932226602843317,22.98506841452983,26.101994497971443,-0.25255070942505475,0.8500000000000001,-0.30000000000000004,-0.30000000000000004,13.88888888888889,13.88888888888889,13.640569842858294,25.71438661981986,26.45899626661871,0.7796060970394625,-0.020000000000001572,-0.30000000000000004,-0.30000000000000004,13.88888888888889,13.88888888888889
30,0.4,False,0,4.0,1.0,0.0,True,14.014829404564276,21.748699347346186,26.42529609955707,0.2691078159660636,0.5599999999999996,-0.4,-0.4,13.88888888888889,13.88888888888889,13.746389618009006,23.738961686348762,26.537327298710498,-1.3919179102270793,-6.661338147750939e-16,-0.4,-0.4,13.88888888888889,13.88888888888889
30,0.5,False,0,4.0,1.0,0.0,True,13.953943384525694,21.47348355053771,26.04190062024792,0.8897259654475103,0.3999999999999999,-0.5,-0.5,13.88888888888889,13.88888888888889,13.707602349232424,21.669398991472715,26.12938900327715,0.19483511036894896,0.0,-0.5,-0.5,13.88888888888889,13.88888888888889
30,0.6000000000000001,False,0,4.0,1.0,0.0,True,13.904726249301707,22.70696548275615,26.701299091129474,-0.9062489584649287,-0.38000000000000034,-0.6000000000000001,-0.6000000000000001,13.88888888888889,13.88888888888889,13.995284733151463,24.975448130349076,26.722305950434684,2.1415124168781685,-0.019999999999999574,-0.6000000000000001,-0.6000000000000001,13.88888888888889,13.88888888888889
30,0.7000000000000001,False,0,4.0,1.0,0.0,True,13.905972445599694,23.988707162952377,26.827110237563,0.7152657427752236,-0.21999999999999909,-0.7000000000000001,-0.7000000000000001,13.88888888888889,13.88888888888889,14.139951086861098,21.75533583326563,26.8478384353001,0.7210008449393879,-0.009999999999999343,-0.7000000000000001,-0.7000000000000001,13.88888888888889,13.88888888888889
30,0.8,False,0,4.0,0.8577269582848877,0.0,True,13.976329436176211,19.95557404363117,27.00994464419144,0.3153156483307056,-0.0800000000000003,-0.8,-0.8,13.88888888888889,13.88888888888889,14.204109715395449,20.16800819879624,27.01868869892017,0.9157862575883295,-2.220446049250313e-16,-0.8,-0.8,13.88888888888889,13.88888888888889
30,0.9,False,0,4.0,0.8822997253073642,0.0,True,13.985416950447853,21.78391883563091,26.236919143485945,-1.4328560719209336,-0.9199999999999986,-0.9,-0.9,13.88888888888889,13.88888888888889,14.62735258834211,24.079614612765642,26.544089714806372,0.08065774771449608,-0.02000000000000024,-0.9,-0.9,13.88888888888889,13.88888888888889
30,1.0,False,0,4.0,0.8871013722710285,0.0,True,13.913166676706597,21.408738075364706,27.24416622386242,-0.8868512210021966,-1.7999999999999998,-1.0,-1.0,13.88888888888889,13.88888888888889,14.257592058051321,25.82812681887525,27.456196901641032,-0.17996121455388758,0.0,-1.0,-1.0,13.88888888888889,13.88888888888889
30,1.1,False,0,4.0,0.8638546921376219,0.0,True,13.930127562661488,22.666251900714027,27.309250153918892,-1.0505858393711798,-1.1500000000000008,-1.1,-1.1,13.88888888888889,13.88888888888889,14.57014607483999,23.958741047670532,27.57731642435264,0.3826178583246751,-0.0499999999999996,-1.1,-1.1,13.88888888888889,13.88888888888889
30,1.2000000000000002,False,0,4.0,0.8536013135756751,0.0,True,13.985070263592252,22.471726274860966,26.995680537160023,-1.219825224520118,-1.5199999999999987,-1.2000000000000002,-1.2000000000000002,13.88888888888889,13.88888888888889,14.692594329274346,26.175257860289705,27.450188080084573,-0.1259841199143994,-0.07999999999999963,-1.2000000000000002,-1.2000000000000002,13.88888888888889,13.88888888888889
30,1.3,False,0,4.0,1.0,0.0,True,13.90981734103766,23.59796603565506,27.50405407488648,-0.6264995198891354,-1.7800000000000002,-1.3,-1.3,13.88888888888889,13.88888888888889,14.451747259174912,27.42177799622888,27.78006571565233,-1.7182235973774822,-0.09000000000000008,-1.3,-1.3,13.88888888888889,13.88888888888889
30,1.4000000000000001,False,0,4.0,0.7988754401144424,0.0,True,13.926869922859268,23.594012101936645,27.58380744510327,-1.7131152017726723,-1.6199999999999988,-1.4000000000000001,-1.4000000000000001,13.88888888888889,13.88888888888889,14.717441364091828,23.90105859481066,27.96404683629377,0.9294866306112595,-0.08000000000000007,-1.4000000000000001,-1.4000000000000001,13.88888888888889,13.88888888888889
30,1.5,False,0,4.0,0.9143646564657913,0.0,True,13.973183314206935,22.617247575017966,26.95087857575518,-1.5367802164401705,-1.7999999999999998,0.0,0.0,13.88888888888889,13.88888888888889,14.91139873287762,25.162411167162954,27.889456680764997,0.5534643005168074,-0.04999999999999982,-1.5,-1.5,13.88888888888889,13.88888888888889
30,1.6,False,0,4.0,0.9236550206618226,0.0,True,13.927433543216921,21.95540810926232,27.098463251171037,-0.11287380772647859,-1.879999999999999,0.0,0.0,13.88888888888889,13.88888888888889,14.982237136801766,24.987408491028145,27.852308000075684,-0.11081307246796657,-0.1599999999999997,-1.6,-1.6,13.88888888888889,13.88888888888889
30,1.7000000000000002,False,0,4.0,0.9911067691057143,0.0,True,13.993370170655698,21.35795280217825,27.42793308548335,-1.0074729355596004,-1.8300000000000005,0.0,0.0,13.88888888888889,13.88888888888889,14.733775813222806,28.548021719555482,28.437725469134666,0.16952310919813396,-0.09999999999999964,-1.7000000000000002,-1.7000000000000002,13.88888888888889,13.88888888888889
31,0.0,False,0,4.0,1.0,1.0,True,16.666666666666668,-2.7583533112965766,-4.2777777777771915,2.9463843171459048,1.6,0.0,0.0,13.88888888888889,13.88888888888889,,,,,,,,,
31,0.1,False,0,4.0,1.0,0.0,True,13.945022804710549,22.671874032428565,23.636579142654643,0.6984969540990682,1.2599999999999998,-0.1,-0.1,13.88888888888889,13.88888888888889,13.036317029980435,28.73468503148983,32.30701734354942,0.8741384273544379,-0.00999999999999579,-0.1,-0.1,13.88888888888889,13.88888888888889
31,0.2,False,0,4.0,1.0,0.0,True,13.906843504232752,22.570592934791033,26.619290150741687,0.8035134418894976,0.9999999999999996,-0.2,-0.2,13.88888888888889,13.88888888888889,13.601496826133353,25.96545449733649,27.68312139277857,-0.5183820572235072,-0.019999999999997353,-0.2,-0.2,13.88888888888889,13.88888888888889
31,0.30000000000000004,False,0,4.0,1.0,0.0,True,13.904504265454472,24.240842867018298,26.606178136574822,-0.023304521425880242,0.5499999999999998,-0.30000000000000004,-0.30000000000000004,13.88888888888889,13.88888888888889,13.86286116782544,24.462904337966943,26.6425132968351,-0.623144946474516,-0.020000000000001572,-0.30000000000000004,-0.30000000000000004,13.88888888888889,13.88888888888889
31,0.4,False,0,4.0,0.9407777157233768,0.0,True,13.95468060826233,21.5350974021873,26.696764494453614,0.34951696471326743,0.3199999999999994,-0.4,-0.4,13.88888888888889,13.88888888888889,13.751333530133351,26.253899433823708,26.775574134158408,-1.3388161021396876,-6.661338147750939e-16,-0.4,-0.4,13.88888888888889,13.88888888888889
31,0.5,False,0,4.0,0.8566827980573,0.0,True,13.901869233441355,23.246814255087227,27.1856386608605,0.5064723269681046,0.0,-0.5,-0.5,13.88888888888889,13.88888888888889,13.901869233441355,23.246814255087227,27.1856386608605,0.5064723269681046,0.0,-0.5,-0.5,13.88888888888889,13.88888888888889
31,0.6000000000000001,False,0,4.0,1.0,0.0,True,13.941837605874948,23.46096693545221,27.257789749585232,-0.7721021918920459,-0.07999999999999963,-0.6000000000000001,-0.6000000000000001,13.88888888888889,13.88888888888889,13.941837605874948,25.676464118762087,27.26308462128384,-1.1820302623311756,-0.019999999999999574,-0.6000000000000001,-0.6000000000000001,13.88888888888889,13.88888888888889
31,0.7000000000000001,False,0,4.0,0.8625247574896525,0.0,True,13.894985043199966,23.191770344508424,27.11506899358906,-0.49189948334307054,-0.569999999999999,-0.7000000000000001,-0.7000000000000001,13.88888888888889,13.88888888888889,14.313601273237571,22.63925930066714,27.23200588140477,-1.1040734511997807,-0.009999999999999343,-0.7000000000000001,-0.7000000000000001,13.88888888888889,13.88888888888889
31,0.8,False,0,4.0,0.8098608167153524,0.0,True,13.92019209404221,23.964713761406546,27.201489574264404,0.16174432219276058,-0.640000000000001,-0.8,-0.8,13.88888888888889,13.88888888888889,14.464115329009395,24.918805136119243,27.405936063711703,-0.6191920065624497,-2.220446049250313e-16,-0.8,-0.8,13.88888888888889,13.88888888888889
31,0.9,False,0,4.0,0.8457034705841411,0.0,True,13.93017923720315,21.828166043362597,27.44045048526308,-0.5788335989581204,-1.0999999999999983,-0.9,-0.9,13.88888888888889,13.88888888888889,14.514330539348244,27.189029232898353,27.7377460529713,0.5489184872695168,-0.02000000000000024,-0.9,-0.9,13.88888888888889,13.88888888888889
31,1.0,False,0,4.0,0.9864489190594119,0.0,True,13.948624508974579,21.988459928201888,27.490060536861574,0.5007804037751913,-1.7999999999999998,-1.0,0.0,13.88888888888889,13.88888888888889,14.748156191292047,25.485447799272766,28.057479030153896,0.8148127350259005,0.0,-1.0,-1.0,13.88888888888889,13.88888888888889
31,1.1,False,0,4.0,0.9509123815920671,0.0,True,13.930688444872718,22.656579715930217,27.341693421191263,-1.1352977786529748,-1.8799999999999981,0.0,0.0,13.88888888888889,13.88888888888889,14.765968035194152,28.527602592038516,28.28850116374893,-0.39292547510518916,-0.0499999999999996,-1.1,-1.1,13.88888888888889,13.88888888888889
31,1.2000000000000002,False,0,4.0,0.8808235332841795,0.0,True,13.981983686571887,21.02291930105441,28.143285709300013,-1.2642826508967298,-1.8799999999999994,-1.2000000000000002,-1.2000000000000002,13.88888888888889,13.88888888888889,14.630164114398404,24.208099804338598,28.74972183114004,-0.15556426140260404,-0.07999999999999963,-1.2000000000000002,-1.2000000000000002,13.88888888888889,13.88888888888889
31,1.3,False,0,4.0,0.8379826498083408,0.0,True,13.956457574816767,21.055697153551353,27.619168443216157,-0.780636503964167,-1.8899999999999997,0.0,0.0,13.88888888888889,13.88888888888889,14.988208263466062,28.851981326437308,28.585400643310653,1.8048345631189227,-0.09000000000000008,-1.3,-1.3,13.88888888888889,13.88888888888889
31,1.4000000000000001,False,0,4.0,0.9740033331282784,0.0,True,13.893699852119276,22.750467360581244,27.8822345448088,-0.6614593618609832,-1.8999999999999986,0.0,0.0,13.88888888888889,13.88888888888889,14.778045402270203,26.112723905045623,28.811556476077204,-1.8438848359481308,-0.08000000000000007,-1.4000000000000001,-1.4000000000000001,13.88888888888889,13.88888888888889
31,1.5,False,0,4.0,0.911253142776974,0.0,True,13.933609857022761,23.42325697204473,27.89566081510576,-1.466853408362578,-1.7999999999999998,0.0,0.0,13.88888888888889,13.88888888888889,15.07567241203913,28.30212510034342,28.936062048468752,0.10268117553109501,-0.04999999999999982,-1.5,-1.5,13.88888888888889,13.88888888888889
31,1.6,False,0,4.0,0.8053707840069809,0.0,True,13.904980895177653,21.781768780991836,27.873529800125265,-0.844603192530357,-1.879999999999999,0.0,0.0,13.88888888888889,13.88888888888889,15.029356511053196,26.42820045907112,29.09234672323829,-1.2048346271845711,-0.1599999999999997,-1.6,-1.6,13.88888888888889,13.88888888888889
31,1.7000000000000002,False,0,4.0,1.0,0.0,True,14.009437169206207,20.05464297821889,27.895894815707845,-1.0707760422568597,-1.8300000000000005,0.0,0.0,13.88888888888889,13.88888888888889,15.036843314061958,25.105327029196385,29.169071121464402,-0.035731183801425814,-0.09999999999999964,-1.7000000000000002,-1.7000000000000002,13.88888888888889,13.88888888888889
32,0.0,False,0,4.0,1.0,1.0,True,16.540166666666668,-3.2361425330010887,-4.223916666666741,2.524192668020756,1.6,0.0,0.0,13.88888888888889,13.88888888888889,,,,,,,,,
32,0.1,False,0,4.0,1.0,0.0,True,13.922704974221235,21.50970308323951,21.106966285511486,1.8800454360544943,1.1600000000000001,-0.1,-0.1,13.88888888888889,13.88888888888889,13.112041913419493,26.95187660952966,28.51230260932969,-1.0217713290152575,-0.00999999999999579,-0.1,-0.1,13.88888888888889,13.88888888888889
32,0.2,False,0,4.0,0.9399021422626348,0.0,True,13.949890554209656,21.018285094146147,26.902374501985985,0.19486595041011512,0.8799999999999994,-0.2,-0.2,13.88888888888889,13.88888888888889,13.548745237118604,22.65729956306097,28.055595037330445,0.8551265906678744,-0.019999999999997353,-0.2,-0.2,13.88888888888889,13.88888888888889
32,0.30000000000000004,False,0,4.0,0.9285475148642587,0.0,True,13.954101099804085,20.371677972939732,27.49611158937419,0.7711225930577883,0.7900000000000005,-0.30000000000000004,-0.30000000000000004,13.88888888888889,13.88888888888889,13.745588116261656,25.76778284760007,27.863501277901133,0.5864947485107468,-0.020000000000001572,-0.30000000000000004,-0.30000000000000004,13.88888888888889,13.88888888888889
32,0.4,False,0,4.0,0.8581360236944113,0.0,True,13.949571276436938,22.00267991960465,27.455614466531646,1.432074335247973,0.15999999999999925,-0.4,-0.4,13.88888888888889,13.88888888888889,13.798813467345443,25.790379472595976,27.488459136682796,0.5968476028364331,-6.661338147750939e-16,-0.4,-0.4,13.88888888888889,13.88888888888889
32,0.5,False,0,4.0,0.8533875804878045,0.0,True,13.888981459866702,24.02902469358541,27.61188667108173,-0.9860314015351287,-0.2999999999999998,-0.5,-0.5,13.88888888888889,13.88888888888889,13.892534027549116,26.171573421011036,27.613007983973137,0.8450637753254462,0.0,-0.5,-0.5,13.88888888888889,13.88888888888889
32,0.6000000000000001,False,0,4.0,0.8529071281380669,0.0,True,13.889673419242234,23.799566366138574,27.52351336564079,-1.4480801527660163,-1.460000000000003,-0.6000000000000001,-0.6000000000000001,13.88888888888889,13.88888888888889,14.359914866839954,26.92325351073585,27.862433115474108,1.8138230221224974,-0.019999999999999574,-0.6000000000000001,-0.6000000000000001,13.88888888888889,13.88888888888889
32,0.7000000000000001,False,0,4.0,0.9605802799235733,0.0,True,13.973160188956244,18.968901708929746,27.884171318876806,-0.913821894030509,-1.339999999999998,-0.7000000000000001,-0.7000000000000001,13.88888888888889,13.88888888888889,14.550299308643329,27.053214068951977,28.301838353995425,-1.6652562030024802,-0.009999999999999343,-0.7000000000000001,-0.7000000000000001,13.88888888888889,13.88888888888889
32,0.8,False,0,4.0,0.788654753881882,0.0,True,13.936678070570276,20.161572498792008,27.84336109282931,-0.8061070777530461,-1.8799999999999994,-0.8,0.0,13.88888888888889,13.88888888888889,14.55535782146319,28.061301680319826,28.46715316805469,1.557606883423357,-2.220446049250313e-16,-0.8,-0.8,13.88888888888889,13.88888888888889
32,0.9,False,0,4.0,0.7187823039436729,0.0,True,13.921802234593713,22.09488416080919,28.199163067345214,-1.553499536775846,-1.8199999999999972,-0.9,-0.9,13.88888888888889,13.88888888888889,14.74210140672128,27.93042304143302,28.638198950802714,0.08911614492007769,-0.02000000000000024,-0.9,-0.9,13.88888888888889,13.88888888888889
32,1.0,False,0,4.0,0.7493273259030035,0.0,True,13.937205022392416,20.320034779471666,27.946401468831237,-1.277715256368606,-1.7999999999999998,0.0,0.0,13.88888888888889,13.88888888888889,14.717850869909215,26.608306580472426,28.909610309825492,-0.9948360974409323,0.0,-1.0,-1.0,13.88888888888889,13.88888888888889
32,1.1,False,0,4.0,0.7424433824899804,0.0,True,13.968506826383326,21.93856257596207,28.091464097667075,-0.07656133195344106,-1.8799999999999981,-1.1,0.0,13.88888888888889,13.88888888888889,14.826516181684626,29.17691604327491,28.992938010339483,-0.6485589897217929,-0.0499999999999996,-1.1,-1.1,13.88888888888889,13.88888888888889
32,1.2000000000000002,False,0,4.0,0.8119703636868096,0.0,True,13.911513326517941,20.300967672564983,28.693350312610153,-0.9743234668857663,-1.7999999999999998,-1.2000000000000002,0.0,13.88888888888889,13.88888888888889,14.738819812577697,27.774942473179816,29.43751371607308,1.1055818600174088,-0.07999999999999963,-1.2000000000000002,-1.2000000000000002,13.88888888888889,13.88888888888889
32,1.3,False,0,4.0,0.784937984653777,0.0,True,13.893435308734343,23.546139637821565,28.58088755013777,-1.6759129612162948,-1.8899999999999997,0.0,0.0,13.88888888888889,13.88888888888889,14.904626313855472,24.837487452434775,29.496385397049476,-1.1835356373532806,-0.09000000000000008,-1.3,-1.3,13.88888888888889,13.88888888888889
32,1.4000000000000001,False,0,4.0,0.6101526677039157,0.0,True,13.913575607638883,23.621210693505073,28.21778004805891,-0.8969949445148524,-1.8999999999999986,0.0,0.0,13.88888888888889,13.88888888888889,14.94371651639422,29.24462918248734,29.87167856352438,-0.5169984766808837,-0.08000000000000007,-1.4000000000000001,-1.4000000000000001,13.88888888888889,13.88888888888889
32,1.5,False,0,4.0,0.9130211681341988,0.0,True,13.992160934767487,19.897234222182743,28.691414196737636,-1.2475605225033792,-1.7999999999999998,0.0,0.0,13.88888888888889,13.88888888888889,15.022350209791243,23.36888957392472,29.874307715595148,0.05790230934903873,-0.04999999999999982,-1.5,-1.5,13.88888888888889,13.88888888888889
32,1.6,False,0,4.0,0.7506978965954436,0.0,True,13.894616185950914,20.281649883732573,28.725717091668844,-1.3707103200293065,-1.879999999999999,0.0,0.0,13.88888888888889,13.88888888888889,15.131495147203132,26.708028134137994,30.175045046565803,0.3006372117451739,-0.1599999999999997,-1.6,-1.6,13.88888888888889,13.88888888888889
32,1.7000000000000002,False,0,4.0,0.7242727372015076,0.0,True,13.930801509491431,22.95169308347,28.56646934791581,-1.2920020760037434,-1.8300000000000005,0.0,0.0,13.88888888888889,13.88888888888889,15.288441944925673,29.96787352834458,30.06633813841071,-0.27033959291936727,-0.09999999999999964,-1.7000000000000002,-1.7000000000000002,13.88888888888889,13.88888888888889
33,0.0,False,0,4.0,1.0,1.0,True,15.907666666666668,-1.053668858374226,-4.2433444444440225,1.0579589191550727,1.6,0.0,0.0,13.88888888888889,13.88888888888889,,,,,,,,,
33,0.1,False,0,4.0,1.0,0.0,True,13.9092996827368,17.85243267720085,22.96090785427445,0.9375445971225949,1.17,-0.1,-0.1,13.88888888888889,13.88888888888889,13.093633691587979,28.969604965877362,29.75008819394419,-0.813621464073579,-0.00999999999999579,-0.1,-0.1,13.88888888888889,13.88888888888889
33,0.2,False,0,4.0,1.0,0.0,True,13.966032001443816,20.47362160627753,28.059339327904592,-1.4400376374419102,0.8799999999999994,-0.2,-0.2,13.88888888888889,13.88888888888889,13.747809557878034,28.13748156776114,28.643245744357127,-0.4446490344016749,-0.019999999999997353,-0.2,-0.2,13.88888888888889,13.88888888888889
33,0.30000000000000004,False,0,4.0,0.9324178613816758,0.0,True,13.898029819559786,23.31144098690653,27.97218395100033,1.3381347339902026,0.3399999999999994,-0.30000000000000004,-0.30000000000000004,13.88888888888889,13.88888888888889,13.799655691972132,27.560451150877395,28.05855013889997,0.977815389696179,-0.020000000000001572,-0.30000000000000004,-0.30000000000000004,13.88888888888889,13.88888888888889
33,0.4,False,0,4.0,0.8175982225094597,0.0,True,13.930897350101858,21.595362204522228,28.015269758319956,-0.4633094156098214,-0.43999999999999906,-0.4,-0.4,13.88888888888889,13.88888888888889,13.949166791215205,25.100944596855964,28.07504833759395,-0.3554352669025318,-6.661338147750939e-16,-0.4,-0.4,13.88888888888889,13.88888888888889
33,0.5,False,0,4.0,0.8955044777326612,0.0,True,13.93783305725558,23.697780004213723,27.656394469652607,-0.5761531433709193,-1.0499999999999998,-0.5,-0.5,13.88888888888889,13.88888888888889,14.439435975533522,23.61981105817721,28.06250231177481,-0.6299857491514644,0.0,-0.5,-0.5,13.88888888888889,13.88888888888889
33,0.6000000000000001,False,0,4.0,0.712389140630004,0.0,True,13.9553816949518,22.793685345962,27.96186620838642,-0.3925625820809837,-1.460000000000003,-0.6000000000000001,-0.6000000000000001,13.88888888888889,13.88888888888889,14.550201421904154,28.998971904434146,28.741193607482064,-0.6368043402199894,-0.019999999999999574,-0.6000000000000001,-0.6000000000000001,13.88888888888889,13.88888888888889
33,0.7000000000000001,False,0,4.0,0.7420865553751912,0.0,True,13.896851260028,23.987389976405975,28.05319982769623,-1.3880054330960352,-1.899999999999999,0.0,0.0,13.88888888888889,13.88888888888889,14.713573204708918,26.93873140972664,29.077637040312734,2.3907996297296283,-0.009999999999999343,-0.7000000000000001,-0.7000000000000001,13.88888888888889,13.88888888888889
33,0.8,False,0,4.0,0.6863514188163978,0.0,True,13.923242151663361,23.527061588983553,27.951764902137736,-0.5661413524499166,-1.8799999999999994,0.0,0.0,13.88888888888889,13.88888888888889,14.765677594195015,25.56659753289086,29.062959605928054,-1.865361923283233,-2.220446049250313e-16,-0.8,-0.8,13.88888888888889,13.88888888888889
33,0.9,False,0,4.0,0.7001667794542374,0.0,True,13.894289245638417,21.850145060285737,28.517979324916237,-1.849029094816228,-1.8900000000000028,0.0,0.0,13.88888888888889,13.88888888888889,14.723910963364366,29.655838899432847,29.603475279340355,0.5045770752248875,-0.02000000000000024,-0.9,-0.9,13.88888888888889,13.88888888888889
33,1.0,False,0,4.0,1.0,0.0,True,13.95380791768621,22.038631725052337,28.584250237340935,-1.7335011597531513,-1.7999999999999998,0.0,0.0,13.88888888888889,13.88888888888889,14.941333692062079,29.192737294030234,30.16579776052151,0.042299003266531576,0.0,-1.0,-1.0,13.88888888888889,13.88888888888889
33,1.1,False,0,4.0,0.9856381267116837,0.0,True,13.951396384516919,22.20682475458764,28.214308968732123,-0.30399892920781224,-1.8799999999999981,0.0,0.0,13.88888888888889,13.88888888888889,15.094695699706229,27.367377079314128,29.790798777908424,-1.3238308807999444,-0.0499999999999996,-1.1,-1.1,13.88888888888889,13.88888888888889
33,1.2000000000000002,False,0,4.0,0.5870407224381865,0.0,True,13.897614144276698,22.295069897310665,28.396366086385438,-0.7469937662649944,-1.7999999999999998,0.0,0.0,13.88888888888889,13.88888888888889,15.160509761921093,29.714870511711407,30.388510750509088,1.1935930284481313,-0.07999999999999963,-1.2000000000000002,-1.2000000000000002,13.88888888888889,13.88888888888889
33,1.3,False,0,4.0,0.7485983802893692,0.0,True,13.897171429029987,24.186695522130474,28.65095676487955,-0.271002904576233,-1.8899999999999997,0.0,0.0,13.88888888888889,13.88888888888889,15.41267520628923,26.361537808264583,30.210433405864205,0.5672355576168338,-0.09000000000000008,-1.3,-1.3,13.88888888888889,13.88888888888889
33,1.4000000000000001,False,0,4.0,0.7223118354683977,0.0,True,13.94434469900532,22.864574910630605,28.35201511724372,-1.5356940297650394,-1.8999999999999986,0.0,0.0,13.88888888888889,13.88888888888889,15.336098291328577,26.898055315893956,30.55406243844237,0.8502210142922197,-0.08000000000000007,-1.4000000000000001,-1.4000000000000001,13.88888888888889,13.88888888888889
33,1.5,False,0,4.0,0.8813655277854178,0.0,True,13.95401192373578,21.934121868763054,28.193825570790377,-1.448288079717879,-1.7999999999999998,0.0,0.0,13.88888888888889,13.88888888888889,15.329226064228017,30.5960495433326,30.72161677093362,1.9793991770112171,-0.04999999999999982,-1.5,-1.5,13.88888888888889,13.88888888888889
33,1.6,False,0,4.0,0.7371347753163165,0.0,True,13.933889322199603,22.31339161376445,27.885456424075993,-1.0482778327082063,-1.879999999999999,0.0,0.0,13.88888888888889,13.88888888888889,15.361314564675576,30.26064837123526,30.862976001768995,-0.5816444285330435,-0.1599999999999997,-1.6,-1.6,13.88888888888889,13.88888888888889
33,1.7000000000000002,False,0,4.0,0.560028333765274,0.0,True,13.931408180109432,20.700066260254143,28.838895809772506,-1.6600989720888226,-1.8300000000000005,0.0,0.0,13.88888888888889,13.88888888888889,15.359781105413134,27.712484853713814,31.11147055293438,-0.7880922324811657,-0.09999999999999964,-1.7000000000000002,-1.7000000000000002,13.88888888888889,13.88888888888889
34,0.0,False,0,4.0,1.0,1.0,True,16.666666666666668,-3.6230390361222815,-4.2666666666673505,1.2976497108383969,1.6,0.0,0.0,13.88888888888889,13.88888888888889,,,,,,,,,
34,0.1,False,0,4.0,0.974964587034285,0.0,True,13.924726842070116,23.551206991980724,25.645963733877256,0.6592564584492457,1.1999999999999997,-0.1,-0.1,13.88888888888889,13.88888888888889,13.31182245638842,27.884822168997186,30.563409244390595,-0.4778088851292761,-0.00999999999999579,-0.1,-0.1,13.88888888888889,13.88888888888889
34,0.2,False,0,4.0,0.6421187127963283,0.0,True,13.936897338512933,22.45763327879852,27.643397149431234,-0.5738786401276996,0.7200000000000002,-0.2,-0.2,13.88888888888889,13.88888888888889,13.653924877824592,26.29456203960542,28.134273140097132,1.8546160787463255,-0.019999999999997353,-0.2,-0.2,13.88888888888889,13.88888888888889
34,0.30000000000000004,False,0,4.0,0.8223326578552952,0.0,True,13.942825426205506,23.48747335779502,28.63032066344905,-0.3987087948545702,0.2799999999999989,-0.30000000000000004,-0.30000000000000004,13.88888888888889,13.88888888888889,13.883765265383811,25.816175248629573,28.63544428695418,1.4283024564917013,-0.020000000000001572,-0.30000000000000004,-0.30000000000000004,13.88888888888889,13.88888888888889
34,0.4,False,0,4.0,0.8280775484398578,0.0,True,13.903656252923035,23.61428224107294,28.483326490006515,-1.7811048068942015,-0.19999999999999996,-0.4,-0.4,13.88888888888889,13.88888888888889,14.072789851864806,24.842634443681018,28.5191624248076,-1.0201773085049457,-6.661338147750939e-16,-0.4,-0.4,13.88888888888889,13.88888888888889
34,0.5,False,0,4.0,0.7688670132205024,0.0,True,13.896797276887908,22.430956272266112,28.485892418805687,-0.9297440036429341,-1.15,-0.5,-0.5,13.88888888888889,13.88888888888889,14.442791328180782,27.31977987431362,28.99043321062744,-0.5999177025420619,0.0,-0.5,-0.5,13.88888888888889,13.88888888888889
34,0.6000000000000001,False,0,4.0,0.6723131914186254,0.0,True,13.926905338547677,22.915534458536808,29.097557421888734,-1.6485180452276034,-1.8599999999999959,-0.6000000000000001,-0.6000000000000001,13.88888888888889,13.88888888888889,14.57551359713931,24.8894082967004,29.504975008558194,0.5098445713793538,-0.019999999999999574,-0.6000000000000001,-0.6000000000000001,13.88888888888889,13.88888888888889
34,0.7000000000000001,False,0,4.0,0.7858555744096793,0.0,True,13.890616999011835,23.61278526704896,28.222177711227243,-1.8111534130692595,-1.899999999999999,0.0,0.0,13.88888888888889,13.88888888888889,14.820432109480782,26.803781297371412,29.796862265101193,1.8057441065615167,-0.009999999999999343,-0.7000000000000001,-0.7000000000000001,13.88888888888889,13.88888888888889
34,0.8,False,0,4.0,0.585635283291959,0.0,True,13.944467619100523,23.291599234734246,27.94715240588918,-0.5335373410458217,-1.8799999999999994,0.0,0.0,13.88888888888889,13.88888888888889,15.207274965757419,27.62273937400652,30.068997330106438,0.33633358438429894,-2.220446049250313e-16,-0.8,-0.8,13.88888888888889,13.88888888888889
34,0.9,False,0,4.0,0.5919912785909945,0.0,True,13.896183963974426,22.78581090782401,28.71988647617196,-1.7027885322206875,-1.8900000000000028,0.0,0.0,13.88888888888889,13.88888888888889,15.178748256131648,25.754680903847344,30.107436079287734,0.807775269082712,-0.02000000000000024,-0.9,-0.9,13.88888888888889,13.88888888888889
34,1.0,False,0,4.0,0.5951258385909776,0.0,True,13.948023612035227,22.12130581054343,28.587689185392986,-1.3129408232228377,-1.7999999999999998,0.0,0.0,13.88888888888889,13.88888888888889,15.111869236600548,26.568137639022517,30.55524168675755,0.20670068759768379,0.0,-1.0,-1.0,13.88888888888889,13.88888888888889
34,1.1,False,0,4.0,0.6000803279191242,0.0,True,13.900195876188057,24.163291317645555,28.390515935986837,-0.6291713823431548,-1.8799999999999981,0.0,0.0,13.88888888888889,13.88888888888889,15.0876026071751,29.49236396898591,30.878438120159135,0.6537055792610964,-0.0499999999999996,-1.1,-1.1,13.88888888888889,13.88888888888889
34,1.2000000000000002,False,0,4.0,0.6973802742338765,0.0,True,13.900491120376795,23.142964929655474,28.158177398466446,-1.4282807262751716,-1.7999999999999998,0.0,0.0,13.88888888888889,13.88888888888889,15.231082811669483,30.779308723271267,31.207704046800576,1.0917228457607693,-0.07999999999999963,-1.2000000000000002,-1.2000000000000002,13.88888888888889,13.88888888888889
34,1.3,False,0,4.0,0.5921987908472014,0.0,True,13.900281072353682,23.171213260491836,28.826048709253055,-1.3608533224795303,-1.8899999999999997,0.0,0.0,13.88888888888889,13.88888888888889,15.286940426710125,29.425995690371646,31.39741600357311,0.6129548917545562,-0.09000000000000008,-1.3,-1.3,13.88888888888889,13.88888888888889
34,1.4000000000000001,False,0,4.0,0.5839779043317022,0.0,True,13.953171476106345,21.97238160706544,28.160478969388773,-1.378068659324236,-1.8999999999999986,0.0,0.0,13.88888888888889,13.88888888888889,15.597818140501952,29.55515933062392,31.238043079138794,1.210883637910301,-0.08000000000000007,-1.4000000000000001,-1.4000000000000001,13.88888888888889,13.88888888888889
34,1.5,False,0,4.0,0.7571831837044739,0.0,True,13.936407592331008,23.688623957240804,27.926648480349865,-1.6689617093767357,-1.7999999999999998,0.0,0.0,13.88888888888889,13.88888888888889,15.305427723107027,30.621615466320183,31.83384217077354,-0.12895445460037247,-0.04999999999999982,-1.5,-1.5,13.88888888888889,13.88888888888889
34,1.6,False,0,4.0,0.6417968400914073,0.0,True,13.918923495430718,23.872666188481755,28.340389749949903,-1.0914051411595975,-1.879999999999999,0.0,0.0,13.88888888888889,13.88888888888889,15.619910724921997,31.792612897746697,31.650188381188695,0.6805214705465912,-0.1599999999999997,-1.6,-1.6,13.88888888888889,13.88888888888889
34,1.7000000000000002,False,0,4.0,0.8477779742472834,0.0,True,13.938815453131111,23.62118202464026,27.97650627911514,-0.8327731426905385,-1.8300000000000005,0.0,0.0,13.88888888888889,13.88888888888889,15.62419775373765,32.90344026701372,31.873224042376574,-0.5438856612967959,-0.09999999999999964,-1.7000000000000002,-1.7000000000000002,13.88888888888889,13.88888888888889
35,0.0,False,0,4.0,1.0,1.0,True,16.666666666666668,-0.9174704638657429,-4.166666666665935,0.2644673660480721,1.6,0.0,0.0,13.88888888888889,13.88888888888889,,,,,,,,,
35,0.1,False,0,4.0,1.0,0.0,True,13.9104500753014,22.969979996050437,25.932610618934998,-1.0887912403764002,1.1600000000000001,-0.1,-0.1,13.88888888888889,13.88888888888889,13.413131709161915,31.264137881243112,30.210708684264073,-0.7518827088185671,-0.00999999999999579,-0.1,-0.1,13.88888888888889,13.88888888888889
35,0.2,False,0,4.0,0.7992587989846985,0.0,True,13.890554459430241,22.085921951444245,28.366631706540456,-0.37383476917869274,2.6645352591003757e-15,-0.2,-0.2,13.88888888888889,13.88888888888889,13.7841038318547,27.798828331420165,28.377110212243874,-0.40711724130213955,-0.019999999999997353,-0.2,-0.2,13.88888888888889,13.88888888888889
35,0.30000000000000004,False,0,4.0,0.7268696478990926,0.0,True,13.96028743374376,22.946563080225854,28.42015709113407,-1.4733116516616718,-0.8600000000000034,-0.30000000000000004,-0.30000000000000004,13.88888888888889,13.88888888888889,14.12064740627101,24.41361345334968,28.803335878749035,0.35860281408217753,-0.020000000000001572,-0.30000000000000004,-0.30000000000000004,13.88888888888889,13.88888888888889
35,0.4,False,0,4.0,0.7628444195799967,0.0,True,13.933493444959556,22.65504972948572,28.14128943344853,-1.7352424258472068,-1.6399999999999948,-0.4,-0.4,13.88888888888889,13.88888888888889,14.460883938942796,25.908878863213747,28.875347680663797,-1.4998388362106054,-6.661338147750939e-16,-0.4,-0.4,13.88888888888889,13.88888888888889
35,0.5,False,0,4.0,0.5972195403078473,0.0,True,13.90118301523618,23.707951386061165,29.354296647129086,-0.46285455236024164,-1.85,-0.5,0.0,13.88888888888889,13.88888888888889,14.341357485355886,25.950560799298234,29.902183508715172,0.4458085195421062,0.0,-0.5,-0.5,13.88888888888889,13.88888888888889
35,0.6000000000000001,False,0,4.0,0.5912548645360575,0.0,True,13.893623295150345,23.146604908760363,28.428278278089575,-0.32503602579495494,-1.8599999999999959,0.0,0.0,13.88888888888889,13.88888888888889,14.803577521538562,27.365671781089755,29.960031431494695,1.1725219050214997,-0.019999999999999574,-0.6000000000000001,-0.6000000000000001,13.88888888888889,13.88888888888889
35,0.7000000000000001,False,0,4.0,0.5646135589703648,0.0,True,13.890676654363125,21.041238465853734,28.49616762563947,-1.857114539254894,-1.899999999999999,0.0,0.0,13.88888888888889,13.88888888888889,15.080393500102646,27.150723471522756,30.334751063865117,-1.278951128005624,-0.009999999999999343,-0.7000000000000001,-0.7000000000000001,13.88888888888889,13.88888888888889
35,0.8,False,0,4.0,0.6041797476201607,0.0,True,13.891112158691698,22.614252102345215,28.48632097785612,-1.8781512709197088,-1.8799999999999994,0.0,0.0,13.88888888888889,13.88888888888889,15.127694077012038,30.29052489307561,31.041473585679977,0.12800096421993734,-2.220446049250313e-16,-0.8,-0.8,13.88888888888889,13.88888888888889
35,0.9,False,0,4.0,0.8322704797158582,0.0,True,13.904118757409195,22.634701564236206,28.418791558027248,-1.6270998779612036,-1.8900000000000028,0.0,0.0,13.88888888888889,13.88888888888889,15.216516609036187,31.351213607541798,31.28503986164583,-0.39506001763385834,-0.02000000000000024,-0.9,-0.9,13.88888888888889,13.88888888888889
35,1.0,False,0,4.0,0.6503024324986603,0.0,True,13.948355637248802,23.330968087345536,28.32730440849701,-1.0301789083610597,-1.7999999999999998,0.0,0.0,13.88888888888889,13.88888888888889,15.488322947691369,30.453416481286883,31.353683705267915,-0.290884625428097,0.0,-1.0,-1.0,13.88888888888889,13.88888888888889
35,1.1,False,0,4.0,0.6000031056464604,0.0,True,13.903358874893858,24.09848463864736,28.39119589434247,-1.0478303442877346,-1.8799999999999981,0.0,0.0,13.88888888888889,13.88888888888889,15.577098471990096,27.207195847666725,31.545096558020955,-1.4900555424766138,-0.0499999999999996,-1.1,-1.1,13.88888888888889,13.88888888888889
35,1.2000000000000002,False,0,4.0,0.44703392310356604,0.0,True,13.898347206661366,24.17764990100083,28.18056752170845,-1.6568210633200182,-1.7999999999999998,0.0,0.0,13.88888888888889,13.88888888888889,15.511267842534858,29.610964839018305,32.05787292628032,-0.765971620986658,-0.07999999999999963,-1.2000000000000002,-1.2000000000000002,13.88888888888889,13.88888888888889
35,1.3,False,0,4.0,0.5841717836010419,0.0,True,13.891795874538381,22.907626002846566,28.480566536108082,-0.9836797386999341,-1.8899999999999997,0.0,0.0,13.88888888888889,13.88888888888889,15.514587844835383,27.2264820180953,32.25599126406263,2.0783693696439776,-0.09000000000000008,-1.3,-1.3,13.88888888888889,13.88888888888889
35,1.4000000000000001,False,0,4.0,0.8085661043273576,0.0,True,14.007223206465012,18.916814145625477,28.977279258356997,-1.4157713975508741,-1.8999999999999986,0.0,0.0,13.88888888888889,13.88888888888889,15.413368977491498,31.51593438503153,32.546273493177914,-1.0342063798632597,-0.08000000000000007,-1.4000000000000001,-1.4000000000000001,13.88888888888889,13.88888888888889
35,1.5,False,0,4.0,0.6334090480207948,0.0,True,13.893251435729598,23.31011606485266,28.342228145035886,-1.3931985735374244,-1.7999999999999998,0.0,0.0,13.88888888888889,13.88888888888889,15.644930396279152,27.05377821688038,32.569415318308785,0.05634375811846448,-0.04999999999999982,-1.5,-1.5,13.88888888888889,13.88888888888889
35,1.6,False,0,4.0,0.5770498820713322,0.0,True,13.98425359078268,22.56000201280116,28.582325215966176,-1.330154794743302,-1.879999999999999,0.0,0.0,13.88888888888889,13.88888888888889,15.693121884016973,31.8164054381031,32.6147905767364,-0.6281668650466998,-0.1599999999999997,-1.6,-1.6,13.88888888888889,13.88888888888889
35,1.7000000000000002,False,0,4.0,0.43537061208490385,0.0,True,13.925871774769169,23.879300510475655,28.870926727154394,-1.1486270558598033,-1.8300000000000005,0.0,0.0,13.88888888888889,13.88888888888889,15.770452279349112,31.030007236738992,32.60808314062731,-0.036814314250726454,-0.09999999999999964,-1.7000000000000002,-1.7000000000000002,13.88888888888889,13.88888888888889
36,0.0,False,0,4.0,1.0,1.0,True,15.907666666666668,-4.158989271904704,-4.2868833333334235,0.6479760542632196,1.6,0.0,0.0,13.88888888888889,13.88888888888889,,,,,,,,,
36,0.1,False,0,4.0,0.839231618701429,0.0,True,13.962049411669769,21.499047488451847,28.007908174386426,1.734601855372873,1.0600000000000005,-0.1,-0.1,13.88888888888889,13.88888888888889,13.66790937030475,31.906963207495902,29.66783983224111,0.19590007111470165,-0.00999999999999579,-0.1,-0.1,13.88888888888889,13.88888888888889
36,0.2,False,0,4.0,0.8298451530552897,0.0,True,13.950303712421832,21.21924771851017,28.682806056213646,-0.24430657064301098,0.3600000000000012,-0.2,-0.2,13.88888888888889,13.88888888888889,13.781634543341672,27.486416266925342,28.86980115243335,1.0460103913495131,-0.019999999999997353,-0.2,-0.2,13.88888888888889,13.88888888888889
36,0.30000000000000004,False,0,4.0,0.6119964167636573,0.0,True,13.910779620551883,21.6258610456545,28.645281318251403,-0.04224269448389606,-0.980000000000004,-0.30000000000000004,-0.30000000000000004,13.88888888888889,13.88888888888889,14.403302369932462,29.222928698240548,29.505074622659773,0.38934150101225384,-0.020000000000001572,-0.30000000000000004,-0.30000000000000004,13.88888888888889,13.88888888888889
36,0.4,False,0,4.0,0.7740107390935241,0.0,True,14.00111860646624,20.507490965647886,28.460040184572815,0.19099647237281392,-0.8399999999999976,-0.4,-0.4,13.88888888888889,13.88888888888889,14.65307298203735,30.82630715887532,29.32624419275957,1.0774647633972099,-6.661338147750939e-16,-0.4,-0.4,13.88888888888889,13.88888888888889
36,0.5,False,0,4.0,0.7519406970182622,0.0,True,13.997621007061193,20.96357766158378,29.067987549369914,-0.5209771373463075,-1.35,-0.5,-0.5,13.88888888888889,13.88888888888889,14.781512143359981,28.91564283038853,30.33204325275369,2.426318973531304,0.0,-0.5,-0.5,13.88888888888889,13.88888888888889
36,0.6000000000000001,False,0,4.0,0.5694560188197874,0.0,True,13.925791807693715,23.93528368610728,28.419491617157146,-1.7411151956486675,-1.8599999999999959,0.0,0.0,13.88888888888889,13.88888888888889,15.00145634840073,29.191628994133264,30.734447550217734,-0.3400291416317156,-0.019999999999999574,-0.6000000000000001,-0.6000000000000001,13.88888888888889,13.88888888888889
36,0.7000000000000001,False,0,4.0,0.45239905128061625,0.0,True,13.963658002072462,21.017991087750072,28.27703103215337,-1.5693265585560816,-1.899999999999999,0.0,0.0,13.88888888888889,13.88888888888889,15.224837355697474,27.69466860629056,30.93987925415666,-0.09129205121664552,-0.009999999999999343,-0.7000000000000001,-0.7000000000000001,13.88888888888889,13.88888888888889
36,0.8,False,0,4.0,0.6159171564699787,0.0,True,13.942955770293473,23.587463991827175,29.37466464504652,-1.4781472852605861,-1.8799999999999994,0.0,0.0,13.88888888888889,13.88888888888889,15.289377197804347,31.000974580888897,31.72963547880116,0.9339135274541803,-2.220446049250313e-16,-0.8,-0.8,13.88888888888889,13.88888888888889
36,0.9,False,0,4.0,0.6116802017824343,0.0,True,13.906969349820073,21.893728673990662,28.228026992421743,-1.262832989151239,-1.8900000000000028,0.0,0.0,13.88888888888889,13.88888888888889,15.604591885497891,30.638325733570152,31.924956069264407,1.4676947729463952,-0.02000000000000024,-0.9,-0.9,13.88888888888889,13.88888888888889
36,1.0,False,0,4.0,0.5544950877855579,0.0,True,13.990430704540893,21.48883578676897,28.49736511105959,-0.5244014861955784,-1.7999999999999998,0.0,0.0,13.88888888888889,13.88888888888889,15.553871288145638,32.449066370580965,32.30009635995158,-0.4606844005438755,0.0,-1.0,-1.0,13.88888888888889,13.88888888888889
36,1.1,False,0,4.0,0.5311907389649895,0.0,True,13.89216159559438,24.052822355443435,28.752717520390842,-1.2495335276526798,-1.8799999999999981,0.0,0.0,13.88888888888889,13.88888888888889,15.709618874867068,31.351714598111297,32.50848327132314,0.4257535656472382,-0.0499999999999996,-1.1,-1.1,13.88888888888889,13.88888888888889
36,1.2000000000000002,False,0,4.0,0.49902669931820054,0.0,True,13.94496893199523,20.430043138432662,29.201763384958266,-1.2682612130809747,-1.7999999999999998,0.0,0.0,13.88888888888889,13.88888888888889,15.655248463000348,31.357437081903445,32.77041076937079,1.0677078122948434,-0.07999999999999963,-1.2000000000000002,-1.2000000000000002,13.88888888888889,13.88888888888889
36,1.3,False,0,4.0,0.6799702271757125,0.0,True,13.976997096707029,22.223388111991977,28.50696990746142,-1.593136186934959,-1.8899999999999997,0.0,0.0,13.88888888888889,13.88888888888889,15.917390195279536,31.184520916403383,32.97517923865149,1.9631035253153781,-0.09000000000000008,-1.3,-1.3,13.88888888888889,13.88888888888889
36,1.4000000000000001,False,0,4.0,0.5273127519268305,0.0,True,13.9099325698045,21.740700691017263,28.17664961105829,-1.377195547774625,-1.8999999999999986,0.0,0.0,13.88888888888889,13.88888888888889,15.78300555709918,30.703401960964836,33.177363991985914,0.11201382949504346,-0.08000000000000007,-1.4000000000000001,-1.4000000000000001,13.88888888888889,13.88888888888889
36,1.5,False,0,4.0,0.5364846289562376,0.0,True,13.916548311957131,23.807307708468425,28.061761095039213,-1.2126217018731358,-1.7999999999999998,0.0,0.0,13.88888888888889,13.88888888888889,15.952243449367835,32.27640844633213,33.293434210005046,1.5595891629516765,-0.04999999999999982,-1.5,-1.5,13.88888888888889,13.88888888888889
36,1.6,False,0,4.0,0.6489226001933986,0.0,True,13.903977595024354,22.414884523680836,28.751992235023845,-1.6469860221838148,-1.879999999999999,0.0,0.0,13.88888888888889,13.88888888888889,15.834085073623065,27.747287999424923,33.31763050861743,2.7033652312421794,-0.1599999999999997,-1.6,-1.6,13.88888888888889,13.88888888888889
36,1.7000000000000002,False,0,4.0,0.6615131614249113,0.0,True,13.892222744715443,20.920415031835116,27.85518426263806,-1.1155316131948219,-1.8300000000000005,0.0,0.0,13.88888888888889,13.88888888888889,15.916502406486666,30.339458630392098,33.648862827908516,-0.2814845613703236,-0.09999999999999964,-1.7000000000000002,-1.7000000000000002,13.88888888888889,13.88888888888889
37,0.0,False,0,4.0,1.0,1.0,True,16.666666666666668,0.049721699627906624,-4.211111111111893,2.2649368733678776,1.6,0.0,0.0,13.88888888888889,13.88888888888889,,,,,,,,,
37,0.1,False,0,4.0,0.8035176659161801,0.0,True,13.89147971005372,23.748342968911015,28.331392845891752,2.0207659683532166,0.7900000000000014,-0.1,-0.1,13.88888888888889,13.88888888888889,13.753242804045836,28.27032962986568,28.721168048170465,-1.0934295825660227,-0.00999999999999579,-0.1,-0.1,13.88888888888889,13.88888888888889
37,0.2,False,0,4.0,0.6510768250781296,0.0,True,14.018450301982208,21.938976434055615,28.589000437943394,0.05378819234017773,-0.21999999999999664,-0.2,-0.2,13.88888888888889,13.88888888888889,14.053723258371354,27.293193102523514,28.725616442314486,-1.0255791267870162,-0.019999999999997353,-0.2,-0.2,13.88888888888889,13.88888888888889
37,0.30000000000000004,False,0,4.0,0.5470493813271256,0.0,True,13.889857118555438,23.88796005666192,28.579039650146438,-1.175853320163396,-1.490000000000005,-0.30000000000000004,-0.30000000000000004,13.88888888888889,13.88888888888889,14.332459305060086,27.182413998819708,29.292112979187632,-0.5533230119638948,-0.020000000000001572,-0.30000000000000004,-0.30000000000000004,13.88888888888889,13.88888888888889
37,0.4,False,0,4.0,0.6638227321091745,0.0,True,13.897951251616325,24.119323904913326,29.74124964009513,-0.8414894249823996,-1.4799999999999955,-0.4,-0.4,13.88888888888889,13.88888888888889,14.343657744448315,30.34379217984822,30.615760118206577,-1.1522386144958245,-6.661338147750939e-16,-0.4,-0.4,13.88888888888889,13.88888888888889
37,0.5,False,0,4.0,0.8295895064405171,0.0,True,13.91826960726547,23.027175317762538,28.761870964675705,-1.560907549274633,-1.85,0.0,0.0,13.88888888888889,13.88888888888889,14.963744990479606,27.24912513953336,30.754714328297336,-0.6115596080509382,0.0,-0.5,-0.5,13.88888888888889,13.88888888888889
37,0.6000000000000001,False,0,4.0,0.6759309527371812,0.0,True,13.891875007275962,23.03021479186965,28.72367768798092,-1.047399207644466,-1.8599999999999959,0.0,0.0,13.88888888888889,13.88888888888889,15.06220349565261,31.165690522985965,31.559445188354953,-0.6806722864819501,-0.019999999999999574,-0.6000000000000001,-0.6000000000000001,13.88888888888889,13.88888888888889
37,0.7000000000000001,False,0,4.0,0.7174415148639229,0.0,True,13.90358009499381,22.932029684128008,28.693949016797074,-0.5957360506937637,-1.899999999999999,0.0,0.0,13.88888888888889,13.88888888888889,15.251733940437546,27.539571945522585,32.06511963654264,0.7074286622738328,-0.009999999999999343,-0.7000000000000001,-0.7000000000000001,13.88888888888889,13.88888888888889
37,0.8,False,0,4.0,0.5769475797696574,0.0,True,13.892458895833723,24.34519012106382,28.90789267706411,-1.5937471270772283,-1.8799999999999994,0.0,0.0,13.88888888888889,13.88888888888889,15.431369560991591,33.45025937937647,32.641290280783416,0.29286927285674036,-2.220446049250313e-16,-0.8,-0.8,13.88888888888889,13.88888888888889
37,0.9,False,0,4.0,0.46359641086331427,0.0,True,13.895960165796344,23.951748341075554,28.8749236828271,-1.82617092163384,-1.8900000000000028,0.0,0.0,13.88888888888889,13.88888888888889,15.654870286945654,31.637909773916927,32.56275717125828,0.9507109022325255,-0.02000000000000024,-0.9,-0.9,13.88888888888889,13.88888888888889
37,1.0,False,0,4.0,0.6847628669625189,0.0,True,13.932722485549203,23.6832018354069,29.08719953797974,-0.17569040196473673,-1.7999999999999998,0.0,0.0,13.88888888888889,13.88888888888889,15.897500100837268,29.591707690336182,32.96627622095587,0.31422986321097923,0.0,-1.0,-1.0,13.88888888888889,13.88888888888889
37,1.1,False,0,4.0,0.6026262402211113,0.0,True,14.032301844761347,19.60410746731689,29.215309816139733,-1.63330968728242,-1.8799999999999981,0.0,0.0,13.88888888888889,13.88888888888889,15.649778628950681,33.43605332936723,33.44595270306936,-0.5548351996111112,-0.0499999999999996,-1.1,-1.1,13.88888888888889,13.88888888888889
37,1.2000000000000002,False,0,4.0,0.6594425276728745,0.0,True,13.922639663791148,24.010060809546058,28.32376531754461,-0.5895621428288602,-1.7999999999999998,0.0,0.0,13.88888888888889,13.88888888888889,15.791114874718193,31.014078017126966,33.61873001882274,-0.3527346093510275,-0.07999999999999963,-1.2000000000000002,-1.2000000000000002,13.88888888888889,13.88888888888889
37,1.3,False,0,4.0,0.5381796297144478,0.0,True,13.890899260251121,23.786370068214932,28.702172612518876,-1.1407645813688225,-1.8899999999999997,0.0,0.0,13.88888888888889,13.88888888888889,15.941616558304208,33.86777722330625,33.78298928293943,-1.7885841233290485,-0.09000000000000008,-1.3,-1.3,13.88888888888889,13.88888888888889
37,1.4000000000000001,False,0,4.0,0.6440176491720129,0.0,True,13.909492792678016,19.485724151653198,28.514406039669307,-1.5593235481919723,-1.8999999999999986,0.0,0.0,13.88888888888889,13.88888888888889,15.69621837124834,32.91078107223046,34.067725169890885,0.9255828192878104,-0.08000000000000007,-1.4000000000000001,-1.4000000000000001,13.88888888888889,13.88888888888889
37,1.5,False,0,4.0,0.5762107726387827,0.0,True,13.921420820813264,23.783504391253967,28.645165309196738,-0.23285585829657318,-1.7999999999999998,0.0,0.0,13.88888888888889,13.88888888888889,16.086656342164606,32.772881905531705,34.15764239259478,-0.77881458405444,-0.04999999999999982,-1.5,-1.5,13.88888888888889,13.88888888888889
37,1.6,False,0,4.0,0.4362397138121831,0.0,True,13.893716350134785,21.657883009650146,28.56713525073813,-0.9984626170497819,-1.879999999999999,0.0,0.0,13.88888888888889,13.88888888888889,16.022227795909625,32.20891916683681,34.25752362563412,1.3761207938166495,-0.1599999999999997,-1.6,-1.6,13.88888888888889,13.88888888888889
37,1.7000000000000002,False,0,4.0,0.38956142139268257,0.0,True,13.94830768462891,22.44100957215444,28.520903288633814,-1.512711412862398,-1.8300000000000005,0.0,0.0,13.88888888888889,13.88888888888889,16.114214775477365,31.765745581177224,34.467972804236815,2.4943563980156953,-0.09999999999999964,-1.7000000000000002,-1.7000000000000002,13.88888888888889,13.88888888888889
38,0.0,False,0,4.0,1.0,1.0,True,16.540166666666668,0.0027047078295483473,-4.201722222222361,1.5386169309287103,1.6,0.0,0.0,13.88888888888889,13.88888888888889,,,,,,,,,
38,0.1,False,0,4.0,0.9098851131405132,0.0,True,13.909469870750458,23.242253996954428,27.973984105336182,-0.10269507457016736,0.9400000000000008,-0.1,-0.1,13.88888888888889,13.88888888888889,13.659161320589007,25.89528398640574,29.665210242007458,0.5442962278713952,-0.00999999999999579,-0.1,-0.1,13.88888888888889,13.88888888888889
38,0.2,False,0,4.0,0.5561756551917889,0.0,True,14.027467592832592,19.99947436133881,28.62245586859073,-0.06967201074772267,0.060000000000002274,-0.2,-0.2,13.88888888888889,13.88888888888889,13.837557101726986,29.307689446058486,28.6429885834555,-0.5757321742523938,-0.019999999999997353,-0.2,-0.2,13.88888888888889,13.88888888888889
38,0.30000000000000004,False,0,4.0,0.41909476314112387,0.0,True,13.91110081540626,22.903186719388923,28.681406711589357,-1.886206242432575,-1.430000000000005,-0.30000000000000004,-0.30000000000000004,13.88888888888889,13.88888888888889,14.242379849544031,28.43054623015426,29.56494680948769,-0.26592924710468635,-0.020000000000001572,-0.30000000000000004,-0.30000000000000004,13.88888888888889,13.88888888888889
38,0.4,False,0,4.0,0.5549186024800052,0.0,True,13.900180047391236,24.130795744885614,28.17874071884621,-0.8327393587228722,-1.880000000000006,0.0,0.0,13.88888888888889,13.88888888888889,14.875980606285639,29.586998662401232,30.641682540233763,0.0014654718141611234,-6.661338147750939e-16,-0.4,-0.4,13.88888888888889,13.88888888888889
38,0.5,False,0,4.0,0.7420771230758629,0.0,True,13.936707809532217,22.341962488886278,29.17580181487781,-1.0547957596806605,-1.85,-0.5,0.0,13.88888888888889,13.88888888888889,15.163644384841218,30.064036738708058,31.310457395615234,0.745217515116734,0.0,-0.5,-0.5,13.88888888888889,13.88888888888889
38,0.6000000000000001,False,0,4.0,0.6531781821706218,0.0,True,13.891933588521118,24.417774758619185,28.460137647305782,-1.4536826741920121,-1.8599999999999959,0.0,0.0,13.88888888888889,13.88888888888889,15.351589449944047,29.359831382631913,31.885477580507914,-0.1735223523817757,-0.019999999999999574,-0.6000000000000001,-0.6000000000000001,13.88888888888889,13.88888888888889
38,0.7000000000000001,False,0,4.0,0.7859990333686319,0.0,True,13.904704913076051,22.95534238838307,28.619710524262825,-1.3319448936919687,-1.899999999999999,0.0,0.0,13.88888888888889,13.88888888888889,15.635926038549622,30.032464389066153,32.61753200282738,0.21281167003796497,-0.009999999999999343,-0.7000000000000001,-0.7000000000000001,13.88888888888889,13.88888888888889
38,0.8,False,0,4.0,0.42858441629190336,0.0,True,13.894141344957411,20.649807378836197,29.517518836489227,-1.0587378690056874,-1.8799999999999994,0.0,0.0,13.88888888888889,13.88888888888889,15.547009151520802,29.860711962880696,33.39251343252356,0.19220763340741964,-2.220446049250313e-16,-0.8,-0.8,13.88888888888889,13.88888888888889
38,0.9,False,0,4.0,0.5561782067920837,0.0,True,13.904429964823231,21.10499432766964,28.877274756167463,-1.3428576096536777,-1.8900000000000028,0.0,0.0,13.88888888888889,13.88888888888889,15.85489026045823,30.29235992234285,33.424154045655655,0.9428263209581806,-0.02000000000000024,-0.9,-0.9,13.88888888888889,13.88888888888889
38,1.0,False,0,4.0,0.45169930215559406,0.0,True,13.92711149765158,23.7545076813074,28.602719138741588,-1.1941064123641056,-1.7999999999999998,0.0,0.0,13.88888888888889,13.88888888888889,16.148242099070647,35.48763505636491,33.93937033767486,0.19041350186784145,0.0,-1.0,-1.0,13.88888888888889,13.88888888888889
38,1.1,False,0,4.0,0.5143092905139056,0.0,True,13.8983410113404,23.384056164311016,28.180818727237163,-1.6433840326121347,-1.8799999999999981,0.0,0.0,13.88888888888889,13.88888888888889,16.06956987969361,32.439731242920146,34.26864774023923,-0.48694346819012324,-0.0499999999999996,-1.1,-1.1,13.88888888888889,13.88888888888889
38,1.2000000000000002,False,0,4.0,0.6662340719254596,0.0,True,13.915123659683632,23.44651605593388,28.596088569292203,-0.9252352241218579,-1.7999999999999998,0.0,0.0,13.88888888888889,13.88888888888889,16.037958232939463,33.06143440707577,34.41120877186092,1.219048209653625,-0.07999999999999963,-1.2000000000000002,-1.2000000000000002,13.88888888888889,13.88888888888889
38,1.3,False,0,4.0,0.45221858549351457,0.0,True,13.962976400437903,23.1334769836382,28.739545419098913,-0.7502611604467111,-1.8899999999999997,0.0,0.0,13.88888888888889,13.88888888888889,16.04303912406016,30.465500018676234,34.737652225737065,2.251476220605008,-0.09000000000000008,-1.3,-1.3,13.88888888888889,13.88888888888889
38,1.4000000000000001,False,0,4.0,0.5879307429843493,0.0,True,13.894443404647149,23.647800034329133,28.302468078703196,-1.600374640200115,-1.8999999999999986,0.0,0.0,13.88888888888889,13.88888888888889,16.235124945470783,35.15137253399814,34.79508953951765,1.7057477322730317,-0.08000000000000007,-1.4000000000000001,-1.4000000000000001,13.88888888888889,13.88888888888889
38,1.5,False,0,4.0,0.6493556821302205,0.0,True,13.910531918410841,20.571650187481435,28.357024260329222,-1.7782653679651954,-1.7999999999999998,0.0,0.0,13.88888888888889,13.88888888888889,16.42628069384631,32.49617279702768,35.00922073147173,0.6644101209810782,-0.04999999999999982,-1.5,-1.5,13.88888888888889,13.88888888888889
38,1.6,False,0,4.0,0.5749367306676685,0.0,True,13.914924252189804,23.72535836164796,28.643715004307136,-0.9719477472862856,-1.879999999999999,0.0,0.0,13.88888888888889,13.88888888888889,16.203198003736173,34.7488305215593,35.09313932482726,-1.869756163468638,-0.1599999999999997,-1.6,-1.6,13.88888888888889,13.88888888888889
38,1.7000000000000002,False,0,4.0,0.4724532010727927,0.0,True,13.900308651611336,22.6491884393385,29.101715655353356,-1.8243900047282462,-1.8300000000000005,0.0,0.0,13.88888888888889,13.88888888888889,16.36179932315133,31.407662222964657,35.31900155954071,1.6590880542160114,-0.09999999999999964,-1.7000000000000002,-1.7000000000000002,13.88888888888889,13.88888888888889
39,0.0,False,0,4.0,1.0,1.0,True,16.666666666666668,-1.551667852439766,-4.266666666667322,1.5175881235324624,1.6,0.0,0.0,13.88888888888889,13.88888888888889,,,,,,,,,
39,0.1,False,0,4.0,0.8556979624925732,0.0,True,13.937071938780022,23.53866228120027,27.88145743454832,2.5239299247455285,0.7900000000000014,-0.1,-0.1,13.88888888888889,13.88888888888889,13.65578207784698,26.76055899338696,29.331426759654345,-1.8283638806229485,-0.00999999999999579,-0.1,-0.1,13.88888888888889,13.88888888888889
39,0.2,False,0,4.0,0.6013670947971567,0.0,True,13.918360430090116,23.944708827181937,29.343690085065173,-0.6724198745851135,-0.25999999999999646,-0.2,-0.2,13.88888888888889,13.88888888888889,13.981371700293812,28.729359740709395,29.405926604628558,0.17102381973823277,-0.019999999999997353,-0.2,-0.2,13.88888888888889,13.88888888888889
39,0.30000000000000004,False,0,4.0,0.568949623462952,0.0,True,13.893534674470459,23.905333928158296,29.161247845958524,-1.8736341756342958,-1.430000000000005,-0.30000000000000004,-0.30000000000000004,13.88888888888889,13.88888888888889,14.435690158203517,27.41566998601152,29.75868776186223,-0.3510004254995813,-0.020000000000001572,-0.30000000000000004,-0.30000000000000004,13.88888888888889,13.88888888888889
39,0.4,False,0,4.0,0.5907740434965548,0.0,True,13.901818191994842,21.920968402998465,28.710872258219023,-1.2160592506905608,-1.880000000000006,0.0,0.0,13.88888888888889,13.88888888888889,14.870523592208212,28.91671171298643,30.831405524090986,0.2556934332309244,-6.661338147750939e-16,-0.4,-0.4,13.88888888888889,13.88888888888889
39,0.5,False,0,4.0,0.5867149957121307,0.0,True,13.911556726151046,22.15515753636954,28.68089671450063,-1.736402209707196,-1.85,0.0,0.0,13.88888888888889,13.88888888888889,15.377854300231265,32.74635582318253,31.684048881806962,-1.5216947201289366,0.0,-0.5,-0.5,13.88888888888889,13.88888888888889
39,0.6000000000000001,False,0,4.0,0.5305061064166458,0.0,True,13.902267416945046,22.671966592354362,28.57627045631183,-0.02217144850987829,-1.8599999999999959,0.0,0.0,13.88888888888889,13.88888888888889,15.358494965637632,30.33180658156049,32.43459404971248,-0.5981973223547827,-0.019999999999999574,-0.6000000000000001,-0.6000000000000001,13.88888888888889,13.88888888888889
39,0.7000000000000001,False,0,4.0,0.5603405607581913,0.0,True,13.967555414487958,21.222273921424755,28.72536370500684,-1.282720666686537,-1.899999999999999,0.0,0.0,13.88888888888889,13.88888888888889,15.67212011681543,30.14328762998365,33.574139560404014,0.3605284376327691,-0.009999999999999343,-0.7000000000000001,-0.7000000000000001,13.88888888888889,13.88888888888889
39,0.8,False,0,4.0,0.8854052985610846,0.0,True,13.95062162845205,23.31491787278605,28.514861136123297,-0.7592203613468151,-1.8799999999999994,0.0,0.0,13.88888888888889,13.88888888888889,15.940055481098353,31.87408492013544,33.98420545823255,0.36338486215127164,-2.220446049250313e-16,-0.8,-0.8,13.88888888888889,13.88888888888889
39,0.9,False,0,4.0,0.6689588000464369,0.0,True,13.95641147096825,22.67108507478734,28.545059735334103,-0.905190760632941,-1.8900000000000028,0.0,0.0,13.88888888888889,13.88888888888889,15.97360974757243,34.258123483557256,34.48065871650827,-0.8696908079149523,-0.02000000000000024,-0.9,-0.9,13.88888888888889,13.88888888888889
39,1.0,False,0,4.0,0.5043075208341243,0.0,True,13.982016771242685,21.815983211965342,29.143379374872207,-1.0911305345289963,-1.7999999999999998,0.0,0.0,13.88888888888889,13.88888888888889,16.04996058124666,34.69514046106484,34.880016778372536,-0.019728855485945607,0.0,-1.0,-1.0,13.88888888888889,13.88888888888889
39,1.1,False,0,4.0,0.4862554887269077,0.0,True,13.903869019966182,23.24978258520856,27.909487465305926,-1.3921063514683247,-1.8799999999999981,0.0,0.0,13.88888888888889,13.88888888888889,16.085731353664762,31.84729089857471,34.998808386917204,-0.40028109199213335,-0.0499999999999996,-1.1,-1.1,13.88888888888889,13.88888888888889
39,1.2000000000000002,False,0,4.0,0.456046442985132,0.0,True,13.981786405636432,21.102644853488083,28.973584473841168,-1.8668280840313236,-1.7999999999999998,0.0,0.0,13.88888888888889,13.88888888888889,16.37884206187121,30.734892607325246,35.1763973127122,-0.19967909179533194,-0.07999999999999963,-1.2000000000000002,-1.2000000000000002,13.88888888888889,13.88888888888889
39,1.3,False,0,4.0,0.7114782524108635,0.0,True,13.974089041299953,22.70134009957358,28.831971740905953,-1.339479081139837,-1.8899999999999997,0.0,0.0,13.88888888888889,13.88888888888889,16.364196338396464,31.841251517980393,35.44421509571001,-1.4604379857042744,-0.09000000000000008,-1.3,-1.3,13.88888888888889,13.88888888888889
39,1.4000000000000001,False,0,4.0,0.5383182564703881,0.0,True,14.010898412019841,20.619969921255613,28.61568451194695,-1.6950444222752137,-1.8999999999999986,0.0,0.0,13.88888888888889,13.88888888888889,16.392795423968092,29.002314162698003,35.73138889729841,0.3569671187252661,-0.08000000000000007,-1.4000000000000001,-1.4000000000000001,13.88888888888889,13.88888888888889
39,1.5,False,0,4.0,0.45840741004152097,0.0,True,13.909846764099402,23.297995471255557,28.594607972450387,-0.2511634121708122,-1.7999999999999998,0.0,0.0,13.88888888888889,13.88888888888889,16.57140437435078,35.54471794584015,35.95397067367604,1.3194155566712613,-0.04999999999999982,-1.5,-1.5,13.88888888888889,13.88888888888889
39,1.6,False,0,4.0,0.5623390554690804,0.0,True,13.980251892683805,22.479775851172814,28.652390232356606,-0.9546127876822957,-1.879999999999999,0.0,0.0,13.88888888888889,13.88888888888889,16.52031758261498,34.638727020484,35.968485527185635,1.0208133725131772,-0.1599999999999997,-1.6,-1.6,13.88888888888889,13.88888888888889
39,1.7000000000000002,False,0,4.0,0.5114769621919181,0.0,True,13.954681022440669,23.153193767050123,28.768427572311776,-0.8582572431906019,-1.8300000000000005,0.0,0.0,13.88888888888889,13.88888888888889,16.401400234111147,35.32077897896387,36.317297849019035,1.6012973410808686,-0.09999999999999964,-1.7000000000000002,-1.7000000000000002,13.88888888888889,13.88888888888889
40,0.0,False,0,4.0,1.0,1.0,True,16.666666666666668,-0.04344007141519324,-4.1666666666661625,0.7630624381141238,1.6,0.0,0.0,13.88888888888889,13.88888888888889,,,,,,,,,
40,0.1,False,0,4.0,0.7827818377555206,0.0,True,13.927758337072483,23.144619514108097,28.5331685585365,1.6403053014734446,0.7900000000000014,-0.1,-0.1,13.88888888888889,13.88888888888889,13.785567024105134,28.379606798597035,28.903081082233438,-1.4822763853583572,-0.00999999999999579,-0.1,-0.1,13.88888888888889,13.88888888888889
40,0.2,False,0,4.0,0.70158070837992,0.0,True,13.891274827856758,24.1133025869329,28.64704888934683,-0.9491848545785471,-0.3599999999999961,-0.2,-0.2,13.88888888888889,13.88888888888889,14.011636938107925,24.316597311061653,28.738210429841157,-0.7743337988594798,-0.019999999999997353,-0.2,-0.2,13.88888888888889,13.88888888888889
40,0.30000000000000004,False,0,4.0,0.7787104562642735,0.0,True,13.9033540838913,23.273713840432332,28.910891859059756,-1.1399909997963615,-1.6100000000000052,-0.30000000000000004,-0.30000000000000004,13.88888888888889,13.88888888888889,14.575237418804496,29.89506073397403,30.368526199661854,-0.890153559671437,-0.020000000000001572,-0.30000000000000004,-0.30000000000000004,13.88888888888889,13.88888888888889
40,0.4,False,0,4.0,0.5947315959456487,0.0,True,13.942255260508151,23.19223999738973,29.603812806029207,-1.7016771776400499,-1.880000000000006,0.0,0.0,13.88888888888889,13.88888888888889,14.791475623394403,29.766933356104634,31.858247200768407,0.4609359828751525,-6.661338147750939e-16,-0.4,-0.4,13.88888888888889,13.88888888888889
40,0.5,False,0,4.0,0.52956005582306,0.0,True,13.964532963953365,21.337132497362727,29.076562650593342,-1.868910047243102,-1.85,0.0,0.0,13.88888888888889,13.88888888888889,15.19107594043173,30.06312672593315,32.43879893184805,-0.7248131597489542,0.0,-0.5,-0.5,13.88888888888889,13.88888888888889
40,0.6000000000000001,False,0,4.0,0.7087372537285896,0.0,True,14.029835645008024,18.11806154457393,28.64877678111061,-1.2596339718091651,-1.8599999999999959,0.0,0.0,13.88888888888889,13.88888888888889,15.616152232757669,28.97075494691241,33.614181370863115,2.126882563277054,-0.019999999999999574,-0.6000000000000001,-0.6000000000000001,13.88888888888889,13.88888888888889
40,0.7000000000000001,False,0,4.0,0.4182391851741426,0.0,True,13.894672520144915,24.502576636406825,28.300158515745903,-1.5933790419446685,-1.899999999999999,0.0,0.0,13.88888888888889,13.88888888888889,15.83202179671661,30.79406272724435,34.08396286139629,-0.03269002424529388,-0.009999999999999343,-0.7000000000000001,-0.7000000000000001,13.88888888888889,13.88888888888889
40,0.8,False,0,4.0,0.48683436750903425,0.0,True,13.891900869995993,24.56060087602496,28.77441371295937,-1.1431663641490668,-1.8799999999999994,0.0,0.0,13.88888888888889,13.88888888888889,15.980038932403112,30.674020896044784,34.900118626402126,0.9318438404236766,-2.220446049250313e-16,-0.8,-0.8,13.88888888888889,13.88888888888889
40,0.9,False,0,4.0,0.6178331224238404,0.0,True,13.967071140669047,21.9634949007288,28.42558927637675,-1.0339128540706464,-1.8900000000000028,0.0,0.0,13.88888888888889,13.88888888888889,16.215401808701085,33.63881993804938,35.21809500155072,0.39527346460219714,-0.02000000000000024,-0.9,-0.9,13.88888888888889,13.88888888888889
40,1.0,False,0,4.0,0.5967211231374039,0.0,True,13.893505985459715,23.28644705371998,28.09269356333733,-1.807099571525778,-1.7999999999999998,0.0,0.0,13.88888888888889,13.88888888888889,16.46056342709115,33.20055322344152,35.62450204393312,0.3886127846513956,0.0,-1.0,-1.0,13.88888888888889,13.88888888888889
40,1.1,False,0,4.0,0.46849155798903036,0.0,True,13.902638378305511,23.978766884143777,28.91330577912522,-0.6263970776137406,-1.8799999999999981,0.0,0.0,13.88888888888889,13.88888888888889,16.57455385798006,30.692166705219076,35.85936004077537,-1.2988444301507172,-0.0499999999999996,-1.1,-1.1,13.88888888888889,13.88888888888889
40,1.2000000000000002,False,0,4.0,0.615565059190031,0.0,True,13.935468383255497,23.709355552851587,28.67611525799914,-0.9168838097005111,-1.7999999999999998,0.0,0.0,13.88888888888889,13.88888888888889,16.418390494422006,34.108436205497654,36.17812787506422,-0.7843447218803006,-0.07999999999999963,-1.2000000000000002,-1.2000000000000002,13.88888888888889,13.88888888888889
40,1.3,False,0,4.0,0.7873525825714675,0.0,True,13.933896588126057,23.487996946871018,28.888753239405272,-0.9815129328811593,-1.8899999999999997,0.0,0.0,13.88888888888889,13.88888888888889,16.666666666666668,28.97406668153725,36.388888888888886,0.7070264876808614,-0.09000000000000008,-1.3,-1.3,13.88888888888889,13.88888888888889
40,1.4000000000000001,False,0,4.0,0.7373324814397357,0.0,True,13.918438764252452,23.120677043387484,28.135069330834067,-1.558861143444015,-1.8999999999999986,0.0,0.0,13.88888888888889,13.88888888888889,16.666666666666668,34.114941049269284,36.666666666666664,-0.15111891546952894,-0.08000000000000007,-1.4000000000000001,-1.4000000000000001,13.88888888888889,13.88888888888889
40,1.5,False,0,4.0,0.4808795067887318,0.0,True,13.919018149723165,23.425802191240717,28.159541092113056,-1.0581493304900818,-1.7999999999999998,0.0,0.0,13.88888888888889,13.88888888888889,16.666666666666668,38.95065748588334,36.94444444444444,0.8396385662602799,-0.04999999999999982,-1.5,-1.5,13.88888888888889,13.88888888888889
40,1.6,False,0,4.0,0.8331611576330061,0.0,True,13.918534525140386,22.651389687116147,28.53644120285149,-1.1466631488747288,-1.879999999999999,0.0,0.0,13.88888888888889,13.88888888888889,16.540166666666668,36.86552318868169,36.95709444444445,0.7713094001313698,-0.1599999999999997,-1.6,-1.6,13.88888888888889,13.88888888888889
40,1.7000000000000002,False,0,4.0,0.736400452375483,0.0,True,13.93582220128255,23.688636754394746,28.638764536886168,-1.6124776518103021,-1.8300000000000005,0.0,0.0,13.88888888888889,13.88888888888889,16.631904941559995,35.34091689110961,37.22569839473289,1.1832261374715647,-0.09999999999999964,-1.7000000000000002,-1.7000000000000002,13.88888888888889,13.88888888888889
41,0.0,False,0,4.0,1.0,1.0,True,16.666666666666668,-2.5024687262688756,-4.277777777777419,1.5558583372990196,1.6,0.0,0.0,13.88888888888889,13.88888888888889,,,,,,,,,
41,0.1,False,0,4.0,0.5608867499755101,0.0,True,13.928693071205656,21.99845346204202,27.94679955391089,1.0652404548283179,0.7800000000000016,-0.1,-0.1,13.88888888888889,13.88888888888889,13.56848540340777,30.234379791346537,30.119564490971396,-0.8272509077421855,-0.00999999999999579,-0.1,-0.1,13.88888888888889,13.88888888888889
41,0.2,False,0,4.0,0.5559768309815398,0.0,True,13.95243212476356,21.66496291351937,28.15827133682863,0.1893564302226678,-0.6399999999999952,-0.2,-0.2,13.88888888888889,13.88888888888889,14.270942895235631,27.897102168190468,28.93676803416663,0.7096432317392809,-0.019999999999997353,-0.2,-0.2,13.88888888888889,13.88888888888889
41,0.30000000000000004,False,0,4.0,0.6253526333324679,0.0,True,13.944208453138991,23.517914015243957,28.82702937670187,-0.12546745579071583,-1.6400000000000046,-0.30000000000000004,-0.30000000000000004,13.88888888888889,13.88888888888889,14.561197273870272,26.892654170779092,30.62792701244872,1.425844617284755,-0.020000000000001572,-0.30000000000000004,-0.30000000000000004,13.88888888888889,13.88888888888889
41,0.4,False,0,4.0,0.6387427523195449,0.0,True,13.897345894135649,24.178266097786558,28.634460114003655,-1.464234295414295,-1.880000000000006,0.0,0.0,13.88888888888889,13.88888888888889,15.10519852650557,27.855773857108712,31.750150593561965,0.5301442508392378,-6.661338147750939e-16,-0.4,-0.4,13.88888888888889,13.88888888888889
41,0.5,False,0,4.0,0.5572525857717043,0.0,True,13.921014063558559,19.272234829627433,28.785485985023524,-1.6935302702406447,-1.85,0.0,0.0,13.88888888888889,13.88888888888889,15.676385934338224,32.74071002381376,33.08251697627561,0.9244365124404541,0.0,-0.5,-0.5,13.88888888888889,13.88888888888889
41,0.6000000000000001,False,0,4.0,0.5017618775282953,0.0,True,13.964867817616394,22.889071006661123,29.077307411154816,-1.6392995614035037,-1.8599999999999959,0.0,0.0,13.88888888888889,13.88888888888889,15.971690995116486,30.744679040163373,34.0595553554886,-0.8411807533856739,-0.019999999999999574,-0.6000000000000001,-0.6000000000000001,13.88888888888889,13.88888888888889
41,0.7000000000000001,False,0,4.0,0.6415100059622415,0.0,True,13.917169140863283,22.791422581986676,29.268701649495892,-1.8602861557067933,-1.899999999999999,0.0,0.0,13.88888888888889,13.88888888888889,16.162217403914468,33.218076627235625,34.85757797494036,-0.05547692011645533,-0.009999999999999343,-0.7000000000000001,-0.7000000000000001,13.88888888888889,13.88888888888889
41,0.8,False,0,4.0,0.6017398467745875,0.0,True,13.892714298258987,23.031117103673846,28.651030372803472,-1.381022427258954,-1.8799999999999994,0.0,0.0,13.88888888888889,13.88888888888889,16.129028682887125,31.443725313650386,35.625264554286375,0.5473445899759444,-2.220446049250313e-16,-0.8,-0.8,13.88888888888889,13.88888888888889
41,0.9,False,0,4.0,0.6389793418166753,0.0,True,13.925920774123849,22.289177876409166,27.979144161519297,-1.6668165213311579,-1.8900000000000028,0.0,0.0,13.88888888888889,13.88888888888889,16.201655188687525,34.378440928885496,36.183228459338466,1.6793307052234154,-0.02000000000000024,-0.9,-0.9,13.88888888888889,13.88888888888889
41,1.0,False,0,4.0,0.5727452463088195,0.0,True,13.92027052938302,23.637219619162988,28.550571620411358,-1.1932430941211436,-1.7999999999999998,0.0,0.0,13.88888888888889,13.88888888888889,16.653556558312502,30.101042794990587,36.556866566390966,-0.1071066147365034,0.0,-1.0,-1.0,13.88888888888889,13.88888888888889
41,1.1,False,0,4.0,0.6007910366330133,0.0,True,13.982792357081324,19.207722829976728,28.013830541136382,-1.7884276025356356,-1.8799999999999981,0.0,0.0,13.88888888888889,13.88888888888889,16.44665467884082,34.856708486796904,36.86001013150721,2.389307903578286,-0.0499999999999996,-1.1,-1.1,13.88888888888889,13.88888888888889
41,1.2000000000000002,False,0,4.0,0.5192362693282102,0.0,True,13.892673198264792,23.840427710426507,28.754664089117295,-1.6276036300966221,-1.7999999999999998,0.0,0.0,13.88888888888889,13.88888888888889,16.666666666666668,34.901275378536695,37.11111111111111,-0.5775381555757475,-0.07999999999999963,-1.2000000000000002,-1.2000000000000002,13.88888888888889,13.88888888888889
41,1.3,False,0,4.0,0.5090871962381891,0.0,True,13.939900497564453,23.643096104262195,28.755126295307672,-0.909018132074548,-1.8899999999999997,0.0,0.0,13.88888888888889,13.88888888888889,16.64175843812952,33.80775616845685,37.39187904393157,-0.5517809035350174,-0.09000000000000008,-1.3,-1.3,13.88888888888889,13.88888888888889
41,1.4000000000000001,False,0,4.0,0.4799306634021223,0.0,True,13.911166509873409,23.598944078288365,28.576709521268707,-1.6526061456099288,-1.8999999999999986,0.0,0.0,13.88888888888889,13.88888888888889,16.666666666666668,32.12952232677093,37.666666666666664,0.70923706722792,-0.08000000000000007,-1.4000000000000001,-1.4000000000000001,13.88888888888889,13.88888888888889
41,1.5,False,0,4.0,0.45922145443945506,0.0,True,13.932634949259546,22.86271960312025,27.946370603678854,-0.3118009017202257,-1.7999999999999998,0.0,0.0,13.88888888888889,13.88888888888889,16.666666666666668,32.86051830446273,37.94444444444444,0.7218245306506419,-0.04999999999999982,-1.5,-1.5,13.88888888888889,13.88888888888889
41,1.6,False,0,4.0,0.5745585013600168,0.0,True,14.004662740688975,21.726868251251556,28.470694927250047,-1.185725932475326,-1.879999999999999,0.0,0.0,13.88888888888889,13.88888888888889,16.666666666666668,37.79465707748781,37.94444444444444,-0.6295472399490909,-0.1599999999999997,-1.6,-1.6,13.88888888888889,13.88888888888889
41,1.7000000000000002,False,0,4.0,0.4944728857542002,0.0,True,13.892403472793177,23.718608716581524,29.23154676428059,-1.4742605427649975,-1.8300000000000005,0.0,0.0,13.88888888888889,13.88888888888889,16.666666666666668,34.78949445972793,38.22222222222222,0.8723275060261222,-0.09999999999999964,-1.7000000000000002,-1.7000000000000002,13.88888888888889,13.88888888888889
42,0.0,False,0,4.0,1.0,1.0,True,16.666666666666668,-0.3259640495431766,-4.211111111111324,1.2699685959199942,1.6,0.0,0.0,13.88888888888889,13.88888888888889,,,,,,,,,
42,0.1,False,0,4.0,0.7205983031672134,0.0,True,13.937851486905751,23.549964178171575,28.6978778239697,1.9088635000262255,0.7400000000000015,-0.1,-0.1,13.88888888888889,13.88888888888889,13.77601955451872,28.322560428847407,29.386945287523996,-0.2058367276606734,-0.00999999999999579,-0.1,-0.1,13.88888888888889,13.88888888888889
42,0.2,False,0,4.0,0.6214430027941062,0.0,True,14.012667156173462,20.552560823701366,28.45606097908721,-1.8203159137766234,-0.5799999999999952,-0.2,-0.2,13.88888888888889,13.88888888888889,14.210079833173548,27.487319825363027,29.05632425466906,0.14702661291000574,-0.019999999999997353,-0.2,-0.2,13.88888888888889,13.88888888888889
42,0.30000000000000004,False,0,4.0,0.4419788256811411,0.0,True,13.959173814774863,22.82343137379082,28.87889467523821,-1.1284342129843026,-1.2500000000000044,-0.30000000000000004,-0.30000000000000004,13.88888888888889,13.88888888888889,14.896301944187696,30.014557240773367,30.564067511972834,-0.36836934692565815,-0.020000000000001572,-0.30000000000000004,-0.30000000000000004,13.88888888888889,13.88888888888889
42,0.4,False,0,4.0,0.6772780904385668,0.0,True,13.942807946303345,20.71975356936643,28.853469932737607,-1.3305220781946194,-1.880000000000006,0.0,0.0,13.88888888888889,13.88888888888889,15.305675818879106,31.476231791785818,32.7323280746613,-0.2144465974861398,-6.661338147750939e-16,-0.4,-0.4,13.88888888888889,13.88888888888889
42,0.5,False,0,4.0,0.5590864079796378,0.0,True,13.911337553826918,22.225947137410213,28.600394911262963,-1.2620304126678714,-1.85,0.0,0.0,13.88888888888889,13.88888888888889,15.721122482427816,31.309032297513372,33.89914690810486,0.26236026925049094,0.0,-0.5,-0.5,13.88888888888889,13.88888888888889
42,0.6000000000000001,False,0,4.0,0.5544384988336722,0.0,True,14.01874926803963,21.297665678606005,28.789211927237073,-0.5246336533405616,-1.8599999999999959,0.0,0.0,13.88888888888889,13.88888888888889,15.959496314165717,29.35466493510135,34.75383806777481,0.0003644029109817204,-0.019999999999999574,-0.6000000000000001,-0.6000000000000001,13.88888888888889,13.88888888888889
42,0.7000000000000001,False,0,4.0,0.5823260984025199,0.0,True,13.94319511078865,20.532383003836582,29.49476290930475,-0.8633171920209444,-1.899999999999999,0.0,0.0,13.88888888888889,13.88888888888889,16.2065533418962,37.43923859815982,35.74070585900354,-0.8367836038827385,-0.009999999999999343,-0.7000000000000001,-0.7000000000000001,13.88888888888889,13.88888888888889
42,0.8,False,0,4.0,0.49868484203809493,0.0,True,13.895012229173062,24.199533076627926,28.78334738625703,-0.5207679293956693,-1.8799999999999994,0.0,0.0,13.88888888888889,13.88888888888889,16.49716556314286,33.52581397529981,36.47213680103651,-1.2413275674906867,-2.220446049250313e-16,-0.8,-0.8,13.88888888888889,13.88888888888889
42,0.9,False,0,4.0,0.6649114537827693,0.0,True,13.894108253066204,22.043016264073355,29.640209001030353,-0.50677485323529,-1.8900000000000028,0.0,0.0,13.88888888888889,13.88888888888889,16.603794498349703,33.88089129402245,37.006287216831694,0.4046128637801756,-0.02000000000000024,-0.9,-0.9,13.88888888888889,13.88888888888889
42,1.0,False,0,4.0,0.4340431361913533,0.0,True,13.908263845195997,23.64234970054623,28.357551875262725,-1.8616980716382159,-1.7999999999999998,0.0,0.0,13.88888888888889,13.88888888888889,16.508465712173642,34.779038213249926,37.57629784150571,1.3093449015143146,0.0,-1.0,-1.0,13.88888888888889,13.88888888888889
42,1.1,False,0,4.0,0.43601865409805857,0.0,True,13.88905341270878,23.50186363545681,28.53607312076188,-1.8191105249864425,-1.8799999999999981,0.0,0.0,13.88888888888889,13.88888888888889,16.666666666666668,31.908312928890222,37.83333333333333,1.257267562806173,-0.0499999999999996,-1.1,-1.1,13.88888888888889,13.88888888888889
42,1.2000000000000002,False,0,4.0,0.5355779708416634,0.0,True,13.890616163903081,22.6289825981204,28.464722564436766,-0.5757676943721592,-1.7999999999999998,0.0,0.0,13.88888888888889,13.88888888888889,16.666666666666668,34.83270935308055,38.11111111111111,-1.1846674068872498,-0.07999999999999963,-1.2000000000000002,-1.2000000000000002,13.88888888888889,13.88888888888889
42,1.3,False,0,4.0,0.6495964574027094,0.0,True,13.975638197748953,18.53209309862434,28.25091703428883,-1.4238268458231746,-1.8899999999999997,0.0,0.0,13.88888888888889,13.88888888888889,16.666666666666668,36.03215369308994,38.388888888888886,-0.4137161254919226,-0.09000000000000008,-1.3,-1.3,13.88888888888889,13.88888888888889
42,1.4000000000000001,False,0,4.0,0.6295039699128866,0.0,True,13.96916140071321,18.713061770516543,28.781975420063855,-1.0803066275051392,-1.8999999999999986,0.0,0.0,13.88888888888889,13.88888888888889,16.666666666666668,34.47831889257468,38.666666666666664,-0.35632915103275575,-0.08000000000000007,-1.4000000000000001,-1.4000000000000001,13.88888888888889,13.88888888888889
42,1.5,False,0,4.0,0.5174942105933347,0.0,True,13.89373797604571,24.45713450730896,28.46525326186629,-1.397947673831017,-1.7999999999999998,0.0,0.0,13.88888888888889,13.88888888888889,16.666666666666668,36.11507085837724,38.94444444444444,0.6010053349055506,-0.04999999999999982,-1.5,-1.5,13.88888888888889,13.88888888888889
42,1.6,False,0,4.0,0.4851361266912205,0.0,True,13.919232369245952,23.645883923701586,28.401899296288814,-1.017367143199459,-1.879999999999999,0.0,0.0,13.88888888888889,13.88888888888889,16.666666666666668,33.121373225891745,38.94444444444444,-1.5613386884590674,-0.1599999999999997,-1.6,-1.6,13.88888888888889,13.88888888888889
42,1.7000000000000002,False,0,4.0,0.6131579225085453,0.0,True,13.895378949242975,24.47332959034325,27.88036168675593,-1.6185345721939763,-1.8300000000000005,0.0,0.0,13.88888888888889,13.88888888888889,16.666666666666668,33.29893848453784,39.22222222222222,0.10675289766505935,-0.09999999999999964,-1.7000000000000002,-1.7000000000000002,13.88888888888889,13.88888888888889
43,0.0,False,0,4.0,1.0,0.0,True,16.666666666666668,-1.556254156513023,-4.22222222222216,1.7164206081825744,1.6,0.0,0.0,13.88888888888889,13.88888888888889,,,,,,,,,
43,0.1,False,0,4.0,0.5769947504100323,0.0,True,13.985513823576225,22.597951665683066,29.32039659602648,-0.6393762730238475,0.850000000000001,-0.1,-0.1,13.88888888888889,13.88888888888889,13.746870874533911,26.17650904031883,29.645993693659374,0.43653397231936175,-0.00999999999999579,-0.1,-0.1,13.88888888888889,13.88888888888889
43,0.2,False,0,4.0,0.5564516131731799,0.0,True,13.955306624076277,22.062633616478575,28.163305007605015,-0.6327683045171448,-0.7199999999999949,-0.2,-0.2,13.88888888888889,13.88888888888889,14.541015183176823,26.301426321916676,29.36469759934725,1.112657874366882,-0.019999999999997353,-0.2,-0.2,13.88888888888889,13.88888888888889
43,0.30000000000000004,False,0,4.0,0.5351929526091537,0.0,True,13.891284946656766,24.593962461398075,28.62881183834291,-1.2506055664488613,-1.8899999999999975,-0.30000000000000004,0.0,13.88888888888889,13.88888888888889,14.93062585537978,31.157991392318802,31.526496208851622,-0.7407946598898407,-0.020000000000001572,-0.30000000000000004,-0.30000000000000004,13.88888888888889,13.88888888888889
43,0.4,False,0,4.0,0.4371294444500588,0.0,True,13.90555691855658,23.80499135355539,28.42892226344126,-1.0696768308585782,-1.880000000000006,0.0,0.0,13.88888888888889,13.88888888888889,15.629187845290271,31.342147621768046,32.870865184854054,-1.3335252106878825,-6.661338147750939e-16,-0.4,-0.4,13.88888888888889,13.88888888888889
43,0.5,False,0,4.0,0.5664732671413036,0.0,True,13.981309250788696,21.54601398646768,29.20609612489694,-1.1802520490827781,-1.85,0.0,0.0,13.88888888888889,13.88888888888889,15.851608721866695,32.23695150032649,34.556887495975495,-0.3105690781013404,0.0,-0.5,-0.5,13.88888888888889,13.88888888888889
43,0.6000000000000001,False,0,4.0,0.5481483961390577,0.0,True,13.95700039601166,21.964261957411235,28.05237891766485,-1.3437144722188092,-1.8599999999999959,0.0,0.0,13.88888888888889,13.88888888888889,16.189897843591822,34.032596114465115,35.81724495295938,-0.7229488073319588,-0.019999999999999574,-0.6000000000000001,-0.6000000000000001,13.88888888888889,13.88888888888889
43,0.7000000000000001,False,0,4.0,0.5176837581841487,0.0,True,13.916506372921779,24.119580563508503,28.94786999019639,-0.7936307194558436,-1.899999999999999,0.0,0.0,13.88888888888889,13.88888888888889,16.543893728521297,36.93534341773709,36.624978963844214,0.7165905926190468,-0.009999999999999343,-0.7000000000000001,-0.7000000000000001,13.88888888888889,13.88888888888889
43,0.8,False,0,4.0,0.7482148513807635,0.0,True,13.974982897912344,21.490632954144314,29.593463436070646,-1.4778213420803081,-1.8799999999999994,0.0,0.0,13.88888888888889,13.88888888888889,16.666666666666668,36.73688375381167,37.44444444444444,2.2560362921570563,-2.220446049250313e-16,-0.8,-0.8,13.88888888888889,13.88888888888889
43,0.9,False,0,4.0,0.424692057468443,0.0,True,13.961460009280657,21.401158773509973,29.220387586575367,-1.01694479840882,-1.8900000000000028,0.0,0.0,13.88888888888889,13.88888888888889,16.666666666666668,35.033964322646874,37.99999999999999,0.6574788105463765,-0.02000000000000024,-0.9,-0.9,13.88888888888889,13.88888888888889
43,1.0,False,0,4.0,0.6715410473323724,0.0,True,13.899608727666827,21.36395675336429,29.007744342247786,-0.9941467437710757,-1.7999999999999998,0.0,0.0,13.88888888888889,13.88888888888889,16.666666666666668,37.20987353677364,38.55555555555554,-1.2045253250044168,0.0,-1.0,-1.0,13.88888888888889,13.88888888888889
43,1.1,False,0,4.0,0.42740962804698546,0.0,True,13.894579388171564,22.70875637211294,28.58812077466565,-0.35733864600612586,-1.8799999999999981,0.0,0.0,13.88888888888889,13.88888888888889,16.666666666666668,36.58399199105996,38.83333333333333,-0.7541875014667461,-0.0499999999999996,-1.1,-1.1,13.88888888888889,13.88888888888889
43,1.2000000000000002,False,0,4.0,0.572507212879049,0.0,True,13.952883967847837,22.970954260748197,28.878097389479887,-1.648699474112874,-1.7999999999999998,0.0,0.0,13.88888888888889,13.88888888888889,16.666666666666668,38.844010105257006,39.11111111111111,2.462594454593962,-0.07999999999999963,-1.2000000000000002,-1.2000000000000002,13.88888888888889,13.88888888888889
43,1.3,False,0,4.0,0.5937323253322468,0.0,True,13.995966643022072,22.42175498971447,29.702754546872097,-1.0827314898676081,-1.8899999999999997,0.0,0.0,13.88888888888889,13.88888888888889,16.666666666666668,36.075940364497455,39.388888888888886,0.8129999539033803,-0.09000000000000008,-1.3,-1.3,13.88888888888889,13.88888888888889
43,1.4000000000000001,False,0,4.0,0.5133314777589894,0.0,True,13.925240473373284,21.494786230370078,28.768816405642507,-1.8428505072384318,-1.8999999999999986,0.0,0.0,13.88888888888889,13.88888888888889,16.666666666666668,40.77111414542986,39.666666666666664,-0.4782218228287367,-0.08000000000000007,-1.4000000000000001,-1.4000000000000001,13.88888888888889,13.88888888888889
43,1.5,False,0,4.0,0.8675372633212461,0.0,True,13.907000979320705,23.21530809962935,28.402458409564087,-1.7396017839413866,-1.7999999999999998,0.0,0.0,13.88888888888889,13.88888888888889,16.666666666666668,37.37673470531571,39.94444444444444,1.72440878277046,-0.04999999999999982,-1.5,-1.5,13.88888888888889,13.88888888888889
43,1.6,False,0,4.0,0.6097763998772014,0.0,True,13.966282304942547,22.00627758286468,28.075848585767755,-1.3997878498449117,-1.879999999999999,0.0,0.0,13.88888888888889,13.88888888888889,16.666666666666668,37.693931819341,39.94444444444444,-0.812780166835962,-0.1599999999999997,-1.6,-1.6,13.88888888888889,13.88888888888889
43,1.7000000000000002,False,0,4.0,0.6242536107850793,0.0,True,13.917637491728193,20.416492149698325,28.397766400219734,-0.32073002560212527,-1.8300000000000005,0.0,0.0,13.88888888888889,13.88888888888889,16.666666666666668,39.284370571366786,40.22222222222222,-0.5709303784326429,-0.09999999999999964,-1.7000000000000002,-1.7000000000000002,13.88888888888889,13.88888888888889
44,0.0,False,0,4.0,1.0,1.0,True,16.540166666666668,-3.2782537986777696,-4.168883333333315,0.5901661651539558,1.6,0.0,0.0,13.88888888888889,13.88888888888889,,,,,,,,,
44,0.1,False,0,4.0,0.4749248487194897,0.0,True,13.92343389277642,23.918211470392674,28.61938341552327,-1.587322265464178,0.4100000000000028,-0.1,-0.1,13.88888888888889,13.88888888888889,13.88459697405638,23.823499946367985,28.637409457819683,0.28973499599325736,-0.00999999999999579,-0.1,-0.1,13.88888888888889,13.88888888888889
44,0.2,False,0,4.0,0.48834865978644265,0.0,True,13.895341507494463,23.23798939779105,28.154960421227297,-1.4717006781503341,-1.179999999999993,-0.2,-0.2,13.88888888888889,13.88888888888889,14.38830735046851,27.617920595833606,29.426505978850866,-0.9302349586389126,-0.019999999999997353,-0.2,-0.2,13.88888888888889,13.88888888888889
44,0.30000000000000004,False,0,4.0,0.5130899311134672,0.0,True,14.000624528495257,22.118145852521405,28.84606337852433,-1.0478869378196218,-1.430000000000005,-0.30000000000000004,-0.30000000000000004,13.88888888888889,13.88888888888889,15.146776919584594,30.958085619869916,31.974619601659423,0.270012820452477,-0.020000000000001572,-0.30000000000000004,-0.30000000000000004,13.88888888888889,13.88888888888889
44,0.4,False,0,4.0,0.6412180124428412,0.0,True,13.890362170342097,23.401288755574438,28.987843478128422,-1.0584097367894763,-1.880000000000006,0.0,0.0,13.88888888888889,13.88888888888889,15.64366023600022,31.856329315951566,33.767817276839125,-1.0414780504383305,-6.661338147750939e-16,-0.4,-0.4,13.88888888888889,13.88888888888889
44,0.5,False,0,4.0,0.4581595181105675,0.0,True,13.92718172532955,22.33554137479295,29.074693533109308,-1.4068198826427571,-1.85,0.0,0.0,13.88888888888889,13.88888888888889,16.267532965748398,33.49277660740545,35.26146547737107,2.2596657731529697,0.0,-0.5,-0.5,13.88888888888889,13.88888888888889
44,0.6000000000000001,False,0,4.0,0.44425832991123726,0.0,True,13.899043397605189,24.3969780080467,28.569345076064035,-0.6980152045404311,-1.8599999999999959,0.0,0.0,13.88888888888889,13.88888888888889,16.401922407676068,34.83242169452989,36.62334301258789,0.059760100051492904,-0.019999999999999574,-0.6000000000000001,-0.6000000000000001,13.88888888888889,13.88888888888889
44,0.7000000000000001,False,0,4.0,0.5487895293763162,0.0,True,13.97775770463969,22.495825457757444,28.87174513068113,-1.4378329493751596,-1.899999999999999,0.0,0.0,13.88888888888889,13.88888888888889,16.544894375101283,35.68521810987163,37.644417465320984,-0.1547847485072562,-0.009999999999999343,-0.7000000000000001,-0.7000000000000001,13.88888888888889,13.88888888888889
44,0.8,False,0,4.0,0.4791682943639189,0.0,True,13.897927038188786,22.66529038027586,28.825053711777667,-1.4144772647393284,-1.8799999999999994,0.0,0.0,13.88888888888889,13.88888888888889,16.666666666666668,35.26008826331298,38.44444444444444,-0.011483722500638338,-2.220446049250313e-16,-0.8,-0.8,13.88888888888889,13.88888888888889
44,0.9,False,0,4.0,0.4843088160735376,0.0,True,13.897473037732691,20.190506024486506,28.370878491241978,-0.8669723450066142,-1.8900000000000028,0.0,0.0,13.88888888888889,13.88888888888889,16.666666666666668,36.40613843472571,38.99999999999999,-1.0205112376033165,-0.02000000000000024,-0.9,-0.9,13.88888888888889,13.88888888888889
44,1.0,False,0,4.0,0.5875468022051213,0.0,True,13.931365058926044,20.492628265003997,28.559685211076054,-1.2220924057188878,-1.7999999999999998,0.0,0.0,13.88888888888889,13.88888888888889,16.666666666666668,38.653320089934695,39.55555555555554,-0.2641090840116913,0.0,-1.0,-1.0,13.88888888888889,13.88888888888889
44,1.1,False,0,4.0,0.5533905480016157,0.0,True,13.898635684758668,22.39180680279794,28.785504494118936,-0.8057865952095071,-1.8799999999999981,0.0,0.0,13.88888888888889,13.88888888888889,16.666666666666668,35.06485664706463,39.83333333333333,0.4054304192686562,-0.0499999999999996,-1.1,-1.1,13.88888888888889,13.88888888888889
44,1.2000000000000002,False,0,4.0,0.5229036589041327,0.0,True,13.89951119832998,24.347567526946374,28.50462921840575,-0.6319672515193058,-1.7999999999999998,0.0,0.0,13.88888888888889,13.88888888888889,16.666666666666668,35.172221797113004,40.11111111111111,-1.3673842679440305,-0.07999999999999963,-1.2000000000000002,-1.2000000000000002,13.88888888888889,13.88888888888889
44,1.3,False,0,4.0,0.5873436124222897,0.0,True,13.899546599634986,23.540772285450213,29.594383986243326,-0.36547027584810143,-1.8899999999999997,0.0,0.0,13.88888888888889,13.88888888888889,16.666666666666668,41.031569120257856,40.388888888888886,-1.8877554018988554,-0.09000000000000008,-1.3,-1.3,13.88888888888889,13.88888888888889
44,1.4000000000000001,False,0,4.0,0.5465697050983308,0.0,True,13.899074183936653,21.828782186596793,27.80923870746484,-1.7836281567171601,-1.8999999999999986,0.0,0.0,13.88888888888889,13.88888888888889,16.666666666666668,38.51281182752049,40.66666666666667,-0.41943851242079555,-0.08000000000000007,-1.4000000000000001,-1.4000000000000001,13.88888888888889,13.88888888888889
44,1.5,False,0,4.0,0.498472160226412,0.0,True,13.927568000962777,23.383666282061125,29.063126151511238,-1.3671376877210335,-1.7999999999999998,0.0,0.0,13.88888888888889,13.88888888888889,16.666666666666668,39.80604506462342,40.94444444444444,0.6358688016468994,-0.04999999999999982,-1.5,-1.5,13.88888888888889,13.88888888888889
44,1.6,False,0,4.0,0.5222408047988643,0.0,True,14.002020984543334,22.309765148651262,28.71383770116419,-1.432114946599194,-1.879999999999999,0.0,0.0,13.88888888888889,13.88888888888889,16.666666666666668,40.70986860168124,40.94444444444444,0.30272816545675507,-0.1599999999999997,-1.6,-1.6,13.88888888888889,13.88888888888889
44,1.7000000000000002,False,0,4.0,0.48613516095251175,0.0,True,14.022914688206349,21.621717242885705,28.609269189021955,-0.742430554702038,-1.8300000000000005,0.0,0.0,13.88888888888889,13.88888888888889,16.666666666666668,39.038781331859084,41.22222222222222,-0.8403904669197513,-0.09999999999999964,-1.7000000000000002,-1.7000000000000002,13.88888888888889,13.88888888888889
45,0.0,False,0,4.0,1.0,1.0,True,16.666666666666668,-1.8451075161940365,-4.166666666666845,1.8909471282822725,1.6,0.0,0.0,13.88888888888889,13.88888888888889,,,,,,,,,
45,0.1,False,0,4.0,0.5853513484698478,0.0,True,13.936752043562102,21.320362750214723,28.122818879532968,0.9031128783774816,0.5000000000000022,-0.1,-0.1,13.88888888888889,13.88888888888889,13.669889716198101,28.95692930354964,28.932855754859627,-0.11273859372348993,-0.00999999999999579,-0.1,-0.1,13.88888888888889,13.88888888888889
45,0.2,False,0,4.0,0.5981037168788894,0.0,True,13.892253400360064,23.676028740202366,28.941779809147913,-1.8571970278464778,-1.1599999999999935,-0.2,-0.2,13.88888888888889,13.88888888888889,14.373537285446202,28.55686722906007,29.73972839984098,1.5419334770046689,-0.019999999999997353,-0.2,-0.2,13.88888888888889,13.88888888888889
45,0.30000000000000004,False,0,4.0,0.4957454387811492,0.0,True,13.956407955732253,22.066267208588084,28.746015332080656,-0.5435735601862226,-1.7600000000000038,-0.30000000000000004,-0.30000000000000004,13.88888888888889,13.88888888888889,15.175046750033077,27.299934708933133,32.0513022930718,-1.6198674312244952,-0.020000000000001572,-0.30000000000000004,-0.30000000000000004,13.88888888888889,13.88888888888889
45,0.4,False,0,4.0,0.4947709364110813,0.0,True,13.931665553699707,22.220400388712715,28.465256316514466,-1.5149080696089094,-1.880000000000006,0.0,0.0,13.88888888888889,13.88888888888889,15.9164901732828,29.23703473547685,34.376276663624395,-0.34847332082489824,-6.661338147750939e-16,-0.4,-0.4,13.88888888888889,13.88888888888889
45,0.5,False,0,4.0,0.4896145932139496,0.0,True,14.005018246853096,22.05537711937158,28.159555330847706,-1.8268856059722598,-1.85,0.0,0.0,13.88888888888889,13.88888888888889,16.23753379180424,33.76871874228487,36.276109442017294,0.6046834298846564,0.0,-0.5,-0.5,13.88888888888889,13.88888888888889
45,0.6000000000000001,False,0,4.0,0.49598099087366787,0.0,True,13.915085082552059,23.017708746316327,29.0617582655761,-1.767634436954189,-1.8599999999999959,0.0,0.0,13.88888888888889,13.88888888888889,16.63357726732053,37.41588717180969,37.503308939934634,-1.6113192101749536,-0.019999999999999574,-0.6000000000000001,-0.6000000000000001,13.88888888888889,13.88888888888889
45,0.7000000000000001,False,0,4.0,0.5794235274180307,0.0,True,13.89962220143912,21.049305987504038,29.72345850671662,-0.13894932198837973,-1.899999999999999,0.0,0.0,13.88888888888889,13.88888888888889,16.666666666666668,39.2217081088915,38.61111111111111,1.282153367220015,-0.009999999999999343,-0.7000000000000001,-0.7000000000000001,13.88888888888889,13.88888888888889
45,0.8,False,0,4.0,0.3936052530008548,0.0,True,13.923683910983417,23.382269286307984,28.37747514106935,-1.890404927437015,-1.8799999999999994,0.0,0.0,13.88888888888889,13.88888888888889,16.666666666666668,40.375979630947285,39.44444444444444,-1.0662804024849144,-2.220446049250313e-16,-0.8,-0.8,13.88888888888889,13.88888888888889
45,0.9,False,0,4.0,0.5792361597397703,0.0,True,13.900358337610275,22.776077052839593,28.032086067716403,-1.3783743000580408,-1.8900000000000028,0.0,0.0,13.88888888888889,13.88888888888889,16.666666666666668,36.32188626025707,39.99999999999999,0.5519249897690863,-0.02000000000000024,-0.9,-0.9,13.88888888888889,13.88888888888889
45,1.0,False,0,4.0,0.52910727138162,0.0,True,13.938914928221392,23.35815633769816,28.133683546400743,-0.5329850536917502,-1.7999999999999998,0.0,0.0,13.88888888888889,13.88888888888889,16.666666666666668,40.69182567506677,40.55555555555554,-0.6805282530631844,0.0,-1.0,-1.0,13.88888888888889,13.88888888888889
45,1.1,False,0,4.0,0.5319997953798903,0.0,True,13.889429434929001,24.540371452570025,28.549389701934228,-1.3853906059849987,-1.8799999999999981,0.0,0.0,13.88888888888889,13.88888888888889,16.666666666666668,41.20379291351189,40.83333333333333,2.7170672312049313,-0.0499999999999996,-1.1,-1.1,13.88888888888889,13.88888888888889
45,1.2000000000000002,False,0,4.0,0.5669494657365731,0.0,True,13.975961015513645,22.50580317400134,28.493442026849163,-0.0674318367033706,-1.7999999999999998,0.0,0.0,13.88888888888889,13.88888888888889,16.666666666666668,41.34376989405856,41.11111111111111,0.2480375350816657,-0.07999999999999963,-1.2000000000000002,-1.2000000000000002,13.88888888888889,13.88888888888889
45,1.3,False,0,4.0,1.0,0.0,True,13.920276001386252,23.74399199503109,28.544759994707487,-1.7119244028314449,-1.8899999999999997,0.0,0.0,13.88888888888889,13.88888888888889,16.666666666666668,40.64682077464158,41.388888888888886,0.839216853003887,-0.09000000000000008,-1.3,-1.3,13.88888888888889,13.88888888888889
45,1.4000000000000001,False,0,4.0,0.7008616349724515,0.0,True,13.919557721942507,23.398290201520904,28.560317673368342,-1.6447144965125684,-1.8999999999999986,0.0,0.0,13.88888888888889,13.88888888888889,16.666666666666668,39.89308748533716,41.66666666666667,1.3165838056834658,-0.08000000000000007,-1.4000000000000001,-1.4000000000000001,13.88888888888889,13.88888888888889
45,1.5,False,0,4.0,0.6443744225250747,0.0,True,14.001910196840651,22.0834328669314,28.29833669651826,-1.8038418757437469,-1.7999999999999998,0.0,0.0,13.88888888888889,13.88888888888889,16.666666666666668,39.75658119486137,41.94444444444444,-0.5133565571406549,-0.04999999999999982,-1.5,-1.5,13.88888888888889,13.88888888888889
45,1.6,False,0,4.0,0.6434361241094947,0.0,True,13.995500306652959,21.33413506534266,27.97616292916369,-0.564233270982643,-1.879999999999999,0.0,0.0,13.88888888888889,13.88888888888889,16.666666666666668,40.61628412195819,41.94444444444444,-0.7355862217968605,-0.1599999999999997,-1.6,-1.6,13.88888888888889,13.88888888888889
45,1.7000000000000002,False,0,4.0,0.6129387624553064,0.0,True,13.903254565862712,22.42887940933714,28.787234237318824,-0.5107255481350239,-1.8300000000000005,0.0,0.0,13.88888888888889,13.88888888888889,16.666666666666668,39.81055835442228,42.22222222222222,-0.492186332060101,-0.09999999999999964,-1.7000000000000002,-1.7000000000000002,13.88888888888889,13.88888888888889
46,0.0,False,0,4.0,1.0,0.2707382747760434,True,16.666666666666668,-3.3013992548025497,-4.277777777778101,0.6898222354658738,1.6,0.0,0.0,13.88888888888889,13.88888888888889,,,,,,,,,
46,0.1,False,0,4.0,0.5717914262530058,0.0,True,13.918428715563081,23.766946957113912,28.21930808117936,-1.5177505741173252,0.6500000000000017,-0.1,-0.1,13.88888888888889,13.88888888888889,13.582341500283798,29.0934602396734,29.849685729781026,-1.2927054563338805,-0.00999999999999579,-0.1,-0.1,13.88888888888889,13.88888888888889
46,0.2,False,0,4.0,0.5787668262027955,0.0,True,13.892793342765518,21.35568675601608,28.569578355843458,-0.2719280601910372,-0.6599999999999953,-0.2,-0.2,13.88888888888889,13.88888888888889,14.671405157732583,25.258278562334095,29.842060421365698,0.42666321586599887,-0.019999999999997353,-0.2,-0.2,13.88888888888889,13.88888888888889
46,0.30000000000000004,False,0,4.0,0.5055206231079273,0.0,True,13.963386167177651,19.94800515372331,28.640427271746812,-1.057532275506988,-1.8899999999999975,-0.30000000000000004,0.0,13.88888888888889,13.88888888888889,15.477066776270592,29.87995663356409,32.621530327789955,1.7096459394504526,-0.020000000000001572,-0.30000000000000004,-0.30000000000000004,13.88888888888889,13.88888888888889
46,0.4,False,0,4.0,0.38494930796763704,0.0,True,13.890173900030112,24.15528016406783,28.230441875673346,-0.8018707961156684,-1.880000000000006,0.0,0.0,13.88888888888889,13.88888888888889,16.035429780802104,35.58084846294878,35.239831940514335,2.8066490371211086,-6.661338147750939e-16,-0.4,-0.4,13.88888888888889,13.88888888888889
46,0.5,False,0,4.0,0.5954013852756186,0.0,True,13.909321757960443,23.5541870640434,28.765787317207906,-1.1896028153823326,-1.85,0.0,0.0,13.88888888888889,13.88888888888889,16.666666666666668,37.313944105773345,37.11111111111116,2.183781650499425,0.0,-0.5,-0.5,13.88888888888889,13.88888888888889
46,0.6000000000000001,False,0,4.0,0.44865370146720346,0.0,True,13.939909635106265,23.32038334843268,28.57057346379646,-1.5009348677173844,-1.8599999999999959,0.0,0.0,13.88888888888889,13.88888888888889,16.627424463370296,36.30596351066844,38.50392422032966,0.8010042112949622,-0.019999999999999574,-0.6000000000000001,-0.6000000000000001,13.88888888888889,13.88888888888889
46,0.7000000000000001,False,0,4.0,0.5726486008429211,0.0,True,13.957242523978513,23.189276494199657,29.06191887182835,-1.6910053771032525,-1.899999999999999,0.0,0.0,13.88888888888889,13.88888888888889,16.666666666666668,38.38830157281041,39.61111111111111,1.651711527483417,-0.009999999999999343,-0.7000000000000001,-0.7000000000000001,13.88888888888889,13.88888888888889
46,0.8,False,0,4.0,0.580210983131314,0.0,True,13.959216994704322,23.13469747387607,28.630841407593362,-0.7764737228360481,-1.8799999999999994,0.0,0.0,13.88888888888889,13.88888888888889,16.666666666666668,38.59206026969427,40.44444444444444,0.23147422610796609,-2.220446049250313e-16,-0.8,-0.8,13.88888888888889,13.88888888888889
46,0.9,False,0,4.0,0.47462994004715436,0.0,True,13.914526678684902,23.2445763235424,28.539903370658987,-1.501240836837885,-1.8900000000000028,0.0,0.0,13.88888888888889,13.88888888888889,16.666666666666668,40.27030659899197,40.99999999999999,-0.5218819391494525,-0.02000000000000024,-0.9,-0.9,13.88888888888889,13.88888888888889
46,1.0,False,0,4.0,0.8905688109582968,0.0,True,13.968475643919477,21.271936328924436,28.56013834586913,-0.9335658260570572,-1.7999999999999998,0.0,0.0,13.88888888888889,13.88888888888889,16.666666666666668,42.558761407546385,41.55555555555554,0.1586935672078158,0.0,-1.0,-1.0,13.88888888888889,13.88888888888889
46,1.1,False,0,4.0,0.8859401713815164,0.0,True,13.895544703262948,21.617841530266713,28.990492140516533,-1.0941228096186917,-1.8799999999999981,0.0,0.0,13.88888888888889,13.88888888888889,16.666666666666668,40.44830621365688,41.83333333333333,-0.3002707311796946,-0.0499999999999996,-1.1,-1.1,13.88888888888889,13.88888888888889
46,1.2000000000000002,False,0,4.0,0.5550946639356757,0.0,True,13.974754049924044,21.322551551660364,28.352560288978975,-1.5919135784978748,-1.7999999999999998,0.0,0.0,13.88888888888889,13.88888888888889,16.666666666666668,41.170603398376166,42.11111111111111,0.6545724056408688,-0.07999999999999963,-1.2000000000000002,-1.2000000000000002,13.88888888888889,13.88888888888889
46,1.3,False,0,4.0,0.8513635213673729,0.0,True,13.89109365346981,22.457457019556767,28.464970076224784,-1.819115323034246,-1.8899999999999997,0.0,0.0,13.88888888888889,13.88888888888889,16.666666666666668,37.65909146887557,42.388888888888886,0.530343312840754,-0.09000000000000008,-1.3,-1.3,13.88888888888889,13.88888888888889
46,1.4000000000000001,False,0,4.0,0.618805101957333,0.0,True,13.981289546789883,21.516667495507033,28.37517388452711,-1.7278993396972087,-1.8999999999999986,0.0,0.0,13.88888888888889,13.88888888888889,16.666666666666668,37.80186080904161,42.66666666666667,0.18919541842532572,-0.08000000000000007,-1.4000000000000001,-1.4000000000000001,13.88888888888889,13.88888888888889
46,1.5,False,0,4.0,0.4616316096845769,0.0,True,14.007628202093183,21.954303881097683,28.300122679289398,-1.3875370947894483,-1.7999999999999998,0.0,0.0,13.88888888888889,13.88888888888889,16.666666666666668,40.31615353890167,42.94444444444444,-1.724852552681738,-0.04999999999999982,-1.5,-1.5,13.88888888888889,13.88888888888889
46,1.6,False,0,4.0,0.5298846671198222,0.0,True,13.90820434878403,23.82202878176376,28.510253962018037,-1.174414964503129,-1.879999999999999,0.0,0.0,13.88888888888889,13.88888888888889,16.666666666666668,41.95977425973955,42.94444444444444,0.2883392632677144,-0.1599999999999997,-1.6,-1.6,13.88888888888889,13.88888888888889
46,1.7000000000000002,False,0,4.0,0.706797064774091,0.0,True,13.968095155867081,22.934996332100507,28.827759538456302,-1.7530495210076513,-1.8300000000000005,0.0,0.0,13.88888888888889,13.88888888888889,16.666666666666668,42.659398891564166,43.22222222222222,-0.9815387493349026,-0.09999999999999964,-1.7000000000000002,-1.7000000000000002,13.88888888888889,13.88888888888889
47,0.0,False,0,4.0,1.0,1.0,True,16.287166666666668,-3.0026012857995736,-4.200027777777666,-0.25990281380651803,1.6,0.0,0.0,13.88888888888889,13.88888888888889,,,,,,,,,
47,0.1,False,0,4.0,0.6104275986814269,0.0,True,13.90929453589519,24.13710475759687,28.564306541276874,-0.2752210458733302,0.12000000000000366,-0.1,-0.1,13.88888888888889,13.88888888888889,13.854246194464679,27.296926367830917,28.590282492408345,0.8735449004083526,-0.00999999999999579,-0.1,-0.1,13.88888888888889,13.88888888888889
47,0.2,False,0,4.0,0.5463225702855237,0.0,True,13.890793417603941,23.92957161426396,28.66935415242612,-1.4778443797877374,-1.6199999999999917,-0.2,-0.2,13.88888888888889,13.88888888888889,14.458011958748015,30.867766480398483,30.24468132365568,0.32830017479524143,-0.019999999999997353,-0.2,-0.2,13.88888888888889,13.88888888888889
47,0.30000000000000004,False,0,4.0,0.6099324948540777,0.0,True,13.896278352768116,23.184124564627933,28.7820895931424,-1.0947838628508544,-1.8899999999999975,0.0,0.0,13.88888888888889,13.88888888888889,15.563906960757253,30.213658735684174,33.1568878808729,0.2228472390155658,-0.020000000000001572,-0.30000000000000004,-0.30000000000000004,13.88888888888889,13.88888888888889
47,0.4,False,0,4.0,0.5927291200259299,0.0,True,13.94527877019269,23.17144213899685,28.544538117165484,-0.36679428740747944,-1.880000000000006,0.0,0.0,13.88888888888889,13.88888888888889,16.360491218292278,35.06503499617919,35.974607980026846,-0.5277268518817726,-6.661338147750939e-16,-0.4,-0.4,13.88888888888889,13.88888888888889
47,0.5,False,0,4.0,0.3938182269844445,0.0,True,13.902799845390103,23.661309895905315,28.161038564460494,-1.625225247597091,-1.85,0.0,0.0,13.88888888888889,13.88888888888889,16.666666666666668,35.25493778220073,38.11111111111116,1.2932810852952996,0.0,-0.5,-0.5,13.88888888888889,13.88888888888889
47,0.6000000000000001,False,0,4.0,0.6318966267987729,0.0,True,13.928932555668176,23.30132018480354,28.1538766780328,-1.8718000643330979,-1.8599999999999959,0.0,0.0,13.88888888888889,13.88888888888889,16.666666666666668,38.516872577683834,39.50000000000002,0.8143192134123374,-0.019999999999999574,-0.6000000000000001,-0.6000000000000001,13.88888888888889,13.88888888888889
47,0.7000000000000001,False,0,4.0,0.5089038162419282,0.0,True,13.889993122778026,22.585050609505014,28.116352708785552,-1.513804076493074,-1.899999999999999,0.0,0.0,13.88888888888889,13.88888888888889,16.666666666666668,41.089967521387614,40.61111111111111,-0.27539890365718045,-0.009999999999999343,-0.7000000000000001,-0.7000000000000001,13.88888888888889,13.88888888888889
47,0.8,False,0,4.0,0.5996959389570952,0.0,True,13.95342368606043,23.18735788000627,28.846985836174024,-1.6657488772881188,-1.8799999999999994,0.0,0.0,13.88888888888889,13.88888888888889,16.666666666666668,40.62805854228009,41.44444444444444,-0.4977608912786531,-2.220446049250313e-16,-0.8,-0.8,13.88888888888889,13.88888888888889
47,0.9,False,0,4.0,0.3837343180260824,0.0,True,13.894454930570028,22.777522020099905,29.015069451021883,-1.3159066946945006,-1.8900000000000028,0.0,0.0,13.88888888888889,13.88888888888889,16.666666666666668,41.075548029392856,41.99999999999999,0.6328496305067421,-0.02000000000000024,-0.9,-0.9,13.88888888888889,13.88888888888889
47,1.0,False,0,4.0,0.539896432693899,0.0,True,13.914090923546915,23.56077416984716,28.46553246489442,-0.557262024427172,-1.7999999999999998,0.0,0.0,13.88888888888889,13.88888888888889,16.666666666666668,42.21836660171708,42.55555555555554,-1.101677794420195,0.0,-1.0,-1.0,13.88888888888889,13.88888888888889
47,1.1,False,0,4.0,0.4807758087554366,0.0,True,13.894483435851233,24.01148159940696,28.776467168574253,-1.1085441505884748,-1.8799999999999981,0.0,0.0,13.88888888888889,13.88888888888889,16.666666666666668,43.73733585181634,42.83333333333333,-0.5611093466694785,-0.0499999999999996,-1.1,-1.1,13.88888888888889,13.88888888888889
47,1.2000000000000002,False,0,4.0,0.4621582941740492,0.0,True,13.933341390597452,23.082611607612574,28.413715959527092,-1.493752042382819,-1.7999999999999998,0.0,0.0,13.88888888888889,13.88888888888889,16.666666666666668,42.59948577615149,43.11111111111111,0.3691374948149946,-0.07999999999999963,-1.2000000000000002,-1.2000000000000002,13.88888888888889,13.88888888888889
47,1.3,False,0,4.0,0.5690974908609212,0.0,True,13.931816192198974,23.681955733991042,28.5632986526205,-1.7180002471928868,-1.8899999999999997,0.0,0.0,13.88888888888889,13.88888888888889,16.666666666666668,38.96099056727695,43.388888888888886,-1.5950918044046247,-0.09000000000000008,-1.3,-1.3,13.88888888888889,13.88888888888889
47,1.4000000000000001,False,0,4.0,0.4816371057632304,0.0,True,14.080585316626097,20.622583809615957,28.887250707143078,-1.6078207421511221,-1.8999999999999986,0.0,0.0,13.88888888888889,13.88888888888889,16.666666666666668,37.901007266234885,43.66666666666667,0.14412789852921115,-0.08000000000000007,-1.4000000000000001,-1.4000000000000001,13.88888888888889,13.88888888888889
47,1.5,False,0,4.0,0.4991316490906657,0.0,True,13.945255619538809,22.153111464594883,28.72796280249862,-0.44990415393173677,-1.7999999999999998,0.0,0.0,13.88888888888889,13.88888888888889,16.666666666666668,42.28476457319891,43.94444444444444,0.5018159784374001,-0.04999999999999982,-1.5,-1.5,13.88888888888889,13.88888888888889
47,1.6,False,0,4.0,0.7209597891389231,0.0,True,13.970841725550045,22.78574465666504,28.741320955348055,-0.2823200501511671,-1.879999999999999,0.0,0.0,13.88888888888889,13.88888888888889,16.666666666666668,42.271751282395755,43.94444444444444,-1.7770306455512745,-0.1599999999999997,-1.6,-1.6,13.88888888888889,13.88888888888889
47,1.7000000000000002,False,0,4.0,0.9199655427674723,0.0,True,13.88903792422017,21.128037904303834,28.990645010679042,-0.9741536908379199,-1.8300000000000005,0.0,0.0,13.88888888888889,13.88888888888889,16.666666666666668,41.49043239518622,44.22222222222222,-0.0532224572451514,-0.09999999999999964,-1.7000000000000002,-1.7000000000000002,13.88888888888889,13.88888888888889
48,0.0,False,0,4.0,1.0,1.0,True,16.666666666666668,-3.8910225742250075,-4.222222222222842,1.963221222968587,1.6,0.0,0.0,13.88888888888889,13.88888888888889,,,,,,,,,
48,0.1,False,0,4.0,0.47574950329099774,0.0,True,13.949340804557094,22.841779511364944,28.284286130022434,0.2790796123888306,0.5000000000000022,-0.1,-0.1,13.88888888888889,13.88888888888889,13.736191626925056,25.045225976982334,28.681487217225634,-0.6335995234389682,-0.00999999999999579,-0.1,-0.1,13.88888888888889,13.88888888888889
48,0.2,False,0,4.0,0.9479243953696341,0.0,True,13.904806841667106,23.043482609045935,28.855007522746615,0.015191969243679937,-0.8599999999999945,-0.2,-0.2,13.88888888888889,13.88888888888889,14.737864456611364,28.172770851040763,30.544581633009113,0.7273348156524673,-0.019999999999997353,-0.2,-0.2,13.88888888888889,13.88888888888889
48,0.30000000000000004,False,0,4.0,0.6766712397260709,0.0,True,13.92569915478239,22.45719107103754,28.755631328770033,-0.743380025364502,-1.8899999999999975,0.0,0.0,13.88888888888889,13.88888888888889,15.767768936818609,30.675121526180444,33.612861136229085,-0.6424267047661503,-0.020000000000001572,-0.30000000000000004,-0.30000000000000004,13.88888888888889,13.88888888888889
48,0.4,False,0,4.0,0.7193692730318016,0.0,True,13.978872670983442,21.871162648671326,28.733825835188906,-1.774090298356622,-1.880000000000006,0.0,0.0,13.88888888888889,13.88888888888889,16.666666666666668,34.396786218135304,36.88888888888896,0.10846208450613659,-6.661338147750939e-16,-0.4,-0.4,13.88888888888889,13.88888888888889
48,0.5,False,0,4.0,0.762009236122277,0.0,True,13.902951230274866,24.302695735493483,28.951394438801298,-1.5364209417694876,-1.85,0.0,0.0,13.88888888888889,13.88888888888889,16.666666666666668,38.3615317637384,39.11111111111116,-0.2366829515500517,0.0,-0.5,-0.5,13.88888888888889,13.88888888888889
48,0.6000000000000001,False,0,4.0,0.5308886396564901,0.0,True,13.907872501482615,21.842587255094696,28.990528772728293,-0.2460675982248015,-1.8599999999999959,0.0,0.0,13.88888888888889,13.88888888888889,16.666666666666668,37.57755372464688,40.50000000000002,1.3468383868275828,-0.019999999999999574,-0.6000000000000001,-0.6000000000000001,13.88888888888889,13.88888888888889
48,0.7000000000000001,False,0,4.0,0.6698174598670874,0.0,True,13.917323619482428,24.13929263099747,28.882013775072505,-1.6934426210632616,-1.899999999999999,0.0,0.0,13.88888888888889,13.88888888888889,16.666666666666668,42.31422914595657,41.61111111111111,-0.8951506027271741,-0.009999999999999343,-0.7000000000000001,-0.7000000000000001,13.88888888888889,13.88888888888889
48,0.8,False,0,4.0,0.4720839274560267,0.0,True,13.902269244886176,22.855208798135333,28.238966452181682,-1.2193166094288648,-1.8799999999999994,0.0,0.0,13.88888888888889,13.88888888888889,16.666666666666668,41.27482621454479,42.44444444444444,-1.8531705025855034,-2.220446049250313e-16,-0.8,-0.8,13.88888888888889,13.88888888888889
48,0.9,False,0,4.0,0.5947106858212994,0.0,True,13.933947720265492,21.287747882970006,28.144948913521272,-1.3745220487041854,-1.8900000000000028,0.0,0.0,13.88888888888889,13.88888888888889,16.666666666666668,42.03047210057154,42.99999999999999,-0.32193860826571274,-0.02000000000000024,-0.9,-0.9,13.88888888888889,13.88888888888889
48,1.0,False,0,4.0,0.6925096851651535,0.0,True,14.013376872287242,21.94971436721742,28.261662957882702,-1.773838054722999,-1.7999999999999998,0.0,0.0,13.88888888888889,13.88888888888889,16.666666666666668,41.2082828934188,43.55555555555554,0.5759127873522125,0.0,-1.0,-1.0,13.88888888888889,13.88888888888889
48,1.1,False,0,4.0,0.5511987008888691,0.0,True,13.903852818877674,24.279265901737727,28.674558296422912,-1.7702978236281433,-1.8799999999999981,0.0,0.0,13.88888888888889,13.88888888888889,16.666666666666668,43.22911399808633,43.83333333333333,0.1056909102946002,-0.0499999999999996,-1.1,-1.1,13.88888888888889,13.88888888888889
48,1.2000000000000002,False,0,4.0,0.4534331235302755,0.0,True,13.946456513727236,21.511871600756063,28.304843691837146,-1.6247354595467742,-1.7999999999999998,0.0,0.0,13.88888888888889,13.88888888888889,16.666666666666668,41.88525472973324,44.11111111111111,0.6122408335011613,-0.07999999999999963,-1.2000000000000002,-1.2000000000000002,13.88888888888889,13.88888888888889
48,1.3,False,0,4.0,0.5145675701937923,0.0,True,13.902246223669755,21.3713370500282,28.339460236947,-1.770730746247505,-1.8899999999999997,0.0,0.0,13.88888888888889,13.88888888888889,16.666666666666668,39.30123906673563,44.388888888888886,1.2941234572545288,-0.09000000000000008,-1.3,-1.3,13.88888888888889,13.88888888888889
48,1.4000000000000001,False,0,4.0,0.4065109203165243,0.0,True,13.930919809454085,23.776203702055863,28.06496899187034,-0.9256982619419276,-1.8999999999999986,0.0,0.0,13.88888888888889,13.88888888888889,16.666666666666668,40.32957231204753,44.66666666666667,0.3507634643875637,-0.08000000000000007,-1.4000000000000001,-1.4000000000000001,13.88888888888889,13.88888888888889
48,1.5,False,0,4.0,0.6542546085969517,0.0,True,13.930714739898455,21.980431459587134,28.82836699835131,-1.8061991619160822,-1.7999999999999998,0.0,0.0,13.88888888888889,13.88888888888889,16.666666666666668,43.25231064308505,44.94444444444444,-1.0575530110550513,-0.04999999999999982,-1.5,-1.5,13.88888888888889,13.88888888888889
48,1.6,False,0,4.0,0.5379297110254482,0.0,True,14.002943760479349,21.948605542656804,28.08742130885589,-0.5936009036667906,-1.879999999999999,0.0,0.0,13.88888888888889,13.88888888888889,16.666666666666668,46.69413616752993,44.94444444444444,0.38575736895530177,-0.1599999999999997,-1.6,-1.6,13.88888888888889,13.88888888888889
48,1.7000000000000002,False,0,4.0,0.5005728180748871,0.0,True,13.909142583464225,24.214187954622485,28.80626239432105,-0.7972678786450642,-1.8300000000000005,0.0,0.0,13.88888888888889,13.88888888888889,16.666666666666668,43.15924459422255,45.22222222222222,-0.6355987220337185,-0.09999999999999964,-1.7000000000000002,-1.7000000000000002,13.88888888888889,13.88888888888889
49,0.0,False,0,4.0,1.0,1.0,True,16.666666666666668,-0.2111779834269667,-4.266666666665901,1.593034644525071,1.6,0.0,0.0,13.88888888888889,13.88888888888889,,,,,,,,,
49,0.1,False,0,4.0,0.4857632936449165,0.0,True,13.927326281263332,21.519052564351636,28.06673940975075,0.29433894515940695,0.31000000000000316,-0.1,-0.1,13.88888888888889,13.88888888888889,13.7926684437332,25.639640548748485,28.374644834248766,-0.13331026032123128,-0.00999999999999579,-0.1,-0.1,13.88888888888889,13.88888888888889
49,0.2,False,0,4.0,0.6982247017499139,0.0,True,13.949180405297776,21.174045353101047,28.865248369343117,-1.4539632079991371,-0.7599999999999949,-0.2,-0.2,13.88888888888889,13.88888888888889,14.792694903060413,29.199456209262205,30.925521687997087,-0.32730916790214315,-0.019999999999997353,-0.2,-0.2,13.88888888888889,13.88888888888889
49,0.30000000000000004,False,0,4.0,0.552312380452826,0.0,True,13.927923788579408,23.882170094701404,28.654851922798013,-1.0989402249286961,-1.8899999999999975,0.0,0.0,13.88888888888889,13.88888888888889,15.95768227917199,34.05315147531594,34.41955793670493,2.1179134962003388,-0.020000000000001572,-0.30000000000000004,-0.30000000000000004,13.88888888888889,13.88888888888889
49,0.4,False,0,4.0,0.5249874935842925,0.0,True,13.95283892049764,23.22187138123935,28.527197734828217,-1.6863327904141248,-1.880000000000006,0.0,0.0,13.88888888888889,13.88888888888889,16.666666666666668,37.690057531140866,37.88888888888896,0.074594026463084,-6.661338147750939e-16,-0.4,-0.4,13.88888888888889,13.88888888888889
49,0.5,False,0,4.0,0.440592858798361,0.0,True,13.889764538385881,23.443255345187264,29.043223045602343,-1.738809401961974,-1.85,0.0,0.0,13.88888888888889,13.88888888888889,16.666666666666668,37.44583425216439,40.11111111111116,1.4817552815068544,0.0,-0.5,-0.5,13.88888888888889,13.88888888888889
49,0.6000000000000001,False,0,4.0,0.37209844991967633,0.0,True,13.893068823807893,21.571344416150946,28.044337044045715,-1.47223737666189,-1.8599999999999959,0.0,0.0,13.88888888888889,13.88888888888889,16.666666666666668,41.22436774270897,41.50000000000002,1.5608888176162856,-0.019999999999999574,-0.6000000000000001,-0.6000000000000001,13.88888888888889,13.88888888888889
49,0.7000000000000001,False,0,4.0,0.6988575940782269,0.0,True,13.9497473349523,23.236664143813368,28.45561586449382,-1.559133277760003,-1.899999999999999,0.0,0.0,13.88888888888889,13.88888888888889,16.666666666666668,39.06969709009717,42.61111111111111,0.22381347746508418,-0.009999999999999343,-0.7000000000000001,-0.7000000000000001,13.88888888888889,13.88888888888889
49,0.8,False,0,4.0,0.5707779363579594,0.0,True,13.907888013354581,22.67150049975221,29.08756022205763,-1.0819638183151952,-1.8799999999999994,0.0,0.0,13.88888888888889,13.88888888888889,16.666666666666668,44.1080686910513,43.44444444444444,0.1074636438885479,-2.220446049250313e-16,-0.8,-0.8,13.88888888888889,13.88888888888889
49,0.9,False,0,4.0,0.4571407813462557,0.0,True,13.926483800347773,23.593727114569372,28.814562365912803,-1.6935521851956172,-1.8900000000000028,0.0,0.0,13.88888888888889,13.88888888888889,16.666666666666668,42.745721926164485,43.99999999999999,1.9299219309198414,-0.02000000000000024,-0.9,-0.9,13.88888888888889,13.88888888888889
49,1.0,False,0,4.0,0.6352360726892234,0.0,True,13.889004609011504,22.05441338809187,28.063200622059764,-1.1358491497577503,-1.7999999999999998,0.0,0.0,13.88888888888889,13.88888888888889,16.666666666666668,43.809914868864496,44.55555555555554,0.5177925370905845,0.0,-1.0,-1.0,13.88888888888889,13.88888888888889
49,1.1,False,0,4.0,0.5289172639121239,0.0,True,13.89386471932003,22.835851521394897,28.778428920686064,-1.6022935856651244,-1.8799999999999981,0.0,0.0,13.88888888888889,13.88888888888889,16.666666666666668,45.452148308171616,44.83333333333333,1.4853277468769153,-0.0499999999999996,-1.1,-1.1,13.88888888888889,13.88888888888889
49,1.2000000000000002,False,0,4.0,0.4169162754369936,0.0,True,13.918429107656845,23.749520442494696,28.395817458416627,-1.343139621064403,-1.7999999999999998,0.0,0.0,13.88888888888889,13.88888888888889,16.666666666666668,39.64617323738067,45.11111111111111,0.8330807520161505,-0.07999999999999963,-1.2000000000000002,-1.2000000000000002,13.88888888888889,13.88888888888889
49,1.3,False,0,4.0,0.4418157929505947,0.0,True,13.923327688667527,23.20741146178322,29.00762439683633,-1.3667445400274258,-1.8899999999999997,0.0,0.0,13.88888888888889,13.88888888888889,16.666666666666668,41.31475816658117,45.388888888888886,-1.297621776277541,-0.09000000000000008,-1.3,-1.3,13.88888888888889,13.88888888888889
49,1.4000000000000001,False,0,4.0,0.4948670717758609,0.0,True,13.904125298097805,20.59233821342981,28.08340494143182,-1.41712287729622,-1.8999999999999986,0.0,0.0,13.88888888888889,13.88888888888889,16.666666666666668,43.128326791784716,45.66666666666667,0.004612677104891549,-0.08000000000000007,-1.4000000000000001,-1.4000000000000001,13.88888888888889,13.88888888888889
49,1.5,False,0,4.0,0.6701761502313665,0.0,True,13.921420150041936,23.792367407127852,28.039922689924463,-0.5142430668723106,-1.7999999999999998,0.0,0.0,13.88888888888889,13.88888888888889,16.666666666666668,46.60454421275885,45.94444444444444,1.616245824062171,-0.04999999999999982,-1.5,-1.5,13.88888888888889,13.88888888888889
49,1.6,False,0,4.0,0.6834305651196473,0.0,True,13.89818996306673,23.234484679881614,28.465404780919084,-1.5460716116291982,-1.879999999999999,0.0,0.0,13.88888888888889,13.88888888888889,16.666666666666668,45.470188286080145,45.94444444444444,-0.5998502034501962,-0.1599999999999997,-1.6,-1.6,13.88888888888889,13.88888888888889
49,1.7000000000000002,False,0,4.0,0.5064936354009747,0.0,True,13.990283040011306,20.036442999397945,27.84583788532053,-1.6924959266826651,-1.8300000000000005,0.0,0.0,13.88888888888889,13.88888888888889,16.666666666666668,43.47685152086269,46.22222222222222,2.230352163761258,-0.09999999999999964,-1.7000000000000002,-1.7000000000000002,13.88888888888889,13.88888888888889
50,0.0,False,0,4.0,1.0,1.0,True,16.540166666666668,-0.461923588562672,-4.2193277777770275,3.0416231642041534,1.6,0.0,0.0,13.88888888888889,13.88888888888889,,,,,,,,,
50,0.1,False,0,4.0,0.728829831969663,0.0,True,13.914348434006671,22.57442800277509,28.828132261921734,0.9294663367076024,0.30000000000000293,-0.1,-0.1,13.88888888888889,13.88888888888889,13.678283227121202,29.197763024170296,29.451945574473836,0.31118120004440897,-0.00999999999999579,-0.1,-0.1,13.88888888888889,13.88888888888889
50,0.2,False,0,4.0,0.5394790919790633,0.0,True,13.905060896187724,22.290533478637155,28.486475483030414,-0.8924085709549181,-1.3599999999999928,-0.2,-0.2,13.88888888888889,13.88888888888889,14.934978892952195,26.106370610434293,31.293085182373897,-0.625714031662636,-0.019999999999997353,-0.2,-0.2,13.88888888888889,13.88888888888889
50,0.30000000000000004,False,0,4.0,0.43890281949304455,0.0,True,13.952204766764606,20.970191761255972,28.538642500514253,-1.0636577257821984,-1.8899999999999975,0.0,0.0,13.88888888888889,13.88888888888889,16.248163985647437,34.36766016973256,35.22317497152913,-0.06586573440286325,-0.020000000000001572,-0.30000000000000004,-0.30000000000000004,13.88888888888889,13.88888888888889
50,0.4,False,0,4.0,0.4860662872055016,0.0,True,13.91081502904196,22.205748069328546,28.62744642248499,-1.7393323081236263,-1.880000000000006,0.0,0.0,13.88888888888889,13.88888888888889,16.666666666666668,39.24227518307474,38.88888888888896,-0.16783496660826924,-6.661338147750939e-16,-0.4,-0.4,13.88888888888889,13.88888888888889
50,0.5,False,0,4.0,0.7021142502103633,0.0,True,14.005659957181134,19.378994877893785,29.30513652532458,-1.8833161723809155,-1.85,0.0,0.0,13.88888888888889,13.88888888888889,16.666666666666668,37.8496687996529,41.11111111111116,-0.24489111575295386,0.0,-0.5,-0.5,13.88888888888889,13.88888888888889
50,0.6000000000000001,False,0,4.0,0.9529812449795714,0.0,True,13.892233261084407,22.932775273148916,28.47700698093932,-0.8429502494309085,-1.8599999999999959,0.0,0.0,13.88888888888889,13.88888888888889,16.666666666666668,42.692538813550094,42.50000000000002,0.40920383075606015,-0.019999999999999574,-0.6000000000000001,-0.6000000000000001,13.88888888888889,13.88888888888889
50,0.7000000000000001,False,0,4.0,0.4713285984427875,0.0,True,13.939504595932503,22.999198993164054,28.881257772082858,-1.1544698871730055,-1.899999999999999,0.0,0.0,13.88888888888889,13.88888888888889,16.666666666666668,41.42352195095267,43.61111111111111,-0.8528066135346057,-0.009999999999999343,-0.7000000000000001,-0.7000000000000001,13.88888888888889,13.88888888888889
50,0.8,False,0,4.0,0.4598038535257707,0.0,True,13.909305292063058,24.06638987203844,28.828250249796508,-1.4480920272539572,-1.8799999999999994,0.0,0.0,13.88888888888889,13.88888888888889,16.666666666666668,41.23334204714743,44.44444444444444,0.20229825220892295,-2.220446049250313e-16,-0.8,-0.8,13.88888888888889,13.88888888888889
50,0.9,False,0,4.0,0.4458431609063126,0.0,True,13.928622949904685,22.41749367100088,28.39111569532677,-1.8160194802422585,-1.8900000000000028,0.0,0.0,13.88888888888889,13.88888888888889,16.666666666666668,41.48915424879144,44.99999999999999,-1.2443506804619149,-0.02000000000000024,-0.9,-0.9,13.88888888888889,13.88888888888889
50,1.0,False,0,4.0,0.6907465105963979,0.0,True,13.976313665788224,22.309381615303504,28.73376920866944,-1.8410642785247886,-1.7999999999999998,0.0,0.0,13.88888888888889,13.88888888888889,16.666666666666668,41.20455270476904,45.55555555555554,-1.7018323758880634,0.0,-1.0,-1.0,13.88888888888889,13.88888888888889
50,1.1,False,0,4.0,0.377935217591553,0.0,True,13.896205828495724,23.619235832188263,28.915342280566005,-1.5995993264159285,-1.8799999999999981,0.0,0.0,13.88888888888889,13.88888888888889,16.666666666666668,40.23783382380873,45.83333333333333,-0.2733170111564558,-0.0499999999999996,-1.1,-1.1,13.88888888888889,13.88888888888889
50,1.2000000000000002,False,0,4.0,0.5697071431018951,0.0,True,13.896205510783313,23.66341578788437,28.57426177394505,-0.353315222565487,-1.7999999999999998,0.0,0.0,13.88888888888889,13.88888888888889,16.666666666666668,41.634579613319694,46.11111111111111,-0.5575377035853122,-0.07999999999999963,-1.2000000000000002,-1.2000000000000002,13.88888888888889,13.88888888888889
50,1.3,False,0,4.0,0.3859740739556501,0.0,True,13.939294351180692,21.440480131308203,28.535955552871382,-1.125617677415096,-1.8899999999999997,0.0,0.0,13.88888888888889,13.88888888888889,16.666666666666668,39.57673938291505,46.388888888888886,1.3190627811139484,-0.09000000000000008,-1.3,-1.3,13.88888888888889,13.88888888888889
50,1.4000000000000001,False,0,4.0,0.5641742299559149,0.0,True,13.915668977260468,22.57522745494587,29.355169262435293,-1.4869722167849724,-1.8999999999999986,0.0,0.0,13.88888888888889,13.88888888888889,16.666666666666668,44.50283137145328,46.66666666666667,0.9377771536929096,-0.08000000000000007,-1.4000000000000001,-1.4000000000000001,13.88888888888889,13.88888888888889
50,1.5,False,0,4.0,0.6194182586721535,0.0,True,14.027930919716196,20.203386316852924,28.73615594639322,-1.688611059187917,-1.7999999999999998,0.0,0.0,13.88888888888889,13.88888888888889,16.666666666666668,43.9636889887873,46.94444444444444,1.696500187255595,-0.04999999999999982,-1.5,-1.5,13.88888888888889,13.88888888888889
50,1.6,False,0,4.0,0.5604007038833106,0.0,True,13.950302401946459,23.259281636577622,28.66477610478388,-0.7952470688660003,-1.879999999999999,0.0,0.0,13.88888888888889,13.88888888888889,16.666666666666668,46.30557076057333,46.94444444444444,0.3049995812102595,-0.1599999999999997,-1.6,-1.6,13.88888888888889,13.88888888888889
50,1.7000000000000002,False,0,4.0,0.4781201467687754,0.0,True,13.906237426174943,23.902905477957898,29.05659636834137,-0.852789557726273,-1.8300000000000005,0.0,0.0,13.88888888888889,13.88888888888889,16.666666666666668,49.279964016190156,47.22222222222222,0.5707623251369598,-0.09999999999999964,-1.7000000000000002,-1.7000000000000002,13.88888888888889,13.88888888888889
51,0.0,False,0,4.0,1.0,1.0,True,14.201666666666668,-2.676510387099415,-3.264555555556387,-0.568052384248666,1.6,0.0,0.0,13.88888888888889,13.88888888888889,,,,,,,,,
51,0.1,False,0,4.0,0.5320497000158358,0.0,True,13.88943266038612,22.549890857375242,28.23667242658625,0.3314323811093338,0.24000000000000332,-0.1,-0.1,13.88888888888889,13.88888888888889,13.698416875865043,28.94497962518143,28.681883967608893,-0.17429566157694154,-0.00999999999999579,-0.1,-0.1,13.88888888888889,13.88888888888889
51,0.2,False,0,4.0,0.5012520932466905,0.0,True,13.889213135918716,24.06721705196959,28.693428313090475,-1.2386840116503546,-1.839999999999995,-0.2,-0.2,13.88888888888889,13.88888888888889,15.167510226774725,28.579151157957835,31.793168027599204,-1.596639228636115,-0.019999999999997353,-0.2,-0.2,13.88888888888889,13.88888888888889
51,0.30000000000000004,False,0,4.0,0.41397590419876,0.0,True,13.93160233073452,23.663933203824097,28.312145666140548,-1.3446234292091375,-1.8899999999999975,0.0,0.0,13.88888888888889,13.88888888888889,16.40098555008536,35.93238395034386,36.04913353643782,1.8885569750041569,-0.020000000000001572,-0.30000000000000004,-0.30000000000000004,13.88888888888889,13.88888888888889
51,0.4,False,0,4.0,0.744212623255502,0.0,True,13.921841079333982,23.0747916706061,28.983879642741595,-1.8655124241701553,-1.880000000000006,0.0,0.0,13.88888888888889,13.88888888888889,16.666666666666668,41.82271438791551,39.88888888888896,-1.4560769400743951,-6.661338147750939e-16,-0.4,-0.4,13.88888888888889,13.88888888888889
51,0.5,False,0,4.0,0.36324106931843697,0.0,True,13.891164395219908,24.04883570903551,28.451157318826358,-0.3088519573358681,-1.85,0.0,0.0,13.88888888888889,13.88888888888889,16.666666666666668,39.69273734258174,42.11111111111116,-0.6746880264978408,0.0,-0.5,-0.5,13.88888888888889,13.88888888888889
51,0.6000000000000001,False,0,4.0,0.5081267153276869,0.0,True,13.89148978182063,24.45185482503369,28.58186290345547,-1.1056202499143322,-1.8599999999999959,0.0,0.0,13.88888888888889,13.88888888888889,16.666666666666668,44.79484982567924,43.50000000000002,-0.86116779735945,-0.019999999999999574,-0.6000000000000001,-0.6000000000000001,13.88888888888889,13.88888888888889
51,0.7000000000000001,False,0,4.0,0.5236147508157449,0.0,True,13.91132895983435,21.67345240644961,29.154823449695538,-1.0513425689239833,-1.899999999999999,0.0,0.0,13.88888888888889,13.88888888888889,16.666666666666668,43.781021193056695,44.61111111111111,-0.38674726137717874,-0.009999999999999343,-0.7000000000000001,-0.7000000000000001,13.88888888888889,13.88888888888889
51,0.8,False,0,4.0,0.5465573630702935,0.0,True,13.907825108884005,21.605296600579646,28.370942108553418,-1.0335807478544865,-1.8799999999999994,0.0,0.0,13.88888888888889,13.88888888888889,16.666666666666668,46.789370892356175,45.44444444444444,0.1751277114969989,-2.220446049250313e-16,-0.8,-0.8,13.88888888888889,13.88888888888889
51,0.9,False,0,4.0,0.6298809343910222,0.0,True,13.926197289309055,23.813494020523148,28.338261182689916,-1.344468297304613,-1.8900000000000028,0.0,0.0,13.88888888888889,13.88888888888889,16.666666666666668,47.06219005159266,45.99999999999999,-1.1729165972908946,-0.02000000000000024,-0.9,-0.9,13.88888888888889,13.88888888888889
51,1.0,False,0,4.0,0.5351259274744633,0.0,True,13.913109803989252,22.64465199868378,29.414589564369617,-1.6036406613551029,-1.7999999999999998,0.0,0.0,13.88888888888889,13.88888888888889,16.666666666666668,47.93058411305795,46.55555555555554,-1.6715917660489366,0.0,-1.0,-1.0,13.88888888888889,13.88888888888889
51,1.1,False,0,4.0,0.5700701859076531,0.0,True,13.909053037266224,22.2624819728975,27.649131659985937,-1.256070250642075,-1.8799999999999981,0.0,0.0,13.88888888888889,13.88888888888889,16.666666666666668,41.185828947336034,46.83333333333333,-0.8453561030531576,-0.0499999999999996,-1.1,-1.1,13.88888888888889,13.88888888888889
51,1.2000000000000002,False,0,4.0,0.7702624759128526,0.0,True,13.89305737226993,21.821124765601848,27.70265005950689,-1.8742390289285735,-1.7999999999999998,0.0,0.0,13.88888888888889,13.88888888888889,16.666666666666668,42.11660428014098,47.11111111111111,1.2337767985072245,-0.07999999999999963,-1.2000000000000002,-1.2000000000000002,13.88888888888889,13.88888888888889
51,1.3,False,0,4.0,0.5005036270332556,0.0,True,13.913466686241982,21.951422046841184,29.13042915073903,-0.7788311348946098,-1.8899999999999997,0.0,0.0,13.88888888888889,13.88888888888889,16.666666666666668,45.64705313783438,47.388888888888886,-0.2987224161068254,-0.09000000000000008,-1.3,-1.3,13.88888888888889,13.88888888888889
51,1.4000000000000001,False,0,4.0,0.5100517854336644,0.0,True,13.925466125810146,23.566883421576232,28.042816653165072,-1.1890150953108778,-1.8999999999999986,0.0,0.0,13.88888888888889,13.88888888888889,16.666666666666668,45.10029828860935,47.66666666666667,-0.30554063388200214,-0.08000000000000007,-1.4000000000000001,-1.4000000000000001,13.88888888888889,13.88888888888889
51,1.5,False,0,4.0,0.5076898028969428,0.0,True,13.943205688115727,22.973971983666853,28.496401369043905,-0.32804282820383346,-1.7999999999999998,0.0,0.0,13.88888888888889,13.88888888888889,16.666666666666668,45.0742195465277,47.94444444444444,-0.4381986109257303,-0.04999999999999982,-1.5,-1.5,13.88888888888889,13.88888888888889
51,1.6,False,0,4.0,0.5081254285444737,0.0,True,13.89962265700394,23.319762080325557,28.88742518452663,-1.8926417926012644,-1.879999999999999,0.0,0.0,13.88888888888889,13.88888888888889,16.666666666666668,45.98818891979447,47.94444444444444,1.9372322001889795,-0.1599999999999997,-1.6,-1.6,13.88888888888889,13.88888888888889
51,1.7000000000000002,False,0,4.0,0.5335927859967585,0.0,True,13.913953809140715,22.081842546592423,28.835570512272977,-1.8749902991906924,-1.8300000000000005,0.0,0.0,13.88888888888889,13.88888888888889,16.666666666666668,45.968029337214894,48.22222222222222,0.08680621386725451,-0.09999999999999964,-1.7000000000000002,-1.7000000000000002,13.88888888888889,13.88888888888889
52,0.0,False,0,4.0,1.0,0.0,True,16.666666666666668,-0.3824981878673155,-4.211111111109903,1.44709923947054,1.6,0.0,0.0,13.88888888888889,13.88888888888889,,,,,,,,,
52,0.1,False,0,4.0,0.6229519471232847,0.0,True,13.89952473248314,20.316371376296427,29.07134371336961,-0.18646941630184477,0.380000000000003,-0.1,-0.1,13.88888888888889,13.88888888888889,13.72124530211765,28.885698143981084,29.72515370177673,-0.32000300278939986,-0.00999999999999579,-0.1,-0.1,13.88888888888889,13.88888888888889
52,0.2,False,0,4.0,0.5485430428114032,0.0,True,14.000888465309338,21.944628577808185,28.850488384642926,0.6936631779172546,-0.9199999999999942,-0.2,-0.2,13.88888888888889,13.88888888888889,15.113244532255134,32.45550890254761,31.65420868176751,-0.5124514901735389,-0.019999999999997353,-0.2,-0.2,13.88888888888889,13.88888888888889
52,0.30000000000000004,False,0,4.0,0.48120747069747444,0.0,True,13.905890806071904,20.558017470208323,29.146637682499726,-1.6620010260080758,-1.8899999999999975,0.0,0.0,13.88888888888889,13.88888888888889,16.540166666666668,33.05821304138831,37.012650000000036,0.22661857456908896,-0.020000000000001572,-0.30000000000000004,-0.30000000000000004,13.88888888888889,13.88888888888889
52,0.4,False,0,4.0,0.6300666962207438,0.0,True,13.891320691987694,22.865557596211158,28.844664943440943,-0.8683314908778093,-1.880000000000006,0.0,0.0,13.88888888888889,13.88888888888889,16.666666666666668,37.30001878226349,40.88888888888896,0.5846288536533923,-6.661338147750939e-16,-0.4,-0.4,13.88888888888889,13.88888888888889
52,0.5,False,0,4.0,0.4319541662298848,0.0,True,13.897090243403339,24.476543464059983,28.781704074068625,-1.0884652988284862,-1.85,0.0,0.0,13.88888888888889,13.88888888888889,16.666666666666668,43.3182027615499,43.11111111111116,-0.6006545759775754,0.0,-0.5,-0.5,13.88888888888889,13.88888888888889
52,0.6000000000000001,False,0,4.0,0.7308988490987913,0.0,True,13.922321189032088,23.228498323182247,28.657213477641573,-0.5924548730595431,-1.8599999999999959,0.0,0.0,13.88888888888889,13.88888888888889,16.666666666666668,41.269014878256336,44.50000000000002,-0.04599777990597964,-0.019999999999999574,-0.6000000000000001,-0.6000000000000001,13.88888888888889,13.88888888888889
52,0.7000000000000001,False,0,4.0,0.5292988994291813,0.0,True,13.896164154804351,24.347621325685292,28.66154300152341,-1.2548928137398163,-1.899999999999999,0.0,0.0,13.88888888888889,13.88888888888889,16.666666666666668,44.18147999911434,45.61111111111111,0.9195351444117308,-0.009999999999999343,-0.7000000000000001,-0.7000000000000001,13.88888888888889,13.88888888888889
52,0.8,False,0,4.0,0.4938678794614628,0.0,True,13.929431006426325,23.574414515487472,28.38836181754048,-1.4668714186001635,-1.8799999999999994,0.0,0.0,13.88888888888889,13.88888888888889,16.666666666666668,43.266707057866626,46.44444444444444,-0.5832208838455375,-2.220446049250313e-16,-0.8,-0.8,13.88888888888889,13.88888888888889
52,0.9,False,0,4.0,0.7634797037676181,0.0,True,13.955064894051214,23.331803308339783,28.537210887899004,-1.464600909088373,-1.8900000000000028,0.0,0.0,13.88888888888889,13.88888888888889,16.666666666666668,47.24502344049248,46.99999999999999,-1.4443337017460622,-0.02000000000000024,-0.9,-0.9,13.88888888888889,13.88888888888889
52,1.0,False,0,4.0,0.5338486952210258,0.0,True,14.063187084051666,20.023479626641926,28.107233019754243,-0.8404141434240766,-1.7999999999999998,0.0,0.0,13.88888888888889,13.88888888888889,16.666666666666668,44.913009219192034,47.55555555555554,-0.09305896121627466,0.0,-1.0,-1.0,13.88888888888889,13.88888888888889
52,1.1,False,0,4.0,0.5957488521305576,0.0,True,13.897584462040877,24.49595935475075,28.4583810788891,-0.6332673512641716,-1.8799999999999981,0.0,0.0,13.88888888888889,13.88888888888889,16.666666666666668,47.08105371478682,47.83333333333333,0.7285663919645473,-0.0499999999999996,-1.1,-1.1,13.88888888888889,13.88888888888889
52,1.2000000000000002,False,0,4.0,0.4769242135321,0.0,True,13.912995226977385,22.678795618736455,28.78057737452856,-0.767963061314453,-1.7999999999999998,0.0,0.0,13.88888888888889,13.88888888888889,16.666666666666668,43.78305570244557,48.11111111111111,0.8902059360162728,-0.07999999999999963,-1.2000000000000002,-1.2000000000000002,13.88888888888889,13.88888888888889
52,1.3,False,0,4.0,0.6372966132066934,0.0,True,13.964396208815264,18.617438705731796,27.967359133261834,-1.8479167569792188,-1.8899999999999997,0.0,0.0,13.88888888888889,13.88888888888889,16.666666666666668,45.39297328796066,48.388888888888886,-0.9653604693831439,-0.09000000000000008,-1.3,-1.3,13.88888888888889,13.88888888888889
52,1.4000000000000001,False,0,4.0,0.752953729169461,0.0,True,13.991638168537323,21.545871187426865,28.819714362567975,-0.7540436394410983,-1.8999999999999986,0.0,0.0,13.88888888888889,13.88888888888889,16.666666666666668,47.748264609758266,48.66666666666667,0.6927392253748623,-0.08000000000000007,-1.4000000000000001,-1.4000000000000001,13.88888888888889,13.88888888888889
52,1.5,False,0,4.0,0.417100089589859,0.0,True,13.89227651918573,24.008442236684697,28.5817431538842,-1.5340165893388145,-1.7999999999999998,0.0,0.0,13.88888888888889,13.88888888888889,16.666666666666668,44.07535471830262,48.94444444444444,-1.5318268168929097,-0.04999999999999982,-1.5,-1.5,13.88888888888889,13.88888888888889
52,1.6,False,0,4.0,0.5459128601110352,0.0,True,13.987283355707318,22.560436032579144,28.501838481856037,-1.5596778198373555,-1.879999999999999,0.0,0.0,13.88888888888889,13.88888888888889,16.666666666666668,48.226972514267814,48.94444444444444,0.420807680395177,-0.1599999999999997,-1.6,-1.6,13.88888888888889,13.88888888888889
52,1.7000000000000002,False,0,4.0,0.6770149487196544,0.0,True,13.911809957066705,23.176332145880092,28.899992057373748,-0.8495070215549743,-1.8300000000000005,0.0,0.0,13.88888888888889,13.88888888888889,16.666666666666668,41.75941717819698,49.22222222222222,-0.9522457080013389,-0.09999999999999964,-1.7000000000000002,-1.7000000000000002,13.88888888888889,13.88888888888889
53,0.0,False,0,4.0,1.0,1.0,True,15.401666666666667,-2.8000507935284302,-4.253383333333647,1.4945651294520306,1.6,0.0,0.0,13.88888888888889,13.88888888888889,,,,,,,,,
53,0.1,False,0,4.0,0.7841795122853209,0.0,True,13.935650059901343,23.70382419233253,29.315672727019187,0.9336078169864828,0.21000000000000352,-0.1,-0.1,13.88888888888889,13.88888888888889,13.830461876630412,24.699869535120097,29.36600957291112,0.4016402075751131,-0.00999999999999579,-0.1,-0.1,13.88888888888889,13.88888888888889
53,0.2,False,0,4.0,0.46589989878083476,0.0,True,13.907301538438292,21.817177045706085,28.88486006747949,-1.6627237843815765,-1.3999999999999924,-0.2,-0.2,13.88888888888889,13.88888888888889,15.39404231153467,29.70105822314481,32.160364819929825,1.4714453450968512,-0.019999999999997353,-0.2,-0.2,13.88888888888889,13.88888888888889
53,0.30000000000000004,False,0,4.0,0.5660158970250978,0.0,True,13.927677216522007,21.887646094429908,29.268374226366756,-1.353611118481731,-1.8899999999999975,0.0,0.0,13.88888888888889,13.88888888888889,16.666666666666668,38.182802768358954,38.00000000000003,-1.495458447993591,-0.020000000000001572,-0.30000000000000004,-0.30000000000000004,13.88888888888889,13.88888888888889
53,0.4,False,0,4.0,0.5345756421603322,0.0,True,13.909569955051202,22.516829990154303,29.04301038405772,-1.54422948328045,-1.880000000000006,0.0,0.0,13.88888888888889,13.88888888888889,16.666666666666668,39.62004077420923,41.88888888888896,-0.600722050922214,-6.661338147750939e-16,-0.4,-0.4,13.88888888888889,13.88888888888889
53,0.5,False,0,4.0,0.5015373156431874,0.0,True,13.916173542035645,24.026053928174132,28.47821162296533,-1.508414830122447,-1.85,0.0,0.0,13.88888888888889,13.88888888888889,16.666666666666668,43.593605793874886,44.11111111111116,-1.74418667167875,0.0,-0.5,-0.5,13.88888888888889,13.88888888888889
53,0.6000000000000001,False,0,4.0,0.6328857424756071,0.0,True,13.923660870149202,20.389231685150474,28.909713963062114,-1.5048467229994953,-1.8599999999999959,0.0,0.0,13.88888888888889,13.88888888888889,16.666666666666668,43.19799199862894,45.50000000000002,-0.2993851421667242,-0.019999999999999574,-0.6000000000000001,-0.6000000000000001,13.88888888888889,13.88888888888889
53,0.7000000000000001,False,0,4.0,0.4435009991019779,0.0,True,13.930392762765162,23.40219353659897,29.379648296161445,-1.2802518694613272,-1.899999999999999,0.0,0.0,13.88888888888889,13.88888888888889,16.666666666666668,45.2252691743008,46.61111111111111,1.3432943333028704,-0.009999999999999343,-0.7000000000000001,-0.7000000000000001,13.88888888888889,13.88888888888889
53,0.8,False,0,4.0,0.5934444024557108,0.0,True,13.961401615135753,22.46647984112435,28.594053743746297,-0.9641378112645723,-1.8799999999999994,0.0,0.0,13.88888888888889,13.88888888888889,16.666666666666668,46.27002325191239,47.44444444444444,-0.5802799955929046,-2.220446049250313e-16,-0.8,-0.8,13.88888888888889,13.88888888888889
53,0.9,False,0,4.0,0.5775188977952838,0.0,True,13.987094637353007,21.74787991534866,28.09926890175448,-1.30708178439688,-1.8900000000000028,0.0,0.0,13.88888888888889,13.88888888888889,16.666666666666668,45.84981855606279,47.99999999999999,0.7558269315600072,-0.02000000000000024,-0.9,-0.9,13.88888888888889,13.88888888888889
53,1.0,False,0,4.0,0.479074369536976,0.0,True,13.925190453913789,22.13828141464644,28.367794365915085,-1.0604288262084918,-1.7999999999999998,0.0,0.0,13.88888888888889,13.88888888888889,16.666666666666668,45.2816823817855,48.55555555555554,0.5531126497450458,0.0,-1.0,-1.0,13.88888888888889,13.88888888888889
53,1.1,False,0,4.0,0.4357943589752158,0.0,True,13.903984562207908,21.708809787187942,28.487407325121534,-0.08633937243125445,-1.8799999999999981,0.0,0.0,13.88888888888889,13.88888888888889,16.666666666666668,49.35581278244342,48.83333333333333,-0.36632439945939743,-0.0499999999999996,-1.1,-1.1,13.88888888888889,13.88888888888889
53,1.2000000000000002,False,0,4.0,0.46432288562680796,0.0,True,13.939742943095297,22.352634518627678,28.541831323528253,-0.05874614944751966,-1.7999999999999998,0.0,0.0,13.88888888888889,13.88888888888889,16.666666666666668,45.917048857094265,49.11111111111111,0.1835732943990216,-0.07999999999999963,-1.2000000000000002,-1.2000000000000002,13.88888888888889,13.88888888888889
53,1.3,False,0,4.0,0.6187708192483549,0.0,True,13.915419600906402,22.325965594284764,28.82252603756204,-1.8847976968572966,-1.8899999999999997,0.0,0.0,13.88888888888889,13.88888888888889,16.666666666666668,47.6922738137705,49.388888888888886,-1.21571238898578,-0.09000000000000008,-1.3,-1.3,13.88888888888889,13.88888888888889
53,1.4000000000000001,False,0,4.0,0.5835857866540136,0.0,True,13.927758425975725,22.90847501116509,28.811264150732153,-1.5541462946751918,-1.8999999999999986,0.0,0.0,13.88888888888889,13.88888888888889,16.666666666666668,46.20518773761553,49.66666666666667,1.6519349118923148,-0.08000000000000007,-1.4000000000000001,-1.4000000000000001,13.88888888888889,13.88888888888889
53,1.5,False,0,4.0,0.47125012541925715,0.0,True,13.9221152575098,23.51842694586919,28.35447592217336,-1.2320088109325988,-1.7999999999999998,0.0,0.0,13.88888888888889,13.88888888888889,16.666666666666668,47.80175000906634,49.94444444444444,0.21582450683534926,-0.04999999999999982,-1.5,-1.5,13.88888888888889,13.88888888888889
53,1.6,False,0,4.0,0.5844596577066788,0.0,True,13.905440496153478,24.11650586110441,29.04711270139178,-1.2056847967863331,-1.879999999999999,0.0,0.0,13.88888888888889,13.88888888888889,16.666666666666668,48.83785685064369,49.94444444444444,0.5957973274933264,-0.1599999999999997,-1.6,-1.6,13.88888888888889,13.88888888888889
53,1.7000000000000002,False,0,4.0,0.5821993306008794,0.0,True,13.896319329190852,23.36271404214649,29.229900774654208,-0.5165766777125926,-1.8300000000000005,0.0,0.0,13.88888888888889,13.88888888888889,16.666666666666668,48.65110897066453,50.22222222222222,-1.1801272792596331,-0.09999999999999964,-1.7000000000000002,-1.7000000000000002,13.88888888888889,13.88888888888889
54,0.0,False,0,4.0,1.0,0.0,True,16.666666666666668,-2.930924992979601,-4.266666666665219,-0.6800932307001237,1.6,0.0,0.0,13.88888888888889,13.88888888888889,,,,,,,,,
54,0.1,False,0,4.0,0.4840392963177517,0.0,True,13.901195842171035,24.081466980781993,28.873213966669407,1.8555279169756953,0.14000000000000368,-0.1,-0.1,13.88888888888889,13.88888888888889,13.850066680578495,26.351840490671076,28.91798880879197,1.328748665178924,-0.00999999999999579,-0.1,-0.1,13.88888888888889,13.88888888888889
54,0.2,False,0,4.0,0.43818506603506474,0.0,True,13.92218222117213,23.783125528189668,28.555306062165084,-0.513513740292493,-1.4199999999999924,-0.2,-0.2,13.88888888888889,13.88888888888889,15.523654267594939,32.59089748532928,32.852454409719385,-0.0006811236483124095,-0.019999999999997353,-0.2,-0.2,13.88888888888889,13.88888888888889
54,0.30000000000000004,False,0,4.0,0.47996831001888707,0.0,True,13.947759974214675,23.102310037548374,29.13345523126709,-0.12720297748061937,-1.8899999999999975,0.0,0.0,13.88888888888889,13.88888888888889,16.666666666666668,35.34502783252938,39.00000000000003,1.5767587063145307,-0.020000000000001572,-0.30000000000000004,-0.30000000000000004,13.88888888888889,13.88888888888889
54,0.4,False,0,4.0,0.5306214980836973,0.0,True,13.979343612516686,22.60664951290975,29.145440122621363,-1.5601770353434332,-1.880000000000006,0.0,0.0,13.88888888888889,13.88888888888889,16.666666666666668,40.457532395746895,42.88888888888896,0.20676521793192792,-6.661338147750939e-16,-0.4,-0.4,13.88888888888889,13.88888888888889
54,0.5,False,0,4.0,0.4049376458519263,0.0,True,13.912493459061112,21.908833731393525,28.206572561288493,-1.4268721715244732,-1.85,0.0,0.0,13.88888888888889,13.88888888888889,16.666666666666668,43.939037328997756,45.11111111111116,-0.030224545507499423,0.0,-0.5,-0.5,13.88888888888889,13.88888888888889
54,0.6000000000000001,False,0,4.0,0.4288827188332458,0.0,True,13.892474939606975,22.5005296973177,28.18742939931583,-1.611592097979813,-1.8599999999999959,0.0,0.0,13.88888888888889,13.88888888888889,16.666666666666668,47.54100559975257,46.50000000000002,-0.9606439966771908,-0.019999999999999574,-0.6000000000000001,-0.6000000000000001,13.88888888888889,13.88888888888889
54,0.7000000000000001,False,0,4.0,0.4627238460966841,0.0,True,14.00630470243412,21.786609463978333,28.89919791830702,-1.8086117103251715,-1.899999999999999,0.0,0.0,13.88888888888889,13.88888888888889,16.666666666666668,45.977625242561736,47.61111111111111,-0.5654783526627347,-0.009999999999999343,-0.7000000000000001,-0.7000000000000001,13.88888888888889,13.88888888888889
54,0.8,False,0,4.0,0.5576534312843441,0.0,True,13.907850096161033,22.06941738705775,28.600249442086703,-1.78564899621242,-1.8799999999999994,0.0,0.0,13.88888888888889,13.88888888888889,16.666666666666668,47.337701585883266,48.44444444444444,-1.0149960513517828,-2.220446049250313e-16,-0.8,-0.8,13.88888888888889,13.88888888888889
54,0.9,False,0,4.0,0.5911709421304453,0.0,True,13.892655747433492,23.148619947788983,29.059218963555463,-0.3883216996540777,-1.8900000000000028,0.0,0.0,13.88888888888889,13.88888888888889,16.666666666666668,45.37807845843762,48.99999999999999,0.7694267930849983,-0.02000000000000024,-0.9,-0.9,13.88888888888889,13.88888888888889
54,1.0,False,0,4.0,0.5308620035049106,0.0,True,13.948539594685958,21.513666089460468,29.030478702740265,-0.4607814357378801,-1.7999999999999998,0.0,0.0,13.88888888888889,13.88888888888889,16.666666666666668,50.998184178535396,49.55555555555554,-1.264435092706898,0.0,-1.0,-1.0,13.88888888888889,13.88888888888889
54,1.1,False,0,4.0,0.5386494705174412,0.0,True,13.896985581610455,24.127284283771086,28.868078498832812,-0.2437730317015232,-1.8799999999999981,0.0,0.0,13.88888888888889,13.88888888888889,16.666666666666668,47.660930383094794,49.83333333333333,1.1702717711526005,-0.0499999999999996,-1.1,-1.1,13.88888888888889,13.88888888888889
54,1.2000000000000002,False,0,4.0,0.6401473381919003,0.0,True,14.03503742203504,20.72957797635659,28.875948099792065,-1.7081419650773817,-1.7999999999999998,0.0,0.0,13.88888888888889,13.88888888888889,16.666666666666668,49.86307319055732,50.11111111111111,-0.9620037097823821,-0.07999999999999963,-1.2000000000000002,-1.2000000000000002,13.88888888888889,13.88888888888889
54,1.3,False,0,4.0,0.39191579733444387,0.0,True,13.93099842805977,23.04070458187577,28.850611393335765,-1.702300741502385,-1.8899999999999997,0.0,0.0,13.88888888888889,13.88888888888889,16.666666666666668,47.45116143379133,50.388888888888886,0.7989665338910599,-0.09000000000000008,-1.3,-1.3,13.88888888888889,13.88888888888889
54,1.4000000000000001,False,0,4.0,0.4903335454973283,0.0,True,13.931906977984891,23.528602348421156,28.17435988913145,-1.2580377694109557,-1.8999999999999986,0.0,0.0,13.88888888888889,13.88888888888889,16.666666666666668,48.456417898988406,50.66666666666667,-1.577794256180013,-0.08000000000000007,-1.4000000000000001,-1.4000000000000001,13.88888888888889,13.88888888888889
54,1.5,False,0,4.0,0.5540807147498935,0.0,True,13.893535375357907,23.818473802965865,28.85882230760434,-1.813554145146684,-1.7999999999999998,0.0,0.0,13.88888888888889,13.88888888888889,16.666666666666668,49.666433393803956,50.94444444444444,1.4194615877278278,-0.04999999999999982,-1.5,-1.5,13.88888888888889,13.88888888888889
54,1.6,False,0,4.0,0.6006363689808683,0.0,True,13.916300097753942,22.283279805140875,28.886884682970457,-1.7973600926407096,-1.879999999999999,0.0,0.0,13.88888888888889,13.88888888888889,16.666666666666668,49.593971141388636,50.94444444444444,-1.3717227641228347,-0.1599999999999997,-1.6,-1.6,13.88888888888889,13.88888888888889
54,1.7000000000000002,False,0,4.0,0.6743549526244556,0.0,True,13.89593181762568,22.938019112071014,28.166934385501076,-1.4378638272953137,-1.8300000000000005,0.0,0.0,13.88888888888889,13.88888888888889,16.666666666666668,50.836268029239925,51.22222222222222,-1.1270198512882494,-0.09999999999999964,-1.7000000000000002,-1.7000000000000002,13.88888888888889,13.88888888888889
55,0.0,False,0,4.0,1.0,1.0,True,16.666666666666668,-3.723498319712678,-4.166666666668266,0.6858634963048704,1.6,0.0,0.0,13.88888888888889,13.88888888888889,,,,,,,,,
55,0.1,False,0,4.0,0.5763379102550231,0.0,True,13.985627441078785,21.35864582990133,28.940153536742127,1.5790984925674616,0.2200000000000033,-0.1,-0.1,13.88888888888889,13.88888888888889,13.762189113624176,25.800003585262754,29.089584727982082,-0.5834091110224349,-0.00999999999999579,-0.1,-0.1,13.88888888888889,13.88888888888889
55,0.2,False,0,4.0,0.7207341766742553,0.0,True,13.905058879780443,23.911187643096536,28.050007104601615,0.39583695001761443,-1.479999999999992,-0.2,-0.2,13.88888888888889,13.88888888888889,15.538434209836376,29.74564976257268,33.52970321975714,-0.46459679514428087,-0.019999999999997353,-0.2,-0.2,13.88888888888889,13.88888888888889
55,0.30000000000000004,False,0,4.0,0.49420346559003825,0.0,True,13.90869018595183,23.325289963488654,28.350239878441226,-1.1287189441217425,-1.8899999999999975,0.0,0.0,13.88888888888889,13.88888888888889,16.666666666666668,37.569350276627375,40.00000000000003,0.8439513971316419,-0.020000000000001572,-0.30000000000000004,-0.30000000000000004,13.88888888888889,13.88888888888889
55,0.4,False,0,4.0,0.41995866186787456,0.0,True,13.945265490871732,23.350727811124965,28.455299358857257,-1.3022911350914779,-1.880000000000006,0.0,0.0,13.88888888888889,13.88888888888889,16.666666666666668,37.99227850446893,43.88888888888896,0.5121117734300076,-6.661338147750939e-16,-0.4,-0.4,13.88888888888889,13.88888888888889
55,0.5,False,0,4.0,0.40732708695018804,0.0,True,13.946727801429578,21.72032443718889,28.366270620374802,-1.720600587086304,-1.85,0.0,0.0,13.88888888888889,13.88888888888889,16.666666666666668,45.73291716110231,46.11111111111116,-0.25033434746299865,0.0,-0.5,-0.5,13.88888888888889,13.88888888888889
55,0.6000000000000001,False,0,4.0,0.42737967287654116,0.0,True,13.945919814259085,22.329101328807933,28.212707929052254,-1.6570485913877664,-1.8599999999999959,0.0,0.0,13.88888888888889,13.88888888888889,16.666666666666668,48.11363077073113,47.50000000000002,0.9683703740531406,-0.019999999999999574,-0.6000000000000001,-0.6000000000000001,13.88888888888889,13.88888888888889
55,0.7000000000000001,False,0,4.0,0.5183032613543663,0.0,True,13.962704650659292,22.969866210351665,29.123291611388066,-1.8144691715905437,-1.899999999999999,0.0,0.0,13.88888888888889,13.88888888888889,16.666666666666668,43.92059103871191,48.61111111111111,-1.5488729313066032,-0.009999999999999343,-0.7000000000000001,-0.7000000000000001,13.88888888888889,13.88888888888889
55,0.8,False,0,4.0,0.7220801667461163,0.0,True,14.015014813174933,20.459143701693858,28.526050594171817,-0.49000504828879055,-1.8799999999999994,0.0,0.0,13.88888888888889,13.88888888888889,16.666666666666668,45.85713173519777,49.44444444444444,0.510170080122053,-2.220446049250313e-16,-0.8,-0.8,13.88888888888889,13.88888888888889
55,0.9,False,0,4.0,0.5633530205534629,0.0,True,13.925290960322148,22.898397627757884,28.932829806150078,-1.883986942478395,-1.8900000000000028,0.0,0.0,13.88888888888889,13.88888888888889,16.666666666666668,50.04709721605057,49.99999999999999,-1.78028260318357,-0.02000000000000024,-0.9,-0.9,13.88888888888889,13.88888888888889
55,1.0,False,0,4.0,0.5348620560912069,0.0,True,13.988835766323003,21.543350645582034,28.73303015187336,-1.8667900881015982,-1.7999999999999998,0.0,0.0,13.88888888888889,13.88888888888889,16.666666666666668,49.71182354478685,50.55555555555554,-0.08199637274953897,0.0,-1.0,-1.0,13.88888888888889,13.88888888888889
55,1.1,False,0,4.0,0.5050039192430191,0.0,True,13.905566719579173,23.699645849855425,28.651386113069275,-0.23704797522872356,-1.8799999999999981,0.0,0.0,13.88888888888889,13.88888888888889,16.666666666666668,47.775279466612275,50.83333333333333,1.201183573139868,-0.0499999999999996,-1.1,-1.1,13.88888888888889,13.88888888888889
55,1.2000000000000002,False,0,4.0,0.7271227949555682,0.0,True,13.907558674568374,24.358474037262976,28.64509799382058,-1.6216920903546161,-1.7999999999999998,0.0,0.0,13.88888888888889,13.88888888888889,16.666666666666668,50.14174125808453,51.11111111111111,0.391804443258565,-0.07999999999999963,-1.2000000000000002,-1.2000000000000002,13.88888888888889,13.88888888888889
55,1.3,False,0,4.0,0.7039153325852627,0.0,True,13.921531991004825,23.293822620491863,28.748498820659062,-1.5414737454619791,-1.8899999999999997,0.0,0.0,13.88888888888889,13.88888888888889,16.666666666666668,51.373571316967045,51.388888888888886,0.3102915162604045,-0.09000000000000008,-1.3,-1.3,13.88888888888889,13.88888888888889
55,1.4000000000000001,False,0,4.0,0.5708977450645559,0.0,True,14.002302804446629,22.04336870477577,28.90230866179466,-1.436990914307257,-1.8999999999999986,0.0,0.0,13.88888888888889,13.88888888888889,16.666666666666668,50.68243512532716,51.66666666666667,-0.7442232588830913,-0.08000000000000007,-1.4000000000000001,-1.4000000000000001,13.88888888888889,13.88888888888889
55,1.5,False,0,4.0,0.5887416194206888,0.0,True,13.992531468340795,22.354203323153353,28.866206281518952,-1.463106739446188,-1.7999999999999998,0.0,0.0,13.88888888888889,13.88888888888889,16.666666666666668,48.24749500688716,51.94444444444444,0.5146423549500656,-0.04999999999999982,-1.5,-1.5,13.88888888888889,13.88888888888889
55,1.6,False,0,4.0,0.5260201818251644,0.0,True,13.922866205040918,22.520830083142823,29.07519071500145,-1.4199174618661734,-1.879999999999999,0.0,0.0,13.88888888888889,13.88888888888889,16.666666666666668,51.6677348783071,51.94444444444444,0.3121238422274728,-0.1599999999999997,-1.6,-1.6,13.88888888888889,13.88888888888889
55,1.7000000000000002,False,0,4.0,0.5309660439263013,0.0,True,13.942316578918112,22.037038750438608,28.722775074590327,-0.9654463336326906,-1.8300000000000005,0.0,0.0,13.88888888888889,13.88888888888889,16.666666666666668,48.34948992581433,52.22222222222222,0.10665172518832566,-0.09999999999999964,-1.7000000000000002,-1.7000000000000002,13.88888888888889,13.88888888888889
56,0.0,False,0,4.0,1.0,1.0,True,16.666666666666668,-2.684980658844654,-4.277777777779522,1.7651888915424419,1.6,0.0,0.0,13.88888888888889,13.88888888888889,,,,,,,,,
56,0.1,False,0,4.0,0.551805307589854,0.0,True,13.894803808956041,22.933397734968093,28.994030732387397,1.1982430431059368,0.010000000000004228,-0.1,-0.1,13.88888888888889,13.88888888888889,13.821439851801411,23.00598327118929,29.007520539804897,0.8188268465703898,-0.00999999999999579,-0.1,-0.1,13.88888888888889,13.88888888888889
56,0.2,False,0,4.0,0.5161198964772761,0.0,True,13.889642270138692,24.71056281459097,29.06664442704273,-0.14099176669898528,-1.499999999999992,-0.2,-0.2,13.88888888888889,13.88888888888889,15.944880680127023,27.460250265706616,33.88878653111898,-1.8131967193178733,-0.019999999999997353,-0.2,-0.2,13.88888888888889,13.88888888888889
56,0.30000000000000004,False,0,4.0,0.4910237431500412,0.0,True,13.939693496127177,21.760828878213413,29.07566334639493,-0.18016412375928548,-1.8899999999999975,0.0,0.0,13.88888888888889,13.88888888888889,16.666666666666668,40.549827453106616,41.00000000000003,-0.6346749619383887,-0.020000000000001572,-0.30000000000000004,-0.30000000000000004,13.88888888888889,13.88888888888889
56,0.4,False,0,4.0,0.5257403394506196,0.0,True,13.904746321718239,23.22806187246921,28.337181575890877,-0.7338522048416023,-1.880000000000006,0.0,0.0,13.88888888888889,13.88888888888889,16.666666666666668,44.293619508680024,44.88888888888896,0.7370462829880657,-6.661338147750939e-16,-0.4,-0.4,13.88888888888889,13.88888888888889
56,0.5,False,0,4.0,0.39540014063094225,0.0,True,13.959242502454298,22.166877767100612,29.347371176049972,-0.5756333015544333,-1.85,0.0,0.0,13.88888888888889,13.88888888888889,16.666666666666668,46.193822566668416,47.11111111111116,0.6508962329257688,0.0,-0.5,-0.5,13.88888888888889,13.88888888888889
56,0.6000000000000001,False,0,4.0,0.7006038950486598,0.0,True,13.950137398430755,22.767255583912014,28.3951909298441,-0.8032490074828831,-1.8599999999999959,0.0,0.0,13.88888888888889,13.88888888888889,16.666666666666668,47.871879948167965,48.50000000000002,-0.47436751477992534,-0.019999999999999574,-0.6000000000000001,-0.6000000000000001,13.88888888888889,13.88888888888889
56,0.7000000000000001,False,0,4.0,0.42252653828604586,0.0,True,13.912527061576247,21.9891607669371,28.74469044895839,-1.2189822107842159,-1.899999999999999,0.0,0.0,13.88888888888889,13.88888888888889,16.666666666666668,47.68102521672818,49.61111111111111,-0.6805949014360151,-0.009999999999999343,-0.7000000000000001,-0.7000000000000001,13.88888888888889,13.88888888888889
56,0.8,False,0,4.0,0.4202245912148505,0.0,True,13.954226600794101,22.580772204894583,28.75536304618721,-0.785492860382627,-1.8799999999999994,0.0,0.0,13.88888888888889,13.88888888888889,16.666666666666668,48.05615580563584,50.44444444444444,-0.26463635780192374,-2.220446049250313e-16,-0.8,-0.8,13.88888888888889,13.88888888888889
56,0.9,False,0,4.0,0.4555172646469833,0.0,True,13.973851831278907,22.264805143317243,28.51310447077135,-0.7747220430363451,-1.8900000000000028,0.0,0.0,13.88888888888889,13.88888888888889,16.666666666666668,50.05899622404085,50.99999999999999,0.12483535257739087,-0.02000000000000024,-0.9,-0.9,13.88888888888889,13.88888888888889
56,1.0,False,0,4.0,0.5843105575584281,0.0,True,13.999095003970087,19.277620500663726,29.07989203481797,-0.7630431020575945,-1.7999999999999998,0.0,0.0,13.88888888888889,13.88888888888889,16.666666666666668,50.68194402129939,51.55555555555554,0.7829385809662539,0.0,-1.0,-1.0,13.88888888888889,13.88888888888889
56,1.1,False,0,4.0,0.5175653684483551,0.0,True,13.97363070339444,22.490069672556825,28.6262439188536,-1.6048823267980459,-1.8799999999999981,0.0,0.0,13.88888888888889,13.88888888888889,16.666666666666668,50.50329177067883,51.83333333333333,0.2795662832121737,-0.0499999999999996,-1.1,-1.1,13.88888888888889,13.88888888888889
56,1.2000000000000002,False,0,4.0,0.5114240284377153,0.0,True,13.94727686077966,23.265480283417315,29.194684119328127,-0.8040654498822863,-1.7999999999999998,0.0,0.0,13.88888888888889,13.88888888888889,16.666666666666668,50.085374224167076,52.11111111111111,0.03979658538778286,-0.07999999999999963,-1.2000000000000002,-1.2000000000000002,13.88888888888889,13.88888888888889
56,1.3,False,0,4.0,0.8369102673681238,0.0,True,14.059715782624696,20.196251127228305,29.252512839153734,-0.8139530225554532,-1.8899999999999997,0.0,0.0,13.88888888888889,13.88888888888889,16.666666666666668,50.613422483983584,52.388888888888886,-1.4774333928969454,-0.09000000000000008,-1.3,-1.3,13.88888888888889,13.88888888888889
56,1.4000000000000001,False,0,4.0,0.7407744612942871,0.0,True,13.909656525324461,23.067759787702283,28.60144669555096,-0.7749593087506077,-1.8999999999999986,0.0,0.0,13.88888888888889,13.88888888888889,16.666666666666668,42.900932615957956,52.66666666666667,0.0042701723638094435,-0.08000000000000007,-1.4000000000000001,-1.4000000000000001,13.88888888888889,13.88888888888889
56,1.5,False,0,4.0,0.6112987215272415,0.0,True,13.896794560423318,24.25578372713751,28.164651925060365,-1.2033963484565502,-1.7999999999999998,0.0,0.0,13.88888888888889,13.88888888888889,16.666666666666668,52.379381697684906,52.94444444444444,0.8698719350585007,-0.04999999999999982,-1.5,-1.5,13.88888888888889,13.88888888888889
56,1.6,False,0,4.0,0.41703297977870185,0.0,True,13.977702395773731,22.617283986835854,28.324443860925793,-1.7816133422619886,-1.879999999999999,0.0,0.0,13.88888888888889,13.88888888888889,16.666666666666668,47.65759261396849,52.94444444444444,-1.4408016774333248,-0.1599999999999997,-1.6,-1.6,13.88888888888889,13.88888888888889
56,1.7000000000000002,False,0,4.0,0.6166156901713181,0.0,True,13.940025700489542,22.812303716340647,28.8678056035679,-1.8898406829670034,-1.8300000000000005,0.0,0.0,13.88888888888889,13.88888888888889,16.666666666666668,50.9539921004479,53.22222222222222,-1.505965915093051,-0.09999999999999964,-1.7000000000000002,-1.7000000000000002,13.88888888888889,13.88888888888889
57,0.0,False,0,4.0,1.0,1.0,True,15.907666666666668,-3.676779653113999,-4.235000000001253,0.4001713381786902,1.6,0.0,0.0,13.88888888888889,13.88888888888889,,,,,,,,,
57,0.1,False,0,4.0,0.5001715012207464,0.0,True,13.90682725620602,24.371328166561067,28.79360163506028,-0.8207298132987892,-0.10999999999999721,-0.1,-0.1,13.88888888888889,13.88888888888889,13.909175782694861,28.024853429827782,28.812009707675326,2.166218911195289,-0.00999999999999579,-0.1,-0.1,13.88888888888889,13.88888888888889
57,0.2,False,0,4.0,0.49255143008004565,0.0,True,13.891759886048085,24.18668048306746,28.763264737396366,-0.5873252012864207,-1.8999999999999955,0.0,0.0,13.88888888888889,13.88888888888889,16.284864059647113,33.21431437253797,34.67935416481323,-0.7981255461546537,-0.019999999999997353,-0.2,-0.2,13.88888888888889,13.88888888888889
57,0.30000000000000004,False,0,4.0,0.5207755037120478,0.0,True,13.901255988464708,23.04527371244988,28.792562189776657,-0.9951751553653992,-1.8899999999999975,0.0,0.0,13.88888888888889,13.88888888888889,16.666666666666668,42.65973021371863,42.00000000000003,0.4345874882813696,-0.020000000000001572,-0.30000000000000004,-0.30000000000000004,13.88888888888889,13.88888888888889
57,0.4,False,0,4.0,0.5601130612080609,0.0,True,13.945085672633088,22.0154251493375,28.554512264797278,-0.9177936468654497,-1.880000000000006,0.0,0.0,13.88888888888889,13.88888888888889,16.666666666666668,47.3859953608311,45.88888888888896,0.22183679963628045,-6.661338147750939e-16,-0.4,-0.4,13.88888888888889,13.88888888888889
57,0.5,False,0,4.0,0.5551218332578177,0.0,True,13.910190995417814,20.848544401217236,28.74243653116248,-1.5940465780801856,-1.85,0.0,0.0,13.88888888888889,13.88888888888889,16.666666666666668,45.146316152196675,48.11111111111116,-1.822964584169557,0.0,-0.5,-0.5,13.88888888888889,13.88888888888889
57,0.6000000000000001,False,0,4.0,0.4021496739292178,0.0,True,13.933880733419413,23.126698512709492,28.281095925290582,-0.9170708903370918,-1.8599999999999959,0.0,0.0,13.88888888888889,13.88888888888889,16.666666666666668,48.65798323272069,49.50000000000002,-0.86443141879103,-0.019999999999999574,-0.6000000000000001,-0.6000000000000001,13.88888888888889,13.88888888888889
57,0.7000000000000001,False,0,4.0,0.6432877816338298,0.0,True,13.936382477314911,23.28884891433459,28.651617698128728,-1.131123012550593,-1.899999999999999,0.0,0.0,13.88888888888889,13.88888888888889,16.666666666666668,47.99948300590476,50.61111111111111,0.8333404350477629,-0.009999999999999343,-0.7000000000000001,-0.7000000000000001,13.88888888888889,13.88888888888889
57,0.8,False,0,4.0,0.73074193989585,0.0,True,13.951272408216726,22.641837107053146,28.32130821965772,-0.5003870227094134,-1.8799999999999994,0.0,0.0,13.88888888888889,13.88888888888889,16.666666666666668,50.55969889705722,51.44444444444444,0.9051698543323412,-2.220446049250313e-16,-0.8,-0.8,13.88888888888889,13.88888888888889
57,0.9,False,0,4.0,0.48378903837084963,0.0,True,13.923057351507035,23.51836969779681,28.583628374603062,-1.6695887750675888,-1.8900000000000028,0.0,0.0,13.88888888888889,13.88888888888889,16.666666666666668,48.64238021385251,51.99999999999999,0.4643871356019953,-0.02000000000000024,-0.9,-0.9,13.88888888888889,13.88888888888889
57,1.0,False,0,4.0,0.5288934144167792,0.0,True,13.910495468422853,24.238703347949507,29.035408849986663,-0.31232834106558416,-1.7999999999999998,0.0,0.0,13.88888888888889,13.88888888888889,16.666666666666668,51.34661890273679,52.55555555555554,-0.7413850883000506,0.0,-1.0,-1.0,13.88888888888889,13.88888888888889
57,1.1,False,0,4.0,0.48219080678995213,0.0,True,13.890949804794847,24.4618315718409,28.837645494073524,-1.8992884140226967,-1.8799999999999981,0.0,0.0,13.88888888888889,13.88888888888889,16.666666666666668,47.90446185014129,52.83333333333333,-0.29902432044808913,-0.0499999999999996,-1.1,-1.1,13.88888888888889,13.88888888888889
57,1.2000000000000002,False,0,4.0,0.6440449089072934,0.0,True,14.044400303534225,21.391297077010147,29.641026277266445,-1.785739472854314,-1.7999999999999998,0.0,0.0,13.88888888888889,13.88888888888889,16.666666666666668,50.55424309188171,53.11111111111111,-0.7365537155685384,-0.07999999999999963,-1.2000000000000002,-1.2000000000000002,13.88888888888889,13.88888888888889
57,1.3,False,0,4.0,0.6142964224775319,0.0,True,13.893799363721628,24.06675317062935,27.90554132622493,-1.5756947809145971,-1.8899999999999997,0.0,0.0,13.88888888888889,13.88888888888889,16.666666666666668,51.384610088589156,53.388888888888886,-0.4238120611091041,-0.09000000000000008,-1.3,-1.3,13.88888888888889,13.88888888888889
57,1.4000000000000001,False,0,4.0,0.592000624661602,0.0,True,13.90235073978567,22.854133929032383,28.562739168436718,-1.2239847350705144,-1.8999999999999986,0.0,0.0,13.88888888888889,13.88888888888889,16.666666666666668,50.89686876329033,53.66666666666667,0.5326588753096582,-0.08000000000000007,-1.4000000000000001,-1.4000000000000001,13.88888888888889,13.88888888888889
57,1.5,False,0,4.0,0.5456679800770305,0.0,True,13.913859894310523,23.815688945934436,28.40260273644277,-1.7570143890433962,-1.7999999999999998,0.0,0.0,13.88888888888889,13.88888888888889,16.666666666666668,54.642391747758936,53.94444444444444,-1.877350573937421,-0.04999999999999982,-1.5,-1.5,13.88888888888889,13.88888888888889
57,1.6,False,0,4.0,0.5574906216377687,0.0,True,13.910342018147476,22.99572150331137,28.185522312201055,-1.8293871170449607,-1.879999999999999,0.0,0.0,13.88888888888889,13.88888888888889,16.666666666666668,52.825872510005524,53.94444444444444,-0.21995458550519453,-0.1599999999999997,-1.6,-1.6,13.88888888888889,13.88888888888889
57,1.7000000000000002,False,0,4.0,0.6029265600535513,0.0,True,13.937592852521293,20.65532554893279,28.405448142036033,-1.106898536978231,-1.8300000000000005,0.0,0.0,13.88888888888889,13.88888888888889,16.666666666666668,48.09425812024367,54.22222222222222,-0.7038410454411848,-0.09999999999999964,-1.7000000000000002,-1.7000000000000002,13.88888888888889,13.88888888888889
58,0.0,False,0,4.0,1.0,1.0,True,16.666666666666668,-3.414681388923202,-4.222222222224263,3.001605803414979,1.6,0.0,0.0,13.88888888888889,13.88888888888889,,,,,,,,,
58,0.1,False,0,4.0,0.7058933189222267,0.0,True,13.986513268660755,21.26909587206485,28.791393574229186,-1.2317397978822393,0.030000000000004023,-0.1,-0.1,13.88888888888889,13.88888888888889,13.833031965469976,26.05614382064159,28.813736343596712,0.881649807975629,-0.00999999999999579,-0.1,-0.1,13.88888888888889,13.88888888888889
58,0.2,False,0,4.0,0.5740450340380118,0.0,True,13.903245040800684,21.908136807983862,28.92318981996551,-1.3231430840370089,-1.8999999999999955,0.0,0.0,13.88888888888889,13.88888888888889,16.159838037831598,32.33828625916486,35.69755474215383,-0.39842466062340565,-0.019999999999997353,-0.2,-0.2,13.88888888888889,13.88888888888889
58,0.30000000000000004,False,0,4.0,0.6127405520299388,0.0,True,13.905153482765098,24.07661870565904,28.24881830325428,-0.1754125136189748,-1.8899999999999975,0.0,0.0,13.88888888888889,13.88888888888889,16.666666666666668,43.81765303203849,43.00000000000003,1.1837160481595652,-0.020000000000001572,-0.30000000000000004,-0.30000000000000004,13.88888888888889,13.88888888888889
58,0.4,False,0,4.0,0.6406381500065486,0.0,True,13.916315414694493,22.439829801544544,28.893122493542545,-1.665793987058777,-1.880000000000006,0.0,0.0,13.88888888888889,13.88888888888889,16.666666666666668,44.81236981213689,46.88888888888896,-0.7789592944115997,-6.661338147750939e-16,-0.4,-0.4,13.88888888888889,13.88888888888889
58,0.5,False,0,4.0,0.5013688688227752,0.0,True,13.928721794919804,23.499795896482805,28.829990437989874,-0.9120080138485046,-1.85,0.0,0.0,13.88888888888889,13.88888888888889,16.666666666666668,44.1040111349825,49.11111111111116,0.6278924978341753,0.0,-0.5,-0.5,13.88888888888889,13.88888888888889
58,0.6000000000000001,False,0,4.0,0.6017978676984647,0.0,True,13.926175039163727,23.47471227351424,29.234045826583053,-1.3022381516900547,-1.8599999999999959,0.0,0.0,13.88888888888889,13.88888888888889,16.666666666666668,48.86754978171448,50.50000000000002,0.2231960850212351,-0.019999999999999574,-0.6000000000000001,-0.6000000000000001,13.88888888888889,13.88888888888889
58,0.7000000000000001,False,0,4.0,0.47596745199319784,0.0,True,14.077704806724595,20.670069277725855,28.882066202544916,-1.370448111699913,-1.899999999999999,0.0,0.0,13.88888888888889,13.88888888888889,16.666666666666668,51.92124564762805,51.61111111111111,0.34720029509268713,-0.009999999999999343,-0.7000000000000001,-0.7000000000000001,13.88888888888889,13.88888888888889
58,0.8,False,0,4.0,0.598789203961206,0.0,True,13.94364330107552,22.60298908804766,28.374756937654933,-1.7427169918012497,-1.8799999999999994,0.0,0.0,13.88888888888889,13.88888888888889,16.666666666666668,48.63072549866209,52.44444444444444,0.6086059694710895,-2.220446049250313e-16,-0.8,-0.8,13.88888888888889,13.88888888888889
58,0.9,False,0,4.0,0.7812805268226377,0.0,True,13.903354234167395,22.995106285920098,29.134559162721143,-1.2485806846384353,-1.8900000000000028,0.0,0.0,13.88888888888889,13.88888888888889,16.666666666666668,52.7929119241819,52.99999999999999,-0.4215960662892848,-0.02000000000000024,-0.9,-0.9,13.88888888888889,13.88888888888889
58,1.0,False,0,4.0,0.4762647024538591,0.0,True,13.922280377467422,22.005602776418907,28.80883306834259,-1.2796602668684307,-1.7999999999999998,0.0,0.0,13.88888888888889,13.88888888888889,16.666666666666668,51.08567907328154,53.55555555555554,-0.6224262988856424,0.0,-1.0,-1.0,13.88888888888889,13.88888888888889
58,1.1,False,0,4.0,0.6018308416195051,0.0,True,13.967694532715948,22.66505117548716,28.55557143500884,-1.3118685549537359,-1.8799999999999981,0.0,0.0,13.88888888888889,13.88888888888889,16.666666666666668,50.56255055331012,53.83333333333333,1.612314911801978,-0.0499999999999996,-1.1,-1.1,13.88888888888889,13.88888888888889
58,1.2000000000000002,False,0,4.0,0.7407484937014195,0.0,True,13.986871260574805,17.6459623946467,28.54990669672169,-1.8548014004209608,-1.7999999999999998,0.0,0.0,13.88888888888889,13.88888888888889,16.666666666666668,55.55646976428961,54.11111111111111,-0.021441613862758446,-0.07999999999999963,-1.2000000000000002,-1.2000000000000002,13.88888888888889,13.88888888888889
58,1.3,False,0,4.0,0.579897023931822,0.0,True,14.009691641474326,21.510384425913497,28.68819171108144,-1.599992762673122,-1.8899999999999997,0.0,0.0,13.88888888888889,13.88888888888889,16.666666666666668,54.81871851676033,54.388888888888886,-1.7127928252550073,-0.09000000000000008,-1.3,-1.3,13.88888888888889,13.88888888888889
58,1.4000000000000001,False,0,4.0,0.5500018254678647,0.0,True,13.932529240479962,21.041918367635002,28.39513096762688,-0.24006830855901407,-1.8999999999999986,0.0,0.0,13.88888888888889,13.88888888888889,16.666666666666668,53.942834938319905,54.66666666666667,-1.2216955656015154,-0.08000000000000007,-1.4000000000000001,-1.4000000000000001,13.88888888888889,13.88888888888889
58,1.5,False,0,4.0,0.5085226738028705,0.0,True,13.896853124545553,24.167296877792705,28.157448494130403,-1.2483601871049086,-1.7999999999999998,0.0,0.0,13.88888888888889,13.88888888888889,16.666666666666668,50.94537695843381,54.94444444444444,2.4570640027642443,-0.04999999999999982,-1.5,-1.5,13.88888888888889,13.88888888888889
58,1.6,False,0,4.0,0.4677998996771585,0.0,True,13.904498497341061,23.33791462484795,28.793088235046252,-1.7740528002344875,-1.879999999999999,0.0,0.0,13.88888888888889,13.88888888888889,16.666666666666668,49.94125191745978,54.94444444444444,1.3819702492422556,-0.1599999999999997,-1.6,-1.6,13.88888888888889,13.88888888888889
58,1.7000000000000002,False,0,4.0,0.5078657785937425,0.0,True,13.892802486040528,23.77103099441886,29.275774334906185,-1.6359408808275266,-1.8300000000000005,0.0,0.0,13.88888888888889,13.88888888888889,16.666666666666668,53.89898484147192,55.22222222222222,-0.5330684717280514,-0.09999999999999964,-1.7000000000000002,-1.7000000000000002,13.88888888888889,13.88888888888889
59,0.0,False,0,4.0,1.0,1.0,True,16.540166666666668,-2.16285603601857,-4.2068333333354415,1.1169708509834275,1.6,0.0,0.0,13.88888888888889,13.88888888888889,,,,,,,,,
59,0.1,False,0,4.0,0.6241333945207196,0.0,True,13.899390977415768,22.780863185588952,29.1578048114937,0.45772414727692246,0.08000000000000385,-0.1,-0.1,13.88888888888889,13.88888888888889,13.769725561356884,23.15340882136628,29.25020247403013,1.6298828409604313,-0.00999999999999579,-0.1,-0.1,13.88888888888889,13.88888888888889
59,0.2,False,0,4.0,0.60949851511886,0.0,True,13.932019494123255,22.131395637937157,28.804442446806387,-1.0464334108782358,-1.8199999999999945,-0.2,-0.2,13.88888888888889,13.88888888888889,16.666666666666668,33.70719336979688,36.500000000000014,0.22772273116300035,-0.019999999999997353,-0.2,-0.2,13.88888888888889,13.88888888888889
59,0.30000000000000004,False,0,4.0,0.7788993199590499,0.0,True,13.940010206393836,17.1024207417134,28.551240631596,-0.7547064686690843,-1.8899999999999975,0.0,0.0,13.88888888888889,13.88888888888889,16.666666666666668,41.52124425718745,44.00000000000003,-0.6014684231999514,-0.020000000000001572,-0.30000000000000004,-0.30000000000000004,13.88888888888889,13.88888888888889
59,0.4,False,0,4.0,0.4946253067510855,0.0,True,13.940693827891371,22.170926319161634,28.320158430108204,-0.6398188142909842,-1.880000000000006,0.0,0.0,13.88888888888889,13.88888888888889,16.666666666666668,48.01588076912557,47.88888888888896,-0.06761411084986246,-6.661338147750939e-16,-0.4,-0.4,13.88888888888889,13.88888888888889
59,0.5,False,0,4.0,0.5171930725124633,0.0,True,13.913516413020272,24.070808757459485,28.281354254040718,-0.21396928369211077,-1.85,0.0,0.0,13.88888888888889,13.88888888888889,16.666666666666668,46.014460366848155,50.11111111111116,-0.2895941525491861,0.0,-0.5,-0.5,13.88888888888889,13.88888888888889
59,0.6000000000000001,False,0,4.0,0.6138497492092837,0.0,True,13.99338994361407,22.23588346938335,28.410525728686718,-1.3688686311799219,-1.8599999999999959,0.0,0.0,13.88888888888889,13.88888888888889,16.666666666666668,49.81748524093103,51.50000000000002,-0.24246369508517662,-0.019999999999999574,-0.6000000000000001,-0.6000000000000001,13.88888888888889,13.88888888888889
59,0.7000000000000001,False,0,4.0,0.4562122057528957,0.0,True,13.914034880417423,23.43239914647098,28.562018617946716,-1.4848024481416768,-1.899999999999999,0.0,0.0,13.88888888888889,13.88888888888889,16.666666666666668,48.322162797627335,52.61111111111111,1.8122355249553004,-0.009999999999999343,-0.7000000000000001,-0.7000000000000001,13.88888888888889,13.88888888888889
59,0.8,False,0,4.0,0.5474869175350622,0.0,True,13.910264008336332,23.523981680159135,28.525993160272787,-0.7222432193899122,-1.8799999999999994,0.0,0.0,13.88888888888889,13.88888888888889,16.666666666666668,54.39582259732144,53.44444444444444,-0.13502710975755838,-2.220446049250313e-16,-0.8,-0.8,13.88888888888889,13.88888888888889
59,0.9,False,0,4.0,0.47547220975453175,0.0,True,13.897313423043702,23.85418110906563,28.866722057240292,-1.0314808217441211,-1.8900000000000028,0.0,0.0,13.88888888888889,13.88888888888889,16.666666666666668,53.19084527848975,53.99999999999999,-0.6402125591027361,-0.02000000000000024,-0.9,-0.9,13.88888888888889,13.88888888888889
59,1.0,False,0,4.0,0.4404286137724014,0.0,True,13.909273906240422,21.597797016342167,28.61564696699487,-1.1151231528622882,-1.7999999999999998,0.0,0.0,13.88888888888889,13.88888888888889,16.666666666666668,52.21398587999427,54.55555555555554,-0.14657555874414063,0.0,-1.0,-1.0,13.88888888888889,13.88888888888889
59,1.1,False,0,4.0,0.5344638943761815,0.0,True,13.930395541277194,23.116536181663047,28.422031531152935,-1.1513304453354247,-1.8799999999999981,0.0,0.0,13.88888888888889,13.88888888888889,16.666666666666668,48.28088145806551,54.83333333333333,0.3814828493089397,-0.0499999999999996,-1.1,-1.1,13.88888888888889,13.88888888888889
59,1.2000000000000002,False,0,4.0,0.525210299913795,0.0,True,13.909122662826684,24.254038449719143,28.58429607721389,-0.8619569847524053,-1.7999999999999998,0.0,0.0,13.88888888888889,13.88888888888889,16.666666666666668,52.340833279181204,55.11111111111111,-1.1204745363309594,-0.07999999999999963,-1.2000000000000002,-1.2000000000000002,13.88888888888889,13.88888888888889
59,1.3,False,0,4.0,0.7441409759049653,0.0,True,13.947843890872576,23.294494503168902,29.05511677178556,-1.7075176356370663,-1.8899999999999997,0.0,0.0,13.88888888888889,13.88888888888889,16.666666666666668,54.41363048475807,55.388888888888886,0.10761662627183055,-0.09000000000000008,-1.3,-1.3,13.88888888888889,13.88888888888889
59,1.4000000000000001,False,0,4.0,0.5071258432075552,0.0,True,13.909900626420818,20.63949034741132,28.125797889480634,-0.56448407576177,-1.8999999999999986,0.0,0.0,13.88888888888889,13.88888888888889,16.666666666666668,54.98158263305069,55.66666666666667,0.2659656878107657,-0.08000000000000007,-1.4000000000000001,-1.4000000000000001,13.88888888888889,13.88888888888889
59,1.5,False,0,4.0,0.4997173944232891,0.0,True,13.968821171022773,20.026648832472983,28.756924916569243,-1.5275780553882732,-1.7999999999999998,0.0,0.0,13.88888888888889,13.88888888888889,16.666666666666668,51.80848052049109,55.94444444444444,0.4377347240029623,-0.04999999999999982,-1.5,-1.5,13.88888888888889,13.88888888888889
59,1.6,False,0,4.0,0.4856541972467099,0.0,True,13.966546036957974,22.83183158850282,28.669700539824913,-0.6983958552774105,-1.879999999999999,0.0,0.0,13.88888888888889,13.88888888888889,16.666666666666668,56.479230153513285,55.94444444444444,0.6527729666480249,-0.1599999999999997,-1.6,-1.6,13.88888888888889,13.88888888888889
59,1.7000000000000002,False,0,4.0,0.46698586492044025,0.0,True,13.905042529900863,23.687502548801557,28.17463118042009,-1.224147834902162,-1.8300000000000005,0.0,0.0,13.88888888888889,13.88888888888889,16.666666666666668,52.13901510143385,56.22222222222222,0.19178364591692043,-0.09999999999999964,-1.7000000000000002,-1.7000000000000002,13.88888888888889,13.88888888888889
