long_dist,lat_vel,Crash,Crash type,minTTC,PFS,CFS,reacted,ego_speed,perceived_gap,true_gap,perceived_lat_gap,true_lat_gap,perceived_lat_speed,true_lat_speed,perceived_speed,true_speed,entry_ego_speed,entry_perceived_gap,entry_true_gap,entry_perceived_lat_gap,entry_true_lat_gap,entry_perceived_lat_speed,entry_true_lat_speed,entry_perceived_speed,entry_true_speed
1,0.0,False,0,4.0,1.0,1.0,True,8.333333333333334,-3.810474996103138,-4.044444444444445,2.570623470490107,1.6,0.0,0.0,2.7777777777777777,2.7777777777777777,,,,,,,,,
1,0.1,False,0,4.0,0.0,0.0,False,8.333333333333334,-3.15051008772188,-4.044444444444445,2.161070511258567,1.5,-0.1,-0.1,2.7777777777777777,2.7777777777777777,8.333333333333334,80.0574498790701,79.84444444444433,-0.3773488242916372,-0.00999999999999579,-0.1,-0.1,2.7777777777777777,2.7777777777777777
1,0.2,False,0,4.0,1.0,1.0,True,8.333333333333334,-4.140853485174069,-4.044444444444445,3.1618417801618937,1.4,-0.2,-0.2,2.7777777777777777,2.7777777777777777,8.333333333333334,35.74682104734862,35.40000000000009,-0.02523012784379386,-0.019999999999997353,-0.2,-0.2,2.7777777777777777,2.7777777777777777
1,0.30000000000000004,False,0,3.633333333333333,1.0,1.0,True,8.333333333333334,-3.901807831446856,-4.044444444444445,-0.10538951756386439,1.3000000000000003,-0.30000000000000004,-0.30000000000000004,2.7777777777777777,2.7777777777777777,8.333333333333334,22.972389179551445,20.400000000000038,-0.554637367783815,-0.020000000000001572,-0.30000000000000004,-0.30000000000000004,2.7777777777777777,2.7777777777777777
1,0.4,False,0,2.3,1.0,1.0,True,8.333333333333334,-3.7898655603905675,-4.044444444444445,-0.9044794848617483,1.2000000000000002,-0.4,-0.4,2.7777777777777777,2.7777777777777777,8.333333333333334,10.970780020181294,12.62222222222222,-0.3293512949097217,-6.661338147750939e-16,-0.4,-0.4,2.7777777777777777,2.7777777777777777
1,0.5,False,0,1.5,1.0,1.0,True,8.333333333333334,-2.9962050785675345,-4.044444444444445,1.9247719678659823,1.1,-0.5,-0.5,2.7777777777777777,2.7777777777777777,8.333333333333334,8.67500227320486,8.177777777777774,0.29505431409209315,0.0,-0.5,-0.5,2.7777777777777777,2.7777777777777777
1,0.6000000000000001,False,0,0.9666666666666673,1.0,1.0,True,8.333333333333334,-3.6893321661436573,-4.044444444444445,2.768282751557465,1.0,-0.6000000000000001,-0.6000000000000001,2.7777777777777777,2.7777777777777777,8.333333333333334,6.607333332623697,5.3999999999999995,1.675077009045936,-0.019999999999999574,-0.6000000000000001,-0.6000000000000001,2.7777777777777777,2.7777777777777777
1,0.7000000000000001,False,0,0.5857142857142865,1.0,1.0,True,8.333333333333334,-1.991869478462311,-4.044444444444445,1.9250513294665246,0.8999999999999999,-0.7000000000000001,-0.7000000000000001,2.7777777777777777,2.7777777777777777,8.333333333333334,3.6377583165056864,3.177777777777778,-0.6205508610983781,-0.009999999999999343,-0.7000000000000001,-0.7000000000000001,2.7777777777777777,2.7777777777777777
1,0.8,False,0,0.2999999999999997,1.0,1.0,True,8.333333333333334,-3.2121508813837165,-4.044444444444445,2.6497576246774686,0.8000000000000003,-0.8,-0.8,2.7777777777777777,2.7777777777777777,8.333333333333334,0.7306082118245536,1.5111111111111155,0.5963104062362903,-2.220446049250313e-16,-0.8,-0.8,2.7777777777777777,2.7777777777777777
1,0.9,False,0,0.07777777777777735,1.0,1.0,True,8.333333333333334,-3.6064399605871733,-4.044444444444445,2.7829454590735527,0.6999999999999997,-0.9,-0.9,2.7777777777777777,2.7777777777777777,8.333333333333334,0.09284354902565628,0.400000000000003,0.7359264431048129,-0.02000000000000024,-0.9,-0.9,2.7777777777777777,2.7777777777777777
1,1.0,True,1,0.0,1.0,1.0,True,8.333333333333334,-4.112048194532293,-4.044444444444445,-0.32161099273768357,0.6000000000000001,-1.0,-1.0,2.7777777777777777,2.7777777777777777,8.333333333333334,-0.00474822296098143,-0.7111111111111077,0.9422065593139899,0.0,-1.0,-1.0,2.7777777777777777,2.7777777777777777
1,1.1,True,1,0.0,1.0,1.0,True,8.333333333333334,-4.1517422735446745,-4.044444444444445,-0.5149637661737274,0.5000000000000004,-1.1,-1.1,2.7777777777777777,2.7777777777777777,8.333333333333334,-1.4604225699913576,-1.2666666666666648,0.00530431101881601,-0.0499999999999996,-1.1,-1.1,2.7777777777777777,2.7777777777777777
1,1.2000000000000002,True,1,0.0,1.0,1.0,True,8.333333333333334,-2.852723266961781,-4.044444444444445,0.9565345199678847,0.3999999999999999,-1.2000000000000002,-1.2000000000000002,2.7777777777777777,2.7777777777777777,8.333333333333334,-0.724206341106286,-1.822222222222222,0.17272357422567142,-0.07999999999999963,-1.2000000000000002,-1.2000000000000002,2.7777777777777777,2.7777777777777777
1,1.3,True,1,0.0,1.0,1.0,True,7.068333333333333,-3.618751197334153,-4.264605555555556,-0.0020230288191545043,0.2999999999999998,-1.3,-1.3,2.7777777777777777,2.7777777777777777,7.068333333333333,-3.5968648992316608,-3.048227777777776,-1.8386519158945787,-0.09000000000000008,-1.3,-1.3,2.7777777777777777,2.7777777777777777
1,1.4000000000000001,True,1,0.0,1.0,1.0,True,7.068333333333333,-3.2726970387126126,-4.12138888888889,0.728509114593638,0.05999999999999983,-1.4000000000000001,-1.4000000000000001,2.7777777777777777,2.7777777777777777,7.068333333333333,-3.3885599584691777,-3.692333333333333,1.2777933772151782,-0.08000000000000007,-1.4000000000000001,-1.4000000000000001,2.7777777777777777,2.7777777777777777
1,1.5,True,1,0.0,1.0,1.0,True,8.333333333333334,-3.746618794210163,-4.044444444444445,-0.44279179424005877,0.10000000000000009,-1.5,-1.5,2.7777777777777777,2.7777777777777777,8.333333333333334,-3.681556694986793,-3.48888888888889,0.4467435795134449,-0.04999999999999982,-1.5,-1.5,2.7777777777777777,2.7777777777777777
1,1.6,True,1,0.0,1.0,1.0,True,8.333333333333334,-4.299581334042769,-4.044444444444445,-0.32722383422499246,2.220446049250313e-16,-1.6,-1.6,2.7777777777777777,2.7777777777777777,8.333333333333334,-4.063832109638546,-3.48888888888889,-1.6029049256949246,-0.1599999999999997,-1.6,-1.6,2.7777777777777777,2.7777777777777777
1,1.7000000000000002,True,1,0.0,1.0,1.0,True,7.953833333333334,-1.8106561730257331,-4.132994444444445,-1.4509489480774713,-0.09999999999999964,-1.7000000000000002,-1.7000000000000002,2.7777777777777777,2.7777777777777777,7.953833333333334,-1.8106561730257331,-4.132994444444445,-1.4509489480774713,-0.09999999999999964,-1.7000000000000002,-1.7000000000000002,2.7777777777777777,2.7777777777777777
2,0.0,False,0,4.0,0.0,0.0,False,8.333333333333334,-3.658457838567199,-4.11111111111111,1.5604171766250587,1.6,0.0,0.0,2.7777777777777777,2.7777777777777777,,,,,,,,,
2,0.1,False,0,4.0,0.0,0.0,False,8.333333333333334,-2.507459510713397,-4.11111111111111,1.4675575013688538,1.4900000000000002,-0.1,-0.1,2.7777777777777777,2.7777777777777777,8.333333333333334,78.00176554203391,78.84444444444433,-0.2905380135553046,-0.00999999999999579,-0.1,-0.1,2.7777777777777777,2.7777777777777777
2,0.2,False,0,4.0,0.0,0.0,False,8.333333333333334,-3.3109512465592355,-4.11111111111111,1.5981850935870825,1.3800000000000003,-0.2,-0.2,2.7777777777777777,2.7777777777777777,8.333333333333334,35.02097520226502,34.40000000000009,1.372623972411882,-0.019999999999997353,-0.2,-0.2,2.7777777777777777,2.7777777777777777
2,0.30000000000000004,False,0,3.4333333333333336,1.0,1.0,True,8.333333333333334,-4.248252437414259,-4.11111111111111,0.688397648228857,1.27,-0.30000000000000004,-0.30000000000000004,2.7777777777777777,2.7777777777777777,8.333333333333334,19.010361131550415,19.400000000000038,-0.3637454929234665,-0.020000000000001572,-0.30000000000000004,-0.30000000000000004,2.7777777777777777,2.7777777777777777
2,0.4,False,0,2.0999999999999996,1.0,1.0,True,8.333333333333334,-3.8966976058941922,-4.11111111111111,1.090666183033583,1.1600000000000001,-0.4,-0.4,2.7777777777777777,2.7777777777777777,8.333333333333334,13.247841749223745,11.62222222222222,2.077185930471268,-6.661338147750939e-16,-0.4,-0.4,2.7777777777777777,2.7777777777777777
2,0.5,False,0,1.2999999999999998,1.0,1.0,True,8.333333333333334,-2.7415085802560695,-4.11111111111111,0.3056008973968378,1.0500000000000003,-0.5,-0.5,2.7777777777777777,2.7777777777777777,8.333333333333334,5.452183513663326,7.1777777777777745,-0.3427686447256244,0.0,-0.5,-0.5,2.7777777777777777,2.7777777777777777
2,0.6000000000000001,False,0,0.7666666666666673,1.0,1.0,True,8.333333333333334,-4.234147668353956,-4.11111111111111,2.8129793673991856,0.94,-0.6000000000000001,-0.6000000000000001,2.7777777777777777,2.7777777777777777,8.333333333333334,5.370939673636804,4.3999999999999995,-0.46244328758250264,-0.019999999999999574,-0.6000000000000001,-0.6000000000000001,2.7777777777777777,2.7777777777777777
2,0.7000000000000001,False,0,0.38571428571428634,1.0,1.0,True,8.333333333333334,-4.2618623888121805,-4.11111111111111,1.5055210704073914,0.8300000000000001,-0.7000000000000001,-0.7000000000000001,2.7777777777777777,2.7777777777777777,8.333333333333334,3.28006202122097,2.177777777777778,-0.21215556076316444,-0.009999999999999343,-0.7000000000000001,-0.7000000000000001,2.7777777777777777,2.7777777777777777
2,0.8,False,0,0.09999999999999953,1.0,1.0,True,8.333333333333334,-3.903471716861328,-4.11111111111111,-1.6577652803971388,0.7200000000000002,-0.8,-0.8,2.7777777777777777,2.7777777777777777,8.333333333333334,1.6562882150544533,0.5111111111111155,-0.2784844934848081,-2.220446049250313e-16,-0.8,-0.8,2.7777777777777777,2.7777777777777777
2,0.9,True,1,0.0,1.0,1.0,True,8.333333333333334,-3.9881573221749926,-4.11111111111111,1.8291107922781866,0.6099999999999999,-0.9,-0.9,2.7777777777777777,2.7777777777777777,8.333333333333334,0.9069745008895351,-0.599999999999997,0.5126014901252263,-0.02000000000000024,-0.9,-0.9,2.7777777777777777,2.7777777777777777
2,1.0,True,1,0.0,1.0,1.0,True,8.333333333333334,-3.0661393705177256,-4.11111111111111,-1.054558203134538,0.5,-1.0,-1.0,2.7777777777777777,2.7777777777777777,8.206833333333334,-1.2175538273839157,-1.7743611111111113,-0.192320695190358,0.0,-1.0,-1.0,2.7777777777777777,2.7777777777777777
2,1.1,True,1,0.0,1.0,1.0,True,8.333333333333334,-3.7913649428373803,-4.11111111111111,0.6760040918139256,0.3900000000000001,-1.1,-1.1,2.7777777777777777,2.7777777777777777,8.333333333333334,-0.8724575241003292,-2.266666666666665,-0.22462959855824982,-0.0499999999999996,-1.1,-1.1,2.7777777777777777,2.7777777777777777
2,1.2000000000000002,True,1,0.0,1.0,1.0,True,8.206833333333334,-3.2573791638822547,-4.08581111111111,-0.5323012063147974,0.28000000000000025,-1.2000000000000002,-1.2000000000000002,2.7777777777777777,2.7777777777777777,7.953833333333334,-2.2374291840196454,-2.9107722222222234,0.9016493371263281,-0.07999999999999963,-1.2000000000000002,-1.2000000000000002,2.7777777777777777,2.7777777777777777
2,1.3,True,2,0.0,1.0,1.0,True,5.868333333333334,-3.470039397658227,-4.289722222222221,-0.15199316579094924,-0.09000000000000008,-1.3,-1.3,2.7777777777777777,2.7777777777777777,5.868333333333334,-3.470039397658227,-4.289722222222221,-0.15199316579094924,-0.09000000000000008,-1.3,-1.3,2.7777777777777777,2.7777777777777777
2,1.4000000000000001,True,1,0.0,1.0,1.0,True,7.574333333333334,-4.018380106747032,-4.2116333333333325,0.22211778337772925,-0.08000000000000007,-1.4000000000000001,-1.4000000000000001,2.7777777777777777,2.7777777777777777,7.574333333333334,-4.018380106747032,-4.2116333333333325,0.22211778337772925,-0.08000000000000007,-1.4000000000000001,-1.4000000000000001,2.7777777777777777,2.7777777777777777
2,1.5,True,2,0.0,1.0,1.0,True,6.468333333333334,-4.27089757652434,-4.202927777777778,0.08453439687099129,-0.34999999999999987,-1.5,-1.5,2.7777777777777777,2.7777777777777777,6.468333333333334,-3.618226057892234,-3.65896111111111,2.302800682981092,-0.04999999999999982,-1.5,-1.5,2.7777777777777777,2.7777777777777777
2,1.6,True,2,0.0,1.0,1.0,True,2.868333333333335,-4.18106972066816,-3.5148333333333346,-1.8493323164847957,-0.8000000000000003,-1.6,-1.6,2.7777777777777777,2.7777777777777777,5.268333333333334,-1.8658140748360141,-3.118611111111112,0.9236085102407756,-0.1599999999999997,-1.6,-1.6,2.7777777777777777,2.7777777777777777
2,1.7000000000000002,True,2,0.0,1.0,1.0,True,2.868333333333335,-3.8069822105885818,-3.592944444444446,-0.8857166341673228,-1.2899999999999991,-1.7000000000000002,-1.7000000000000002,2.7777777777777777,2.7777777777777777,5.868333333333334,-4.202915777460283,-2.8695555555555563,0.2657460043257682,-0.09999999999999964,-1.7000000000000002,-1.7000000000000002,2.7777777777777777,2.7777777777777777
3,0.0,False,0,4.0,0.0,0.0,False,8.333333333333334,-4.01409733322861,-4.222222222222222,1.5166222792075277,1.6,0.0,0.0,2.7777777777777777,2.7777777777777777,,,,,,,,,
3,0.1,False,0,4.0,1.0,1.0,True,8.333333333333334,-4.009251297055317,-4.222222222222222,0.8319873010331285,1.4700000000000002,-0.1,-0.1,2.7777777777777777,2.7777777777777777,8.333333333333334,77.50735909254293,77.84444444444433,-1.3269550210617322,-0.00999999999999579,-0.1,-0.1,2.7777777777777777,2.7777777777777777
3,0.2,False,0,4.0,1.0,1.0,True,8.333333333333334,-3.608086435453898,-4.222222222222222,0.7593874118317312,1.3400000000000003,-0.2,-0.2,2.7777777777777777,2.7777777777777777,8.333333333333334,33.14804748052717,33.40000000000009,-0.2844971646659591,-0.019999999999997353,-0.2,-0.2,2.7777777777777777,2.7777777777777777
3,0.30000000000000004,False,0,3.3333333333333344,1.0,1.0,True,8.333333333333334,-3.8354966235144152,-4.222222222222222,1.1089261921506428,1.21,-0.30000000000000004,-0.30000000000000004,2.7777777777777777,2.7777777777777777,8.333333333333334,18.69925786219328,18.400000000000038,0.5501194742573365,-0.020000000000001572,-0.30000000000000004,-0.30000000000000004,2.7777777777777777,2.7777777777777777
3,0.4,False,0,1.9999999999999996,1.0,1.0,True,8.333333333333334,-3.9936238601872533,-4.222222222222222,-0.1591603453259942,1.08,-0.4,-0.4,2.7777777777777777,2.7777777777777777,8.333333333333334,10.997132545782176,10.62222222222222,-1.3809765445152722,-6.661338147750939e-16,-0.4,-0.4,2.7777777777777777,2.7777777777777777
3,0.5,False,0,1.2000000000000002,1.0,1.0,True,8.333333333333334,-3.7346673561046684,-4.222222222222222,0.5438025560793798,0.9500000000000002,-0.5,-0.5,2.7777777777777777,2.7777777777777777,8.333333333333334,9.49272871969918,6.1777777777777745,2.5598314381296414,0.0,-0.5,-0.5,2.7777777777777777,2.7777777777777777
3,0.6000000000000001,False,0,0.6666666666666672,1.0,1.0,True,8.333333333333334,-3.592636548675224,-4.222222222222222,-0.011618232173180365,0.8200000000000003,-0.6000000000000001,-0.6000000000000001,2.7777777777777777,2.7777777777777777,8.333333333333334,4.676823572112284,3.3999999999999995,0.3410918556358147,-0.019999999999999574,-0.6000000000000001,-0.6000000000000001,2.7777777777777777,2.7777777777777777
3,0.7000000000000001,False,0,0.2857142857142866,1.0,1.0,True,8.333333333333334,-3.3246007865252123,-4.222222222222222,-1.249952135003001,0.69,-0.7000000000000001,-0.7000000000000001,2.7777777777777777,2.7777777777777777,8.333333333333334,2.649313414695709,1.177777777777778,-0.832672262728539,-0.009999999999999343,-0.7000000000000001,-0.7000000000000001,2.7777777777777777,2.7777777777777777
3,0.8,True,1,0.0,1.0,1.0,True,7.953833333333334,-4.095093250948017,-4.171622222222221,2.398244112873139,0.56,-0.8,-0.8,2.7777777777777777,2.7777777777777777,7.953833333333334,-1.1673113777975006,-0.8051388888888882,1.4342740384297756,-2.220446049250313e-16,-0.8,-0.8,2.7777777777777777,2.7777777777777777
3,0.9,True,1,0.0,1.0,1.0,True,8.333333333333334,-3.3977209798420818,-4.222222222222222,1.8188455080109986,0.4299999999999997,-0.9,-0.9,2.7777777777777777,2.7777777777777777,8.333333333333334,1.2192584864645868,-1.599999999999997,2.2538135238692223,-0.02000000000000024,-0.9,-0.9,2.7777777777777777,2.7777777777777777
3,1.0,True,1,0.0,1.0,1.0,True,7.574333333333334,-4.288511396600579,-4.1005222222222235,-0.26460015168534734,0.20000000000000018,-1.0,-1.0,2.7777777777777777,2.7777777777777777,7.068333333333333,-3.244420121217078,-3.2424111111111094,0.9767467198707873,0.0,-1.0,-1.0,2.7777777777777777,2.7777777777777777
3,1.1,True,1,0.0,1.0,1.0,True,7.068333333333333,-3.7694699106000433,-4.201722222222222,-0.031918404991178484,0.0600000000000005,-1.1,-1.1,2.7777777777777777,2.7777777777777777,7.068333333333333,-4.179472611622702,-3.772666666666665,0.49951054093438696,-0.0499999999999996,-1.1,-1.1,2.7777777777777777,2.7777777777777777
3,1.2000000000000002,True,2,0.0,1.0,1.0,True,6.468333333333334,-4.051199544347155,-4.262377777777776,-0.16164451770858612,-0.07999999999999963,-1.2000000000000002,-1.2000000000000002,2.7777777777777777,2.7777777777777777,6.468333333333334,-4.051199544347155,-4.262377777777776,-0.16164451770858612,-0.07999999999999963,-1.2000000000000002,-1.2000000000000002,2.7777777777777777,2.7777777777777777
3,1.3,True,2,0.0,1.0,1.0,True,5.868333333333334,-3.9573311712985833,-4.174561111111111,1.2041849923246608,-0.4800000000000004,-1.3,-1.3,2.7777777777777777,2.7777777777777777,5.868333333333334,-4.2248958772065395,-3.498272222222222,0.19801536049026502,-0.09000000000000008,-1.3,-1.3,2.7777777777777777,2.7777777777777777
3,1.4000000000000001,True,2,0.0,1.0,1.0,True,6.468333333333334,-2.903841073958435,-4.1825333333333345,-0.645437060272831,-0.49999999999999956,-1.4000000000000001,-1.4000000000000001,2.7777777777777777,2.7777777777777777,6.468333333333334,-3.6038812023009035,-3.0753666666666684,0.05154461437800384,-0.08000000000000007,-1.4000000000000001,-1.4000000000000001,2.7777777777777777,2.7777777777777777
3,1.5,True,2,0.0,1.0,1.0,True,7.068333333333333,-4.298949075827466,-4.2717777777777775,0.2184243015786249,-0.5,-1.5,-1.5,2.7777777777777777,2.7777777777777777,7.574333333333334,-3.708991003161528,-2.9846111111111098,1.344722211331637,-0.04999999999999982,-1.5,-1.5,2.7777777777777777,2.7777777777777777
3,1.6,True,2,0.0,1.0,1.0,True,1.468333333333335,-3.105206986114662,-4.299111111111158,-1.5431130704491198,-1.879999999999999,0.0,0.0,2.7777777777777777,2.7777777777777777,6.468333333333334,-4.089288230068994,-2.671611111111111,0.42102730181869896,-0.1599999999999997,-1.6,-1.6,2.7777777777777777,2.7777777777777777
3,1.7000000000000002,True,2,0.0,1.0,1.0,True,2.868333333333335,-2.091682276010366,-1.403722222222222,-0.8829074624051438,-0.6099999999999994,-1.7000000000000002,-1.7000000000000002,2.7777777777777777,2.7777777777777777,4.668333333333335,-1.7353728921671392,-1.1965555555555563,-0.673360345964761,-0.09999999999999964,-1.7000000000000002,-1.7000000000000002,2.7777777777777777,2.7777777777777777
4,0.0,False,0,4.0,1.0,1.0,True,8.333333333333334,-3.9877537349636016,-4.266666666666667,0.8989847534471163,1.6,0.0,0.0,2.7777777777777777,2.7777777777777777,,,,,,,,,
4,0.1,False,0,4.0,0.0,0.0,False,8.333333333333334,-3.7945529426967353,-4.266666666666667,1.0430410918463244,1.4500000000000002,-0.1,-0.1,2.7777777777777777,2.7777777777777777,8.333333333333334,77.08576332669399,76.84444444444432,-0.5663651336605136,-0.00999999999999579,-0.1,-0.1,2.7777777777777777,2.7777777777777777
4,0.2,False,0,4.0,1.0,1.0,True,8.333333333333334,-3.9178795427345934,-4.266666666666667,2.568223507660661,1.3000000000000003,-0.2,-0.2,2.7777777777777777,2.7777777777777777,8.333333333333334,33.655128909381936,32.40000000000009,-1.1320125989642087,-0.019999999999997353,-0.2,-0.2,2.7777777777777777,2.7777777777777777
4,0.30000000000000004,False,0,3.133333333333334,1.0,1.0,True,8.333333333333334,-3.7611548809390802,-4.266666666666667,0.5823506412304273,1.1500000000000004,-0.30000000000000004,-0.30000000000000004,2.7777777777777777,2.7777777777777777,8.333333333333334,15.073051202275074,17.400000000000038,-0.2759241918706472,-0.020000000000001572,-0.30000000000000004,-0.30000000000000004,2.7777777777777777,2.7777777777777777
4,0.4,False,0,1.7999999999999994,1.0,1.0,True,8.333333333333334,-3.4429798758627177,-4.266666666666667,1.0051550735891426,1.0,-0.4,-0.4,2.7777777777777777,2.7777777777777777,8.333333333333334,10.634309043318993,9.622222222222216,-0.6807185905349304,-6.661338147750939e-16,-0.4,-0.4,2.7777777777777777,2.7777777777777777
4,0.5,False,0,1.0,1.0,1.0,True,8.333333333333334,-3.1953222683138938,-4.266666666666667,0.6234337790614144,0.8500000000000001,-0.5,-0.5,2.7777777777777777,2.7777777777777777,8.333333333333334,5.682633190641941,5.1777777777777745,0.08218554981928272,0.0,-0.5,-0.5,2.7777777777777777,2.7777777777777777
4,0.6000000000000001,False,0,0.46666666666666773,1.0,1.0,True,8.333333333333334,-4.040703443509799,-4.266666666666667,1.3609306081504746,0.7000000000000002,-0.6000000000000001,-0.6000000000000001,2.7777777777777777,2.7777777777777777,8.333333333333334,3.303874841359508,2.3999999999999977,0.03434272442859543,-0.019999999999999574,-0.6000000000000001,-0.6000000000000001,2.7777777777777777,2.7777777777777777
4,0.7000000000000001,False,0,0.08571428571428673,1.0,1.0,True,8.333333333333334,-3.7390585306928275,-4.266666666666667,1.135242981201654,0.5500000000000003,-0.7000000000000001,-0.7000000000000001,2.7777777777777777,2.7777777777777777,8.333333333333334,1.5181815926202775,0.17777777777777803,-0.5604217785465475,-0.009999999999999343,-0.7000000000000001,-0.7000000000000001,2.7777777777777777,2.7777777777777777
4,0.8,True,1,0.0,1.0,1.0,True,8.333333333333334,-3.1482742753138586,-4.266666666666667,0.7540237733010269,0.3999999999999999,-0.8,-0.8,2.7777777777777777,2.7777777777777777,8.333333333333334,-1.037916493653369,-1.4888888888888863,-0.38250797274616977,-2.220446049250313e-16,-0.8,-0.8,2.7777777777777777,2.7777777777777777
4,0.9,True,1,0.0,1.0,1.0,True,7.574333333333334,-4.015077514399258,-4.168883333333331,1.3387567236512221,0.24999999999999956,-0.9,-0.9,2.7777777777777777,2.7777777777777777,7.574333333333334,-3.1568212330541003,-2.9921500000000014,-0.5182220838170997,-0.02000000000000024,-0.9,-0.9,2.7777777777777777,2.7777777777777777
4,1.0,True,2,0.0,1.0,1.0,True,4.668333333333335,-4.1190906962347205,-4.262944444444446,0.3369108912842522,-0.2999999999999998,-1.0,-1.0,2.7777777777777777,2.7777777777777777,5.868333333333334,-2.8610202057201457,-3.7098888888888863,-0.31179868985980796,0.0,-1.0,-1.0,2.7777777777777777,2.7777777777777777
4,1.1,True,2,0.0,1.0,1.0,True,7.068333333333333,-4.252835957623961,-4.191811111111112,-1.876440328504202,-0.1599999999999997,-1.1,-1.1,2.7777777777777777,2.7777777777777777,7.574333333333334,-3.7753862184528524,-3.9791333333333307,0.3212171078925783,-0.0499999999999996,-1.1,-1.1,2.7777777777777777,2.7777777777777777
4,1.2000000000000002,True,2,0.0,1.0,1.0,True,2.868333333333335,-2.9605203832856537,-3.775833333333332,-0.7372070226238818,-1.279999999999999,-1.2000000000000002,-1.2000000000000002,2.7777777777777777,2.7777777777777777,5.868333333333334,-3.8037142153472407,-2.8452777777777767,-0.42187765856250037,-0.07999999999999963,-1.2000000000000002,-1.2000000000000002,2.7777777777777777,2.7777777777777777
4,1.3,True,2,0.0,1.0,1.0,True,5.868333333333334,-3.051878374842306,-4.239855555555558,-0.9725275577889174,-0.6100000000000003,-1.3,-1.3,2.7777777777777777,2.7777777777777777,7.574333333333334,-1.718554897177488,-2.9439222222222208,0.7399133997443808,-0.09000000000000008,-1.3,-1.3,2.7777777777777777,2.7777777777777777
4,1.4000000000000001,True,2,0.0,1.0,1.0,True,2.868333333333335,-4.231391764157004,-3.6196111111111113,-0.8789473952943203,-1.1999999999999988,-1.4000000000000001,-1.4000000000000001,2.7777777777777777,2.7777777777777777,6.468333333333334,-3.915238126547913,-2.2271666666666663,0.3295228118398068,-0.08000000000000007,-1.4000000000000001,-1.4000000000000001,2.7777777777777777,2.7777777777777777
4,1.5,True,2,0.0,1.0,1.0,True,7.068333333333333,-2.3328144273958396,-4.25638888888889,-0.572207418002838,-0.7999999999999998,-1.5,-1.5,2.7777777777777777,2.7777777777777777,7.953833333333334,-1.2871851571685076,-2.0605111111111087,0.25800670888384936,-0.04999999999999982,-1.5,-1.5,2.7777777777777777,2.7777777777777777
4,1.6,True,2,0.0,1.0,1.0,True,2.868333333333335,-2.9661214831389175,-2.070388888888888,-0.00977630280319497,-0.9600000000000004,-1.6,-1.6,2.7777777777777777,2.7777777777777777,5.868333333333334,0.8651140864239677,-1.425111111111108,2.251045309253304,-0.1599999999999997,-1.6,-1.6,2.7777777777777777,2.7777777777777777
4,1.7000000000000002,True,2,0.0,1.0,1.0,True,2.868333333333335,-1.9013299948073135,-1.5148333333333328,0.47410293830970973,-0.9499999999999993,-1.7000000000000002,-1.7000000000000002,2.7777777777777777,2.7777777777777777,5.868333333333334,-1.933151240275758,-0.8695555555555545,0.6459287836521623,-0.09999999999999964,-1.7000000000000002,-1.7000000000000002,2.7777777777777777,2.7777777777777777
5,0.0,False,0,4.0,0.0,0.0,False,8.333333333333334,-3.7719437587966267,-4.155555555555554,2.762472019994766,1.6,0.0,0.0,2.7777777777777777,2.7777777777777777,,,,,,,,,
5,0.1,False,0,4.0,1.0,1.0,True,8.333333333333334,-4.133861955080074,-4.155555555555554,2.9438272066079194,1.4300000000000002,-0.1,-0.1,2.7777777777777777,2.7777777777777777,8.333333333333334,76.13419382411827,75.84444444444432,0.7940585524371016,-0.00999999999999579,-0.1,-0.1,2.7777777777777777,2.7777777777777777
5,0.2,False,0,4.0,1.0,1.0,True,8.333333333333334,-3.264822581498433,-4.155555555555554,2.0709353212554187,1.2600000000000002,-0.2,-0.2,2.7777777777777777,2.7777777777777777,8.333333333333334,33.05144359918353,31.400000000000087,-1.440575421698444,-0.019999999999997353,-0.2,-0.2,2.7777777777777777,2.7777777777777777
5,0.30000000000000004,False,0,2.933333333333334,1.0,1.0,True,8.333333333333334,-3.1750477658666325,-4.155555555555554,0.9162902436693532,1.0900000000000003,-0.30000000000000004,-0.30000000000000004,2.7777777777777777,2.7777777777777777,8.333333333333334,18.1820305844882,16.400000000000038,-0.5105134960472011,-0.020000000000001572,-0.30000000000000004,-0.30000000000000004,2.7777777777777777,2.7777777777777777
5,0.4,False,0,1.5999999999999992,1.0,1.0,True,8.333333333333334,-2.368776706364492,-4.155555555555554,1.3162223780716338,0.9199999999999999,-0.4,-0.4,2.7777777777777777,2.7777777777777777,8.333333333333334,7.079727711754946,8.622222222222216,-1.8552130784773817,-6.661338147750939e-16,-0.4,-0.4,2.7777777777777777,2.7777777777777777
5,0.5,False,0,0.7999999999999998,1.0,1.0,True,8.333333333333334,-2.211911194897305,-4.155555555555554,0.9168434997848194,0.75,-0.5,-0.5,2.7777777777777777,2.7777777777777777,8.333333333333334,4.213230666444152,4.1777777777777745,0.38571116265267946,0.0,-0.5,-0.5,2.7777777777777777,2.7777777777777777
5,0.6000000000000001,False,0,0.2666666666666676,1.0,1.0,True,8.206833333333334,-4.252781626841432,-4.193505555555556,1.0406072364184977,0.5800000000000005,-0.6000000000000001,-0.6000000000000001,2.7777777777777777,2.7777777777777777,8.206833333333334,0.009109039620345705,1.235550000000015,0.21422355218720313,-0.019999999999999574,-0.6000000000000001,-0.6000000000000001,2.7777777777777777,2.7777777777777777
5,0.7000000000000001,True,1,0.0,1.0,1.0,True,7.574333333333334,-3.6840071778781374,-4.2799944444444415,-0.537806289892006,0.4100000000000006,-0.7000000000000001,-0.7000000000000001,2.7777777777777777,2.7777777777777777,7.068333333333333,-1.4510307799112487,-1.745672222222228,-1.6605859165857597,-0.009999999999999343,-0.7000000000000001,-0.7000000000000001,2.7777777777777777,2.7777777777777777
5,0.8,True,2,0.0,1.0,1.0,True,2.868333333333335,-3.8410651660335047,-3.9696833333333315,1.0581298338385348,-0.3200000000000005,-0.8,-0.8,2.7777777777777777,2.7777777777777777,4.068333333333335,-4.217452083783733,-3.6334611111111093,-0.0696019846362792,-2.220446049250313e-16,-0.8,-0.8,2.7777777777777777,2.7777777777777777
5,0.9,True,1,0.0,1.0,1.0,True,7.068333333333333,-4.1291104621825445,-4.143949999999999,0.5780672020783109,-0.02000000000000024,-0.9,-0.9,2.7777777777777777,2.7777777777777777,7.068333333333333,-4.1291104621825445,-4.143949999999999,0.5780672020783109,-0.02000000000000024,-0.9,-0.9,2.7777777777777777,2.7777777777777777
5,1.0,True,2,0.0,1.0,1.0,True,2.868333333333335,-2.5509756422826806,-3.4307222222222213,0.18343990513120856,-0.6000000000000001,-1.0,-1.0,2.7777777777777777,2.7777777777777777,5.268333333333334,-2.6335462083497747,-2.8963888888888887,0.7386432590649474,0.0,-1.0,-1.0,2.7777777777777777,2.7777777777777777
5,1.1,True,2,0.0,1.0,1.0,True,2.868333333333335,-2.5750594127940714,-2.98611111111111,0.9040052081669532,-0.6000000000000001,-1.1,-1.1,2.7777777777777777,2.7777777777777777,5.268333333333334,-3.0383996547479155,-2.3408333333333315,1.6636340306668775,-0.0499999999999996,-1.1,-1.1,2.7777777777777777,2.7777777777777777
5,1.2000000000000002,True,2,0.0,1.0,1.0,True,2.868333333333335,-1.096665829486878,-0.9438888888888881,-0.3336453503582908,-0.3199999999999994,-1.2000000000000002,-1.2000000000000002,2.7777777777777777,2.7777777777777777,4.068333333333335,-3.0814329199254624,-0.8657777777777769,-0.039580532409746905,-0.07999999999999963,-1.2000000000000002,-1.2000000000000002,2.7777777777777777,2.7777777777777777
5,1.3,True,2,0.0,1.0,1.0,True,2.868333333333335,-2.6806639561401946,-1.6259444444444435,-1.3637460677667859,-0.6100000000000003,-1.3,-1.3,2.7777777777777777,2.7777777777777777,5.268333333333334,-2.477548414599762,-1.2297222222222226,0.3269668791327782,-0.09000000000000008,-1.3,-1.3,2.7777777777777777,2.7777777777777777
5,1.4000000000000001,True,2,0.0,1.0,1.0,True,2.868333333333335,-1.269750560480845,-1.6259444444444435,-1.4017300395156744,-0.7799999999999994,-1.4000000000000001,-1.4000000000000001,2.7777777777777777,2.7777777777777777,5.868333333333334,-2.101320429227729,-0.9806666666666652,-0.5403067951259748,-0.08000000000000007,-1.4000000000000001,-1.4000000000000001,2.7777777777777777,2.7777777777777777
5,1.5,True,2,0.0,1.0,1.0,True,2.868333333333335,-1.7586890350020257,-0.5148333333333328,-1.0600476189877663,-0.6499999999999999,-1.5,-1.5,2.7777777777777777,2.7777777777777777,5.268333333333334,-0.8703625930022136,-0.11861111111111011,1.4612281035710084,-0.04999999999999982,-1.5,-1.5,2.7777777777777777,2.7777777777777777
5,1.6,True,2,0.0,1.0,1.0,True,2.9418333333333346,-2.3375851138682657,-0.6385888888888891,1.0398749212530678,-0.9600000000000004,-1.6,-1.6,2.7777777777777777,2.7777777777777777,5.268333333333334,-0.9896943008893304,-0.11861111111111011,0.6584221854276682,-0.1599999999999997,-1.6,-1.6,2.7777777777777777,2.7777777777777777
5,1.7000000000000002,False,0,0.07208366854384556,1.0,1.0,True,2.868333333333335,0.3186617057535299,0.04072222222222255,-0.8202199986336107,-0.7799999999999994,-1.7000000000000002,-1.7000000000000002,2.7777777777777777,2.7777777777777777,5.268333333333334,-1.8234356210863956,0.43694444444444525,1.06782539651459,-0.09999999999999964,-1.7000000000000002,-1.7000000000000002,2.7777777777777777,2.7777777777777777
6,0.0,False,0,4.0,0.0,0.0,False,8.333333333333334,-3.6942745450511376,-4.044444444444442,0.9468540810030706,1.6,0.0,0.0,2.7777777777777777,2.7777777777777777,,,,,,,,,
6,0.1,False,0,4.0,1.0,1.0,True,8.333333333333334,-3.0506977678100045,-4.044444444444442,1.3166950250412057,1.4100000000000001,-0.1,-0.1,2.7777777777777777,2.7777777777777777,8.333333333333334,73.86434354556191,74.84444444444432,1.509657409194633,-0.00999999999999579,-0.1,-0.1,2.7777777777777777,2.7777777777777777
6,0.2,False,0,4.0,1.0,1.0,True,8.333333333333334,-3.7252920999297023,-4.044444444444442,0.6716060281566278,1.2200000000000002,-0.2,-0.2,2.7777777777777777,2.7777777777777777,8.333333333333334,30.936187526133917,30.400000000000087,-0.15694318658944084,-0.019999999999997353,-0.2,-0.2,2.7777777777777777,2.7777777777777777
6,0.30000000000000004,False,0,2.733333333333334,1.0,1.0,True,8.333333333333334,-3.9388253090345424,-4.044444444444442,1.2974665325451769,1.0300000000000002,-0.30000000000000004,-0.30000000000000004,2.7777777777777777,2.7777777777777777,8.333333333333334,15.319397769296614,15.400000000000038,0.43844893802249274,-0.020000000000001572,-0.30000000000000004,-0.30000000000000004,2.7777777777777777,2.7777777777777777
6,0.4,False,0,1.399999999999999,1.0,1.0,True,8.333333333333334,-3.0788972704994686,-4.044444444444442,1.931036238633184,0.8399999999999999,-0.4,-0.4,2.7777777777777777,2.7777777777777777,8.333333333333334,8.253896340149769,7.622222222222217,0.9588147779269582,-6.661338147750939e-16,-0.4,-0.4,2.7777777777777777,2.7777777777777777
6,0.5,False,0,0.6000000000000005,1.0,1.0,True,8.333333333333334,-2.7762423818379824,-4.044444444444442,0.7322249302339898,0.6499999999999999,-0.5,-0.5,2.7777777777777777,2.7777777777777777,8.333333333333334,2.4431153079774157,3.1777777777777745,-0.8613960409768624,0.0,-0.5,-0.5,2.7777777777777777,2.7777777777777777
6,0.6000000000000001,False,0,0.06666666666666783,1.0,1.0,True,8.206833333333334,-2.9363559041369216,-4.082394444444444,1.9451862808923996,0.4600000000000004,-0.6000000000000001,-0.6000000000000001,2.7777777777777777,2.7777777777777777,8.206833333333334,1.1253146184480167,0.26085000000001646,-0.9316659731710006,-0.019999999999999574,-0.6000000000000001,-0.6000000000000001,2.7777777777777777,2.7777777777777777
6,0.7000000000000001,True,1,0.0,1.0,1.0,True,7.574333333333334,-3.750982603785615,-4.289905555555554,-0.26912729802508406,0.27000000000000046,-0.7000000000000001,-0.7000000000000001,2.7777777777777777,2.7777777777777777,7.574333333333334,-2.690186376948506,-2.3914722222222187,1.766741866120797,-0.009999999999999343,-0.7000000000000001,-0.7000000000000001,2.7777777777777777,2.7777777777777777
6,0.8,True,1,0.0,1.0,1.0,True,8.206833333333334,-3.217049909934709,-4.069744444444443,0.7870126723101847,0.07999999999999963,-0.8,-0.8,2.7777777777777777,2.7777777777777777,7.953833333333334,-2.4124749794854585,-3.55213888888889,0.26381525721726495,-2.220446049250313e-16,-0.8,-0.8,2.7777777777777777,2.7777777777777777
6,0.9,True,2,0.0,1.0,1.0,True,2.868333333333335,-3.4117138551127235,-2.5416666666666687,-1.550021198861714,-0.2899999999999998,-0.9,-0.9,2.7777777777777777,2.7777777777777777,4.668333333333335,-3.9412439177609633,-2.334500000000001,-0.11084074560443913,-0.02000000000000024,-0.9,-0.9,2.7777777777777777,2.7777777777777777
6,1.0,True,2,0.0,1.0,1.0,True,3.1418333333333344,0.7803572623348023,-1.2562000000000006,0.3589880925841311,-0.19999999999999996,-1.0,-1.0,2.7777777777777777,2.7777777777777777,4.268333333333334,-1.4142847321301284,-1.123388888888889,-0.9826863035185138,0.0,-1.0,-1.0,2.7777777777777777,2.7777777777777777
6,1.1,True,2,0.0,1.0,1.0,True,2.868333333333335,-1.1990085220588211,-2.2926111111111096,-0.29423256627313377,-0.6000000000000001,-1.1,-1.1,2.7777777777777777,2.7777777777777777,5.868333333333334,-2.1666326998138272,-1.6473333333333313,0.19964433356773403,-0.0499999999999996,-1.1,-1.1,2.7777777777777777,2.7777777777777777
6,1.2000000000000002,True,2,0.0,1.0,1.0,True,2.868333333333335,-2.6572721851543895,-1.7370555555555542,-0.2366618200198023,-0.6799999999999993,-1.2000000000000002,-1.2000000000000002,2.7777777777777777,2.7777777777777777,5.868333333333334,-2.0380666315805973,-1.091777777777776,0.7952145492311913,-0.07999999999999963,-1.2000000000000002,-1.2000000000000002,2.7777777777777777,2.7777777777777777
6,1.3,True,2,0.0,1.0,1.0,True,2.9418333333333337,-2.0454781034714857,-0.20884444444444217,1.0111525840500946,-0.6100000000000003,-1.3,-1.3,2.7777777777777777,2.7777777777777777,4.868333333333334,-1.2452802570209327,0.11677777777777809,1.2014251366113555,-0.09000000000000008,-1.3,-1.3,2.7777777777777777,2.7777777777777777
6,1.4000000000000001,True,2,0.0,1.0,1.0,True,3.1418333333333344,-2.055742640259047,-0.7006444444444435,0.0012491113678261279,-0.7799999999999994,-1.4000000000000001,-1.4000000000000001,2.7777777777777777,2.7777777777777777,5.868333333333334,0.2492874018872806,0.019333333333334757,1.2552874799204887,-0.08000000000000007,-1.4000000000000001,-1.4000000000000001,2.7777777777777777,2.7777777777777777
6,1.5,True,2,0.0,1.0,1.0,True,2.868333333333335,-1.0860610360214737,-1.1815000000000007,-1.4458913012599384,-1.1,-1.5,-1.5,2.7777777777777777,2.7777777777777777,7.068333333333333,-2.1274013707685357,0.14188888888889029,-0.11402956909323869,-0.04999999999999982,-1.5,-1.5,2.7777777777777777,2.7777777777777777
6,1.6,False,0,0.35389248271246954,1.0,1.0,True,3.068333333333335,-0.8267901741173,0.4651666666666676,0.5790356194730459,-0.8000000000000003,-1.6,-1.6,2.7777777777777777,2.7777777777777777,5.268333333333334,-0.7937966843884121,0.8813888888888899,-0.747563284335413,-0.1599999999999997,-1.6,-1.6,2.7777777777777777,2.7777777777777777
6,1.7000000000000002,False,0,0.4732215087828482,1.0,1.0,True,3.015333333333332,0.39847528111582964,0.5817611111111125,-0.8511752201830636,-1.1199999999999992,-1.7000000000000002,-1.7000000000000002,2.7777777777777777,2.7777777777777777,5.541833333333333,2.0774272220160253,1.3622444444444461,0.38752036466130724,-0.09999999999999964,-1.7000000000000002,-1.7000000000000002,2.7777777777777777,2.7777777777777777
7,0.0,False,0,4.0,1.0,1.0,True,8.333333333333334,-4.250101823471215,-4.111111111111113,1.9219136695977466,1.6,0.0,0.0,2.7777777777777777,2.7777777777777777,,,,,,,,,
7,0.1,False,0,4.0,1.0,1.0,True,8.333333333333334,-3.396605860575,-4.111111111111113,1.4209992901576647,1.4,-0.1,-0.1,2.7777777777777777,2.7777777777777777,8.333333333333334,73.22175569112677,73.84444444444432,-1.7570857398405555,-0.00999999999999579,-0.1,-0.1,2.7777777777777777,2.7777777777777777
7,0.2,False,0,4.0,1.0,1.0,True,8.333333333333334,-4.1808581120503865,-4.111111111111113,0.7364687113411175,1.2000000000000002,-0.2,-0.2,2.7777777777777777,2.7777777777777777,8.333333333333334,30.768741189021913,29.400000000000087,0.8315622837036534,-0.019999999999997353,-0.2,-0.2,2.7777777777777777,2.7777777777777777
7,0.30000000000000004,False,0,2.5333333333333337,1.0,1.0,True,8.333333333333334,-3.739491137977171,-4.111111111111113,0.6792436814384946,1.0000000000000004,-0.30000000000000004,-0.30000000000000004,2.7777777777777777,2.7777777777777777,8.333333333333334,16.04686851110043,14.400000000000038,-0.43856452404865487,-0.020000000000001572,-0.30000000000000004,-0.30000000000000004,2.7777777777777777,2.7777777777777777
7,0.4,False,0,1.1999999999999988,1.0,1.0,True,8.333333333333334,-4.037414151811727,-4.111111111111113,0.3539193475920155,0.7999999999999998,-0.4,-0.4,2.7777777777777777,2.7777777777777777,8.333333333333334,6.4799502386828935,6.622222222222217,0.20372549863604794,-6.661338147750939e-16,-0.4,-0.4,2.7777777777777777,2.7777777777777777
7,0.5,False,0,0.40000000000000036,1.0,1.0,True,7.953833333333334,-4.021334985851971,-4.0605111111111105,2.062823824821543,0.6000000000000001,-0.5,-0.5,2.7777777777777777,2.7777777777777777,7.953833333333334,2.7797344094758296,1.6717777777777885,1.957595529267397,0.0,-0.5,-0.5,2.7777777777777777,2.7777777777777777
7,0.6000000000000001,True,1,0.0,1.0,1.0,True,7.068333333333333,-3.7670674179129824,-4.249216666666668,-0.347566881000799,0.3400000000000003,-0.6000000000000001,-0.6000000000000001,2.7777777777777777,2.7777777777777777,6.468333333333334,-2.4801662021817306,-2.1364499999999955,-0.6010767163337625,-0.019999999999999574,-0.6000000000000001,-0.6000000000000001,2.7777777777777777,2.7777777777777777
7,0.7000000000000001,True,1,0.0,1.0,1.0,True,6.468333333333334,-3.6766760433545462,-4.1892166666666695,0.1784598667513113,0.13000000000000078,-0.7000000000000001,-0.7000000000000001,2.7777777777777777,2.7777777777777777,5.268333333333334,-2.8727090258715604,-3.8526722222222203,0.2571727980470184,-0.009999999999999343,-0.7000000000000001,-0.7000000000000001,2.7777777777777777,2.7777777777777777
7,0.8,True,2,0.0,1.0,1.0,True,2.868333333333335,-2.3123224484654292,-1.8102166666666681,0.49080481298499246,-0.0800000000000003,-0.8,-0.8,2.7777777777777777,2.7777777777777777,3.468333333333335,-1.7945990157200837,-1.8011611111111092,0.4400524768530083,-2.220446049250313e-16,-0.8,-0.8,2.7777777777777777,2.7777777777777777
7,0.9,True,2,0.0,1.0,1.0,True,3.1418333333333344,-2.3296946270786334,-1.3673111111111096,-0.5632941987981641,-0.19999999999999996,-0.9,-0.9,2.7777777777777777,2.7777777777777777,4.268333333333334,-1.9580017768138047,-1.2344999999999997,0.4206489180451798,-0.02000000000000024,-0.9,-0.9,2.7777777777777777,2.7777777777777777
7,1.0,True,2,0.0,1.0,1.0,True,2.868333333333335,-1.8478319861522587,-0.7370555555555542,-1.1788167011166202,-0.2999999999999998,-1.0,-1.0,2.7777777777777777,2.7777777777777777,4.668333333333335,-1.0601296496650017,-0.5298888888888884,-1.700231013344391,0.0,-1.0,-1.0,2.7777777777777777,2.7777777777777777
7,1.1,True,2,0.0,1.0,1.0,True,2.8153333333333324,-0.15573255014061882,-0.4440555555555532,1.7776364083887564,-0.4900000000000002,-1.1,-1.1,2.7777777777777777,2.7777777777777777,4.941833333333333,0.7491318073389595,-0.07638333333333147,-1.2919194108419112,-0.0499999999999996,-1.1,-1.1,2.7777777777777777,2.7777777777777777
7,1.2000000000000002,False,0,0.5095811612439339,1.0,1.0,True,3.1418333333333335,-2.121798884181495,0.7058555555555577,-1.2763528443363938,-0.4399999999999995,-1.2000000000000002,-1.2000000000000002,2.7777777777777777,2.7777777777777777,4.468333333333334,1.9495559142300722,0.9477222222222226,0.005689315127256789,-0.07999999999999963,-1.2000000000000002,-1.2000000000000002,2.7777777777777777,2.7777777777777777
7,1.3,True,2,0.0,1.0,1.0,True,3.215333333333332,-1.9223800119625354,-0.026449999999997864,0.6317474795210409,-0.7400000000000007,-1.3,-1.3,2.7777777777777777,2.7777777777777777,5.668333333333333,0.42085986449238977,0.7102777777777787,0.4897677466051795,-0.09000000000000008,-1.3,-1.3,2.7777777777777777,2.7777777777777777
7,1.4000000000000001,False,0,0.6192211781414637,1.0,1.0,True,3.141833333333332,1.404898702792388,0.9882555555555621,-1.176438062155328,-0.7799999999999994,-1.4000000000000001,-1.4000000000000001,2.7777777777777777,2.7777777777777777,5.141833333333333,1.245101916649186,1.570283333333335,0.3338429887446055,-0.08000000000000007,-1.4000000000000001,-1.4000000000000001,2.7777777777777777,2.7777777777777777
7,1.5,False,0,0.22426860115496508,1.0,1.0,True,2.8153333333333337,0.776493947614413,0.19354999999999922,1.9155535213239618,-1.1,-1.5,-1.5,2.7777777777777777,2.7777777777777777,6.468333333333334,0.19147151669840579,1.3283888888888908,0.1344645196358445,-0.04999999999999982,-1.5,-1.5,2.7777777777777777,2.7777777777777777
7,1.6,False,0,0.8891202709191538,1.0,1.0,True,2.921333333333331,-0.8472670512488678,1.8516611111111123,-1.4099355088402368,-0.9600000000000004,-1.6,-1.6,2.7777777777777777,2.7777777777777777,5.047833333333331,3.3860605841656355,2.374038888888892,-0.9329443882917088,-0.1599999999999997,-1.6,-1.6,2.7777777777777777,2.7777777777777777
7,1.7000000000000002,False,0,0.6229755530354145,1.0,1.0,True,3.1213333333333315,2.122923033200462,1.0598611111111138,-0.6709573007914877,-1.1199999999999992,-1.7000000000000002,-1.7000000000000002,2.7777777777777777,2.7777777777777777,6.047833333333333,1.5836305838233065,2.0839444444444455,2.2794834086709206,-0.09999999999999964,-1.7000000000000002,-1.7000000000000002,2.7777777777777777,2.7777777777777777
8,0.0,False,0,4.0,1.0,1.0,True,8.333333333333334,-3.676083037833723,-4.222222222222224,1.8266922070236093,1.6,0.0,0.0,2.7777777777777777,2.7777777777777777,,,,,,,,,
8,0.1,False,0,4.0,1.0,1.0,True,8.333333333333334,-3.102519246212835,-4.222222222222224,2.143724378502529,1.38,-0.1,-0.1,2.7777777777777777,2.7777777777777777,8.333333333333334,74.7659319742301,72.84444444444432,0.3667780256798596,-0.00999999999999579,-0.1,-0.1,2.7777777777777777,2.7777777777777777
8,0.2,False,0,4.0,1.0,1.0,True,8.333333333333334,-3.167310256388954,-4.222222222222224,-0.3621005252856033,1.1600000000000001,-0.2,-0.2,2.7777777777777777,2.7777777777777777,8.333333333333334,28.919907612774278,28.400000000000087,0.24124714282746673,-0.019999999999997353,-0.2,-0.2,2.7777777777777777,2.7777777777777777
8,0.30000000000000004,False,0,2.433333333333333,1.0,1.0,True,8.333333333333334,-3.525163472622565,-4.222222222222224,0.6176947177831389,0.9400000000000004,-0.30000000000000004,-0.30000000000000004,2.7777777777777777,2.7777777777777777,8.333333333333334,13.318486778450136,13.400000000000038,-0.2517347098266516,-0.020000000000001572,-0.30000000000000004,-0.30000000000000004,2.7777777777777777,2.7777777777777777
8,0.4,False,0,1.0999999999999988,1.0,1.0,True,8.333333333333334,-4.061519106605277,-4.222222222222224,0.6927702400306388,0.7199999999999998,-0.4,-0.4,2.7777777777777777,2.7777777777777777,8.333333333333334,6.419377758090971,5.622222222222217,0.875753778800124,-6.661338147750939e-16,-0.4,-0.4,2.7777777777777777,2.7777777777777777
8,0.5,True,1,0.0,1.0,1.0,True,7.068333333333333,-2.5094396735857165,-4.239672222222221,0.1578150475340756,0.4500000000000002,-0.5,-0.5,2.7777777777777777,2.7777777777777777,6.468333333333334,-0.6583488240988435,-0.9181722222222133,-0.571669682699758,0.0,-0.5,-0.5,2.7777777777777777,2.7777777777777777
8,0.6000000000000001,True,2,0.0,1.0,1.0,True,2.868333333333335,-1.6277616610344117,-2.3283333333333323,0.03202829831128717,0.1600000000000006,-0.6000000000000001,-0.6000000000000001,2.7777777777777777,2.7777777777777777,2.268333333333335,-2.6516980148597566,-2.1755000000000093,0.06443511614349773,-0.019999999999999574,-0.6000000000000001,-0.6000000000000001,2.7777777777777777,2.7777777777777777
8,0.7000000000000001,True,2,0.0,1.0,1.0,True,2.868333333333335,0.09037768967751258,-1.403722222222222,-1.4131879411573942,0.06000000000000072,-0.7000000000000001,-0.7000000000000001,2.7777777777777777,2.7777777777777777,2.468333333333335,-1.259036694112278,-1.3727777777777765,-0.5739891866401536,-0.009999999999999343,-0.7000000000000001,-0.7000000000000001,2.7777777777777777,2.7777777777777777
8,0.8,False,0,0.3999999999999998,1.0,1.0,True,2.7948333333333326,-0.4044575134587154,0.46413888888889065,0.881159236423382,-2.220446049250313e-16,-0.8,-0.8,2.7777777777777777,2.7777777777777777,2.7948333333333326,-0.4044575134587154,0.46413888888889065,0.881159236423382,-2.220446049250313e-16,-0.8,-0.8,2.7777777777777777,2.7777777777777777
8,0.9,False,0,0.3594858236849306,1.0,1.0,True,2.8153333333333324,-0.24552194141104966,0.5012444444444446,0.056757914959311595,-0.1100000000000001,-0.9,-0.9,2.7777777777777777,2.7777777777777777,3.4153333333333324,-1.0656390867729586,0.5049999999999999,-0.8194375815874302,-0.02000000000000024,-0.9,-0.9,2.7777777777777777,2.7777777777777777
8,1.0,True,2,0.0,1.0,1.0,True,2.868333333333335,0.14616750289744562,-0.2926111111111096,-0.9806947117583176,-0.3999999999999999,-1.0,-1.0,2.7777777777777777,2.7777777777777777,5.268333333333334,-1.3967926470399652,0.1036111111111131,0.23935747129857088,0.0,-1.0,-1.0,2.7777777777777777,2.7777777777777777
8,1.1,False,0,0.44404294858558746,1.0,1.0,True,3.0153333333333325,-0.27642805554070105,0.5579944444444438,1.1043857324862612,-0.4900000000000002,-1.1,-1.1,2.7777777777777777,2.7777777777777777,4.941833333333333,0.7285607437722197,0.9783166666666672,-0.08385402650092821,-0.0499999999999996,-1.1,-1.1,2.7777777777777777,2.7777777777777777
8,1.2000000000000002,False,0,0.42158622362357573,1.0,1.0,True,3.141833333333333,0.39532665307221304,0.5600444444444461,0.0302959439874666,-0.6799999999999993,-1.2000000000000002,-1.2000000000000002,2.7777777777777777,2.7777777777777777,5.468333333333334,2.4014088541231624,1.1947222222222225,0.6375779203897323,-0.07999999999999963,-1.2000000000000002,-1.2000000000000002,2.7777777777777777,2.7777777777777777
8,1.3,False,0,0.8638479617882683,1.0,1.0,True,3.121333333333332,0.9006620524746891,1.96550555555556,-0.7274318426222481,-0.6100000000000003,-1.3,-1.3,2.7777777777777777,2.7777777777777777,4.847833333333332,-0.7971683107160521,2.3429277777777786,0.7869155616761332,-0.09000000000000008,-1.3,-1.3,2.7777777777777777,2.7777777777777777
8,1.4000000000000001,False,0,0.7204838452968334,1.0,1.0,True,2.815333333333331,2.6268321004711277,1.3015944444444445,-1.3786648379337714,-1.0599999999999992,-1.4000000000000001,-1.4000000000000001,2.7777777777777777,2.7777777777777777,5.741833333333332,2.0090291476024875,2.2184833333333343,0.6553366983660567,-0.08000000000000007,-1.4000000000000001,-1.4000000000000001,2.7777777777777777,2.7777777777777777
8,1.5,False,0,0.7112986182546086,1.0,1.0,True,3.121333333333332,-1.8564424901562555,1.3773000000000026,-1.6842073253756067,-1.1,-1.5,-1.5,2.7777777777777777,2.7777777777777777,6.2478333333333325,1.4824984562832393,2.4957388888888916,0.9186456526824762,-0.04999999999999982,-1.5,-1.5,2.7777777777777777,2.7777777777777777
8,1.6,False,0,0.8581941420488767,1.0,1.0,True,3.291546203639302,-0.8614751832502945,1.8352926852495886,0.6974705059107618,-1.1200000000000006,-1.6,-1.6,2.7777777777777777,2.7777777777777777,5.8180462036393035,1.4565055115573378,2.7562037407665025,0.18757973510012116,-0.1599999999999997,-1.6,-1.6,2.7777777777777777,2.7777777777777777
8,1.7000000000000002,False,0,0.8448762705057313,1.0,1.0,True,3.047833333333331,0.6270427503889779,1.6267000000000005,-0.3057077830018806,-1.459999999999999,-1.7000000000000002,-1.7000000000000002,2.7777777777777777,2.7777777777777777,6.3743333333333325,4.359794037793285,3.0386444444444463,0.22560393147764612,-0.09999999999999964,-1.7000000000000002,-1.7000000000000002,2.7777777777777777,2.7777777777777777
9,0.0,False,0,4.0,0.0,0.0,False,8.333333333333334,-2.364313161523646,-4.266666666666668,0.4491294494085696,1.6,0.0,0.0,2.7777777777777777,2.7777777777777777,,,,,,,,,
9,0.1,False,0,4.0,1.0,1.0,True,8.333333333333334,-4.118291132991877,-4.266666666666668,1.8286124658435767,1.3599999999999999,-0.1,-0.1,2.7777777777777777,2.7777777777777777,8.333333333333334,71.31646258469158,71.84444444444432,1.1115899789056232,-0.00999999999999579,-0.1,-0.1,2.7777777777777777,2.7777777777777777
9,0.2,False,0,4.0,1.0,1.0,True,8.333333333333334,-2.776802296330522,-4.266666666666668,1.38557003226428,1.12,-0.2,-0.2,2.7777777777777777,2.7777777777777777,8.333333333333334,26.451010945169163,27.400000000000087,0.9256306580599118,-0.019999999999997353,-0.2,-0.2,2.7777777777777777,2.7777777777777777
9,0.30000000000000004,False,0,2.233333333333333,1.0,1.0,True,8.333333333333334,-3.7791361754867756,-4.266666666666668,0.7242212970603936,0.8800000000000003,-0.30000000000000004,-0.30000000000000004,2.7777777777777777,2.7777777777777777,8.333333333333334,11.375581850320948,12.400000000000038,0.2320513901880652,-0.020000000000001572,-0.30000000000000004,-0.30000000000000004,2.7777777777777777,2.7777777777777777
9,0.4,False,0,0.8999999999999986,1.0,1.0,True,8.206833333333334,-3.007907609426403,-4.291966666666663,0.9245501233247779,0.6399999999999997,-0.4,-0.4,2.7777777777777777,2.7777777777777777,8.206833333333334,6.219545910884528,4.394522222222261,-0.3869856425009881,-6.661338147750939e-16,-0.4,-0.4,2.7777777777777777,2.7777777777777777
9,0.5,True,1,0.0,1.0,1.0,True,5.868333333333334,-2.9245055254622647,-4.1862944444444485,1.209037219339613,0.30000000000000027,-0.5,-0.5,2.7777777777777777,2.7777777777777777,5.868333333333334,-3.1396439725267937,-2.559372222222204,0.7881311266218431,0.0,-0.5,-0.5,2.7777777777777777,2.7777777777777777
9,0.6000000000000001,True,2,0.0,1.0,1.0,True,2.8153333333333337,-0.6352829888026763,-0.5295277777777772,-0.8808466298650659,0.22000000000000064,-0.6000000000000001,-0.6000000000000001,2.7777777777777777,2.7777777777777777,2.2153333333333336,-1.3832585336638372,-0.30455000000000165,0.5399900869246412,-0.019999999999999574,-0.6000000000000001,-0.6000000000000001,2.7777777777777777,2.7777777777777777
9,0.7000000000000001,False,0,0.22494829114547313,1.0,1.0,True,2.8153333333333337,1.0381849892864308,0.1231277777777775,-0.5901723672289492,0.06000000000000072,-0.7000000000000001,-0.7000000000000001,2.7777777777777777,2.7777777777777777,2.4153333333333338,-0.7635916232048325,0.15937222222222314,0.17126501509663994,-0.009999999999999343,-0.7000000000000001,-0.7000000000000001,2.7777777777777777,2.7777777777777777
9,0.8,False,0,0.1781747739991402,1.0,1.0,True,2.868333333333335,0.03347944092571087,0.15183333333333326,0.8035433158764795,-0.0800000000000003,-0.8,-0.8,2.7777777777777777,2.7777777777777777,3.468333333333335,-1.8191348584319647,0.1608888888888922,0.09827088738758594,-2.220446049250313e-16,-0.8,-0.8,2.7777777777777777,2.7777777777777777
9,0.9,False,0,0.732280201994044,1.0,1.0,True,2.941833333333332,-1.5957630960738802,1.3709888888888893,0.6391867418148611,-0.19999999999999996,-0.9,-0.9,2.7777777777777777,2.7777777777777777,3.741833333333332,2.9269859401240437,1.4437999999999986,-0.8891211893106956,-0.02000000000000024,-0.9,-0.9,2.7777777777777777,2.7777777777777777
9,1.0,False,0,0.8603048483865736,1.0,1.0,True,2.9435795480365425,3.4146895453965405,1.7316426741856814,1.7918253854683002,-0.3999999999999999,-1.0,-1.0,2.7777777777777777,2.7777777777777777,4.543579548036543,1.872938598316753,2.0379633822891874,-0.5787964148769063,0.0,-1.0,-1.0,2.7777777777777777,2.7777777777777777
9,1.1,False,0,0.688651917873627,1.0,1.0,True,3.0153333333333308,1.9087394756361187,1.2468888888888907,0.2978001133303012,-0.6000000000000001,-1.1,-1.1,2.7777777777777777,2.7777777777777777,5.341833333333332,4.272527259176239,1.8509666666666673,0.1797494270637512,-0.0499999999999996,-1.1,-1.1,2.7777777777777777,2.7777777777777777
9,1.2000000000000002,False,0,0.8225054908393343,1.0,1.0,True,3.047833333333331,0.7281383195650948,1.6041388888888912,1.4496076669966582,-0.7999999999999994,-1.2000000000000002,-1.2000000000000002,2.7777777777777777,2.7777777777777777,5.447833333333332,1.6776921074248383,2.3661722222222243,0.3481626625411476,-0.07999999999999963,-1.2000000000000002,-1.2000000000000002,2.7777777777777777,2.7777777777777777
9,1.3,False,0,1.0912987439662358,1.0,1.0,True,3.174333333333331,4.102942852176258,2.601400000000001,1.7292267337766458,-0.7400000000000007,-1.3,-1.3,2.7777777777777777,2.7777777777777777,5.1743333333333315,2.3166863895488126,3.1996777777777785,-0.24928369251419058,-0.09000000000000008,-1.3,-1.3,2.7777777777777777,2.7777777777777777
9,1.4000000000000001,False,0,1.2077764136301508,1.0,1.0,True,3.174333333333331,1.8770658664160829,3.1569555555555597,-0.8248888654302184,-0.7799999999999994,-1.4000000000000001,-1.4000000000000001,2.7777777777777777,2.7777777777777777,5.1743333333333315,4.58770685431804,3.755233333333334,-0.49461346468987477,-0.08000000000000007,-1.4000000000000001,-1.4000000000000001,2.7777777777777777,2.7777777777777777
9,1.5,False,0,0.9615140815702414,1.0,1.0,True,2.921333333333331,1.188833311089522,2.1596944444444484,-1.0943243155903564,-1.25,-1.5,-1.5,2.7777777777777777,2.7777777777777777,6.3743333333333325,2.1697874308057736,3.483088888888891,-1.418743510286061,-0.04999999999999982,-1.5,-1.5,2.7777777777777777,2.7777777777777777
9,1.6,False,0,1.2077764136301508,1.0,1.0,True,3.174333333333331,2.459924055523172,3.1569555555555597,-0.7796944906214212,-1.1200000000000006,-1.6,-1.6,2.7777777777777777,2.7777777777777777,5.574333333333332,1.5613831310812758,3.994888888888892,-1.208554340803222,-0.1599999999999997,-1.6,-1.6,2.7777777777777777,2.7777777777777777
9,1.7000000000000002,False,0,1.3192242054760703,1.0,0.48696481754052984,True,3.174333333333331,2.6221800180487866,3.712511111111115,-0.7896356311681458,-1.1199999999999992,-1.7000000000000002,-1.7000000000000002,2.7777777777777777,2.7777777777777777,5.574333333333332,2.569456529861456,4.550444444444447,-0.8586571837887382,-0.09999999999999964,-1.7000000000000002,-1.7000000000000002,2.7777777777777777,2.7777777777777777
10,0.0,False,0,4.0,1.0,1.0,True,8.333333333333334,-2.502756141296401,-4.155555555555558,2.192900648656408,1.6,0.0,0.0,2.7777777777777777,2.7777777777777777,,,,,,,,,
10,0.1,False,0,4.0,1.0,1.0,True,8.333333333333334,-3.919830269862916,-4.155555555555558,2.513299401025568,1.3399999999999999,-0.1,-0.1,2.7777777777777777,2.7777777777777777,8.333333333333334,70.28440018133294,70.84444444444432,1.265663759889239,-0.00999999999999579,-0.1,-0.1,2.7777777777777777,2.7777777777777777
10,0.2,False,0,4.0,1.0,1.0,True,8.333333333333334,-4.033055312560083,-4.155555555555558,0.9687796030379041,1.0799999999999996,-0.2,-0.2,2.7777777777777777,2.7777777777777777,8.333333333333334,26.648718857053357,26.400000000000087,-1.2714555028386405,-0.019999999999997353,-0.2,-0.2,2.7777777777777777,2.7777777777777777
10,0.30000000000000004,False,0,2.0333333333333328,1.0,1.0,True,8.333333333333334,-3.4715254966954125,-4.155555555555558,0.838427443079877,0.8200000000000003,-0.30000000000000004,-0.30000000000000004,2.7777777777777777,2.7777777777777777,8.333333333333334,11.491501489006776,11.400000000000038,-0.339457552043291,-0.020000000000001572,-0.30000000000000004,-0.30000000000000004,2.7777777777777777,2.7777777777777777
10,0.4,False,0,0.5999999999999983,1.0,1.0,True,7.953833333333334,-3.6031052102860412,-4.294705555555544,2.223721120140763,0.5599999999999996,-0.4,-0.4,2.7777777777777777,2.7777777777777777,7.953833333333334,2.0906862215823603,2.9517722222222433,0.8821493643374212,-6.661338147750939e-16,-0.4,-0.4,2.7777777777777777,2.7777777777777777
10,0.5,True,1,0.0,1.0,1.0,True,7.574333333333334,-3.439057275608639,-4.27999444444445,0.16304150641534676,0.30000000000000027,-0.5,-0.5,2.7777777777777777,2.7777777777777777,7.574333333333334,-2.108710446787444,-1.4420722222222002,0.1347126050664218,0.0,-0.5,-0.5,2.7777777777777777,2.7777777777777777
10,0.6000000000000001,True,2,0.0,1.0,1.0,True,2.868333333333335,-0.6532776189873486,-1.2587500000000018,-1.1813372975680168,-0.019999999999999574,-0.6000000000000001,-0.6000000000000001,2.7777777777777777,2.7777777777777777,2.868333333333335,-0.6532776189873486,-1.2587500000000018,-1.1813372975680168,-0.019999999999999574,-0.6000000000000001,-0.6000000000000001,2.7777777777777777,2.7777777777777777
10,0.7000000000000001,True,2,0.0,1.0,1.0,True,2.868333333333335,-1.444555536579883,-0.4642333333333317,-0.3074783786867987,-0.07999999999999918,-0.7000000000000001,-0.7000000000000001,2.7777777777777777,2.7777777777777777,3.468333333333335,-2.0337623406766765,-0.45517777777777635,0.4826701796197801,-0.009999999999999343,-0.7000000000000001,-0.7000000000000001,2.7777777777777777,2.7777777777777777
10,0.8,False,0,0.534134789677671,1.0,1.0,True,3.0199901810332705,1.0197588331206875,0.8662101420028288,-1.2404780961943118,-0.16000000000000036,-0.8,-0.8,2.7777777777777777,2.7777777777777777,3.9464901810332704,0.6467107909321408,0.9673026226539294,-0.4525484519343661,-2.220446049250313e-16,-0.8,-0.8,2.7777777777777777,2.7777777777777777
10,0.9,False,0,0.8358668911044929,1.0,1.0,True,2.868333333333332,1.4348286176510188,1.6957777777777752,-0.8785328447180301,-0.37999999999999967,-0.9,-0.9,2.7777777777777777,2.7777777777777777,4.468333333333332,2.0208959724453104,1.9719999999999986,-1.3046075465090972,-0.02000000000000024,-0.9,-0.9,2.7777777777777777,2.7777777777777777
10,1.0,False,0,1.066026434835351,1.0,1.0,True,3.174333333333331,0.9394679907192147,2.49028888888889,1.50077001425135,-0.3999999999999999,-1.0,-1.0,2.7777777777777777,2.7777777777777777,4.774333333333331,1.6126764657263193,2.8889111111111125,2.1172876142004395,0.0,-1.0,-1.0,2.7777777777777777,2.7777777777777777
10,1.1,False,0,1.1846116426139124,1.0,1.0,True,3.174333333333331,2.0904545420377696,3.0458444444444455,-0.14851380953450954,-0.4900000000000002,-1.1,-1.1,2.7777777777777777,2.7777777777777777,4.774333333333331,4.112464804620015,3.444466666666668,0.23187354087631817,-0.0499999999999996,-1.1,-1.1,2.7777777777777777,2.7777777777777777
10,1.2000000000000002,False,0,1.1846116426139124,1.0,0.3402106794565315,True,3.174333333333331,2.4100602515646843,3.0458444444444455,-1.0568272316398506,-0.6799999999999993,-1.2000000000000002,-1.2000000000000002,2.7777777777777777,2.7777777777777777,5.1743333333333315,2.173218090290505,3.644122222222223,1.2836314356918792,-0.07999999999999963,-1.2000000000000002,-1.2000000000000002,2.7777777777777777,2.7777777777777777
10,1.3,False,0,1.2977578379074581,1.0,0.37251602836263426,True,3.174333333333331,2.389063922016514,3.601400000000001,-0.1611014163221367,-0.7400000000000007,-1.3,-1.3,2.7777777777777777,2.7777777777777777,5.1743333333333315,1.6365794554623099,4.1996777777777785,-0.18437625060363727,-0.09000000000000008,-1.3,-1.3,2.7777777777777777,2.7777777777777777
10,1.4000000000000001,False,0,1.1846116426139124,1.0,0.12625760364203065,True,3.174333333333331,3.4190001177625264,3.0458444444444455,-0.20080166068141625,-1.0599999999999992,-1.4000000000000001,-1.4000000000000001,2.7777777777777777,2.7777777777777777,5.974333333333332,2.1848384893888015,4.163433333333333,1.3298475894292916,-0.08000000000000007,-1.4000000000000001,-1.4000000000000001,2.7777777777777777,2.7777777777777777
10,1.5,False,0,1.2977578379074581,1.0,0.42714122068710614,True,3.174333333333331,3.913005959756034,3.601400000000001,-1.0894545356433925,-1.1,-1.5,-1.5,2.7777777777777777,2.7777777777777777,5.974333333333332,4.536273173040844,4.718988888888892,0.013553290683811614,-0.04999999999999982,-1.5,-1.5,2.7777777777777777,2.7777777777777777
10,1.6,False,0,1.5124215135935772,1.0,0.0,True,3.174333333333331,2.945822209617858,4.712511111111115,-0.9862042418880838,-0.9600000000000004,-1.6,-1.6,2.7777777777777777,2.7777777777777777,5.1743333333333315,6.082846663373938,5.310788888888893,-0.3848690881974568,-0.1599999999999997,-1.6,-1.6,2.7777777777777777,2.7777777777777777
10,1.7000000000000002,False,0,1.5124215135935772,1.0,0.8792340612728773,True,2.956714760527253,3.4386736966478866,4.685008784061485,-1.2279487615718256,-1.2899999999999991,-1.7000000000000002,-1.7000000000000002,2.7777777777777777,2.7777777777777777,5.574333333333332,6.496054766814438,5.550444444444447,-0.13273944489020328,-0.09999999999999964,-1.7000000000000002,-1.7000000000000002,2.7777777777777777,2.7777777777777777
11,0.0,False,0,4.0,0.0,0.0,False,8.333333333333334,-3.178116033027929,-4.044444444444447,1.6880563740028638,1.6,0.0,0.0,2.7777777777777777,2.7777777777777777,,,,,,,,,
11,0.1,False,0,4.0,1.0,1.0,True,8.333333333333334,-4.178344183413503,-4.044444444444447,0.6090831530310488,1.3199999999999998,-0.1,-0.1,2.7777777777777777,2.7777777777777777,8.333333333333334,70.01634850522312,69.84444444444432,0.18806090251207497,-0.00999999999999579,-0.1,-0.1,2.7777777777777777,2.7777777777777777
11,0.2,False,0,4.0,1.0,1.0,True,8.333333333333334,-3.0961967317334205,-4.044444444444447,1.6632522359352078,1.0399999999999996,-0.2,-0.2,2.7777777777777777,2.7777777777777777,8.333333333333334,26.22931877341013,25.400000000000087,-0.49248226883921054,-0.019999999999997353,-0.2,-0.2,2.7777777777777777,2.7777777777777777
11,0.30000000000000004,False,0,1.8333333333333324,1.0,1.0,True,8.333333333333334,-4.240514859462098,-4.044444444444447,-0.5211552418860927,0.7600000000000002,-0.30000000000000004,-0.30000000000000004,2.7777777777777777,2.7777777777777777,8.333333333333334,11.725932070112872,10.400000000000038,-0.5431084286144685,-0.020000000000001572,-0.30000000000000004,-0.30000000000000004,2.7777777777777777,2.7777777777777777
11,0.4,False,0,0.4999999999999982,1.0,1.0,True,7.953833333333334,-3.936734770011941,-4.120344444444437,1.9532981151847437,0.47999999999999954,-0.4,-0.4,2.7777777777777777,2.7777777777777777,7.953833333333334,2.9152717987261676,2.090922222222237,0.3997180356495753,-6.661338147750939e-16,-0.4,-0.4,2.7777777777777777,2.7777777777777777
11,0.5,False,0,0.7415382267663694,1.0,1.0,True,3.141833333333334,-0.7374761420434615,0.26996111111111265,-0.17491059494432237,0.3500000000000001,-0.5,-0.5,2.7777777777777777,2.7777777777777777,1.4153333333333342,0.55448927289319,0.7836722222222123,1.8898445585048167,0.0,-0.5,-0.5,2.7777777777777777,2.7777777777777777
11,0.6000000000000001,False,0,0.43125847513232285,1.0,1.0,True,3.1213333333333333,-0.40209047179824164,0.42636111111111763,-0.34207107124679625,0.10000000000000053,-0.6000000000000001,-0.6000000000000001,2.7777777777777777,2.7777777777777777,2.521333333333333,0.9007971030433959,0.47765000000000146,-0.24456724404147812,-0.019999999999999574,-0.6000000000000001,-0.6000000000000001,2.7777777777777777,2.7777777777777777
11,0.7000000000000001,False,0,0.7700650005213956,1.0,1.0,True,3.047833333333331,1.5039032247276944,1.394566666666667,0.5214679981806571,-0.07999999999999918,-0.7000000000000001,-0.7000000000000001,2.7777777777777777,2.7777777777777777,3.447833333333331,2.3035811238116297,1.4215722222222213,-0.3357369544882949,-0.009999999999999343,-0.7000000000000001,-0.7000000000000001,2.7777777777777777,2.7777777777777777
11,0.8,False,0,0.9407541257044654,1.0,1.0,True,3.073165165991495,2.9870912923680732,2.040690389564058,-1.7131441186150762,-0.24000000000000044,-0.8,-0.8,2.7777777777777777,2.7777777777777777,4.273165165991495,0.6333302216330212,2.249306606028175,-0.057395678148382645,-2.220446049250313e-16,-0.8,-0.8,2.7777777777777777,2.7777777777777777
11,0.9,False,0,1.0407541257044652,1.0,1.0,True,3.174333333333331,0.5176421954753119,2.3791777777777776,0.3636223425839966,-0.37999999999999967,-0.9,-0.9,2.7777777777777777,2.7777777777777777,4.774333333333331,3.0450115894390217,2.7778,1.927272546321809,-0.02000000000000024,-0.9,-0.9,2.7777777777777777,2.7777777777777777
11,1.0,False,0,1.0407541257044652,1.0,1.0,True,3.174333333333331,1.2005728274175604,2.3791777777777776,-0.8996000911196882,-0.6000000000000001,-1.0,-1.0,2.7777777777777777,2.7777777777777777,5.574333333333332,2.9136115732618757,3.2171111111111133,-0.1902572175247279,0.0,-1.0,-1.0,2.7777777777777777,2.7777777777777777
11,1.1,False,0,1.3836233081819063,1.0,0.48886143172326907,True,3.174333333333331,3.322418160964511,4.0458444444444455,-1.0262043089924076,-0.4900000000000002,-1.1,-1.1,2.7777777777777777,2.7777777777777777,4.774333333333331,5.18613390720266,4.444466666666668,-0.17150068911823868,-0.0499999999999996,-1.1,-1.1,2.7777777777777777,2.7777777777777777
11,1.2000000000000002,False,0,1.5982869838680243,1.0,0.0,True,2.986390310060159,3.5197269665044812,5.119166453490979,-1.0266425356548994,-0.5599999999999992,-1.2000000000000002,-1.2000000000000002,2.7777777777777777,2.7777777777777777,4.374333333333331,5.3618601104174735,5.395922222222224,1.4582279805129326,-0.07999999999999963,-1.2000000000000002,-1.2000000000000002,2.7777777777777777,2.7777777777777777
11,1.3,False,0,1.1614468715976742,1.0,1.0,True,3.174333333333331,1.05356885506123,2.934733333333331,-1.067994171809054,-1.1300000000000008,-1.3,-1.3,2.7777777777777777,2.7777777777777777,6.3743333333333325,3.8808326601257095,4.371977777777777,-0.851257682378447,-0.09000000000000008,-1.3,-1.3,2.7777777777777777,2.7777777777777777
11,1.4000000000000001,False,0,1.5982869838680243,1.0,0.0,True,3.0331598340189125,4.724613872815888,5.103600031444366,0.586022129393355,-0.919999999999999,-1.4000000000000001,-1.4000000000000001,2.7777777777777777,2.7777777777777777,5.1743333333333315,5.832086772309091,5.755233333333334,-1.0629548846091377,-0.08000000000000007,-1.4000000000000001,-1.4000000000000001,2.7777777777777777,2.7777777777777777
11,1.5,False,0,1.4909551460249653,1.0,0.0,True,3.174333333333331,4.055493758098463,4.601400000000001,-1.4408438905643257,-1.1,-1.5,-1.5,2.7777777777777777,2.7777777777777777,5.974333333333332,6.227750779496991,5.718988888888892,-0.20222225735640098,-0.04999999999999982,-1.5,-1.5,2.7777777777777777,2.7777777777777777
11,1.6,False,0,1.4909551460249653,1.0,0.5439610928646857,True,3.174333333333331,2.9446108870057257,4.601400000000001,1.2534824739612311,-1.2800000000000007,-1.6,-1.6,2.7777777777777777,2.7777777777777777,5.974333333333332,7.125046618368288,5.718988888888892,-0.6230867925096473,-0.1599999999999997,-1.6,-1.6,2.7777777777777777,2.7777777777777777
11,1.7000000000000002,False,0,1.705618821711084,1.0,0.0,True,3.0529765813421954,4.851087280632885,5.672712581258469,-0.6621958781130519,-1.2899999999999991,-1.7000000000000002,-1.7000000000000002,2.7777777777777777,2.7777777777777777,5.574333333333332,3.758171100458976,6.550444444444447,-0.18566116597040705,-0.09999999999999964,-1.7000000000000002,-1.7000000000000002,2.7777777777777777,2.7777777777777777
12,0.0,False,0,4.0,0.0,0.0,False,8.333333333333334,-3.114612603499313,-4.111111111111106,0.5321276602718172,1.6,0.0,0.0,2.7777777777777777,2.7777777777777777,,,,,,,,,
12,0.1,False,0,4.0,1.0,1.0,True,8.333333333333334,-0.9587526147771532,-4.111111111111106,1.0635488440385834,1.31,-0.1,-0.1,2.7777777777777777,2.7777777777777777,8.333333333333334,69.26243944405643,68.84444444444432,1.7810127302215721,-0.00999999999999579,-0.1,-0.1,2.7777777777777777,2.7777777777777777
12,0.2,False,0,4.0,1.0,1.0,True,8.333333333333334,-2.8318481648765426,-4.111111111111106,1.2066420862022902,1.02,-0.2,-0.2,2.7777777777777777,2.7777777777777777,8.333333333333334,22.651830885558926,24.400000000000087,0.8351124020180598,-0.019999999999997353,-0.2,-0.2,2.7777777777777777,2.7777777777777777
12,0.30000000000000004,False,0,1.6333333333333324,1.0,1.0,True,8.333333333333334,-4.024440007568859,-4.111111111111106,-0.004985321054442382,0.73,-0.30000000000000004,-0.30000000000000004,2.7777777777777777,2.7777777777777777,8.333333333333334,10.328009139278294,9.400000000000038,0.1271357005683753,-0.020000000000001572,-0.30000000000000004,-0.30000000000000004,2.7777777777777777,2.7777777777777777
12,0.4,False,0,0.09999999999999787,1.0,1.0,True,7.574333333333334,-3.618605421902486,-4.0974166666666845,-0.19630415160651338,0.39999999999999947,-0.4,-0.4,2.7777777777777777,2.7777777777777777,7.574333333333334,1.3581022354818133,0.29397222222226294,1.0395148530933866,-6.661338147750939e-16,-0.4,-0.4,2.7777777777777777,2.7777777777777777
12,0.5,True,2,0.0,1.0,1.0,True,2.868333333333335,-2.170310851714272,-1.772266666666673,-0.2919474688737498,0.10000000000000009,-0.5,-0.5,2.7777777777777777,2.7777777777777777,1.868333333333335,-4.293885759432473,-1.6303777777777908,-1.0898277093585669,0.0,-0.5,-0.5,2.7777777777777777,2.7777777777777777
12,0.6000000000000001,False,0,1.141886937448969,1.0,1.0,True,2.921333333333331,2.403707995325136,2.6896166666666703,0.22588544521484044,0.1600000000000006,-0.6000000000000001,-0.6000000000000001,2.7777777777777777,2.7777777777777777,2.121333333333331,2.865177859466553,2.8065499999999988,-0.19180949180740337,-0.019999999999999574,-0.6000000000000001,-0.6000000000000001,2.7777777777777777,2.7777777777777777
12,0.7000000000000001,False,0,1.1461940281220317,1.0,0.6288496712104777,True,3.174333333333331,2.568636433492352,2.8615722222222226,-1.4896675314901606,-0.009999999999999343,-0.7000000000000001,-0.7000000000000001,2.7777777777777777,2.7777777777777777,3.174333333333331,2.568636433492352,2.8615722222222226,-1.4896675314901606,-0.009999999999999343,-0.7000000000000001,-0.7000000000000001,2.7777777777777777,2.7777777777777777
12,0.8,False,0,1.3694887784563534,1.0,0.70455265212609,True,3.174333333333331,2.9314014336376273,3.9726833333333316,1.3993454218971446,-0.0800000000000003,-0.8,-0.8,2.7777777777777777,2.7777777777777777,3.574333333333331,2.9759875336925132,4.01233888888889,0.4403664218750718,-2.220446049250313e-16,-0.8,-0.8,2.7777777777777777,2.7777777777777777
12,0.9,False,0,1.262017883203225,1.0,1.0,True,3.174333333333331,0.8158845312481793,3.417127777777778,-1.5714352345985139,-0.37999999999999967,-0.9,-0.9,2.7777777777777777,2.7777777777777777,4.774333333333331,2.5512645609020295,3.8157500000000004,3.097184361012568,-0.02000000000000024,-0.9,-0.9,2.7777777777777777,2.7777777777777777
12,1.0,False,0,1.3646008865609804,1.0,0.8664789465259123,True,2.9453621658175964,3.757134762471913,3.930624894529351,1.7510744293786553,-0.6000000000000001,-1.0,-1.0,2.7777777777777777,2.7777777777777777,5.1743333333333315,4.940158667697948,4.545661111111113,0.8113147531520761,0.0,-1.0,-1.0,2.7777777777777777,2.7777777777777777
12,1.1,False,0,1.5768206162994132,1.0,0.0,True,2.805807682110104,6.06674811110569,5.043041454011214,-0.34496827830977406,-0.6000000000000001,-1.1,-1.1,2.7777777777777777,2.7777777777777777,4.774333333333331,5.7383169329940396,5.444466666666668,-0.5040506095130284,-0.0499999999999996,-1.1,-1.1,2.7777777777777777,2.7777777777777777
12,1.2000000000000002,False,0,1.3621569406132938,1.0,0.26880043145212107,True,3.174333333333331,3.9524499648641944,3.934733333333331,-0.6925326714583819,-0.919999999999999,-1.2000000000000002,-1.2000000000000002,2.7777777777777777,2.7777777777777777,5.974333333333332,4.5689198737518835,5.052322222222222,0.10152882857359735,-0.07999999999999963,-1.2000000000000002,-1.2000000000000002,2.7777777777777777,2.7777777777777777
12,1.3,False,0,1.8988161298285908,1.0,0.0,True,2.876008761990888,3.526349692747112,6.462034931000962,0.48498107056247663,-1.0000000000000004,-1.3,-1.3,2.7777777777777777,2.7777777777777777,4.574271190304208,6.958707368407754,6.917862166062206,0.7905215464781286,-0.09000000000000008,-1.3,-1.3,2.7777777777777777,2.7777777777777777
12,1.4000000000000001,False,0,1.7914842919855312,1.0,0.0,True,2.8507696049754174,5.7495623498685555,5.953764057797,-1.003875797775549,-1.3399999999999985,-1.4000000000000001,-1.4000000000000001,2.7777777777777777,2.7777777777777777,5.1743333333333315,6.329838323375573,6.755233333333334,0.35944511290176173,-0.08000000000000007,-1.4000000000000001,-1.4000000000000001,2.7777777777777777,2.7777777777777777
12,1.5,False,0,1.8988161298285908,1.0,0.0,True,2.859866399403044,5.370489463866959,6.566362870843295,-0.3427847567748361,-1.85,-1.5,-1.5,2.7777777777777777,2.7777777777777777,5.1743333333333315,7.3520701073684505,7.310788888888893,1.0506635001821718,-0.04999999999999982,-1.5,-1.5,2.7777777777777777,2.7777777777777777
12,1.6,False,0,1.6841524541424722,1.0,0.0,True,2.8252634045176848,4.943850007731053,5.4140853055626605,-0.9496002180172948,-1.7600000000000007,-1.6,-1.6,2.7777777777777777,2.7777777777777777,5.974333333333332,4.830090008258442,6.718988888888892,0.5860453667568728,-0.1599999999999997,-1.6,-1.6,2.7777777777777777,2.7777777777777777
12,1.7000000000000002,False,0,1.7914842919855312,1.0,0.0,True,2.880731313322654,4.063248954823334,5.959177381398839,-1.3818369736177583,-1.8300000000000005,-1.7000000000000002,-1.7000000000000002,2.7777777777777777,2.7777777777777777,5.974333333333332,8.992971679800526,7.274544444444445,-1.8687591919494566,-0.09999999999999964,-1.7000000000000002,-1.7000000000000002,2.7777777777777777,2.7777777777777777
13,0.0,False,0,4.0,1.0,1.0,True,8.333333333333334,-3.089821245530003,-4.222222222222217,2.563003280448609,1.6,0.0,0.0,2.7777777777777777,2.7777777777777777,,,,,,,,,
13,0.1,False,0,4.0,1.0,1.0,True,8.333333333333334,-4.283265086167918,-4.222222222222217,1.5194765491313031,1.29,-0.1,-0.1,2.7777777777777777,2.7777777777777777,8.333333333333334,67.01569951696521,67.84444444444432,-0.5881516212180828,-0.00999999999999579,-0.1,-0.1,2.7777777777777777,2.7777777777777777
13,0.2,False,0,4.0,1.0,1.0,True,7.953833333333334,-4.132191098469341,-4.095722222222224,0.6387059819449954,0.98,-0.2,-0.2,2.7777777777777777,2.7777777777777777,7.953833333333334,22.002394996784336,21.37600000000003,1.2900233013589792,-0.019999999999997353,-0.2,-0.2,2.7777777777777777,2.7777777777777777
13,0.30000000000000004,False,0,1.3333333333333313,1.0,1.0,True,7.574333333333334,-2.5917033230890416,-4.189072222222207,1.9966700682545415,0.6400000000000001,-0.30000000000000004,-0.30000000000000004,2.7777777777777777,2.7777777777777777,7.574333333333334,5.835556957720915,6.3633500000000085,3.6981393585732953,-0.020000000000001572,-0.30000000000000004,-0.30000000000000004,2.7777777777777777,2.7777777777777777
13,0.4,True,2,0.0,1.0,1.0,True,2.868333333333335,-1.9697358198728478,-2.119088888888899,0.011061995389114898,0.23999999999999932,-0.4,-0.4,2.7777777777777777,2.7777777777777777,1.868333333333335,-3.4780750196159493,-1.7334222222222406,0.16342181606918382,-6.661338147750939e-16,-0.4,-0.4,2.7777777777777777,2.7777777777777777
13,0.5,True,2,0.0,1.0,1.0,True,3.068333333333335,-1.9175240845770878,-0.6310666666666718,-0.5879823348301652,0.10000000000000009,-0.5,-0.5,2.7777777777777777,2.7777777777777777,2.541833333333335,0.2167757010125344,-0.583877777777789,1.4685758879328534,0.0,-0.5,-0.5,2.7777777777777777,2.7777777777777777
13,0.6000000000000001,False,0,1.0283243904473305,1.0,1.0,True,2.921333333333331,3.926075333720992,2.5152555555555596,0.8270406229886955,0.0400000000000007,-0.6000000000000001,-0.6000000000000001,2.7777777777777777,2.7777777777777777,2.521333333333331,3.0953391619966597,2.5409000000000015,-0.6366151101061712,-0.019999999999999574,-0.6000000000000001,-0.6000000000000001,2.7777777777777777,2.7777777777777777
13,0.7000000000000001,False,0,1.66268608657386,1.0,0.10257354671806959,True,2.9479785572860475,4.846316666297539,5.405156416030262,-1.0725655844000044,0.06000000000000072,-0.7000000000000001,-0.7000000000000001,2.7777777777777777,2.7777777777777777,2.626258543229349,5.394364706537373,5.420308339485106,1.13867444208678,-0.009999999999999343,-0.7000000000000001,-0.7000000000000001,2.7777777777777777,2.7777777777777777
13,0.8,False,0,1.3406905730446823,1.0,1.0,True,3.174333333333331,4.124438848554667,3.8236222222222223,-0.16178413185317986,-0.24000000000000044,-0.8,-0.8,2.7777777777777777,2.7777777777777777,4.374333333333331,2.8387432048248558,4.06258888888889,-0.34264114016745895,-2.220446049250313e-16,-0.8,-0.8,2.7777777777777777,2.7777777777777777
13,0.9,False,0,1.5553542487308007,1.0,0.0,True,2.849818964891803,3.993961155291635,4.92752921462193,-0.1862507939846756,-0.37999999999999967,-0.9,-0.9,2.7777777777777777,2.7777777777777777,4.374333333333331,4.481043060838281,5.173699999999999,2.3033958590816286,-0.02000000000000024,-0.9,-0.9,2.7777777777777777,2.7777777777777777
13,1.0,False,0,1.4480224108877418,1.0,0.0,True,3.174333333333331,2.6092848609972714,4.379177777777778,0.19466238441642636,-0.6000000000000001,-1.0,-1.0,2.7777777777777777,2.7777777777777777,5.574333333333332,6.851846173593992,5.217111111111113,-0.6342853695987043,0.0,-1.0,-1.0,2.7777777777777777,2.7777777777777777
13,1.1,False,0,1.66268608657386,1.0,0.10618107039788093,True,3.174333333333331,4.044538562194446,5.49028888888889,-0.9778302559538157,-0.6000000000000001,-1.1,-1.1,2.7777777777777777,2.7777777777777777,5.1743333333333315,5.490759463837562,6.088566666666668,-0.246248769223665,-0.0499999999999996,-1.1,-1.1,2.7777777777777777,2.7777777777777777
13,1.2000000000000002,False,0,2.0898631847159828,1.0,0.0,True,2.8337717395353814,5.444431973114621,7.046782089944258,-1.8177123996440716,-1.7999999999999998,-1.2000000000000002,-1.2000000000000002,2.7777777777777777,2.7777777777777777,4.3050186755652495,7.982050441873686,7.760679443890148,0.39489523798252657,-0.07999999999999963,-1.2000000000000002,-1.2000000000000002,2.7777777777777777,2.7777777777777777
13,1.3,False,0,1.77001792441692,1.0,0.0,True,3.099711290036491,4.842253320461839,5.759038344355189,-1.8892644477425686,-1.1300000000000008,-1.3,-1.3,2.7777777777777777,2.7777777777777777,5.574333333333332,5.902172907588207,6.8837777777777776,1.1611273228553447,-0.09000000000000008,-1.3,-1.3,2.7777777777777777,2.7777777777777777
13,1.4000000000000001,False,0,1.877349762259979,1.0,0.0,True,2.791780372429712,5.923438923200016,6.223312471490444,-1.3378226292074595,-1.7599999999999985,-1.4000000000000001,-1.4000000000000001,2.7777777777777777,2.7777777777777777,5.574333333333332,5.570915672074189,7.439333333333333,-0.6465527102242012,-0.08000000000000007,-1.4000000000000001,-1.4000000000000001,2.7777777777777777,2.7777777777777777
13,1.5,False,0,1.984681600103038,1.0,0.0,True,2.88257710148622,5.963903201881942,6.902861322376521,-1.8478384839602993,-1.5499999999999998,-1.5,-1.5,2.7777777777777777,2.7777777777777777,5.574333333333332,7.54018067984821,7.994888888888892,-0.08870500129254144,-0.04999999999999982,-1.5,-1.5,2.7777777777777777,2.7777777777777777
13,1.6,False,0,2.0898631847159828,1.0,0.0,True,2.803647402210865,5.31633520313036,6.790128793474316,-1.280048391944578,-1.879999999999999,-1.6,0.0,2.7777777777777777,2.7777777777777777,5.400920737599735,7.41130179223394,8.217016531948367,-0.2245439400264302,-0.1599999999999997,-1.6,-1.6,2.7777777777777777,2.7777777777777777
13,1.7000000000000002,False,0,2.0898631847159828,1.0,0.0,True,2.821664739702749,4.790412310755472,7.245841319376958,-1.0804623268066014,-1.8300000000000005,0.0,0.0,2.7777777777777777,2.7777777777777777,5.590240682470574,7.734958746203712,8.547262974616999,0.3189594840097758,-0.09999999999999964,-1.7000000000000002,-1.7000000000000002,2.7777777777777777,2.7777777777777777
14,0.0,False,0,4.0,1.0,1.0,True,8.333333333333334,-3.701401475264851,-4.266666666666672,2.525667464900072,1.6,0.0,0.0,2.7777777777777777,2.7777777777777777,,,,,,,,,
14,0.1,False,0,4.0,1.0,1.0,True,8.333333333333334,-4.164046544485511,-4.266666666666672,1.6715578162467142,1.27,-0.1,-0.1,2.7777777777777777,2.7777777777777777,8.333333333333334,66.8556144491822,66.84444444444432,-0.9856346591694487,-0.00999999999999579,-0.1,-0.1,2.7777777777777777,2.7777777777777777
14,0.2,False,0,3.999999999999999,1.0,1.0,True,8.333333333333334,-3.520386823402542,-4.266666666666672,0.09420562726450399,0.94,-0.2,-0.2,2.7777777777777777,2.7777777777777777,8.333333333333334,21.912914348940912,22.400000000000087,-0.27521806781486635,-0.019999999999997353,-0.2,-0.2,2.7777777777777777,2.7777777777777777
14,0.30000000000000004,False,0,1.2333333333333305,1.0,1.0,True,8.206833333333334,-2.745515843244447,-4.279316666666669,-0.8052760183902916,0.6099999999999999,-0.30000000000000004,-0.30000000000000004,2.7777777777777777,2.7777777777777777,7.953833333333334,7.888351107581625,6.6157000000000155,-1.532911185337703,-0.020000000000001572,-0.30000000000000004,-0.30000000000000004,2.7777777777777777,2.7777777777777777
14,0.4,False,0,0.5999999999999983,1.0,1.0,True,2.868333333333335,0.7233618225716407,-0.23927222222222877,0.39658578190423643,0.35999999999999943,-0.4,-0.4,2.7777777777777777,2.7777777777777777,1.2683333333333353,3.023751408538673,0.5592277777777719,0.3400677137649497,-6.661338147750939e-16,-0.4,-0.4,2.7777777777777777,2.7777777777777777
14,0.5,False,0,1.1027898615854748,1.0,1.0,True,3.068333333333333,2.264977215709444,2.3648444444444445,-0.7319520128795605,0.20000000000000018,-0.5,-0.5,2.7777777777777777,2.7777777777777777,2.268333333333333,2.0550883886145472,2.448622222222217,0.4921581073551393,0.0,-0.5,-0.5,2.7777777777777777,2.7777777777777777
14,0.6000000000000001,False,0,0.6735827489264414,1.0,1.0,True,3.047833333333331,-0.11198295400681157,1.0865333333333327,1.0297649400239015,-0.19999999999999996,-0.6000000000000001,-0.6000000000000001,2.7777777777777777,2.7777777777777777,4.247833333333331,1.4714097374122383,1.2875499999999969,0.754669672310933,-0.019999999999999574,-0.6000000000000001,-0.6000000000000001,2.7777777777777777,2.7777777777777777
14,0.7000000000000001,False,0,1.6412197190052487,1.0,0.0,True,3.000114629838338,5.186765035753786,5.259674472190919,0.26096735780925195,-0.07999999999999918,-0.7000000000000001,-0.7000000000000001,2.7777777777777777,2.7777777777777777,3.3504739815858344,3.246761193652831,5.281908157396974,0.8593774642238587,-0.009999999999999343,-0.7000000000000001,-0.7000000000000001,2.7777777777777777,2.7777777777777777
14,0.8,False,0,1.7485515568483077,1.0,0.0,True,2.8136862882123546,5.673342382219793,5.871245830229689,-0.8298351749734911,-0.3200000000000005,-0.8,-0.8,2.7777777777777777,2.7777777777777777,3.645517172585142,4.580534821610038,5.961795316358018,-0.7677759689810371,-2.220446049250313e-16,-0.8,-0.8,2.7777777777777777,2.7777777777777777
14,0.9,False,0,1.8558833946913669,1.0,0.0,True,2.917967706292949,5.455796696767851,6.269230147940628,-1.8339810372340875,-0.7399999999999989,-0.9,-0.9,2.7777777777777777,2.7777777777777777,4.0178296427491365,6.2955418221843304,6.600900738116839,-1.0866576279271773,-0.02000000000000024,-0.9,-0.9,2.7777777777777777,2.7777777777777777
14,1.0,False,0,1.963215232534427,1.0,0.0,True,2.782395304252422,6.099159846158188,6.534569160320982,0.7747894197538097,-0.7999999999999998,-1.0,-1.0,2.7777777777777777,2.7777777777777777,4.655015431093856,8.566343578298998,7.236383796447034,0.6795413902411322,0.0,-1.0,-1.0,2.7777777777777777,2.7777777777777777
14,1.1,False,0,1.7485515568483077,1.0,0.0,True,2.996180878802328,5.291237146066899,5.855151531020987,-1.8255725421068267,-0.8200000000000007,-1.1,-1.1,2.7777777777777777,2.7777777777777777,5.574333333333332,5.753190427113911,6.772666666666667,0.5527504830357501,-0.0499999999999996,-1.1,-1.1,2.7777777777777777,2.7777777777777777
14,1.2000000000000002,False,0,1.963215232534427,1.0,0.0,True,2.8841349362213746,5.28589185263468,6.762853553500256,-1.4591716237051289,-1.1599999999999988,-1.2000000000000002,-1.2000000000000002,2.7777777777777777,2.7777777777777777,5.1743333333333315,8.773767793165415,7.644122222222223,1.917041828514789,-0.07999999999999963,-1.2000000000000002,-1.2000000000000002,2.7777777777777777,2.7777777777777777
14,1.3,False,0,1.963215232534427,1.0,0.0,True,2.884105695524254,5.717458974553977,6.525611697698024,-1.5725687855591104,-1.8899999999999997,-1.3,-1.3,2.7777777777777777,2.7777777777777777,5.574333333333332,9.579013914969813,7.8837777777777776,-0.3200337106183473,-0.09000000000000008,-1.3,-1.3,2.7777777777777777,2.7777777777777777
14,1.4000000000000001,False,0,2.0693971736438708,1.0,0.0,True,3.0845555956578394,4.574229361884645,6.735494377826925,-0.28608046012270516,-1.8999999999999986,-1.4000000000000001,0.0,2.7777777777777777,2.7777777777777777,5.574333333333332,7.904453989917516,8.439333333333334,0.8131554375752676,-0.08000000000000007,-1.4000000000000001,-1.4000000000000001,2.7777777777777777,2.7777777777777777
14,1.5,False,0,2.0693971736438708,1.0,0.0,True,2.842002502819978,5.405773081826182,7.064433441273599,-0.0102915977473923,-1.7999999999999998,0.0,0.0,2.7777777777777777,2.7777777777777777,5.974333333333332,7.704411132370621,8.718988888888891,1.1411477971520454,-0.04999999999999982,-1.5,-1.5,2.7777777777777777,2.7777777777777777
14,1.6,False,0,2.3763873397255506,1.0,0.0,True,2.7985183648856484,4.284092364078442,7.792062087008044,-0.49616451020701224,-1.879999999999999,0.0,0.0,2.7777777777777777,2.7777777777777777,4.988131293389035,8.453453900895962,9.553308115211145,1.347499472765611,-0.1599999999999997,-1.6,-1.6,2.7777777777777777,2.7777777777777777
14,1.7000000000000002,False,0,2.0693971736438708,1.0,0.0,True,2.908175293304099,5.598470185313585,7.091067187916718,-1.0665281109712206,-1.8300000000000005,0.0,0.0,2.7777777777777777,2.7777777777777777,6.3743333333333325,7.639187762495943,9.038644444444447,0.30598351709640603,-0.09999999999999964,-1.7000000000000002,-1.7000000000000002,2.7777777777777777,2.7777777777777777
15,0.0,False,0,4.0,1.0,1.0,True,8.333333333333334,-3.3743849775763755,-4.155555555555565,2.960124460906908,1.6,0.0,0.0,2.7777777777777777,2.7777777777777777,,,,,,,,,
15,0.1,False,0,4.0,1.0,1.0,True,8.333333333333334,-3.75422098086399,-4.155555555555565,1.3007267677334875,1.25,-0.1,-0.1,2.7777777777777777,2.7777777777777777,8.333333333333334,64.60938958888434,65.84444444444432,0.07082715825331531,-0.00999999999999579,-0.1,-0.1,2.7777777777777777,2.7777777777777777
15,0.2,False,0,3.799999999999999,1.0,1.0,True,8.333333333333334,-4.1852382161235395,-4.155555555555565,3.5799631923442976,0.8999999999999999,-0.2,-0.2,2.7777777777777777,2.7777777777777777,8.333333333333334,20.036350922471147,21.400000000000087,0.45615885735263895,-0.019999999999997353,-0.2,-0.2,2.7777777777777777,2.7777777777777777
15,0.30000000000000004,False,0,1.0333333333333303,1.0,1.0,True,7.953833333333334,-3.61124488399454,-4.140844444444453,0.646982528813056,0.5499999999999998,-0.30000000000000004,-0.30000000000000004,2.7777777777777777,2.7777777777777777,7.953833333333334,6.768848233586145,5.375350000000023,0.17926793193654378,-0.020000000000001572,-0.30000000000000004,-0.30000000000000004,2.7777777777777777,2.7777777777777777
15,0.4,True,2,0.0,1.0,1.0,True,3.1418333333333344,-3.9386096004573004,-1.5741444444444523,0.7527211042118571,0.1999999999999993,-0.4,-0.4,2.7777777777777777,2.7777777777777777,1.3418333333333345,-1.594309030873851,-1.136172222222231,-1.2878989504788916,-6.661338147750939e-16,-0.4,-0.4,2.7777777777777777,2.7777777777777777
15,0.5,False,0,1.0913449992795505,1.0,1.0,True,2.9092678840061272,0.48982040962299767,2.561835692795097,1.4537070387139246,0.10000000000000009,-0.5,-0.5,2.7777777777777777,2.7777777777777777,2.5092678840061273,2.370786589280656,2.615537671549423,1.1364661246935932,0.0,-0.5,-0.5,2.7777777777777777,2.7777777777777777
15,0.6000000000000001,False,0,1.5124215135935772,1.0,0.0,True,2.9557212521978284,4.084353504599599,4.694716763669107,-0.9184797678949179,0.0400000000000007,-0.6000000000000001,-0.6000000000000001,2.7777777777777777,2.7777777777777777,2.6106091710623263,2.4365472503003405,4.711433624340651,2.1181724679957665,-0.019999999999999574,-0.6000000000000001,-0.6000000000000001,2.7777777777777777,2.7777777777777777
15,0.7000000000000001,False,0,1.5124215135935772,1.0,0.12091594198055343,True,2.892287571879239,4.0691892359074595,4.701060131700964,-0.034648236446513936,-0.21999999999999909,-0.7000000000000001,-0.7000000000000001,2.7777777777777777,2.7777777777777777,3.974333333333331,4.3857050308751875,4.831822222222223,-1.2292519593809426,-0.009999999999999343,-0.7000000000000001,-0.7000000000000001,2.7777777777777777,2.7777777777777777
15,0.8,False,0,1.9417488649658146,1.0,0.0,True,2.879183705287911,4.98429683169755,6.572186101498613,0.5983441734224697,-0.48000000000000087,-0.8,-0.8,2.7777777777777777,2.7777777777777777,3.8226073311216187,8.370868011046984,6.924023097566873,0.02203596306490674,-2.220446049250313e-16,-0.8,-0.8,2.7777777777777777,2.7777777777777777
15,0.9,False,0,1.9417488649658146,1.0,0.0,True,2.988574808389313,4.010946666460275,6.667571025551301,-0.08264413424660688,-0.7399999999999989,-0.9,-0.9,2.7777777777777777,2.7777777777777777,4.420319111467361,5.3674700541393365,7.159904266559789,1.056111958936493,-0.02000000000000024,-0.9,-0.9,2.7777777777777777,2.7777777777777777
15,1.0,False,0,2.2535912732928787,1.0,0.0,True,2.7982639761269263,5.806286456671477,7.298245863717793,-0.7553778459926734,-1.6999999999999997,-1.0,-1.0,2.7777777777777777,2.7777777777777777,4.697518073406252,9.516662780540432,8.494051135011123,2.329727235106365,0.0,-1.0,-1.0,2.7777777777777777,2.7777777777777777
15,1.1,False,0,2.2535912732928787,1.0,0.0,True,2.8125535154072057,5.240359346558226,7.287584855766569,-0.30986732533348027,-1.8799999999999981,0.0,0.0,2.7777777777777777,2.7777777777777777,4.5017322828360795,9.533722192478102,8.800111807313684,0.9645091052932497,-0.0499999999999996,-1.1,-1.1,2.7777777777777777,2.7777777777777777
15,1.2000000000000002,False,0,2.2535912732928787,1.0,0.0,True,2.8152677899383547,6.244457829537997,7.418833675899948,-1.5646419724357605,-1.7999999999999998,0.0,0.0,2.7777777777777777,2.7777777777777777,5.2113465793194385,8.109591586671446,8.880523593803545,-0.5787592318944217,-0.07999999999999963,-1.2000000000000002,-1.2000000000000002,2.7777777777777777,2.7777777777777777
15,1.3,False,0,2.355921328653438,1.0,0.0,True,2.903951128744528,5.726157654766927,7.186850877975474,-0.49248122236299285,-1.8899999999999997,0.0,0.0,2.7777777777777777,2.7777777777777777,5.308377596919315,8.606128291720811,9.331327191702872,1.0269919079199794,-0.09000000000000008,-1.3,-1.3,2.7777777777777777,2.7777777777777777
15,1.4000000000000001,False,0,2.2535912732928787,1.0,0.0,True,2.7954629994412663,5.182408174323496,7.293036602231617,-1.761449312079103,-1.8999999999999986,0.0,0.0,2.7777777777777777,2.7777777777777777,5.750056766960963,9.909609355859434,9.398075914231573,2.8625719625668933,-0.08000000000000007,-1.4000000000000001,-1.4000000000000001,2.7777777777777777,2.7777777777777777
15,1.5,False,0,2.2535912732928787,1.0,0.0,True,2.856940506235658,5.89119350137823,7.188299486576697,-1.3073180023016775,-1.7999999999999998,0.0,0.0,2.7777777777777777,2.7777777777777777,6.0203367933579495,7.067469552593331,9.709788196883967,0.7016778560227848,-0.04999999999999982,-1.5,-1.5,2.7777777777777777,2.7777777777777777
15,1.6,False,0,2.2535912732928787,1.0,0.0,True,2.8286207631087743,4.975265679263292,7.568117363399062,-1.4410175227543802,-1.879999999999999,0.0,0.0,2.7777777777777777,2.7777777777777777,5.974333333333332,8.70885673346256,9.718988888888891,-1.8129822361793488,-0.1599999999999997,-1.6,-1.6,2.7777777777777777,2.7777777777777777
15,1.7000000000000002,False,0,2.2535912732928787,1.0,0.0,True,2.9096112460675707,5.616807557364273,7.084470639037492,-1.194538249302675,-1.8300000000000005,0.0,0.0,2.7777777777777777,2.7777777777777777,6.3743333333333325,11.274402415005497,10.038644444444447,0.6667844005482624,-0.09999999999999964,-1.7000000000000002,-1.7000000000000002,2.7777777777777777,2.7777777777777777
16,0.0,False,0,4.0,1.0,1.0,True,8.333333333333334,-2.7361207728936057,-4.0444444444444505,3.286867886489509,1.6,0.0,0.0,2.7777777777777777,2.7777777777777777,,,,,,,,,
16,0.1,False,0,4.0,1.0,1.0,True,8.333333333333334,-3.1463837129094925,-4.0444444444444505,0.21605846021075203,1.23,-0.1,-0.1,2.7777777777777777,2.7777777777777777,8.333333333333334,66.96723178910368,64.84444444444432,-1.676261068997196,-0.00999999999999579,-0.1,-0.1,2.7777777777777777,2.7777777777777777
16,0.2,False,0,3.600000000000001,1.0,1.0,True,8.333333333333334,-2.6477292997839603,-4.0444444444444505,-0.20153005049503614,0.8599999999999999,-0.2,-0.2,2.7777777777777777,2.7777777777777777,8.206833333333334,21.34763452070685,19.843400000000084,-0.06862004530451071,-0.019999999999997353,-0.2,-0.2,2.7777777777777777,2.7777777777777777
16,0.30000000000000004,False,0,0.13333333333332825,1.0,1.0,True,3.1418333333333335,-1.4985000572114364,-1.1850611111111276,-0.2833939218721948,0.4599999999999995,-0.30000000000000004,-0.30000000000000004,2.7777777777777777,2.7777777777777777,0.9418333333333336,-0.805719774129293,0.27244999999997166,-1.3995831539560013,-0.020000000000001572,-0.30000000000000004,-0.30000000000000004,2.7777777777777777,2.7777777777777777
16,0.4,False,0,0.8999999999999986,1.0,1.0,True,3.1213333333333333,-1.288008097998616,0.753366666666655,-0.6658911431602781,0.27999999999999936,-0.4,-0.4,2.7777777777777777,2.7777777777777777,1.7948333333333335,1.3187057754765563,1.2014277777777673,0.750469228360958,-6.661338147750939e-16,-0.4,-0.4,2.7777777777777777,2.7777777777777777
16,0.5,False,0,1.7989233996310245,1.0,0.0,True,2.8522020119462748,5.541435262476804,5.645507829083823,-1.5353380760296256,0.25,-0.5,-0.5,2.7777777777777777,2.7777777777777777,2.5629646798734282,4.343796352690856,5.709966415997649,0.4669934740331727,0.0,-0.5,-0.5,2.7777777777777777,2.7777777777777777
16,0.6000000000000001,False,0,1.920282497397203,1.0,0.0,True,2.8577479288423646,3.3362845566643644,6.605271788988493,-1.4585253329576615,-0.07999999999999963,-0.6000000000000001,-0.6000000000000001,2.7777777777777777,2.7777777777777777,2.8577479288423646,7.664522168923317,6.613268804094951,0.30104166168341084,-0.019999999999999574,-0.6000000000000001,-0.6000000000000001,2.7777777777777777,2.7777777777777777
16,0.7000000000000001,False,0,1.920282497397203,1.0,0.0,True,2.965068692447585,4.797917740585828,6.557879411147099,0.16760246211217522,-0.28999999999999915,-0.7000000000000001,-0.7000000000000001,2.7777777777777777,2.7777777777777777,3.453059811156022,7.6138458020615465,6.750610817996409,0.028225636112092722,-0.009999999999999343,-0.7000000000000001,-0.7000000000000001,2.7777777777777777,2.7777777777777777
16,0.8,False,0,2.034946173083322,1.0,0.0,True,2.7897551161056464,6.031061465480673,7.012488486827114,-0.7269522444589644,-0.640000000000001,-0.8,-0.8,2.7777777777777777,2.7777777777777777,3.9818050766008706,8.378406928023349,7.534944540235384,1.5813487640669832,-2.220446049250313e-16,-0.8,-0.8,2.7777777777777777,2.7777777777777777
16,0.9,False,0,2.2331252622207667,1.0,0.0,True,2.814177539322011,5.502900420228223,7.3881419684426115,-1.77351377587887,-1.8900000000000028,0.0,0.0,2.7777777777777777,2.7777777777777777,4.401908438211993,7.454677252172419,8.471524841775235,0.412877272667163,-0.02000000000000024,-0.9,-0.9,2.7777777777777777,2.7777777777777777
16,1.0,False,0,2.1307952068602063,1.0,0.0,True,2.84149477162074,5.095046758679993,6.718513744889084,0.1544622429613729,-1.6999999999999997,-1.0,-1.0,2.7777777777777777,2.7777777777777777,5.387001759025104,7.044024271785795,8.474835779102566,0.21641890285003695,0.0,-1.0,-1.0,2.7777777777777777,2.7777777777777777
16,1.1,False,0,2.2331252622207667,1.0,0.0,True,2.807853031568061,6.024626419436182,7.014517341549934,-0.8055478258737225,-1.8799999999999981,0.0,0.0,2.7777777777777777,2.7777777777777777,5.1743333333333315,9.449428405845754,9.088566666666669,0.4595479291256215,-0.0499999999999996,-1.1,-1.1,2.7777777777777777,2.7777777777777777
16,1.2000000000000002,False,0,2.540115428302446,1.0,0.0,True,2.7819451536618423,5.745402958381363,7.170437770108095,-0.7963629226727187,-1.7999999999999998,0.0,0.0,2.7777777777777777,2.7777777777777777,5.273177720406179,10.169163802281673,10.125044000352318,-0.24198696478668213,-0.07999999999999963,-1.2000000000000002,-1.2000000000000002,2.7777777777777777,2.7777777777777777
16,1.3,False,0,2.4377853729418866,1.0,0.0,True,2.826686015908383,6.132322904328491,7.356776147490028,-0.7219123120286051,-1.8899999999999997,0.0,0.0,2.7777777777777777,2.7777777777777777,5.880782858877617,11.066998418122907,10.076742536135509,-0.7622486903597858,-0.09000000000000008,-1.3,-1.3,2.7777777777777777,2.7777777777777777
16,1.4000000000000001,False,0,2.744775539023567,1.0,0.0,True,2.821341972626161,5.759796730232456,7.856321895304739,-0.7930415531440411,-1.8999999999999986,0.0,0.0,2.7777777777777777,2.7777777777777777,5.927302862980358,11.731206992650112,10.811858664740715,-0.17695285994906196,-0.08000000000000007,-1.4000000000000001,-1.4000000000000001,2.7777777777777777,2.7777777777777777
16,1.5,False,0,2.1307952068602063,1.0,0.0,True,2.8511220589923636,5.573325290824319,7.227850458847503,-1.752601920268754,-1.7999999999999998,0.0,0.0,2.7777777777777777,2.7777777777777777,7.174333333333333,11.273348003953217,10.13128888888889,0.8095368066254474,-0.04999999999999982,-1.5,-1.5,2.7777777777777777,2.7777777777777777
16,1.6,False,0,2.540115428302446,1.0,0.0,True,2.7994794278622335,5.392048571810322,7.320702827824452,-1.5689176348074554,-1.879999999999999,0.0,0.0,2.7777777777777777,2.7777777777777777,5.76429513077532,9.71453527036191,10.9402878111567,-0.9613630828776806,-0.1599999999999997,-1.6,-1.6,2.7777777777777777,2.7777777777777777
16,1.7000000000000002,False,0,2.4377853729418866,1.0,0.0,True,2.806527417313015,5.1368227025697815,7.6068024876225815,-1.0628600516083342,-1.8300000000000005,0.0,0.0,2.7777777777777777,2.7777777777777777,6.408244677035252,13.075770696064378,11.031862175704063,-0.7228068994857126,-0.09999999999999964,-1.7000000000000002,-1.7000000000000002,2.7777777777777777,2.7777777777777777
17,0.0,False,0,4.0,1.0,1.0,True,8.333333333333334,-3.9019743303827026,-4.111111111111103,2.5974524430867816,1.6,0.0,0.0,2.7777777777777777,2.7777777777777777,,,,,,,,,
17,0.1,False,0,4.0,1.0,1.0,True,8.333333333333334,-3.3562423845662464,-4.111111111111103,0.2698310922467262,1.2199999999999998,-0.1,-0.1,2.7777777777777777,2.7777777777777777,8.333333333333334,66.82051560183903,63.84444444444432,-0.468736924694237,-0.00999999999999579,-0.1,-0.1,2.7777777777777777,2.7777777777777777
17,0.2,False,0,2.6000000000000045,1.0,1.0,True,5.868333333333334,-3.5671815262062934,-4.14687222222221,0.829592118026572,0.7799999999999998,-0.2,-0.2,2.7777777777777777,2.7777777777777777,5.868333333333334,10.10634411155596,8.215349999999948,-0.2473645780291298,-0.019999999999997353,-0.2,-0.2,2.7777777777777777,2.7777777777777777
17,0.30000000000000004,False,0,1.5333333333333314,1.0,1.0,True,3.0478333333333345,-2.3630325174292066,0.1636388888888769,0.18294206984499617,0.4599999999999995,-0.30000000000000004,-0.30000000000000004,2.7777777777777777,2.7777777777777777,1.7213333333333347,0.8487911774791224,1.0139499999999737,-0.34396112990253647,-0.020000000000001572,-0.30000000000000004,-0.30000000000000004,2.7777777777777777,2.7777777777777777
17,0.4,False,0,0.8657449689793039,1.0,1.0,True,2.941833333333331,0.8596535344728133,1.221599999999989,-0.11773746436697508,0.15999999999999925,-0.4,-0.4,2.7777777777777777,2.7777777777777777,2.1418333333333313,0.5976663676989888,1.3959777777777633,0.8303437453877929,-6.661338147750939e-16,-0.4,-0.4,2.7777777777777777,2.7777777777777777
17,0.5,False,0,1.7999999999999998,1.0,0.0,True,2.900218705746592,5.894372175668903,5.767739242387354,-1.105888519722225,0.20000000000000018,-0.5,-0.5,2.7777777777777777,2.7777777777777777,2.507881083326441,5.480281869213742,5.8497560390468815,-1.0023145475623174,0.0,-0.5,-0.5,2.7777777777777777,2.7777777777777777
17,0.6000000000000001,False,0,1.7939282379332182,1.0,0.0,True,2.9176510512254796,4.788458878719813,6.091651121573197,0.8068213341501682,-0.07999999999999963,-0.6000000000000001,-0.6000000000000001,2.7777777777777777,2.7777777777777777,3.029773101001076,6.200802659935857,6.105638448917966,-0.9238958551553762,-0.019999999999999574,-0.6000000000000001,-0.6000000000000001,2.7777777777777777,2.7777777777777777
17,0.7000000000000001,False,0,2.1103291957880947,1.0,0.0,True,2.783359935891262,5.1118756156132585,6.963143974802901,-1.3512842631095534,-1.339999999999998,-0.7000000000000001,-0.7000000000000001,2.7777777777777777,2.7777777777777777,3.925961607512544,5.703692461921217,7.665966917121621,0.19015104688375262,-0.009999999999999343,-0.7000000000000001,-0.7000000000000001,2.7777777777777777,2.7777777777777777
17,0.8,False,0,2.2126592511486547,1.0,0.0,True,2.836897992816801,4.978402716440198,7.032636406665643,-0.898917363836718,-1.8799999999999994,-0.8,-0.8,2.7777777777777777,2.7777777777777777,4.5295443151888835,6.750176939989843,8.398533700798126,0.02328599135527698,-2.220446049250313e-16,-0.8,-0.8,2.7777777777777777,2.7777777777777777
17,0.9,False,0,2.4173193618697746,1.0,0.0,True,2.9549465353490545,5.669440044531592,7.2459541558802,-1.6982772256725116,-1.5499999999999976,-0.9,-0.9,2.7777777777777777,2.7777777777777777,5.293889972466581,8.64047587112205,8.980285507797163,-0.2901691058054765,-0.02000000000000024,-0.9,-0.9,2.7777777777777777,2.7777777777777777
17,1.0,False,0,2.314989306509214,1.0,0.0,True,2.8340253335672343,6.118589256607959,7.002775300252954,-1.1623673383245343,-1.7999999999999998,0.0,0.0,2.7777777777777777,2.7777777777777777,5.868857671886516,8.072357610218006,9.349462342242695,-0.0890275082304901,0.0,-1.0,-1.0,2.7777777777777777,2.7777777777777777
17,1.1,False,0,2.314989306509214,1.0,0.0,True,3.1212614922907016,4.85032852758333,7.039423727312134,-1.7714066148525,-1.8799999999999981,0.0,0.0,2.7777777777777777,2.7777777777777777,5.757987439305682,7.744733398760396,9.709419904329977,0.9515579645330181,-0.0499999999999996,-1.1,-1.1,2.7777777777777777,2.7777777777777777
17,1.2000000000000002,False,0,2.519649417230335,1.0,0.0,True,2.7914630507713087,4.894472057052391,7.59523513551999,-1.165131136395857,-1.7999999999999998,0.0,0.0,2.7777777777777777,2.7777777777777777,5.920248781695541,10.06673856601926,10.400490438856629,-1.3323902724592274,-0.07999999999999963,-1.2000000000000002,-1.2000000000000002,2.7777777777777777,2.7777777777777777
17,1.3,False,0,2.4173193618697746,1.0,0.0,True,2.8316789668740854,5.957040413978469,7.335738913450666,-0.3279566894824131,-1.8899999999999997,0.0,0.0,2.7777777777777777,2.7777777777777777,6.122994085291535,10.27040894723427,10.575406381965525,-0.15575050154420356,-0.09000000000000008,-1.3,-1.3,2.7777777777777777,2.7777777777777777
17,1.4000000000000001,False,0,2.4173193618697746,1.0,0.0,True,2.8501468204135794,4.266092003746103,7.698143347613844,-1.7397852513571994,-1.8999999999999986,0.0,0.0,2.7777777777777777,2.7777777777777777,6.621405090688947,11.301052309209638,10.885550208170518,1.3371293145286,-0.08000000000000007,-1.4000000000000001,-1.4000000000000001,2.7777777777777777,2.7777777777777777
17,1.5,False,0,2.4173193618697746,1.0,0.0,True,2.918970026870713,5.75950615041893,7.418241211461425,-1.5860446210150447,-1.7999999999999998,0.0,0.0,2.7777777777777777,2.7777777777777777,6.948706491354216,9.913025798169237,11.254707915185758,0.1265944406120898,-0.04999999999999982,-1.5,-1.5,2.7777777777777777,2.7777777777777777
17,1.6,False,0,2.4173193618697746,1.0,0.0,True,2.8064288483085487,5.685846138077157,7.52897056094474,-1.8532676284866099,-1.879999999999999,0.0,0.0,2.7777777777777777,2.7777777777777777,6.831252961512935,10.444463107962076,11.27011300043501,1.0835351521016263,-0.1599999999999997,-1.6,-1.6,2.7777777777777777,2.7777777777777777
17,1.7000000000000002,False,0,2.6219794725908945,1.0,0.0,True,2.7805315438875637,6.174368731884603,7.336857051762185,-1.7128094979549084,-1.8300000000000005,0.0,0.0,2.7777777777777777,2.7777777777777777,6.793166911846265,10.572012201937614,11.969872336282013,0.36802738149819225,-0.09999999999999964,-1.7000000000000002,-1.7000000000000002,2.7777777777777777,2.7777777777777777
18,0.0,False,0,4.0,0.0,0.0,False,8.333333333333334,-3.5690773240801006,-4.222222222222217,2.2492752833529095,1.6,0.0,0.0,2.7777777777777777,2.7777777777777777,,,,,,,,,
18,0.1,False,0,4.0,0.6290543333665455,0.0,True,8.333333333333334,-3.722718181292545,-4.222222222222217,1.382024300261627,1.1999999999999997,-0.1,-0.1,2.7777777777777777,2.7777777777777777,8.333333333333334,63.16746224525042,62.84444444444432,0.9794441066270791,-0.00999999999999579,-0.1,-0.1,2.7777777777777777,2.7777777777777777
18,0.2,False,0,2.9000000000000026,1.0,1.0,True,7.574333333333334,-3.9391195424337893,-4.157927777777782,1.5654853722240367,0.7799999999999998,-0.2,-0.2,2.7777777777777777,2.7777777777777777,7.068333333333333,12.382817343564714,12.821350000000113,1.5059393804240169,-0.019999999999997353,-0.2,-0.2,2.7777777777777777,2.7777777777777777
18,0.30000000000000004,False,0,1.8333333333333324,1.0,1.0,True,3.141833333333334,-0.1921424275389425,1.5843444444444303,0.86482962094043,0.48999999999999977,-0.30000000000000004,-0.30000000000000004,2.7777777777777777,2.7777777777777777,1.0153333333333343,2.2948816335261926,3.460499999999965,-1.1637197931758876,-0.020000000000001572,-0.30000000000000004,-0.30000000000000004,2.7777777777777777,2.7777777777777777
18,0.4,False,0,2.3651363959343814,1.0,0.0,True,2.8918871221670046,5.897425448520299,6.780085769713172,-0.527614797598879,0.35999999999999943,-0.4,-0.4,2.7777777777777777,2.7777777777777777,2.2434070541084443,7.419526543696663,7.079487811835798,0.5907978036374644,-6.661338147750939e-16,-0.4,-0.4,2.7777777777777777,2.7777777777777777
18,0.5,False,0,2.0898631847159828,1.0,0.0,True,2.778802470417018,4.9313919183628885,6.892212934694737,0.018429585216461764,-0.04999999999999982,-0.5,-0.5,2.7777777777777777,2.7777777777777777,3.0565023885432017,4.874630724389008,6.892315403958659,-0.09320353463394038,0.0,-0.5,-0.5,2.7777777777777777,2.7777777777777777
18,0.6000000000000001,False,0,2.294523295437103,1.0,0.0,True,2.8903731206107195,5.01446603862587,6.974189279993014,-0.911602109496787,-1.0400000000000018,-0.6000000000000001,-0.6000000000000001,2.7777777777777777,2.7777777777777777,4.071502785437085,7.326090864127264,7.692350355906382,-1.0246653641273213,-0.019999999999999574,-0.6000000000000001,-0.6000000000000001,2.7777777777777777,2.7777777777777777
18,0.7000000000000001,False,0,2.294523295437103,1.0,0.0,True,2.7877182873761837,6.329595229661039,7.737846217163082,0.6362159039925923,-1.4799999999999978,-0.7000000000000001,-0.7000000000000001,2.7777777777777777,2.7777777777777777,4.202454421486206,8.578995755821293,8.482731922035558,0.6283278551244527,-0.009999999999999343,-0.7000000000000001,-0.7000000000000001,2.7777777777777777,2.7777777777777777
18,0.8,False,0,2.499183406158222,1.0,0.0,True,2.8297492333394065,5.57511628014725,7.388155134290671,-1.8472671554370717,-1.8799999999999994,0.0,0.0,2.7777777777777777,2.7777777777777777,5.270166342252873,7.598329174602031,9.41892768130094,-1.1972093342404944,-2.220446049250313e-16,-0.8,-0.8,2.7777777777777777,2.7777777777777777
18,0.9,False,0,2.499183406158222,1.0,0.0,True,2.878993331008773,5.892204966767477,7.320059886185022,-1.606856570918332,-1.8900000000000028,-0.9,-0.9,2.7777777777777777,2.7777777777777777,5.534909329032407,9.30394921815271,9.824120656842535,0.2215039172057751,-0.02000000000000024,-0.9,-0.9,2.7777777777777777,2.7777777777777777
18,1.0,False,0,2.499183406158222,1.0,0.0,True,2.949419532899562,4.805578132621119,7.374734599446659,-0.4752940530512433,-1.7999999999999998,0.0,0.0,2.7777777777777777,2.7777777777777777,5.993428730773252,10.144186622308244,10.308686899800648,0.05431328268440372,0.0,-1.0,-1.0,2.7777777777777777,2.7777777777777777
18,1.1,False,0,2.499183406158222,1.0,0.0,True,2.864650427962882,5.191382702525904,7.273645032786338,-0.9589337333197947,-1.8799999999999981,0.0,0.0,2.7777777777777777,2.7777777777777777,5.987629952861439,10.379208434509145,10.702714324780548,1.1261494286122122,-0.0499999999999996,-1.1,-1.1,2.7777777777777777,2.7777777777777777
18,1.2000000000000002,False,0,2.3968533507976626,1.0,0.0,True,2.835348195654492,5.647730827813153,7.3351941803119844,-1.8381800292790658,-1.7999999999999998,0.0,0.0,2.7777777777777777,2.7777777777777777,6.555691120961873,9.296502373181514,10.787674557546588,0.5188139030467118,-0.07999999999999963,-1.2000000000000002,-1.2000000000000002,2.7777777777777777,2.7777777777777777
18,1.3,False,0,2.499183406158222,1.0,0.0,True,2.8226679600007754,5.905452067899934,7.141136137887433,-1.5359477401027708,-1.8899999999999997,0.0,0.0,2.7777777777777777,2.7777777777777777,6.614701339516189,9.515997045384172,11.332275732792588,1.5457339050229764,-0.09000000000000008,-1.3,-1.3,2.7777777777777777,2.7777777777777777
18,1.4000000000000001,False,0,2.3968533507976626,1.0,0.0,True,2.810940790532189,4.304875156368465,7.419423681342757,-1.7951987587874159,-1.8999999999999986,0.0,0.0,2.7777777777777777,2.7777777777777777,7.233367458057594,13.584268658953643,11.569829920860908,1.8249546687624392,-0.08000000000000007,-1.4000000000000001,-1.4000000000000001,2.7777777777777777,2.7777777777777777
18,1.5,False,0,2.601513461518783,1.0,0.0,True,2.810450465120384,5.545834727076415,7.249596529143642,-1.5405171067426089,-1.7999999999999998,0.0,0.0,2.7777777777777777,2.7777777777777777,7.171433373821798,12.16540561078126,12.22854623380779,0.5446249617576471,-0.04999999999999982,-1.5,-1.5,2.7777777777777777,2.7777777777777777
18,1.6,False,0,2.3968533507976626,1.0,0.0,True,2.8848026933569155,4.6822100053747,7.266365740872179,-1.0205873211632097,-1.879999999999999,0.0,0.0,2.7777777777777777,2.7777777777777777,7.574333333333334,13.707187036500553,12.01538888888889,-0.6927869070252752,-0.1599999999999997,-1.6,-1.6,2.7777777777777777,2.7777777777777777
18,1.7000000000000002,False,0,2.601513461518783,1.0,0.0,True,2.869607782997025,5.855430961549328,7.292272956914627,-1.2589899178864408,-1.8300000000000005,0.0,0.0,2.7777777777777777,2.7777777777777777,7.174333333333333,13.025114951282344,12.686844444444443,-0.8487266668487639,-0.09999999999999964,-1.7000000000000002,-1.7000000000000002,2.7777777777777777,2.7777777777777777
19,0.0,False,0,4.0,1.0,1.0,True,8.333333333333334,-4.133038017323439,-4.266666666666661,1.9224506542202318,1.6,0.0,0.0,2.7777777777777777,2.7777777777777777,,,,,,,,,
19,0.1,False,0,4.0,1.0,1.0,True,8.333333333333334,-3.089936790672378,-4.266666666666661,0.2888893838632871,1.1800000000000002,-0.1,-0.1,2.7777777777777777,2.7777777777777777,8.333333333333334,62.0415947501115,61.84444444444432,-0.813842126165508,-0.00999999999999579,-0.1,-0.1,2.7777777777777777,2.7777777777777777
19,0.2,False,0,0.6000000000000116,1.0,1.0,True,2.868333333333335,-3.5036095177507844,-4.1441944444444685,-0.09046453239664243,0.5400000000000005,-0.2,-0.2,2.7777777777777777,2.7777777777777777,0.0,1.2318572731992505,1.8310833333332868,0.603875003888311,-0.019999999999997353,-0.2,-0.2,2.7777777777777777,2.7777777777777777
19,0.30000000000000004,False,0,0.8333333333333303,1.0,1.0,True,3.068333333333335,-1.860854922893874,-0.26182777777779886,2.4452889614990467,0.3699999999999992,-0.30000000000000004,-0.30000000000000004,2.7777777777777777,2.7777777777777777,0.14183333333333537,0.03284638833563225,1.484899999999965,-1.2809935366375416,-0.020000000000001572,-0.30000000000000004,-0.30000000000000004,2.7777777777777777,2.7777777777777777
19,0.4,False,0,0.9368170487132838,1.0,1.0,True,3.015333333333332,2.7568995624232153,1.9836444444444306,0.1205719113553334,0.11999999999999922,-0.4,-0.4,2.7777777777777777,2.7777777777777777,2.2153333333333323,1.359861186019665,2.112377777777767,-0.987766961557395,-6.661338147750939e-16,-0.4,-0.4,2.7777777777777777,2.7777777777777777
19,0.5,False,0,2.3763873397255506,1.0,0.0,True,2.786164982066513,5.696202787257502,7.368931165415771,1.0951338311665615,-0.44999999999999973,-0.5,-0.5,2.7777777777777777,2.7777777777777777,3.2421231808786244,6.100118753203572,7.506016062578266,1.4460137712833645,0.0,-0.5,-0.5,2.7777777777777777,2.7777777777777777
19,0.6000000000000001,False,0,2.2740572843649907,1.0,0.0,True,2.8101536354190135,5.967442849779403,7.339925661159421,-1.6795890543347287,-1.1000000000000019,-0.6000000000000001,-0.6000000000000001,2.7777777777777777,2.7777777777777777,3.8736819729854925,6.5632384739197756,8.127201923911802,1.3530946207680237,-0.019999999999999574,-0.6000000000000001,-0.6000000000000001,2.7777777777777777,2.7777777777777777
19,0.7000000000000001,False,0,2.0693971736438708,1.0,0.0,True,2.9063839264751317,5.019579764540507,7.02803316094444,-0.5745190057994787,-0.7099999999999986,-0.7000000000000001,-0.7000000000000001,2.7777777777777777,2.7777777777777777,4.964056904578269,7.258731848901626,7.981049865097728,-0.46340656293551796,-0.009999999999999343,-0.7000000000000001,-0.7000000000000001,2.7777777777777777,2.7777777777777777
19,0.8,False,0,2.478717395086111,1.0,0.0,True,2.8043243555582635,6.347290349194574,7.477719022099273,-1.1146584360005738,-1.7600000000000007,-0.8,-0.8,2.7777777777777777,2.7777777777777777,5.1803414324017325,8.802283431740715,9.65302520959779,1.9627338672977563,-2.220446049250313e-16,-0.8,-0.8,2.7777777777777777,2.7777777777777777
19,0.9,False,0,2.478717395086111,1.0,0.0,True,2.879160976284906,4.888277583647548,7.324509499497414,-1.1164299801323536,-1.8900000000000028,0.0,0.0,2.7777777777777777,2.7777777777777777,6.048173950387933,10.65776172286932,10.186511692690146,0.1229257232007841,-0.02000000000000024,-0.9,-0.9,2.7777777777777777,2.7777777777777777
19,1.0,False,0,2.478717395086111,1.0,0.0,True,2.8340478810640315,5.396671787159815,7.254737603129823,-1.6488229118752868,-1.7999999999999998,0.0,0.0,2.7777777777777777,2.7777777777777777,6.266308052159398,9.926949866518253,10.839317434094273,-1.5704130340128493,0.0,-1.0,-1.0,2.7777777777777777,2.7777777777777777
19,1.1,False,0,2.3763873397255506,1.0,0.0,True,2.843032518620696,5.808290397104682,7.279576196790441,-0.21459670665073127,-1.8799999999999981,0.0,0.0,2.7777777777777777,2.7777777777777777,6.774333333333333,13.702640610583021,11.06496666666667,0.36600296677214006,-0.0499999999999996,-1.1,-1.1,2.7777777777777777,2.7777777777777777
19,1.2000000000000002,False,0,2.478717395086111,1.0,0.0,True,2.9546661788461877,5.579468368445913,7.375015649951242,-0.3387421232533594,-1.7999999999999998,0.0,0.0,2.7777777777777777,2.7777777777777777,6.951753323059622,11.451095131455794,11.59781646296991,1.025362934766307,-0.07999999999999963,-1.2000000000000002,-1.2000000000000002,2.7777777777777777,2.7777777777777777
19,1.3,False,0,2.2740572843649907,1.0,0.0,True,2.8728278791397672,5.806552526939325,7.124996022510094,-1.4026003777570764,-1.8899999999999997,0.0,0.0,2.7777777777777777,2.7777777777777777,7.953833333333334,10.765327689033878,11.828377777777778,0.9768657582726328,-0.09000000000000008,-1.3,-1.3,2.7777777777777777,2.7777777777777777
19,1.4000000000000001,False,0,2.478717395086111,1.0,0.0,True,2.8461236753618366,4.975652680291,7.160384334802658,-1.6801185765968367,-1.8999999999999986,0.0,0.0,2.7777777777777777,2.7777777777777777,7.574333333333334,10.65953547367016,12.459833333333332,2.0346546312894116,-0.08000000000000007,-1.4000000000000001,-1.4000000000000001,2.7777777777777777,2.7777777777777777
19,1.5,False,0,2.3763873397255506,1.0,0.0,True,2.824978752006217,5.643782157771363,7.355663563242552,-1.8653927150093481,-1.7999999999999998,0.0,0.0,2.7777777777777777,2.7777777777777777,8.206833333333334,12.33344245865042,12.90153888888889,1.5499282727607002,-0.04999999999999982,-1.5,-1.5,2.7777777777777777,2.7777777777777777
19,1.6,False,0,2.2740572843649907,1.0,0.0,True,2.926319270751533,5.609790171601966,7.426930391061078,-0.37082175565263253,-1.879999999999999,0.0,0.0,2.7777777777777777,2.7777777777777777,8.333333333333334,11.771652995537625,12.88888888888889,0.8684353571341528,-0.1599999999999997,-1.6,-1.6,2.7777777777777777,2.7777777777777777
19,1.7000000000000002,False,0,2.2740572843649907,1.0,0.0,True,2.8081644610118928,5.546915633942494,7.227350075525654,-1.4761727846803514,-1.8300000000000005,0.0,0.0,2.7777777777777777,2.7777777777777777,8.333333333333334,13.503825354420083,13.444444444444446,-0.9455458919323232,-0.09999999999999964,-1.7000000000000002,-1.7000000000000002,2.7777777777777777,2.7777777777777777
20,0.0,False,0,4.0,1.0,0.0,True,8.333333333333334,-2.319705075428206,-4.155555555555547,0.800950136831128,1.6,0.0,0.0,2.7777777777777777,2.7777777777777777,,,,,,,,,
20,0.1,False,0,4.0,1.0,1.0,True,8.333333333333334,-4.205191551634381,-4.155555555555547,0.21249658694345985,1.1600000000000001,-0.1,-0.1,2.7777777777777777,2.7777777777777777,8.333333333333334,60.76469600963128,60.84444444444432,0.15411512129329186,-0.00999999999999579,-0.1,-0.1,2.7777777777777777,2.7777777777777777
20,0.2,False,0,2.9000000000000026,1.0,1.0,True,8.333333333333334,-3.3114980643860603,-4.155555555555547,0.8058406035441341,0.7200000000000002,-0.2,-0.2,2.7777777777777777,2.7777777777777777,8.333333333333334,16.02978947585756,16.400000000000087,-0.591303302769139,-0.019999999999997353,-0.2,-0.2,2.7777777777777777,2.7777777777777777
20,0.30000000000000004,False,0,1.4333333333333307,1.0,1.0,True,3.3232040454917096,-0.20474668967265597,1.5437532252004873,-0.5179635746895481,0.3699999999999992,-0.30000000000000004,-0.30000000000000004,2.7777777777777777,2.7777777777777777,2.7232040454917095,1.0010148266802235,1.6146990771723795,-0.11896392943906609,-0.020000000000001572,-0.30000000000000004,-0.30000000000000004,2.7777777777777777,2.7777777777777777
20,0.4,False,0,1.6064659202911369,1.0,0.0,True,3.174333333333331,4.505959828856427,4.866361111111105,-0.2699081816865705,0.23999999999999932,-0.4,-0.4,2.7777777777777777,2.7777777777777777,2.0706855377852897,4.778582391252347,5.189886895996982,-0.4040399164689221,-6.661338147750939e-16,-0.4,-0.4,2.7777777777777777,2.7777777777777777
20,0.5,False,0,2.058251384013999,1.0,0.0,True,2.815046152313552,4.067128123760349,6.984876793291154,-0.45857827652052885,-0.09999999999999987,-0.5,-0.5,2.7777777777777777,2.7777777777777777,3.092641222188662,5.299346384455942,6.9923304681983085,0.09809951268045469,0.0,-0.5,-0.5,2.7777777777777777,2.7777777777777777
20,0.6000000000000001,False,0,2.4582513840139986,1.0,0.0,True,2.8390952639805715,5.840485916604217,7.415858573688696,-1.8645872077785512,-1.2200000000000024,-0.6000000000000001,-0.6000000000000001,2.7777777777777777,2.7777777777777777,4.569903988347941,8.73106641763513,8.579070405915385,-0.8092766241031795,-0.019999999999999574,-0.6000000000000001,-0.6000000000000001,2.7777777777777777,2.7777777777777777
20,0.7000000000000001,False,0,2.560581439374559,1.0,0.0,True,2.8107660093398787,4.974670819220926,7.055377638319215,-1.0612105948808483,-1.899999999999999,-0.7000000000000001,0.0,2.7777777777777777,2.7777777777777777,5.118172872590558,8.678109801185549,9.627649757412172,2.482314594565359,-0.009999999999999343,-0.7000000000000001,-0.7000000000000001,2.7777777777777777,2.7777777777777777
20,0.8,False,0,2.560581439374559,1.0,0.0,True,2.880405478052472,5.9491844121685675,7.448943305567821,-0.4863082596085886,-1.8799999999999994,-0.8,0.0,2.7777777777777777,2.7777777777777777,5.810284367706903,9.865353422271887,10.299442808810767,-1.4551779755199044,-2.220446049250313e-16,-0.8,-0.8,2.7777777777777777,2.7777777777777777
20,0.9,False,0,2.560581439374559,1.0,0.0,True,2.778727652826543,6.400436476203848,7.120751505319416,-1.5070712571085736,-1.8900000000000028,0.0,0.0,2.7777777777777777,2.7777777777777777,6.134979574337438,10.066344305632004,10.956430251133188,-0.985947875358359,-0.02000000000000024,-0.9,-0.9,2.7777777777777777,2.7777777777777777
20,1.0,False,0,2.4582513840139986,1.0,0.0,True,2.8774979229619904,4.828367316096586,7.375053993703884,-1.589753745567477,-1.7999999999999998,0.0,0.0,2.7777777777777777,2.7777777777777777,7.056480608444818,11.984052620200526,11.459404278555123,-1.2687621784526408,0.0,-1.0,-1.0,2.7777777777777777,2.7777777777777777
20,1.1,False,0,2.560581439374559,1.0,0.0,True,2.871356728625423,5.4957505291788395,6.98050066479954,-1.0727775327683449,-1.8799999999999981,0.0,0.0,2.7777777777777777,2.7777777777777777,6.952498336779216,11.249195433464102,12.021356734080058,1.0535393915550744,-0.0499999999999996,-1.1,-1.1,2.7777777777777777,2.7777777777777777
20,1.2000000000000002,False,0,2.4582513840139986,1.0,0.0,True,2.8451250068095826,5.2449113755174475,7.344399127531333,-0.6755407847433901,-1.7999999999999998,0.0,0.0,2.7777777777777777,2.7777777777777777,7.574333333333334,12.51169224935597,12.348722222222225,0.6262917216192845,-0.07999999999999963,-1.2000000000000002,-1.2000000000000002,2.7777777777777777,2.7777777777777777
20,1.3,False,0,2.560581439374559,1.0,0.0,True,3.0766808432920447,5.046493327799976,7.1633022419311105,-0.7188919141163428,-1.8899999999999997,0.0,0.0,2.7777777777777777,2.7777777777777777,7.574333333333334,12.188508370054123,12.904277777777779,0.056266853405341655,-0.09000000000000008,-1.3,-1.3,2.7777777777777777,2.7777777777777777
20,1.4000000000000001,False,0,2.355921328653438,1.0,0.0,True,2.995011589489919,5.326583097584366,7.2354775411613845,-1.3465426334770036,-1.8999999999999986,0.0,0.0,2.7777777777777777,2.7777777777777777,8.333333333333334,15.240832895173607,13.333333333333332,-0.03350116570467043,-0.08000000000000007,-1.4000000000000001,-1.4000000000000001,2.7777777777777777,2.7777777777777777
20,1.5,False,0,2.560581439374559,1.0,0.0,True,2.882207324127297,5.7937338552623645,7.786279503451991,-1.3783421219431524,-1.7999999999999998,0.0,0.0,2.7777777777777777,2.7777777777777777,8.206833333333334,12.926142061762366,13.90153888888889,-1.3291653454757355,-0.04999999999999982,-1.5,-1.5,2.7777777777777777,2.7777777777777777
20,1.6,False,0,2.560581439374559,1.0,0.0,True,2.7857253804714963,5.865568162517669,7.380931559932287,-0.4884481047777023,-1.879999999999999,0.0,0.0,2.7777777777777777,2.7777777777777777,8.206833333333334,13.25239002724074,13.90153888888889,-1.7767294142718322,-0.1599999999999997,-1.6,-1.6,2.7777777777777777,2.7777777777777777
20,1.7000000000000002,False,0,2.560581439374559,1.0,0.0,True,3.0215236173696773,5.041755563970878,7.033091542181833,-0.867343466590003,-1.8300000000000005,0.0,0.0,2.7777777777777777,2.7777777777777777,8.333333333333334,13.183159796296852,14.444444444444446,0.6590996514152421,-0.09999999999999964,-1.7000000000000002,-1.7000000000000002,2.7777777777777777,2.7777777777777777
21,0.0,False,0,4.0,1.0,1.0,True,8.333333333333334,-4.057791285577845,-4.044444444444433,0.12952022501860272,1.6,0.0,0.0,2.7777777777777777,2.7777777777777777,,,,,,,,,
21,0.1,False,0,4.0,1.0,1.0,True,8.333333333333334,-3.422686651472051,-4.044444444444433,0.3171409541929102,1.1400000000000001,-0.1,-0.1,2.7777777777777777,2.7777777777777777,8.333333333333334,58.88177497308766,59.84444444444432,1.2438344901620901,-0.00999999999999579,-0.1,-0.1,2.7777777777777777,2.7777777777777777
21,0.2,False,0,2.200000000000004,1.0,1.0,True,2.868333333333335,-1.5343159926396082,-1.1508666666666825,1.448518034920431,0.6400000000000001,-0.2,-0.2,2.7777777777777777,2.7777777777777777,0.0,4.766282183121594,5.3700197602715365,0.21407969111385317,-0.019999999999997353,-0.2,-0.2,2.7777777777777777,2.7777777777777777
21,0.30000000000000004,False,0,1.6333333333333324,1.0,1.0,True,2.9795695052509594,3.738682419642168,2.4320624331128196,0.694487194117031,0.3699999999999992,-0.30000000000000004,-0.30000000000000004,2.7777777777777777,2.7777777777777777,1.3795695052509598,3.6814572175313716,3.329733187397683,0.5357492425320536,-0.020000000000001572,-0.30000000000000004,-0.30000000000000004,2.7777777777777777,2.7777777777777777
21,0.4,False,0,2.3355092774907917,1.0,0.0,True,3.031783642173045,4.821414606053659,7.080820162058417,-0.18306950422359525,-6.661338147750939e-16,-0.4,-0.4,2.7777777777777777,2.7777777777777777,3.031783642173045,4.821414606053659,7.080820162058417,-0.18306950422359525,-6.661338147750939e-16,-0.4,-0.4,2.7777777777777777,2.7777777777777777
21,0.5,False,0,2.1422780109263804,1.0,0.0,True,2.800572209642038,5.893031697027205,6.937850832406604,-1.198704606723962,-0.8500000000000001,-0.5,-0.5,2.7777777777777777,2.7777777777777777,3.6177200551829247,6.457950099713153,7.570167268423583,0.8175120812822763,0.0,-0.5,-0.5,2.7777777777777777,2.7777777777777777
21,0.6000000000000001,False,0,2.2331252622207667,1.0,0.0,True,2.909061311437931,5.275148996019909,7.240385277855233,0.13578607300628898,-1.1600000000000024,-0.6000000000000001,-0.6000000000000001,2.7777777777777777,2.7777777777777777,4.627011670292976,7.316960961140926,8.322789027429405,-0.039002036108462645,-0.019999999999999574,-0.6000000000000001,-0.6000000000000001,2.7777777777777777,2.7777777777777777
21,0.7000000000000001,False,0,2.540115428302446,1.0,0.0,True,2.8434415820122076,5.284903565141723,7.096336724482218,-0.06719740765495996,-1.8299999999999987,-0.7000000000000001,-0.7000000000000001,2.7777777777777777,2.7777777777777777,5.338894690995518,10.503338251284763,9.972406993380066,-0.7295933372375984,-0.009999999999999343,-0.7000000000000001,-0.7000000000000001,2.7777777777777777,2.7777777777777777
21,0.8,False,0,2.540115428302446,1.0,0.0,True,2.8730414078985764,6.036506491640275,7.057022334218744,-1.7000202437029888,-1.8799999999999994,0.0,0.0,2.7777777777777777,2.7777777777777777,6.266966043193453,10.13057311334952,10.826222824931996,1.8228415667386142,-2.220446049250313e-16,-0.8,-0.8,2.7777777777777777,2.7777777777777777
21,0.9,False,0,2.540115428302446,1.0,0.0,True,2.8309843409849385,5.806380276742744,7.037967265382094,-0.9149732434084149,-1.8900000000000028,0.0,0.0,2.7777777777777777,2.7777777777777777,6.820248430422712,11.715422179470512,11.491771247325936,-0.787976335446305,-0.02000000000000024,-0.9,-0.9,2.7777777777777777,2.7777777777777777
21,1.0,False,0,2.6424454836630065,1.0,0.0,True,2.813101652563329,5.982056413226819,7.506387378980432,-0.4217240509019846,-1.7999999999999998,0.0,0.0,2.7777777777777777,2.7777777777777777,7.245217167023322,11.31579550335158,12.422339361355991,0.4057970337521688,0.0,-1.0,-1.0,2.7777777777777777,2.7777777777777777
21,1.1,False,0,2.4377853729418866,1.0,0.0,True,2.8151596839184196,5.7835176550978185,7.490211888779236,-1.4705000024115351,-1.8799999999999981,0.0,0.0,2.7777777777777777,2.7777777777777777,7.953833333333334,10.508652788420644,12.717266666666667,-0.09125937011804397,-0.0499999999999996,-1.1,-1.1,2.7777777777777777,2.7777777777777777
21,1.2000000000000002,False,0,2.6424454836630065,1.0,0.0,True,2.834578518073239,6.185943325494983,7.237740021317848,-1.4181778934768992,-1.7999999999999998,0.0,0.0,2.7777777777777777,2.7777777777777777,7.68624117950256,12.12810679064447,13.3375314376053,-0.580071466472385,-0.07999999999999963,-1.2000000000000002,-1.2000000000000002,2.7777777777777777,2.7777777777777777
21,1.3,False,0,2.4377853729418866,1.0,0.0,True,2.8170449188957,5.843226406233826,7.35904195403343,-1.6027880413876583,-1.8899999999999997,0.0,0.0,2.7777777777777777,2.7777777777777777,8.333333333333334,13.077130279463656,13.777777777777775,0.60747825325004,-0.09000000000000008,-1.3,-1.3,2.7777777777777777,2.7777777777777777
21,1.4000000000000001,False,0,2.4377853729418866,1.0,0.0,True,3.110416366484153,4.092814002944121,7.574947155379481,-1.869860766968696,-1.8999999999999986,0.0,0.0,2.7777777777777777,2.7777777777777777,8.333333333333334,14.060980043068493,14.333333333333332,-1.0041171667399198,-0.08000000000000007,-1.4000000000000001,-1.4000000000000001,2.7777777777777777,2.7777777777777777
21,1.5,False,0,2.4377853729418866,1.0,0.0,True,2.8090747195723296,6.353030843097938,7.258246515771082,-0.5553757802203569,-1.7999999999999998,0.0,0.0,2.7777777777777777,2.7777777777777777,8.333333333333334,15.364714133369699,14.88888888888889,2.5418566025679525,-0.04999999999999982,-1.5,-1.5,2.7777777777777777,2.7777777777777777
21,1.6,False,0,2.540115428302446,1.0,0.0,True,2.9138197583121856,5.7447659994656926,7.3009724787809285,-1.3438951347165529,-1.879999999999999,0.0,0.0,2.7777777777777777,2.7777777777777777,8.333333333333334,14.86535128535802,14.88888888888889,1.9572288863135685,-0.1599999999999997,-1.6,-1.6,2.7777777777777777,2.7777777777777777
21,1.7000000000000002,False,0,2.4377853729418866,1.0,0.0,True,2.8265019421597692,4.726799209552486,7.111839246832202,-0.3447064524564787,-1.8300000000000005,0.0,0.0,2.7777777777777777,2.7777777777777777,8.333333333333334,15.315339631005696,15.444444444444446,-0.8860639800861734,-0.09999999999999964,-1.7000000000000002,-1.7000000000000002,2.7777777777777777,2.7777777777777777
22,0.0,False,0,4.0,1.0,1.0,True,8.333333333333334,-3.0806934953729153,-4.111111111111131,0.49870748919585006,1.6,0.0,0.0,2.7777777777777777,2.7777777777777777,,,,,,,,,
22,0.1,False,0,4.0,1.0,1.0,True,8.333333333333334,-4.248670567768779,-4.111111111111131,0.0845084027197538,1.1300000000000003,-0.1,-0.1,2.7777777777777777,2.7777777777777777,8.333333333333334,59.643014560158605,58.84444444444432,-1.7429194488287036,-0.00999999999999579,-0.1,-0.1,2.7777777777777777,2.7777777777777777
22,0.2,False,0,1.9000000000000061,1.0,1.0,True,6.468333333333334,-3.0864044521499023,-4.200722222222221,0.45360740899561236,0.6000000000000005,-0.2,-0.2,2.7777777777777777,2.7777777777777777,6.468333333333334,8.030681044873976,7.240000000000021,-0.8817026385549931,-0.019999999999997353,-0.2,-0.2,2.7777777777777777,2.7777777777777777
22,0.30000000000000004,False,0,1.2306888209248117,1.0,1.0,True,2.7948333333333313,2.805185249601803,1.3726999999999991,2.1023115991914074,0.2499999999999991,-0.30000000000000004,-0.30000000000000004,2.7777777777777777,2.7777777777777777,0.7948333333333316,1.9260770479323712,2.67734999999998,0.14064093130720545,-0.020000000000001572,-0.30000000000000004,-0.30000000000000004,2.7777777777777777,2.7777777777777777
22,0.4,False,0,1.7358625402487875,1.0,0.0,True,2.8729099316416056,3.679393241790735,5.643515730490635,0.5527177602586089,0.07999999999999918,-0.4,-0.4,2.7777777777777777,2.7777777777777777,2.0783780324794145,4.728915789044746,5.743942489634091,0.10470544301056028,-6.661338147750939e-16,-0.4,-0.4,2.7777777777777777,2.7777777777777777
22,0.5,False,0,2.080696796312167,1.0,0.0,True,2.8179562355154224,5.7533329904919635,6.975425342213264,0.49095375303998123,-0.3999999999999999,-0.5,-0.5,2.7777777777777777,2.7777777777777777,3.574333333333331,8.974579813149699,7.383622222222212,-0.03460362094637848,0.0,-0.5,-0.5,2.7777777777777777,2.7777777777777777
22,0.6000000000000001,False,0,2.4173193618697746,1.0,0.0,True,2.932160627645325,5.6387275944977775,7.329375803376085,-0.6297551256224969,-1.4000000000000026,-0.6000000000000001,-0.6000000000000001,2.7777777777777777,2.7777777777777777,5.001039458624022,10.779282781323765,9.315634857695137,-0.10989808968449166,-0.019999999999999574,-0.6000000000000001,-0.6000000000000001,2.7777777777777777,2.7777777777777777
22,0.7000000000000001,False,0,2.4173193618697746,1.0,0.0,True,2.7895675882564066,5.91007763210789,7.4268613006024085,-0.6049220827654449,-1.899999999999999,0.0,0.0,2.7777777777777777,2.7777777777777777,5.628661173578623,8.949720620215746,10.311923870148632,-1.2448038692129901,-0.009999999999999343,-0.7000000000000001,-0.7000000000000001,2.7777777777777777,2.7777777777777777
22,0.8,False,0,2.4173193618697746,1.0,0.0,True,2.9853798757363537,5.48785983318198,7.563539668552253,0.16028528038202472,-1.8799999999999994,-0.8,-0.8,2.7777777777777777,2.7777777777777777,6.84153328558323,11.429098882344274,11.26702890321392,-0.8002492289855119,-2.220446049250313e-16,-0.8,-0.8,2.7777777777777777,2.7777777777777777
22,0.9,False,0,2.4173193618697746,1.0,0.0,True,2.827283006781883,5.795708303493233,7.483574308907106,-1.5929423057638474,-1.8900000000000028,0.0,0.0,2.7777777777777777,2.7777777777777777,7.698630806056274,10.514185247725752,12.114070252727704,0.1119786168340311,-0.02000000000000024,-0.9,-0.9,2.7777777777777777,2.7777777777777777
22,1.0,False,0,2.519649417230335,1.0,0.0,True,2.922108219992054,5.6752634304267255,7.37256962764078,-1.229347147580254,-1.7999999999999998,0.0,0.0,2.7777777777777777,2.7777777777777777,7.953833333333334,13.160564239474152,13.161711111111114,-1.4291913326518308,0.0,-1.0,-1.0,2.7777777777777777,2.7777777777777777
22,1.1,False,0,2.4173193618697746,1.0,0.0,True,2.793936916717894,5.8140997091895,7.3384182350356335,-1.2919138810961828,-1.8799999999999981,0.0,0.0,2.7777777777777777,2.7777777777777777,8.333333333333334,14.844774435973594,13.666666666666668,0.23449323929308363,-0.0499999999999996,-1.1,-1.1,2.7777777777777777,2.7777777777777777
22,1.2000000000000002,False,0,2.519649417230335,1.0,0.0,True,2.885876167821069,5.939499749551914,7.353016852261704,-1.2299243999796654,-1.7999999999999998,0.0,0.0,2.7777777777777777,2.7777777777777777,8.333333333333334,14.307820368602304,14.222222222222221,0.4842561683315898,-0.07999999999999963,-1.2000000000000002,-1.2000000000000002,2.7777777777777777,2.7777777777777777
22,1.3,False,0,2.519649417230335,1.0,0.0,True,2.801525668922861,5.09400774020233,7.350926814585329,-1.1326065505757636,-1.8899999999999997,0.0,0.0,2.7777777777777777,2.7777777777777777,8.333333333333334,14.437287744234464,14.777777777777775,0.4329106889464205,-0.09000000000000008,-1.3,-1.3,2.7777777777777777,2.7777777777777777
22,1.4000000000000001,False,0,2.4173193618697746,1.0,0.0,True,2.998184836496481,5.149544249764149,7.264056983915865,-0.3595084270046429,-1.8999999999999986,0.0,0.0,2.7777777777777777,2.7777777777777777,8.333333333333334,14.345101544720496,15.333333333333332,1.9505084767775984,-0.08000000000000007,-1.4000000000000001,-1.4000000000000001,2.7777777777777777,2.7777777777777777
22,1.5,False,0,2.519649417230335,1.0,0.0,True,2.7837134783956468,5.575444913518049,7.426811227784882,-0.7427219825393674,-1.7999999999999998,0.0,0.0,2.7777777777777777,2.7777777777777777,8.333333333333334,15.50784345291559,15.88888888888889,0.4510731957522962,-0.04999999999999982,-1.5,-1.5,2.7777777777777777,2.7777777777777777
22,1.6,False,0,2.4173193618697746,1.0,0.0,True,2.961358611207211,4.90674830169482,7.53513918132314,-1.8802113819949868,-1.879999999999999,0.0,0.0,2.7777777777777777,2.7777777777777777,8.333333333333334,14.085143163905432,15.88888888888889,-0.33588186384728846,-0.1599999999999997,-1.6,-1.6,2.7777777777777777,2.7777777777777777
22,1.7000000000000002,False,0,2.519649417230335,1.0,0.0,True,3.0524546305396885,5.072868649311986,7.480145820383634,-1.5616890429453298,-1.8300000000000005,0.0,0.0,2.7777777777777777,2.7777777777777777,8.333333333333334,17.295421368967403,16.444444444444446,-0.4103499608631451,-0.09999999999999964,-1.7000000000000002,-1.7000000000000002,2.7777777777777777,2.7777777777777777
23,0.0,False,0,4.0,0.0,0.0,False,8.333333333333334,-4.0895864903072505,-4.222222222222245,0.21106900223533653,1.6,0.0,0.0,2.7777777777777777,2.7777777777777777,,,,,,,,,
23,0.1,False,0,4.0,1.0,1.0,True,8.333333333333334,-3.385108697171634,-4.222222222222245,1.4913948125206642,1.1100000000000003,-0.1,-0.1,2.7777777777777777,2.7777777777777777,8.333333333333334,59.49076924296955,57.84444444444432,0.04616298242159278,-0.00999999999999579,-0.1,-0.1,2.7777777777777777,2.7777777777777777
23,0.2,False,0,1.700000000000006,1.0,1.0,True,2.868333333333335,0.10175413777248554,-0.8652333333333528,1.5429373273840894,0.5800000000000005,-0.2,-0.2,2.7777777777777777,2.7777777777777777,0.0,6.3658470892379855,4.630772524384196,-0.6729283569016444,-0.019999999999997353,-0.2,-0.2,2.7777777777777777,2.7777777777777777
23,0.30000000000000004,False,0,2.005649807302632,1.0,0.0,True,2.8904590554183347,5.286782147626817,4.759709650013712,0.24517410386283922,0.3699999999999992,-0.30000000000000004,-0.30000000000000004,2.7777777777777777,2.7777777777777777,1.5827520580705117,5.110349445655001,5.561986273475438,1.4279029951153372,-0.020000000000001572,-0.30000000000000004,-0.30000000000000004,2.7777777777777777,2.7777777777777777
23,0.4,False,0,1.98956949199841,1.0,0.0,True,2.7828233625314733,5.793761819942152,6.895345915865964,0.322192354560058,-0.23999999999999977,-0.4,-0.4,2.7777777777777777,2.7777777777777777,3.0617158437537024,5.392656592444031,6.910298821258803,-0.1411988013315295,-6.661338147750939e-16,-0.4,-0.4,2.7777777777777777,2.7777777777777777
23,0.5,False,0,1.9846816001030374,1.0,0.0,True,2.806535629311616,5.756375622589702,6.811717234812222,-0.8453510767445835,-0.3999999999999999,-0.5,-0.5,2.7777777777777777,2.7777777777777777,4.538476794004312,7.203013283915429,7.378533824129922,-0.9139500158289032,0.0,-0.5,-0.5,2.7777777777777777,2.7777777777777777
23,0.6000000000000001,False,0,2.3968533507976626,1.0,0.0,True,2.852317555251714,5.861965699154795,7.472496816885312,-1.4096524117678708,-1.3400000000000025,-0.6000000000000001,-0.6000000000000001,2.7777777777777777,2.7777777777777777,5.217860786687305,10.655202458191233,9.671243720036337,0.2782178829242081,-0.019999999999999574,-0.6000000000000001,-0.6000000000000001,2.7777777777777777,2.7777777777777777
23,0.7000000000000001,False,0,2.3968533507976626,1.0,0.0,True,3.0612168282132846,4.977501817636019,7.556476884005286,-1.5225747899227227,-1.409999999999998,-0.7000000000000001,-0.7000000000000001,2.7777777777777777,2.7777777777777777,6.633069674412566,10.12036523752662,10.76487636513766,-0.11022568636907848,-0.009999999999999343,-0.7000000000000001,-0.7000000000000001,2.7777777777777777,2.7777777777777777
23,0.8,False,0,2.3968533507976626,1.0,0.0,True,2.887774075889577,5.258873207497008,7.29501292284552,-0.5375652364151375,-1.8799999999999994,0.0,0.0,2.7777777777777777,2.7777777777777777,7.574333333333334,11.412051907326425,12.015388888888882,0.8993249234791456,-2.220446049250313e-16,-0.8,-0.8,2.7777777777777777,2.7777777777777777
23,0.9,False,0,2.691907032475874,1.0,0.0,True,2.813930384408263,4.9886060397209,7.784893457629821,-1.519212377813207,-1.8900000000000028,0.0,0.0,2.7777777777777777,2.7777777777777777,7.328534534036118,12.597218102411421,13.205589138108632,0.24447214746717583,-0.02000000000000024,-0.9,-0.9,2.7777777777777777,2.7777777777777777
23,1.0,False,0,2.703843516879343,1.0,0.0,True,2.92364463131108,5.832863321676087,7.320990092358827,-1.7925557441971536,-1.7999999999999998,0.0,0.0,2.7777777777777777,2.7777777777777777,7.953833333333334,13.983124993960406,14.161711111111114,0.12500483494934267,0.0,-1.0,-1.0,2.7777777777777777,2.7777777777777777
23,1.1,False,0,2.6730484322625596,1.0,0.0,True,2.8179178559905664,5.417924556968264,7.090507801579162,-1.730448339854429,-1.8799999999999981,0.0,0.0,2.7777777777777777,2.7777777777777777,8.264548234591379,12.96860783253669,14.673545176540863,0.8183803219073282,-0.0499999999999996,-1.1,-1.1,2.7777777777777777,2.7777777777777777
23,1.2000000000000002,False,0,2.601513461518783,1.0,0.0,True,2.8020342642135967,6.147394140459586,7.534258758166136,-1.077328409468293,-1.7999999999999998,0.0,0.0,2.7777777777777777,2.7777777777777777,8.333333333333334,13.22188860231195,15.222222222222221,0.3542680595602583,-0.07999999999999963,-1.2000000000000002,-1.2000000000000002,2.7777777777777777,2.7777777777777777
23,1.3,False,0,2.499183406158222,1.0,0.0,True,2.817693911953067,5.690335543118725,7.400224723772884,-0.8328492251029243,-1.8899999999999997,0.0,0.0,2.7777777777777777,2.7777777777777777,8.333333333333334,14.128600871717989,15.777777777777775,1.267451816781088,-0.09000000000000008,-1.3,-1.3,2.7777777777777777,2.7777777777777777
23,1.4000000000000001,False,0,2.499183406158222,1.0,0.0,True,2.85163557287533,5.399931480690186,7.421602441656142,-1.5077471954131434,-1.8999999999999986,0.0,0.0,2.7777777777777777,2.7777777777777777,8.333333333333334,17.398627522731818,16.333333333333332,-1.5327537928354482,-0.08000000000000007,-1.4000000000000001,-1.4000000000000001,2.7777777777777777,2.7777777777777777
23,1.5,False,0,2.601513461518783,1.0,0.0,True,2.8340727907790053,5.286947247733967,7.346366587757868,-1.8581877868047352,-1.7999999999999998,0.0,0.0,2.7777777777777777,2.7777777777777777,8.333333333333334,15.543687676597262,16.88888888888889,1.3705317854170542,-0.04999999999999982,-1.5,-1.5,2.7777777777777777,2.7777777777777777
23,1.6,False,0,2.3968533507976626,1.0,0.0,True,2.803959395545282,5.227981803096669,7.379370507608308,-1.4144894110540054,-1.879999999999999,0.0,0.0,2.7777777777777777,2.7777777777777777,8.333333333333334,15.57595733813795,16.88888888888889,0.4230050650226227,-0.1599999999999997,-1.6,-1.6,2.7777777777777777,2.7777777777777777
23,1.7000000000000002,False,0,2.3968533507976626,1.0,0.0,True,2.7866051665300726,6.370032133446739,7.2197691232348165,-1.7633499934290877,-1.8300000000000005,0.0,0.0,2.7777777777777777,2.7777777777777777,8.333333333333334,17.678677486695488,17.444444444444446,0.8262048090141714,-0.09999999999999964,-1.7000000000000002,-1.7000000000000002,2.7777777777777777,2.7777777777777777
24,0.0,False,0,4.0,1.0,1.0,True,8.333333333333334,-4.1749705813576155,-4.26666666666664,2.304242024424775,1.6,0.0,0.0,2.7777777777777777,2.7777777777777777,,,,,,,,,
24,0.1,False,0,4.0,1.0,1.0,True,8.333333333333334,-1.2647141437557279,-4.26666666666664,-0.02971841994067681,1.0900000000000003,-0.1,-0.1,2.7777777777777777,2.7777777777777777,8.333333333333334,55.312834687522084,56.84444444444432,-0.6065669023664371,-0.00999999999999579,-0.1,-0.1,2.7777777777777777,2.7777777777777777
24,0.2,False,0,3.022544434050556,1.0,1.0,True,3.015333333333332,0.44988483291202375,0.7180222222222286,0.8609458818273725,0.6000000000000005,-0.2,-0.2,2.7777777777777777,2.7777777777777777,0.28366920231604337,5.311135310996339,5.685764360603433,-0.4903709135285639,-0.019999999999997353,-0.2,-0.2,2.7777777777777777,2.7777777777777777
24,0.30000000000000004,False,0,2.1333333333333333,1.0,0.0,True,3.131628592438842,4.673794433339379,5.815397917218815,-0.5254094336914505,0.3699999999999992,-0.30000000000000004,-0.30000000000000004,2.7777777777777777,2.7777777777777777,1.9955529581528242,5.438017583921568,6.410296341392685,-0.5844072698959026,-0.020000000000001572,-0.30000000000000004,-0.30000000000000004,2.7777777777777777,2.7777777777777777
24,0.4,False,0,1.9185433991984968,1.0,0.0,True,3.0462168591315852,4.5812471272292585,5.936737427681931,-1.4396787733538778,-0.0800000000000003,-0.4,-0.4,2.7777777777777777,2.7777777777777777,3.5102337566955395,4.166410264994902,6.0199510888308945,0.49873496833853403,-6.661338147750939e-16,-0.4,-0.4,2.7777777777777777,2.7777777777777777
24,0.5,False,0,2.478717395086111,1.0,0.0,True,2.8089275324299403,5.611899839986504,7.437886413582416,-1.5660284174958232,-1.1999999999999997,-0.5,-0.5,2.7777777777777777,2.7777777777777777,4.728033794557536,7.0621772153125955,9.117473520985776,-1.2075838569470563,0.0,-0.5,-0.5,2.7777777777777777,2.7777777777777777
24,0.6000000000000001,False,0,2.581047450446671,1.0,0.0,True,2.9344933028028453,5.28373253861069,7.528171573067671,-1.201096473367932,-1.880000000000004,-0.6000000000000001,-0.6000000000000001,2.7777777777777777,2.7777777777777777,5.854215978367089,10.79135487933679,10.479257260937391,-1.1993592356298555,-0.019999999999999574,-0.6000000000000001,-0.6000000000000001,2.7777777777777777,2.7777777777777777
24,0.7000000000000001,False,0,2.478717395086111,1.0,0.0,True,2.8772824930511427,5.611978860943787,7.551415939795775,-1.2547173558635252,-1.899999999999999,-0.7000000000000001,-0.7000000000000001,2.7777777777777777,2.7777777777777777,7.077382468200703,10.61035789846504,11.568739851992113,1.1805930148443085,-0.009999999999999343,-0.7000000000000001,-0.7000000000000001,2.7777777777777777,2.7777777777777777
24,0.8,False,0,2.3763873397255493,1.0,0.0,True,2.9418245462902624,5.49844704675725,7.811020783975764,-1.0324046896892394,-1.8799999999999994,0.0,0.0,2.7777777777777777,2.7777777777777777,8.206833333333334,13.36458333057234,12.901538888888883,1.1378253223835162,-2.220446049250313e-16,-0.8,-0.8,2.7777777777777777,2.7777777777777777
24,0.9,False,0,2.581047450446671,1.0,0.0,True,2.8560113595586567,5.773331767732086,7.037647792567893,-1.2614390266459394,-1.8900000000000028,0.0,0.0,2.7777777777777777,2.7777777777777777,8.206833333333334,13.365937016361876,14.01265,0.6101094340928062,-0.02000000000000024,-0.9,-0.9,2.7777777777777777,2.7777777777777777
24,1.0,False,0,2.6833775058072304,1.0,0.0,True,2.8955147421367937,4.729672450868994,7.406844078454111,-1.4778307545020697,-1.7999999999999998,0.0,0.0,2.7777777777777777,2.7777777777777777,8.333333333333334,15.137628653532712,15.11111111111111,-0.13136856403379582,0.0,-1.0,-1.0,2.7777777777777777,2.7777777777777777
24,1.1,False,0,2.2740572843649893,1.0,0.0,True,2.785011850238424,6.095246346383004,7.068980667493894,-0.49558745761919054,-1.8799999999999981,0.0,0.0,2.7777777777777777,2.7777777777777777,8.333333333333334,13.933164306559032,15.666666666666668,-0.15611424538846652,-0.0499999999999996,-1.1,-1.1,2.7777777777777777,2.7777777777777777
24,1.2000000000000002,False,0,2.581047450446671,1.0,0.0,True,2.873184013405312,5.944338536484229,7.0640260689610175,-0.8720498020025476,-1.7999999999999998,0.0,0.0,2.7777777777777777,2.7777777777777777,8.333333333333334,16.769768542820238,16.22222222222222,2.165192769840305,-0.07999999999999963,-1.2000000000000002,-1.2000000000000002,2.7777777777777777,2.7777777777777777
24,1.3,False,0,2.478717395086111,1.0,0.0,True,2.9307673351093926,5.3545499851723415,7.309562545638955,-1.2540855020371706,-1.8899999999999997,0.0,0.0,2.7777777777777777,2.7777777777777777,8.333333333333334,15.230581731961042,16.777777777777775,-0.4069190345099605,-0.09000000000000008,-1.3,-1.3,2.7777777777777777,2.7777777777777777
24,1.4000000000000001,False,0,2.3763873397255493,1.0,0.0,True,2.7945906112653267,4.863453855508266,7.221989396982591,-0.2769020330726155,-1.8999999999999986,0.0,0.0,2.7777777777777777,2.7777777777777777,8.333333333333334,16.694707194622513,17.333333333333332,-0.5135896794077099,-0.08000000000000007,-1.4000000000000001,-1.4000000000000001,2.7777777777777777,2.7777777777777777
24,1.5,False,0,2.478717395086111,1.0,0.0,True,2.7974481154849147,5.471652344273626,6.925265514067097,-1.6110203124326568,-1.7999999999999998,0.0,0.0,2.7777777777777777,2.7777777777777777,8.333333333333334,16.369274208195467,17.88888888888889,1.4610046083331056,-0.04999999999999982,-1.5,-1.5,2.7777777777777777,2.7777777777777777
24,1.6,False,0,2.6833775058072304,1.0,0.0,True,2.8597672007919557,6.095115538599072,6.945432209787126,-1.2178016130643567,-1.879999999999999,0.0,0.0,2.7777777777777777,2.7777777777777777,8.333333333333334,17.82557464226476,17.88888888888889,0.4550614782602289,-0.1599999999999997,-1.6,-1.6,2.7777777777777777,2.7777777777777777
24,1.7000000000000002,False,0,2.478717395086111,1.0,0.0,True,2.8735447884915604,5.507319278643487,7.335049451756526,-0.4470541372799133,-1.8300000000000005,0.0,0.0,2.7777777777777777,2.7777777777777777,8.333333333333334,17.973111625010535,18.444444444444446,0.4563914821585655,-0.09999999999999964,-1.7000000000000002,-1.7000000000000002,2.7777777777777777,2.7777777777777777
25,0.0,False,0,4.0,1.0,1.0,True,8.333333333333334,-3.140591249749302,-4.155555555555519,0.9075494893361258,1.6,0.0,0.0,2.7777777777777777,2.7777777777777777,,,,,,,,,
25,0.1,False,0,4.0,1.0,1.0,True,7.068333333333333,-3.9313161127330885,-4.127150000000017,0.5867642329777225,1.0600000000000005,-0.1,-0.1,2.7777777777777777,2.7777777777777777,7.068333333333333,41.47069975275684,41.43609444444478,0.12997714508403435,-0.00999999999999579,-0.1,-0.1,2.7777777777777777,2.7777777777777777
25,0.2,False,0,0.7000000000000095,1.0,1.0,True,2.868333333333335,-3.5604377344179623,-2.7031722222222383,0.7205019084297608,0.44000000000000083,-0.2,-0.2,2.7777777777777777,2.7777777777777777,0.0,1.3866967304333615,2.003716666666631,1.0165858380043717,-0.019999999999997353,-0.2,-0.2,2.7777777777777777,2.7777777777777777
25,0.30000000000000004,False,0,1.9333333333333318,1.0,0.0,True,2.9651861628250002,5.250122053091414,5.388253084792642,1.4384218869837464,0.30999999999999917,-0.30000000000000004,-0.30000000000000004,2.7777777777777777,2.7777777777777777,1.6080436389388453,4.564531996033826,6.178621926838301,0.11287285200885266,-0.020000000000001572,-0.30000000000000004,-0.30000000000000004,2.7777777777777777,2.7777777777777777
25,0.4,False,0,2.3559213286534373,1.0,0.0,True,2.8593894655750822,5.5441558799213455,7.281870030152999,-0.10748990953921767,-0.35999999999999943,-0.4,-0.4,2.7777777777777777,2.7777777777777777,3.869425926549395,6.1966752689514495,7.787728553474129,-0.17083410279433187,-6.661338147750939e-16,-0.4,-0.4,2.7777777777777777,2.7777777777777777
25,0.5,False,0,2.3559213286534373,1.0,0.0,True,2.8385524315035062,4.3814726982737655,7.100012510728466,-1.5566954436882836,-1.1999999999999997,-0.5,-0.5,2.7777777777777777,2.7777777777777777,5.100867855557363,10.176081401172176,9.074285758138643,1.8510759369072693,0.0,-0.5,-0.5,2.7777777777777777,2.7777777777777777
25,0.6000000000000001,False,0,2.3559213286534373,1.0,0.0,True,2.812534491632566,5.269002473813797,7.253595544403777,-1.4160818121730492,-1.8599999999999959,-0.6000000000000001,0.0,2.7777777777777777,2.7777777777777777,6.3743333333333325,11.209304589284987,10.59419999999999,-1.535271023765458,-0.019999999999999574,-0.6000000000000001,-0.6000000000000001,2.7777777777777777,2.7777777777777777
25,0.7000000000000001,False,0,2.4582513840139972,1.0,0.0,True,2.789940860706184,6.439781196181753,6.937933773472065,-1.6916645735790488,-1.899999999999999,0.0,0.0,2.7777777777777777,2.7777777777777777,7.574333333333334,11.930353324513199,12.348722222222214,1.2366362852938257,-0.009999999999999343,-0.7000000000000001,-0.7000000000000001,2.7777777777777777,2.7777777777777777
25,0.8,False,0,2.4582513840139972,1.0,0.0,True,2.9155292199106344,5.537410669142912,7.040521556580392,-1.403804621191536,-1.8799999999999994,0.0,0.0,2.7777777777777777,2.7777777777777777,8.333333333333334,13.804293942763156,13.888888888888882,-0.18813207989392078,-2.220446049250313e-16,-0.8,-0.8,2.7777777777777777,2.7777777777777777
25,0.9,False,0,2.5605814393745576,1.0,0.0,True,2.916320251729787,5.441906799215123,7.338756444426193,-1.6204414863000782,-1.8900000000000028,0.0,0.0,2.7777777777777777,2.7777777777777777,8.333333333333334,14.118859742386434,15.0,-0.923042156209581,-0.02000000000000024,-0.9,-0.9,2.7777777777777777,2.7777777777777777
25,1.0,False,0,2.4582513840139972,1.0,0.0,True,2.907661544006376,5.462564942328069,7.547872784608015,-1.5118576755307465,-1.7999999999999998,0.0,0.0,2.7777777777777777,2.7777777777777777,8.333333333333334,16.709920093591183,16.11111111111111,-1.7988432370071696,0.0,-1.0,-1.0,2.7777777777777777,2.7777777777777777
25,1.1,False,0,2.5605814393745576,1.0,0.0,True,2.9306936423060232,5.6663685395997705,7.425189346984422,-0.6963734708371552,-1.8799999999999981,0.0,0.0,2.7777777777777777,2.7777777777777777,8.333333333333334,15.992617726152961,16.666666666666668,0.29907949354209773,-0.0499999999999996,-1.1,-1.1,2.7777777777777777,2.7777777777777777
25,1.2000000000000002,False,0,2.4582513840139972,1.0,0.0,True,2.954730692987613,5.110525295406323,7.407548983575137,-0.423939851090378,-1.7999999999999998,0.0,0.0,2.7777777777777777,2.7777777777777777,8.333333333333334,17.321304381807487,17.22222222222222,0.8821190172924296,-0.07999999999999963,-1.2000000000000002,-1.2000000000000002,2.7777777777777777,2.7777777777777777
25,1.3,False,0,2.5605814393745576,1.0,0.0,True,2.8477886601439266,5.849706008770863,7.662659840382507,-0.9486063660839973,-1.8899999999999997,0.0,0.0,2.7777777777777777,2.7777777777777777,8.333333333333334,16.883350881706658,17.777777777777775,0.18427812048395342,-0.09000000000000008,-1.3,-1.3,2.7777777777777777,2.7777777777777777
25,1.4000000000000001,False,0,2.5605814393745576,1.0,0.0,True,2.9295070659588065,5.110441760452123,7.784734835760621,-1.7892599063756005,-1.8999999999999986,0.0,0.0,2.7777777777777777,2.7777777777777777,8.333333333333334,17.002176733782417,18.333333333333332,1.113505350421875,-0.08000000000000007,-1.4000000000000001,-1.4000000000000001,2.7777777777777777,2.7777777777777777
25,1.5,False,0,2.4582513840139972,1.0,0.0,True,2.92148143486674,5.839505609562694,7.374825109829453,-1.592257583497832,-1.7999999999999998,0.0,0.0,2.7777777777777777,2.7777777777777777,8.333333333333334,19.57183273539648,18.88888888888889,-0.4116332791855657,-0.04999999999999982,-1.5,-1.5,2.7777777777777777,2.7777777777777777
25,1.6,False,0,2.4582513840139972,1.0,0.0,True,2.8687161581737923,5.962044336958049,7.13033548824144,-1.3447821989747255,-1.879999999999999,0.0,0.0,2.7777777777777777,2.7777777777777777,8.333333333333334,19.302740336992148,18.88888888888889,-1.3825897167462402,-0.1599999999999997,-1.6,-1.6,2.7777777777777777,2.7777777777777777
25,1.7000000000000002,False,0,2.3559213286534373,1.0,0.0,True,2.84950694595939,6.112681086571979,7.051891600644301,-0.4654050195491175,-1.8300000000000005,0.0,0.0,2.7777777777777777,2.7777777777777777,8.333333333333334,20.234865963690282,19.444444444444443,-0.5321793341756202,-0.09999999999999964,-1.7000000000000002,-1.7000000000000002,2.7777777777777777,2.7777777777777777
26,0.0,False,0,4.0,1.0,1.0,True,8.333333333333334,-3.844678167980649,-4.044444444444404,1.9571561538035667,1.6,0.0,0.0,2.7777777777777777,2.7777777777777777,,,,,,,,,
26,0.1,False,0,4.0,1.0,1.0,True,7.068333333333333,-3.8080926760604568,-4.175011111111128,0.7010874809181242,1.0400000000000005,-0.1,-0.1,2.7777777777777777,2.7777777777777777,7.068333333333333,42.27635749118113,40.625844444444766,0.6191011939738575,-0.00999999999999579,-0.1,-0.1,2.7777777777777777,2.7777777777777777
26,0.2,False,0,0.2000000000000124,1.0,1.0,True,2.868333333333335,-2.19944701047186,-3.199238888888895,1.5215473829756365,0.3800000000000012,-0.2,-0.2,2.7777777777777777,2.7777777777777777,0.0,-0.6244859582693776,0.6474833333333097,-0.052069324348752444,-0.019999999999997353,-0.2,-0.2,2.7777777777777777,2.7777777777777777
26,0.30000000000000004,False,0,1.2364707577528338,1.0,1.0,True,3.047833333333331,2.4448489157597253,2.9545777777777547,1.0854383368223504,0.12999999999999856,-0.30000000000000004,-0.30000000000000004,2.7777777777777777,2.7777777777777777,1.0478333333333314,2.164038955975042,3.41954999999997,0.0064220446924632135,-0.020000000000001572,-0.30000000000000004,-0.30000000000000004,2.7777777777777777,2.7777777777777777
26,0.4,False,0,2.540115428302445,1.0,0.0,True,2.8607800424618346,5.87422973396225,7.341384056250225,-1.4131647959947804,-0.6399999999999983,-0.4,-0.4,2.7777777777777777,2.7777777777777777,4.372281369279568,8.739886068695661,8.130341918695478,0.8074831409110015,-6.661338147750939e-16,-0.4,-0.4,2.7777777777777777,2.7777777777777777
26,0.5,False,0,2.440115428302445,1.0,0.0,True,2.9789098659393023,4.923780419570979,6.885173017773302,-1.4773127101897305,-1.25,-0.5,-0.5,2.7777777777777777,2.7777777777777777,5.606494385974027,10.940986341731904,9.81646736948414,-0.4869774092946364,0.0,-0.5,-0.5,2.7777777777777777,2.7777777777777777
26,0.6000000000000001,False,0,2.4377853729418857,1.0,0.0,True,2.8189716376407694,5.1740013527476565,7.39573030287242,-1.5947894088585888,-1.880000000000004,-0.6000000000000001,-0.6000000000000001,2.7777777777777777,2.7777777777777777,6.8888776549451105,11.562242948263826,11.386845567838815,-1.4513543295968416,-0.019999999999999574,-0.6000000000000001,-0.6000000000000001,2.7777777777777777,2.7777777777777777
26,0.7000000000000001,False,0,2.642445483663005,1.0,0.0,True,2.7833501144019603,5.680590423678017,7.552077417625658,-0.8398373033962678,-1.899999999999999,0.0,0.0,2.7777777777777777,2.7777777777777777,7.754081270984738,12.846279048687311,13.330747428457077,0.7190800622226936,-0.009999999999999343,-0.7000000000000001,-0.7000000000000001,2.7777777777777777,2.7777777777777777
26,0.8,False,0,2.4377853729418857,1.0,0.0,True,2.808152210204467,4.5217647164143075,7.551042501483654,-1.83448688295795,-1.8799999999999994,0.0,0.0,2.7777777777777777,2.7777777777777777,8.333333333333334,15.53706418593956,14.888888888888882,0.36008975230758233,-2.220446049250313e-16,-0.8,-0.8,2.7777777777777777,2.7777777777777777
26,0.9,False,0,2.4377853729418857,1.0,0.0,True,2.9664770874828363,5.135616605562785,7.308084857966283,-1.8838135953277912,-1.8900000000000028,0.0,0.0,2.7777777777777777,2.7777777777777777,8.333333333333334,16.55732370089313,16.0,-0.972633292973212,-0.02000000000000024,-0.9,-0.9,2.7777777777777777,2.7777777777777777
26,1.0,False,0,2.4377853729418857,1.0,0.0,True,2.960513747841503,5.684021699589818,7.075012098103191,-1.5382090165735276,-1.7999999999999998,0.0,0.0,2.7777777777777777,2.7777777777777777,8.333333333333334,16.85170338614829,17.11111111111111,-1.3028915635605303,0.0,-1.0,-1.0,2.7777777777777777,2.7777777777777777
26,1.1,False,0,2.4377853729418857,1.0,0.0,True,2.899526513870381,5.176414060897767,7.563585853518629,-1.5850686485254601,-1.8799999999999981,0.0,0.0,2.7777777777777777,2.7777777777777777,8.333333333333334,15.817893731139439,17.666666666666668,2.1891369959765954,-0.0499999999999996,-1.1,-1.1,2.7777777777777777,2.7777777777777777
26,1.2000000000000002,False,0,2.2331252622207667,1.0,0.0,True,2.8012967016131904,6.368062936874051,7.259856416629927,-0.38247189364193357,-1.7999999999999998,0.0,0.0,2.7777777777777777,2.7777777777777777,8.333333333333334,16.76307796760573,18.22222222222222,-1.2034725426002884,-0.07999999999999963,-1.2000000000000002,-1.2000000000000002,2.7777777777777777,2.7777777777777777
26,1.3,False,0,2.540115428302445,1.0,0.0,True,2.91634170125947,5.110969396517224,7.3195858736408725,-1.2445682070459207,-1.8899999999999997,0.0,0.0,2.7777777777777777,2.7777777777777777,8.333333333333334,18.628630828928753,18.777777777777775,0.13590008776093887,-0.09000000000000008,-1.3,-1.3,2.7777777777777777,2.7777777777777777
26,1.4000000000000001,False,0,2.540115428302445,1.0,0.0,True,2.800264783137022,6.278062648661025,7.226386716374091,-1.072538180705489,-1.8999999999999986,0.0,0.0,2.7777777777777777,2.7777777777777777,8.333333333333334,17.856484619925634,19.333333333333332,0.1955792179857232,-0.08000000000000007,-1.4000000000000001,-1.4000000000000001,2.7777777777777777,2.7777777777777777
26,1.5,False,0,2.7447755390235655,1.0,0.0,True,2.8706592211607806,5.692208284887433,7.138846851976585,-0.03184511529630041,-1.7999999999999998,0.0,0.0,2.7777777777777777,2.7777777777777777,8.333333333333334,18.039795577007812,19.88888888888889,1.1124416250762876,-0.04999999999999982,-1.5,-1.5,2.7777777777777777,2.7777777777777777
26,1.6,False,0,2.4377853729418857,1.0,0.0,True,3.005360880648994,5.383995965854706,7.510198586948673,-0.6675305225250519,-1.879999999999999,0.0,0.0,2.7777777777777777,2.7777777777777777,8.333333333333334,20.736186144335743,19.88888888888889,-0.8762064175137816,-0.1599999999999997,-1.6,-1.6,2.7777777777777777,2.7777777777777777
26,1.7000000000000002,False,0,2.642445483663005,1.0,0.0,True,2.7809384007018685,5.566802824092012,7.353880232252256,-1.2117465799492853,-1.8300000000000005,0.0,0.0,2.7777777777777777,2.7777777777777777,8.333333333333334,20.879572287036666,20.444444444444443,0.3625033799921633,-0.09999999999999964,-1.7000000000000002,-1.7000000000000002,2.7777777777777777,2.7777777777777777
27,0.0,False,0,4.0,1.0,1.0,True,8.333333333333334,-2.5798866530104645,-4.1111111111111525,0.14405248244440116,1.6,0.0,0.0,2.7777777777777777,2.7777777777777777,,,,,,,,,
27,0.1,False,0,4.0,1.0,1.0,True,8.206833333333334,-3.962679953193759,-4.06051111111115,1.16914823899954,1.0400000000000005,-0.1,-0.1,2.7777777777777777,2.7777777777777777,8.206833333333334,52.99329827215689,52.46559444444472,0.8395076041929292,-0.00999999999999579,-0.1,-0.1,2.7777777777777777,2.7777777777777777
27,0.2,True,1,0.0,1.0,1.0,True,5.268333333333334,-3.905501696914288,-4.231355555555562,-1.1675415812129708,0.3200000000000016,-0.2,-0.2,2.7777777777777777,2.7777777777777777,4.668333333333335,0.35586634078131585,-1.1546999999999796,0.2676995979876109,-0.019999999999997353,-0.2,-0.2,2.7777777777777777,2.7777777777777777
27,0.30000000000000004,False,0,1.9790972731178447,1.0,0.0,True,3.000300951732199,4.485026399703419,6.0548082229985996,1.006045202478568,0.1599999999999988,-0.30000000000000004,-0.30000000000000004,2.7777777777777777,2.7777777777777777,2.606329659596544,4.8312853590937594,6.157677093907357,-1.103262760251973,-0.020000000000001572,-0.30000000000000004,-0.30000000000000004,2.7777777777777777,2.7777777777777777
27,0.4,False,0,2.4173193618697746,1.0,0.0,True,2.784250486800547,6.111901902365834,7.450685616246628,1.0204745091257164,-0.6399999999999983,-0.4,-0.4,2.7777777777777777,2.7777777777777777,4.415829580552709,6.087506253228111,8.207474660434887,-0.12840586517943975,-6.661338147750939e-16,-0.4,-0.4,2.7777777777777777,2.7777777777777777
27,0.5,False,0,2.519649417230334,1.0,0.0,True,2.9049520621421263,5.611697436711613,7.3056260853827455,-0.8068412552231454,-1.1,-0.5,-0.5,2.7777777777777777,2.7777777777777777,6.048793600328751,9.70790088893634,10.281678315257917,0.5402952158470384,0.0,-0.5,-0.5,2.7777777777777777,2.7777777777777777
27,0.6000000000000001,False,0,2.621979472590894,1.0,0.0,True,2.979804293004056,4.847780691066572,7.174467602970265,-1.1105981828957538,-1.7000000000000033,-0.6000000000000001,-0.6000000000000001,2.7777777777777777,2.7777777777777777,7.205820112099886,11.885080624175927,12.327251983185008,2.916618663655987,-0.019999999999999574,-0.6000000000000001,-0.6000000000000001,2.7777777777777777,2.7777777777777777
27,0.7000000000000001,False,0,2.4173193618697746,1.0,0.0,True,2.981631204306155,4.442195402481642,7.668249299452559,-1.7816243237141323,-1.7599999999999985,-0.7000000000000001,-0.7000000000000001,2.7777777777777777,2.7777777777777777,8.333333333333334,14.95868510453829,14.222222222222221,-0.04968864123454475,-0.009999999999999343,-0.7000000000000001,-0.7000000000000001,2.7777777777777777,2.7777777777777777
27,0.8,False,0,2.7243095279514535,1.0,0.0,True,2.8091893525288327,5.882933804161877,7.5463760059740155,-1.8220081709113998,-1.8799999999999994,0.0,0.0,2.7777777777777777,2.7777777777777777,8.333333333333334,15.42425192455082,15.888888888888882,-0.15112156515449726,-2.220446049250313e-16,-0.8,-0.8,2.7777777777777777,2.7777777777777777
27,0.9,False,0,2.519649417230334,1.0,0.0,True,2.98035952836469,5.158656405807794,7.719231808402864,-0.7021289516235929,-1.8900000000000028,0.0,0.0,2.7777777777777777,2.7777777777777777,8.333333333333334,16.20425591731461,17.0,0.27383387819545746,-0.02000000000000024,-0.9,-0.9,2.7777777777777777,2.7777777777777777
27,1.0,False,0,2.519649417230334,1.0,0.0,True,2.891949198499267,5.277531216803927,7.349272571907602,-0.9520704436754347,-1.7999999999999998,0.0,0.0,2.7777777777777777,2.7777777777777777,8.333333333333334,17.684072024910176,18.11111111111111,1.5556018899493447,0.0,-1.0,-1.0,2.7777777777777777,2.7777777777777777
27,1.1,False,0,2.314989306509215,1.0,0.0,True,2.9284182989035834,5.443038768221027,7.635431938645238,-0.4940320651258312,-1.8799999999999981,0.0,0.0,2.7777777777777777,2.7777777777777777,8.333333333333334,20.222785279150084,18.666666666666668,-0.6276962513237538,-0.0499999999999996,-1.1,-1.1,2.7777777777777777,2.7777777777777777
27,1.2000000000000002,False,0,2.621979472590894,1.0,0.0,True,2.9926014998880026,4.475753077126602,7.2694796823221965,-0.9127386879145416,-1.7999999999999998,0.0,0.0,2.7777777777777777,2.7777777777777777,8.333333333333334,18.206238466383645,19.22222222222222,0.45516051447555705,-0.07999999999999963,-1.2000000000000002,-1.2000000000000002,2.7777777777777777,2.7777777777777777
27,1.3,False,0,2.519649417230334,1.0,0.0,True,2.8672248290971143,5.323892353813453,7.280351970271231,-0.8308155444269187,-1.8899999999999997,0.0,0.0,2.7777777777777777,2.7777777777777777,8.333333333333334,19.67986534187529,19.777777777777775,-0.7043435595416303,-0.09000000000000008,-1.3,-1.3,2.7777777777777777,2.7777777777777777
27,1.4000000000000001,False,0,2.212344506474552,1.0,0.0,True,3.0042835564422075,4.729942869202884,6.471599245890542,-0.833452296121888,-1.8999999999999986,0.0,0.0,2.7777777777777777,2.7777777777777777,8.333333333333334,20.134251345594816,20.333333333333332,1.0093089434642573,-0.08000000000000007,-1.4000000000000001,-1.4000000000000001,2.7777777777777777,2.7777777777777777
27,1.5,False,0,2.621979472590894,1.0,0.0,True,2.7947684895677236,6.227777172260294,7.274955362581548,-0.46467907102461536,-1.7999999999999998,0.0,0.0,2.7777777777777777,2.7777777777777777,8.333333333333334,20.427283726501646,20.88888888888889,1.6876161899353526,-0.04999999999999982,-1.5,-1.5,2.7777777777777777,2.7777777777777777
27,1.6,False,0,2.314989306509215,1.0,0.0,True,2.8916729480730923,4.823290249557421,7.292683572661017,-0.4011794537660056,-1.879999999999999,0.0,0.0,2.7777777777777777,2.7777777777777777,8.333333333333334,21.688924857156795,20.88888888888889,-1.3963339711057323,-0.1599999999999997,-1.6,-1.6,2.7777777777777777,2.7777777777777777
27,1.7000000000000002,False,0,2.314989306509215,1.0,0.0,True,2.7781809338721284,6.026412462326921,7.286975950272688,-1.7517056642783504,-1.8300000000000005,0.0,0.0,2.7777777777777777,2.7777777777777777,8.333333333333334,19.12466467931477,21.444444444444443,1.653596584438128,-0.09999999999999964,-1.7000000000000002,-1.7000000000000002,2.7777777777777777,2.7777777777777777
28,0.0,False,0,4.0,1.0,1.0,True,8.333333333333334,-4.245159220869684,-4.222222222222274,1.024486699497468,1.6,0.0,0.0,2.7777777777777777,2.7777777777777777,,,,,,,,,
28,0.1,False,0,4.0,1.0,1.0,True,8.333333333333334,-3.140691981048735,-4.222222222222274,1.444719535431945,1.0200000000000005,-0.1,-0.1,2.7777777777777777,2.7777777777777777,8.333333333333334,51.51789746356239,52.844444444444335,-0.6770861893561075,-0.00999999999999579,-0.1,-0.1,2.7777777777777777,2.7777777777777777
28,0.2,False,0,3.1000000000000028,1.0,0.05434953771508568,True,3.1634634257903147,2.506924594806361,3.8138419909170027,1.9206931748645077,0.5600000000000005,-0.2,-0.2,2.7777777777777777,2.7777777777777777,1.1429489837484539,4.717041360261615,7.1955259968455225,-1.8686195571670792,-0.019999999999997353,-0.2,-0.2,2.7777777777777777,2.7777777777777777
28,0.30000000000000004,False,0,1.8364335518543358,1.0,0.0,True,2.80320137775788,6.1881089838925805,6.012605310975691,2.0284162250700013,0.12999999999999856,-0.30000000000000004,-0.30000000000000004,2.7777777777777777,2.7777777777777777,2.5579814943736996,5.839419766908965,6.066745470170095,-0.6479837515709974,-0.020000000000001572,-0.30000000000000004,-0.30000000000000004,2.7777777777777777,2.7777777777777777
28,0.4,False,0,2.2968533507976616,1.0,0.0,True,2.916857751642012,5.366766224106176,7.966716189714536,-1.253973499177826,-0.4799999999999991,-0.4,-0.4,2.7777777777777777,2.7777777777777777,4.383476674200065,7.216856892179789,8.66232394696181,-1.4033518442191444,-6.661338147750939e-16,-0.4,-0.4,2.7777777777777777,2.7777777777777777
28,0.5,False,0,2.4991834061582217,1.0,0.0,True,2.851192191944431,5.569070340197645,7.66124664764416,-0.8926585579196056,-1.5499999999999998,-0.5,-0.5,2.7777777777777777,2.7777777777777777,6.25671207931129,9.686094326058939,10.99029791148146,0.21981244794727495,0.0,-0.5,-0.5,2.7777777777777777,2.7777777777777777
28,0.6000000000000001,False,0,2.4991834061582217,1.0,0.0,True,2.8895067544808524,5.1800611583731895,7.458804178446106,-1.3374572482051148,-1.8599999999999959,0.0,0.0,2.7777777777777777,2.7777777777777777,7.953833333333334,13.177889529116001,13.050599999999996,-0.5587368221067304,-0.019999999999999574,-0.6000000000000001,-0.6000000000000001,2.7777777777777777,2.7777777777777777
28,0.7000000000000001,False,0,2.396853350797662,1.0,0.0,True,2.7792056632290345,6.088820350494513,7.058683499686912,-1.606171978230325,-1.899999999999999,0.0,0.0,2.7777777777777777,2.7777777777777777,8.333333333333334,14.97169081901096,15.222222222222221,1.3861043301895837,-0.009999999999999343,-0.7000000000000001,-0.7000000000000001,2.7777777777777777,2.7777777777777777
28,0.8,False,0,2.4991834061582217,1.0,0.0,True,2.796785855453566,5.3524294946687805,6.977657512685409,-1.4166910718970538,-1.8799999999999994,0.0,0.0,2.7777777777777777,2.7777777777777777,8.333333333333334,15.640199410429812,16.888888888888882,0.050107624398922246,-2.220446049250313e-16,-0.8,-0.8,2.7777777777777777,2.7777777777777777
28,0.9,False,0,2.6015134615187816,1.0,0.0,True,2.80297214663093,6.017893012039676,6.957587905510903,-1.2812424743050876,-1.8900000000000028,0.0,0.0,2.7777777777777777,2.7777777777777777,8.333333333333334,17.31630740960206,17.999999999999993,-1.6838022910894643,-0.02000000000000024,-0.9,-0.9,2.7777777777777777,2.7777777777777777
28,1.0,False,0,2.6015134615187816,1.0,0.0,True,2.782210975857131,5.38259888624069,7.422137596017319,-0.3988385822681395,-1.7999999999999998,0.0,0.0,2.7777777777777777,2.7777777777777777,8.333333333333334,18.146703274282313,19.111111111111104,-0.1476258021009087,0.0,-1.0,-1.0,2.7777777777777777,2.7777777777777777
28,1.1,False,0,2.4991834061582217,1.0,0.0,True,2.7916293526204714,5.6085818638110085,7.497750797549696,-0.991882033447845,-1.8799999999999981,0.0,0.0,2.7777777777777777,2.7777777777777777,8.333333333333334,19.00585101245399,19.66666666666666,-0.9022964187981599,-0.0499999999999996,-1.1,-1.1,2.7777777777777777,2.7777777777777777
28,1.2000000000000002,False,0,2.6015134615187816,1.0,0.0,True,2.9415541259214293,5.398349433335899,7.156130029421374,-1.4452836181722,-1.7999999999999998,0.0,0.0,2.7777777777777777,2.7777777777777777,8.333333333333334,20.67378812543957,20.222222222222214,-0.011604686590647173,-0.07999999999999963,-1.2000000000000002,-1.2000000000000002,2.7777777777777777,2.7777777777777777
28,1.3,False,0,2.4991834061582217,1.0,0.0,True,2.906636743829116,5.668175040117025,7.258803779940881,-1.8488530743205953,-1.8899999999999997,0.0,0.0,2.7777777777777777,2.7777777777777777,8.333333333333334,20.079393399591783,20.777777777777775,-0.11358777340233539,-0.09000000000000008,-1.3,-1.3,2.7777777777777777,2.7777777777777777
28,1.4000000000000001,False,0,2.4213407893183345,1.0,0.0,True,2.86202929322714,5.016521399878951,7.287943727887485,-1.1065411523516266,-1.8999999999999986,0.0,0.0,2.7777777777777777,2.7777777777777777,8.333333333333334,20.682668983073807,21.333333333333332,-0.2082739829123057,-0.08000000000000007,-1.4000000000000001,-1.4000000000000001,2.7777777777777777,2.7777777777777777
28,1.5,False,0,2.5976294868587653,1.0,0.0,True,2.81677922620267,5.425183337431894,7.494614372769431,-1.1312082998136495,-1.7999999999999998,0.0,0.0,2.7777777777777777,2.7777777777777777,8.333333333333334,21.537303999162358,21.88888888888889,-0.2921853553779459,-0.04999999999999982,-1.5,-1.5,2.7777777777777777,2.7777777777777777
28,1.6,False,0,2.396853350797662,1.0,0.0,True,2.868017883717172,4.836632554777585,7.069614541157525,-1.4508543729688397,-1.879999999999999,0.0,0.0,2.7777777777777777,2.7777777777777777,8.333333333333334,21.13383897161192,21.88888888888889,0.86537145104211,-0.1599999999999997,-1.6,-1.6,2.7777777777777777,2.7777777777777777
28,1.7000000000000002,False,0,2.4991834061582217,1.0,0.0,True,2.819640453302419,6.065020600402382,7.216757044913284,-1.7038924271378266,-1.8300000000000005,0.0,0.0,2.7777777777777777,2.7777777777777777,8.333333333333334,22.106058944515084,22.444444444444443,0.52237189031684,-0.09999999999999964,-1.7000000000000002,-1.7000000000000002,2.7777777777777777,2.7777777777777777
29,0.0,False,0,4.0,1.0,1.0,True,8.333333333333334,-1.9459434930918489,-4.266666666666604,0.8282625284597116,1.6,0.0,0.0,2.7777777777777777,2.7777777777777777,,,,,,,,,
29,0.1,False,0,4.0,1.0,1.0,True,8.206833333333334,-3.668763778200055,-4.295383333333393,0.2493488945388611,1.0000000000000004,-0.1,-0.1,2.7777777777777777,2.7777777777777777,8.206833333333334,50.8396330607474,50.52884444444474,-0.35781082114304263,-0.00999999999999579,-0.1,-0.1,2.7777777777777777,2.7777777777777777
29,0.2,False,0,1.0000000000000098,1.0,1.0,True,2.868333333333335,-2.3533801351379777,-1.351894444444464,-0.03300889744990321,0.3600000000000012,-0.2,-0.2,2.7777777777777777,2.7777777777777777,0.0,4.826012477239435,3.0043833333332914,-0.3701531011010395,-0.019999999999997353,-0.2,-0.2,2.7777777777777777,2.7777777777777777
29,0.30000000000000004,False,0,1.7509955027959936,1.0,0.0,True,3.114878269824091,4.383734672865292,5.758286561402923,1.4061768870125015,0.06999999999999851,-0.30000000000000004,-0.30000000000000004,2.7777777777777777,2.7777777777777777,2.7477690637014707,4.490680561539219,5.76728917562581,0.669062867275573,-0.020000000000001572,-0.30000000000000004,-0.30000000000000004,2.7777777777777777,2.7777777777777777
29,0.4,False,0,1.963215232534427,1.0,0.0,True,2.880708498096533,4.950787321548572,6.949531141692366,0.7907733732171693,-0.35999999999999943,-0.4,-0.4,2.7777777777777777,2.7777777777777777,5.574333333333332,5.298202896949509,7.8837777777777704,1.4893772188691203,-6.661338147750939e-16,-0.4,-0.4,2.7777777777777777,2.7777777777777777
29,0.5,False,0,2.3763873397255506,1.0,0.0,True,2.9644076565701996,5.524867602012539,7.184467394551942,-0.3378669634999887,-1.2999999999999998,-0.5,-0.5,2.7777777777777777,2.7777777777777777,7.174333333333333,11.08552364404106,11.464622222222218,-1.1818599456825096,0.0,-0.5,-0.5,2.7777777777777777,2.7777777777777777
29,0.6000000000000001,False,0,2.47871739508611,1.0,0.0,True,2.902129777144222,5.508065547426097,7.223087446307429,-1.761049136915989,-1.8599999999999959,-0.6000000000000001,0.0,2.7777777777777777,2.7777777777777777,8.333333333333334,14.618260729712496,14.0,0.03316032863330132,-0.019999999999999574,-0.6000000000000001,-0.6000000000000001,2.7777777777777777,2.7777777777777777
29,0.7000000000000001,False,0,2.47871739508611,1.0,0.0,True,2.7917053508723004,5.482363095974745,7.043465346988012,-1.0521241371452659,-1.899999999999999,0.0,0.0,2.7777777777777777,2.7777777777777777,8.333333333333334,16.0634564612944,16.22222222222222,1.1946394856695268,-0.009999999999999343,-0.7000000000000001,-0.7000000000000001,2.7777777777777777,2.7777777777777777
29,0.8,False,0,2.47871739508611,1.0,0.0,True,2.7812553813800065,6.396737942893499,7.505370211364121,-1.4765373832583497,-1.8799999999999994,0.0,0.0,2.7777777777777777,2.7777777777777777,8.333333333333334,16.536728742782696,17.888888888888882,2.0408316184141917,-2.220446049250313e-16,-0.8,-0.8,2.7777777777777777,2.7777777777777777
29,0.9,False,0,2.7857075611677895,1.0,0.0,True,2.8152906701450156,6.068101325295186,7.473549232647682,-0.20432606472604364,-1.8900000000000028,0.0,0.0,2.7777777777777777,2.7777777777777777,8.333333333333334,17.233967225493544,18.999999999999993,1.2441781701690457,-0.02000000000000024,-0.9,-0.9,2.7777777777777777,2.7777777777777777
29,1.0,False,0,2.3763873397255506,1.0,0.0,True,2.8334026027705015,5.5086692492517715,7.367050276029706,-1.3992185002200255,-1.7999999999999998,0.0,0.0,2.7777777777777777,2.7777777777777777,8.333333333333334,18.983519300604822,20.111111111111104,-0.7490444027697163,0.0,-1.0,-1.0,2.7777777777777777,2.7777777777777777
29,1.1,False,0,2.47871739508611,1.0,0.0,True,2.8478267980086653,5.992375872221705,7.5439057238429585,-1.7204824472303428,-1.8799999999999981,0.0,0.0,2.7777777777777777,2.7777777777777777,8.333333333333334,21.331241808031887,20.66666666666666,0.9998489071327841,-0.0499999999999996,-1.1,-1.1,2.7777777777777777,2.7777777777777777
29,1.2000000000000002,False,0,2.58104745044667,1.0,0.0,True,2.9265190939797665,5.599700818441581,7.299164319567599,-1.76611477973683,-1.7999999999999998,0.0,0.0,2.7777777777777777,2.7777777777777777,8.333333333333334,21.720722185017372,21.222222222222214,-0.8127450235482789,-0.07999999999999963,-1.2000000000000002,-1.2000000000000002,2.7777777777777777,2.7777777777777777
29,1.3,False,0,2.58104745044667,1.0,0.0,True,2.8019489062987235,5.464028687719609,7.403104395716167,-1.8875153952044317,-1.8899999999999997,0.0,0.0,2.7777777777777777,2.7777777777777777,8.333333333333334,21.34781155154648,21.777777777777775,-1.7485139355789554,-0.09000000000000008,-1.3,-1.3,2.7777777777777777,2.7777777777777777
29,1.4000000000000001,False,0,2.3763873397255506,1.0,0.0,True,2.810794229572947,4.9323911415974395,6.914820077154151,-0.7542859925016623,-1.8999999999999986,0.0,0.0,2.7777777777777777,2.7777777777777777,8.333333333333334,22.294946902135397,22.333333333333332,0.8939326219897135,-0.08000000000000007,-1.4000000000000001,-1.4000000000000001,2.7777777777777777,2.7777777777777777
29,1.5,False,0,2.1717272290044303,1.0,0.0,True,2.86328089923077,5.549861350357287,7.507743986031568,-0.5469362258248465,-1.7999999999999998,0.0,0.0,2.7777777777777777,2.7777777777777777,8.333333333333334,22.565072833274368,22.88888888888889,-0.9041155399314809,-0.04999999999999982,-1.5,-1.5,2.7777777777777777,2.7777777777777777
29,1.6,False,0,2.47871739508611,1.0,0.0,True,2.9383939280641953,5.620752765282032,7.219523081962987,-1.7980233344889522,-1.879999999999999,0.0,0.0,2.7777777777777777,2.7777777777777777,8.333333333333334,24.6332063686413,22.88888888888889,0.7108685648991191,-0.1599999999999997,-1.6,-1.6,2.7777777777777777,2.7777777777777777
29,1.7000000000000002,False,0,2.47871739508611,1.0,0.0,True,2.8264911095961454,5.236258643702098,7.42140353054629,-1.3718741413610658,-1.8300000000000005,0.0,0.0,2.7777777777777777,2.7777777777777777,8.333333333333334,23.546762035370442,23.444444444444443,-1.0171945829816031,-0.09999999999999964,-1.7000000000000002,-1.7000000000000002,2.7777777777777777,2.7777777777777777
30,0.0,False,0,4.0,1.0,1.0,True,8.333333333333334,-3.8047883764426897,-4.15555555555549,1.1382366292389485,1.6,0.0,0.0,2.7777777777777777,2.7777777777777777,,,,,,,,,
30,0.1,False,0,4.0,1.0,1.0,True,8.333333333333334,-3.847396276906937,-4.15555555555549,0.08426580795234839,0.9800000000000009,-0.1,-0.1,2.7777777777777777,2.7777777777777777,8.333333333333334,50.869035847311096,50.844444444444335,-1.0633302637314246,-0.00999999999999579,-0.1,-0.1,2.7777777777777777,2.7777777777777777
30,0.2,False,0,2.9000000000000026,1.0,0.2942236747936624,True,2.837328590842217,4.529747230310211,4.101094918693545,-0.4585138439454788,0.5000000000000009,-0.2,-0.2,2.7777777777777777,2.7777777777777777,1.1988678327204547,6.542631957506399,7.297047072962475,0.18898932828807302,-0.019999999999997353,-0.2,-0.2,2.7777777777777777,2.7777777777777777
30,0.30000000000000004,False,0,1.729529135227381,1.0,0.08691483938846695,True,2.9102240866698668,4.300628973617248,5.823027591332999,0.0033262250028289753,0.06999999999999851,-0.30000000000000004,-0.30000000000000004,2.7777777777777777,2.7777777777777777,2.2675043729998676,5.713990269264461,5.925687519365074,-1.8804510952892142,-0.020000000000001572,-0.30000000000000004,-0.30000000000000004,2.7777777777777777,2.7777777777777777
30,0.4,False,0,2.4582513840139977,1.0,0.0,True,3.0377735680145315,4.775200007521765,7.231591614550784,0.06872997632382294,-0.6799999999999984,-0.4,-0.4,2.7777777777777777,2.7777777777777777,5.522269085005211,9.266437765941749,9.373251831466558,-1.006558726444931,-6.661338147750939e-16,-0.4,-0.4,2.7777777777777777,2.7777777777777777
30,0.5,False,0,2.560581439374559,1.0,0.0,True,2.8818862446598628,5.798260508197285,7.499607235258307,-0.3612380114219178,-1.35,-0.5,-0.5,2.7777777777777777,2.7777777777777777,7.271385230542204,12.678185860948165,12.454917032501331,1.3840139191774385,0.0,-0.5,-0.5,2.7777777777777777,2.7777777777777777
30,0.6000000000000001,False,0,2.4582513840139977,1.0,0.0,True,2.8524019013650994,5.807961679963928,7.255226523591273,-0.830363591979963,-1.8599999999999959,0.0,0.0,2.7777777777777777,2.7777777777777777,8.333333333333334,14.741550109755842,15.0,-1.7620554898516825,-0.019999999999999574,-0.6000000000000001,-0.6000000000000001,2.7777777777777777,2.7777777777777777
30,0.7000000000000001,False,0,2.4582513840139977,1.0,0.0,True,2.9100922241660347,5.081426332258542,7.225924241524365,-1.061915175804288,-1.899999999999999,0.0,0.0,2.7777777777777777,2.7777777777777777,8.333333333333334,17.480395174375744,17.22222222222222,-0.9941572187755969,-0.009999999999999343,-0.7000000000000001,-0.7000000000000001,2.7777777777777777,2.7777777777777777
30,0.8,False,0,2.4582513840139977,1.0,0.0,True,2.8792560356893673,5.866827972167582,7.35878665199363,-1.0613149360640883,-1.8799999999999994,0.0,0.0,2.7777777777777777,2.7777777777777777,8.333333333333334,19.76983391227201,18.888888888888882,-1.2292200803895166,-2.220446049250313e-16,-0.8,-0.8,2.7777777777777777,2.7777777777777777
30,0.9,False,0,2.355921328653438,1.0,0.0,True,2.8250234644672556,5.0382105820714544,7.333850222561257,-1.7029832146704291,-1.8900000000000028,0.0,0.0,2.7777777777777777,2.7777777777777777,8.333333333333334,19.552510224227646,19.999999999999993,-0.2337953496939531,-0.02000000000000024,-0.9,-0.9,2.7777777777777777,2.7777777777777777
30,1.0,False,0,2.4582513840139977,1.0,0.0,True,2.86137931542303,5.6063608819922,7.757193398749746,-1.3696478796236047,-1.7999999999999998,0.0,0.0,2.7777777777777777,2.7777777777777777,8.333333333333334,21.90912807464426,21.111111111111104,2.5820073961064067,0.0,-1.0,-1.0,2.7777777777777777,2.7777777777777777
30,1.1,False,0,2.4582513840139977,1.0,0.0,True,2.7983564277065263,5.506108769538042,7.211790212471581,-0.6842811977624819,-1.8799999999999981,0.0,0.0,2.7777777777777777,2.7777777777777777,8.333333333333334,22.731513000894598,21.66666666666666,-1.4872971843202467,-0.0499999999999996,-1.1,-1.1,2.7777777777777777,2.7777777777777777
30,1.2000000000000002,False,0,2.4582513840139977,1.0,0.0,True,2.888922479898346,3.7113820093837377,7.268779828058745,-0.853543537326843,-1.7999999999999998,0.0,0.0,2.7777777777777777,2.7777777777777777,8.333333333333334,21.380828996606,22.222222222222214,-1.1663646950098958,-0.07999999999999963,-1.2000000000000002,-1.2000000000000002,2.7777777777777777,2.7777777777777777
30,1.3,False,0,2.355921328653438,1.0,0.0,True,2.937118344838621,5.750714877612251,7.332211022747342,-1.6215111384745078,-1.8899999999999997,0.0,0.0,2.7777777777777777,2.7777777777777777,8.333333333333334,23.70650111447888,22.777777777777775,0.8378324137638438,-0.09000000000000008,-1.3,-1.3,2.7777777777777777,2.7777777777777777
30,1.4000000000000001,False,0,2.4582513840139977,1.0,0.0,True,2.7811553336130843,6.328453099913621,7.664588985756372,-0.8569686281798865,-1.8999999999999986,0.0,0.0,2.7777777777777777,2.7777777777777777,8.333333333333334,22.351544731858286,23.333333333333332,-0.6937792701008614,-0.08000000000000007,-1.4000000000000001,-1.4000000000000001,2.7777777777777777,2.7777777777777777
30,1.5,False,0,2.6629114947351185,1.0,0.0,True,2.7984904749678727,6.118822727561569,7.116505102840056,-0.8996762975053765,-1.7999999999999998,0.0,0.0,2.7777777777777777,2.7777777777777777,8.333333333333334,21.56518596489502,23.88888888888889,0.07009007883666474,-0.04999999999999982,-1.5,-1.5,2.7777777777777777,2.7777777777777777
30,1.6,False,0,2.560581439374559,1.0,0.0,True,2.7957391898739856,4.358735853966768,7.226848442054814,-1.5094198858425052,-1.879999999999999,0.0,0.0,2.7777777777777777,2.7777777777777777,8.333333333333334,23.16183658777612,23.88888888888889,-0.7600613347225087,-0.1599999999999997,-1.6,-1.6,2.7777777777777777,2.7777777777777777
30,1.7000000000000002,False,0,2.4582513840139977,1.0,0.0,True,2.9667233290077912,3.9726529932746546,7.0578207121309235,-1.27891499264743,-1.8300000000000005,0.0,0.0,2.7777777777777777,2.7777777777777777,8.333333333333334,23.426617189236424,24.444444444444443,1.5406770129910954,-0.09999999999999964,-1.7000000000000002,-1.7000000000000002,2.7777777777777777,2.7777777777777777
31,0.0,False,0,4.0,1.0,0.0,True,8.333333333333334,-3.527637825829099,-4.044444444444376,1.6479955673988727,1.6,0.0,0.0,2.7777777777777777,2.7777777777777777,,,,,,,,,
31,0.1,False,0,4.0,1.0,1.0,True,8.333333333333334,-4.192918649913859,-4.044444444444376,-0.3557995229788995,0.9600000000000009,-0.1,-0.1,2.7777777777777777,2.7777777777777777,8.333333333333334,49.419110213544016,49.844444444444335,-0.22397862617783315,-0.00999999999999579,-0.1,-0.1,2.7777777777777777,2.7777777777777777
31,0.2,False,0,2.000000000000006,1.0,1.0,True,3.141833333333334,-0.34533150298118453,1.063311111111088,-0.4095066339363098,0.3800000000000012,-0.2,-0.2,2.7777777777777777,2.7777777777777777,0.0,4.593656203326025,5.416238786601146,-1.2013096575160849,-0.019999999999997353,-0.2,-0.2,2.7777777777777777,2.7777777777777777
31,0.30000000000000004,False,0,1.8349461730833203,1.0,0.0,True,2.8305861772177545,4.56355806687709,5.25766916005598,-0.885173916849602,-0.0500000000000016,-0.30000000000000004,-0.30000000000000004,2.7777777777777777,2.7777777777777777,3.174333333333331,5.009611522570883,5.262949999999987,0.7925039539940415,-0.020000000000001572,-0.30000000000000004,-0.30000000000000004,2.7777777777777777,2.7777777777777777
31,0.4,False,0,2.540115428302446,1.0,0.0,True,2.806712522691074,5.3318321344589465,7.612191382810498,-0.03734260066945705,-0.9599999999999973,-0.4,-0.4,2.7777777777777777,2.7777777777777777,5.88244249618808,9.062121788060246,10.130140673798707,0.9786858486639969,-6.661338147750939e-16,-0.4,-0.4,2.7777777777777777,2.7777777777777777
31,0.5,False,0,2.3354553175813257,1.0,0.0,True,2.8691606063481907,5.273677556402565,7.3488053955838355,-1.8634762508844365,-1.6999999999999997,-0.5,-0.5,2.7777777777777777,2.7777777777777777,8.333333333333334,14.819947731099749,13.222222222222225,1.267792778151232,0.0,-0.5,-0.5,2.7777777777777777,2.7777777777777777
31,0.6000000000000001,False,0,2.4377853729418866,1.0,0.0,True,2.7859228327808223,6.345368246059434,7.555712044320221,-1.5624591253199656,-1.8599999999999959,0.0,0.0,2.7777777777777777,2.7777777777777777,8.333333333333334,15.524253976000153,16.0,0.13880614007532532,-0.019999999999999574,-0.6000000000000001,-0.6000000000000001,2.7777777777777777,2.7777777777777777
31,0.7000000000000001,False,0,2.540115428302446,1.0,0.0,True,2.7953269901054902,6.396180787359694,7.079498281822059,-1.1908145177664862,-1.899999999999999,0.0,0.0,2.7777777777777777,2.7777777777777777,8.333333333333334,16.98295445193539,18.22222222222222,0.9398763234630372,-0.009999999999999343,-0.7000000000000001,-0.7000000000000001,2.7777777777777777,2.7777777777777777
31,0.8,False,0,2.642445483663006,1.0,0.0,True,2.7794904674009966,6.298899630217666,7.350403456101572,-0.5706162917969109,-1.8799999999999994,0.0,0.0,2.7777777777777777,2.7777777777777777,8.333333333333334,17.83778064288931,19.888888888888882,1.724852494667386,-2.220446049250313e-16,-0.8,-0.8,2.7777777777777777,2.7777777777777777
31,0.9,False,0,2.4377853729418866,1.0,0.0,True,2.8428439711510363,5.427680496478527,7.138202041960182,-1.5451122086449987,-1.8900000000000028,0.0,0.0,2.7777777777777777,2.7777777777777777,8.333333333333334,19.30742296476955,20.999999999999993,-0.8244361589625122,-0.02000000000000024,-0.9,-0.9,2.7777777777777777,2.7777777777777777
31,1.0,False,0,2.540115428302446,1.0,0.0,True,2.7940886854014972,5.527990139326609,7.5742366339681455,-1.1377385340175283,-1.7999999999999998,0.0,0.0,2.7777777777777777,2.7777777777777777,8.333333333333334,20.314836722413514,22.111111111111104,1.8515501310867433,0.0,-1.0,-1.0,2.7777777777777777,2.7777777777777777
31,1.1,False,0,2.4377853729418866,1.0,0.0,True,2.84711260503145,5.9396486265785216,7.564139325761791,-1.4380190853001389,-1.8799999999999981,0.0,0.0,2.7777777777777777,2.7777777777777777,8.333333333333334,22.81025905363639,22.66666666666666,0.4215045525383809,-0.0499999999999996,-1.1,-1.1,2.7777777777777777,2.7777777777777777
31,1.2000000000000002,False,0,2.440115428302446,1.0,0.0,True,2.8931136885517357,5.210300949546142,7.0753774826138995,-0.7096615209402426,-1.7999999999999998,0.0,0.0,2.7777777777777777,2.7777777777777777,8.333333333333334,20.564776563010774,23.222222222222214,-0.25669649054356736,-0.07999999999999963,-1.2000000000000002,-1.2000000000000002,2.7777777777777777,2.7777777777777777
31,1.3,False,0,2.540115428302446,1.0,0.0,True,2.810245369422416,5.999515555375912,7.02465474779859,-1.3545845656179798,-1.8899999999999997,0.0,0.0,2.7777777777777777,2.7777777777777777,8.333333333333334,21.632169025794656,23.777777777777775,-0.9730228315689984,-0.09000000000000008,-1.3,-1.3,2.7777777777777777,2.7777777777777777
31,1.4000000000000001,False,0,2.4377853729418866,1.0,0.0,True,2.8588668735898,5.890028343288319,6.738420912682916,-1.044016500736772,-1.8999999999999986,0.0,0.0,2.7777777777777777,2.7777777777777777,8.333333333333334,23.81928065150439,24.333333333333332,-0.23011375132532974,-0.08000000000000007,-1.4000000000000001,-1.4000000000000001,2.7777777777777777,2.7777777777777777
31,1.5,False,0,2.642445483663006,1.0,0.0,True,2.7800353858128624,6.353305826880249,7.0641578590490015,-1.1787200834654938,-1.7999999999999998,0.0,0.0,2.7777777777777777,2.7777777777777777,8.333333333333334,25.403530506133325,24.88888888888889,0.8602303350164804,-0.04999999999999982,-1.5,-1.5,2.7777777777777777,2.7777777777777777
31,1.6,False,0,2.3354553175813257,1.0,0.0,True,2.973426940623752,5.364741713866533,6.814590280180991,-1.141174638359391,-1.879999999999999,0.0,0.0,2.7777777777777777,2.7777777777777777,8.333333333333334,23.65218756399852,24.88888888888889,-0.1479592682766362,-0.1599999999999997,-1.6,-1.6,2.7777777777777777,2.7777777777777777
31,1.7000000000000002,False,0,2.642445483663006,1.0,0.0,True,2.821804765571476,5.770405717095071,7.183957651241006,-1.8580306703049039,-1.8300000000000005,0.0,0.0,2.7777777777777777,2.7777777777777777,8.333333333333334,25.139770531467825,25.444444444444443,0.11498659861939631,-0.09999999999999964,-1.7000000000000002,-1.7000000000000002,2.7777777777777777,2.7777777777777777
32,0.0,False,0,4.0,1.0,1.0,True,8.333333333333334,-3.612748290647839,-4.111111111111188,0.4385467937733165,1.6,0.0,0.0,2.7777777777777777,2.7777777777777777,,,,,,,,,
32,0.1,False,0,4.0,1.0,1.0,True,8.333333333333334,-4.169712761834947,-4.111111111111188,0.22131904318024143,0.9500000000000006,-0.1,-0.1,2.7777777777777777,2.7777777777777777,8.333333333333334,50.44098507465843,48.844444444444335,-0.9114697612848297,-0.00999999999999579,-0.1,-0.1,2.7777777777777777,2.7777777777777777
32,0.2,False,0,2.000000000000006,1.0,0.93115020691472,True,2.9022234210902043,2.5686183234862385,2.2847664972374817,0.7899119572064364,0.3400000000000012,-0.2,-0.2,2.7777777777777777,2.7777777777777777,0.5022234210902046,7.217834421794518,5.580764339275061,-0.34763137109734665,-0.019999999999997353,-0.2,-0.2,2.7777777777777777,2.7777777777777777
32,0.30000000000000004,False,0,1.8490490861497844,1.0,0.0,True,2.962802794842892,4.676851296091276,5.569486560173037,-0.852312680281162,-0.08000000000000185,-0.30000000000000004,-0.30000000000000004,2.7777777777777777,2.7777777777777777,3.6021102461578214,4.08896506984959,5.630422308717553,0.02900315510867779,-0.020000000000001572,-0.30000000000000004,-0.30000000000000004,2.7777777777777777,2.7777777777777777
32,0.4,False,0,2.417319361869775,1.0,0.0,True,2.9191880393616434,4.227012296514144,7.402650561418793,-0.901014507490206,-0.9599999999999973,-0.4,-0.4,2.7777777777777777,2.7777777777777777,6.062626278079755,10.26897248358716,10.599048483303132,-0.18734403652726783,-6.661338147750939e-16,-0.4,-0.4,2.7777777777777777,2.7777777777777777
32,0.5,False,0,2.314989306509214,1.0,0.0,True,2.8708162460549693,5.542521657838681,6.993773666715097,-0.9205301846443874,-1.4,-0.5,-0.5,2.7777777777777777,2.7777777777777777,8.333333333333334,12.766322179535603,14.222222222222225,0.2193543388655761,0.0,-0.5,-0.5,2.7777777777777777,2.7777777777777777
32,0.6000000000000001,False,0,2.314989306509214,1.0,0.0,True,2.8640984916521033,5.82946977660949,7.3054303680075465,-1.2455643944536594,-1.8599999999999959,0.0,0.0,2.7777777777777777,2.7777777777777777,8.333333333333334,16.752350280566617,17.0,2.624055014628532,-0.019999999999999574,-0.6000000000000001,-0.6000000000000001,2.7777777777777777,2.7777777777777777
32,0.7000000000000001,False,0,2.417319361869775,1.0,0.0,True,2.8800772771684264,5.1178527356663865,7.027867458831364,-0.6325555048985072,-1.899999999999999,0.0,0.0,2.7777777777777777,2.7777777777777777,8.333333333333334,19.77506519964163,19.22222222222222,-0.8136561272509719,-0.009999999999999343,-0.7000000000000001,-0.7000000000000001,2.7777777777777777,2.7777777777777777
32,0.8,False,0,2.6219794725908945,0.918065029745141,0.0,True,2.9174462917791666,5.270742936683203,6.939291101035079,-1.1291744047162586,-1.8799999999999994,0.0,0.0,2.7777777777777777,2.7777777777777777,8.333333333333334,20.47782487000845,20.888888888888882,-0.04767958688072138,-2.220446049250313e-16,-0.8,-0.8,2.7777777777777777,2.7777777777777777
32,0.9,False,0,2.5196494172303336,1.0,0.0,True,2.885040358313123,5.011694659888787,7.267571084622316,-1.062940592704602,-1.8900000000000028,0.0,0.0,2.7777777777777777,2.7777777777777777,8.333333333333334,23.84718153692836,21.999999999999993,2.539126415278244,-0.02000000000000024,-0.9,-0.9,2.7777777777777777,2.7777777777777777
32,1.0,False,0,2.5196494172303336,1.0,0.0,True,2.977992457430316,5.4013964760771005,7.524197320525386,-0.18254998594661775,-1.7999999999999998,0.0,0.0,2.7777777777777777,2.7777777777777777,8.333333333333334,22.04210296038171,23.111111111111104,-0.39593267233373375,0.0,-1.0,-1.0,2.7777777777777777,2.7777777777777777
32,1.1,False,0,2.6219794725908945,1.0,0.0,True,2.798151343622323,5.819008576309746,7.38125940821389,-1.310536421426279,-1.8799999999999981,0.0,0.0,2.7777777777777777,2.7777777777777777,8.333333333333334,22.770962762412903,23.66666666666666,-1.0542371094788905,-0.0499999999999996,-1.1,-1.1,2.7777777777777777,2.7777777777777777
32,1.2000000000000002,False,0,2.6219794725908945,1.0,0.0,True,2.8731126676737535,5.831099627482215,7.288896187125379,-1.7741639255265953,-1.7999999999999998,0.0,0.0,2.7777777777777777,2.7777777777777777,8.333333333333334,22.53098736049595,24.222222222222214,0.9782883127361663,-0.07999999999999963,-1.2000000000000002,-1.2000000000000002,2.7777777777777777,2.7777777777777777
32,1.3,False,0,2.5196494172303336,1.0,0.0,True,2.9312920375893308,5.663698032071783,7.491642892655823,-0.6862065010534661,-1.8899999999999997,0.0,0.0,2.7777777777777777,2.7777777777777777,8.333333333333334,24.543351490767936,24.777777777777775,-0.7510633154415829,-0.09000000000000008,-1.3,-1.3,2.7777777777777777,2.7777777777777777
32,1.4000000000000001,False,0,2.417319361869775,1.0,0.0,True,2.7784777639113014,6.0675941554974,7.005641082083007,-0.9880158466948511,-1.8999999999999986,0.0,0.0,2.7777777777777777,2.7777777777777777,8.333333333333334,23.278333935556415,25.333333333333332,1.1284538262258739,-0.08000000000000007,-1.4000000000000001,-1.4000000000000001,2.7777777777777777,2.7777777777777777
32,1.5,False,0,2.6219794725908945,0.9753679152073016,0.0,True,2.8079807830529857,5.164680808713638,7.256058655121788,-1.8208734737419785,-1.7999999999999998,0.0,0.0,2.7777777777777777,2.7777777777777777,8.333333333333334,25.145729607849805,25.88888888888889,-0.05140865092731217,-0.04999999999999982,-1.5,-1.5,2.7777777777777777,2.7777777777777777
32,1.6,False,0,2.6219794725908945,1.0,0.0,True,2.781519319127594,5.2826962611475965,7.430260209498489,-1.0171200594567686,-1.879999999999999,0.0,0.0,2.7777777777777777,2.7777777777777777,8.333333333333334,23.804323484613892,25.88888888888889,-1.0219323914256717,-0.1599999999999997,-1.6,-1.6,2.7777777777777777,2.7777777777777777
32,1.7000000000000002,False,0,2.417319361869775,1.0,0.0,True,2.783285058559798,6.086450889461301,7.126533216763389,-1.5297975538939026,-1.8300000000000005,0.0,0.0,2.7777777777777777,2.7777777777777777,8.333333333333334,25.168527385401582,26.444444444444443,-1.1603288959351925,-0.09999999999999964,-1.7000000000000002,-1.7000000000000002,2.7777777777777777,2.7777777777777777
33,0.0,False,0,4.0,1.0,1.0,True,8.333333333333334,-3.183535263862093,-4.222222222222302,2.134949145285178,1.6,0.0,0.0,2.7777777777777777,2.7777777777777777,,,,,,,,,
33,0.1,False,0,4.0,1.0,1.0,True,8.206833333333334,-3.867800824365875,-4.146322222222298,1.7143501342515193,0.930000000000001,-0.1,-0.1,2.7777777777777777,2.7777777777777777,8.206833333333334,46.119819879401305,46.579444444444746,-0.8549554471109035,-0.00999999999999579,-0.1,-0.1,2.7777777777777777,2.7777777777777777
33,0.2,False,0,0.2000000000000124,1.0,1.0,True,7.068333333333333,-2.5362257103351125,-4.284427777777839,1.003800682647079,0.24000000000000155,-0.2,-0.2,2.7777777777777777,2.7777777777777777,7.068333333333333,2.182568078536595,1.2621500000000951,-1.2926693324722458,-0.019999999999997353,-0.2,-0.2,2.7777777777777777,2.7777777777777777
33,0.30000000000000004,False,0,1.7920038413909876,1.0,0.0,True,3.080455245906575,4.680620619474515,5.572735528814978,-0.26967029185064906,-0.11000000000000187,-0.30000000000000004,-0.30000000000000004,2.7777777777777777,2.7777777777777777,4.18222079979336,3.9742606097558353,5.763891880030987,0.7311453990164298,-0.020000000000001572,-0.30000000000000004,-0.30000000000000004,2.7777777777777777,2.7777777777777777
33,0.4,False,0,2.399183406158222,1.0,0.0,True,2.844304505900352,5.550046044076443,7.086029173868387,-0.05290370260224031,-1.4399999999999955,-0.4,-0.4,2.7777777777777777,2.7777777777777777,6.93905504778845,8.994228355175597,11.172255606332254,0.39615175376250233,-6.661338147750939e-16,-0.4,-0.4,2.7777777777777777,2.7777777777777777
33,0.5,False,0,2.294523295437103,1.0,0.0,True,2.845680329276588,5.270961165653792,7.365913276013932,-1.2985330245583377,-1.7999999999999998,-0.5,-0.5,2.7777777777777777,2.7777777777777777,8.333333333333334,13.889653019858432,15.222222222222225,-1.8252029544415942,0.0,-0.5,-0.5,2.7777777777777777,2.7777777777777777
33,0.6000000000000001,False,0,2.499183406158222,1.0,0.0,True,2.860760074853869,6.099251384659152,7.679556292151777,-1.3888057723146252,-1.8599999999999959,0.0,0.0,2.7777777777777777,2.7777777777777777,8.333333333333334,17.077946041820283,18.0,1.6049484169486417,-0.019999999999999574,-0.6000000000000001,-0.6000000000000001,2.7777777777777777,2.7777777777777777
33,0.7000000000000001,False,0,2.7038435168793415,1.0,0.0,True,2.883154061913886,5.985627659924444,7.252905028384935,-1.578236803300932,-1.899999999999999,0.0,0.0,2.7777777777777777,2.7777777777777777,8.333333333333334,17.278603717932178,20.22222222222222,0.9867400616521698,-0.009999999999999343,-0.7000000000000001,-0.7000000000000001,2.7777777777777777,2.7777777777777777
33,0.8,False,0,2.294523295437103,1.0,0.0,True,2.8592046412774255,4.759105406745744,7.484657383656445,-0.6644479458445365,-1.8799999999999994,0.0,0.0,2.7777777777777777,2.7777777777777777,8.333333333333334,20.120649814697334,21.888888888888882,0.6653972013273388,-2.220446049250313e-16,-0.8,-0.8,2.7777777777777777,2.7777777777777777
33,0.9,False,0,2.499183406158222,1.0,0.0,True,2.837290148771537,6.1970967090462254,7.130193024849921,-1.443404744982796,-1.8900000000000028,0.0,0.0,2.7777777777777777,2.7777777777777777,8.333333333333334,22.958417250899068,22.999999999999993,1.2149508953350092,-0.02000000000000024,-0.9,-0.9,2.7777777777777777,2.7777777777777777
33,1.0,False,0,2.499183406158222,1.0,0.0,True,2.8937949218183725,5.514561687620668,6.689246633961699,-1.754531633556026,-1.7999999999999998,0.0,0.0,2.7777777777777777,2.7777777777777777,8.333333333333334,25.427607406997463,24.111111111111104,1.0025380672046942,0.0,-1.0,-1.0,2.7777777777777777,2.7777777777777777
33,1.1,False,0,2.3968533507976626,1.0,0.0,True,2.831085033522862,5.478599959540948,7.608544137532964,-1.6144043823816865,-1.8799999999999981,0.0,0.0,2.7777777777777777,2.7777777777777777,8.333333333333334,22.3913047285322,24.66666666666666,1.4647750271300017,-0.0499999999999996,-1.1,-1.1,2.7777777777777777,2.7777777777777777
33,1.2000000000000002,False,0,2.499183406158222,1.0,0.0,True,2.7970470212161134,5.9110071848240695,7.28385708276721,-0.5030963393826864,-1.7999999999999998,0.0,0.0,2.7777777777777777,2.7777777777777777,8.333333333333334,24.073443496542176,25.222222222222214,-0.2193403514245129,-0.07999999999999963,-1.2000000000000002,-1.2000000000000002,2.7777777777777777,2.7777777777777777
33,1.3,False,0,2.3968533507976626,1.0,0.0,True,2.8037947772006655,5.670942896971188,7.184151865899193,-1.176987119126915,-1.8899999999999997,0.0,0.0,2.7777777777777777,2.7777777777777777,8.333333333333334,26.025130397429184,25.777777777777775,0.8482331424741356,-0.09000000000000008,-1.3,-1.3,2.7777777777777777,2.7777777777777777
33,1.4000000000000001,False,0,2.294523295437103,1.0,0.0,True,2.8513556428297036,5.62571641812588,7.167843361958146,-1.4504755264896003,-1.8999999999999986,0.0,0.0,2.7777777777777777,2.7777777777777777,8.333333333333334,26.541915497919508,26.333333333333332,-0.03131618656829538,-0.08000000000000007,-1.4000000000000001,-1.4000000000000001,2.7777777777777777,2.7777777777777777
33,1.5,False,0,2.294523295437103,1.0,0.0,True,2.805512316810462,5.9292814942843295,7.4298574299940485,-1.19170127958513,-1.7999999999999998,0.0,0.0,2.7777777777777777,2.7777777777777777,8.333333333333334,27.99047135265251,26.88888888888889,-0.3135926537321554,-0.04999999999999982,-1.5,-1.5,2.7777777777777777,2.7777777777777777
33,1.6,False,0,2.7038435168793415,1.0,0.0,True,3.045808107427748,5.216109716318383,7.06442375386131,-0.484121402972995,-1.879999999999999,0.0,0.0,2.7777777777777777,2.7777777777777777,8.333333333333334,26.245466764266144,26.88888888888889,-0.6888775947144197,-0.1599999999999997,-1.6,-1.6,2.7777777777777777,2.7777777777777777
33,1.7000000000000002,False,0,2.294523295437103,1.0,0.0,True,3.1266649601452223,4.901486249076062,6.9460452789420914,-1.6598049994404143,-1.8300000000000005,0.0,0.0,2.7777777777777777,2.7777777777777777,8.333333333333334,28.559176184114204,27.444444444444443,0.6648831353114351,-0.09999999999999964,-1.7000000000000002,-1.7000000000000002,2.7777777777777777,2.7777777777777777
34,0.0,False,0,4.0,1.0,1.0,True,8.333333333333334,-3.9510074231404984,-4.266666666666583,1.5031487924318583,1.6,0.0,0.0,2.7777777777777777,2.7777777777777777,,,,,,,,,
34,0.1,False,0,4.0,1.0,1.0,True,8.333333333333334,-3.5552967193442866,-4.266666666666583,0.8013493189744003,0.910000000000001,-0.1,-0.1,2.7777777777777777,2.7777777777777777,8.333333333333334,46.45053453027488,46.844444444444335,-0.1347740816957852,-0.00999999999999579,-0.1,-0.1,2.7777777777777777,2.7777777777777777
34,0.2,False,0,1.700000000000006,1.0,1.0,True,2.941833333333333,1.0746035696824423,2.0250333333332735,0.48246142376357737,0.2800000000000016,-0.2,-0.2,2.7777777777777777,2.7777777777777777,0.6541695151568776,3.970467185449235,3.7052491454528935,0.18777005096459654,-0.019999999999997353,-0.2,-0.2,2.7777777777777777,2.7777777777777777
34,0.30000000000000004,False,0,1.765659178482111,1.0,0.0,True,3.022102369286098,4.853206526984406,5.798633181467761,1.0343668231843144,-0.20000000000000195,-0.30000000000000004,-0.30000000000000004,2.7777777777777777,2.7777777777777777,4.374333333333331,8.1777915205403,6.262249999999992,-0.42626035052842015,-0.020000000000001572,-0.30000000000000004,-0.30000000000000004,2.7777777777777777,2.7777777777777777
34,0.4,False,0,2.37638733972555,1.0,0.0,True,2.839721727053522,5.70028010421547,7.658066649749398,0.7511800036591505,-0.9999999999999969,-0.4,-0.4,2.7777777777777777,2.7777777777777777,7.574333333333334,12.447724631163933,11.904277777777782,0.8493786075928811,-6.661338147750939e-16,-0.4,-0.4,2.7777777777777777,2.7777777777777777
34,0.5,False,0,2.478717395086111,1.0,0.0,True,3.0163826766956383,5.235733416332747,7.758755803179999,-1.176965640040978,-1.5499999999999998,-0.5,-0.5,2.7777777777777777,2.7777777777777777,8.333333333333334,15.008243112722337,16.222222222222225,-0.2917402874778907,0.0,-0.5,-0.5,2.7777777777777777,2.7777777777777777
34,0.6000000000000001,False,0,2.581047450446671,1.0,0.0,True,2.8497456119819304,6.085882716334976,7.089403575711107,-1.8002563455819975,-1.8599999999999959,0.0,0.0,2.7777777777777777,2.7777777777777777,8.333333333333334,16.518128115598884,19.0,-1.113861537378106,-0.019999999999999574,-0.6000000000000001,-0.6000000000000001,2.7777777777777777,2.7777777777777777
34,0.7000000000000001,False,0,2.478717395086111,1.0,0.0,True,2.804704801740179,5.057911836457767,6.964458688375179,-1.4085510206255467,-1.899999999999999,0.0,0.0,2.7777777777777777,2.7777777777777777,8.333333333333334,21.234940928579007,21.22222222222222,-0.668336728318107,-0.009999999999999343,-0.7000000000000001,-0.7000000000000001,2.7777777777777777,2.7777777777777777
34,0.8,False,0,2.581047450446671,1.0,0.0,True,2.8142122566575325,6.156649959476977,7.341880243435829,-1.826830224070343,-1.8799999999999994,0.0,0.0,2.7777777777777777,2.7777777777777777,8.333333333333334,23.933280082054925,22.888888888888882,-0.007557989605858406,-2.220446049250313e-16,-0.8,-0.8,2.7777777777777777,2.7777777777777777
34,0.9,False,0,2.478717395086111,1.0,0.0,True,2.906209223963468,4.454741020996605,7.50042551852754,-1.5094133761555886,-1.8900000000000028,0.0,0.0,2.7777777777777777,2.7777777777777777,8.333333333333334,22.302809107244748,23.999999999999993,-1.1850815987856107,-0.02000000000000024,-0.9,-0.9,2.7777777777777777,2.7777777777777777
34,1.0,False,0,2.478717395086111,1.0,0.0,True,2.78961853816726,5.186224599507544,6.942084740430876,-1.1546277456562715,-1.7999999999999998,0.0,0.0,2.7777777777777777,2.7777777777777777,8.333333333333334,24.94600676566468,25.111111111111104,-0.08367657786836102,0.0,-1.0,-1.0,2.7777777777777777,2.7777777777777777
34,1.1,False,0,2.581047450446671,1.0,0.0,True,2.830585729211163,5.915042370294533,7.660168128361417,-1.5694860350961914,-1.8799999999999981,0.0,0.0,2.7777777777777777,2.7777777777777777,8.333333333333334,25.323862083185407,25.66666666666666,-1.673799917365747,-0.0499999999999996,-1.1,-1.1,2.7777777777777777,2.7777777777777777
34,1.2000000000000002,False,0,2.37638733972555,1.0,0.0,True,2.798020265873391,5.238345490368563,7.327953552203074,-1.8476037680245572,-1.7999999999999998,0.0,0.0,2.7777777777777777,2.7777777777777777,8.333333333333334,25.683155780137334,26.222222222222214,-1.1676690041544173,-0.07999999999999963,-1.2000000000000002,-1.2000000000000002,2.7777777777777777,2.7777777777777777
34,1.3,False,0,2.37638733972555,1.0,0.0,True,2.7958934183507753,5.859287588698085,7.118690780439455,-1.5963432230749823,-1.8899999999999997,0.0,0.0,2.7777777777777777,2.7777777777777777,8.333333333333334,26.3418703598572,26.777777777777775,1.0673843498629192,-0.09000000000000008,-1.3,-1.3,2.7777777777777777,2.7777777777777777
34,1.4000000000000001,False,0,2.581047450446671,1.0,0.0,True,3.1434983899683404,3.208881221277058,7.30806087572486,-0.7848160917248757,-1.8999999999999986,0.0,0.0,2.7777777777777777,2.7777777777777777,8.333333333333334,28.049672065436543,27.333333333333332,-0.2522464276448779,-0.08000000000000007,-1.4000000000000001,-1.4000000000000001,2.7777777777777777,2.7777777777777777
34,1.5,False,0,2.274057284364992,1.0,0.0,True,2.926614225533926,5.826241381192642,7.1099338172752455,-1.6997519645560029,-1.7999999999999998,0.0,0.0,2.7777777777777777,2.7777777777777777,8.333333333333334,26.999176364754423,27.88888888888889,1.6270306948617441,-0.04999999999999982,-1.5,-1.5,2.7777777777777777,2.7777777777777777
34,1.6,False,0,2.438266899737564,1.0,0.0,True,2.942285167694471,5.312222235975175,7.030571713070569,-1.8796787964978356,-1.879999999999999,0.0,0.0,2.7777777777777777,2.7777777777777777,8.333333333333334,28.423146033899837,27.88888888888889,-0.36911513080202196,-0.1599999999999997,-1.6,-1.6,2.7777777777777777,2.7777777777777777
34,1.7000000000000002,False,0,2.274057284364992,1.0,0.0,True,2.8241444641209217,5.51428960813404,7.34012664677454,-1.828540446954976,-1.8300000000000005,0.0,0.0,2.7777777777777777,2.7777777777777777,8.333333333333334,28.611346633174104,28.44444444444444,-0.24028093583605825,-0.09999999999999964,-1.7000000000000002,-1.7000000000000002,2.7777777777777777,2.7777777777777777
35,0.0,False,0,4.0,1.0,1.0,True,8.333333333333334,-2.515911275220179,-4.155555555555462,0.9989444658667894,1.6,0.0,0.0,2.7777777777777777,2.7777777777777777,,,,,,,,,
35,0.1,False,0,4.0,1.0,1.0,True,8.333333333333334,-3.3232706692970835,-4.155555555555462,0.03413744168755595,0.890000000000001,-0.1,-0.1,2.7777777777777777,2.7777777777777777,8.333333333333334,45.765579597843924,45.844444444444335,-0.9399657852997266,-0.00999999999999579,-0.1,-0.1,2.7777777777777777,2.7777777777777777
35,0.2,False,0,1.9000000000000061,1.0,0.10063187236959822,True,3.174333333333331,2.9108669252362676,2.806188888888845,-0.6365286359020619,0.3000000000000016,-0.2,-0.2,2.7777777777777777,2.7777777777777777,0.4020294020057546,4.36652994173873,5.632729865902083,-0.4539847202940328,-0.019999999999997353,-0.2,-0.2,2.7777777777777777,2.7777777777777777
35,0.30000000000000004,False,0,2.048931162571756,1.0,0.0,True,2.8038188773152064,5.686826843778346,6.788097138973524,0.3882056422970739,-0.2300000000000022,-0.30000000000000004,-0.30000000000000004,2.7777777777777777,2.7777777777777777,4.5221174455459865,6.0509574704938816,7.314821588778725,-0.7335484440708788,-0.020000000000001572,-0.30000000000000004,-0.30000000000000004,2.7777777777777777,2.7777777777777777
35,0.4,False,0,2.458251384014,1.0,0.0,True,2.8941317786681964,5.775372266058629,7.2301536753839715,-1.7171922312408077,-1.5199999999999951,-0.4,-0.4,2.7777777777777777,2.7777777777777777,7.953833333333334,12.910946555714784,12.828377777777778,0.11198769451388779,-6.661338147750939e-16,-0.4,-0.4,2.7777777777777777,2.7777777777777777
35,0.5,False,0,2.355921328653438,1.0,0.0,True,3.0144326955539866,4.509746495194112,7.082793922324631,-1.3524982449191745,-1.85,-0.5,-0.5,2.7777777777777777,2.7777777777777777,8.333333333333334,16.778872150685064,17.222222222222225,-0.7047713974633769,0.0,-0.5,-0.5,2.7777777777777777,2.7777777777777777
35,0.6000000000000001,False,0,2.458251384014,1.0,0.0,True,2.798940477872598,6.250959598758695,7.468926464566214,-1.0289721207980027,-1.8599999999999959,0.0,0.0,2.7777777777777777,2.7777777777777777,8.333333333333334,20.088104024319264,20.0,-0.33879902024939135,-0.019999999999999574,-0.6000000000000001,-0.6000000000000001,2.7777777777777777,2.7777777777777777
35,0.7000000000000001,False,0,2.458251384014,1.0,0.0,True,2.8543311889762073,5.956156879543944,6.735187283954386,-0.7241165981002875,-1.899999999999999,0.0,0.0,2.7777777777777777,2.7777777777777777,8.333333333333334,20.54997435078218,22.22222222222222,0.9528737938370608,-0.009999999999999343,-0.7000000000000001,-0.7000000000000001,2.7777777777777777,2.7777777777777777
35,0.8,False,0,2.6629114947351193,1.0,0.0,True,2.810987221905414,5.489811252212083,7.1426045146319455,-1.6471085665437912,-1.8799999999999994,0.0,0.0,2.7777777777777777,2.7777777777777777,8.333333333333334,25.388109180791677,23.888888888888882,0.39264151996401075,-2.220446049250313e-16,-0.8,-0.8,2.7777777777777777,2.7777777777777777
35,0.9,False,0,2.458251384014,1.0,0.0,True,2.8425022364394534,5.427270993511638,7.082675203418458,-0.7737575664390255,-1.8900000000000028,0.0,0.0,2.7777777777777777,2.7777777777777777,8.333333333333334,24.78768777768672,24.999999999999993,0.05724195505616292,-0.02000000000000024,-0.9,-0.9,2.7777777777777777,2.7777777777777777
35,1.0,False,0,2.560581439374558,1.0,0.0,True,2.9432003616806557,4.70417080504424,6.913372120140292,-0.8255991257336526,-1.7999999999999998,0.0,0.0,2.7777777777777777,2.7777777777777777,8.333333333333334,25.760948278197407,26.111111111111104,-0.7696426199301212,0.0,-1.0,-1.0,2.7777777777777777,2.7777777777777777
35,1.1,False,0,2.458251384014,1.0,0.0,True,2.8595576147106034,5.551681825969024,7.052678570895215,-0.8473413979546769,-1.8799999999999981,0.0,0.0,2.7777777777777777,2.7777777777777777,8.333333333333334,25.3240472015484,26.66666666666666,0.315437504158639,-0.0499999999999996,-1.1,-1.1,2.7777777777777777,2.7777777777777777
35,1.2000000000000002,False,0,2.560581439374558,1.0,0.0,True,2.806589641858353,6.165849216030563,7.637201630076487,-1.7051251491983457,-1.7999999999999998,0.0,0.0,2.7777777777777777,2.7777777777777777,8.333333333333334,27.3300898648054,27.222222222222214,-0.5405797617056716,-0.07999999999999963,-1.2000000000000002,-1.2000000000000002,2.7777777777777777,2.7777777777777777
35,1.3,False,0,2.355921328653438,1.0,0.0,True,2.8005446301331296,5.578119989334479,7.382463584508078,-1.3730805897022398,-1.8899999999999997,0.0,0.0,2.7777777777777777,2.7777777777777777,8.333333333333334,28.885789249555057,27.777777777777775,-0.05562378474292706,-0.09000000000000008,-1.3,-1.3,2.7777777777777777,2.7777777777777777
35,1.4000000000000001,False,0,2.4605814393745598,1.0,0.0,True,2.8276060028998278,5.483557683382398,7.202293584321947,-1.1756322335700309,-1.8999999999999986,0.0,0.0,2.7777777777777777,2.7777777777777777,8.333333333333334,28.084549216062182,28.333333333333332,0.10473034554639948,-0.08000000000000007,-1.4000000000000001,-1.4000000000000001,2.7777777777777777,2.7777777777777777
35,1.5,False,0,2.163744378494991,1.0,0.0,True,2.7880092750359586,3.936507782921379,6.810998489965333,-0.5370661937535943,-1.7999999999999998,0.0,0.0,2.7777777777777777,2.7777777777777777,8.333333333333334,27.887555241094002,28.88888888888889,1.190596055616831,-0.04999999999999982,-1.5,-1.5,2.7777777777777777,2.7777777777777777
35,1.6,False,0,2.560581439374558,1.0,0.0,True,2.8291315905917664,6.13947003437475,7.697992466077946,-0.5313807738701983,-1.879999999999999,0.0,0.0,2.7777777777777777,2.7777777777777777,8.333333333333334,27.411046785416065,28.88888888888889,0.9849459900376285,-0.1599999999999997,-1.6,-1.6,2.7777777777777777,2.7777777777777777
35,1.7000000000000002,False,0,2.458251384014,1.0,0.0,True,2.7833176903185617,5.877905982732583,7.301213210115674,-0.9322596616063561,-1.8300000000000005,0.0,0.0,2.7777777777777777,2.7777777777777777,8.333333333333334,29.03899871633912,29.44444444444444,-0.021806614695200288,-0.09999999999999964,-1.7000000000000002,-1.7000000000000002,2.7777777777777777,2.7777777777777777
36,0.0,False,0,4.0,1.0,0.09008808127095698,True,8.333333333333334,-2.7247881409709107,-4.0444444444443475,1.493491168815201,1.6,0.0,0.0,2.7777777777777777,2.7777777777777777,,,,,,,,,
36,0.1,False,0,4.0,1.0,1.0,True,8.333333333333334,-3.570675159590766,-4.0444444444443475,0.4379047125118549,0.870000000000001,-0.1,-0.1,2.7777777777777777,2.7777777777777777,8.333333333333334,42.71571680260996,44.844444444444335,0.67046126843245,-0.00999999999999579,-0.1,-0.1,2.7777777777777777,2.7777777777777777
36,0.2,False,0,0.6000000000000116,1.0,1.0,True,3.288833333333331,-1.908427695510194,-0.08950000000003921,-1.1789018807289529,0.16000000000000192,-0.2,-0.2,2.7777777777777777,2.7777777777777777,0.0,0.5367740086006494,1.3168666666666242,-0.9758931361454539,-0.019999999999997353,-0.2,-0.2,2.7777777777777777,2.7777777777777777
36,0.30000000000000004,False,0,2.0373901190310053,1.0,0.0,True,3.0207559494214538,4.694276881491239,6.340495020379177,-1.5630072902343886,-0.3200000000000023,-0.30000000000000004,-0.30000000000000004,2.7777777777777777,2.7777777777777777,5.580868190731181,7.356145565177667,7.547093028520419,-0.44630693702588453,-0.020000000000001572,-0.30000000000000004,-0.30000000000000004,2.7777777777777777,2.7777777777777777
36,0.4,False,0,2.3354553175813257,1.0,0.0,True,2.8465602881820056,4.929885154258014,7.4978256458491375,-0.18311785360327204,-1.3999999999999955,-0.4,-0.4,2.7777777777777777,2.7777777777777777,8.333333333333334,14.32641809950388,13.777777777777775,-0.5962594950973155,-6.661338147750939e-16,-0.4,-0.4,2.7777777777777777,2.7777777777777777
36,0.5,False,0,2.4377853729418857,1.0,0.0,True,2.8412986743976,5.678841939322493,7.321312394664145,-0.8632417949808682,-1.85,0.0,0.0,2.7777777777777777,2.7777777777777777,8.333333333333334,18.44404118425594,18.222222222222225,-0.3338048916559302,0.0,-0.5,-0.5,2.7777777777777777,2.7777777777777777
36,0.6000000000000001,False,0,2.4377853729418857,1.0,0.0,True,2.8256242771277904,5.491251457451495,7.164290558450458,-1.6272170100326877,-1.8599999999999959,0.0,0.0,2.7777777777777777,2.7777777777777777,8.333333333333334,20.849500098446093,21.0,0.4106301776204324,-0.019999999999999574,-0.6000000000000001,-0.6000000000000001,2.7777777777777777,2.7777777777777777
36,0.7000000000000001,False,0,2.4377853729418857,1.0,0.0,True,2.810095569558399,4.381277198238185,7.188125420996099,-1.5114700746557401,-1.899999999999999,0.0,0.0,2.7777777777777777,2.7777777777777777,8.333333333333334,21.73478362368347,23.22222222222222,-0.21595492509226633,-0.009999999999999343,-0.7000000000000001,-0.7000000000000001,2.7777777777777777,2.7777777777777777
36,0.8,False,0,2.540115428302446,1.0,0.0,True,2.9428954144827077,5.662711891309091,7.007936038733004,-1.33580776787044,-1.8799999999999994,0.0,0.0,2.7777777777777777,2.7777777777777777,8.333333333333334,25.075053366435068,24.888888888888882,2.2274455130831847,-2.220446049250313e-16,-0.8,-0.8,2.7777777777777777,2.7777777777777777
36,0.9,False,0,2.3354553175813257,1.0,0.0,True,2.793045333066199,4.998790992705627,7.11971266601751,-0.9381874060778796,-1.8900000000000028,0.0,0.0,2.7777777777777777,2.7777777777777777,8.333333333333334,25.00547035578048,25.999999999999993,-0.6909135197616361,-0.02000000000000024,-0.9,-0.9,2.7777777777777777,2.7777777777777777
36,1.0,False,0,2.4377853729418857,1.0,0.0,True,2.8654700826473536,5.074846348397782,7.401043020625825,-0.46655612198526586,-1.7999999999999998,0.0,0.0,2.7777777777777777,2.7777777777777777,8.333333333333334,27.26880822304243,27.111111111111104,0.3062003567484335,0.0,-1.0,-1.0,2.7777777777777777,2.7777777777777777
36,1.1,False,0,2.540115428302446,1.0,0.0,True,2.850832494232476,5.781935488916024,7.258363441467179,-1.1446687295764295,-1.8799999999999981,0.0,0.0,2.7777777777777777,2.7777777777777777,8.333333333333334,27.324414493919814,27.66666666666666,-0.10143144304917806,-0.0499999999999996,-1.1,-1.1,2.7777777777777777,2.7777777777777777
36,1.2000000000000002,False,0,2.3354553175813257,1.0,0.0,True,2.804176454749628,4.671640911288006,7.208894457231129,-0.6446802121613773,-1.7999999999999998,0.0,0.0,2.7777777777777777,2.7777777777777777,8.333333333333334,27.52723973427659,28.22222222222221,0.250116146264709,-0.07999999999999963,-1.2000000000000002,-1.2000000000000002,2.7777777777777777,2.7777777777777777
36,1.3,False,0,2.540115428302446,1.0,0.0,True,2.807642654858077,5.48172279794439,7.638341522822434,-1.1712945925976204,-1.8899999999999997,0.0,0.0,2.7777777777777777,2.7777777777777777,8.333333333333334,28.306885221929168,28.777777777777775,0.6989674372105936,-0.09000000000000008,-1.3,-1.3,2.7777777777777777,2.7777777777777777
36,1.4000000000000001,False,0,2.4377853729418857,1.0,0.0,True,2.9246200393784174,5.614733683913518,7.636902519168058,-0.4675574196271486,-1.8999999999999986,0.0,0.0,2.7777777777777777,2.7777777777777777,8.333333333333334,29.0314754390598,29.333333333333332,-1.5472213927031147,-0.08000000000000007,-1.4000000000000001,-1.4000000000000001,2.7777777777777777,2.7777777777777777
36,1.5,False,0,2.4377853729418857,1.0,0.0,True,2.9471852186348175,4.626405415852912,7.398611212748389,-0.03186147840159381,-1.7999999999999998,0.0,0.0,2.7777777777777777,2.7777777777777777,8.333333333333334,30.013957873043655,29.88888888888889,0.573033699195713,-0.04999999999999982,-1.5,-1.5,2.7777777777777777,2.7777777777777777
36,1.6,False,0,2.540115428302446,1.0,0.0,True,2.8241337666912174,6.171851602377427,7.058038408551963,-1.2674725213037334,-1.879999999999999,0.0,0.0,2.7777777777777777,2.7777777777777777,8.333333333333334,29.29312585843545,29.88888888888889,0.4698295420245868,-0.1599999999999997,-1.6,-1.6,2.7777777777777777,2.7777777777777777
36,1.7000000000000002,False,0,2.4377853729418857,1.0,0.0,True,2.790389397377639,6.203281534784684,7.272268195169869,-0.724131519393135,-1.8300000000000005,0.0,0.0,2.7777777777777777,2.7777777777777777,8.333333333333334,30.789670170504888,30.44444444444444,1.3768074965790444,-0.09999999999999964,-1.7000000000000002,-1.7000000000000002,2.7777777777777777,2.7777777777777777
37,0.0,False,0,4.0,1.0,1.0,True,8.333333333333334,-3.0265657097731617,-4.111111111111209,-0.06319639545619093,1.6,0.0,0.0,2.7777777777777777,2.7777777777777777,,,,,,,,,
37,0.1,False,0,4.0,1.0,1.0,True,7.953833333333334,-3.279588031230996,-4.123083333333237,-0.5434135643133955,0.850000000000001,-0.1,-0.1,2.7777777777777777,2.7777777777777777,7.574333333333334,40.88155389042244,37.12729444444503,-0.016817696767275736,-0.00999999999999579,-0.1,-0.1,2.7777777777777777,2.7777777777777777
37,0.2,False,0,1.300534070475812,1.0,1.0,True,2.8478333333333317,1.9421431424674696,2.2571499999999505,-0.9675808513558952,0.16000000000000192,-0.2,-0.2,2.7777777777777777,2.7777777777777777,0.847833333333332,3.7359246153834933,3.4340999999999484,0.8906551299346446,-0.019999999999997353,-0.2,-0.2,2.7777777777777777,2.7777777777777777
37,0.30000000000000004,False,0,2.7243095279514544,1.0,0.0,True,2.8190109613187353,5.260454330164845,7.376162275067249,-0.9237690081714156,-0.7100000000000031,-0.30000000000000004,-0.30000000000000004,2.7777777777777777,2.7777777777777777,5.218925750798121,8.224888409762013,9.663713513844254,1.6746336911070094,-0.020000000000001572,-0.30000000000000004,-0.30000000000000004,2.7777777777777777,2.7777777777777777
37,0.4,False,0,2.417319361869772,1.0,0.0,True,2.853276519437804,6.156522581902846,7.309389965491602,-1.5779155574253438,-1.880000000000006,-0.4,0.0,2.7777777777777777,2.7777777777777777,8.333333333333334,13.445205864748896,14.777777777777775,1.1027831063941247,-6.661338147750939e-16,-0.4,-0.4,2.7777777777777777,2.7777777777777777
37,0.5,False,0,2.5196494172303336,1.0,0.0,True,2.89304335512852,5.926652594234011,7.493792313163884,-0.932039131900881,-1.85,0.0,0.0,2.7777777777777777,2.7777777777777777,8.333333333333334,18.420013082151083,19.222222222222225,0.6635553774044731,0.0,-0.5,-0.5,2.7777777777777777,2.7777777777777777
37,0.6000000000000001,False,0,2.5196494172303336,1.0,0.0,True,2.7997507620738964,5.649832576448756,7.477319997520856,-1.8389579482973044,-1.8599999999999959,0.0,0.0,2.7777777777777777,2.7777777777777777,8.333333333333334,21.53092534411477,22.0,-0.2563134697111642,-0.019999999999999574,-0.6000000000000001,-0.6000000000000001,2.7777777777777777,2.7777777777777777
37,0.7000000000000001,False,0,2.621979472590894,1.0,0.0,True,2.8036666538528814,5.519234987401004,7.309832114684821,-0.9066308833886557,-1.899999999999999,0.0,0.0,2.7777777777777777,2.7777777777777777,8.333333333333334,23.914491722056866,24.22222222222222,1.402459852085868,-0.009999999999999343,-0.7000000000000001,-0.7000000000000001,2.7777777777777777,2.7777777777777777
37,0.8,False,0,2.417319361869772,1.0,0.0,True,2.811114212324644,6.230154984510091,7.4983114932997355,-1.2589665448400131,-1.8799999999999994,0.0,0.0,2.7777777777777777,2.7777777777777777,8.333333333333334,23.088957735117997,25.888888888888882,-0.1674859462616769,-2.220446049250313e-16,-0.8,-0.8,2.7777777777777777,2.7777777777777777
37,0.9,False,0,2.5196494172303336,1.0,0.0,True,2.8164017989265906,5.8642997494452205,7.010816004527858,-0.729832984451829,-1.8900000000000028,0.0,0.0,2.7777777777777777,2.7777777777777777,8.333333333333334,25.746713554948307,26.999999999999993,1.3776736053270544,-0.02000000000000024,-0.9,-0.9,2.7777777777777777,2.7777777777777777
37,1.0,False,0,2.5196494172303336,1.0,0.0,True,2.8780806753441093,5.69210042200437,6.965130262621909,-0.9701361885598055,-1.7999999999999998,0.0,0.0,2.7777777777777777,2.7777777777777777,8.333333333333334,27.87991829441862,28.111111111111104,0.09345949604174453,0.0,-1.0,-1.0,2.7777777777777777,2.7777777777777777
37,1.1,False,0,2.5196494172303336,1.0,0.0,True,2.9211157721898795,5.39128926532003,7.460059309928202,-1.7229669567446821,-1.8799999999999981,0.0,0.0,2.7777777777777777,2.7777777777777777,8.333333333333334,25.906562267320492,28.66666666666666,1.6153599277098216,-0.0499999999999996,-1.1,-1.1,2.7777777777777777,2.7777777777777777
37,1.2000000000000002,False,0,2.2126592511486516,1.0,0.0,True,2.909087690219433,4.7753727448297,7.310485950214653,-0.7226086155943918,-1.7999999999999998,0.0,0.0,2.7777777777777777,2.7777777777777777,8.333333333333334,28.585094910144104,29.22222222222221,-0.07367424323469862,-0.07999999999999963,-1.2000000000000002,-1.2000000000000002,2.7777777777777777,2.7777777777777777
37,1.3,False,0,2.5196494172303336,1.0,0.0,True,2.82554833252896,6.174914788211798,7.430606368224962,-1.0414013111486349,-1.8899999999999997,0.0,0.0,2.7777777777777777,2.7777777777777777,8.333333333333334,29.786163126323846,29.777777777777775,0.9216692071382178,-0.09000000000000008,-1.3,-1.3,2.7777777777777777,2.7777777777777777
37,1.4000000000000001,False,0,2.621979472590894,1.0,0.0,True,2.8461143075837825,5.281720363225344,7.448139395042856,-0.9785688413166154,-1.8999999999999986,0.0,0.0,2.7777777777777777,2.7777777777777777,8.333333333333334,30.18089917588507,30.333333333333332,0.6092358735506878,-0.08000000000000007,-1.4000000000000001,-1.4000000000000001,2.7777777777777777,2.7777777777777777
37,1.5,False,0,2.110329195788091,1.0,0.0,True,3.012969428687948,5.435184042142876,7.124749757932936,-1.782054164866182,-1.7999999999999998,0.0,0.0,2.7777777777777777,2.7777777777777777,8.333333333333334,30.68607109484395,30.88888888888889,1.735665538818354,-0.04999999999999982,-1.5,-1.5,2.7777777777777777,2.7777777777777777
37,1.6,False,0,2.5196494172303336,1.0,0.0,True,2.8092211978409853,6.049830568728969,7.025673562661912,-0.1689987883598023,-1.879999999999999,0.0,0.0,2.7777777777777777,2.7777777777777777,8.333333333333334,30.562158966908687,30.88888888888889,-1.4108120128679191,-0.1599999999999997,-1.6,-1.6,2.7777777777777777,2.7777777777777777
37,1.7000000000000002,False,0,2.417319361869772,1.0,0.0,True,2.7911127732171983,6.3731421349204185,7.259041966592581,-1.8104776585688784,-1.8300000000000005,0.0,0.0,2.7777777777777777,2.7777777777777777,8.333333333333334,32.097859591294835,31.44444444444444,1.1519537652036318,-0.09999999999999964,-1.7000000000000002,-1.7000000000000002,2.7777777777777777,2.7777777777777777
38,0.0,False,0,4.0,1.0,1.0,True,8.333333333333334,-3.1319194038150213,-4.222222222222331,2.969736389415456,1.6,0.0,0.0,2.7777777777777777,2.7777777777777777,,,,,,,,,
38,0.1,False,0,4.0,1.0,1.0,True,7.068333333333333,-4.1389801441681895,-4.165861111111044,1.0102996594901592,0.8100000000000014,-0.1,-0.1,2.7777777777777777,2.7777777777777777,7.068333333333333,30.072792620299378,31.016694444444763,-0.9946194172398919,-0.00999999999999579,-0.1,-0.1,2.7777777777777777,2.7777777777777777
38,0.2,False,0,2.6000000000000045,1.0,0.0,True,2.9454218506920062,5.329087717411736,6.503113756861635,-0.47874454049503123,0.20000000000000195,-0.2,-0.2,2.7777777777777777,2.7777777777777777,2.0023628882649898,6.086544204598941,6.904668389776558,0.40545127604904163,-0.019999999999997353,-0.2,-0.2,2.7777777777777777,2.7777777777777777
38,0.30000000000000004,False,0,2.2891797354583123,1.0,0.0,True,2.8807274948769725,5.911858519583892,7.198953583468122,-0.1013377742060877,-0.41000000000000236,-0.30000000000000004,-0.30000000000000004,2.7777777777777777,2.7777777777777777,5.7634065987158625,9.808547257452386,9.090492030577845,0.07737596373070676,-0.020000000000001572,-0.30000000000000004,-0.30000000000000004,2.7777777777777777,2.7777777777777777
38,0.4,False,0,2.1921932400765387,1.0,0.0,True,2.823338278307594,5.082893503021542,7.18996662240419,-1.4431285050625116,-1.6799999999999948,-0.4,-0.4,2.7777777777777777,2.7777777777777777,8.333333333333334,15.193400382569084,15.777777777777775,-0.018912512995762354,-6.661338147750939e-16,-0.4,-0.4,2.7777777777777777,2.7777777777777777
38,0.5,False,0,2.3968533507976595,1.0,0.0,True,2.8980514069026713,5.845545949814917,7.35971863254368,-1.785063425448072,-1.85,0.0,0.0,2.7777777777777777,2.7777777777777777,8.333333333333334,19.59877922330657,20.222222222222225,-0.9623382778420626,0.0,-0.5,-0.5,2.7777777777777777,2.7777777777777777
38,0.6000000000000001,False,0,2.4991834061582208,1.0,0.0,True,2.9443630519863127,5.334225342030021,7.258623606562762,-1.7819673675273089,-1.8599999999999959,0.0,0.0,2.7777777777777777,2.7777777777777777,8.333333333333334,22.934213924020227,23.0,-0.35422952547061515,-0.019999999999999574,-0.6000000000000001,-0.6000000000000001,2.7777777777777777,2.7777777777777777
38,0.7000000000000001,False,0,2.4991834061582208,1.0,0.0,True,2.777860335423916,6.232856867775344,7.080540077640312,-1.1775297827633442,-1.899999999999999,0.0,0.0,2.7777777777777777,2.7777777777777777,8.333333333333334,26.885563955501773,25.22222222222222,0.7763400719247149,-0.009999999999999343,-0.7000000000000001,-0.7000000000000001,2.7777777777777777,2.7777777777777777
38,0.8,False,0,2.6015134615187803,1.0,0.0,True,2.875037698478365,4.951950133663861,7.029589713768158,-1.5023673953541725,-1.8799999999999994,0.0,0.0,2.7777777777777777,2.7777777777777777,8.333333333333334,25.79782963854584,26.888888888888882,-0.5079983172480049,-2.220446049250313e-16,-0.8,-0.8,2.7777777777777777,2.7777777777777777
38,0.9,False,0,2.6015134615187803,1.0,0.0,True,2.8728510285494413,5.191971096005102,7.071784137414238,-0.24684831655274442,-1.8900000000000028,0.0,0.0,2.7777777777777777,2.7777777777777777,8.333333333333334,26.75640059605587,27.999999999999996,0.4647713956767072,-0.02000000000000024,-0.9,-0.9,2.7777777777777777,2.7777777777777777
38,1.0,False,0,2.3968533507976595,1.0,0.0,True,2.7860298793726366,6.06806192600168,7.211484830218088,-0.29070567858205676,-1.7999999999999998,0.0,0.0,2.7777777777777777,2.7777777777777777,8.333333333333334,28.361925637122138,29.111111111111104,-1.5166572690820352,0.0,-1.0,-1.0,2.7777777777777777,2.7777777777777777
38,1.1,False,0,2.6015134615187803,1.0,0.0,True,2.871216269883277,5.51063725623941,7.549741785365325,-1.8365811016893334,-1.8799999999999981,0.0,0.0,2.7777777777777777,2.7777777777777777,8.333333333333334,28.321581096179184,29.66666666666666,1.2447592384803463,-0.0499999999999996,-1.1,-1.1,2.7777777777777777,2.7777777777777777
38,1.2000000000000002,False,0,2.294523295437099,1.0,0.0,True,2.9132062212612535,5.181542084366517,6.791882004249726,-0.375941967300107,-1.7999999999999998,0.0,0.0,2.7777777777777777,2.7777777777777777,8.333333333333334,30.40017985319778,30.22222222222221,-0.7465259638412589,-0.07999999999999963,-1.2000000000000002,-1.2000000000000002,2.7777777777777777,2.7777777777777777
38,1.3,False,0,2.4991834061582208,1.0,0.0,True,2.8436508952851023,5.322777933682819,7.175879876728676,-1.4643062789110355,-1.8899999999999997,0.0,0.0,2.7777777777777777,2.7777777777777777,8.333333333333334,29.766637428497024,30.777777777777775,0.8555616537690462,-0.09000000000000008,-1.3,-1.3,2.7777777777777777,2.7777777777777777
38,1.4000000000000001,False,0,2.294523295437099,1.0,0.0,True,3.046343917547835,3.8275416052570437,7.2631105178345665,-1.363372825230554,-1.8999999999999986,0.0,0.0,2.7777777777777777,2.7777777777777777,8.333333333333334,31.148871176510898,31.333333333333332,0.07479787969073026,-0.08000000000000007,-1.4000000000000001,-1.4000000000000001,2.7777777777777777,2.7777777777777777
38,1.5,False,0,2.4991834061582208,1.0,0.0,True,2.858797252074989,6.111092887909064,7.571751066061435,-1.7418662762317711,-1.7999999999999998,0.0,0.0,2.7777777777777777,2.7777777777777777,8.333333333333334,30.725462545848305,31.88888888888889,-0.7323686841348243,-0.04999999999999982,-1.5,-1.5,2.7777777777777777,2.7777777777777777
38,1.6,False,0,2.4991834061582208,1.0,0.0,True,2.8156117948576833,3.913048223383794,7.129706896737422,-1.8773865981092246,-1.879999999999999,0.0,0.0,2.7777777777777777,2.7777777777777777,8.333333333333334,31.714117308197967,31.88888888888889,-0.2891522808935685,-0.1599999999999997,-1.6,-1.6,2.7777777777777777,2.7777777777777777
38,1.7000000000000002,False,0,2.6015134615187803,1.0,0.0,True,2.926851589294841,5.764942503952466,6.863070089009381,-0.8385761602634838,-1.8300000000000005,0.0,0.0,2.7777777777777777,2.7777777777777777,8.333333333333334,33.29154856673247,32.44444444444444,0.008730679938944164,-0.09999999999999964,-1.7000000000000002,-1.7000000000000002,2.7777777777777777,2.7777777777777777
39,0.0,False,0,4.0,1.0,1.0,True,8.333333333333334,-3.6566545369476158,-4.266666666666569,0.8830253169092592,1.6,0.0,0.0,2.7777777777777777,2.7777777777777777,,,,,,,,,
39,0.1,False,0,4.0,1.0,1.0,True,7.574333333333334,-2.86771167604316,-4.0929833333334384,1.1260588402880805,0.8200000000000012,-0.1,-0.1,2.7777777777777777,2.7777777777777777,7.574333333333334,35.8245180842796,35.30439444444505,-0.24904094414806455,-0.00999999999999579,-0.1,-0.1,2.7777777777777777,2.7777777777777777
39,0.2,False,0,2.1000000000000063,1.0,0.0,True,2.9079598769484045,5.62749217525877,5.347785445461246,-0.16439222422787436,0.22000000000000197,-0.2,-0.2,2.7777777777777777,2.7777777777777777,1.595439431876988,7.205221920896936,6.514402303963327,-1.5029291737670434,-0.019999999999997353,-0.2,-0.2,2.7777777777777777,2.7777777777777777
39,0.30000000000000004,False,0,2.069397173643865,1.0,0.0,True,2.8588039922436064,4.042820050138585,6.839801707900624,-0.9393435701410803,-0.5300000000000029,-0.30000000000000004,-0.30000000000000004,2.7777777777777777,2.7777777777777777,6.774333333333333,9.962274009938309,9.398299999999974,1.5410527435247041,-0.020000000000001572,-0.30000000000000004,-0.30000000000000004,2.7777777777777777,2.7777777777777777
39,0.4,False,0,2.378717395086107,1.0,0.0,True,2.9566175152183716,5.609856625246256,7.336755754674937,-0.9808178363981009,-1.5599999999999952,-0.4,-0.4,2.7777777777777777,2.7777777777777777,8.333333333333334,16.87130065667863,16.777777777777775,-0.7993556572192544,-6.661338147750939e-16,-0.4,-0.4,2.7777777777777777,2.7777777777777777
39,0.5,False,0,2.5810474504466674,1.0,0.0,True,2.794953876957781,6.381509808500039,7.217311799005299,-1.5914460931736505,-1.85,0.0,0.0,2.7777777777777777,2.7777777777777777,8.333333333333334,21.36839194331591,21.222222222222225,0.23623675512613085,0.0,-0.5,-0.5,2.7777777777777777,2.7777777777777777
39,0.6000000000000001,False,0,2.478717395086107,1.0,0.0,True,2.814534272354311,6.185798729289172,7.5894159937104435,-0.20097375598566503,-1.8599999999999959,0.0,0.0,2.7777777777777777,2.7777777777777777,8.333333333333334,23.815716009186936,24.0,0.5847231116714955,-0.019999999999999574,-0.6000000000000001,-0.6000000000000001,2.7777777777777777,2.7777777777777777
39,0.7000000000000001,False,0,2.683377505807229,1.0,0.0,True,2.8075982848401706,5.162077077673186,7.634632045328087,-1.5956258073948155,-1.899999999999999,0.0,0.0,2.7777777777777777,2.7777777777777777,8.333333333333334,24.408037644554156,26.22222222222222,0.5636494154978027,-0.009999999999999343,-0.7000000000000001,-0.7000000000000001,2.7777777777777777,2.7777777777777777
39,0.8,False,0,2.5810474504466674,1.0,0.0,True,2.84506248785923,4.972505837984497,7.2237641781513675,-1.4069056482995683,-1.8799999999999994,0.0,0.0,2.7777777777777777,2.7777777777777777,8.333333333333334,29.734123565617434,27.888888888888882,-1.6109287743356115,-2.220446049250313e-16,-0.8,-0.8,2.7777777777777777,2.7777777777777777
39,0.9,False,0,2.5810474504466674,1.0,0.0,True,2.8135015229293154,5.895423750857003,7.747700288931303,-1.3112693532033464,-1.8900000000000028,0.0,0.0,2.7777777777777777,2.7777777777777777,8.333333333333334,28.61436310944833,28.999999999999996,1.6278469582926136,-0.02000000000000024,-0.9,-0.9,2.7777777777777777,2.7777777777777777
39,1.0,False,0,2.5810474504466674,1.0,0.0,True,2.924880149365354,5.381187403191608,6.967302256854322,-0.6893614112039681,-1.7999999999999998,0.0,0.0,2.7777777777777777,2.7777777777777777,8.333333333333334,30.408720908956386,30.111111111111104,0.5729339691628677,0.0,-1.0,-1.0,2.7777777777777777,2.7777777777777777
39,1.1,False,0,2.478717395086107,1.0,0.0,True,2.7803058352244356,5.293056116507697,7.187370810214074,-0.34027044852687305,-1.8799999999999981,0.0,0.0,2.7777777777777777,2.7777777777777777,8.333333333333334,31.469221620203218,30.66666666666666,-0.18790995941426658,-0.0499999999999996,-1.1,-1.1,2.7777777777777777,2.7777777777777777
39,1.2000000000000002,False,0,2.2740572843649867,1.0,0.0,True,3.0295508452059488,5.340330152712494,7.29392949015475,-0.9616420394492675,-1.7999999999999998,0.0,0.0,2.7777777777777777,2.7777777777777777,8.333333333333334,32.01971839626215,31.22222222222221,-0.7206048254518707,-0.07999999999999963,-1.2000000000000002,-1.2000000000000002,2.7777777777777777,2.7777777777777777
39,1.3,False,0,2.478717395086107,1.0,0.0,True,2.797603173049595,4.80008426350629,6.777771540986035,-0.49806438690665833,-1.8899999999999997,0.0,0.0,2.7777777777777777,2.7777777777777777,8.333333333333334,32.186172322575,31.777777777777775,-0.11990081805467079,-0.09000000000000008,-1.3,-1.3,2.7777777777777777,2.7777777777777777
39,1.4000000000000001,False,0,2.2740572843649867,1.0,0.0,True,2.9705615498654083,4.902801752187568,7.137643212523547,-0.7998641238464932,-1.8999999999999986,0.0,0.0,2.7777777777777777,2.7777777777777777,8.333333333333334,33.14625590599526,32.333333333333336,1.0525860652211794,-0.08000000000000007,-1.4000000000000001,-1.4000000000000001,2.7777777777777777,2.7777777777777777
39,1.5,False,0,2.1717272290044263,1.0,0.0,True,2.796683090805576,6.168047023377182,7.123696771145615,-0.5696111229408842,-1.7999999999999998,0.0,0.0,2.7777777777777777,2.7777777777777777,8.333333333333334,33.061891339500335,32.88888888888889,0.771857892099499,-0.04999999999999982,-1.5,-1.5,2.7777777777777777,2.7777777777777777
39,1.6,False,0,2.478717395086107,1.0,0.0,True,2.8897376996237627,4.0063095015391115,7.184972114068413,-1.7734322222961423,-1.879999999999999,0.0,0.0,2.7777777777777777,2.7777777777777777,8.333333333333334,33.59849327970323,32.88888888888889,1.0877780142767945,-0.1599999999999997,-1.6,-1.6,2.7777777777777777,2.7777777777777777
39,1.7000000000000002,False,0,2.5810474504466674,1.0,0.0,True,2.8006856700533707,5.679843730843619,7.558773152340419,-1.4599437247483138,-1.8300000000000005,0.0,0.0,2.7777777777777777,2.7777777777777777,8.333333333333334,32.50100672806711,33.44444444444444,-1.559889929313842,-0.09999999999999964,-1.7000000000000002,-1.7000000000000002,2.7777777777777777,2.7777777777777777
40,0.0,False,0,4.0,1.0,1.0,True,8.333333333333334,-3.1073028321050087,-4.155555555555455,2.86024864496459,1.6,0.0,0.0,2.7777777777777777,2.7777777777777777,,,,,,,,,
40,0.1,False,0,4.0,1.0,1.0,True,7.574333333333334,-4.252274814037025,-4.064944444444552,0.4555080575304875,0.8000000000000012,-0.1,-0.1,2.7777777777777777,2.7777777777777777,7.574333333333334,34.5190678704226,34.31704444444503,0.1585748834990004,-0.00999999999999579,-0.1,-0.1,2.7777777777777777,2.7777777777777777
40,0.2,False,0,1.500000000000008,1.0,1.0,True,2.868333333333332,4.4245815984315415,3.3537388888888247,-0.9903762406170886,0.12000000000000233,-0.2,-0.2,2.7777777777777777,2.7777777777777777,2.2832659813259486,2.6170883680071997,3.574631059514087,1.285015902532987,-0.019999999999997353,-0.2,-0.2,2.7777777777777777,2.7777777777777777
40,0.30000000000000004,False,0,2.560581439374555,1.0,0.0,True,2.9996275530537293,5.333291155694714,7.423956532031217,-0.90578192044138,-0.7100000000000031,-0.30000000000000004,-0.30000000000000004,2.7777777777777777,2.7777777777777777,6.340513154747419,9.872671736834842,10.800560596411348,-0.674198327047618,-0.020000000000001572,-0.30000000000000004,-0.30000000000000004,2.7777777777777777,2.7777777777777777
40,0.4,False,0,2.4582513840139946,1.0,0.0,True,2.875125461911755,3.761096113120918,7.400304196002129,1.3267411252441375,-1.5999999999999948,-0.4,-0.4,2.7777777777777777,2.7777777777777777,8.333333333333334,20.496433801184015,17.777777777777775,-0.3257580980305377,-6.661338147750939e-16,-0.4,-0.4,2.7777777777777777,2.7777777777777777
40,0.5,False,0,2.4582513840139946,1.0,0.0,True,2.897861425723214,4.965668839101466,7.21377839126333,-0.9721749636300675,-1.85,0.0,0.0,2.7777777777777777,2.7777777777777777,8.333333333333334,23.072255443896363,22.222222222222225,-0.3893509286295207,0.0,-0.5,-0.5,2.7777777777777777,2.7777777777777777
40,0.6000000000000001,False,0,2.6629114947351153,1.0,0.0,True,2.9223155132054535,5.599876921564946,7.450330118492407,-0.22769388094350584,-1.8599999999999959,0.0,0.0,2.7777777777777777,2.7777777777777777,8.333333333333334,24.54551026434281,25.0,-0.03887788154772864,-0.019999999999999574,-0.6000000000000001,-0.6000000000000001,2.7777777777777777,2.7777777777777777
40,0.7000000000000001,False,0,2.4582513840139946,1.0,0.0,True,2.880963025270125,6.009053506501897,7.532114814545676,-1.7238246919778628,-1.899999999999999,0.0,0.0,2.7777777777777777,2.7777777777777777,8.333333333333334,25.789695755776442,27.22222222222222,-1.002381912802562,-0.009999999999999343,-0.7000000000000001,-0.7000000000000001,2.7777777777777777,2.7777777777777777
40,0.8,False,0,2.560581439374555,1.0,0.0,True,2.920426103455601,5.1530257418339405,7.351239775137384,-0.4541604224660236,-1.8799999999999994,0.0,0.0,2.7777777777777777,2.7777777777777777,8.333333333333334,29.16738646156823,28.888888888888882,-0.24112083574226828,-2.220446049250313e-16,-0.8,-0.8,2.7777777777777777,2.7777777777777777
40,0.9,False,0,2.4582513840139946,1.0,0.0,True,2.8155430618486883,5.903479866114343,7.3256473179428285,-1.583672250094038,-1.8900000000000028,0.0,0.0,2.7777777777777777,2.7777777777777777,8.333333333333334,28.225158450128557,29.999999999999996,0.3710722889433762,-0.02000000000000024,-0.9,-0.9,2.7777777777777777,2.7777777777777777
40,1.0,False,0,2.560581439374555,1.0,0.0,True,2.933183109090525,5.6506519941725815,7.024539455455856,-0.7851898190289737,-1.7999999999999998,0.0,0.0,2.7777777777777777,2.7777777777777777,8.333333333333334,31.53769342429398,31.111111111111104,0.035003791451171384,0.0,-1.0,-1.0,2.7777777777777777,2.7777777777777777
40,1.1,False,0,2.560581439374555,0.9700961624880321,0.0,True,2.8187024580838225,4.640734847659798,7.256766137689934,-1.1845443336497552,-1.8799999999999981,0.0,0.0,2.7777777777777777,2.7777777777777777,8.333333333333334,30.40444706397876,31.66666666666666,1.557118454229903,-0.0499999999999996,-1.1,-1.1,2.7777777777777777,2.7777777777777777
40,1.2000000000000002,False,0,2.355921328653434,1.0,0.0,True,2.779488903718443,5.280407537100982,7.316129800441328,-0.25492320927416645,-1.7999999999999998,0.0,0.0,2.7777777777777777,2.7777777777777777,8.333333333333334,32.81375085471133,32.222222222222214,-0.23943416510926419,-0.07999999999999963,-1.2000000000000002,-1.2000000000000002,2.7777777777777777,2.7777777777777777
40,1.3,False,0,2.355921328653434,1.0,0.0,True,2.7901456691034414,4.735892501127009,7.050277420497122,-1.545788348056286,-1.8899999999999997,0.0,0.0,2.7777777777777777,2.7777777777777777,8.333333333333334,33.59479893086927,32.77777777777778,0.9921599437893516,-0.09000000000000008,-1.3,-1.3,2.7777777777777777,2.7777777777777777
40,1.4000000000000001,False,0,2.355921328653434,1.0,0.0,True,2.857967413275213,5.713080494193915,7.267640720618016,-0.3159590797663505,-1.8999999999999986,0.0,0.0,2.7777777777777777,2.7777777777777777,8.333333333333334,33.580567409128584,33.333333333333336,0.5703097780075654,-0.08000000000000007,-1.4000000000000001,-1.4000000000000001,2.7777777777777777,2.7777777777777777
40,1.5,False,0,2.4582513840139946,1.0,0.0,True,2.917617093156473,4.507499353342792,7.028083391991456,-1.7229563681201707,-1.7999999999999998,0.0,0.0,2.7777777777777777,2.7777777777777777,8.333333333333334,34.84731444891184,33.88888888888889,1.2048626403765925,-0.04999999999999982,-1.5,-1.5,2.7777777777777777,2.7777777777777777
40,1.6,False,0,2.355921328653434,1.0,0.0,True,2.818371596082754,5.067463180898945,7.151384755485123,-1.2182970540336018,-1.879999999999999,0.0,0.0,2.7777777777777777,2.7777777777777777,8.333333333333334,32.89060563660606,33.88888888888889,0.26959723477115727,-0.1599999999999997,-1.6,-1.6,2.7777777777777777,2.7777777777777777
40,1.7000000000000002,False,0,2.1512612179323125,1.0,0.0,True,2.836790075937737,5.128872497094673,7.282994330437245,-1.6461273953446665,-1.8300000000000005,0.0,0.0,2.7777777777777777,2.7777777777777777,8.333333333333334,33.05792889147932,34.44444444444444,-1.5453347613112371,-0.09999999999999964,-1.7000000000000002,-1.7000000000000002,2.7777777777777777,2.7777777777777777
41,0.0,False,0,4.0,1.0,1.0,True,8.333333333333334,-3.3043534817132096,-4.044444444444355,1.8602795014966746,1.6,0.0,0.0,2.7777777777777777,2.7777777777777777,,,,,,,,,
41,0.1,False,0,4.0,1.0,1.0,True,8.333333333333334,-3.5745730473586432,-4.044444444444355,1.1521800703174283,0.7800000000000016,-0.1,-0.1,2.7777777777777777,2.7777777777777777,8.333333333333334,39.50020024370784,39.844444444444335,1.3697703584983345,-0.00999999999999579,-0.1,-0.1,2.7777777777777777,2.7777777777777777
41,0.2,False,0,1.2716575946600723,1.0,1.0,True,3.047833333333331,2.6409129055514002,2.794227777777704,0.22871365129964438,0.08000000000000229,-0.2,-0.2,2.7777777777777777,2.7777777777777777,1.4478333333333313,4.5029315848605735,3.1391999999999145,0.8922871026196186,-0.019999999999997353,-0.2,-0.2,2.7777777777777777,2.7777777777777777
41,0.30000000000000004,False,0,1.9202824973971937,1.0,0.0,True,2.8533502723161863,5.923354078316213,6.315689283712676,-1.4393699599645389,-0.5600000000000027,-0.30000000000000004,-0.30000000000000004,2.7777777777777777,2.7777777777777777,8.333333333333334,10.767870918724878,10.999999999999961,-1.509329462315888,-0.020000000000001572,-0.30000000000000004,-0.30000000000000004,2.7777777777777777,2.7777777777777777
41,0.4,False,0,2.540115428302442,1.0,0.0,True,2.8168661510575808,5.562721549146521,7.626873271114083,-1.1423732389110675,-1.8799999999999941,-0.4,-0.4,2.7777777777777777,2.7777777777777777,8.333333333333334,17.539672462339798,18.777777777777775,1.5448479372223782,-6.661338147750939e-16,-0.4,-0.4,2.7777777777777777,2.7777777777777777
41,0.5,False,0,2.540115428302442,1.0,0.0,True,2.9491993395026017,5.7256214163242065,7.523007519551048,-0.5261224363684951,-1.85,0.0,0.0,2.7777777777777777,2.7777777777777777,8.333333333333334,22.473861490209,23.222222222222225,-1.2595695065607835,0.0,-0.5,-0.5,2.7777777777777777,2.7777777777777777
41,0.6000000000000001,False,0,2.4377853729418804,1.0,0.0,True,2.789023782203994,5.975674791940993,7.1848426123719,-1.5339054440851299,-1.8599999999999959,0.0,0.0,2.7777777777777777,2.7777777777777777,8.333333333333334,25.092910807142097,26.0,-0.9720355964952916,-0.019999999999999574,-0.6000000000000001,-0.6000000000000001,2.7777777777777777,2.7777777777777777
41,0.7000000000000001,False,0,2.540115428302442,1.0,0.0,True,2.8927325613341353,5.210619283683042,7.239625057347038,-0.8017380875048838,-1.899999999999999,0.0,0.0,2.7777777777777777,2.7777777777777777,8.333333333333334,28.481268547772526,28.222222222222225,-0.6168638338914372,-0.009999999999999343,-0.7000000000000001,-0.7000000000000001,2.7777777777777777,2.7777777777777777
41,0.8,False,0,2.3354553175813204,1.0,0.0,True,3.014047702367102,4.8546282325083725,7.194012333098027,-1.6983548963722686,-1.8799999999999994,0.0,0.0,2.7777777777777777,2.7777777777777777,8.333333333333334,27.855703767317276,29.888888888888882,0.7145922831858535,-2.220446049250313e-16,-0.8,-0.8,2.7777777777777777,2.7777777777777777
41,0.9,False,0,2.731521527734407,1.0,0.0,True,2.868026279208553,5.558462087389192,7.5331215943771825,-1.8592958612778958,-1.8900000000000028,0.0,0.0,2.7777777777777777,2.7777777777777777,8.333333333333334,31.252555857181658,30.999999999999996,-0.3900746167967961,-0.02000000000000024,-0.9,-0.9,2.7777777777777777,2.7777777777777777
41,1.0,False,0,2.540115428302442,1.0,0.0,True,2.80098112830448,6.2840376775964275,7.088895133885811,-1.3337901284270874,-1.7999999999999998,0.0,0.0,2.7777777777777777,2.7777777777777777,8.333333333333334,31.081597096240817,32.11111111111111,-0.8507635007993113,0.0,-1.0,-1.0,2.7777777777777777,2.7777777777777777
41,1.1,False,0,2.4377853729418804,1.0,0.0,True,2.862713383066879,5.991747372032212,7.284216953870275,-1.440102583834058,-1.8799999999999981,0.0,0.0,2.7777777777777777,2.7777777777777777,8.333333333333334,31.024166623980204,32.666666666666664,0.25279662996944774,-0.0499999999999996,-1.1,-1.1,2.7777777777777777,2.7777777777777777
41,1.2000000000000002,False,0,2.6424454836630025,1.0,0.0,True,2.8797466884748593,5.4071984207520005,7.094931891404959,-1.806978049033047,-1.7999999999999998,0.0,0.0,2.7777777777777777,2.7777777777777777,8.333333333333334,32.45539708274393,33.222222222222214,1.6444782982792914,-0.07999999999999963,-1.2000000000000002,-1.2000000000000002,2.7777777777777777,2.7777777777777777
41,1.3,False,0,2.6424454836630025,1.0,0.0,True,2.8953277493530134,5.6483244304464195,6.813141519878823,-0.6500773644259226,-1.8899999999999997,0.0,0.0,2.7777777777777777,2.7777777777777777,8.333333333333334,33.45041162565882,33.77777777777778,-1.6869708058398132,-0.09000000000000008,-1.3,-1.3,2.7777777777777777,2.7777777777777777
41,1.4000000000000001,False,0,2.4377853729418804,1.0,0.0,True,2.7955718731456964,4.593610663121493,7.585011208490141,-0.9865578479422678,-1.8999999999999986,0.0,0.0,2.7777777777777777,2.7777777777777777,8.333333333333334,33.142542329494525,34.333333333333336,0.4699968832647632,-0.08000000000000007,-1.4000000000000001,-1.4000000000000001,2.7777777777777777,2.7777777777777777
41,1.5,False,0,2.3354553175813204,1.0,0.0,True,2.877670850188929,5.525547452573702,7.091075372986492,-1.5968253932925371,-1.7999999999999998,0.0,0.0,2.7777777777777777,2.7777777777777777,8.333333333333334,34.82421444422011,34.88888888888889,-0.9156443249492143,-0.04999999999999982,-1.5,-1.5,2.7777777777777777,2.7777777777777777
41,1.6,False,0,2.4377853729418804,1.0,0.0,True,2.952812581078154,4.8931224804801845,6.968814726827159,-0.9769573778100273,-1.879999999999999,0.0,0.0,2.7777777777777777,2.7777777777777777,8.333333333333334,35.109935404433095,34.88888888888889,1.0044414478041834,-0.1599999999999997,-1.6,-1.6,2.7777777777777777,2.7777777777777777
41,1.7000000000000002,False,0,2.142278010926374,1.0,0.0,True,2.8231304495571496,6.139685592076487,6.737531126768173,-1.6862240010717728,-1.8300000000000005,0.0,0.0,2.7777777777777777,2.7777777777777777,8.333333333333334,35.3343161569895,35.44444444444444,0.15476000888136854,-0.09999999999999964,-1.7000000000000002,-1.7000000000000002,2.7777777777777777,2.7777777777777777
42,0.0,False,0,4.0,1.0,1.0,True,8.333333333333334,-3.0776794242572008,-4.111111111111188,0.5140392292818352,1.6,0.0,0.0,2.7777777777777777,2.7777777777777777,,,,,,,,,
42,0.1,False,0,4.0,1.0,1.0,True,2.868333333333335,-3.865705303696802,-2.072738888888952,0.4973703034828114,0.7200000000000015,-0.1,-0.1,2.7777777777777777,2.7777777777777777,0.09228935527024401,12.07486799722788,12.764755080970172,-0.763332245924671,-0.00999999999999579,-0.1,-0.1,2.7777777777777777,2.7777777777777777
42,0.2,False,0,0.6660091751998385,1.0,1.0,True,3.121333333333332,1.2269292462107346,1.092699999999927,0.6266000424321807,-0.019999999999997353,-0.2,-0.2,2.7777777777777777,2.7777777777777777,3.121333333333332,1.2269292462107346,1.092699999999927,0.6266000424321807,-0.019999999999997353,-0.2,-0.2,2.7777777777777777,2.7777777777777777
42,0.30000000000000004,False,0,2.3176191248349434,1.0,0.0,True,2.848936053762537,5.402649425857892,6.733369349864678,-1.8546051987282717,-0.8600000000000034,-0.30000000000000004,-0.30000000000000004,2.7777777777777777,2.7777777777777777,7.953833333333334,11.069666578205716,12.075899999999965,-0.034509825517178294,-0.020000000000001572,-0.30000000000000004,-0.30000000000000004,2.7777777777777777,2.7777777777777777
42,0.4,False,0,2.5196494172303283,1.0,0.0,True,2.8730543617796034,5.733893941322106,7.306340941370789,-1.465655313434897,-1.880000000000006,0.0,0.0,2.7777777777777777,2.7777777777777777,8.333333333333334,16.783058596172975,19.777777777777775,0.01862298661949713,-6.661338147750939e-16,-0.4,-0.4,2.7777777777777777,2.7777777777777777
42,0.5,False,0,2.5738278233689607,1.0,0.0,True,2.8472639720954236,5.603997783710175,7.293901860854565,-1.0968293761493686,-1.85,0.0,0.0,2.7777777777777777,2.7777777777777777,8.333333333333334,23.55804533074537,24.222222222222225,-0.8649701373353,0.0,-0.5,-0.5,2.7777777777777777,2.7777777777777777
42,0.6000000000000001,False,0,2.7243095279514504,1.0,0.0,True,2.8078367139307083,5.26900959886751,7.2994510403415065,-0.49748884230583057,-1.8599999999999959,0.0,0.0,2.7777777777777777,2.7777777777777777,8.333333333333334,27.092662571316218,27.0,0.2568014533718235,-0.019999999999999574,-0.6000000000000001,-0.6000000000000001,2.7777777777777777,2.7777777777777777
42,0.7000000000000001,False,0,2.417319361869768,1.0,0.0,True,2.929540644275721,5.604070318047552,7.124209086527789,-1.7156633824603187,-1.899999999999999,0.0,0.0,2.7777777777777777,2.7777777777777777,8.333333333333334,29.366654321137286,29.222222222222225,0.4083788482065578,-0.009999999999999343,-0.7000000000000001,-0.7000000000000001,2.7777777777777777,2.7777777777777777
42,0.8,False,0,2.5196494172303283,1.0,0.0,True,2.787212749993381,5.425024297460337,7.859359574210342,-0.6227424252110294,-1.8799999999999994,0.0,0.0,2.7777777777777777,2.7777777777777777,8.333333333333334,30.942866075570894,30.888888888888882,-0.11643054645164508,-2.220446049250313e-16,-0.8,-0.8,2.7777777777777777,2.7777777777777777
42,0.9,False,0,2.417319361869768,1.0,0.0,True,2.806759910027402,6.331535235540646,7.323003073374399,-1.183067852934065,-1.8900000000000028,0.0,0.0,2.7777777777777777,2.7777777777777777,8.333333333333334,31.178112876228933,31.999999999999996,0.397516991692235,-0.02000000000000024,-0.9,-0.9,2.7777777777777777,2.7777777777777777
42,1.0,False,0,2.5196494172303283,1.0,0.0,True,2.801804179791365,5.824662729285817,7.515525313271863,-0.8190680978576317,-1.7999999999999998,0.0,0.0,2.7777777777777777,2.7777777777777777,8.333333333333334,35.47954266590503,33.11111111111111,-0.28718710192667607,0.0,-1.0,-1.0,2.7777777777777777,2.7777777777777777
42,1.1,False,0,2.417319361869768,1.0,0.0,True,2.7917616758353447,6.167260731900481,7.258118590310869,-0.5833716517753496,-1.8799999999999981,0.0,0.0,2.7777777777777777,2.7777777777777777,8.333333333333334,33.79266708493586,33.666666666666664,-1.711340379935342,-0.0499999999999996,-1.1,-1.1,2.7777777777777777,2.7777777777777777
42,1.2000000000000002,False,0,2.0208116433577605,1.0,0.0,True,2.8674129984034518,5.629035392381515,6.791411545026894,-1.880636805316987,-1.7999999999999998,0.0,0.0,2.7777777777777777,2.7777777777777777,8.333333333333334,34.83194601187624,34.222222222222214,1.4510470052404654,-0.07999999999999963,-1.2000000000000002,-1.2000000000000002,2.7777777777777777,2.7777777777777777
42,1.3,False,0,2.5196494172303283,1.0,0.0,True,2.87687820191412,5.4912147302702765,6.960927295072925,-1.385244796731954,-1.8899999999999997,0.0,0.0,2.7777777777777777,2.7777777777777777,8.333333333333334,34.872542719760204,34.77777777777778,0.5259294445806355,-0.09000000000000008,-1.3,-1.3,2.7777777777777777,2.7777777777777777
42,1.4000000000000001,False,0,2.2126592511486476,1.0,0.0,True,2.990632350103098,5.201977131786092,6.993210856212468,-1.3594612169850082,-1.8999999999999986,0.0,0.0,2.7777777777777777,2.7777777777777777,8.333333333333334,33.67522180294724,35.333333333333336,-0.09462773773154254,-0.08000000000000007,-1.4000000000000001,-1.4000000000000001,2.7777777777777777,2.7777777777777777
42,1.5,False,0,2.314989306509208,1.0,0.0,True,2.951735734050319,5.6766042015275575,7.2527272903724525,-1.6770107407106478,-1.7999999999999998,0.0,0.0,2.7777777777777777,2.7777777777777777,8.333333333333334,34.042020577032616,35.88888888888889,-0.015213632766237328,-0.04999999999999982,-1.5,-1.5,2.7777777777777777,2.7777777777777777
42,1.6,False,0,2.5196494172303283,1.0,0.0,True,2.962310456463058,5.517019875390756,7.113229355163225,-1.8970990131943266,-1.879999999999999,0.0,0.0,2.7777777777777777,2.7777777777777777,8.333333333333334,35.96446980426697,35.88888888888889,-0.472897356744292,-0.1599999999999997,-1.6,-1.6,2.7777777777777777,2.7777777777777777
42,1.7000000000000002,False,0,2.7243095279514504,0.9951209229898749,0.0,True,2.8661860157213006,5.971569360523351,7.666762498867134,-1.7092699005657979,-1.8300000000000005,0.0,0.0,2.7777777777777777,2.7777777777777777,8.333333333333334,35.8050224946284,36.44444444444444,0.993329142781151,-0.09999999999999964,-1.7000000000000002,-1.7000000000000002,2.7777777777777777,2.7777777777777777
43,0.0,False,0,4.0,1.0,1.0,True,8.333333333333334,-4.182500900741192,-4.222222222222302,1.1961683509757117,1.6,0.0,0.0,2.7777777777777777,2.7777777777777777,,,,,,,,,
43,0.1,False,0,4.0,1.0,1.0,True,6.468333333333334,-2.787051100456881,-4.1441555555554315,-0.9102918437171159,0.7100000000000017,-0.1,-0.1,2.7777777777777777,2.7777777777777777,6.468333333333334,23.65821309305522,22.427844444444627,0.5768878780443143,-0.00999999999999579,-0.1,-0.1,2.7777777777777777,2.7777777777777777
43,0.2,False,0,2.384090757859261,1.0,0.0,True,3.0464401906018415,5.2490258131926355,7.4471411786504165,-0.047312282095288705,0.060000000000002274,-0.2,-0.2,2.7777777777777777,2.7777777777777777,2.770786319262929,7.455346973872342,7.449937762056341,1.2197073485980003,-0.019999999999997353,-0.2,-0.2,2.7777777777777777,2.7777777777777777
43,0.30000000000000004,False,0,2.499183406158216,1.0,0.0,True,2.8570220038461684,5.966325676516502,7.597626690715967,-0.32704262988227883,-0.980000000000004,-0.30000000000000004,-0.30000000000000004,2.7777777777777777,2.7777777777777777,7.953833333333334,12.317253899310057,13.050599999999964,-0.7263988802041865,-0.020000000000001572,-0.30000000000000004,-0.30000000000000004,2.7777777777777777,2.7777777777777777
43,0.4,False,0,2.7038435168793367,1.0,0.0,True,2.7838771354880256,6.363722397384703,7.285452941520913,-1.8468419742093425,-1.880000000000006,-0.4,0.0,2.7777777777777777,2.7777777777777777,8.333333333333334,20.603839027139397,20.777777777777775,1.684390460966458,-6.661338147750939e-16,-0.4,-0.4,2.7777777777777777,2.7777777777777777
43,0.5,False,0,2.2945232954370938,1.0,0.0,True,2.825297459282623,4.495950818207878,7.197362838821481,-0.961783809376356,-1.85,0.0,0.0,2.7777777777777777,2.7777777777777777,8.333333333333334,25.59555458789961,25.222222222222225,-0.0852252102651605,0.0,-0.5,-0.5,2.7777777777777777,2.7777777777777777
43,0.6000000000000001,False,0,2.3968533507976555,1.0,0.0,True,2.9647093522728465,5.393005685209634,7.3771510453568725,-1.6523872650489797,-1.8599999999999959,0.0,0.0,2.7777777777777777,2.7777777777777777,8.333333333333334,28.591566472273424,27.999999999999996,0.6163421189750968,-0.019999999999999574,-0.6000000000000001,-0.6000000000000001,2.7777777777777777,2.7777777777777777
43,0.7000000000000001,False,0,2.6015134615187763,1.0,0.0,True,2.8723039513167166,5.143778986645747,6.838860890742258,-1.0221324776091705,-1.899999999999999,0.0,0.0,2.7777777777777777,2.7777777777777777,8.333333333333334,29.63138599636849,30.222222222222225,0.43172288049146834,-0.009999999999999343,-0.7000000000000001,-0.7000000000000001,2.7777777777777777,2.7777777777777777
43,0.8,False,0,2.3968533507976555,1.0,0.0,True,2.8322872227596445,6.203078406805628,6.849089657159323,-1.671365406908632,-1.8799999999999994,0.0,0.0,2.7777777777777777,2.7777777777777777,8.333333333333334,31.516676291590546,31.888888888888882,0.8253967931077595,-2.220446049250313e-16,-0.8,-0.8,2.7777777777777777,2.7777777777777777
43,0.9,False,0,2.499183406158216,1.0,0.0,True,2.98091701561041,4.814485151337171,7.690229586590736,-0.5600393071267902,-1.8900000000000028,0.0,0.0,2.7777777777777777,2.7777777777777777,8.333333333333334,31.937049447272724,33.0,0.6565849612186581,-0.02000000000000024,-0.9,-0.9,2.7777777777777777,2.7777777777777777
43,1.0,False,0,2.499183406158216,1.0,0.0,True,2.8157280687196495,6.018446744179525,7.541325628373994,-1.5282545955253217,-1.7999999999999998,0.0,0.0,2.7777777777777777,2.7777777777777777,8.333333333333334,32.918316811202615,34.11111111111111,0.3108759308018336,0.0,-1.0,-1.0,2.7777777777777777,2.7777777777777777
43,1.1,False,0,2.209121059579894,1.0,0.0,True,3.095121563040702,4.65945225577303,7.437749382979956,-1.1786515294220221,-1.8799999999999981,0.0,0.0,2.7777777777777777,2.7777777777777777,8.333333333333334,32.49641874133458,34.666666666666664,-0.12625633808792802,-0.0499999999999996,-1.1,-1.1,2.7777777777777777,2.7777777777777777
43,1.2000000000000002,False,0,2.499183406158216,1.0,0.0,True,2.797315509008019,4.429551107409705,7.380310926216066,-1.1719309873499746,-1.7999999999999998,0.0,0.0,2.7777777777777777,2.7777777777777777,8.333333333333334,32.54584042639837,35.222222222222214,0.2872975369073947,-0.07999999999999963,-1.2000000000000002,-1.2000000000000002,2.7777777777777777,2.7777777777777777
43,1.3,False,0,2.3968533507976555,1.0,0.0,True,2.84028511435498,5.536988083877401,7.162221523452684,-1.3204625620423758,-1.8899999999999997,0.0,0.0,2.7777777777777777,2.7777777777777777,8.333333333333334,33.73886318204944,35.77777777777778,0.2801026915399949,-0.09000000000000008,-1.3,-1.3,2.7777777777777777,2.7777777777777777
43,1.4000000000000001,False,0,2.289179735458306,1.0,0.0,True,2.8463762979632605,5.942764914040713,7.172368510051588,-1.818054566962971,-1.8999999999999986,0.0,0.0,2.7777777777777777,2.7777777777777777,8.333333333333334,36.175469375005626,36.333333333333336,-0.46781689714608277,-0.08000000000000007,-1.4000000000000001,-1.4000000000000001,2.7777777777777777,2.7777777777777777
43,1.5,False,0,2.499183406158216,1.0,0.0,True,2.837154262432673,5.14619341346931,7.605746973877591,-1.407542232201287,-1.7999999999999998,0.0,0.0,2.7777777777777777,2.7777777777777777,8.333333333333334,35.85733937484033,36.88888888888889,-0.32666446855891396,-0.04999999999999982,-1.5,-1.5,2.7777777777777777,2.7777777777777777
43,1.6,False,0,2.3968533507976555,1.0,0.0,True,2.8236098000415844,5.791543812662458,7.213929897552551,-0.9899210795120554,-1.879999999999999,0.0,0.0,2.7777777777777777,2.7777777777777777,8.333333333333334,38.4508541780124,36.88888888888889,-0.33767795574768034,-0.1599999999999997,-1.6,-1.6,2.7777777777777777,2.7777777777777777
43,1.7000000000000002,False,0,2.6015134615187763,1.0,0.0,True,2.78894713122029,6.044958786743639,7.25351079302644,-1.7053241179500052,-1.8300000000000005,0.0,0.0,2.7777777777777777,2.7777777777777777,8.333333333333334,35.383489523246624,37.44444444444444,-0.6952426178624851,-0.09999999999999964,-1.7000000000000002,-1.7000000000000002,2.7777777777777777,2.7777777777777777
44,0.0,False,0,4.0,1.0,1.0,True,8.333333333333334,-3.9193361920326906,-4.266666666666597,2.606616691610673,1.6,0.0,0.0,2.7777777777777777,2.7777777777777777,,,,,,,,,
44,0.1,False,0,4.0,1.0,1.0,True,5.268333333333334,-3.4397573336033416,-4.250838888888938,-0.38500976494360417,0.6300000000000021,-0.1,-0.1,2.7777777777777777,2.7777777777777777,5.268333333333334,10.479201364741098,11.590394444444254,-1.3031011100098517,-0.00999999999999579,-0.1,-0.1,2.7777777777777777,2.7777777777777777
44,0.2,False,0,1.2394241237925219,1.0,1.0,True,3.068333333333331,1.6494683495854305,3.1562999999999137,-1.706356118947161,-0.019999999999997353,-0.2,-0.2,2.7777777777777777,2.7777777777777777,3.068333333333331,1.6494683495854305,3.1562999999999137,-1.706356118947161,-0.019999999999997353,-0.2,-0.2,2.7777777777777777,2.7777777777777777
44,0.30000000000000004,False,0,2.683377505807224,1.0,0.0,True,2.917883763271985,5.83227243897488,7.589309362009911,-0.18653513088215945,-1.100000000000004,-0.30000000000000004,-0.30000000000000004,2.7777777777777777,2.7777777777777777,7.953833333333334,13.417813843505233,14.050599999999964,-0.43590023103335707,-0.020000000000001572,-0.30000000000000004,-0.30000000000000004,2.7777777777777777,2.7777777777777777
44,0.4,False,0,2.581047450446664,1.0,0.0,True,2.8925212563175062,5.643856176716956,7.390340350151608,0.23167026781118993,-1.880000000000006,-0.4,0.0,2.7777777777777777,2.7777777777777777,8.333333333333334,21.60499364654091,21.777777777777775,0.46632003324613613,-6.661338147750939e-16,-0.4,-0.4,2.7777777777777777,2.7777777777777777
44,0.5,False,0,2.3763873397255417,1.0,0.0,True,2.8328291287924916,5.3169217424160395,7.564999954194616,-1.374615323646605,-1.85,0.0,0.0,2.7777777777777777,2.7777777777777777,8.333333333333334,25.891011816519804,26.222222222222225,1.1853123103844476,0.0,-0.5,-0.5,2.7777777777777777,2.7777777777777777
44,0.6000000000000001,False,0,2.4787173950861017,1.0,0.0,True,2.891344471971921,5.118954005053827,7.330676612863518,-1.7410757546882598,-1.8599999999999959,0.0,0.0,2.7777777777777777,2.7777777777777777,8.333333333333334,27.75315849977491,28.999999999999996,0.2209218087529412,-0.019999999999999574,-0.6000000000000001,-0.6000000000000001,2.7777777777777777,2.7777777777777777
44,0.7000000000000001,False,0,2.3763873397255417,1.0,0.0,True,2.948578389641243,5.478043514884267,7.579199909740031,-0.5560185124661712,-1.899999999999999,0.0,0.0,2.7777777777777777,2.7777777777777777,8.333333333333334,31.162734068710886,31.222222222222225,0.1469315367733146,-0.009999999999999343,-0.7000000000000001,-0.7000000000000001,2.7777777777777777,2.7777777777777777
44,0.8,False,0,2.581047450446664,1.0,0.0,True,2.8108744745762193,5.704303729721237,7.479692784544032,-0.479537279713119,-1.8799999999999994,0.0,0.0,2.7777777777777777,2.7777777777777777,8.333333333333334,33.005498265023974,32.888888888888886,-0.6002383742515547,-2.220446049250313e-16,-0.8,-0.8,2.7777777777777777,2.7777777777777777
44,0.9,False,0,2.2660149644420655,1.0,0.0,True,2.804221993707218,5.910783542004691,6.909444789463831,-1.0052864312013337,-1.8900000000000028,0.0,0.0,2.7777777777777777,2.7777777777777777,8.333333333333334,32.45453441702588,34.0,-0.8465391117856327,-0.02000000000000024,-0.9,-0.9,2.7777777777777777,2.7777777777777777
44,1.0,False,0,2.5134865296856477,1.0,0.0,True,2.990857825610189,4.939583441961436,7.429212004374468,-0.0031436247744263124,-1.7999999999999998,0.0,0.0,2.7777777777777777,2.7777777777777777,8.333333333333334,34.61181524058698,35.11111111111111,-1.1632563472555493,0.0,-1.0,-1.0,2.7777777777777777,2.7777777777777777
44,1.1,False,0,2.3763873397255417,1.0,0.0,True,2.8005313520981536,6.074519584477078,7.165941836236304,-1.7417083404914726,-1.8799999999999981,0.0,0.0,2.7777777777777777,2.7777777777777777,8.333333333333334,36.41525225538192,35.666666666666664,0.48260319563946474,-0.0499999999999996,-1.1,-1.1,2.7777777777777777,2.7777777777777777
44,1.2000000000000002,False,0,2.4787173950861017,1.0,0.0,True,2.8813657825688392,5.698216715297801,7.514322779438925,-0.6465153686134295,-1.7999999999999998,0.0,0.0,2.7777777777777777,2.7777777777777777,8.333333333333334,35.68796600779133,36.222222222222214,-1.2986046109013005,-0.07999999999999963,-1.2000000000000002,-1.2000000000000002,2.7777777777777777,2.7777777777777777
44,1.3,False,0,2.5600329021898482,1.0,0.0,True,2.8561952934680184,5.392574312417577,7.131327612583971,-1.8273343160271796,-1.8899999999999997,0.0,0.0,2.7777777777777777,2.7777777777777777,8.333333333333334,37.96620649457653,36.77777777777778,0.7951924281557123,-0.09000000000000008,-1.3,-1.3,2.7777777777777777,2.7777777777777777
44,1.4000000000000001,False,0,2.4787173950861017,1.0,0.0,True,2.8743105500607733,4.843600869228443,6.9751727072868634,-1.1332707472320156,-1.8999999999999986,0.0,0.0,2.7777777777777777,2.7777777777777777,8.333333333333334,37.373501584470816,37.333333333333336,-0.46047524233029047,-0.08000000000000007,-1.4000000000000001,-1.4000000000000001,2.7777777777777777,2.7777777777777777
44,1.5,False,0,2.4787173950861017,1.0,0.0,True,2.794206052616983,5.13825629426064,7.223293306922611,-0.3104392428210936,-1.7999999999999998,0.0,0.0,2.7777777777777777,2.7777777777777777,8.333333333333334,37.74164506831003,37.88888888888889,-1.6143550073687043,-0.04999999999999982,-1.5,-1.5,2.7777777777777777,2.7777777777777777
44,1.6,False,0,2.581047450446664,1.0,0.0,True,3.00653676290607,5.318092239926277,7.183110284476716,-1.4224135929657051,-1.879999999999999,0.0,0.0,2.7777777777777777,2.7777777777777777,8.333333333333334,38.632959029717036,37.88888888888889,-0.7224722164165169,-0.1599999999999997,-1.6,-1.6,2.7777777777777777,2.7777777777777777
44,1.7000000000000002,False,0,2.4787173950861017,1.0,0.0,True,2.8710126216290703,6.041875144471608,7.202887487598351,-1.6005581921894356,-1.8300000000000005,0.0,0.0,2.7777777777777777,2.7777777777777777,8.333333333333334,39.48055470329159,38.44444444444444,0.8830288464364453,-0.09999999999999964,-1.7000000000000002,-1.7000000000000002,2.7777777777777777,2.7777777777777777
45,0.0,False,0,4.0,1.0,1.0,True,8.333333333333334,-3.061915488033267,-4.155555555555497,1.2114320204655358,1.6,0.0,0.0,2.7777777777777777,2.7777777777777777,,,,,,,,,
45,0.1,False,0,4.0,1.0,1.0,True,7.068333333333333,-2.439738815136155,-4.241000000000116,2.018569555866034,0.7000000000000015,-0.1,-0.1,2.7777777777777777,2.7777777777777777,7.068333333333333,25.751655814051755,26.103944444444775,0.3249554237194281,-0.00999999999999579,-0.1,-0.1,2.7777777777777777,2.7777777777777777
45,0.2,False,0,1.9490807028088633,1.0,0.0,True,2.801525665198725,5.549959300798027,6.021826147582847,-0.22576169076045272,-0.09999999999999698,-0.2,-0.2,2.7777777777777777,2.7777777777777777,3.383291218318561,5.884968275616001,6.109788990959314,-1.2217996415675627,-0.019999999999997353,-0.2,-0.2,2.7777777777777777,2.7777777777777777
45,0.30000000000000004,False,0,2.4582513840139892,1.0,0.0,True,2.7951222768259516,5.206207635042387,7.680431919718797,-1.7022914338180273,-1.040000000000004,-0.30000000000000004,-0.30000000000000004,2.7777777777777777,2.7777777777777777,8.333333333333334,13.23805152870995,14.999999999999961,-0.6902239423033336,-0.020000000000001572,-0.30000000000000004,-0.30000000000000004,2.7777777777777777,2.7777777777777777
45,0.4,False,0,2.560581439374551,1.0,0.0,True,2.975544970343145,4.547238555126865,6.899813486648864,-1.8402166306452896,-1.880000000000006,0.0,0.0,2.7777777777777777,2.7777777777777777,8.333333333333334,22.15012493740048,22.777777777777775,1.12255915820174,-6.661338147750939e-16,-0.4,-0.4,2.7777777777777777,2.7777777777777777
45,0.5,False,0,2.4582513840139892,1.0,0.0,True,2.963536838737713,5.330773892495093,7.162063619672897,-1.8184693118607536,-1.85,0.0,0.0,2.7777777777777777,2.7777777777777777,8.333333333333334,26.09049156452615,27.222222222222225,0.30232267346836217,0.0,-0.5,-0.5,2.7777777777777777,2.7777777777777777
45,0.6000000000000001,False,0,2.35592132865343,1.0,0.0,True,2.81807992328438,4.502630425374801,7.277476006878243,-0.1467073830887724,-1.8599999999999959,0.0,0.0,2.7777777777777777,2.7777777777777777,8.333333333333334,29.395811289182642,29.999999999999996,0.7323107613970707,-0.019999999999999574,-0.6000000000000001,-0.6000000000000001,2.7777777777777777,2.7777777777777777
45,0.7000000000000001,False,0,2.66291149473511,1.0,0.0,True,2.8057239292304867,6.192165301377412,7.741624155803106,-1.0203514621106398,-1.899999999999999,0.0,0.0,2.7777777777777777,2.7777777777777777,8.333333333333334,32.548764613094605,32.22222222222223,0.6664093105659865,-0.009999999999999343,-0.7000000000000001,-0.7000000000000001,2.7777777777777777,2.7777777777777777
45,0.8,False,0,2.3582513840139905,1.0,0.0,True,2.919244713137133,5.140060675326009,7.115042306600512,-0.8210045956974397,-1.8799999999999994,0.0,0.0,2.7777777777777777,2.7777777777777777,8.333333333333334,34.13506525719836,33.888888888888886,-0.23685638477996585,-2.220446049250313e-16,-0.8,-0.8,2.7777777777777777,2.7777777777777777
45,0.9,False,0,2.35592132865343,1.0,0.0,True,2.8324851164772498,5.260169823037903,7.316041215205435,-1.6155367210548308,-1.8900000000000028,0.0,0.0,2.7777777777777777,2.7777777777777777,8.333333333333334,35.57504951989509,35.0,1.9532813381775358,-0.02000000000000024,-0.9,-0.9,2.7777777777777777,2.7777777777777777
45,1.0,False,0,2.560581439374551,1.0,0.0,True,2.851550257342712,4.531061959149494,6.888382164873133,-1.3194677704821458,-1.7999999999999998,0.0,0.0,2.7777777777777777,2.7777777777777777,8.333333333333334,33.916643958624235,36.11111111111111,1.5130482860251364,0.0,-1.0,-1.0,2.7777777777777777,2.7777777777777777
45,1.1,False,0,2.3582513840139905,1.0,0.0,True,2.9998312354230734,5.4454882116857535,7.268366383157923,-1.0131157980727374,-1.8799999999999981,0.0,0.0,2.7777777777777777,2.7777777777777777,8.333333333333334,36.78856731046555,36.666666666666664,1.530659125753075,-0.0499999999999996,-1.1,-1.1,2.7777777777777777,2.7777777777777777
45,1.2000000000000002,False,0,2.4582513840139892,1.0,0.0,True,2.8041168128090206,6.248487085589827,7.246945616331229,-1.5816575134712638,-1.7999999999999998,0.0,0.0,2.7777777777777777,2.7777777777777777,8.333333333333334,36.922131341442324,37.222222222222214,-0.0473174190099952,-0.07999999999999963,-1.2000000000000002,-1.2000000000000002,2.7777777777777777,2.7777777777777777
45,1.3,False,0,2.560581439374551,1.0,0.0,True,2.8164540093113084,6.2058734811496,7.309655048789172,-0.8979242455354404,-1.8899999999999997,0.0,0.0,2.7777777777777777,2.7777777777777777,8.333333333333334,37.503104454771496,37.77777777777778,-1.8016124890646519,-0.09000000000000008,-1.3,-1.3,2.7777777777777777,2.7777777777777777
45,1.4000000000000001,False,0,2.4582513840139892,1.0,0.0,True,3.0153490047616436,4.999858541679598,7.460861458721237,-1.7765009946281038,-1.8999999999999986,0.0,0.0,2.7777777777777777,2.7777777777777777,8.333333333333334,38.15761478728395,38.333333333333336,-0.1336003730947697,-0.08000000000000007,-1.4000000000000001,-1.4000000000000001,2.7777777777777777,2.7777777777777777
45,1.5,False,0,2.560581439374551,1.0,0.0,True,2.816576937294765,6.1276952410100565,7.5563961637340045,-1.6848118873256732,-1.7999999999999998,0.0,0.0,2.7777777777777777,2.7777777777777777,8.333333333333334,38.55544767650137,38.88888888888889,-0.8048985236338613,-0.04999999999999982,-1.5,-1.5,2.7777777777777777,2.7777777777777777
45,1.6,False,0,2.35592132865343,1.0,0.0,True,2.7836086143376675,5.129809864804483,7.348441253815733,-1.6449802415996424,-1.879999999999999,0.0,0.0,2.7777777777777777,2.7777777777777777,8.333333333333334,39.09865986390702,38.88888888888889,-0.9281161928006683,-0.1599999999999997,-1.6,-1.6,2.7777777777777777,2.7777777777777777
45,1.7000000000000002,False,0,2.1535912732928675,1.0,0.0,True,2.8970584398477524,5.771276269855901,6.921867654316682,-0.7678140495997563,-1.8300000000000005,0.0,0.0,2.7777777777777777,2.7777777777777777,8.333333333333334,38.80211283469524,39.44444444444444,0.49884812470535955,-0.09999999999999964,-1.7000000000000002,-1.7000000000000002,2.7777777777777777,2.7777777777777777
46,0.0,False,0,4.0,1.0,1.0,True,8.333333333333334,-1.0691959257659418,-4.044444444444383,1.7001684588677293,1.6,0.0,0.0,2.7777777777777777,2.7777777777777777,,,,,,,,,
46,0.1,False,0,4.0,1.0,1.0,True,5.868333333333334,-3.9372922332214726,-4.280627777777911,0.9405367244192679,0.6500000000000017,-0.1,-0.1,2.7777777777777777,2.7777777777777777,5.868333333333334,17.36027588814768,16.078294444444477,-0.4196654555978101,-0.00999999999999579,-0.1,-0.1,2.7777777777777777,2.7777777777777777
46,0.2,False,0,1.8129506595541272,1.0,0.0,True,2.787338376293273,3.4650054655432614,5.113951465714114,0.49613606496090323,-0.05999999999999717,-0.2,-0.2,2.7777777777777777,2.7777777777777777,3.3030804790772583,4.9829553843046,5.129843018606036,1.3476512012223334,-0.019999999999997353,-0.2,-0.2,2.7777777777777777,2.7777777777777777
46,0.30000000000000004,False,0,2.437785372941877,1.0,0.0,True,2.7798530310706333,6.442263570665742,7.7233803028456665,0.6740280763577995,-1.6100000000000052,-0.30000000000000004,-0.30000000000000004,2.7777777777777777,2.7777777777777777,8.333333333333334,16.22460156347741,15.999999999999961,-0.02236070424410319,-0.020000000000001572,-0.30000000000000004,-0.30000000000000004,2.7777777777777777,2.7777777777777777
46,0.4,False,0,2.540115428302438,1.0,0.0,True,2.8298992308705886,5.987427561487377,6.988822525047039,-1.0454263708836256,-1.880000000000006,0.0,0.0,2.7777777777777777,2.7777777777777777,8.333333333333334,23.70261646287035,23.777777777777775,0.19260677421316474,-6.661338147750939e-16,-0.4,-0.4,2.7777777777777777,2.7777777777777777
46,0.5,False,0,2.540115428302438,1.0,0.0,True,2.8698783057184665,5.605714312536759,7.290456915714427,-0.6541689082311737,-1.85,0.0,0.0,2.7777777777777777,2.7777777777777777,8.333333333333334,25.499452518065045,28.222222222222225,0.9161691389350439,0.0,-0.5,-0.5,2.7777777777777777,2.7777777777777777
46,0.6000000000000001,False,0,2.335455317581315,1.0,0.0,True,2.7942637437643634,5.423393038310732,6.868545230563922,-1.7933815198347283,-1.8599999999999959,0.0,0.0,2.7777777777777777,2.7777777777777777,8.333333333333334,31.34533979031364,30.999999999999996,2.062705775239784,-0.019999999999999574,-0.6000000000000001,-0.6000000000000001,2.7777777777777777,2.7777777777777777
46,0.7000000000000001,False,0,2.1064988765085917,1.0,0.0,True,2.9395651668372507,5.766393168509073,6.942100886333184,-1.4809767716210858,-1.899999999999999,0.0,0.0,2.7777777777777777,2.7777777777777777,8.333333333333334,33.36487614372797,33.22222222222223,0.12996371283854913,-0.009999999999999343,-0.7000000000000001,-0.7000000000000001,2.7777777777777777,2.7777777777777777
46,0.8,False,0,2.437785372941877,1.0,0.0,True,2.838785745056565,6.1139860425291035,7.282343499720366,-1.71973054512129,-1.8799999999999994,0.0,0.0,2.7777777777777777,2.7777777777777777,8.333333333333334,35.27915947565542,34.888888888888886,-1.0331879138472009,-2.220446049250313e-16,-0.8,-0.8,2.7777777777777777,2.7777777777777777
46,0.9,False,0,2.6447755390235574,1.0,0.0,True,2.822770715109379,5.888873591330278,7.062884013727111,-0.5186479070921313,-1.8900000000000028,0.0,0.0,2.7777777777777777,2.7777777777777777,8.333333333333334,35.055923721345636,36.0,-0.8899592179260956,-0.02000000000000024,-0.9,-0.9,2.7777777777777777,2.7777777777777777
46,1.0,False,0,2.437785372941877,1.0,0.0,True,2.890558412338964,5.451625897872238,7.456377015019673,-1.4998695695967446,-1.7999999999999998,0.0,0.0,2.7777777777777777,2.7777777777777777,8.333333333333334,35.36540148919104,37.11111111111111,0.15560524546025967,0.0,-1.0,-1.0,2.7777777777777777,2.7777777777777777
46,1.1,False,0,2.356941686612487,1.0,0.0,True,2.781629904193174,6.366262502168138,7.820247770915114,-1.4645257166666101,-1.8799999999999981,0.0,0.0,2.7777777777777777,2.7777777777777777,8.333333333333334,37.833149025811764,37.666666666666664,-1.0339649616499562,-0.0499999999999996,-1.1,-1.1,2.7777777777777777,2.7777777777777777
46,1.2000000000000002,False,0,2.464273524455548,1.0,0.0,True,2.8898853391548918,5.829402703228095,7.238618124011748,-0.9875327912877289,-1.7999999999999998,0.0,0.0,2.7777777777777777,2.7777777777777777,8.333333333333334,38.46512092371792,38.222222222222214,0.31483065224395146,-0.07999999999999963,-1.2000000000000002,-1.2000000000000002,2.7777777777777777,2.7777777777777777
46,1.3,False,0,2.464273524455548,1.0,0.0,True,2.8054571440218172,6.269204721376025,7.2726157752175995,-1.6437088093499765,-1.8899999999999997,0.0,0.0,2.7777777777777777,2.7777777777777777,8.333333333333334,38.64822223723416,38.77777777777778,-1.1026676806473985,-0.09000000000000008,-1.3,-1.3,2.7777777777777777,2.7777777777777777
46,1.4000000000000001,False,0,2.540115428302438,1.0,0.0,True,2.79313542225688,5.214020969522406,7.222970415231882,-0.19447152780587795,-1.8999999999999986,0.0,0.0,2.7777777777777777,2.7777777777777777,8.333333333333334,38.39599313834922,39.333333333333336,0.18500933909863893,-0.08000000000000007,-1.4000000000000001,-1.4000000000000001,2.7777777777777777,2.7777777777777777
46,1.5,False,0,2.1307952068601947,1.0,0.0,True,3.003490672437532,5.2335255328815835,6.865233153956223,-1.6539427605108181,-1.7999999999999998,0.0,0.0,2.7777777777777777,2.7777777777777777,8.333333333333334,39.40099713341878,39.88888888888889,-1.134232340076719,-0.04999999999999982,-1.5,-1.5,2.7777777777777777,2.7777777777777777
46,1.6,False,0,2.335455317581315,1.0,0.0,True,2.850923202943169,4.995464137071207,7.179626559714518,-1.672520000756643,-1.879999999999999,0.0,0.0,2.7777777777777777,2.7777777777777777,8.333333333333334,38.59898822824124,39.88888888888889,1.4266185934492843,-0.1599999999999997,-1.6,-1.6,2.7777777777777777,2.7777777777777777
46,1.7000000000000002,False,0,2.335455317581315,1.0,0.0,True,2.791191911045243,5.657162297748525,7.180109259988751,-1.8642827976794023,-1.8300000000000005,0.0,0.0,2.7777777777777777,2.7777777777777777,8.333333333333334,40.254187578935884,40.44444444444444,-0.3285587059248032,-0.09999999999999964,-1.7000000000000002,-1.7000000000000002,2.7777777777777777,2.7777777777777777
47,0.0,False,0,4.0,1.0,1.0,True,8.333333333333334,-2.8970517647451457,-4.11111111111116,1.307687209176423,1.6,0.0,0.0,2.7777777777777777,2.7777777777777777,,,,,,,,,
47,0.1,False,0,4.0,1.0,1.0,True,7.574333333333334,-4.271025478519152,-4.124127777777619,0.42806550615242545,0.6600000000000019,-0.1,-0.1,2.7777777777777777,2.7777777777777777,7.574333333333334,28.92434410593226,28.01279444444499,-0.4040660631724673,-0.00999999999999579,-0.1,-0.1,2.7777777777777777,2.7777777777777777
47,0.2,False,0,1.6727848687715565,1.0,0.0,True,3.174333333333331,3.604760016334848,4.828083333333251,-0.5557891278877656,-0.07999999999999718,-0.2,-0.2,2.7777777777777777,2.7777777777777777,4.374333333333331,4.190631862281305,5.067049999999907,0.754189868238273,-0.019999999999997353,-0.2,-0.2,2.7777777777777777,2.7777777777777777
47,0.30000000000000004,False,0,2.196520651393345,1.0,0.0,True,2.7850654884451225,5.525460214276916,6.573433645833814,-1.5147891048959887,-1.0700000000000043,-0.30000000000000004,-0.30000000000000004,2.7777777777777777,2.7777777777777777,8.333333333333334,16.329683553807502,16.99999999999996,-1.3912711521398393,-0.020000000000001572,-0.30000000000000004,-0.30000000000000004,2.7777777777777777,2.7777777777777777
47,0.4,False,0,2.442807156886935,1.0,0.0,True,2.8043791217134304,6.246215556103988,6.961717569345763,-0.9861601023971037,-1.880000000000006,0.0,0.0,2.7777777777777777,2.7777777777777777,8.333333333333334,23.604645050965292,24.777777777777775,-0.9691254531333846,-6.661338147750939e-16,-0.4,-0.4,2.7777777777777777,2.7777777777777777
47,0.5,False,0,2.519649417230323,1.0,0.0,True,2.7900921731979107,4.881867420067064,6.989771687288649,-1.5509310659205657,-1.85,0.0,0.0,2.7777777777777777,2.7777777777777777,8.333333333333334,29.815695844123145,29.222222222222225,-0.3273609228628711,0.0,-0.5,-0.5,2.7777777777777777,2.7777777777777777
47,0.6000000000000001,False,0,2.519649417230323,1.0,0.0,True,2.8003749038266488,6.331341604685176,7.5941380447664075,-1.4258927458196125,-1.8599999999999959,0.0,0.0,2.7777777777777777,2.7777777777777777,8.333333333333334,30.794248727599363,31.999999999999996,-0.9057249804310251,-0.019999999999999574,-0.6000000000000001,-0.6000000000000001,2.7777777777777777,2.7777777777777777
47,0.7000000000000001,False,0,2.3379192649915637,1.0,0.0,True,2.894790373204465,5.758632850813496,7.322843665541666,-1.4877548894914596,-1.899999999999999,0.0,0.0,2.7777777777777777,2.7777777777777777,8.333333333333334,32.588641130189274,34.22222222222223,0.9969264271537548,-0.009999999999999343,-0.7000000000000001,-0.7000000000000001,2.7777777777777777,2.7777777777777777
47,0.8,False,0,2.519649417230323,1.0,0.0,True,2.792787494999634,6.324283254986665,7.495978271160891,-1.0633311740155342,-1.8799999999999994,0.0,0.0,2.7777777777777777,2.7777777777777777,8.333333333333334,34.53081331720794,35.888888888888886,-1.005507898122862,-2.220446049250313e-16,-0.8,-0.8,2.7777777777777777,2.7777777777777777
47,0.9,False,0,2.6219794725908847,1.0,0.0,True,2.8551717328761397,5.965649346725326,7.423838125951417,-1.234094215275439,-1.8900000000000028,0.0,0.0,2.7777777777777777,2.7777777777777777,8.333333333333334,35.72994695111612,37.0,-0.03210421912877881,-0.02000000000000024,-0.9,-0.9,2.7777777777777777,2.7777777777777777
47,1.0,False,0,2.4173193618697613,1.0,0.0,True,2.850287614468568,4.629990673964326,7.242722644515905,-0.8972085962741834,-1.7999999999999998,0.0,0.0,2.7777777777777777,2.7777777777777777,8.333333333333334,38.773529949951545,38.11111111111111,-0.5382248901781868,0.0,-1.0,-1.0,2.7777777777777777,2.7777777777777777
47,1.1,False,0,2.4173193618697613,1.0,0.0,True,2.9000174892707093,5.809563117835265,7.350851816402209,-0.3590786906155796,-1.8799999999999981,0.0,0.0,2.7777777777777777,2.7777777777777777,8.333333333333334,38.2270644127195,38.666666666666664,-0.4384527122387516,-0.0499999999999996,-1.1,-1.1,2.7777777777777777,2.7777777777777777
47,1.2000000000000002,False,0,2.4173193618697613,1.0,0.0,True,2.939570918571971,5.667857595056955,7.275978628434072,-1.5990957195401885,-1.7999999999999998,0.0,0.0,2.7777777777777777,2.7777777777777777,8.333333333333334,37.725484859764066,39.222222222222214,0.2854149304993747,-0.07999999999999963,-1.2000000000000002,-1.2000000000000002,2.7777777777777777,2.7777777777777777
47,1.3,False,0,2.519649417230323,1.0,0.0,True,2.9707122468027234,5.493973610788953,7.084491632754646,-1.2784334450091555,-1.8899999999999997,0.0,0.0,2.7777777777777777,2.7777777777777777,8.333333333333334,38.224444372596935,39.77777777777778,0.21174695334431481,-0.09000000000000008,-1.3,-1.3,2.7777777777777777,2.7777777777777777
47,1.4000000000000001,False,0,2.3149893065092026,1.0,0.0,True,2.808205635624997,5.786922800752845,7.266590604289985,-1.6181715567900619,-1.8999999999999986,0.0,0.0,2.7777777777777777,2.7777777777777777,8.333333333333334,41.799875649541896,40.333333333333336,0.6867700334611415,-0.08000000000000007,-1.4000000000000001,-1.4000000000000001,2.7777777777777777,2.7777777777777777
47,1.5,False,0,2.519649417230323,1.0,0.0,True,2.7892584229466997,5.862828490957253,7.540880061434703,-1.7700895500269083,-1.7999999999999998,0.0,0.0,2.7777777777777777,2.7777777777777777,8.333333333333334,37.90232445065969,40.88888888888889,0.4873392756577579,-0.04999999999999982,-1.5,-1.5,2.7777777777777777,2.7777777777777777
47,1.6,False,0,2.519649417230323,1.0,0.0,True,2.8146645020873184,5.942174615632848,7.566833855610693,-1.883488829826441,-1.879999999999999,0.0,0.0,2.7777777777777777,2.7777777777777777,8.333333333333334,41.52673984154501,40.88888888888889,-0.06695028869902786,-0.1599999999999997,-1.6,-1.6,2.7777777777777777,2.7777777777777777
47,1.7000000000000002,False,0,2.519649417230323,1.0,0.0,True,3.098191233346206,3.464524292697921,7.605002009191343,-1.1533866885941317,-1.8300000000000005,0.0,0.0,2.7777777777777777,2.7777777777777777,8.333333333333334,41.05067977520787,41.44444444444444,1.3770120159933854,-0.09999999999999964,-1.7000000000000002,-1.7000000000000002,2.7777777777777777,2.7777777777777777
48,0.0,False,0,4.0,1.0,1.0,True,8.333333333333334,-4.209846454982173,-4.22222222222226,0.23025581661438466,1.6,0.0,0.0,2.7777777777777777,2.7777777777777777,,,,,,,,,
48,0.1,False,0,4.0,1.0,1.0,True,7.953833333333334,-2.072342747180431,-4.0577722222223285,1.00185485120935,0.6600000000000019,-0.1,-0.1,2.7777777777777777,2.7777777777777777,7.068333333333333,24.24409898986833,24.34364444444476,0.336718539332443,-0.00999999999999579,-0.1,-0.1,2.7777777777777777,2.7777777777777777
48,0.2,False,0,1.992013437946084,1.0,0.0,True,2.7904454555630993,5.872417582209846,6.865040076855945,-1.7202947076613495,-0.1599999999999968,-0.2,-0.2,2.7777777777777777,2.7777777777777777,3.455353510648872,7.274489600236376,7.024226239849921,1.33783356956476,-0.019999999999997353,-0.2,-0.2,2.7777777777777777,2.7777777777777777
48,0.30000000000000004,False,0,2.1921932400765285,1.0,0.0,True,2.9526590131312616,5.459167423136248,6.967606688650091,1.6416563544681546,-1.1300000000000043,-0.30000000000000004,-0.30000000000000004,2.7777777777777777,2.7777777777777777,8.333333333333334,17.891894304113794,17.99999999999996,0.6636472773476831,-0.020000000000001572,-0.30000000000000004,-0.30000000000000004,2.7777777777777777,2.7777777777777777
48,0.4,False,0,2.4991834061582106,1.0,0.0,True,2.8911217370312423,5.3775894430124085,6.80687225185238,-1.039069306386886,-1.880000000000006,0.0,0.0,2.7777777777777777,2.7777777777777777,8.333333333333334,27.231066019363727,25.777777777777775,-0.6375468283396621,-6.661338147750939e-16,-0.4,-0.4,2.7777777777777777,2.7777777777777777
48,0.5,False,0,2.6015134615187696,1.0,0.0,True,2.8109144375255157,5.656489856763867,7.6564502792388085,-1.5875650078108903,-1.85,0.0,0.0,2.7777777777777777,2.7777777777777777,8.333333333333334,28.446545850194244,30.222222222222225,-0.413861827815742,0.0,-0.5,-0.5,2.7777777777777777,2.7777777777777777
48,0.6000000000000001,False,0,2.3968533507976515,1.0,0.0,True,2.9081432845463184,5.140052289666639,6.905725956458494,-1.5149212109143797,-1.8599999999999959,0.0,0.0,2.7777777777777777,2.7777777777777777,8.333333333333334,33.00530541294758,33.0,-0.3576935321186496,-0.019999999999999574,-0.6000000000000001,-0.6000000000000001,2.7777777777777777,2.7777777777777777
48,0.7000000000000001,False,0,2.528672627161384,1.0,0.0,True,2.9058339263539024,5.17050700017364,7.2849334049595,-1.6958764117470673,-1.899999999999999,0.0,0.0,2.7777777777777777,2.7777777777777777,8.333333333333334,35.55818048453405,35.22222222222223,-0.28367658556170916,-0.009999999999999343,-0.7000000000000001,-0.7000000000000001,2.7777777777777777,2.7777777777777777
48,0.8,False,0,2.29685335079765,1.0,0.0,True,2.7885732481635825,6.3726390588877395,7.210038874572217,-1.5243070856201568,-1.8799999999999994,0.0,0.0,2.7777777777777777,2.7777777777777777,8.333333333333334,38.843057624873964,36.888888888888886,-0.1613859978561083,-2.220446049250313e-16,-0.8,-0.8,2.7777777777777777,2.7777777777777777
48,0.9,False,0,2.6015134615187696,1.0,0.0,True,2.840366648637965,5.577487371245081,7.9218923502914835,-1.80769252628763,-1.8900000000000028,0.0,0.0,2.7777777777777777,2.7777777777777777,8.333333333333334,37.042754515541475,38.0,-1.7948034404014295,-0.02000000000000024,-0.9,-0.9,2.7777777777777777,2.7777777777777777
48,1.0,False,0,2.3968533507976515,1.0,0.0,True,2.9067527079419415,5.143193957911362,7.080403585040355,-1.417105570898448,-1.7999999999999998,0.0,0.0,2.7777777777777777,2.7777777777777777,8.333333333333334,38.49325659431171,39.11111111111111,0.15088935147941962,0.0,-1.0,-1.0,2.7777777777777777,2.7777777777777777
48,1.1,False,0,2.3968533507976515,1.0,0.0,True,2.8649298572059276,5.282148855312383,7.276316646511799,-0.7142576349782441,-1.8799999999999981,0.0,0.0,2.7777777777777777,2.7777777777777777,8.333333333333334,39.205052995113796,39.666666666666664,2.027255569293646,-0.0499999999999996,-1.1,-1.1,2.7777777777777777,2.7777777777777777
48,1.2000000000000002,False,0,2.4991834061582106,1.0,0.0,True,2.8837819940083733,5.689236180384012,6.979958619955053,-1.8409871984679398,-1.7999999999999998,0.0,0.0,2.7777777777777777,2.7777777777777777,8.333333333333334,39.7663612853943,40.222222222222214,-0.261020113049645,-0.07999999999999963,-1.2000000000000002,-1.2000000000000002,2.7777777777777777,2.7777777777777777
48,1.3,False,0,2.3968533507976515,1.0,0.0,True,2.9210191769466194,5.716235402640277,7.363519989198719,-1.44849629492448,-1.8899999999999997,0.0,0.0,2.7777777777777777,2.7777777777777777,8.333333333333334,40.61498232476409,40.77777777777778,0.8498580200033321,-0.09000000000000008,-1.3,-1.3,2.7777777777777777,2.7777777777777777
48,1.4000000000000001,False,0,2.4991834061582106,1.0,0.0,True,2.89682990951263,4.6446177371013535,6.780687186001953,-1.3402793604421541,-1.8999999999999986,0.0,0.0,2.7777777777777777,2.7777777777777777,8.333333333333334,41.352445098120526,41.333333333333336,-1.6563444515091996,-0.08000000000000007,-1.4000000000000001,-1.4000000000000001,2.7777777777777777,2.7777777777777777
48,1.5,False,0,2.4991834061582106,1.0,0.0,True,2.858851302260427,5.311599500136009,7.2535656376807625,-1.1433528966965167,-1.7999999999999998,0.0,0.0,2.7777777777777777,2.7777777777777777,8.333333333333334,43.11252371896226,41.88888888888889,0.8784360052908018,-0.04999999999999982,-1.5,-1.5,2.7777777777777777,2.7777777777777777
48,1.6,False,0,2.2945232954370898,1.0,0.0,True,2.910718367360001,4.652559829211097,7.268310106415581,-0.8920998557762201,-1.879999999999999,0.0,0.0,2.7777777777777777,2.7777777777777777,8.333333333333334,43.34943975737852,41.88888888888889,-0.5424563161664828,-0.1599999999999997,-1.6,-1.6,2.7777777777777777,2.7777777777777777
48,1.7000000000000002,False,0,2.4991834061582106,1.0,0.0,True,2.80078173787766,4.872182991042689,7.687435228956642,-1.2807032582266382,-1.8300000000000005,0.0,0.0,2.7777777777777777,2.7777777777777777,8.333333333333334,43.44301737151588,42.44444444444444,1.291353172741617,-0.09999999999999964,-1.7000000000000002,-1.7000000000000002,2.7777777777777777,2.7777777777777777
49,0.0,False,0,4.0,1.0,0.9054311393796468,True,8.333333333333334,-1.2636332186908303,-4.266666666666626,1.6539607017758517,1.6,0.0,0.0,2.7777777777777777,2.7777777777777777,,,,,,,,,
49,0.1,False,0,4.0,1.0,1.0,True,3.1948333333333325,-1.6115861546918948,-0.20148333333344493,-0.362535004324521,0.6400000000000019,-0.1,-0.1,2.7777777777777777,2.7777777777777777,0.0,12.810267334773922,12.490485740035876,-0.2747568235910449,-0.00999999999999579,-0.1,-0.1,2.7777777777777777,2.7777777777777777
49,0.2,False,0,2.174057284364976,1.0,0.0,True,2.941788373142386,4.894848776991364,6.909179223676628,-0.7477178863655789,-0.23999999999999666,-0.2,-0.2,2.7777777777777777,2.7777777777777777,4.161751722652433,6.930370005467961,7.589819185055231,0.30670963943336194,-0.019999999999997353,-0.2,-0.2,2.7777777777777777,2.7777777777777777
49,0.30000000000000004,False,0,2.58104745044666,1.0,0.0,True,2.8525919431265043,6.072676044586754,7.0993922016634885,-0.3760099094594582,-1.3400000000000047,-0.30000000000000004,-0.30000000000000004,2.7777777777777777,2.7777777777777777,8.333333333333334,17.523369112619722,18.99999999999996,-0.16885453484520285,-0.020000000000001572,-0.30000000000000004,-0.30000000000000004,2.7777777777777777,2.7777777777777777
49,0.4,False,0,2.3763873397255364,1.0,0.0,True,2.8078334042893367,5.1254295774982355,7.339895634929474,-1.880702298842567,-1.880000000000006,0.0,0.0,2.7777777777777777,2.7777777777777777,8.333333333333334,27.86099135815336,26.777777777777775,-0.22526669439582392,-6.661338147750939e-16,-0.4,-0.4,2.7777777777777777,2.7777777777777777
49,0.5,False,0,2.58104745044666,1.0,0.0,True,2.8229317045765785,5.470181293503583,7.088891918904037,-0.4330805964539952,-1.85,0.0,0.0,2.7777777777777777,2.7777777777777777,8.333333333333334,31.352657931403552,31.222222222222225,0.7697206198888273,0.0,-0.5,-0.5,2.7777777777777777,2.7777777777777777
49,0.6000000000000001,False,0,2.58104745044666,1.0,0.0,True,2.914252724944196,4.2466574952625225,6.83134844776647,-0.8758047371424633,-1.8599999999999959,0.0,0.0,2.7777777777777777,2.7777777777777777,8.333333333333334,33.7346346453683,34.0,1.173990824101042,-0.019999999999999574,-0.6000000000000001,-0.6000000000000001,2.7777777777777777,2.7777777777777777
49,0.7000000000000001,False,0,2.3763873397255364,1.0,0.0,True,3.06516998506395,5.057833823553691,6.891299843306197,-0.5654960087852399,-1.899999999999999,0.0,0.0,2.7777777777777777,2.7777777777777777,8.333333333333334,37.48370176955379,36.22222222222223,0.3086382695416985,-0.009999999999999343,-0.7000000000000001,-0.7000000000000001,2.7777777777777777,2.7777777777777777
49,0.8,False,0,2.3763873397255364,1.0,0.0,True,2.919581034917402,5.592847768821298,7.217772554229936,-1.5053981183310015,-1.8799999999999994,0.0,0.0,2.7777777777777777,2.7777777777777777,8.333333333333334,36.609319606895646,37.888888888888886,0.6376134135228098,-2.220446049250313e-16,-0.8,-0.8,2.7777777777777777,2.7777777777777777
49,0.9,False,0,2.2740572843649747,1.0,0.0,True,2.919934249780809,5.553314435804023,7.168249403376319,-1.5159535596785332,-1.8900000000000028,0.0,0.0,2.7777777777777777,2.7777777777777777,8.333333333333334,39.79604436283691,39.0,0.3108822031419609,-0.02000000000000024,-0.9,-0.9,2.7777777777777777,2.7777777777777777
49,1.0,False,0,2.3763873397255364,1.0,0.0,True,2.9231471864083516,5.818821606080516,7.317705906633006,-0.7690509642301955,-1.7999999999999998,0.0,0.0,2.7777777777777777,2.7777777777777777,8.333333333333334,40.68020013393813,40.11111111111111,-0.5848338746715362,0.0,-1.0,-1.0,2.7777777777777777,2.7777777777777777
49,1.1,False,0,2.3763873397255364,1.0,0.0,True,2.7897847056321945,5.550044797723513,7.201475763369598,-0.8646429352352367,-1.8799999999999981,0.0,0.0,2.7777777777777777,2.7777777777777777,8.333333333333334,39.92098744500586,40.666666666666664,0.5387134061796623,-0.0499999999999996,-1.1,-1.1,2.7777777777777777,2.7777777777777777
49,1.2000000000000002,False,0,2.3787173950860963,1.0,0.0,True,2.854113578482457,5.471227179873549,7.035751449302791,-1.1920768077990722,-1.7999999999999998,0.0,0.0,2.7777777777777777,2.7777777777777777,8.333333333333334,42.9187959896536,41.222222222222214,1.4634908596283487,-0.07999999999999963,-1.2000000000000002,-1.2000000000000002,2.7777777777777777,2.7777777777777777
49,1.3,False,0,2.4787173950860977,1.0,0.0,True,2.778712305250893,6.114238812536752,7.284314993321371,-0.2282438220771683,-1.8899999999999997,0.0,0.0,2.7777777777777777,2.7777777777777777,8.333333333333334,41.00119344299835,41.77777777777778,-0.2856695133689593,-0.09000000000000008,-1.3,-1.3,2.7777777777777777,2.7777777777777777
49,1.4000000000000001,False,0,2.4787173950860977,1.0,0.0,True,2.7979637808993902,6.157153935092734,7.410486418071199,-1.6650017406601836,-1.8999999999999986,0.0,0.0,2.7777777777777777,2.7777777777777777,8.333333333333334,41.03797385644734,42.333333333333336,0.021728097609959196,-0.08000000000000007,-1.4000000000000001,-1.4000000000000001,2.7777777777777777,2.7777777777777777
49,1.5,False,0,2.4787173950860977,1.0,0.0,True,2.912552675828427,5.711824439088287,7.037723297370076,-1.8723976985039041,-1.7999999999999998,0.0,0.0,2.7777777777777777,2.7777777777777777,8.333333333333334,42.38644859917174,42.88888888888889,0.33227314398173435,-0.04999999999999982,-1.5,-1.5,2.7777777777777777,2.7777777777777777
49,1.6,False,0,2.3998744217497077,1.0,0.0,True,2.780181251957976,5.277957436914673,7.31573616536009,-1.8281682214620205,-1.879999999999999,0.0,0.0,2.7777777777777777,2.7777777777777777,8.333333333333334,43.12471951489943,42.88888888888889,-0.2520046424906943,-0.1599999999999997,-1.6,-1.6,2.7777777777777777,2.7777777777777777
49,1.7000000000000002,False,0,2.58104745044666,1.0,0.0,True,2.8884378240931015,5.565311118285249,7.046012128554591,-1.4449553787963785,-1.8300000000000005,0.0,0.0,2.7777777777777777,2.7777777777777777,8.333333333333334,43.571860071699916,43.44444444444444,1.2428635985526495,-0.09999999999999964,-1.7000000000000002,-1.7000000000000002,2.7777777777777777,2.7777777777777777
50,0.0,False,0,4.0,1.0,1.0,True,8.333333333333334,-3.87693095944181,-4.15555555555554,2.281399905008208,1.6,0.0,0.0,2.7777777777777777,2.7777777777777777,,,,,,,,,
50,0.1,False,0,4.0,1.0,1.0,True,8.206833333333334,-3.8160985606208753,-4.180855555555527,-0.4968455295687024,0.6200000000000019,-0.1,-0.1,2.7777777777777777,2.7777777777777777,8.206833333333334,30.06703879813544,30.02219444444462,-1.1051272362640965,-0.00999999999999579,-0.1,-0.1,2.7777777777777777,2.7777777777777777
50,0.2,False,0,2.253591273292865,1.0,0.0,True,2.780965641026701,6.278479327361848,7.37827583520176,-1.738851918383666,-0.2799999999999965,-0.2,-0.2,2.7777777777777777,2.7777777777777777,4.350836430264244,7.175860391967459,8.22523413245214,-0.12274930373657522,-0.019999999999997353,-0.2,-0.2,2.7777777777777777,2.7777777777777777
50,0.30000000000000004,False,0,2.355921328653424,1.0,0.0,True,2.8394157427584483,5.149587977616915,6.893894050317582,-0.8331728754824739,-1.5500000000000052,-0.30000000000000004,-0.30000000000000004,2.7777777777777777,2.7777777777777777,8.333333333333334,20.895701352717996,19.99999999999996,-1.293761416211661,-0.020000000000001572,-0.30000000000000004,-0.30000000000000004,2.7777777777777777,2.7777777777777777
50,0.4,False,0,2.662911494735106,0.9362703419814127,0.0,True,2.942744180270719,5.426804957423866,7.526744939378273,-1.4378284309702964,-1.880000000000006,0.0,0.0,2.7777777777777777,2.7777777777777777,8.333333333333334,27.06973969215797,27.777777777777775,1.3223231219555465,-6.661338147750939e-16,-0.4,-0.4,2.7777777777777777,2.7777777777777777
50,0.5,False,0,2.5605814393745447,1.0,0.0,True,2.872193992713623,5.648492250588871,6.8394854789969175,-1.651785017177564,-1.85,0.0,0.0,2.7777777777777777,2.7777777777777777,8.333333333333334,30.820849449815523,32.22222222222223,-0.006475483697835127,0.0,-0.5,-0.5,2.7777777777777777,2.7777777777777777
50,0.6000000000000001,False,0,2.355921328653424,1.0,0.0,True,2.790697606579953,5.768909097766664,7.312103725954825,-1.6462372649322248,-1.8599999999999959,0.0,0.0,2.7777777777777777,2.7777777777777777,8.333333333333334,35.636462416369625,35.0,0.29224892925984536,-0.019999999999999574,-0.6000000000000001,-0.6000000000000001,2.7777777777777777,2.7777777777777777
50,0.7000000000000001,False,0,2.4582513840139826,1.0,0.0,True,2.8187402823365493,5.674693734612089,7.69768983319818,-1.4685941090018249,-1.899999999999999,0.0,0.0,2.7777777777777777,2.7777777777777777,8.333333333333334,36.23804590351622,37.22222222222223,0.545686722380009,-0.009999999999999343,-0.7000000000000001,-0.7000000000000001,2.7777777777777777,2.7777777777777777
50,0.8,False,0,2.355921328653424,1.0,0.0,True,2.7799335819398716,5.546419988571782,7.349027596464521,-0.7382195559438662,-1.8799999999999994,0.0,0.0,2.7777777777777777,2.7777777777777777,8.333333333333334,37.97664960877441,38.888888888888886,0.3151247201248073,-2.220446049250313e-16,-0.8,-0.8,2.7777777777777777,2.7777777777777777
50,0.9,False,0,2.355921328653424,1.0,0.0,True,2.810846393990952,5.90842783836622,6.732329014595519,-0.6241475958537197,-1.8900000000000028,0.0,0.0,2.7777777777777777,2.7777777777777777,8.333333333333334,38.64524995622675,40.0,0.5022590277129413,-0.02000000000000024,-0.9,-0.9,2.7777777777777777,2.7777777777777777
50,1.0,False,0,2.4582513840139826,1.0,0.0,True,2.816409843771388,5.398184575441175,7.3816792524080315,-0.6957576762393975,-1.7999999999999998,0.0,0.0,2.7777777777777777,2.7777777777777777,8.333333333333334,42.25993532260792,41.11111111111111,-1.5036145920986628,0.0,-1.0,-1.0,2.7777777777777777,2.7777777777777777
50,1.1,False,0,2.4582513840139826,1.0,0.0,True,2.8134260304158487,5.387769258630041,7.306512785616303,-1.7932344186803908,-1.8799999999999981,0.0,0.0,2.7777777777777777,2.7777777777777777,8.333333333333334,41.096289554979755,41.666666666666664,-0.6892326257841166,-0.0499999999999996,-1.1,-1.1,2.7777777777777777,2.7777777777777777
50,1.2000000000000002,False,0,2.355921328653424,1.0,0.0,True,2.88876376794107,4.939782802372375,7.832377314471697,-1.492505902366083,-1.7999999999999998,0.0,0.0,2.7777777777777777,2.7777777777777777,8.333333333333334,42.03244529749688,42.222222222222214,2.2050081760388154,-0.07999999999999963,-1.2000000000000002,-1.2000000000000002,2.7777777777777777,2.7777777777777777
50,1.3,False,0,2.4582513840139826,1.0,0.0,True,3.015701766274812,4.805684658099122,7.815110176149514,-1.695984610281607,-1.8899999999999997,0.0,0.0,2.7777777777777777,2.7777777777777777,8.333333333333334,39.86444901854956,42.77777777777778,-0.8829789379908872,-0.09000000000000008,-1.3,-1.3,2.7777777777777777,2.7777777777777777
50,1.4000000000000001,False,0,2.355921328653424,1.0,0.0,True,2.9028543861661937,5.599396215814008,6.970209677866873,-1.6407560197540065,-1.8999999999999986,0.0,0.0,2.7777777777777777,2.7777777777777777,8.333333333333334,42.23273098604489,43.333333333333336,-0.4209775605731507,-0.08000000000000007,-1.4000000000000001,-1.4000000000000001,2.7777777777777777,2.7777777777777777
50,1.5,False,0,2.3059709539562743,1.0,0.0,True,2.809507967609971,5.8667683450856005,7.5627347862534124,-1.5985512530109658,-1.7999999999999998,0.0,0.0,2.7777777777777777,2.7777777777777777,8.333333333333334,44.01658346256131,43.88888888888889,-0.23523548895332458,-0.04999999999999982,-1.5,-1.5,2.7777777777777777,2.7777777777777777
50,1.6,False,0,2.4582513840139826,1.0,0.0,True,2.8116943847340186,5.734779751290671,7.637878435105873,-0.9767437424600115,-1.879999999999999,0.0,0.0,2.7777777777777777,2.7777777777777777,8.333333333333334,43.758882155161224,43.88888888888889,0.6962883045555466,-0.1599999999999997,-1.6,-1.6,2.7777777777777777,2.7777777777777777
50,1.7000000000000002,False,0,2.5605814393745447,1.0,0.0,True,2.8641888701467897,5.267947078740318,6.994741125979954,-0.33692837391419594,-1.8300000000000005,0.0,0.0,2.7777777777777777,2.7777777777777777,8.333333333333334,45.905321181506125,44.44444444444444,0.27080390371271124,-0.09999999999999964,-1.7000000000000002,-1.7000000000000002,2.7777777777777777,2.7777777777777777
51,0.0,False,0,4.0,1.0,0.28992210852550876,True,8.333333333333334,-2.9916667576646487,-4.044444444444426,1.7463237693951155,1.6,0.0,0.0,2.7777777777777777,2.7777777777777777,,,,,,,,,
51,0.1,False,0,4.0,1.0,1.0,True,7.574333333333334,-3.941936498109828,-4.23930555555562,0.059860091355986356,0.6000000000000019,-0.1,-0.1,2.7777777777777777,2.7777777777777777,7.068333333333333,23.101835165402175,21.862294444444696,0.2667008571681384,-0.00999999999999579,-0.1,-0.1,2.7777777777777777,2.7777777777777777
51,0.2,False,0,1.820282497397183,1.0,0.0,True,2.8414536768554592,4.531024553425593,5.791965672995002,-0.03053694688292974,-0.19999999999999662,-0.2,-0.2,2.7777777777777777,2.7777777777777777,5.974333333333332,5.773193441997958,6.983949999999891,-1.4157616658296088,-0.019999999999997353,-0.2,-0.2,2.7777777777777777,2.7777777777777777
51,0.30000000000000004,False,0,2.2354553175813097,1.0,0.0,True,3.000178384424142,5.3173688084999045,7.2092474306216845,-1.238811278291465,-1.2800000000000047,-0.30000000000000004,-0.30000000000000004,2.7777777777777777,2.7777777777777777,8.333333333333334,21.253017298657742,20.99999999999996,0.1919986252063004,-0.020000000000001572,-0.30000000000000004,-0.30000000000000004,2.7777777777777777,2.7777777777777777
51,0.4,False,0,2.5401154283024314,1.0,0.0,True,2.8740645266384357,5.713140253805077,7.449020738907632,-1.728703510380588,-1.880000000000006,0.0,0.0,2.7777777777777777,2.7777777777777777,8.333333333333334,27.662043355601657,28.777777777777775,1.1428196500610714,-6.661338147750939e-16,-0.4,-0.4,2.7777777777777777,2.7777777777777777
51,0.5,False,0,2.642445483662991,1.0,0.0,True,3.0069039199727996,4.957143373485832,6.911374378912808,-1.2716778608609691,-1.85,0.0,0.0,2.7777777777777777,2.7777777777777777,8.333333333333334,32.5480343880658,33.22222222222223,-0.12805231892765034,0.0,-0.5,-0.5,2.7777777777777777,2.7777777777777777
51,0.6000000000000001,False,0,2.3834542192119916,1.0,0.0,True,2.7834387889782444,5.805720918490647,6.905072182765832,-1.1938535147387341,-1.8599999999999959,0.0,0.0,2.7777777777777777,2.7777777777777777,8.333333333333334,36.3702953636933,36.0,-0.8080221213254808,-0.019999999999999574,-0.6000000000000001,-0.6000000000000001,2.7777777777777777,2.7777777777777777
51,0.7000000000000001,False,0,2.335455317581311,1.0,0.0,True,2.91378907168108,4.622127993732517,7.4743504088737724,-1.0092788639784955,-1.899999999999999,0.0,0.0,2.7777777777777777,2.7777777777777777,8.333333333333334,38.33193133317556,38.22222222222223,0.5657732938759223,-0.009999999999999343,-0.7000000000000001,-0.7000000000000001,2.7777777777777777,2.7777777777777777
51,0.8,False,0,2.5401154283024314,1.0,0.0,True,2.9053979572420165,5.78422941618035,7.714523455006014,-1.3675155191333186,-1.8799999999999994,0.0,0.0,2.7777777777777777,2.7777777777777777,8.333333333333334,39.93019579801748,39.888888888888886,0.4438026856411308,-2.220446049250313e-16,-0.8,-0.8,2.7777777777777777,2.7777777777777777
51,0.9,False,0,2.335455317581311,1.0,0.0,True,2.83434800555752,6.215256408284358,7.407671661507405,-1.1653564628579678,-1.8900000000000028,0.0,0.0,2.7777777777777777,2.7777777777777777,8.333333333333334,39.62271529132266,41.0,2.141306872861198,-0.02000000000000024,-0.9,-0.9,2.7777777777777777,2.7777777777777777
51,1.0,False,0,2.437785372941873,1.0,0.0,True,2.7943500860782,6.199256825255358,7.0525686767686695,-1.882396613268298,-1.7999999999999998,0.0,0.0,2.7777777777777777,2.7777777777777777,8.333333333333334,40.65198273289134,42.11111111111111,1.1230533949309023,0.0,-1.0,-1.0,2.7777777777777777,2.7777777777777777
51,1.1,False,0,2.571605362298605,1.0,0.0,True,2.9468827375742146,5.417839169643938,6.76618266746905,-0.9213546718524797,-1.8799999999999981,0.0,0.0,2.7777777777777777,2.7777777777777777,8.333333333333334,41.80177093182752,42.666666666666664,0.028980059275943493,-0.0499999999999996,-1.1,-1.1,2.7777777777777777,2.7777777777777777
51,1.2000000000000002,False,0,2.437785372941873,1.0,0.0,True,2.930497679958766,5.2344098832265304,7.292106000210123,-0.7995268691122099,-1.7999999999999998,0.0,0.0,2.7777777777777777,2.7777777777777777,8.333333333333334,43.515957023721,43.222222222222214,-0.0028035804964772204,-0.07999999999999963,-1.2000000000000002,-1.2000000000000002,2.7777777777777777,2.7777777777777777
51,1.3,False,0,2.437785372941873,1.0,0.0,True,2.816677802012836,4.876631391635724,7.357285488124231,-1.783554093065408,-1.8899999999999997,0.0,0.0,2.7777777777777777,2.7777777777777777,8.333333333333334,42.40534718387684,43.77777777777778,1.0274212145970085,-0.09000000000000008,-1.3,-1.3,2.7777777777777777,2.7777777777777777
51,1.4000000000000001,False,0,2.335455317581311,1.0,0.0,True,2.792511142683837,5.6601081478696615,7.231571833453015,-1.0204222878847067,-1.8999999999999986,0.0,0.0,2.7777777777777777,2.7777777777777777,8.333333333333334,42.02578282278766,44.333333333333336,0.37559473858850945,-0.08000000000000007,-1.4000000000000001,-1.4000000000000001,2.7777777777777777,2.7777777777777777
51,1.5,False,0,2.464273524455544,1.0,0.0,True,2.7910777347859366,6.178629185880124,7.008823031688945,-0.8438762448802903,-1.7999999999999998,0.0,0.0,2.7777777777777777,2.7777777777777777,8.333333333333334,43.143063471661826,44.88888888888889,0.6120262789708515,-0.04999999999999982,-1.5,-1.5,2.7777777777777777,2.7777777777777777
51,1.6,False,0,2.437785372941873,1.0,0.0,True,2.7851464741428025,5.301784018399727,7.083283176705305,-0.39735938556551775,-1.879999999999999,0.0,0.0,2.7777777777777777,2.7777777777777777,8.333333333333334,45.380215259350464,44.88888888888889,1.3525147566850761,-0.1599999999999997,-1.6,-1.6,2.7777777777777777,2.7777777777777777
51,1.7000000000000002,False,0,2.437785372941873,1.0,0.0,True,2.8720586279776854,5.833145919507229,7.298941042919691,-1.1332036112987525,-1.8300000000000005,0.0,0.0,2.7777777777777777,2.7777777777777777,8.333333333333334,43.53469237783909,45.44444444444444,0.9748827991139524,-0.09999999999999964,-1.7000000000000002,-1.7000000000000002,2.7777777777777777,2.7777777777777777
52,0.0,False,0,4.0,1.0,0.0,True,8.333333333333334,-4.28274244446641,-4.111111111111131,2.1235878030549205,1.6,0.0,0.0,2.7777777777777777,2.7777777777777777,,,,,,,,,
52,0.1,False,0,3.5000000000000275,1.0,1.0,True,5.268333333333334,-1.3824024177671417,-4.275449999999966,1.3105598430038925,0.5200000000000022,-0.1,-0.1,2.7777777777777777,2.7777777777777777,5.268333333333334,10.987944865496797,8.924494444444289,0.19541468745962343,-0.00999999999999579,-0.1,-0.1,2.7777777777777777,2.7777777777777777
52,0.2,False,0,1.6781550248694368,1.0,0.0,True,3.174333333333331,4.2355507780741535,4.318677777777649,0.18485148574670562,-0.2799999999999965,-0.2,-0.2,2.7777777777777777,2.7777777777777777,6.774333333333333,6.639690663794963,7.514199999999872,1.8295765326634927,-0.019999999999997353,-0.2,-0.2,2.7777777777777777,2.7777777777777777
52,0.30000000000000004,False,0,2.519649417230319,1.0,0.0,True,2.8305794756786242,5.6000432883392905,7.277726594005753,-0.630740384142193,-1.430000000000005,-0.30000000000000004,-0.30000000000000004,2.7777777777777777,2.7777777777777777,8.333333333333334,21.846033470735623,21.99999999999996,0.4150720542114468,-0.020000000000001572,-0.30000000000000004,-0.30000000000000004,2.7777777777777777,2.7777777777777777
52,0.4,False,0,2.519649417230319,1.0,0.0,True,2.7853143165821823,6.42640537760438,7.219823155518978,-1.2879657550390489,-1.880000000000006,0.0,0.0,2.7777777777777777,2.7777777777777777,8.333333333333334,30.42848560087565,29.777777777777775,-1.865284835611667,-6.661338147750939e-16,-0.4,-0.4,2.7777777777777777,2.7777777777777777
52,0.5,False,0,2.4173193618697577,1.0,0.0,True,2.880017862898247,5.191549792946302,7.175967884827966,-1.5088220029019874,-1.85,0.0,0.0,2.7777777777777777,2.7777777777777777,8.333333333333334,32.234463869721665,34.22222222222223,-0.3893689672737304,0.0,-0.5,-0.5,2.7777777777777777,2.7777777777777777
52,0.6000000000000001,False,0,2.4173193618697577,1.0,0.0,True,2.8495897607308387,5.523436288077929,7.535205425534426,-1.3416759515981982,-1.8599999999999959,0.0,0.0,2.7777777777777777,2.7777777777777777,8.333333333333334,36.077901856491565,37.0,0.9574404662751999,-0.019999999999999574,-0.6000000000000001,-0.6000000000000001,2.7777777777777777,2.7777777777777777
52,0.7000000000000001,False,0,2.212659251148637,1.0,0.0,True,2.8980005550614405,5.231124247611828,7.030458026451567,-0.852261077570363,-1.899999999999999,0.0,0.0,2.7777777777777777,2.7777777777777777,8.333333333333334,40.40506307782155,39.22222222222223,-0.7927350810046963,-0.009999999999999343,-0.7000000000000001,-0.7000000000000001,2.7777777777777777,2.7777777777777777
52,0.8,False,0,2.4173193618697577,1.0,0.0,True,2.814179485820281,5.767206754404339,7.767457104867643,-1.5893438099680528,-1.8799999999999994,0.0,0.0,2.7777777777777777,2.7777777777777777,8.333333333333334,40.088018273463035,40.888888888888886,-0.156030319286262,-2.220446049250313e-16,-0.8,-0.8,2.7777777777777777,2.7777777777777777
52,0.9,False,0,2.621979472590881,1.0,0.0,True,2.7836319165363452,5.624533010659104,7.34586871227246,-1.4127339763668125,-1.8900000000000028,0.0,0.0,2.7777777777777777,2.7777777777777777,8.333333333333334,40.43223183530873,42.0,-0.46664041733139827,-0.02000000000000024,-0.9,-0.9,2.7777777777777777,2.7777777777777777
52,1.0,False,0,2.4173193618697577,1.0,0.0,True,2.8357286177143224,5.3500376741473135,7.117201510498529,-1.8211225411979057,-1.7999999999999998,0.0,0.0,2.7777777777777777,2.7777777777777777,8.333333333333334,42.79613622032363,43.11111111111111,1.0136372927273345,0.0,-1.0,-1.0,2.7777777777777777,2.7777777777777777
52,1.1,False,0,2.3173193618697563,1.0,0.0,True,2.8771755501807954,5.662168860752868,7.016136646965433,-1.208473597036623,-1.8799999999999981,0.0,0.0,2.7777777777777777,2.7777777777777777,8.333333333333334,42.34853137562901,43.666666666666664,-0.24931782247966727,-0.0499999999999996,-1.1,-1.1,2.7777777777777777,2.7777777777777777
52,1.2000000000000002,False,0,2.4173193618697577,1.0,0.0,True,2.8693292166501068,5.93662380021662,6.624846460884425,-0.23551258581792966,-1.7999999999999998,0.0,0.0,2.7777777777777777,2.7777777777777777,8.333333333333334,43.94756127315999,44.222222222222214,1.653060933391287,-0.07999999999999963,-1.2000000000000002,-1.2000000000000002,2.7777777777777777,2.7777777777777777
52,1.3,False,0,2.4173193618697577,1.0,0.0,True,2.7960815439358266,4.995269978866202,7.168871942082871,-1.1048875749216385,-1.8899999999999997,0.0,0.0,2.7777777777777777,2.7777777777777777,8.333333333333334,44.61996101175371,44.77777777777778,-0.21882526902600463,-0.09000000000000008,-1.3,-1.3,2.7777777777777777,2.7777777777777777
52,1.4000000000000001,False,0,2.314989306509196,1.0,0.0,True,3.110330699620475,4.699676784207935,7.128071230543907,-1.843797711534166,-1.8999999999999986,0.0,0.0,2.7777777777777777,2.7777777777777777,8.333333333333334,45.32581554000704,45.333333333333336,1.6479479295200536,-0.08000000000000007,-1.4000000000000001,-1.4000000000000001,2.7777777777777777,2.7777777777777777
52,1.5,False,0,2.314989306509196,1.0,0.0,True,2.7927816955861697,6.228401091289212,7.670580076608357,-1.3673853510338339,-1.7999999999999998,0.0,0.0,2.7777777777777777,2.7777777777777777,8.333333333333334,45.53565870766782,45.88888888888889,0.883528681056911,-0.04999999999999982,-1.5,-1.5,2.7777777777777777,2.7777777777777777
52,1.6,False,0,2.621979472590881,1.0,0.0,True,2.793094236056503,6.335851937501187,7.550422477807399,-1.1882626168377084,-1.879999999999999,0.0,0.0,2.7777777777777777,2.7777777777777777,8.333333333333334,43.08908173500176,45.88888888888889,-0.052859290878100484,-0.1599999999999997,-1.6,-1.6,2.7777777777777777,2.7777777777777777
52,1.7000000000000002,False,0,2.519649417230319,1.0,0.0,True,2.8312293962863246,5.563992721605243,7.022094456358656,-0.6302218656834231,-1.8300000000000005,0.0,0.0,2.7777777777777777,2.7777777777777777,8.333333333333334,44.954878387096855,46.44444444444444,2.330002784178378,-0.09999999999999964,-1.7000000000000002,-1.7000000000000002,2.7777777777777777,2.7777777777777777
53,0.0,False,0,4.0,1.0,1.0,True,8.333333333333334,-4.261040360140885,-4.222222222222217,3.1966582905643963,1.6,0.0,0.0,2.7777777777777777,2.7777777777777777,,,,,,,,,
53,0.1,False,0,4.0,1.0,1.0,True,3.0888333333333318,0.0911497509050152,0.23222222222214572,1.6761076709353921,0.5600000000000023,-0.1,-0.1,2.7777777777777777,2.7777777777777777,0.0,11.309057232951073,11.277053811909507,-1.5010334092076276,-0.00999999999999579,-0.1,-0.1,2.7777777777777777,2.7777777777777777
53,0.2,False,0,2.294523295437086,1.0,0.0,True,2.8110221355472436,6.200866455616702,6.912688816782901,1.5070427740830659,-0.49999999999999556,-0.2,-0.2,2.7777777777777777,2.7777777777777777,5.974333333333332,8.928045260965387,9.261899999999908,-0.5378274233830533,-0.019999999999997353,-0.2,-0.2,2.7777777777777777,2.7777777777777777
53,0.30000000000000004,False,0,2.499183406158204,1.0,0.0,True,2.935548905897114,5.490107227665985,7.471507380856292,-0.6280892550253303,-1.5500000000000052,-0.30000000000000004,-0.30000000000000004,2.7777777777777777,2.7777777777777777,8.333333333333334,22.803187700340093,22.99999999999996,-1.6962893245710857,-0.020000000000001572,-0.30000000000000004,-0.30000000000000004,2.7777777777777777,2.7777777777777777
53,0.4,False,0,2.499183406158204,1.0,0.0,True,2.8746348000382502,5.816111345866273,7.32201304857858,-1.703532081871085,-1.880000000000006,0.0,0.0,2.7777777777777777,2.7777777777777777,8.333333333333334,30.411850971110187,30.777777777777775,-0.7743350239651636,-6.661338147750939e-16,-0.4,-0.4,2.7777777777777777,2.7777777777777777
53,0.5,False,0,2.396853350797645,1.0,0.0,True,2.9521279998913323,5.635288096323689,7.088463690236279,-1.6169097831866255,-1.85,0.0,0.0,2.7777777777777777,2.7777777777777777,8.333333333333334,35.674553010888914,35.22222222222223,-0.8383559970680936,0.0,-0.5,-0.5,2.7777777777777777,2.7777777777777777
53,0.6000000000000001,False,0,2.499183406158204,1.0,0.0,True,2.7919352348733115,4.673970560923405,6.828246598077581,-1.8784252106546455,-1.8599999999999959,0.0,0.0,2.7777777777777777,2.7777777777777777,8.333333333333334,36.83425715868114,38.0,1.8066729921895646,-0.019999999999999574,-0.6000000000000001,-0.6000000000000001,2.7777777777777777,2.7777777777777777
53,0.7000000000000001,False,0,2.499183406158204,1.0,0.0,True,2.8654356540766455,5.48052433059581,7.332699342081821,-1.7101735079198475,-1.899999999999999,0.0,0.0,2.7777777777777777,2.7777777777777777,8.333333333333334,40.58800444456929,40.22222222222223,-0.8784108752710802,-0.009999999999999343,-0.7000000000000001,-0.7000000000000001,2.7777777777777777,2.7777777777777777
53,0.8,False,0,2.499183406158204,1.0,0.0,True,2.862516881756604,5.583577164555476,7.0371460639735774,-1.092045915253769,-1.8799999999999994,0.0,0.0,2.7777777777777777,2.7777777777777777,8.333333333333334,39.750764698523454,41.888888888888886,-0.8989715113651484,-2.220446049250313e-16,-0.8,-0.8,2.7777777777777777,2.7777777777777777
53,0.9,False,0,2.294523295437086,1.0,0.0,True,2.7845164111991574,5.840278770701443,6.935898093521655,-1.073615003548004,-1.8900000000000028,0.0,0.0,2.7777777777777777,2.7777777777777777,8.333333333333334,41.533997408435525,43.0,-1.6566528713300825,-0.02000000000000024,-0.9,-0.9,2.7777777777777777,2.7777777777777777
53,1.0,False,0,2.1921932400765245,1.0,0.0,True,2.7795054964029657,5.947546772563553,7.078951510095547,-0.20844422646789273,-1.7999999999999998,0.0,0.0,2.7777777777777777,2.7777777777777777,8.333333333333334,44.32772100437868,44.11111111111111,1.4145733256194037,0.0,-1.0,-1.0,2.7777777777777777,2.7777777777777777
53,1.1,False,0,2.499183406158204,1.0,0.0,True,2.831754204924639,6.037673646325797,7.99158736370033,-1.6594661359540543,-1.8799999999999981,0.0,0.0,2.7777777777777777,2.7777777777777777,8.333333333333334,43.91180288337086,44.666666666666664,1.7266225435078129,-0.0499999999999996,-1.1,-1.1,2.7777777777777777,2.7777777777777777
53,1.2000000000000002,False,0,2.7038435168793273,1.0,0.0,True,3.0173905994118972,5.327056341686284,7.250823543286782,-1.4034905466933485,-1.7999999999999998,0.0,0.0,2.7777777777777777,2.7777777777777777,8.333333333333334,45.5916049972476,45.222222222222214,1.5981603373027196,-0.07999999999999963,-1.2000000000000002,-1.2000000000000002,2.7777777777777777,2.7777777777777777
53,1.3,False,0,2.399183406158205,1.0,0.0,True,2.88407967341443,5.749195584401261,7.318541204592916,-1.112605574020402,-1.8899999999999997,0.0,0.0,2.7777777777777777,2.7777777777777777,8.333333333333334,46.739865524624975,45.77777777777778,-0.3631407616194564,-0.09000000000000008,-1.3,-1.3,2.7777777777777777,2.7777777777777777
53,1.4000000000000001,False,0,2.396853350797645,1.0,0.0,True,2.8069892289119363,5.47079522335778,7.1462447822136825,-0.8648934993935056,-1.8999999999999986,0.0,0.0,2.7777777777777777,2.7777777777777777,8.333333333333334,45.98785337562135,46.333333333333336,0.7740020585177518,-0.08000000000000007,-1.4000000000000001,-1.4000000000000001,2.7777777777777777,2.7777777777777777
53,1.5,False,0,2.396853350797645,1.0,0.0,True,3.003404731172568,4.671672077105282,7.2953662595625675,-1.5572742781666777,-1.7999999999999998,0.0,0.0,2.7777777777777777,2.7777777777777777,8.333333333333334,46.1869516050444,46.88888888888889,-0.1286740405366209,-0.04999999999999982,-1.5,-1.5,2.7777777777777777,2.7777777777777777
53,1.6,False,0,2.396853350797645,1.0,0.0,True,2.9226751396046846,5.128884184389318,7.066795175688324,-1.3526935703158107,-1.879999999999999,0.0,0.0,2.7777777777777777,2.7777777777777777,8.333333333333334,46.69621099470407,46.88888888888889,0.8851900413112359,-0.1599999999999997,-1.6,-1.6,2.7777777777777777,2.7777777777777777
53,1.7000000000000002,False,0,2.499183406158204,1.0,0.0,True,2.8478918653563348,5.6064585809148015,6.877375673540809,-1.0198281256107888,-1.8300000000000005,0.0,0.0,2.7777777777777777,2.7777777777777777,8.333333333333334,45.2612815358587,47.44444444444444,-0.12183152309754242,-0.09999999999999964,-1.7000000000000002,-1.7000000000000002,2.7777777777777777,2.7777777777777777
54,0.0,False,0,4.0,1.0,1.0,True,8.333333333333334,-3.531163547800946,-4.266666666666668,1.6913942470520165,1.6,0.0,0.0,2.7777777777777777,2.7777777777777777,,,,,,,,,
54,0.1,False,0,3.60000000000003,1.0,1.0,True,5.268333333333334,-2.917439495412455,-4.205849999999958,-0.6189789698910979,0.5200000000000022,-0.1,-0.1,2.7777777777777777,2.7777777777777777,5.268333333333334,8.69637909302848,8.994094444444297,0.5655491716319565,-0.00999999999999579,-0.1,-0.1,2.7777777777777777,2.7777777777777777
54,0.2,False,0,2.2686522736222527,1.0,0.0,True,2.782829581429877,5.601130490946656,7.238613106710599,-0.4861392329748855,-0.5799999999999952,-0.2,-0.2,2.7777777777777777,2.7777777777777777,6.396810984948007,10.087066551033129,9.680502234838396,0.4410002668681412,-0.019999999999997353,-0.2,-0.2,2.7777777777777777,2.7777777777777777
54,0.30000000000000004,False,0,2.3763873397255324,1.0,0.0,True,2.7963183787539316,6.264129505108866,7.170728966822378,-1.1205365384521382,-1.8899999999999975,0.0,0.0,2.7777777777777777,2.7777777777777777,8.333333333333334,22.533178780857927,23.99999999999996,-0.7321418136363804,-0.020000000000001572,-0.30000000000000004,-0.30000000000000004,2.7777777777777777,2.7777777777777777
54,0.4,False,0,2.478717395086094,1.0,0.0,True,2.811341052792137,6.338534397365604,7.459829311191695,-1.1578071343000147,-1.880000000000006,0.0,0.0,2.7777777777777777,2.7777777777777777,8.333333333333334,32.29115489750854,31.777777777777775,-1.757746549129133,-6.661338147750939e-16,-0.4,-0.4,2.7777777777777777,2.7777777777777777
54,0.5,False,0,2.478717395086094,1.0,0.0,True,2.8114034031743715,4.4431111046248875,7.228287192843195,-1.167215562110694,-1.85,0.0,0.0,2.7777777777777777,2.7777777777777777,8.333333333333334,36.24940215119271,36.22222222222223,2.222908978278641,0.0,-0.5,-0.5,2.7777777777777777,2.7777777777777777
54,0.6000000000000001,False,0,2.2740572843649707,1.0,0.0,True,2.8418777993039153,5.815636723697648,6.953530484660374,-0.8582593056157624,-1.8599999999999959,0.0,0.0,2.7777777777777777,2.7777777777777777,8.333333333333334,38.39253024791178,39.0,-1.4097833296533606,-0.019999999999999574,-0.6000000000000001,-0.6000000000000001,2.7777777777777777,2.7777777777777777
54,0.7000000000000001,False,0,2.6833775058072122,1.0,0.0,True,2.9918793618906845,5.334548520611475,7.262160463637454,-1.551199962059576,-1.899999999999999,0.0,0.0,2.7777777777777777,2.7777777777777777,8.333333333333334,41.615317357555256,41.222222222222214,-0.8691074794971376,-0.009999999999999343,-0.7000000000000001,-0.7000000000000001,2.7777777777777777,2.7777777777777777
54,0.8,False,0,2.581047450446653,1.0,0.0,True,2.8622664998736966,6.115286759173796,7.4273817964399855,-0.44592994907400674,-1.8799999999999994,0.0,0.0,2.7777777777777777,2.7777777777777777,8.333333333333334,43.58310807371842,42.888888888888886,1.1846774747182516,-2.220446049250313e-16,-0.8,-0.8,2.7777777777777777,2.7777777777777777
54,0.9,False,0,2.478717395086094,1.0,0.0,True,2.843354093338365,5.816316789368952,7.8962254709748665,-1.4278832863507045,-1.8900000000000028,0.0,0.0,2.7777777777777777,2.7777777777777777,8.333333333333334,44.678951416963585,44.0,-0.5934286015674255,-0.02000000000000024,-0.9,-0.9,2.7777777777777777,2.7777777777777777
54,1.0,False,0,2.3158027748995207,1.0,0.0,True,2.8085897683145222,4.407441532140351,6.9280065525969095,-1.7559612020900819,-1.7999999999999998,0.0,0.0,2.7777777777777777,2.7777777777777777,8.333333333333334,43.37485822878795,45.11111111111111,1.074592927852923,0.0,-1.0,-1.0,2.7777777777777777,2.7777777777777777
54,1.1,False,0,2.478717395086094,1.0,0.0,True,2.982972480592582,5.404731627048574,7.348577626752527,-1.2753766194503577,-1.8799999999999981,0.0,0.0,2.7777777777777777,2.7777777777777777,8.333333333333334,45.089843588017736,45.666666666666664,0.9446312486039905,-0.0499999999999996,-1.1,-1.1,2.7777777777777777,2.7777777777777777
54,1.2000000000000002,False,0,2.1717272290044094,1.0,0.0,True,2.8771311236017287,5.523196083317015,7.048068283751815,-1.3313650235194463,-1.7999999999999998,0.0,0.0,2.7777777777777777,2.7777777777777777,8.333333333333334,45.014764373890614,46.222222222222214,-1.62842511782558,-0.07999999999999963,-1.2000000000000002,-1.2000000000000002,2.7777777777777777,2.7777777777777777
54,1.3,False,0,2.3763873397255324,1.0,0.0,True,2.8633611240880588,5.524214874054931,7.064031354843377,-1.8348774133025065,-1.8899999999999997,0.0,0.0,2.7777777777777777,2.7777777777777777,8.333333333333334,47.80472619799473,46.77777777777778,1.5449635571418505,-0.09000000000000008,-1.3,-1.3,2.7777777777777777,2.7777777777777777
54,1.4000000000000001,False,0,2.6833775058072122,1.0,0.0,True,2.872683737574459,5.058684114775443,7.115327065476902,-1.1943530613174662,-1.8999999999999986,0.0,0.0,2.7777777777777777,2.7777777777777777,8.333333333333334,46.065439197695646,47.333333333333336,0.8721780569741107,-0.08000000000000007,-1.4000000000000001,-1.4000000000000001,2.7777777777777777,2.7777777777777777
54,1.5,False,0,2.581047450446653,1.0,0.0,True,2.790850201675989,5.889110978757015,7.477134621035771,-1.4569685401594876,-1.7999999999999998,0.0,0.0,2.7777777777777777,2.7777777777777777,8.333333333333334,48.45348133137035,47.88888888888889,1.5164077155390312,-0.04999999999999982,-1.5,-1.5,2.7777777777777777,2.7777777777777777
54,1.6,False,0,2.3763873397255324,1.0,0.0,True,2.8596786705247492,4.639445338187056,7.045432251140167,-0.19557874460514557,-1.879999999999999,0.0,0.0,2.7777777777777777,2.7777777777777777,8.333333333333334,48.35750009837815,47.88888888888889,0.40767659334476525,-0.1599999999999997,-1.6,-1.6,2.7777777777777777,2.7777777777777777
54,1.7000000000000002,False,0,2.478717395086094,1.0,0.0,True,2.794211652455353,5.956925914030106,7.124989611506945,-1.374794349489446,-1.8300000000000005,0.0,0.0,2.7777777777777777,2.7777777777777777,8.333333333333334,48.21297908781075,48.44444444444444,2.0280904506077477,-0.09999999999999964,-1.7000000000000002,-1.7000000000000002,2.7777777777777777,2.7777777777777777
55,0.0,False,0,4.0,1.0,0.8557915439628236,True,8.333333333333334,-2.523671789236846,-4.155555555555568,1.1702465609800243,1.6,0.0,0.0,2.7777777777777777,2.7777777777777777,,,,,,,,,
55,0.1,False,0,4.0,1.0,1.0,True,7.068333333333333,-3.6778130580821253,-4.245149999999913,-0.1604016172841667,0.5200000000000022,-0.1,-0.1,2.7777777777777777,2.7777777777777777,7.068333333333333,18.515525945133543,18.494794444444704,1.8781321995582365,-0.00999999999999579,-0.1,-0.1,2.7777777777777777,2.7777777777777777
55,0.2,False,0,2.3559213286534173,1.0,0.0,True,2.849088485987554,5.9757340331654065,7.134179132516022,-0.37103586389387244,-0.41999999999999593,-0.2,-0.2,2.7777777777777777,2.7777777777777777,6.921264051143703,10.189210527849436,10.454813506485348,1.5278659290482035,-0.019999999999997353,-0.2,-0.2,2.7777777777777777,2.7777777777777777
55,0.30000000000000004,False,0,2.5532368021931298,1.0,0.0,True,3.026384632928796,5.059944886732379,7.249659272197133,-1.3991421062042462,-1.7000000000000042,-0.30000000000000004,-0.30000000000000004,2.7777777777777777,2.7777777777777777,8.333333333333334,25.17908658643717,24.99999999999996,-0.7050409574199334,-0.020000000000001572,-0.30000000000000004,-0.30000000000000004,2.7777777777777777,2.7777777777777777
55,0.4,False,0,2.549015133076418,1.0,0.0,True,2.818510888964021,5.948044512376282,7.896535779001408,-0.208695590377463,-1.880000000000006,0.0,0.0,2.7777777777777777,2.7777777777777777,8.333333333333334,32.49973215704045,32.77777777777778,-0.670847786221952,-6.661338147750939e-16,-0.4,-0.4,2.7777777777777777,2.7777777777777777
55,0.5,False,0,2.5605814393745407,1.0,0.0,True,2.893432043310456,4.999102851575057,7.305981518809671,-0.4925194651142679,-1.85,0.0,0.0,2.7777777777777777,2.7777777777777777,8.333333333333334,35.953915932831904,37.22222222222223,0.5197937528557515,0.0,-0.5,-0.5,2.7777777777777777,2.7777777777777777
55,0.6000000000000001,False,0,2.4582513840139786,1.0,0.0,True,2.9128584088003113,5.761811778459983,7.5304129720029325,-1.550922453861129,-1.8599999999999959,0.0,0.0,2.7777777777777777,2.7777777777777777,8.333333333333334,38.47865171211188,40.0,-0.26902891438233745,-0.019999999999999574,-0.6000000000000001,-0.6000000000000001,2.7777777777777777,2.7777777777777777
55,0.7000000000000001,False,0,2.358251384013977,1.0,0.0,True,2.8166600541369453,4.746590218869739,7.2125677876666545,-1.0905452250678773,-1.899999999999999,0.0,0.0,2.7777777777777777,2.7777777777777777,8.333333333333334,41.41831829652246,42.222222222222214,-0.5094522097489884,-0.009999999999999343,-0.7000000000000001,-0.7000000000000001,2.7777777777777777,2.7777777777777777
55,0.8,False,0,2.4582513840139786,1.0,0.0,True,2.85389371919742,5.775410599693626,7.338605131478869,-1.1244003507553788,-1.8799999999999994,0.0,0.0,2.7777777777777777,2.7777777777777777,8.333333333333334,44.74404903975676,43.888888888888886,-0.28681896615001157,-2.220446049250313e-16,-0.8,-0.8,2.7777777777777777,2.7777777777777777
55,0.9,False,0,2.4582513840139786,1.0,0.0,True,2.8182305886855885,6.2264897555091325,7.418680384281896,-0.20255137858417793,-1.8900000000000028,0.0,0.0,2.7777777777777777,2.7777777777777777,8.333333333333334,44.20223072135498,45.0,-0.3802051234245145,-0.02000000000000024,-0.9,-0.9,2.7777777777777777,2.7777777777777777
55,1.0,False,0,2.4582513840139786,1.0,0.0,True,2.9615311676791194,5.30054803506668,6.987299158237318,-1.4211418063385706,-1.7999999999999998,0.0,0.0,2.7777777777777777,2.7777777777777777,8.333333333333334,44.849346482377626,46.11111111111111,-0.353809642089558,0.0,-1.0,-1.0,2.7777777777777777,2.7777777777777777
55,1.1,False,0,2.5605814393745407,1.0,0.0,True,2.846842583374952,5.926643242488365,7.120061742321792,-0.37915838252658274,-1.8799999999999981,0.0,0.0,2.7777777777777777,2.7777777777777777,8.333333333333334,46.383702071385805,46.666666666666664,1.1503097139328324,-0.0499999999999996,-1.1,-1.1,2.7777777777777777,2.7777777777777777
55,1.2000000000000002,False,0,2.3559213286534173,1.0,0.0,True,2.905534135245049,5.723527914268115,7.1753287230513765,-1.447183093302202,-1.7999999999999998,0.0,0.0,2.7777777777777777,2.7777777777777777,8.333333333333334,48.08013133136009,47.222222222222214,0.07508287385215584,-0.07999999999999963,-1.2000000000000002,-1.2000000000000002,2.7777777777777777,2.7777777777777777
55,1.3,False,0,2.4582513840139786,1.0,0.0,True,2.935626682599346,5.7670034668802375,7.5908150043612155,-1.336633777495818,-1.8899999999999997,0.0,0.0,2.7777777777777777,2.7777777777777777,8.333333333333334,46.68649418297635,47.77777777777778,-0.45152356324412635,-0.09000000000000008,-1.3,-1.3,2.7777777777777777,2.7777777777777777
55,1.4000000000000001,False,0,2.4582513840139786,1.0,0.0,True,2.825539861348332,6.192388680025755,7.574282248171198,-1.620715645140252,-1.8999999999999986,0.0,0.0,2.7777777777777777,2.7777777777777777,8.333333333333334,48.5898363220607,48.333333333333336,-0.36518928998046807,-0.08000000000000007,-1.4000000000000001,-1.4000000000000001,2.7777777777777777,2.7777777777777777
55,1.5,False,0,2.2507621209664084,1.0,0.0,True,2.875020687441957,4.950911884530865,6.735841567931613,-1.6449231578433379,-1.7999999999999998,0.0,0.0,2.7777777777777777,2.7777777777777777,8.333333333333334,48.32336942417371,48.88888888888889,1.1684150425653086,-0.04999999999999982,-1.5,-1.5,2.7777777777777777,2.7777777777777777
55,1.6,False,0,2.5605814393745407,1.0,0.0,True,2.897411693717233,5.777905481287871,7.435515503160642,-1.3548148033508403,-1.879999999999999,0.0,0.0,2.7777777777777777,2.7777777777777777,8.333333333333334,48.6997451050142,48.88888888888889,0.33476255251294607,-0.1599999999999997,-1.6,-1.6,2.7777777777777777,2.7777777777777777
55,1.7000000000000002,False,0,2.3308658899771526,1.0,0.0,True,2.8551573259547887,5.357244921817892,7.052477297540745,-1.2905288223836435,-1.8300000000000005,0.0,0.0,2.7777777777777777,2.7777777777777777,8.333333333333334,49.655202629644606,49.44444444444444,0.7284971908677549,-0.09999999999999964,-1.7000000000000002,-1.7000000000000002,2.7777777777777777,2.7777777777777777
56,0.0,False,0,4.0,1.0,1.0,True,8.333333333333334,-3.0526875964347964,-4.044444444444468,0.8146882240559612,1.6,0.0,0.0,2.7777777777777777,2.7777777777777777,,,,,,,,,
56,0.1,False,0,2.7000000000000313,1.0,1.0,True,2.868333333333335,-3.0409083453773205,-2.6900000000000146,0.05724505635237076,0.4300000000000028,-0.1,-0.1,2.7777777777777777,2.7777777777777777,0.0,6.585337000575092,7.542388888888863,1.1858439761873032,-0.00999999999999579,-0.1,-0.1,2.7777777777777777,2.7777777777777777
56,0.2,False,0,1.8129506595541258,1.0,0.0,True,2.827500690942389,6.103292260237038,6.141982842674008,0.894147464060115,-0.3599999999999961,-0.2,-0.2,2.7777777777777777,2.7777777777777777,8.333333333333334,12.659700736309059,10.999999999999897,0.8374821533083816,-0.019999999999997353,-0.2,-0.2,2.7777777777777777,2.7777777777777777
56,0.30000000000000004,False,0,2.540115428302425,1.0,0.0,True,2.7867930845302484,6.014642614285106,7.433357064810761,-1.8013276994013727,-1.8899999999999975,0.0,0.0,2.7777777777777777,2.7777777777777777,8.333333333333334,25.934204138438137,25.99999999999996,0.6524002434978464,-0.020000000000001572,-0.30000000000000004,-0.30000000000000004,2.7777777777777777,2.7777777777777777
56,0.4,False,0,2.233125262220747,1.0,0.0,True,2.908124306936344,5.3792571277170085,7.589489973107047,-0.3678273162774719,-1.880000000000006,0.0,0.0,2.7777777777777777,2.7777777777777777,8.333333333333334,35.056471909634105,33.77777777777778,-0.08550805109010717,-6.661338147750939e-16,-0.4,-0.4,2.7777777777777777,2.7777777777777777
56,0.5,False,0,2.84710559438411,1.0,0.0,True,2.921261252881775,5.8214582836665985,7.162747032330796,-1.2275915275875557,-1.85,0.0,0.0,2.7777777777777777,2.7777777777777777,8.333333333333334,39.17299760538759,38.22222222222223,0.3458863246171169,0.0,-0.5,-0.5,2.7777777777777777,2.7777777777777777
56,0.6000000000000001,False,0,2.219685422409574,1.0,0.0,True,2.7798583351342385,6.058702212289188,6.690309917405242,-1.822656342729653,-1.8599999999999959,0.0,0.0,2.7777777777777777,2.7777777777777777,8.333333333333334,40.54903735144656,41.0,0.9401626745625209,-0.019999999999999574,-0.6000000000000001,-0.6000000000000001,2.7777777777777777,2.7777777777777777
56,0.7000000000000001,False,0,2.540115428302425,1.0,0.0,True,3.0047647545543583,4.026193350751325,7.221201635425484,-1.6338949101157154,-1.899999999999999,0.0,0.0,2.7777777777777777,2.7777777777777777,8.333333333333334,41.58395812574065,43.222222222222214,-1.2126762891708318,-0.009999999999999343,-0.7000000000000001,-0.7000000000000001,2.7777777777777777,2.7777777777777777
56,0.8,False,0,2.3569416866124797,1.0,0.0,True,3.014911408576622,3.341938543777201,7.238872369924576,-0.9095812513141636,-1.8799999999999994,0.0,0.0,2.7777777777777777,2.7777777777777777,8.333333333333334,45.695079058991865,44.888888888888886,1.9445760017506548,-2.220446049250313e-16,-0.8,-0.8,2.7777777777777777,2.7777777777777777
56,0.9,False,0,2.4377853729418675,1.0,0.0,True,2.7798538568890665,4.596741195170606,7.670665614342366,-0.7605997649617013,-1.8900000000000028,0.0,0.0,2.7777777777777777,2.7777777777777777,8.333333333333334,45.620090291021796,46.0,0.015255622749819953,-0.02000000000000024,-0.9,-0.9,2.7777777777777777,2.7777777777777777
56,1.0,False,0,2.642445483662987,1.0,0.0,True,2.8228866840934486,5.339917910289739,6.889669681137161,-1.2356594594498547,-1.7999999999999998,0.0,0.0,2.7777777777777777,2.7777777777777777,8.333333333333334,47.39953035139734,47.11111111111111,0.131619291241603,0.0,-1.0,-1.0,2.7777777777777777,2.7777777777777777
56,1.1,False,0,2.540115428302425,1.0,0.0,True,2.8868649209738786,4.895307653903854,7.607314287190843,-0.26112523906028695,-1.8799999999999981,0.0,0.0,2.7777777777777777,2.7777777777777777,8.333333333333334,46.60464647151859,47.66666666666667,-0.26241528995706154,-0.0499999999999996,-1.1,-1.1,2.7777777777777777,2.7777777777777777
56,1.2000000000000002,False,0,2.540115428302425,1.0,0.0,True,2.804858028655936,6.215988698069478,7.318347528483341,-1.1256982781013556,-1.7999999999999998,0.0,0.0,2.7777777777777777,2.7777777777777777,8.333333333333334,47.600249252633574,48.222222222222214,-0.43540892529220554,-0.07999999999999963,-1.2000000000000002,-1.2000000000000002,2.7777777777777777,2.7777777777777777
56,1.3,False,0,2.335455317581307,1.0,0.0,True,2.7918252263308148,5.192634578906945,7.810701789066241,-0.8263333177695242,-1.8899999999999997,0.0,0.0,2.7777777777777777,2.7777777777777777,8.333333333333334,47.750227445919236,48.77777777777778,2.244845371818809,-0.09000000000000008,-1.3,-1.3,2.7777777777777777,2.7777777777777777
56,1.4000000000000001,False,0,2.540115428302425,1.0,0.0,True,2.8588953998865,6.099269653425236,7.732474954650184,-1.4601767452578513,-1.8999999999999986,0.0,0.0,2.7777777777777777,2.7777777777777777,8.333333333333334,48.92304667983034,49.333333333333336,-1.4676738318980445,-0.08000000000000007,-1.4000000000000001,-1.4000000000000001,2.7777777777777777,2.7777777777777777
56,1.5,False,0,2.4377853729418675,1.0,0.0,True,2.8138363086703757,6.102101863694554,7.237344661439335,-0.9489589832049689,-1.7999999999999998,0.0,0.0,2.7777777777777777,2.7777777777777777,8.333333333333334,49.1849985934187,49.88888888888889,3.146678063554232,-0.04999999999999982,-1.5,-1.5,2.7777777777777777,2.7777777777777777
56,1.6,False,0,2.540115428302425,1.0,0.0,True,3.057689476721831,4.9056448221725875,7.459087355502914,-1.8167381435178516,-1.879999999999999,0.0,0.0,2.7777777777777777,2.7777777777777777,8.333333333333334,49.26101874639614,49.88888888888889,-1.5838922531935211,-0.1599999999999997,-1.6,-1.6,2.7777777777777777,2.7777777777777777
56,1.7000000000000002,False,0,2.4377853729418675,1.0,0.0,True,2.8352782970076245,5.483128110649784,7.3395849714437675,-1.6583816777066385,-1.8300000000000005,0.0,0.0,2.7777777777777777,2.7777777777777777,8.333333333333334,51.002304723598755,50.44444444444444,0.7281195774741147,-0.09999999999999964,-1.7000000000000002,-1.7000000000000002,2.7777777777777777,2.7777777777777777
57,0.0,False,0,4.0,1.0,0.0,True,8.333333333333334,-4.007365469016523,-4.1111111111110885,1.4101358545628768,1.6,0.0,0.0,2.7777777777777777,2.7777777777777777,,,,,,,,,
57,0.1,False,0,2.400000000000033,1.0,1.0,True,2.868333333333335,-3.9165912980844153,-3.0216166666667474,1.1131891319597602,0.4000000000000026,-0.1,-0.1,2.7777777777777777,2.7777777777777777,0.0,5.23957915826625,6.925272222222131,-0.9053884808673625,-0.00999999999999579,-0.1,-0.1,2.7777777777777777,2.7777777777777777
57,0.2,False,0,2.4196494172303136,1.0,0.0,True,2.865033215035562,6.027836189249311,7.347716194397376,-1.3309215761907383,-0.7799999999999945,-0.2,-0.2,2.7777777777777777,2.7777777777777777,7.574333333333334,11.230107230545737,12.13914999999987,0.21314393223461225,-0.019999999999997353,-0.2,-0.2,2.7777777777777777,2.7777777777777777
57,0.30000000000000004,False,0,2.417319361869755,1.0,0.0,True,2.8677162795677402,5.319022033421004,7.211571285618786,-1.297045174385247,-1.820000000000003,-0.30000000000000004,-0.30000000000000004,2.7777777777777777,2.7777777777777777,8.333333333333334,25.69531468395188,26.99999999999996,0.6348514111613475,-0.020000000000001572,-0.30000000000000004,-0.30000000000000004,2.7777777777777777,2.7777777777777777
57,0.4,False,0,2.519649417230315,1.0,0.0,True,2.8911422278647354,5.581680493166258,7.091711279262069,-1.1647383401162414,-1.880000000000006,0.0,0.0,2.7777777777777777,2.7777777777777777,8.333333333333334,33.41835705080607,34.77777777777778,-1.3839571084347404,-6.661338147750939e-16,-0.4,-0.4,2.7777777777777777,2.7777777777777777
57,0.5,False,0,2.417319361869755,1.0,0.0,True,2.7948279806699174,5.9401607868488755,7.11546299062253,-0.888085635364894,-1.85,0.0,0.0,2.7777777777777777,2.7777777777777777,8.333333333333334,38.06682793823137,39.22222222222223,-1.4021034651473372,0.0,-0.5,-0.5,2.7777777777777777,2.7777777777777777
57,0.6000000000000001,False,0,2.3149893065091947,1.0,0.0,True,2.875881843159639,4.413101343637945,7.2414294249033135,-1.7920448444624373,-1.8599999999999959,0.0,0.0,2.7777777777777777,2.7777777777777777,8.333333333333334,42.55443846634739,42.0,-0.49264262012706306,-0.019999999999999574,-0.6000000000000001,-0.6000000000000001,2.7777777777777777,2.7777777777777777
57,0.7000000000000001,False,0,2.417319361869755,1.0,0.0,True,2.794294760471666,5.737400740782488,7.233476664010138,-1.3458827350958962,-1.899999999999999,0.0,0.0,2.7777777777777777,2.7777777777777777,8.333333333333334,43.32610591059219,44.222222222222214,0.5798023144589481,-0.009999999999999343,-0.7000000000000001,-0.7000000000000001,2.7777777777777777,2.7777777777777777
57,0.8,False,0,2.519649417230315,1.0,0.0,True,2.922176867561278,5.797102599427089,7.361154032027199,-0.7825326512069812,-1.8799999999999994,0.0,0.0,2.7777777777777777,2.7777777777777777,8.333333333333334,44.95971761349956,45.888888888888886,0.11451947272979357,-2.220446049250313e-16,-0.8,-0.8,2.7777777777777777,2.7777777777777777
57,0.9,False,0,2.2126592511486343,1.0,0.0,True,2.8749433512600606,5.591390145936015,6.812457752324858,-1.5019550718571129,-1.8900000000000028,0.0,0.0,2.7777777777777777,2.7777777777777777,8.333333333333334,47.71553380614253,47.0,1.0959705350265327,-0.02000000000000024,-0.9,-0.9,2.7777777777777777,2.7777777777777777
57,1.0,False,0,2.2126592511486343,1.0,0.0,True,2.9153004012276575,4.876572083485724,7.188485772897875,-1.8251398278306707,-1.7999999999999998,0.0,0.0,2.7777777777777777,2.7777777777777777,8.333333333333334,49.83515109622832,48.11111111111111,-0.44921141245919927,0.0,-1.0,-1.0,2.7777777777777777,2.7777777777777777
57,1.1,False,0,2.550138994729987,1.0,0.0,True,2.8382644534343107,5.204599262458371,7.326269704483008,-1.710997213904736,-1.8799999999999981,0.0,0.0,2.7777777777777777,2.7777777777777777,8.333333333333334,47.80278324592686,48.66666666666667,0.06791641355180955,-0.0499999999999996,-1.1,-1.1,2.7777777777777777,2.7777777777777777
57,1.2000000000000002,False,0,2.3149893065091947,1.0,0.0,True,2.909438928265949,5.039792112152694,7.387734150119738,-1.489746256470469,-1.7999999999999998,0.0,0.0,2.7777777777777777,2.7777777777777777,8.333333333333334,49.85264806196594,49.222222222222214,1.353562674792952,-0.07999999999999963,-1.2000000000000002,-1.2000000000000002,2.7777777777777777,2.7777777777777777
57,1.3,False,0,2.519649417230315,1.0,0.0,True,2.8301876323609445,5.956542548080503,7.835498099048604,-0.7545575075026161,-1.8899999999999997,0.0,0.0,2.7777777777777777,2.7777777777777777,8.333333333333334,49.11670467323753,49.77777777777778,0.839837332487007,-0.09000000000000008,-1.3,-1.3,2.7777777777777777,2.7777777777777777
57,1.4000000000000001,False,0,2.724309527951433,0.9649633335771054,0.0,True,2.9417794201596674,5.591750545899711,7.213192190843555,-1.4489434182830043,-1.8999999999999986,0.0,0.0,2.7777777777777777,2.7777777777777777,8.333333333333334,50.860574164801946,50.33333333333333,-0.19479886090722065,-0.08000000000000007,-1.4000000000000001,-1.4000000000000001,2.7777777777777777,2.7777777777777777
57,1.5,False,0,2.3173193618697536,1.0,0.0,True,2.781041057272929,6.3714978786831695,7.556821501691698,-1.1519799064895546,-1.7999999999999998,0.0,0.0,2.7777777777777777,2.7777777777777777,8.333333333333334,52.31226237165662,50.88888888888889,2.567149168390968,-0.04999999999999982,-1.5,-1.5,2.7777777777777777,2.7777777777777777
57,1.6,False,0,2.417319361869755,1.0,0.0,True,3.104808967803469,4.4086119183921655,7.767895408014081,-0.6005667691395093,-1.879999999999999,0.0,0.0,2.7777777777777777,2.7777777777777777,8.333333333333334,49.798728514361514,50.88888888888889,2.225120814549163,-0.1599999999999997,-1.6,-1.6,2.7777777777777777,2.7777777777777777
57,1.7000000000000002,False,0,2.417319361869755,1.0,0.0,True,2.878780034052294,5.706298771954505,7.118012868546086,-1.8417309229311507,-1.8300000000000005,0.0,0.0,2.7777777777777777,2.7777777777777777,8.333333333333334,50.9628716234087,51.44444444444444,-1.323819178190357,-0.09999999999999964,-1.7000000000000002,-1.7000000000000002,2.7777777777777777,2.7777777777777777
58,0.0,False,0,4.0,1.0,1.0,True,8.333333333333334,-3.9242571002543825,-4.222222222222189,2.1270296911602338,1.6,0.0,0.0,2.7777777777777777,2.7777777777777777,,,,,,,,,
58,0.1,False,0,3.4000000000000297,1.0,1.0,True,6.468333333333334,-1.3049487694192434,-4.279438888888936,1.7363989975203786,0.4500000000000024,-0.1,-0.1,2.7777777777777777,2.7777777777777777,6.468333333333334,13.841823775406777,12.655994444444527,1.066332343994039,-0.00999999999999579,-0.1,-0.1,2.7777777777777777,2.7777777777777777
58,0.2,False,0,2.294523295437085,1.0,0.0,True,2.797346257159079,5.911215718297808,6.9427334967786125,-1.7062907987854299,-0.6399999999999952,-0.2,-0.2,2.7777777777777777,2.7777777777777777,8.333333333333334,12.65534107497761,12.999999999999897,-0.29611044456302293,-0.019999999999997353,-0.2,-0.2,2.7777777777777777,2.7777777777777777
58,0.30000000000000004,False,0,2.396853350797642,1.0,0.0,True,2.826548937142576,3.422438365774238,7.262167951169599,-1.6292061960797517,-1.820000000000003,-0.30000000000000004,-0.30000000000000004,2.7777777777777777,2.7777777777777777,8.333333333333334,24.901380703125742,27.99999999999996,-1.3649216937701627,-0.020000000000001572,-0.30000000000000004,-0.30000000000000004,2.7777777777777777,2.7777777777777777
58,0.4,False,0,2.4991834061582026,1.0,0.0,True,2.857398162311924,5.1424141481396335,7.473386939832392,-0.48882349271300685,-1.880000000000006,0.0,0.0,2.7777777777777777,2.7777777777777777,8.333333333333334,35.610703840871246,35.77777777777778,0.33062221916869916,-6.661338147750939e-16,-0.4,-0.4,2.7777777777777777,2.7777777777777777
58,0.5,False,0,2.4991834061582026,1.0,0.0,True,2.8883588301505707,5.308671247738116,7.4293944783190655,-1.4143521760852622,-1.85,0.0,0.0,2.7777777777777777,2.7777777777777777,8.333333333333334,40.07847192961668,40.22222222222223,-1.869942629234542,0.0,-0.5,-0.5,2.7777777777777777,2.7777777777777777
58,0.6000000000000001,False,0,2.601513461518763,1.0,0.0,True,2.810139664558572,5.743975140969707,7.193081880941475,-0.3289735475444622,-1.8599999999999959,0.0,0.0,2.7777777777777777,2.7777777777777777,8.333333333333334,41.07976410104365,43.0,0.1814932874591353,-0.019999999999999574,-0.6000000000000001,-0.6000000000000001,2.7777777777777777,2.7777777777777777
58,0.7000000000000001,False,0,2.396853350797642,1.0,0.0,True,2.8247177457967316,5.513092868229731,6.747943302386358,-0.27861402258962964,-1.899999999999999,0.0,0.0,2.7777777777777777,2.7777777777777777,8.333333333333334,45.301301781703,45.222222222222214,0.8716907918123966,-0.009999999999999343,-0.7000000000000001,-0.7000000000000001,2.7777777777777777,2.7777777777777777
58,0.8,False,0,2.396853350797642,1.0,0.0,True,3.094419734897369,4.558591130534222,6.894575368939582,-1.150976044166372,-1.8799999999999994,0.0,0.0,2.7777777777777777,2.7777777777777777,8.333333333333334,45.1083133708195,46.888888888888886,0.9537440318071555,-2.220446049250313e-16,-0.8,-0.8,2.7777777777777777,2.7777777777777777
58,0.9,False,0,2.601513461518763,1.0,0.0,True,2.8548822821327415,5.372220967089302,7.307677706609849,-1.8898910754533598,-1.8900000000000028,0.0,0.0,2.7777777777777777,2.7777777777777777,8.333333333333334,47.648731652821155,48.0,-0.6446178387452934,-0.02000000000000024,-0.9,-0.9,2.7777777777777777,2.7777777777777777
58,1.0,False,0,2.4213407893183145,1.0,0.0,True,2.7893147700428047,6.44154024878321,7.124936835072757,-1.5480663583322525,-1.7999999999999998,0.0,0.0,2.7777777777777777,2.7777777777777777,8.333333333333334,48.47899129514135,49.11111111111111,2.7856263533573444,0.0,-1.0,-1.0,2.7777777777777777,2.7777777777777777
58,1.1,False,0,2.4991834061582026,1.0,0.0,True,2.804433845979178,6.1307496027308135,6.924071693648199,-1.6510189430070552,-1.8799999999999981,0.0,0.0,2.7777777777777777,2.7777777777777777,8.333333333333334,50.52748550429675,49.66666666666667,-0.5833654087208222,-0.0499999999999996,-1.1,-1.1,2.7777777777777777,2.7777777777777777
58,1.2000000000000002,False,0,2.396853350797642,1.0,0.0,True,2.8452364157442083,6.169266735185414,7.05093960162277,-1.6515556843318355,-1.7999999999999998,0.0,0.0,2.7777777777777777,2.7777777777777777,8.333333333333334,50.06471967371934,50.222222222222214,-1.3043898537089478,-0.07999999999999963,-1.2000000000000002,-1.2000000000000002,2.7777777777777777,2.7777777777777777
58,1.3,False,0,2.5925633493956948,1.0,0.0,True,2.821699205647012,5.601701353678348,7.073625476427819,-0.29036856788635657,-1.8899999999999997,0.0,0.0,2.7777777777777777,2.7777777777777777,8.333333333333334,50.733947721784226,50.77777777777778,0.5714930903634969,-0.09000000000000008,-1.3,-1.3,2.7777777777777777,2.7777777777777777
58,1.4000000000000001,False,0,2.396853350797642,1.0,0.0,True,2.92873324466634,4.928569717118944,7.24936876360155,-0.9334062076583871,-1.8999999999999986,0.0,0.0,2.7777777777777777,2.7777777777777777,8.333333333333334,52.11603965330738,51.33333333333333,-0.5345050220541521,-0.08000000000000007,-1.4000000000000001,-1.4000000000000001,2.7777777777777777,2.7777777777777777
58,1.5,False,0,2.4991834061582026,1.0,0.0,True,2.8989004988436724,4.725601556045842,7.311084668045976,-1.475711464375805,-1.7999999999999998,0.0,0.0,2.7777777777777777,2.7777777777777777,8.333333333333334,51.026864644095006,51.88888888888889,-1.1537899550994326,-0.04999999999999982,-1.5,-1.5,2.7777777777777777,2.7777777777777777
58,1.6,False,0,2.4991834061582026,1.0,0.0,True,2.9987267779107896,5.249238302693979,7.440798816746008,-0.284908222106967,-1.879999999999999,0.0,0.0,2.7777777777777777,2.7777777777777777,8.333333333333334,52.277592795003905,51.88888888888889,0.6896510282644099,-0.1599999999999997,-1.6,-1.6,2.7777777777777777,2.7777777777777777
58,1.7000000000000002,False,0,2.399183406158201,1.0,0.0,True,2.889360408405334,5.997286426561939,6.966214302144292,-0.5302465747804292,-1.8300000000000005,0.0,0.0,2.7777777777777777,2.7777777777777777,8.333333333333334,50.45649003368091,52.44444444444444,-0.08774715780511677,-0.09999999999999964,-1.7000000000000002,-1.7000000000000002,2.7777777777777777,2.7777777777777777
59,0.0,False,0,4.0,1.0,1.0,True,8.333333333333334,-3.2842104462197765,-4.266666666666711,2.0016705335777303,1.6,0.0,0.0,2.7777777777777777,2.7777777777777777,,,,,,,,,
59,0.1,False,0,2.6000000000000334,1.0,1.0,True,5.868333333333334,-2.5716434067404945,-4.150550000000027,1.1203310290143138,0.4300000000000028,-0.1,-0.1,2.7777777777777777,2.7777777777777777,5.268333333333334,8.255466368592476,6.568994444444312,0.450991456278814,-0.00999999999999579,-0.1,-0.1,2.7777777777777777,2.7777777777777777
59,0.2,False,0,1.9632152325344132,1.0,0.0,True,2.8203219570650675,5.164029907221388,6.544134672117079,-0.0938996293632659,-0.5199999999999956,-0.2,-0.2,2.7777777777777777,2.7777777777777777,8.333333333333334,12.848173930477795,13.999999999999897,1.1164556315664353,-0.019999999999997353,-0.2,-0.2,2.7777777777777777,2.7777777777777777
59,0.30000000000000004,False,0,2.5810474504466505,1.0,0.0,True,2.83981162832481,4.29201234327108,7.412237183513068,-1.2758113904461053,-1.8899999999999975,0.0,0.0,2.7777777777777777,2.7777777777777777,8.333333333333334,28.413141370619886,28.99999999999996,-0.4980684440791947,-0.020000000000001572,-0.30000000000000004,-0.30000000000000004,2.7777777777777777,2.7777777777777777
59,0.4,False,0,2.5810474504466505,1.0,0.0,True,2.9048756932194175,5.18912075130292,7.125213068521828,-0.39049368598522394,-1.880000000000006,0.0,0.0,2.7777777777777777,2.7777777777777777,8.333333333333334,36.16014791093958,36.77777777777778,-1.7068555465423922,-6.661338147750939e-16,-0.4,-0.4,2.7777777777777777,2.7777777777777777
59,0.5,False,0,2.478717395086093,1.0,0.0,True,2.914102992783304,5.415737415213923,7.272726409449061,-1.4676828656316214,-1.85,0.0,0.0,2.7777777777777777,2.7777777777777777,8.333333333333334,42.034322977871426,41.22222222222223,1.1778403302942757,0.0,-0.5,-0.5,2.7777777777777777,2.7777777777777777
59,0.6000000000000001,False,0,2.376387339725535,1.0,0.0,True,2.977520984395408,5.411618388316396,7.344440750315553,-1.7460517878671373,-1.8599999999999959,0.0,0.0,2.7777777777777777,2.7777777777777777,8.333333333333334,43.350028951519334,44.0,0.5168213875729677,-0.019999999999999574,-0.6000000000000001,-0.6000000000000001,2.7777777777777777,2.7777777777777777
59,0.7000000000000001,False,0,2.376387339725535,1.0,0.0,True,2.892585464722349,5.97641852458514,7.474720655385224,-1.7293068547283872,-1.899999999999999,0.0,0.0,2.7777777777777777,2.7777777777777777,8.333333333333334,43.97574103132554,46.222222222222214,-0.9503838883623013,-0.009999999999999343,-0.7000000000000001,-0.7000000000000001,2.7777777777777777,2.7777777777777777
59,0.8,False,0,2.666515053288849,1.0,0.0,True,2.8797624873430516,5.9812151352320315,7.743874954466276,-0.9375709202974313,-1.8799999999999994,0.0,0.0,2.7777777777777777,2.7777777777777777,8.333333333333334,46.16610729772698,47.888888888888886,0.36621112877222517,-2.220446049250313e-16,-0.8,-0.8,2.7777777777777777,2.7777777777777777
59,0.9,False,0,2.376387339725535,1.0,0.0,True,2.887155820959661,5.921265243862618,7.189722091200193,-1.265627521996383,-1.8900000000000028,0.0,0.0,2.7777777777777777,2.7777777777777777,8.333333333333334,47.76634993237364,49.0,0.6175617538690026,-0.02000000000000024,-0.9,-0.9,2.7777777777777777,2.7777777777777777
59,1.0,False,0,2.1717272290044147,1.0,0.0,True,2.860493518095377,5.784028976759626,6.990438048512385,-1.5689912630714622,-1.7999999999999998,0.0,0.0,2.7777777777777777,2.7777777777777777,8.333333333333334,52.08353728501741,50.11111111111111,-1.3428362206016917,0.0,-1.0,-1.0,2.7777777777777777,2.7777777777777777
59,1.1,False,0,2.376387339725535,1.0,0.0,True,3.010147310895335,5.03216434715078,7.4511089926894245,-1.1006481058155106,-1.8799999999999981,0.0,0.0,2.7777777777777777,2.7777777777777777,8.333333333333334,48.10307364545366,50.66666666666667,-0.6983136677573054,-0.0499999999999996,-1.1,-1.1,2.7777777777777777,2.7777777777777777
59,1.2000000000000002,False,0,2.376387339725535,1.0,0.0,True,2.8251503703957255,6.128047377369666,7.385505895158954,-1.8667828248988045,-1.7999999999999998,0.0,0.0,2.7777777777777777,2.7777777777777777,8.333333333333334,51.305422075010526,51.222222222222214,-0.4459570461582598,-0.07999999999999963,-1.2000000000000002,-1.2000000000000002,2.7777777777777777,2.7777777777777777
59,1.3,False,0,2.5810474504466505,1.0,0.0,True,2.815721264959684,3.8393107548719856,7.36133835119858,-1.0750966247700022,-1.8899999999999997,0.0,0.0,2.7777777777777777,2.7777777777777777,8.333333333333334,48.63260820568702,51.77777777777778,-1.35046741681104,-0.09000000000000008,-1.3,-1.3,2.7777777777777777,2.7777777777777777
59,1.4000000000000001,False,0,2.5810474504466505,1.0,0.0,True,2.7846480250970576,5.884436414803813,7.80361148089585,-1.7467064329976354,-1.8999999999999986,0.0,0.0,2.7777777777777777,2.7777777777777777,8.333333333333334,52.15347233381618,52.33333333333333,-0.34746966154025083,-0.08000000000000007,-1.4000000000000001,-1.4000000000000001,2.7777777777777777,2.7777777777777777
59,1.5,False,0,2.376387339725535,1.0,0.0,True,2.783443500109476,6.296071298779435,7.6280272939441405,-1.647291264165152,-1.7999999999999998,0.0,0.0,2.7777777777777777,2.7777777777777777,8.333333333333334,52.66184268332959,52.88888888888889,0.18911411121846733,-0.04999999999999982,-1.5,-1.5,2.7777777777777777,2.7777777777777777
59,1.6,False,0,2.2740572843649747,1.0,0.0,True,2.9272365167724193,5.349157340549763,7.291074411325508,-1.3059007706203833,-1.879999999999999,0.0,0.0,2.7777777777777777,2.7777777777777777,8.333333333333334,53.831837036362195,52.88888888888889,0.40993750680365393,-0.1599999999999997,-1.6,-1.6,2.7777777777777777,2.7777777777777777
59,1.7000000000000002,False,0,2.478717395086093,1.0,0.0,True,2.7930370254508645,6.1474253972815776,7.2209219057114185,-1.4331862031222853,-1.8300000000000005,0.0,0.0,2.7777777777777777,2.7777777777777777,8.333333333333334,51.83026360739366,53.44444444444444,0.5192786215942511,-0.09999999999999964,-1.7000000000000002,-1.7000000000000002,2.7777777777777777,2.7777777777777777
