long_dist,lat_vel,Crash,Crash type,minTTC,reacted,ego_speed,perceived_gap,true_gap,perceived_lat_gap,true_lat_gap,perceived_lat_speed,true_lat_speed,perceived_speed,true_speed,entry_ego_speed,entry_perceived_gap,entry_true_gap,entry_perceived_lat_gap,entry_true_lat_gap,entry_perceived_lat_speed,entry_true_lat_speed,entry_perceived_speed,entry_true_speed
1,0.0,False,0,4.0,True,13.88888888888889,-4.2267506415880245,-4.044444444444443,1.2810816267916714,1.6,0.0,0.0,2.7777777777777777,2.7777777777777777,,,,,,,,,
1,0.1,False,0,4.0,True,13.88888888888889,-3.1860474461086765,-4.044444444444443,1.0747527706714912,1.5500000000000003,-0.1,-0.1,2.7777777777777777,2.7777777777777777,13.88888888888889,171.0130212640837,169.28888888888855,1.460537507665932,-0.00999999999999579,-0.1,-0.1,2.7777777777777777,2.7777777777777777
1,0.2,False,0,4.0,True,13.88888888888889,-2.940201431982258,-4.044444444444443,-0.5606574707590757,1.5,-0.2,-0.2,2.7777777777777777,2.7777777777777777,13.88888888888889,80.5650618185241,80.39999999999986,0.9645239399768335,-0.019999999999997353,-0.2,-0.2,2.7777777777777777,2.7777777777777777
1,0.30000000000000004,False,0,4.0,True,13.88888888888889,-3.7687941800008264,-4.044444444444443,-1.479652561779992,1.4500000000000002,-0.30000000000000004,-0.30000000000000004,2.7777777777777777,2.7777777777777777,13.88888888888889,52.342290616099504,50.399999999999935,-1.5362762379903374,-0.020000000000001572,-0.30000000000000004,-0.30000000000000004,2.7777777777777777,2.7777777777777777
1,0.4,False,0,3.200000000000001,True,13.88888888888889,-2.632249118101851,-4.044444444444443,1.6677081896641295,1.4,-0.4,-0.4,2.7777777777777777,2.7777777777777777,13.88888888888889,35.609759971055254,34.844444444444406,-0.24724279918913705,-6.661338147750939e-16,-0.4,-0.4,2.7777777777777777,2.7777777777777777
1,0.5,False,0,2.400000000000001,True,13.88888888888889,-3.642442936133734,-4.044444444444443,3.7422444605557357,1.35,-0.5,-0.5,2.7777777777777777,2.7777777777777777,13.88888888888889,24.878069029251943,25.955555555555538,-0.932891577786463,0.0,-0.5,-0.5,2.7777777777777777,2.7777777777777777
1,0.6000000000000001,False,0,1.866666666666667,True,13.88888888888889,-3.782175606421305,-4.044444444444443,2.511864581724724,1.3000000000000003,-0.6000000000000001,-0.6000000000000001,2.7777777777777777,2.7777777777777777,13.88888888888889,21.89125574984209,20.399999999999995,0.25383095578348325,-0.019999999999999574,-0.6000000000000001,-0.6000000000000001,2.7777777777777777,2.7777777777777777
1,0.7000000000000001,False,0,1.4857142857142855,True,13.88888888888889,-3.5333116248852052,-4.044444444444443,0.6869313447013861,1.25,-0.7000000000000001,-0.7000000000000001,2.7777777777777777,2.7777777777777777,13.88888888888889,16.00370256144433,15.95555555555556,-0.040893652254898605,-0.009999999999999343,-0.7000000000000001,-0.7000000000000001,2.7777777777777777,2.7777777777777777
1,0.8,False,0,1.2000000000000004,True,13.88888888888889,-2.7661848359085086,-4.044444444444443,-0.4735987277714664,1.2000000000000002,-0.8,-0.8,2.7777777777777777,2.7777777777777777,13.88888888888889,11.198026699250946,12.622222222222224,-1.142590220782164,-2.220446049250313e-16,-0.8,-0.8,2.7777777777777777,2.7777777777777777
1,0.9,False,0,0.9777777777777776,True,13.88888888888889,-1.9118954648025204,-4.044444444444443,2.8868931877160713,1.15,-0.9,-0.9,2.7777777777777777,2.7777777777777777,13.88888888888889,10.77959617620835,10.400000000000002,-1.2813103734263556,-0.02000000000000024,-0.9,-0.9,2.7777777777777777,2.7777777777777777
1,1.0,False,0,0.8000000000000003,True,13.88888888888889,-4.096084815624931,-4.044444444444443,3.3513578857869963,1.1,-1.0,-1.0,2.7777777777777777,2.7777777777777777,13.88888888888889,9.476072201200047,8.17777777777778,1.2000801726717891,0.0,-1.0,-1.0,2.7777777777777777,2.7777777777777777
1,1.1,False,0,0.5545454545454548,True,13.129888888888889,-3.536970471153907,-4.1709444444444435,-0.17724655663924826,1.0500000000000003,-1.1,-1.1,2.7777777777777777,2.7777777777777777,12.623888888888889,5.568069873189343,5.725766666666668,2.368892529421958,-0.0499999999999996,-1.1,-1.1,2.7777777777777777,2.7777777777777777
1,1.2000000000000002,False,0,0.5333333333333333,True,13.88888888888889,-3.9906597417895275,-4.044444444444443,1.6457255808785956,1.0,-1.2000000000000002,-1.2000000000000002,2.7777777777777777,2.7777777777777777,13.88888888888889,7.2479461496569195,5.955555555555557,1.823180460015835,-0.07999999999999963,-1.2000000000000002,-1.2000000000000002,2.7777777777777777,2.7777777777777777
1,1.3,False,0,0.33076923076923087,True,13.129888888888889,-4.226108404972289,-4.246844444444444,0.5036483639682556,0.9500000000000002,-1.3,-1.3,2.7777777777777777,2.7777777777777777,12.623888888888889,5.271622713804359,3.680644444444444,0.6154090680925024,-0.09000000000000008,-1.3,-1.3,2.7777777777777777,2.7777777777777777
1,1.4000000000000001,False,0,0.3428571428571428,True,13.88888888888889,-3.2752018533865392,-4.044444444444443,1.2873719570921645,0.8999999999999999,-1.4000000000000001,-1.4000000000000001,2.7777777777777777,2.7777777777777777,13.76238888888889,3.699648886695738,3.6447833333333337,0.7395505634193857,-0.08000000000000007,-1.4000000000000001,-1.4000000000000001,2.7777777777777777,2.7777777777777777
1,1.5,False,0,0.16666666666666666,True,13.129888888888889,-3.4403481760516375,-4.246844444444444,1.3769707394021382,0.8500000000000001,-1.5,-1.5,2.7777777777777777,2.7777777777777777,12.623888888888889,1.2023867379476103,1.6608222222222233,-0.9668616386926636,-0.04999999999999982,-1.5,-1.5,2.7777777777777777,2.7777777777777777
1,1.6,False,0,0.20000000000000018,True,13.76238888888889,-3.1432765053416345,-4.057094444444444,0.5548912838647286,0.8000000000000003,-1.6,-1.6,2.7777777777777777,2.7777777777777777,13.50938888888889,2.3560168234068497,2.3818722222222215,1.9501075258267835,-0.1599999999999997,-1.6,-1.6,2.7777777777777777,2.7777777777777777
1,1.7000000000000002,False,0,0.1411764705882354,True,13.50938888888889,-3.4266394940792724,-4.132994444444441,1.5675568819502033,0.75,-1.7000000000000002,-1.7000000000000002,2.7777777777777777,2.7777777777777777,13.50938888888889,2.249316084480527,1.232811111111114,0.22265641084151522,-0.09999999999999964,-1.7000000000000002,-1.7000000000000002,2.7777777777777777,2.7777777777777777
2,0.0,False,0,4.0,True,13.88888888888889,-3.7137399384500496,-3.9333333333333327,1.1210517822545811,1.6,0.0,0.0,2.7777777777777777,2.7777777777777777,,,,,,,,,
2,0.1,False,0,4.0,True,13.88888888888889,-2.107771499109239,-3.9333333333333327,0.39605472678708553,1.54,-0.1,-0.1,2.7777777777777777,2.7777777777777777,13.88888888888889,168.70861945963776,168.28888888888855,1.00894904460448,-0.00999999999999579,-0.1,-0.1,2.7777777777777777,2.7777777777777777
2,0.2,False,0,4.0,True,13.88888888888889,-3.174080342349157,-3.9333333333333327,1.4738998798514427,1.48,-0.2,-0.2,2.7777777777777777,2.7777777777777777,13.88888888888889,78.65396273831914,79.39999999999986,-1.807623662002275,-0.019999999999997353,-0.2,-0.2,2.7777777777777777,2.7777777777777777
2,0.30000000000000004,False,0,4.0,True,13.88888888888889,-2.861262292555158,-3.9333333333333327,4.187251005577702,1.42,-0.30000000000000004,-0.30000000000000004,2.7777777777777777,2.7777777777777777,13.88888888888889,48.37353956288954,49.399999999999935,-1.1071306737922317,-0.020000000000001572,-0.30000000000000004,-0.30000000000000004,2.7777777777777777,2.7777777777777777
2,0.4,False,0,3.100000000000001,True,13.88888888888889,-2.7457489075545807,-3.9333333333333327,1.1432246729015731,1.3599999999999999,-0.4,-0.4,2.7777777777777777,2.7777777777777777,13.88888888888889,34.79544138891691,33.844444444444406,2.351444739348136,-6.661338147750939e-16,-0.4,-0.4,2.7777777777777777,2.7777777777777777
2,0.5,False,0,2.2999999999999994,True,13.88888888888889,-3.711885800618476,-3.9333333333333327,1.0839960210424144,1.3000000000000003,-0.5,-0.5,2.7777777777777777,2.7777777777777777,13.88888888888889,23.26663297122518,24.955555555555538,0.0209479644741144,0.0,-0.5,-0.5,2.7777777777777777,2.7777777777777777
2,0.6000000000000001,False,0,1.7666666666666662,True,13.88888888888889,-3.849632713755777,-3.9333333333333327,3.3738119867004426,1.2400000000000002,-0.6000000000000001,-0.6000000000000001,2.7777777777777777,2.7777777777777777,13.88888888888889,18.15035474450632,19.399999999999995,0.17570690153458646,-0.019999999999999574,-0.6000000000000001,-0.6000000000000001,2.7777777777777777,2.7777777777777777
2,0.7000000000000001,False,0,1.385714285714286,True,13.88888888888889,-0.5690525844788477,-3.9333333333333327,1.3234452219445045,1.1800000000000002,-0.7000000000000001,-0.7000000000000001,2.7777777777777777,2.7777777777777777,13.88888888888889,15.661314658478464,14.95555555555556,-0.8537126233065546,-0.009999999999999343,-0.7000000000000001,-0.7000000000000001,2.7777777777777777,2.7777777777777777
2,0.8,False,0,1.1000000000000003,True,13.88888888888889,-4.257945534195941,-3.9333333333333327,1.6740187780549634,1.12,-0.8,-0.8,2.7777777777777777,2.7777777777777777,13.88888888888889,12.743597973718387,11.622222222222227,0.9318846911202803,-2.220446049250313e-16,-0.8,-0.8,2.7777777777777777,2.7777777777777777
2,0.9,False,0,0.8777777777777778,True,13.88888888888889,-2.096323291212852,-3.9333333333333327,0.5878928516871063,1.06,-0.9,-0.9,2.7777777777777777,2.7777777777777777,13.88888888888889,8.216101598233898,9.400000000000002,0.13098058462494278,-0.02000000000000024,-0.9,-0.9,2.7777777777777777,2.7777777777777777
2,1.0,False,0,0.7000000000000002,True,13.88888888888889,-3.385265965040902,-3.9333333333333327,3.0788799071540374,1.0,-1.0,-1.0,2.7777777777777777,2.7777777777777777,13.88888888888889,7.4169206539053585,7.177777777777782,-0.11131397905220508,0.0,-1.0,-1.0,2.7777777777777777,2.7777777777777777
2,1.1,False,0,0.5545454545454548,True,13.88888888888889,-3.9108286955186804,-3.9333333333333327,3.2505316424951993,0.94,-1.1,-1.1,2.7777777777777777,2.7777777777777777,13.88888888888889,7.591164647403052,6.066666666666669,2.3205210255590383,-0.0499999999999996,-1.1,-1.1,2.7777777777777777,2.7777777777777777
2,1.2000000000000002,False,0,0.4333333333333333,True,13.88888888888889,-3.9572130689978735,-3.9333333333333327,1.2159626373357373,0.8799999999999999,-1.2000000000000002,-1.2000000000000002,2.7777777777777777,2.7777777777777777,13.88888888888889,6.549685081396572,4.955555555555557,-0.1992049858350009,-0.07999999999999963,-1.2000000000000002,-1.2000000000000002,2.7777777777777777,2.7777777777777777
2,1.3,False,0,0.33076923076923087,True,13.50938888888889,-2.1299834521699186,-3.9839333333333338,-0.38938128783542303,0.8199999999999998,-1.3,-1.3,2.7777777777777777,2.7777777777777777,13.50938888888889,3.563429252339266,3.528194444444442,-0.6331630123617629,-0.09000000000000008,-1.3,-1.3,2.7777777777777777,2.7777777777777777
2,1.4000000000000001,False,0,0.14285714285714265,True,12.623888888888889,-4.181861663747168,-4.186333333333333,-1.314460503074384,0.7600000000000002,-1.4000000000000001,-1.4000000000000001,2.7777777777777777,2.7777777777777777,12.623888888888889,1.4366705895055558,1.7213333333333365,-0.7616428599693059,-0.08000000000000007,-1.4000000000000001,-1.4000000000000001,2.7777777777777777,2.7777777777777777
2,1.5,False,0,0.16666666666666666,True,13.76238888888889,-3.3192631748133907,-3.9459833333333334,1.5919410225791801,0.7000000000000002,-1.5,-1.5,2.7777777777777777,2.7777777777777777,13.50938888888889,2.280533638922315,1.4451222222222215,-1.0519690236122143,-0.04999999999999982,-1.5,-1.5,2.7777777777777777,2.7777777777777777
2,1.6,False,0,0.10000000000000009,True,13.76238888888889,-3.740165272364906,-3.9459833333333334,0.7794185733394232,0.6400000000000001,-1.6,-1.6,2.7777777777777777,2.7777777777777777,13.76238888888889,1.227818511501444,1.5463222222222202,0.0650885524423499,-0.1599999999999997,-1.6,-1.6,2.7777777777777777,2.7777777777777777
2,1.7000000000000002,True,1,0.0,True,12.623888888888889,-1.6900552021592299,-4.186333333333331,-1.4572161900388263,0.5800000000000001,-1.7000000000000002,-1.7000000000000002,2.7777777777777777,2.7777777777777777,12.623888888888889,-0.41094033985679257,-0.24788888888888483,-0.8542685209381538,-0.09999999999999964,-1.7000000000000002,-1.7000000000000002,2.7777777777777777,2.7777777777777777
3,0.0,False,0,4.0,True,13.88888888888889,-3.3013729105552363,-3.82222222222222,2.37684370053084,1.6,0.0,0.0,2.7777777777777777,2.7777777777777777,,,,,,,,,
3,0.1,False,0,4.0,True,13.88888888888889,-3.5082063911434327,-3.82222222222222,1.2062790355805184,1.5300000000000002,-0.1,-0.1,2.7777777777777777,2.7777777777777777,13.88888888888889,169.28236278756123,167.28888888888855,-1.2138989320077054,-0.00999999999999579,-0.1,-0.1,2.7777777777777777,2.7777777777777777
3,0.2,False,0,4.0,True,13.88888888888889,-3.8780610763492556,-3.82222222222222,2.2267121533698773,1.46,-0.2,-0.2,2.7777777777777777,2.7777777777777777,13.88888888888889,79.4880797557491,78.39999999999986,-0.9560690149830481,-0.019999999999997353,-0.2,-0.2,2.7777777777777777,2.7777777777777777
3,0.30000000000000004,False,0,4.0,True,13.88888888888889,-3.2733066467565424,-3.82222222222222,2.2574255697213848,1.3900000000000001,-0.30000000000000004,-0.30000000000000004,2.7777777777777777,2.7777777777777777,13.88888888888889,47.568733892592206,48.399999999999935,0.5673811256388501,-0.020000000000001572,-0.30000000000000004,-0.30000000000000004,2.7777777777777777,2.7777777777777777
3,0.4,False,0,3.000000000000001,True,13.88888888888889,-3.2697740349248443,-3.82222222222222,2.6157840626541824,1.3200000000000003,-0.4,-0.4,2.7777777777777777,2.7777777777777777,13.88888888888889,32.030060214819855,32.844444444444406,1.9130340925981222,-6.661338147750939e-16,-0.4,-0.4,2.7777777777777777,2.7777777777777777
3,0.5,False,0,2.1999999999999997,True,13.88888888888889,-3.362784737641788,-3.82222222222222,1.2130493205717645,1.25,-0.5,-0.5,2.7777777777777777,2.7777777777777777,13.88888888888889,23.0661323868499,23.955555555555538,1.714521165714895,0.0,-0.5,-0.5,2.7777777777777777,2.7777777777777777
3,0.6000000000000001,False,0,1.6666666666666665,True,13.88888888888889,-4.0694481019145075,-3.82222222222222,-0.4518295657076119,1.1800000000000002,-0.6000000000000001,-0.6000000000000001,2.7777777777777777,2.7777777777777777,13.88888888888889,20.949435650405707,18.399999999999995,0.05693724101102715,-0.019999999999999574,-0.6000000000000001,-0.6000000000000001,2.7777777777777777,2.7777777777777777
3,0.7000000000000001,False,0,1.2857142857142854,True,13.88888888888889,-2.3073268013941366,-3.82222222222222,0.07601487055380374,1.1099999999999999,-0.7000000000000001,-0.7000000000000001,2.7777777777777777,2.7777777777777777,13.88888888888889,13.561967052938705,13.95555555555556,-0.8896207353182979,-0.009999999999999343,-0.7000000000000001,-0.7000000000000001,2.7777777777777777,2.7777777777777777
3,0.8,False,0,1.0000000000000002,True,13.88888888888889,-3.6435160522273753,-3.82222222222222,-0.14048617594948776,1.04,-0.8,-0.8,2.7777777777777777,2.7777777777777777,13.88888888888889,9.29083019545492,10.622222222222227,-0.7328347425271975,-2.220446049250313e-16,-0.8,-0.8,2.7777777777777777,2.7777777777777777
3,0.9,False,0,0.7777777777777775,True,13.50938888888889,-3.934770948618449,-3.8728222222222213,0.4421411488846654,0.9700000000000002,-0.9,-0.9,2.7777777777777777,2.7777777777777777,13.50938888888889,6.3191128413844995,7.9319500000000085,-1.5317165117866536,-0.02000000000000024,-0.9,-0.9,2.7777777777777777,2.7777777777777777
3,1.0,False,0,0.6000000000000001,True,13.88888888888889,-3.475024023775087,-3.82222222222222,0.0641904229973802,0.8999999999999999,-1.0,-1.0,2.7777777777777777,2.7777777777777777,13.88888888888889,6.078669571820337,6.177777777777782,-0.7965167375392634,0.0,-1.0,-1.0,2.7777777777777777,2.7777777777777777
3,1.1,False,0,0.4545454545454549,True,13.50938888888889,-3.742242974729378,-3.8728222222222213,1.1238789674021707,0.8300000000000001,-1.1,-1.1,2.7777777777777777,2.7777777777777777,13.129888888888889,2.797455969046731,4.408866666666664,1.223892348726661,-0.0499999999999996,-1.1,-1.1,2.7777777777777777,2.7777777777777777
3,1.2000000000000002,False,0,0.2333333333333335,True,11.991388888888888,-3.4885748411188873,-4.26497222222222,0.4600805199267963,0.7599999999999998,-1.2000000000000002,-1.2000000000000002,2.7777777777777777,2.7777777777777777,11.991388888888888,5.787071532182243,2.184555555555556,-1.4673583068215628,-0.07999999999999963,-1.2000000000000002,-1.2000000000000002,2.7777777777777777,2.7777777777777777
3,1.3,False,0,0.23076923076923062,True,13.88888888888889,-1.3816756783594943,-3.82222222222222,0.005104238405664985,0.69,-1.3,-1.3,2.7777777777777777,2.7777777777777777,13.88888888888889,3.6115961258126914,2.844444444444446,2.0646991221340447,-0.09000000000000008,-1.3,-1.3,2.7777777777777777,2.7777777777777777
3,1.4000000000000001,False,0,0.14285714285714265,True,13.129888888888889,-3.937337268343348,-4.024622222222221,0.34177192299109027,0.6200000000000001,-1.4000000000000001,-1.4000000000000001,2.7777777777777777,2.7777777777777777,13.129888888888889,-0.6900803217335367,1.1514333333333342,-0.4882211848972071,-0.08000000000000007,-1.4000000000000001,-1.4000000000000001,2.7777777777777777,2.7777777777777777
3,1.5,False,0,0.06666666666666672,True,13.129888888888889,-3.9561588252728894,-3.9866722222222206,-0.5406001437355292,0.5500000000000003,-1.5,-1.5,2.7777777777777777,2.7777777777777777,13.129888888888889,-0.007947315308997283,0.15417222222222104,0.9429502017191376,-0.04999999999999982,-1.5,-1.5,2.7777777777777777,2.7777777777777777
3,1.6,False,0,1.3877787807814457e-16,True,13.129888888888889,-1.2449997293223412,-3.948722222222222,0.8588079896714929,0.48,-1.6,-1.6,2.7777777777777777,2.7777777777777777,13.129888888888889,2.052707432571842,0.19212222222221964,-1.1812021334713372,-0.1599999999999997,-1.6,-1.6,2.7777777777777777,2.7777777777777777
3,1.7000000000000002,True,1,0.0,True,12.623888888888889,-2.8230544916790725,-4.0752222222222185,2.371942576239419,0.41000000000000014,-1.7000000000000002,-1.7000000000000002,2.7777777777777777,2.7777777777777777,12.623888888888889,-1.944488122584862,-1.1213888888888848,-1.4859469421188491,-0.09999999999999964,-1.7000000000000002,-1.7000000000000002,2.7777777777777777,2.7777777777777777
4,0.0,False,0,4.0,True,13.88888888888889,-4.235643822751293,-3.7777777777777777,5.521348721651565,1.6,0.0,0.0,2.7777777777777777,2.7777777777777777,,,,,,,,,
4,0.1,False,0,4.0,True,13.88888888888889,-2.756615717749521,-3.7777777777777777,2.670243995508019,1.5300000000000002,-0.1,-0.1,2.7777777777777777,2.7777777777777777,13.88888888888889,164.18702079494963,166.28888888888855,-0.2211855393701354,-0.00999999999999579,-0.1,-0.1,2.7777777777777777,2.7777777777777777
4,0.2,False,0,4.0,True,13.88888888888889,-4.046781965639462,-3.7777777777777777,2.1786467751713254,1.46,-0.2,-0.2,2.7777777777777777,2.7777777777777777,13.88888888888889,79.55476096415332,77.39999999999986,0.8132329088430641,-0.019999999999997353,-0.2,-0.2,2.7777777777777777,2.7777777777777777
4,0.30000000000000004,False,0,4.0,True,13.88888888888889,-2.0729724430884753,-3.7777777777777777,1.3180042644745078,1.3900000000000001,-0.30000000000000004,-0.30000000000000004,2.7777777777777777,2.7777777777777777,13.88888888888889,47.05247862711036,47.399999999999935,1.4794892321114328,-0.020000000000001572,-0.30000000000000004,-0.30000000000000004,2.7777777777777777,2.7777777777777777
4,0.4,False,0,2.900000000000001,True,13.88888888888889,-4.131411403523745,-3.7777777777777777,0.6004279666841228,1.3200000000000003,-0.4,-0.4,2.7777777777777777,2.7777777777777777,13.88888888888889,31.973167532995785,31.844444444444402,0.3339156629214721,-6.661338147750939e-16,-0.4,-0.4,2.7777777777777777,2.7777777777777777
4,0.5,False,0,2.1,True,13.88888888888889,0.05507989349669007,-3.7777777777777777,2.6567394704453755,1.25,-0.5,-0.5,2.7777777777777777,2.7777777777777777,13.88888888888889,21.53426041802562,22.955555555555538,1.0908481857307923,0.0,-0.5,-0.5,2.7777777777777777,2.7777777777777777
4,0.6000000000000001,False,0,1.5666666666666664,True,13.88888888888889,-3.813001841383829,-3.7777777777777777,1.2198744863200508,1.1800000000000002,-0.6000000000000001,-0.6000000000000001,2.7777777777777777,2.7777777777777777,13.88888888888889,18.19904427091431,17.399999999999995,0.36177427913884497,-0.019999999999999574,-0.6000000000000001,-0.6000000000000001,2.7777777777777777,2.7777777777777777
4,0.7000000000000001,False,0,1.1857142857142857,True,13.88888888888889,-3.1614754621724908,-3.7777777777777777,-0.47444009850301394,1.1099999999999999,-0.7000000000000001,-0.7000000000000001,2.7777777777777777,2.7777777777777777,13.88888888888889,13.817368189374559,12.95555555555556,0.23484398273615525,-0.009999999999999343,-0.7000000000000001,-0.7000000000000001,2.7777777777777777,2.7777777777777777
4,0.8,False,0,0.9000000000000002,True,13.88888888888889,-3.666478634323769,-3.7777777777777777,-0.790452522188857,1.04,-0.8,-0.8,2.7777777777777777,2.7777777777777777,13.50938888888889,8.572149455329281,9.154172222222236,-0.15199614921611948,-2.220446049250313e-16,-0.8,-0.8,2.7777777777777777,2.7777777777777777
4,0.9,False,0,0.6777777777777776,True,13.76238888888889,-2.24268032800605,-3.765127777777777,0.022508709591887666,0.9700000000000002,-0.9,-0.9,2.7777777777777777,2.7777777777777777,13.50938888888889,8.161599852618426,6.969900000000011,-0.7008635630511653,-0.02000000000000024,-0.9,-0.9,2.7777777777777777,2.7777777777777777
4,1.0,False,0,0.5,True,13.88888888888889,-3.830761589189245,-3.7777777777777777,1.8371748741909077,0.8999999999999999,-1.0,-1.0,2.7777777777777777,2.7777777777777777,13.76238888888889,4.582557368186234,5.063927777777777,0.6488615363918706,0.0,-1.0,-1.0,2.7777777777777777,2.7777777777777777
4,1.1,False,0,0.3545454545454546,True,13.50938888888889,-2.5268170940222427,-3.7743611111111113,1.411962579298382,0.7200000000000002,-1.1,-1.1,2.7777777777777777,2.7777777777777777,13.50938888888889,4.2639159886013,3.73776666666667,0.04639331386069756,-0.0499999999999996,-1.1,-1.1,2.7777777777777777,2.7777777777777777
4,1.2000000000000002,False,0,0.2333333333333335,True,13.76238888888889,-2.5579191759395785,-3.765127777777777,-0.24948134623437457,0.7599999999999998,-1.2000000000000002,-1.2000000000000002,2.7777777777777777,2.7777777777777777,13.50938888888889,1.92322173131127,2.6772555555555586,0.7745107564397951,-0.07999999999999963,-1.2000000000000002,-1.2000000000000002,2.7777777777777777,2.7777777777777777
4,1.3,False,0,0.13076923076923072,True,13.129888888888889,-3.159146691576635,-3.8376111111111113,0.2281494018117307,0.56,-1.3,-1.3,2.7777777777777777,2.7777777777777777,12.623888888888889,0.939396857788215,1.0854444444444455,-1.4903014805399508,-0.09000000000000008,-1.3,-1.3,2.7777777777777777,2.7777777777777777
4,1.4000000000000001,True,1,0.0,True,11.991388888888888,-1.010985187257548,-4.15386111111111,-0.4517101660598153,0.48,-1.4000000000000001,-1.4000000000000001,2.7777777777777777,2.7777777777777777,11.991388888888888,-1.7880866263309914,-0.46841666666666537,-0.2690637623911232,-0.08000000000000007,-1.4000000000000001,-1.4000000000000001,2.7777777777777777,2.7777777777777777
4,1.5,True,1,0.0,True,11.232388888888888,-3.6525115020071786,-4.180488888888889,0.9532934373292097,0.3999999999999999,-1.5,-1.5,2.7777777777777777,2.7777777777777777,9.713800888888887,-2.1453759035740747,-2.1868453777777797,-1.1397055298374723,-0.04999999999999982,-1.5,-1.5,2.7777777777777777,2.7777777777777777
4,1.6,True,1,0.0,True,13.129888888888889,-4.011747599742576,-3.8376111111111113,-1.8812800996343055,0.3200000000000003,-1.6,-1.6,2.7777777777777777,2.7777777777777777,12.623888888888889,-1.1521761514836557,-0.8837777777777793,0.9110748900007724,-0.1599999999999997,-1.6,-1.6,2.7777777777777777,2.7777777777777777
4,1.7000000000000002,True,1,0.0,True,11.232388888888888,-3.7809727962628665,-4.180488888888891,1.3216132778196328,0.2400000000000002,-1.7000000000000002,-1.7000000000000002,2.7777777777777777,2.7777777777777777,10.473094888888888,-4.160641657732369,-2.8045182888888887,-0.9043315506334908,-0.09999999999999964,-1.7000000000000002,-1.7000000000000002,2.7777777777777777,2.7777777777777777
5,0.0,False,0,4.0,True,13.88888888888889,-3.461257854189884,-3.88888888888889,1.4945921666230215,1.6,0.0,0.0,2.7777777777777777,2.7777777777777777,,,,,,,,,
5,0.1,False,0,4.0,True,13.88888888888889,-3.58084510301994,-3.88888888888889,-0.0985892869189684,1.52,-0.1,-0.1,2.7777777777777777,2.7777777777777777,13.88888888888889,166.02077331385289,165.28888888888855,0.9703038537230757,-0.00999999999999579,-0.1,-0.1,2.7777777777777777,2.7777777777777777
5,0.2,False,0,4.0,True,13.88888888888889,-3.5498237849120313,-3.88888888888889,2.9042128723679412,1.44,-0.2,-0.2,2.7777777777777777,2.7777777777777777,13.88888888888889,75.43543456959257,76.39999999999986,1.6680043403871445,-0.019999999999997353,-0.2,-0.2,2.7777777777777777,2.7777777777777777
5,0.30000000000000004,False,0,4.0,True,13.88888888888889,-3.900298499534366,-3.88888888888889,0.4810324276715905,1.3599999999999999,-0.30000000000000004,-0.30000000000000004,2.7777777777777777,2.7777777777777777,13.88888888888889,46.81285340994317,46.399999999999935,-1.4228039682445912,-0.020000000000001572,-0.30000000000000004,-0.30000000000000004,2.7777777777777777,2.7777777777777777
5,0.4,False,0,2.8000000000000007,True,13.88888888888889,-4.164632324287926,-3.88888888888889,0.6253632000639882,1.2800000000000002,-0.4,-0.4,2.7777777777777777,2.7777777777777777,13.88888888888889,30.489060466932937,30.844444444444402,-0.5481788568410142,-6.661338147750939e-16,-0.4,-0.4,2.7777777777777777,2.7777777777777777
5,0.5,False,0,2.0,True,13.88888888888889,-3.2718562529097914,-3.88888888888889,0.8429970079783926,1.2000000000000002,-0.5,-0.5,2.7777777777777777,2.7777777777777777,13.88888888888889,22.737119856217515,21.955555555555538,-0.4517041908417814,0.0,-0.5,-0.5,2.7777777777777777,2.7777777777777777
5,0.6000000000000001,False,0,1.466666666666667,True,13.88888888888889,-3.5569977161075306,-3.88888888888889,3.663528239227292,1.12,-0.6000000000000001,-0.6000000000000001,2.7777777777777777,2.7777777777777777,13.88888888888889,18.36502194298647,16.399999999999995,1.0902523521058627,-0.019999999999999574,-0.6000000000000001,-0.6000000000000001,2.7777777777777777,2.7777777777777777
5,0.7000000000000001,False,0,1.0857142857142859,True,13.88888888888889,-3.0995598042328316,-3.88888888888889,0.22122333778927938,1.04,-0.7000000000000001,-0.7000000000000001,2.7777777777777777,2.7777777777777777,13.88888888888889,12.017978497993457,11.95555555555556,-0.44840266951892405,-0.009999999999999343,-0.7000000000000001,-0.7000000000000001,2.7777777777777777,2.7777777777777777
5,0.8,False,0,0.8000000000000002,True,13.88888888888889,-1.8673312996702842,-3.88888888888889,1.9174205324867493,0.9600000000000004,-0.8,-0.8,2.7777777777777777,2.7777777777777777,13.76238888888889,8.963038885499042,8.48307222222222,0.3255633348297917,-2.220446049250313e-16,-0.8,-0.8,2.7777777777777777,2.7777777777777777
5,0.9,False,0,0.5777777777777778,True,13.76238888888889,-2.040197808910407,-3.8762388888888895,1.4560260609956455,0.8799999999999999,-0.9,-0.9,2.7777777777777777,2.7777777777777777,13.129888888888889,7.966414469047035,5.767499999999999,-1.248503097250074,-0.02000000000000024,-0.9,-0.9,2.7777777777777777,2.7777777777777777
5,1.0,False,0,0.3999999999999999,True,12.623888888888889,-1.4936148076754234,-3.9289000000000014,-0.08556722925922866,0.7000000000000002,-1.0,-1.0,2.7777777777777777,2.7777777777777777,12.623888888888889,3.6530582359971975,2.9633777777777786,1.3102975651968287,0.0,-1.0,-1.0,2.7777777777777777,2.7777777777777777
5,1.1,False,0,0.25454545454545474,True,13.50938888888889,-2.018437220041883,-3.838288888888889,1.5576360309555568,0.7200000000000002,-1.1,-1.1,2.7777777777777777,2.7777777777777777,12.623888888888889,2.3076299702030143,2.181166666666667,-1.4870664402607967,-0.0499999999999996,-1.1,-1.1,2.7777777777777777,2.7777777777777777
5,1.2000000000000002,True,1,0.0,True,10.473094888888888,-1.6876385647450158,-3.9500205999999993,0.33690924917692744,0.52,-1.2000000000000002,-1.2000000000000002,2.7777777777777777,2.7777777777777777,9.713800888888887,1.1908658360071707,-1.1060384444444464,0.5121741087120362,-0.07999999999999963,-1.2000000000000002,-1.2000000000000002,2.7777777777777777,2.7777777777777777
5,1.3,False,0,0.030769230769230625,True,12.623888888888889,-3.1227688374097893,-3.8530000000000006,-0.16719483763823684,0.43000000000000016,-1.3,-1.3,2.7777777777777777,2.7777777777777777,12.623888888888889,2.2485035525031085,0.08544444444444554,1.535326243592095,-0.09000000000000008,-1.3,-1.3,2.7777777777777777,2.7777777777777777
5,1.4000000000000001,True,1,0.0,True,8.195212888888886,-3.9518093525616793,-4.1737217777777795,1.5271787647647908,0.05999999999999983,-1.4000000000000001,-1.4000000000000001,2.7777777777777777,2.7777777777777777,8.195212888888886,-2.596801563558773,-3.6319782666666685,0.03182249395343706,-0.08000000000000007,-1.4000000000000001,-1.4000000000000001,2.7777777777777777,2.7777777777777777
5,1.5,True,1,0.0,True,9.713800888888887,-1.682668948118395,-3.95637708888889,1.8089460744311823,0.10000000000000009,-1.5,-1.5,2.7777777777777777,2.7777777777777777,9.713800888888887,0.641246513222284,-3.2627747777777794,1.4127764207465616,-0.04999999999999982,-1.5,-1.5,2.7777777777777777,2.7777777777777777
5,1.6,True,1,0.0,True,11.232388888888888,-1.5668430481914006,-4.2916,-0.26300517188278594,0.16000000000000014,-1.6,-1.6,2.7777777777777777,2.7777777777777777,11.232388888888888,-3.5908026527622168,-2.61747777777778,0.6110446319396763,-0.1599999999999997,-1.6,-1.6,2.7777777777777777,2.7777777777777777
5,1.7000000000000002,True,1,0.0,True,11.232388888888888,-2.871467231201245,-4.025950000000001,-0.9945435388661235,0.07000000000000028,-1.7000000000000002,-1.7000000000000002,2.7777777777777777,2.7777777777777777,11.232388888888888,-3.286257599931168,-3.728588888888889,0.2529239571157178,-0.09999999999999964,-1.7000000000000002,-1.7000000000000002,2.7777777777777777,2.7777777777777777
6,0.0,False,0,4.0,True,13.88888888888889,-4.275457307778409,-4.000000000000001,0.0035937956002434213,1.6,0.0,0.0,2.7777777777777777,2.7777777777777777,,,,,,,,,
6,0.1,False,0,4.0,True,13.88888888888889,-3.368160306946133,-4.000000000000001,2.471422473292892,1.5100000000000002,-0.1,-0.1,2.7777777777777777,2.7777777777777777,13.88888888888889,165.73162295753278,164.28888888888855,-1.1460843180601674,-0.00999999999999579,-0.1,-0.1,2.7777777777777777,2.7777777777777777
6,0.2,False,0,4.0,True,13.88888888888889,-3.6082509205334743,-4.000000000000001,1.341956889653448,1.42,-0.2,-0.2,2.7777777777777777,2.7777777777777777,13.88888888888889,74.42552370109588,75.39999999999986,0.6938575380880532,-0.019999999999997353,-0.2,-0.2,2.7777777777777777,2.7777777777777777
6,0.30000000000000004,False,0,4.0,True,13.88888888888889,-3.4992414459688055,-4.000000000000001,0.00376175792989053,1.33,-0.30000000000000004,-0.30000000000000004,2.7777777777777777,2.7777777777777777,13.88888888888889,45.66591456934964,45.399999999999935,0.23026319012479846,-0.020000000000001572,-0.30000000000000004,-0.30000000000000004,2.7777777777777777,2.7777777777777777
6,0.4,False,0,2.7000000000000006,True,13.88888888888889,-3.4672424753724327,-4.000000000000001,1.5218824653428116,1.2400000000000002,-0.4,-0.4,2.7777777777777777,2.7777777777777777,13.88888888888889,30.129883604836817,29.844444444444402,-0.03980654881480161,-6.661338147750939e-16,-0.4,-0.4,2.7777777777777777,2.7777777777777777
6,0.5,False,0,1.9000000000000004,True,13.88888888888889,-2.1827837823474256,-4.000000000000001,1.6173985377155975,1.15,-0.5,-0.5,2.7777777777777777,2.7777777777777777,13.88888888888889,22.52076109267057,20.955555555555538,1.2901120180295225,0.0,-0.5,-0.5,2.7777777777777777,2.7777777777777777
6,0.6000000000000001,False,0,1.366666666666667,True,13.88888888888889,-1.415273690878327,-4.000000000000001,2.203531896571381,1.06,-0.6000000000000001,-0.6000000000000001,2.7777777777777777,2.7777777777777777,13.88888888888889,16.856678102250104,15.399999999999995,0.3291943452910111,-0.019999999999999574,-0.6000000000000001,-0.6000000000000001,2.7777777777777777,2.7777777777777777
6,0.7000000000000001,False,0,0.9857142857142855,True,13.76238888888889,-3.287197224837663,-3.98735,0.4789540138315642,0.9700000000000002,-0.7000000000000001,-0.7000000000000001,2.7777777777777777,2.7777777777777777,13.50938888888889,11.69379635955854,10.411605555555571,-1.1033219972754507,-0.009999999999999343,-0.7000000000000001,-0.7000000000000001,2.7777777777777777,2.7777777777777777
6,0.8,False,0,0.7000000000000001,True,13.50938888888889,-4.0585621448192475,-3.9494,0.8888640878737006,0.8800000000000003,-0.8,-0.8,2.7777777777777777,2.7777777777777777,13.129888888888889,8.04362634679168,6.774672222222219,0.7116204814125227,-2.220446049250313e-16,-0.8,-0.8,2.7777777777777777,2.7777777777777777
6,0.9,False,0,0.47777777777777747,True,13.50938888888889,-3.5529049957763723,-3.9494,0.35834451754389596,0.79,-0.9,-0.9,2.7777777777777777,2.7777777777777777,13.129888888888889,5.096941689318309,4.666299999999997,-0.07827357760059295,-0.02000000000000024,-0.9,-0.9,2.7777777777777777,2.7777777777777777
6,1.0,False,0,0.20000000000000018,True,12.623888888888889,-4.220215389565419,-3.86838888888889,2.216021868192367,0.6000000000000001,-1.0,-1.0,2.7777777777777777,2.7777777777777777,11.991388888888888,2.7036731576328252,1.6597777777777791,0.08326169166886421,0.0,-1.0,-1.0,2.7777777777777777,2.7777777777777777
6,1.1,True,1,0.0,True,11.232388888888888,-2.8402250057810674,-4.197288888888891,0.754685277282503,0.5000000000000004,-1.1,-1.1,2.7777777777777777,2.7777777777777777,10.473094888888888,-1.447424043113128,-0.3496303333333364,1.566659472461644,-0.0499999999999996,-1.1,-1.1,2.7777777777777777,2.7777777777777777
6,1.2000000000000002,False,0,0.03333333333333354,True,13.88888888888889,-3.750681818022236,-4.000000000000001,0.26523371192903866,0.52,-1.2000000000000002,-1.2000000000000002,2.7777777777777777,2.7777777777777777,13.76238888888889,3.023564965948572,0.8923055555555566,-1.255386658512648,-0.07999999999999963,-1.2000000000000002,-1.2000000000000002,2.7777777777777777,2.7777777777777777
6,1.3,True,1,0.0,True,12.623888888888889,-2.75058062897211,-3.86838888888889,0.6256292220668644,0.2999999999999998,-1.3,-1.3,2.7777777777777777,2.7777777777777777,12.623888888888889,-1.877713357699899,-0.9145555555555545,1.4165207778589726,-0.09000000000000008,-1.3,-1.3,2.7777777777777777,2.7777777777777777
6,1.4000000000000001,True,1,0.0,True,11.991388888888888,-1.7879778505847321,-3.93163888888889,-0.357421912089114,0.19999999999999973,-1.4000000000000001,-1.4000000000000001,2.7777777777777777,2.7777777777777777,11.991388888888888,-1.7753852825822163,-2.088916666666667,0.45609429748271646,-0.08000000000000007,-1.4000000000000001,-1.4000000000000001,2.7777777777777777,2.7777777777777777
6,1.5,True,2,0.0,True,8.954506888888886,-2.4403508117252573,-4.261295822222221,-1.8957117190787516,-0.04999999999999982,-1.5,-1.5,2.7777777777777777,2.7777777777777777,8.954506888888886,-2.4403508117252573,-4.261295822222221,-1.8957117190787516,-0.04999999999999982,-1.5,-1.5,2.7777777777777777,2.7777777777777777
6,1.6,True,1,0.0,True,11.991388888888888,-3.6116120757946133,-4.12138888888889,-0.5849510105577347,2.220446049250313e-16,-1.6,-1.6,2.7777777777777777,2.7777777777777777,11.991388888888888,-2.424593996229139,-3.2000277777777795,1.1516598335205401,-0.1599999999999997,-1.6,-1.6,2.7777777777777777,2.7777777777777777
6,1.7000000000000002,True,2,0.0,True,10.473094888888888,-3.864175612939854,-4.061131711111112,-0.843445341471754,-0.09999999999999964,-1.7000000000000002,-1.7000000000000002,2.7777777777777777,2.7777777777777777,10.473094888888888,-3.864175612939854,-4.061131711111112,-0.843445341471754,-0.09999999999999964,-1.7000000000000002,-1.7000000000000002,2.7777777777777777,2.7777777777777777
7,0.0,False,0,4.0,True,13.88888888888889,-2.6045563490879333,-4.111111111111112,2.9930440921986823,1.6,0.0,0.0,2.7777777777777777,2.7777777777777777,,,,,,,,,
7,0.1,False,0,4.0,True,13.88888888888889,-4.149597855283836,-4.111111111111112,2.8583571813100215,1.5,-0.1,-0.1,2.7777777777777777,2.7777777777777777,13.88888888888889,159.50059205352872,163.28888888888855,0.13257622904888988,-0.00999999999999579,-0.1,-0.1,2.7777777777777777,2.7777777777777777
7,0.2,False,0,4.0,True,13.88888888888889,-3.7410818931254743,-4.111111111111112,0.38250383536434196,1.4,-0.2,-0.2,2.7777777777777777,2.7777777777777777,13.88888888888889,77.43034321593564,74.39999999999986,0.050908317029218164,-0.019999999999997353,-0.2,-0.2,2.7777777777777777,2.7777777777777777
7,0.30000000000000004,False,0,3.9333333333333327,True,13.88888888888889,-4.011797684552632,-4.111111111111112,0.3867605925211959,1.3000000000000003,-0.30000000000000004,-0.30000000000000004,2.7777777777777777,2.7777777777777777,13.88888888888889,44.708343598832556,44.399999999999935,0.04232655802257579,-0.020000000000001572,-0.30000000000000004,-0.30000000000000004,2.7777777777777777,2.7777777777777777
7,0.4,False,0,2.6,True,13.88888888888889,-3.2281787091344514,-4.111111111111112,1.315406013905056,1.2000000000000002,-0.4,-0.4,2.7777777777777777,2.7777777777777777,13.88888888888889,29.946936258808176,28.844444444444402,0.8235144461562829,-6.661338147750939e-16,-0.4,-0.4,2.7777777777777777,2.7777777777777777
7,0.5,False,0,1.7999999999999998,True,13.88888888888889,-2.6710046450883977,-4.111111111111112,2.0089063703518666,1.1,-0.5,-0.5,2.7777777777777777,2.7777777777777777,13.88888888888889,18.661215210219336,19.955555555555538,-1.1042780467816924,0.0,-0.5,-0.5,2.7777777777777777,2.7777777777777777
7,0.6000000000000001,False,0,1.2666666666666668,True,13.50938888888889,-2.056578184916993,-4.0605111111111105,-0.4099075991831358,1.0,-0.6000000000000001,-0.6000000000000001,2.7777777777777777,2.7777777777777777,13.50938888888889,11.978231130546899,13.704250000000027,1.0897593366815062,-0.019999999999999574,-0.6000000000000001,-0.6000000000000001,2.7777777777777777,2.7777777777777777
7,0.7000000000000001,False,0,0.8857142857142858,True,13.88888888888889,-4.085533940992748,-4.111111111111112,0.487137841017915,0.8999999999999999,-0.7000000000000001,-0.7000000000000001,2.7777777777777777,2.7777777777777777,13.76238888888889,7.481772970846955,9.803755555555554,-1.7667011283540928,-0.009999999999999343,-0.7000000000000001,-0.7000000000000001,2.7777777777777777,2.7777777777777777
7,0.8,False,0,0.6,True,13.50938888888889,-3.508920651001673,-4.0605111111111105,1.6508964109031674,0.8000000000000003,-0.8,-0.8,2.7777777777777777,2.7777777777777777,13.50938888888889,3.4269230971660187,6.192122222222232,0.48578818087103404,-2.220446049250313e-16,-0.8,-0.8,2.7777777777777777,2.7777777777777777
7,0.9,False,0,0.17777777777777745,True,11.232388888888888,-2.832527195900469,-4.08617777777778,1.2381685740117363,0.6099999999999999,-0.9,-0.9,2.7777777777777777,2.7777777777777777,10.473094888888888,0.2568226840881396,1.376473599999998,0.3701295428851328,-0.02000000000000024,-0.9,-0.9,2.7777777777777777,2.7777777777777777
7,1.0,False,0,0.0,True,11.232388888888888,-3.0944662932598144,-4.248172222222219,0.11548500999150724,0.5,-1.0,-1.0,2.7777777777777777,2.7777777777777777,11.232388888888888,-0.26111739551520596,-0.1245222222222262,-0.525897732676885,0.0,-1.0,-1.0,2.7777777777777777,2.7777777777777777
7,1.1,False,0,0.054545454545454994,True,13.129888888888889,-3.2443096104485276,-3.971961111111109,0.926137138524509,0.5000000000000004,-1.1,-1.1,2.7777777777777777,2.7777777777777777,13.129888888888889,-2.113497989442876,0.5480166666666628,0.6464988449559823,-0.0499999999999996,-1.1,-1.1,2.7777777777777777,2.7777777777777777
7,1.2000000000000002,True,1,0.0,True,9.713800888888887,-3.7856152216530257,-4.151663666666667,0.4767983236212294,0.16000000000000014,-1.2000000000000002,-1.2000000000000002,2.7777777777777777,2.7777777777777777,8.954506888888886,-2.8801724841834586,-2.9163178444444453,0.8375981605459866,-0.07999999999999963,-1.2000000000000002,-1.2000000000000002,2.7777777777777777,2.7777777777777777
7,1.3,True,1,0.0,True,10.473094888888888,-2.7472143255992068,-3.9998048666666675,1.9130406975973782,0.039999999999999813,-1.3,-1.3,2.7777777777777777,2.7777777777777777,10.473094888888888,-1.9136839190000456,-3.2302731555555555,0.7421898053143159,-0.09000000000000008,-1.3,-1.3,2.7777777777777777,2.7777777777777777
7,1.4000000000000001,True,1,0.0,True,12.623888888888889,-4.052597564151234,-3.8581111111111097,0.7195152405722998,0.19999999999999973,-1.4000000000000001,-1.4000000000000001,2.7777777777777777,2.7777777777777777,12.623888888888889,0.7843166748888164,-2.772666666666667,1.3887151113559626,-0.08000000000000007,-1.4000000000000001,-1.4000000000000001,2.7777777777777777,2.7777777777777777
7,1.5,True,2,0.0,True,10.473094888888888,-4.002395216085762,-4.172242822222219,3.47121380845477,-0.04999999999999982,-1.5,-1.5,2.7777777777777777,2.7777777777777777,10.473094888888888,-4.002395216085762,-4.172242822222219,3.47121380845477,-0.04999999999999982,-1.5,-1.5,2.7777777777777777,2.7777777777777777
7,1.6,True,1,0.0,True,11.232388888888888,-3.845114777083565,-4.08617777777778,-1.2214064081628213,-0.1599999999999997,-1.6,-1.6,2.7777777777777777,2.7777777777777777,11.232388888888888,-3.845114777083565,-4.08617777777778,-1.2214064081628213,-0.1599999999999997,-1.6,-1.6,2.7777777777777777,2.7777777777777777
7,1.7000000000000002,True,2,0.0,True,2.120860888888887,-3.119919586353064,-4.287106666666669,-0.08809267695765466,-1.8300000000000005,-1.7000000000000002,-1.7000000000000002,2.7777777777777777,2.7777777777777777,8.954506888888886,-3.7922597519457417,-2.1501847111111116,-0.19550492435352163,-0.09999999999999964,-1.7000000000000002,-1.7000000000000002,2.7777777777777777,2.7777777777777777
8,0.0,False,0,4.0,True,13.88888888888889,-3.140290691556406,-4.222222222222222,2.9511069696891172,1.6,0.0,0.0,2.7777777777777777,2.7777777777777777,,,,,,,,,
8,0.1,False,0,4.0,True,13.88888888888889,-3.475818947887947,-4.222222222222222,1.528050159783219,1.4900000000000002,-0.1,-0.1,2.7777777777777777,2.7777777777777777,13.88888888888889,162.56322442025575,162.28888888888855,-1.726942289422535,-0.00999999999999579,-0.1,-0.1,2.7777777777777777,2.7777777777777777
8,0.2,False,0,4.0,True,13.88888888888889,-2.4920173530190377,-4.222222222222222,0.96616360275508,1.3800000000000003,-0.2,-0.2,2.7777777777777777,2.7777777777777777,13.88888888888889,75.31540126931665,73.39999999999986,0.7807365056174569,-0.019999999999997353,-0.2,-0.2,2.7777777777777777,2.7777777777777777
8,0.30000000000000004,False,0,3.9333333333333327,True,13.76238888888889,-3.9256158520191216,-4.209572222222222,2.2349074563316997,1.27,-0.30000000000000004,-0.30000000000000004,2.7777777777777777,2.7777777777777777,13.76238888888889,44.227911390855525,42.843400000000116,0.6550493811141713,-0.020000000000001572,-0.30000000000000004,-0.30000000000000004,2.7777777777777777,2.7777777777777777
8,0.4,False,0,2.6,True,13.88888888888889,-1.6436936714942307,-4.222222222222222,1.3437617362995402,1.1600000000000001,-0.4,-0.4,2.7777777777777777,2.7777777777777777,13.88888888888889,28.381298166893327,27.844444444444402,0.7871664347839169,-6.661338147750939e-16,-0.4,-0.4,2.7777777777777777,2.7777777777777777
8,0.5,False,0,1.7999999999999998,True,13.88888888888889,-3.908402743587943,-4.222222222222222,1.7161652631283597,1.0500000000000003,-0.5,-0.5,2.7777777777777777,2.7777777777777777,13.88888888888889,19.423087521799044,18.955555555555538,0.3402473787119993,0.0,-0.5,-0.5,2.7777777777777777,2.7777777777777777
8,0.6000000000000001,False,0,0.9666666666666673,True,11.232388888888888,-2.3131836406154482,-4.2407166666666685,-0.9836042344110778,0.8800000000000003,-0.6000000000000001,-0.6000000000000001,2.7777777777777777,2.7777777777777777,11.232388888888888,8.54529298331908,8.441199999999998,0.9784780019878516,-0.019999999999999574,-0.6000000000000001,-0.6000000000000001,2.7777777777777777,2.7777777777777777
8,0.7000000000000001,False,0,0.785714285714286,True,12.623888888888889,-3.508411324316488,-3.9692222222222204,0.5664062441666498,0.8300000000000001,-0.7000000000000001,-0.7000000000000001,2.7777777777777777,2.7777777777777777,12.623888888888889,9.207107027532576,7.184555555555559,0.18140527846230725,-0.009999999999999343,-0.7000000000000001,-0.7000000000000001,2.7777777777777777,2.7777777777777777
8,0.8,False,0,0.6,True,13.76238888888889,-2.980066962046931,-4.209572222222222,-0.7095954532546886,0.7200000000000002,-0.8,-0.8,2.7777777777777777,2.7777777777777777,13.76238888888889,5.7738047363057285,5.495722222222221,1.204032866700659,-2.220446049250313e-16,-0.8,-0.8,2.7777777777777777,2.7777777777777777
8,0.9,False,0,0.17777777777777745,True,12.623888888888889,-2.8716139840924226,-3.9692222222222204,1.3109345116157303,0.6099999999999999,-0.9,-0.9,2.7777777777777777,2.7777777777777777,11.991388888888888,3.2597530511177064,1.8187500000000023,-1.0862519627411165,-0.02000000000000024,-0.9,-0.9,2.7777777777777777,2.7777777777777777
8,1.0,False,0,0.10000000000000009,True,12.623888888888889,-3.9683616905699752,-3.8427222222222204,1.5118384778611964,0.5,-1.0,-1.0,2.7777777777777777,2.7777777777777777,12.623888888888889,0.3323968435049318,0.16577777777777758,0.9296501630781995,0.0,-1.0,-1.0,2.7777777777777777,2.7777777777777777
8,1.1,True,1,0.0,True,11.991388888888888,-4.096033166526964,-3.899166666666667,1.6648102870791743,0.28000000000000025,-1.1,-1.1,2.7777777777777777,2.7777777777777777,11.232388888888888,-1.3761758306476244,-1.210983333333334,-0.14339261758799848,-0.0499999999999996,-1.1,-1.1,2.7777777777777777,2.7777777777777777
8,1.2000000000000002,True,1,0.0,True,8.954506888888886,-2.4715104836363446,-3.992247244444445,-1.5410286235542556,-0.07999999999999963,-1.2000000000000002,-1.2000000000000002,2.7777777777777777,2.7777777777777777,8.954506888888886,-2.4715104836363446,-3.992247244444445,-1.5410286235542556,-0.07999999999999963,-1.2000000000000002,-1.2000000000000002,2.7777777777777777,2.7777777777777777
8,1.3,True,1,0.0,True,11.232388888888888,-3.6711282059634884,-4.164816666666668,-0.2893624616122408,0.039999999999999813,-1.3,-1.3,2.7777777777777777,2.7777777777777777,11.232388888888888,-2.8357879279994718,-3.319355555555556,0.8220910580162779,-0.09000000000000008,-1.3,-1.3,2.7777777777777777,2.7777777777777777
8,1.4000000000000001,True,1,0.0,True,11.991388888888888,-2.514953551893883,-3.899166666666667,0.5249327583979557,-0.08000000000000007,-1.4000000000000001,-1.4000000000000001,2.7777777777777777,2.7777777777777777,11.991388888888888,-2.514953551893883,-3.899166666666667,0.5249327583979557,-0.08000000000000007,-1.4000000000000001,-1.4000000000000001,2.7777777777777777,2.7777777777777777
8,1.5,True,2,0.0,True,10.473094888888888,-2.186220304361405,-4.2833539333333315,1.8989133894899104,-0.19999999999999996,-1.5,-1.5,2.7777777777777777,2.7777777777777777,11.232388888888888,-3.223230983369624,-3.5138222222222195,0.9125656404350897,-0.04999999999999982,-1.5,-1.5,2.7777777777777777,2.7777777777777777
8,1.6,True,2,0.0,True,8.195212888888886,-4.091976517530791,-4.144106044444444,0.4977555412217991,-0.6400000000000001,-1.6,-1.6,2.7777777777777777,2.7777777777777777,9.713800888888887,-3.798521711689145,-2.7547340222222205,-1.3988636839829875,-0.1599999999999997,-1.6,-1.6,2.7777777777777777,2.7777777777777777
8,1.7000000000000002,True,2,0.0,True,2.880154888888887,-3.8915167813260494,-4.092662755555547,-1.3565428570270952,-1.8300000000000005,0.0,0.0,2.7777777777777777,2.7777777777777777,8.954506888888886,-0.6020567982985492,-1.1501847111111116,2.081819131613719,-0.09999999999999964,-1.7000000000000002,-1.7000000000000002,2.7777777777777777,2.7777777777777777
9,0.0,False,0,4.0,True,13.88888888888889,-2.9406904282227613,-4.266666666666665,2.3368479595148863,1.6,0.0,0.0,2.7777777777777777,2.7777777777777777,,,,,,,,,
9,0.1,False,0,4.0,True,13.88888888888889,-1.3691936825612592,-4.266666666666665,-0.004033268825059277,1.48,-0.1,-0.1,2.7777777777777777,2.7777777777777777,13.88888888888889,160.9000577649126,161.28888888888855,0.5742697129188574,-0.00999999999999579,-0.1,-0.1,2.7777777777777777,2.7777777777777777
9,0.2,False,0,4.0,True,13.88888888888889,-4.245026233031086,-4.266666666666665,1.7189208411294246,1.3599999999999999,-0.2,-0.2,2.7777777777777777,2.7777777777777777,13.88888888888889,73.71394486160975,72.39999999999986,-0.511374645151085,-0.019999999999997353,-0.2,-0.2,2.7777777777777777,2.7777777777777777
9,0.30000000000000004,False,0,3.833333333333335,True,13.88888888888889,-4.153929508323503,-4.266666666666665,1.367467956294076,1.2400000000000002,-0.30000000000000004,-0.30000000000000004,2.7777777777777777,2.7777777777777777,13.88888888888889,40.845627706154424,42.399999999999935,0.4082372007594639,-0.020000000000001572,-0.30000000000000004,-0.30000000000000004,2.7777777777777777,2.7777777777777777
9,0.4,False,0,2.5,True,13.88888888888889,-4.082084481489697,-4.266666666666665,1.1327710729769218,1.12,-0.4,-0.4,2.7777777777777777,2.7777777777777777,13.88888888888889,30.266362274748086,26.844444444444402,0.1356891237642186,-6.661338147750939e-16,-0.4,-0.4,2.7777777777777777,2.7777777777777777
9,0.5,False,0,1.6000000000000005,True,13.50938888888889,-3.257243155885491,-4.2827333333333355,1.3218402840653183,1.0,-0.5,-0.5,2.7777777777777777,2.7777777777777777,13.129888888888889,15.572046299354675,16.424905555555558,0.5006035311507167,0.0,-0.5,-0.5,2.7777777777777777,2.7777777777777777
9,0.6000000000000001,False,0,1.0666666666666667,True,13.50938888888889,-2.234014607935303,-4.270083333333335,1.7753780009798446,0.8800000000000003,-0.6000000000000001,-0.6000000000000001,2.7777777777777777,2.7777777777777777,13.129888888888889,12.151983968576637,11.198249999999998,-0.5728607961020722,-0.019999999999999574,-0.6000000000000001,-0.6000000000000001,2.7777777777777777,2.7777777777777777
9,0.7000000000000001,False,0,0.785714285714286,True,13.88888888888889,-3.9461335136798352,-4.266666666666665,2.898014216111758,0.7600000000000002,-0.7000000000000001,-0.7000000000000001,2.7777777777777777,2.7777777777777777,13.88888888888889,6.235241092165514,7.95555555555556,0.572661373904654,-0.009999999999999343,-0.7000000000000001,-0.7000000000000001,2.7777777777777777,2.7777777777777777
9,0.8,False,0,0.3999999999999998,True,13.129888888888889,-3.272293370556244,-4.130933333333334,0.24120495157782473,0.6400000000000001,-0.8,-0.8,2.7777777777777777,2.7777777777777777,13.129888888888889,1.4656068014381392,3.8126222222222177,0.7554415600035242,-2.220446049250313e-16,-0.8,-0.8,2.7777777777777777,2.7777777777777777
9,0.9,False,0,0.07777777777777735,True,12.623888888888889,-3.7288368467965283,-3.9538333333333346,0.6757830536529172,0.52,-0.9,-0.9,2.7777777777777777,2.7777777777777777,11.991388888888888,1.3889703017033534,0.8820000000000023,-1.0315854155119444,-0.02000000000000024,-0.9,-0.9,2.7777777777777777,2.7777777777777777
9,1.0,True,1,0.0,True,10.473094888888888,-4.116073967805952,-4.0908650444444445,0.8336658241530039,0.30000000000000027,-1.0,-1.0,2.7777777777777777,2.7777777777777777,10.473094888888888,-3.0852682983285566,-2.2005398222222246,-0.23207004038443846,0.0,-1.0,-1.0,2.7777777777777777,2.7777777777777777
9,1.1,True,1,0.0,True,9.713800888888887,-1.976678580356297,-4.195091444444446,-0.5483630596502391,0.0600000000000005,-1.1,-1.1,2.7777777777777777,2.7777777777777777,9.713800888888887,-2.2839132782631024,-3.501489133333336,0.5630137445996417,-0.0499999999999996,-1.1,-1.1,2.7777777777777777,2.7777777777777777
9,1.2000000000000002,True,1,0.0,True,9.713800888888887,-4.112443234058648,-3.9769562444444437,0.023625640080578103,0.04000000000000026,-1.2000000000000002,-1.2000000000000002,2.7777777777777777,2.7777777777777777,9.713800888888887,-3.947139040548474,-3.9294414444444454,1.4322993041004994,-0.07999999999999963,-1.2000000000000002,-1.2000000000000002,2.7777777777777777,2.7777777777777777
9,1.3,True,2,0.0,True,8.954506888888886,-4.093354976748937,-4.101190955555555,-0.5209024761046455,-0.2200000000000002,-1.3,-1.3,2.7777777777777777,2.7777777777777777,8.954506888888886,-2.872557359160143,-3.483518044444444,-0.7080688083887394,-0.09000000000000008,-1.3,-1.3,2.7777777777777777,2.7777777777777777
9,1.4000000000000001,True,2,0.0,True,12.623888888888889,-3.6172126127860595,-4.0423833333333326,-0.5501498403606522,-0.08000000000000007,-1.4000000000000001,-1.4000000000000001,2.7777777777777777,2.7777777777777777,12.623888888888889,-3.6172126127860595,-4.0423833333333326,-0.5501498403606522,-0.08000000000000007,-1.4000000000000001,-1.4000000000000001,2.7777777777777777,2.7777777777777777
9,1.5,True,2,0.0,True,9.713800888888887,-3.229307440467802,-4.253049755555554,-1.09901771193903,-0.5,-1.5,-1.5,2.7777777777777777,2.7777777777777777,10.473094888888888,-0.19126907698686235,-2.172242822222219,0.7085568445960009,-0.04999999999999982,-1.5,-1.5,2.7777777777777777,2.7777777777777777
9,1.6,True,2,0.0,True,5.917330888888887,-3.2198033230638528,-4.202240111111116,0.8053417916391954,-1.1200000000000006,-1.6,-1.6,2.7777777777777777,2.7777777777777777,9.713800888888887,-0.5991395617885091,-1.7547340222222205,-1.4905652871845898,-0.1599999999999997,-1.6,-1.6,2.7777777777777777,2.7777777777777777
9,1.7000000000000002,True,2,0.0,True,8.954506888888886,-3.189464518193904,-4.005370844444445,-0.5881455126519735,-0.7799999999999994,-1.7000000000000002,-1.7000000000000002,2.7777777777777777,2.7777777777777777,11.991388888888888,-3.326758971600049,-1.6683611111111114,0.4836041413496277,-0.09999999999999964,-1.7000000000000002,-1.7000000000000002,2.7777777777777777,2.7777777777777777
10,0.0,False,0,4.0,True,13.88888888888889,-3.8404705330740816,-4.155555555555554,2.2919879564975747,1.6,0.0,0.0,2.7777777777777777,2.7777777777777777,,,,,,,,,
10,0.1,False,0,4.0,True,13.88888888888889,-2.8202218531892376,-4.155555555555554,-0.48080142587252683,1.4700000000000002,-0.1,-0.1,2.7777777777777777,2.7777777777777777,13.88888888888889,159.97640012636742,160.28888888888855,-1.3526651110689403,-0.00999999999999579,-0.1,-0.1,2.7777777777777777,2.7777777777777777
10,0.2,False,0,4.0,True,13.88888888888889,-4.060604255098428,-4.155555555555554,0.052125311849660294,1.3400000000000003,-0.2,-0.2,2.7777777777777777,2.7777777777777777,13.88888888888889,73.28763527015907,71.39999999999986,-1.0773536501281469,-0.019999999999997353,-0.2,-0.2,2.7777777777777777,2.7777777777777777
10,0.30000000000000004,False,0,3.733333333333334,True,13.88888888888889,-0.2164607292686851,-4.155555555555554,1.546408241299237,1.21,-0.30000000000000004,-0.30000000000000004,2.7777777777777777,2.7777777777777777,13.88888888888889,41.545095785440736,41.399999999999935,-0.17544574906031163,-0.020000000000001572,-0.30000000000000004,-0.30000000000000004,2.7777777777777777,2.7777777777777777
10,0.4,False,0,2.4,True,13.88888888888889,-2.9775875571455392,-4.155555555555554,1.943062957388662,1.08,-0.4,-0.4,2.7777777777777777,2.7777777777777777,13.88888888888889,26.081691698143192,25.844444444444402,-0.44294444189955096,-6.661338147750939e-16,-0.4,-0.4,2.7777777777777777,2.7777777777777777
10,0.5,False,0,1.6000000000000005,True,13.88888888888889,-2.657104566420922,-4.155555555555554,-0.271022321459228,0.9500000000000002,-0.5,-0.5,2.7777777777777777,2.7777777777777777,13.88888888888889,17.50826968212363,16.955555555555538,-1.686891242977604,0.0,-0.5,-0.5,2.7777777777777777,2.7777777777777777
10,0.6000000000000001,False,0,1.0666666666666667,True,13.50938888888889,-4.0814137067503635,-4.244105555555552,-0.8721128097531619,0.8200000000000003,-0.6000000000000001,-0.6000000000000001,2.7777777777777777,2.7777777777777777,13.50938888888889,10.478150933794396,10.780150000000031,0.10892465649278371,-0.019999999999999574,-0.6000000000000001,-0.6000000000000001,2.7777777777777777,2.7777777777777777
10,0.7000000000000001,False,0,0.5857142857142865,True,13.129888888888889,-4.143056073767641,-4.282055555555554,1.0547603546004174,0.69,-0.7000000000000001,-0.7000000000000001,2.7777777777777777,2.7777777777777777,13.129888888888889,8.311489634949304,6.070055555555553,-0.45710700063653187,-0.009999999999999343,-0.7000000000000001,-0.7000000000000001,2.7777777777777777,2.7777777777777777
10,0.8,False,0,0.09999999999999953,True,11.232388888888888,-3.0951407068787615,-4.208244444444445,-0.6168646785555332,0.48,-0.8,-0.8,2.7777777777777777,2.7777777777777777,10.473094888888888,0.32874311457353844,0.5608046222222187,-1.2975714910221725,-2.220446049250313e-16,-0.8,-0.8,2.7777777777777777,2.7777777777777777
10,0.9,False,0,0.07777777777777735,True,12.623888888888889,-3.697864695108339,-4.178794444444445,-1.7940080178126152,0.4299999999999997,-0.9,-0.9,2.7777777777777777,2.7777777777777777,12.623888888888889,1.26411734134365,0.5018500000000019,0.15906486781970086,-0.02000000000000024,-0.9,-0.9,2.7777777777777777,2.7777777777777777
10,1.0,True,1,0.0,True,9.713800888888887,-3.2804987482299266,-4.0880673555555544,-1.1082826250388238,0.20000000000000018,-1.0,-1.0,2.7777777777777777,2.7777777777777777,9.713800888888887,-3.6185818000527084,-3.1247280222222242,0.18800909073364958,0.0,-1.0,-1.0,2.7777777777777777,2.7777777777777777
10,1.1,True,1,0.0,True,12.623888888888889,-2.3960319916613555,-4.191444444444445,1.8910747258485632,0.17000000000000037,-1.1,-1.1,2.7777777777777777,2.7777777777777777,12.623888888888889,-2.19915533178436,-2.439333333333333,-0.15027301573208796,-0.0499999999999996,-1.1,-1.1,2.7777777777777777,2.7777777777777777
10,1.2000000000000002,True,2,0.0,True,9.713800888888887,-2.7209954749425966,-4.235839133333335,-0.19035799071801773,-0.1999999999999995,-1.2000000000000002,-1.2000000000000002,2.7777777777777777,2.7777777777777777,9.713800888888887,-1.1328118728681345,-3.670558555555554,-0.5266055390011866,-0.07999999999999963,-1.2000000000000002,-1.2000000000000002,2.7777777777777777,2.7777777777777777
10,1.3,True,2,0.0,True,1.3615668888888868,-2.792338101469638,-4.297292799999997,0.43154506268546156,-1.8899999999999997,-1.3,-1.3,2.7777777777777777,2.7777777777777777,8.954506888888886,-4.207653045645357,-2.483518044444444,0.7866565355513364,-0.09000000000000008,-1.3,-1.3,2.7777777777777777,2.7777777777777777
10,1.4000000000000001,True,2,0.0,True,6.676624888888886,-3.621983007671033,-4.280849599999995,-1.188854097635125,-0.919999999999999,-1.4000000000000001,-1.4000000000000001,2.7777777777777777,2.7777777777777777,8.954506888888886,-4.110498009872541,-1.3724069333333349,0.0021988659629708085,-0.08000000000000007,-1.4000000000000001,-1.4000000000000001,2.7777777777777777,2.7777777777777777
10,1.5,True,2,0.0,True,7.435918888888886,-2.8142454350347554,-4.177296111111111,-0.14753683642924775,-0.9499999999999997,-1.5,-1.5,2.7777777777777777,2.7777777777777777,10.473094888888888,-3.2173091720894993,-1.172242822222219,0.27217603413876956,-0.04999999999999982,-1.5,-1.5,2.7777777777777777,2.7777777777777777
10,1.6,True,2,0.0,True,6.676624888888886,-2.830692755789122,-4.280849599999995,-1.822703224401437,-1.2800000000000007,-1.6,-1.6,2.7777777777777777,2.7777777777777777,10.473094888888888,0.8501364771307633,-0.8306634222222202,0.671236795065584,-0.1599999999999997,-1.6,-1.6,2.7777777777777777,2.7777777777777777
10,1.7000000000000002,True,2,0.0,True,8.954506888888886,-3.528862371452873,-4.212302066666665,1.3666755320447574,-0.9499999999999993,-1.7000000000000002,-1.7000000000000002,2.7777777777777777,2.7777777777777777,11.991388888888888,-0.39342140454114105,-0.6683611111111114,-0.5516957631640271,-0.09999999999999964,-1.7000000000000002,-1.7000000000000002,2.7777777777777777,2.7777777777777777
11,0.0,False,0,4.0,True,13.88888888888889,-2.4930102903849223,-4.044444444444443,1.2182219096701714,1.6,0.0,0.0,2.7777777777777777,2.7777777777777777,,,,,,,,,
11,0.1,False,0,4.0,True,13.88888888888889,-3.3025448114994616,-4.044444444444443,2.0986791116051857,1.46,-0.1,-0.1,2.7777777777777777,2.7777777777777777,13.88888888888889,161.47574752709974,159.28888888888855,1.003977877413302,-0.00999999999999579,-0.1,-0.1,2.7777777777777777,2.7777777777777777
11,0.2,False,0,4.0,True,13.88888888888889,-3.6463369442482465,-4.044444444444443,-0.665230800222985,1.3199999999999998,-0.2,-0.2,2.7777777777777777,2.7777777777777777,13.88888888888889,72.58414036779442,70.39999999999986,-1.803824580734759,-0.019999999999997353,-0.2,-0.2,2.7777777777777777,2.7777777777777777
11,0.30000000000000004,False,0,3.633333333333333,True,13.88888888888889,-1.8825072537341319,-4.044444444444443,1.5231238660931878,1.1800000000000002,-0.30000000000000004,-0.30000000000000004,2.7777777777777777,2.7777777777777777,13.88888888888889,39.67458845593066,40.399999999999935,-1.1911975225230078,-0.020000000000001572,-0.30000000000000004,-0.30000000000000004,2.7777777777777777,2.7777777777777777
11,0.4,False,0,2.1999999999999997,True,13.50938888888889,-1.6475732629418856,-4.208894444444442,-0.6643554611996756,1.04,-0.4,-0.4,2.7777777777777777,2.7777777777777777,12.623888888888889,23.007690913864298,21.44159444444441,-0.9174715605280257,-6.661338147750939e-16,-0.4,-0.4,2.7777777777777777,2.7777777777777777
11,0.5,False,0,1.5,True,13.76238888888889,-4.0311029794765245,-4.057094444444444,0.030368741509813946,0.8999999999999999,-0.5,-0.5,2.7777777777777777,2.7777777777777777,13.76238888888889,16.672363863775665,15.715205555555588,1.9470367302671563,0.0,-0.5,-0.5,2.7777777777777777,2.7777777777777777
11,0.6000000000000001,False,0,0.9666666666666673,True,13.76238888888889,-2.420187554944781,-4.082394444444442,0.14068906379558843,0.7600000000000002,-0.6000000000000001,-0.6000000000000001,2.7777777777777777,2.7777777777777777,13.50938888888889,9.177181039760569,9.868700000000029,-0.8134094906499243,-0.019999999999999574,-0.6000000000000001,-0.6000000000000001,2.7777777777777777,2.7777777777777777
11,0.7000000000000001,False,0,0.5857142857142865,True,13.50938888888889,-2.5634140889691954,-4.132994444444438,0.00981837440890776,0.6200000000000001,-0.7000000000000001,-0.7000000000000001,2.7777777777777777,2.7777777777777777,13.50938888888889,8.060966410312567,5.525455555555578,0.3527632298689771,-0.009999999999999343,-0.7000000000000001,-0.7000000000000001,2.7777777777777777,2.7777777777777777
11,0.8,True,1,0.0,True,8.195212888888886,-3.7148668805844336,-4.247483777777776,1.571833367518622,0.31999999999999984,-0.8,-0.8,2.7777777777777777,2.7777777777777777,8.195212888888886,-2.5384253927645757,-2.1855421777777755,0.3677776385316909,-2.220446049250313e-16,-0.8,-0.8,2.7777777777777777,2.7777777777777777
11,0.9,True,1,0.0,True,9.713800888888887,-4.153323600897838,-4.161228466666663,1.993280393562213,0.24999999999999956,-0.9,-0.9,2.7777777777777777,2.7777777777777777,8.954506888888886,-2.3687608617369973,-2.5857528000000007,2.0102305991445193,-0.02000000000000024,-0.9,-0.9,2.7777777777777777,2.7777777777777777
11,1.0,True,2,0.0,True,7.435918888888886,-2.6556039465885126,-4.143930288888888,-0.8327229681057116,-0.09999999999999987,-1.0,-1.0,2.7777777777777777,2.7777777777777777,8.195212888888886,-1.966894186198732,-3.6781161777777767,-0.16592368853139683,0.0,-1.0,-1.0,2.7777777777777777,2.7777777777777777
11,1.1,True,2,0.0,True,8.954506888888886,-4.102312581452128,-4.276586822222224,-1.0363638221109714,-0.1599999999999997,-1.1,-1.1,2.7777777777777777,2.7777777777777777,8.954506888888886,-2.384669834173919,-3.7057402666666652,-1.4846742913822728,-0.0499999999999996,-1.1,-1.1,2.7777777777777777,2.7777777777777777
11,1.2000000000000002,True,2,0.0,True,2.880154888888887,-2.7987405412379465,-3.69144293333333,-1.3672646585543604,-0.919999999999999,-1.2000000000000002,-1.2000000000000002,2.7777777777777777,2.7777777777777777,8.195212888888886,-3.9391109869886156,-2.025261555555555,-1.5332983949522303,-0.07999999999999963,-1.2000000000000002,-1.2000000000000002,2.7777777777777777,2.7777777777777777
11,1.3,True,2,0.0,True,8.954506888888886,-3.63397155540392,-4.200657422222224,-0.42778541709229456,-0.4800000000000004,-1.3,-1.3,2.7777777777777777,2.7777777777777777,10.473094888888888,-2.523389812163699,-2.394465044444444,1.8498121792215279,-0.09000000000000008,-1.3,-1.3,2.7777777777777777,2.7777777777777777
11,1.4000000000000001,True,2,0.0,True,8.954506888888886,-2.8108938505982293,-4.276586822222224,0.950864419592389,-0.6399999999999992,-1.4000000000000001,-1.4000000000000001,2.7777777777777777,2.7777777777777777,11.232388888888888,-1.8387205296487172,-1.6249333333333338,-1.212446053483154,-0.08000000000000007,-1.4000000000000001,-1.4000000000000001,2.7777777777777777,2.7777777777777777
11,1.5,True,2,0.0,True,8.195212888888886,-3.7199409750910375,-4.247483777777776,1.8145245212310983,-0.7999999999999998,-1.5,-1.5,2.7777777777777777,2.7777777777777777,11.991388888888888,-0.1257348600528223,-0.7794722222222203,0.49325534942039173,-0.04999999999999982,-1.5,-1.5,2.7777777777777777,2.7777777777777777
11,1.6,True,2,0.0,True,2.880154888888887,-3.7083227297270893,-2.580331822222216,-1.1323853808768998,-1.6000000000000005,-1.6,-1.6,2.7777777777777777,2.7777777777777777,9.713800888888887,-0.5933041861618316,0.24526597777777948,-1.50286784047178,-0.1599999999999997,-1.6,-1.6,2.7777777777777777,2.7777777777777777
11,1.7000000000000002,True,2,0.0,True,2.880154888888887,-1.3916928775993211,-1.7072466222222138,0.2262190813445364,-1.7999999999999994,-1.7000000000000002,-1.7000000000000002,2.7777777777777777,2.7777777777777777,9.713800888888887,1.6727664277428227,1.3563770888888884,2.51273492825768,-0.09999999999999964,-1.7000000000000002,-1.7000000000000002,2.7777777777777777,2.7777777777777777
12,0.0,False,0,4.0,True,13.88888888888889,-2.236850658260752,-3.9333333333333327,2.6225977511128247,1.6,0.0,0.0,2.7777777777777777,2.7777777777777777,,,,,,,,,
12,0.1,False,0,4.0,True,13.76238888888889,-2.03888057652816,-3.9459833333333334,2.624073786485289,1.4500000000000002,-0.1,-0.1,2.7777777777777777,2.7777777777777777,13.76238888888889,156.43670502804144,156.42933888888842,-0.2791435537962117,-0.00999999999999579,-0.1,-0.1,2.7777777777777777,2.7777777777777777
12,0.2,False,0,4.0,True,13.88888888888889,-4.051741803929711,-3.9333333333333327,0.2895565790537198,1.3000000000000003,-0.2,-0.2,2.7777777777777777,2.7777777777777777,13.88888888888889,70.83693055247836,69.39999999999986,0.35356347403888844,-0.019999999999997353,-0.2,-0.2,2.7777777777777777,2.7777777777777777
12,0.30000000000000004,False,0,3.5333333333333323,True,13.88888888888889,-2.709086865325939,-3.9333333333333327,1.2281825557377548,1.1500000000000004,-0.30000000000000004,-0.30000000000000004,2.7777777777777777,2.7777777777777777,13.88888888888889,40.42176546287064,39.399999999999935,-1.4726559289495096,-0.020000000000001572,-0.30000000000000004,-0.30000000000000004,2.7777777777777777,2.7777777777777777
12,0.4,False,0,2.1999999999999997,True,13.50938888888889,-3.592766037677115,-3.9839333333333355,2.436188861586612,1.0,-0.4,-0.4,2.7777777777777777,2.7777777777777777,13.50938888888889,23.385090332210186,22.845094444444495,0.6438802303844504,-6.661338147750939e-16,-0.4,-0.4,2.7777777777777777,2.7777777777777777
12,0.5,False,0,1.4000000000000004,True,13.88888888888889,-0.9803421782256221,-3.9333333333333327,1.0221540667121314,0.8500000000000001,-0.5,-0.5,2.7777777777777777,2.7777777777777777,13.88888888888889,14.073583346090373,14.955555555555538,2.422067535243569,0.0,-0.5,-0.5,2.7777777777777777,2.7777777777777777
12,0.6000000000000001,False,0,0.7666666666666673,True,11.991388888888888,-4.290211536616154,-4.008866666666665,3.981984436625503,0.7000000000000002,-0.6000000000000001,-0.6000000000000001,2.7777777777777777,2.7777777777777777,11.991388888888888,7.884261788831979,6.465200000000007,-1.508602946974082,-0.019999999999999574,-0.6000000000000001,-0.6000000000000001,2.7777777777777777,2.7777777777777777
12,0.7000000000000001,False,0,0.38571428571428634,True,12.623888888888889,-2.6431542974735,-4.186333333333329,0.6932056076517319,0.5500000000000003,-0.7000000000000001,-0.7000000000000001,2.7777777777777777,2.7777777777777777,12.623888888888889,6.137962970502415,3.690555555555563,1.1695830522084703,-0.009999999999999343,-0.7000000000000001,-0.7000000000000001,2.7777777777777777,2.7777777777777777
12,0.8,True,1,0.0,True,7.435918888888886,-3.0932900982447817,-4.268999799999999,-0.32068072701894446,0.1599999999999997,-0.8,-0.8,2.7777777777777777,2.7777777777777777,6.676624888888886,-3.3734543734825087,-3.4892303777777753,2.7392771731041683,-2.220446049250313e-16,-0.8,-0.8,2.7777777777777777,2.7777777777777777
12,0.9,True,2,0.0,True,2.880154888888887,-3.230607594301577,-4.299081288888881,-1.4877993805800411,-0.7399999999999989,-0.9,-0.9,2.7777777777777777,2.7777777777777777,5.917330888888887,-4.06436154636167,-3.3060268000000006,-0.26704627162283234,-0.02000000000000024,-0.9,-0.9,2.7777777777777777,2.7777777777777777
12,1.0,True,2,0.0,True,7.435918888888886,-2.9180928766233647,-4.255041400000002,-0.23270907234542282,-0.19999999999999996,-1.0,-1.0,2.7777777777777777,2.7777777777777777,8.195212888888886,-3.7071820932054917,-3.2474837777777763,2.0527487802056816,0.0,-1.0,-1.0,2.7777777777777777,2.7777777777777777
12,1.1,True,2,0.0,True,5.917330888888887,-4.083259323763644,-4.247892733333329,0.5422444465936587,-0.7100000000000004,-1.1,-1.1,2.7777777777777777,2.7777777777777777,8.195212888888886,-3.7711501813402775,-2.1363726666666656,0.41718845649395053,-0.0499999999999996,-1.1,-1.1,2.7777777777777777,2.7777777777777777
12,1.2000000000000002,True,2,0.0,True,2.880154888888887,-0.11098763582112436,-1.5803318222222158,-0.7713686418002419,-0.7999999999999994,-1.2000000000000002,-1.2000000000000002,2.7777777777777777,2.7777777777777777,7.435918888888886,-0.5449278846912611,-0.3799645555555555,-0.06436874138368465,-0.07999999999999963,-1.2000000000000002,-1.2000000000000002,2.7777777777777777,2.7777777777777777
12,1.3,True,2,0.0,True,8.195212888888886,-3.769848160722943,-4.241405111111113,0.6297582545610676,-0.6100000000000003,-1.3,-1.3,2.7777777777777777,2.7777777777777777,11.232388888888888,-3.318223284876029,-1.7360444444444445,0.18380975098421182,-0.09000000000000008,-1.3,-1.3,2.7777777777777777,2.7777777777777777
12,1.4000000000000001,True,2,0.0,True,8.195212888888886,-4.01790789634446,-4.269029199999998,0.9616786345836879,-0.919999999999999,-1.4000000000000001,-1.4000000000000001,2.7777777777777777,2.7777777777777777,11.232388888888888,-1.6820362758625214,-0.6249333333333338,0.013932522087218846,-0.08000000000000007,-1.4000000000000001,-1.4000000000000001,2.7777777777777777,2.7777777777777777
12,1.5,True,2,0.0,True,2.880154888888887,-2.8493110866240334,-1.5803318222222158,-1.5837922429157933,-1.4,-1.5,-1.5,2.7777777777777777,2.7777777777777777,9.713800888888887,0.062049843057159215,1.2452659777777795,-0.9281062529232951,-0.04999999999999982,-1.5,-1.5,2.7777777777777777,2.7777777777777777
12,1.6,True,2,0.0,True,2.880154888888887,-4.2097827724037264,-4.061055377777769,-0.0579602786170863,-1.879999999999999,0.0,0.0,2.7777777777777777,2.7777777777777777,11.232388888888888,0.3956437761955778,0.4861777777777805,-0.711677622967049,-0.1599999999999997,-1.6,-1.6,2.7777777777777777,2.7777777777777777
12,1.7000000000000002,False,0,0.8203130714930337,True,2.880154888888887,3.1286208276700647,2.8641126222222253,-0.329826518658217,-1.1199999999999992,-1.7000000000000002,-1.7000000000000002,2.7777777777777777,2.7777777777777777,7.435918888888886,5.36631601014816,4.064479888888889,-0.5739041792172894,-0.09999999999999964,-1.7000000000000002,-1.7000000000000002,2.7777777777777777,2.7777777777777777
13,0.0,False,0,4.0,True,13.88888888888889,-3.8404113662481825,-3.822222222222222,2.010856732642753,1.6,0.0,0.0,2.7777777777777777,2.7777777777777777,,,,,,,,,
13,0.1,False,0,4.0,True,13.88888888888889,-2.800079780223615,-3.822222222222222,0.6957344265313599,1.44,-0.1,-0.1,2.7777777777777777,2.7777777777777777,13.88888888888889,156.51742799184302,157.28888888888855,-0.2748504221500303,-0.00999999999999579,-0.1,-0.1,2.7777777777777777,2.7777777777777777
13,0.2,False,0,4.0,True,13.88888888888889,-3.7646242313885336,-3.822222222222222,0.8410320212846236,1.2799999999999998,-0.2,-0.2,2.7777777777777777,2.7777777777777777,13.88888888888889,69.48607020946706,68.39999999999986,1.3653298498588042,-0.019999999999997353,-0.2,-0.2,2.7777777777777777,2.7777777777777777
13,0.30000000000000004,False,0,3.4333333333333336,True,13.50938888888889,-1.6565354300999635,-3.923422222222224,2.5701038102564246,1.12,-0.30000000000000004,-0.30000000000000004,2.7777777777777777,2.7777777777777777,13.50938888888889,35.11418641898945,36.85670000000009,-0.8904347327561131,-0.020000000000001572,-0.30000000000000004,-0.30000000000000004,2.7777777777777777,2.7777777777777777
13,0.4,False,0,2.0999999999999996,True,13.50938888888889,-3.8127647317848554,-3.8728222222222213,1.4985099617112616,0.96,-0.4,-0.4,2.7777777777777777,2.7777777777777777,13.50938888888889,23.158026065888322,21.883044444444497,1.313066062158423,-6.661338147750939e-16,-0.4,-0.4,2.7777777777777777,2.7777777777777777
13,0.5,False,0,1.2000000000000002,True,12.623888888888889,-1.4453913439887698,-4.214372222222219,1.7476991230435894,0.8000000000000003,-0.5,-0.5,2.7777777777777777,2.7777777777777777,12.623888888888889,8.913024865112991,11.539405555555543,-1.3003664447359466,0.0,-0.5,-0.5,2.7777777777777777,2.7777777777777777
13,0.6000000000000001,False,0,0.6666666666666672,True,12.623888888888889,-3.355603732862149,-4.201722222222219,1.4147942806082066,0.6400000000000001,-0.6000000000000001,-0.6000000000000001,2.7777777777777777,2.7777777777777777,12.623888888888889,9.516197363158444,6.629000000000002,0.2934366159758026,-0.019999999999999574,-0.6000000000000001,-0.6000000000000001,2.7777777777777777,2.7777777777777777
13,0.7000000000000001,True,1,0.0,True,9.713800888888887,-3.3270425276541564,-4.178599311111113,1.5956333545437356,0.4100000000000006,-0.7000000000000001,-0.7000000000000001,2.7777777777777777,2.7777777777777777,9.713800888888887,-0.29206077700474875,-0.016985444444443054,-0.20228906486828246,-0.009999999999999343,-0.7000000000000001,-0.7000000000000001,2.7777777777777777,2.7777777777777777
13,0.8,True,1,0.0,True,8.954506888888886,-3.5531030264688637,-4.092314600000001,-0.31518800265641156,0.1599999999999997,-0.8,-0.8,2.7777777777777777,2.7777777777777777,8.195212888888886,-3.035886372680273,-3.0088275777777787,2.407874004018248,-2.220446049250313e-16,-0.8,-0.8,2.7777777777777777,2.7777777777777777
13,0.9,True,2,0.0,True,2.120860888888887,-4.118868727863169,-4.24943880000001,-0.3536018316838665,-1.6399999999999975,-0.9,-0.9,2.7777777777777777,2.7777777777777777,6.676624888888886,-3.6045393724916535,-2.8754826000000007,0.673357943190743,-0.02000000000000024,-0.9,-0.9,2.7777777777777777,2.7777777777777777
13,1.0,True,1,0.0,True,10.473094888888888,-3.5184156911892286,-4.102669911111113,-1.0709635580454722,-0.09999999999999987,-1.0,-1.0,2.7777777777777777,2.7777777777777777,10.473094888888888,-3.429197366653745,-3.727798377777776,1.0575836825570382,0.0,-1.0,-1.0,2.7777777777777777,2.7777777777777777
13,1.1,True,2,0.0,True,2.880154888888887,-3.4464775686273112,-4.172166488888883,-1.5168114234991221,-1.2600000000000011,-1.1,-1.1,2.7777777777777777,2.7777777777777777,8.954506888888886,-1.450151254077812,-1.7057402666666652,-1.3652354807064222,-0.0499999999999996,-1.1,-1.1,2.7777777777777777,2.7777777777777777
13,1.2000000000000002,True,2,0.0,True,2.880154888888887,-3.6574130828806757,-1.4257929333333292,-0.8458810837994459,-0.919999999999999,-1.2000000000000002,-1.2000000000000002,2.7777777777777777,2.7777777777777777,8.195212888888886,0.8176967022396591,0.24038844444444596,-0.7222954842881419,-0.07999999999999963,-1.2000000000000002,-1.2000000000000002,2.7777777777777777,2.7777777777777777
13,1.3,True,2,0.0,True,10.473094888888888,-3.5102047957067652,-4.026740511111114,-0.6326427976568405,-0.6100000000000003,-1.3,-1.3,2.7777777777777777,2.7777777777777777,12.623888888888889,-2.9924307113276845,-1.1914444444444454,-1.5194268915792184,-0.09000000000000008,-1.3,-1.3,2.7777777777777777,2.7777777777777777
13,1.4000000000000001,True,2,0.0,True,2.880154888888887,0.24053483302470458,-0.5803318222222158,-1.3221634093127723,-1.1999999999999988,-1.4000000000000001,-1.4000000000000001,2.7777777777777777,2.7777777777777777,8.954506888888886,0.2012074274294795,1.6275930666666651,1.6404388591083991,-0.08000000000000007,-1.4000000000000001,-1.4000000000000001,2.7777777777777777,2.7777777777777777
13,1.5,True,2,0.0,True,2.880154888888887,-3.464863301400878,-2.802554044444441,-0.930339143665923,-1.6999999999999997,-1.5,-1.5,2.7777777777777777,2.7777777777777777,11.232388888888888,0.6375338382116889,1.4861777777777805,1.467114544921864,-0.04999999999999982,-1.5,-1.5,2.7777777777777777,2.7777777777777777
13,1.6,True,2,0.0,True,2.880154888888887,-2.6991888672711424,-3.116509355555549,-0.7494537844736708,-1.879999999999999,-1.6,0.0,2.7777777777777777,2.7777777777777777,11.232388888888888,0.7121235170159368,1.4861777777777805,0.694086499277724,-0.1599999999999997,-1.6,-1.6,2.7777777777777777,2.7777777777777777
13,1.7000000000000002,False,0,0.8031639903190758,True,2.880154888888887,3.3932668380317628,2.7530015111111146,-1.8879984505080174,-1.2899999999999991,-1.7000000000000002,-1.7000000000000002,2.7777777777777777,2.7777777777777777,8.195212888888886,3.318150385575561,4.419182888888888,-1.424691558642757,-0.09999999999999964,-1.7000000000000002,-1.7000000000000002,2.7777777777777777,2.7777777777777777
14,0.0,False,0,4.0,True,13.88888888888889,-3.988484874192241,-3.7777777777777777,2.2803820996841417,1.6,0.0,0.0,2.7777777777777777,2.7777777777777777,,,,,,,,,
14,0.1,False,0,4.0,True,13.88888888888889,-2.707936519409098,-3.7777777777777777,3.4350990033943387,1.44,-0.1,-0.1,2.7777777777777777,2.7777777777777777,13.88888888888889,155.7672755570333,156.28888888888855,-1.1831590678905928,-0.00999999999999579,-0.1,-0.1,2.7777777777777777,2.7777777777777777
14,0.2,False,0,4.0,True,13.88888888888889,-1.0680299300421856,-3.7777777777777777,3.140525764650571,1.2799999999999998,-0.2,-0.2,2.7777777777777777,2.7777777777777777,13.88888888888889,69.13163774720277,67.39999999999986,-1.0715873412826784,-0.019999999999997353,-0.2,-0.2,2.7777777777777777,2.7777777777777777
14,0.30000000000000004,False,0,3.3333333333333344,True,13.88888888888889,-3.6698278980653027,-3.7777777777777777,1.7861772825799656,1.12,-0.30000000000000004,-0.30000000000000004,2.7777777777777777,2.7777777777777777,13.88888888888889,38.071581974444534,37.399999999999935,0.6122278352355375,-0.020000000000001572,-0.30000000000000004,-0.30000000000000004,2.7777777777777777,2.7777777777777777
14,0.4,False,0,1.9999999999999996,True,13.50938888888889,-3.924239829040057,-3.799661111111109,3.095078871267406,0.9199999999999999,-0.4,-0.4,2.7777777777777777,2.7777777777777777,13.50938888888889,23.071638280221304,20.883044444444497,-0.6424548985677669,-6.661338147750939e-16,-0.4,-0.4,2.7777777777777777,2.7777777777777777
14,0.5,False,0,1.1000000000000005,True,12.623888888888889,-1.6112132125627978,-4.1285611111111065,2.6305847141859737,0.75,-0.5,-0.5,2.7777777777777777,2.7777777777777777,12.623888888888889,10.00723639847494,10.640605555555542,0.7465836139873003,0.0,-0.5,-0.5,2.7777777777777777,2.7777777777777777
14,0.6000000000000001,True,1,0.0,True,8.195212888888886,-3.731093346039624,-4.097377577777777,0.34364750908083064,0.40000000000000036,-0.6000000000000001,-0.6000000000000001,2.7777777777777777,2.7777777777777777,8.195212888888886,1.4828114645912942,-0.30517299999998837,1.7358103847321353,-0.019999999999999574,-0.6000000000000001,-0.6000000000000001,2.7777777777777777,2.7777777777777777
14,0.7000000000000001,False,0,0.08571428571428673,True,11.232388888888888,-3.6340247644916124,-4.104588888888887,0.7922184574323543,0.4100000000000006,-0.7000000000000001,-0.7000000000000001,2.7777777777777777,2.7777777777777777,11.232388888888888,2.4962544202044272,0.5773555555555534,-0.10609372426655672,-0.009999999999999343,-0.7000000000000001,-0.7000000000000001,2.7777777777777777,2.7777777777777777
14,0.8,True,1,0.0,True,9.713800888888887,-3.9886219637689555,-4.115003000000001,1.6639450231960677,0.1599999999999997,-0.8,-0.8,2.7777777777777777,2.7777777777777777,8.954506888888886,-3.331281332601594,-3.2496511777777775,1.0208117273098094,-2.220446049250313e-16,-0.8,-0.8,2.7777777777777777,2.7777777777777777
14,0.9,True,2,0.0,True,9.713800888888887,-2.6404766057555724,-4.115003000000001,1.0406076017582806,-0.02000000000000024,-0.9,-0.9,2.7777777777777777,2.7777777777777777,9.713800888888887,-2.6404766057555724,-4.115003000000001,1.0406076017582806,-0.02000000000000024,-0.9,-0.9,2.7777777777777777,2.7777777777777777
14,1.0,True,2,0.0,True,7.435918888888886,-2.4322078728221888,-4.198665777777776,1.5127473545935435,-0.3999999999999999,-1.0,-1.0,2.7777777777777777,2.7777777777777777,9.713800888888887,-1.9732015911078618,-2.310289577777776,-0.4438332923828736,0.0,-1.0,-1.0,2.7777777777777777,2.7777777777777777
14,1.1,False,0,0.28491415407062337,True,2.880154888888887,0.8139619544893195,0.4196681777777842,1.368986480835217,-0.6000000000000001,-1.1,-1.1,2.7777777777777777,2.7777777777777777,6.676624888888886,1.52401980697669,1.2301507333333328,0.6234316153842112,-0.0499999999999996,-1.1,-1.1,2.7777777777777777,2.7777777777777777
14,1.2000000000000002,True,2,0.0,True,2.880154888888887,-0.15225179966689506,-2.999832266666661,-0.8899395497519982,-1.279999999999999,-1.2000000000000002,-1.2000000000000002,2.7777777777777777,2.7777777777777777,9.713800888888887,-0.6074808836717791,-0.08806735555555445,0.24960954248882583,-0.07999999999999963,-1.2000000000000002,-1.2000000000000002,2.7777777777777777,2.7777777777777777
14,1.3,True,2,0.0,True,2.880154888888887,-0.6323404870772178,-0.6914429333333301,-1.8666121871396661,-1.1300000000000008,-1.3,-1.3,2.7777777777777777,2.7777777777777777,8.954506888888886,-0.3023851170259553,1.5164819555555562,0.39463716542651417,-0.09000000000000008,-1.3,-1.3,2.7777777777777777,2.7777777777777777
14,1.4000000000000001,True,2,0.0,True,2.880154888888887,-3.6752390809098356,-3.303549866666663,-1.3268485062553093,-1.7599999999999985,-1.4000000000000001,-1.4000000000000001,2.7777777777777777,2.7777777777777777,11.232388888888888,0.6521987751459024,1.3750666666666662,0.46494855431982085,-0.08000000000000007,-1.4000000000000001,-1.4000000000000001,2.7777777777777777,2.7777777777777777
14,1.5,False,0,0.5863168354949416,True,2.880154888888887,3.291437177510116,1.5307792888888985,-0.6882044409181478,-1.25,-1.5,-1.5,2.7777777777777777,2.7777777777777777,8.954506888888886,4.064446554717491,3.7387041777777794,-1.8067957208763468,-0.04999999999999982,-1.5,-1.5,2.7777777777777777,2.7777777777777777
14,1.6,False,0,0.28491415407062337,True,2.880154888888887,-0.2727549676284502,0.4196681777777842,-0.38630242775688295,-1.6000000000000005,-1.6,-1.6,2.7777777777777777,2.7777777777777777,9.713800888888887,2.2143499038216587,3.2452659777777795,-0.3539835098855171,-0.1599999999999997,-1.6,-1.6,2.7777777777777777,2.7777777777777777
14,1.7000000000000002,False,0,0.28491415407062337,True,2.880154888888887,-0.15660334052518632,0.4196681777777842,-0.1902740203558051,-1.7999999999999994,-1.7000000000000002,-1.7000000000000002,2.7777777777777777,2.7777777777777777,10.473094888888888,2.4725338228317684,3.938868288888888,0.965581152908439,-0.09999999999999964,-1.7000000000000002,-1.7000000000000002,2.7777777777777777,2.7777777777777777
15,0.0,False,0,4.0,True,13.88888888888889,-3.5275713713151786,-3.8888888888888884,-0.09268402858249547,1.6,0.0,0.0,2.7777777777777777,2.7777777777777777,,,,,,,,,
15,0.1,False,0,4.0,True,13.88888888888889,-2.8756985266210036,-3.8888888888888884,2.665218941868599,1.4300000000000002,-0.1,-0.1,2.7777777777777777,2.7777777777777777,13.88888888888889,155.59311967724113,155.28888888888855,0.9483269586573537,-0.00999999999999579,-0.1,-0.1,2.7777777777777777,2.7777777777777777
15,0.2,False,0,4.0,True,13.88888888888889,-3.502522280826706,-3.8888888888888884,0.21368970769933204,1.2600000000000002,-0.2,-0.2,2.7777777777777777,2.7777777777777777,13.88888888888889,67.62640429582665,66.39999999999986,-1.5460596617936637,-0.019999999999997353,-0.2,-0.2,2.7777777777777777,2.7777777777777777
15,0.30000000000000004,False,0,3.2333333333333334,True,13.88888888888889,-3.268283807597107,-3.8888888888888884,1.4618884280775144,1.0900000000000003,-0.30000000000000004,-0.30000000000000004,2.7777777777777777,2.7777777777777777,13.88888888888889,37.312654518376156,36.399999999999935,-0.874586008326832,-0.020000000000001572,-0.30000000000000004,-0.30000000000000004,2.7777777777777777,2.7777777777777777
15,0.4,False,0,1.8999999999999995,True,13.50938888888889,-3.3556768654553073,-3.8382888888888855,-1.0935143539197831,0.9199999999999999,-0.4,-0.4,2.7777777777777777,2.7777777777777777,13.50938888888889,19.666912891471636,19.920994444444492,-0.041828232367166596,-6.661338147750939e-16,-0.4,-0.4,2.7777777777777777,2.7777777777777777
15,0.5,False,0,0.9000000000000004,True,11.232388888888888,-2.9718608797745985,-4.2663,0.57119770834908,0.7000000000000002,-0.5,-0.5,2.7777777777777777,2.7777777777777777,11.232388888888888,8.997294385833783,7.502755555555585,1.1698332382480134,0.0,-0.5,-0.5,2.7777777777777777,2.7777777777777777
15,0.6000000000000001,False,0,0.16666666666666752,True,9.713800888888887,-3.6464043766896905,-3.9563770888888845,-0.617999595283006,0.4600000000000004,-0.6000000000000001,-0.6000000000000001,2.7777777777777777,2.7777777777777777,8.954506888888886,0.47257611269971367,0.9850062000000124,1.0839138963485015,-0.019999999999999574,-0.6000000000000001,-0.6000000000000001,2.7777777777777777,2.7777777777777777
15,0.7000000000000001,True,1,0.0,True,11.232388888888888,-3.3089341808856565,-4.025950000000004,-1.0362223697690307,0.3400000000000003,-0.7000000000000001,-0.7000000000000001,2.7777777777777777,2.7777777777777777,11.232388888888888,-2.6441188526028148,-0.3467444444444423,-0.32855860218790056,-0.009999999999999343,-0.7000000000000001,-0.7000000000000001,2.7777777777777777,2.7777777777777777
15,0.8,True,2,0.0,True,2.880154888888887,-1.6489861130771422,-2.6934345777777713,-0.9052509270864805,-0.4000000000000008,-0.8,-0.8,2.7777777777777777,2.7777777777777777,5.917330888888887,-2.172889369407595,-2.034810822222222,-0.23615053274511633,-2.220446049250313e-16,-0.8,-0.8,2.7777777777777777,2.7777777777777777
15,0.9,True,2,0.0,True,7.435918888888886,-3.77873598741085,-4.087554666666661,-1.037107381830032,-0.2899999999999998,-0.9,-0.9,2.7777777777777777,2.7777777777777777,8.954506888888886,-3.286549445736507,-3.039073600000001,2.0790816599711692,-0.02000000000000024,-0.9,-0.9,2.7777777777777777,2.7777777777777777
15,1.0,True,2,0.0,True,8.195212888888886,-3.766848924129298,-4.059871777777778,-0.8249243615152018,-0.3999999999999999,-1.0,-1.0,2.7777777777777777,2.7777777777777777,11.232388888888888,-1.5447243788321634,-1.9175777777777752,1.6061200476864959,0.0,-1.0,-1.0,2.7777777777777777,2.7777777777777777
15,1.1,False,0,0.23823389535742498,True,2.880154888888887,0.4513743875616223,0.30855706666666993,0.8091579140483596,-0.7100000000000004,-1.1,-1.1,2.7777777777777777,2.7777777777777777,7.435918888888886,0.8820242881907818,1.5089243333333338,2.569850861525216,-0.0499999999999996,-1.1,-1.1,2.7777777777777777,2.7777777777777777
15,1.2000000000000002,True,2,0.0,True,2.880154888888887,-1.5608539427175137,-1.9136651555555515,-1.8801860271549766,-1.1599999999999988,-1.2000000000000002,-1.2000000000000002,2.7777777777777777,2.7777777777777777,9.713800888888887,-0.3229961926529894,0.9119326444444456,-1.4087117010523613,-0.07999999999999963,-1.2000000000000002,-1.2000000000000002,2.7777777777777777,2.7777777777777777
15,1.3,False,0,0.5624637343413338,True,2.880154888888887,1.8817249347819258,1.4196681777777842,-1.0351550880484317,-1.0000000000000004,-1.3,-1.3,2.7777777777777777,2.7777777777777777,8.195212888888886,1.8756453744551616,3.085849555555556,-1.2847353163016586,-0.09000000000000008,-1.3,-1.3,2.7777777777777777,2.7777777777777777
15,1.4000000000000001,True,2,0.0,True,2.880154888888887,-1.462600597662326,-0.8025540444444408,-0.8523588185150115,-1.4799999999999986,-1.4000000000000001,-1.4000000000000001,2.7777777777777777,2.7777777777777777,10.473094888888888,3.501500101893453,2.7166460666666667,0.718183391841174,-0.08000000000000007,-1.4000000000000001,-1.4000000000000001,2.7777777777777777,2.7777777777777777
15,1.5,True,2,0.0,True,2.880154888888887,-1.5301324596841068,-1.0405799555555495,-1.4277927931695695,-1.85,-1.5,-1.5,2.7777777777777777,2.7777777777777777,11.232388888888888,4.652571928449022,3.4861777777777805,-1.1535908132972734,-0.04999999999999982,-1.5,-1.5,2.7777777777777777,2.7777777777777777
15,1.6,False,0,0.5624637343413338,True,2.880154888888887,0.5069384491511153,1.4196681777777842,-0.9002121071547945,-1.6000000000000005,-1.6,-1.6,2.7777777777777777,2.7777777777777777,9.713800888888887,3.7538354789766997,4.2452659777777795,0.34889956413757917,-0.1599999999999997,-1.6,-1.6,2.7777777777777777,2.7777777777777777
15,1.7000000000000002,False,0,0.23823389535742498,True,2.880154888888887,0.7520750444637025,0.30855706666666993,-1.6693101515624225,-1.8300000000000005,-1.7000000000000002,-1.7000000000000002,2.7777777777777777,2.7777777777777777,11.232388888888888,4.832449636573581,4.597288888888889,1.1892575512523749,-0.09999999999999964,-1.7000000000000002,-1.7000000000000002,2.7777777777777777,2.7777777777777777
16,0.0,False,0,4.0,True,13.88888888888889,-0.5467553581226587,-4.000000000000003,4.449571155474102,1.6,0.0,0.0,2.7777777777777777,2.7777777777777777,,,,,,,,,
16,0.1,False,0,4.0,True,13.88888888888889,-3.8909163269140548,-4.000000000000003,0.6119292036275761,1.42,-0.1,-0.1,2.7777777777777777,2.7777777777777777,13.88888888888889,154.1228688819959,154.28888888888855,-0.0785931715749073,-0.00999999999999579,-0.1,-0.1,2.7777777777777777,2.7777777777777777
16,0.2,False,0,4.0,True,13.88888888888889,-3.893622150920442,-4.000000000000003,1.4533704551636828,1.2399999999999998,-0.2,-0.2,2.7777777777777777,2.7777777777777777,13.88888888888889,65.78819004642355,65.39999999999986,0.45806183154752045,-0.019999999999997353,-0.2,-0.2,2.7777777777777777,2.7777777777777777
16,0.30000000000000004,False,0,3.133333333333334,True,13.88888888888889,-4.137291935538161,-4.000000000000003,2.627471633236968,1.06,-0.30000000000000004,-0.30000000000000004,2.7777777777777777,2.7777777777777777,13.88888888888889,36.30575817034988,35.399999999999935,-1.0475038663520881,-0.020000000000001572,-0.30000000000000004,-0.30000000000000004,2.7777777777777777,2.7777777777777777
16,0.4,False,0,1.7999999999999994,True,13.129888888888889,-3.465681905489567,-3.784950000000001,2.0463767196202003,0.8799999999999999,-0.4,-0.4,2.7777777777777777,2.7777777777777777,13.129888888888889,19.401306358266982,17.959594444444445,-1.6372970408713623,-6.661338147750939e-16,-0.4,-0.4,2.7777777777777777,2.7777777777777777
16,0.5,False,0,0.7999999999999998,True,11.991388888888888,-3.5965249374835144,-4.285838888888882,-1.012659534274713,0.6499999999999999,-0.5,-0.5,2.7777777777777777,2.7777777777777777,11.232388888888888,8.412368743039664,6.7051555555555895,-0.4750402239378997,0.0,-0.5,-0.5,2.7777777777777777,2.7777777777777777
16,0.6000000000000001,True,1,0.0,True,8.954506888888886,-3.0210530353557514,-3.9956458222222215,-1.8346452021481516,0.40000000000000036,-0.6000000000000001,-0.6000000000000001,2.7777777777777777,2.7777777777777777,8.195212888888886,2.655533605019799,-0.5084319999999911,-0.34534766649396165,-0.019999999999999574,-0.6000000000000001,-0.6000000000000001,2.7777777777777777,2.7777777777777777
16,0.7000000000000001,True,1,0.0,True,7.435918888888886,-3.137879915558087,-4.269747044444439,-0.8672988259355496,-0.009999999999999343,-0.7000000000000001,-0.7000000000000001,2.7777777777777777,2.7777777777777777,7.435918888888886,-3.137879915558087,-4.269747044444439,-0.8672988259355496,-0.009999999999999343,-0.7000000000000001,-0.7000000000000001,2.7777777777777777,2.7777777777777777
16,0.8,True,2,0.0,True,2.880154888888887,-4.1305740318274955,-1.607267466666662,-1.2164352402548333,-0.3200000000000005,-0.8,-0.8,2.7777777777777777,2.7777777777777777,5.917330888888887,-0.7976104195490548,-1.1107402222222218,-1.7140759573098903,-2.220446049250313e-16,-0.8,-0.8,2.7777777777777777,2.7777777777777777
16,0.9,True,2,0.0,True,2.880154888888887,-4.0976469921208,-2.024776266666662,-1.7936076181608307,-0.5599999999999992,-0.9,-0.9,2.7777777777777777,2.7777777777777777,7.435918888888886,-1.9384508031538266,-0.824409000000002,-0.2916062775768835,-0.02000000000000024,-0.9,-0.9,2.7777777777777777,2.7777777777777777
16,1.0,True,2,0.0,True,2.880154888888887,-3.7885264011684994,-2.414660977777774,-1.615835152562162,-0.8999999999999999,-1.0,-1.0,2.7777777777777777,2.7777777777777777,8.954506888888886,1.6309759024796557,0.18314862222222406,0.2364436564125052,0.0,-1.0,-1.0,2.7777777777777777,2.7777777777777777
16,1.1,True,2,0.0,True,2.880154888888887,-2.6556207435530785,-0.9136651555555515,2.0450765533675437,-0.9300000000000006,-1.1,-1.1,2.7777777777777777,2.7777777777777777,8.954506888888886,4.40574597704184,1.2942597333333348,2.8902930805273397,-0.0499999999999996,-1.1,-1.1,2.7777777777777777,2.7777777777777777
16,1.2000000000000002,False,0,0.9161389060654407,True,2.880154888888887,4.4225034321519106,3.5307792888888985,-1.7728856083729925,-0.6799999999999993,-1.2000000000000002,-1.2000000000000002,2.7777777777777777,2.7777777777777777,6.676624888888886,6.2146375083343885,4.341261844444447,-0.5125725683277969,-0.07999999999999963,-1.2000000000000002,-1.2000000000000002,2.7777777777777777,2.7777777777777777
16,1.3,True,2,0.0,True,2.880154888888887,-0.8109887902302146,-0.9136651555555515,-0.8451328548029475,-1.390000000000001,-1.3,-1.3,2.7777777777777777,2.7777777777777777,10.473094888888888,1.675134681769216,2.605534955555556,2.0863898126629015,-0.09000000000000008,-1.3,-1.3,2.7777777777777777,2.7777777777777777
16,1.4000000000000001,True,2,0.0,True,2.880154888888887,-2.797773088224118,-0.9136651555555515,-1.3106175370100448,-1.6199999999999988,-1.4000000000000001,-1.4000000000000001,2.7777777777777777,2.7777777777777777,11.232388888888888,2.836225893037242,3.375066666666666,0.835241485490418,-0.08000000000000007,-1.4000000000000001,-1.4000000000000001,2.7777777777777777,2.7777777777777777
16,1.5,False,0,0.18128137105699837,True,2.880154888888887,1.2459152361422605,0.19744595555555922,-0.8556554394461369,-1.6999999999999997,-1.5,-1.5,2.7777777777777777,2.7777777777777777,11.232388888888888,2.459500064528645,4.4861777777777805,-0.3648048578480436,-0.04999999999999982,-1.5,-1.5,2.7777777777777777,2.7777777777777777
16,1.6,False,0,0.7491979951560841,True,2.880154888888887,1.894968606224606,2.419668177777784,-1.425804373433643,-1.6000000000000005,-1.6,-1.6,2.7777777777777777,2.7777777777777777,9.713800888888887,4.494479785374277,5.2452659777777795,-0.806858170622339,-0.1599999999999997,-1.6,-1.6,2.7777777777777777,2.7777777777777777
16,1.7000000000000002,False,0,0.9161389060654405,True,2.880154888888887,3.769304184788024,3.530779288888895,0.472307735545336,-1.629999999999999,-1.7000000000000002,-1.7000000000000002,2.7777777777777777,2.7777777777777777,9.713800888888887,5.4259526325186345,6.356377088888888,1.7714266868969335,-0.09999999999999964,-1.7000000000000002,-1.7000000000000002,2.7777777777777777,2.7777777777777777
17,0.0,False,0,4.0,True,13.88888888888889,-3.8785401337608034,-4.111111111111113,0.5630303903395482,1.6,0.0,0.0,2.7777777777777777,2.7777777777777777,,,,,,,,,
17,0.1,False,0,4.0,True,13.88888888888889,-4.10538104429165,-4.111111111111113,2.0409903889383507,1.4100000000000001,-0.1,-0.1,2.7777777777777777,2.7777777777777777,13.88888888888889,153.5271830400745,153.28888888888855,-1.630797360981011,-0.00999999999999579,-0.1,-0.1,2.7777777777777777,2.7777777777777777
17,0.2,False,0,4.0,True,13.88888888888889,-3.7235965275457295,-4.111111111111113,3.0267942702774246,1.2200000000000002,-0.2,-0.2,2.7777777777777777,2.7777777777777777,13.88888888888889,63.46439515500093,64.39999999999986,0.0929100756209591,-0.019999999999997353,-0.2,-0.2,2.7777777777777777,2.7777777777777777
17,0.30000000000000004,False,0,3.033333333333335,True,13.129888888888889,-2.751784162970611,-3.807877777777782,1.868653154900942,1.0000000000000004,-0.30000000000000004,-0.30000000000000004,2.7777777777777777,2.7777777777777777,13.129888888888889,32.9132013912397,31.389300000000045,0.35266399813179117,-0.020000000000001572,-0.30000000000000004,-0.30000000000000004,2.7777777777777777,2.7777777777777777
17,0.4,False,0,1.6999999999999993,True,12.623888888888889,-2.927099160889113,-3.845461111111109,2.4823536151625514,0.8399999999999999,-0.4,-0.4,2.7777777777777777,2.7777777777777777,12.623888888888889,13.27169221561019,15.9222944444444,-1.2984814863518852,-6.661338147750939e-16,-0.4,-0.4,2.7777777777777777,2.7777777777777777
17,0.5,False,0,0.2999999999999998,True,8.954506888888886,-3.798915516884459,-4.103358355555549,1.0608799464956946,0.5,-0.5,-0.5,2.7777777777777777,2.7777777777777777,8.195212888888886,1.6150553473420617,1.3140767555555586,1.9887356012421789,0.0,-0.5,-0.5,2.7777777777777777,2.7777777777777777
17,0.6000000000000001,True,2,0.0,True,2.880154888888887,-0.5201310062810256,-2.4095392,1.07998548599697,-0.019999999999999574,-0.6000000000000001,-0.6000000000000001,2.7777777777777777,2.7777777777777777,2.880154888888887,-0.5201310062810256,-2.4095392,1.07998548599697,-0.019999999999999574,-0.6000000000000001,-0.6000000000000001,2.7777777777777777,2.7777777777777777
17,0.7000000000000001,True,1,0.0,True,7.435918888888886,-4.161381738543123,-4.28284124444444,-1.7351075881799136,-0.009999999999999343,-0.7000000000000001,-0.7000000000000001,2.7777777777777777,2.7777777777777777,7.435918888888886,-4.161381738543123,-4.28284124444444,-1.7351075881799136,-0.009999999999999343,-0.7000000000000001,-0.7000000000000001,2.7777777777777777,2.7777777777777777
17,0.8,True,2,0.0,True,2.880154888888887,-3.4687858172809234,-2.135887377777773,-0.06872599295089743,-0.4000000000000008,-0.8,-0.8,2.7777777777777777,2.7777777777777777,6.676624888888886,-2.028854264885143,-1.3254048222222243,1.022664083096927,-2.220446049250313e-16,-0.8,-0.8,2.7777777777777777,2.7777777777777777
17,0.9,False,0,0.5174732076004572,True,2.880154888888887,0.46671174611641764,1.21009595555556,-1.2358209585654225,-0.37999999999999967,-0.9,-0.9,2.7777777777777777,2.7777777777777777,5.917330888888887,0.6405279646811168,1.7066232000000001,-0.36756814610765565,-0.02000000000000024,-0.9,-0.9,2.7777777777777777,2.7777777777777777
17,1.0,False,0,0.12053909447362256,True,2.880154888888887,-0.6597209177040844,0.09898484444444922,-0.4753780117938571,-0.6999999999999997,-1.0,-1.0,2.7777777777777777,2.7777777777777777,8.195212888888886,2.1035431790253947,1.7651662222222244,0.21730407229553306,0.0,-1.0,-1.0,2.7777777777777777,2.7777777777777777
17,1.1,False,0,0.11207588871237602,True,2.880154888888887,0.13038358381439696,0.0863348444444485,0.8820472451590935,-0.9300000000000006,-1.1,-1.1,2.7777777777777777,2.7777777777777777,8.954506888888886,1.0959271290023205,2.2942597333333348,0.9182447107962122,-0.0499999999999996,-1.1,-1.1,2.7777777777777777,2.7777777777777777
17,1.2000000000000002,True,2,0.0,True,7.435918888888886,-3.147591489631192,-4.20691184444444,-1.3876353582618048,-1.1599999999999988,-1.2000000000000002,-1.2000000000000002,2.7777777777777777,2.7777777777777777,12.623888888888889,2.6718992056170743,1.6974444444444439,-0.23170881374109786,-0.07999999999999963,-1.2000000000000002,-1.2000000000000002,2.7777777777777777,2.7777777777777777
17,1.3,False,0,0.7312093301017538,True,2.880154888888887,2.348267001788998,2.30855706666667,-0.07739460727469494,-1.1300000000000008,-1.3,-1.3,2.7777777777777777,2.7777777777777777,8.954506888888886,1.537231861255873,4.516481955555556,1.1957968501957743,-0.09000000000000008,-1.3,-1.3,2.7777777777777777,2.7777777777777777
17,1.4000000000000001,False,0,0.7312093301017538,True,2.880154888888887,2.541354761085697,2.30855706666667,-1.711991901039458,-1.3399999999999985,-1.4000000000000001,-1.4000000000000001,2.7777777777777777,2.7777777777777777,9.713800888888887,3.7067501678312533,5.134154866666667,0.1872892984464931,-0.08000000000000007,-1.4000000000000001,-1.4000000000000001,2.7777777777777777,2.7777777777777777
17,1.5,False,0,0.5147575320341189,True,2.880154888888887,2.172149520535908,1.1974459555555592,-1.7966042725040505,-1.6999999999999997,-1.5,-1.5,2.7777777777777777,2.7777777777777777,11.232388888888888,5.214543094784784,5.4861777777777805,0.5447442041997164,-0.04999999999999982,-1.5,-1.5,2.7777777777777777,2.7777777777777777
17,1.6,False,0,0.5147575320341189,True,2.880154888888887,0.280813255874226,1.1974459555555592,-1.4103070274270708,-1.879999999999999,-1.6,-1.6,2.7777777777777777,2.7777777777777777,11.232388888888888,4.96232186981294,5.4861777777777805,1.3130107838419227,-0.1599999999999997,-1.6,-1.6,2.7777777777777777,2.7777777777777777
17,1.7000000000000002,False,0,1.1695830444089361,True,2.880154888888887,3.5150468414444243,5.545485577777783,-1.0240871250775978,-1.7999999999999994,-1.7000000000000002,-1.7000000000000002,2.7777777777777777,2.7777777777777777,8.954506888888886,5.67967826905732,7.849815288888888,-0.8215116998536347,-0.09999999999999964,-1.7000000000000002,-1.7000000000000002,2.7777777777777777,2.7777777777777777
18,0.0,False,0,4.0,True,13.88888888888889,-3.872894887751097,-4.222222222222224,1.7192647746146617,1.6,0.0,0.0,2.7777777777777777,2.7777777777777777,,,,,,,,,
18,0.1,False,0,4.0,True,13.88888888888889,-2.8907349218081277,-4.222222222222224,1.8812454095723554,1.4,-0.1,-0.1,2.7777777777777777,2.7777777777777777,13.88888888888889,152.86887194731423,152.28888888888855,-0.35030230344170943,-0.00999999999999579,-0.1,-0.1,2.7777777777777777,2.7777777777777777
18,0.2,False,0,4.0,True,13.50938888888889,-3.335737068521129,-4.121022222222222,1.085982037646004,1.2000000000000002,-0.2,-0.2,2.7777777777777777,2.7777777777777777,13.50938888888889,61.92341527808502,60.983850000000146,-0.28520274039320825,-0.019999999999997353,-0.2,-0.2,2.7777777777777777,2.7777777777777777
18,0.30000000000000004,False,0,3.033333333333335,True,13.88888888888889,-2.9064465901345526,-4.222222222222224,1.8386896670739188,1.0000000000000004,-0.30000000000000004,-0.30000000000000004,2.7777777777777777,2.7777777777777777,13.88888888888889,30.414162547129013,33.399999999999935,-1.8973183459903036,-0.020000000000001572,-0.30000000000000004,-0.30000000000000004,2.7777777777777777,2.7777777777777777
18,0.4,False,0,1.5999999999999992,True,13.129888888888889,-3.247770792747576,-4.057772222222218,0.8948134164613228,0.7999999999999998,-0.4,-0.4,2.7777777777777777,2.7777777777777777,13.129888888888889,15.685460180527247,16.161994444444442,1.226651439668347,-6.661338147750939e-16,-0.4,-0.4,2.7777777777777777,2.7777777777777777
18,0.5,False,0,0.2999999999999998,True,9.713800888888887,-1.9729028832504119,-4.293826844444449,1.108970701535669,0.5,-0.5,-0.5,2.7777777777777777,2.7777777777777777,8.195212888888886,2.029070529067071,1.1871913555555524,2.1827059141742313,0.0,-0.5,-0.5,2.7777777777777777,2.7777777777777777
18,0.6000000000000001,True,2,0.0,True,2.880154888888887,-2.954149455040734,-1.4222186000000034,-0.7422860187686044,-0.019999999999999574,-0.6000000000000001,-0.6000000000000001,2.7777777777777777,2.7777777777777777,2.880154888888887,-2.954149455040734,-1.4222186000000034,-0.7422860187686044,-0.019999999999999574,-0.6000000000000001,-0.6000000000000001,2.7777777777777777,2.7777777777777777
18,0.7000000000000001,True,2,0.0,True,2.880154888888887,1.6860352815406623,-0.5538697777777726,-0.07358181047440127,-0.14999999999999925,-0.7000000000000001,-0.7000000000000001,2.7777777777777777,2.7777777777777777,4.398742888888887,-0.3879869001576379,-0.45746495555555367,0.47727714041822633,-0.009999999999999343,-0.7000000000000001,-0.7000000000000001,2.7777777777777777,2.7777777777777777
18,0.8,True,2,0.0,True,2.880154888888887,-0.3748082957789789,-0.024776266666662217,1.511301485016641,-0.3200000000000005,-0.8,-0.8,2.7777777777777777,2.7777777777777777,5.917330888888887,-1.1836498834738718,0.47175097777777797,-0.11720016587169457,-2.220446049250313e-16,-0.8,-0.8,2.7777777777777777,2.7777777777777777
18,0.9,True,2,0.0,True,5.917330888888887,-1.2728368888605237,-4.236136977777778,-0.5875311728409891,-0.649999999999999,-0.9,-0.9,2.7777777777777777,2.7777777777777777,10.473094888888888,-0.1311941503770475,-0.6717205999999996,0.6730840044863,-0.02000000000000024,-0.9,-0.9,2.7777777777777777,2.7777777777777777
18,1.0,True,2,0.0,True,2.880154888888887,0.21339853257856323,-1.135887377777773,-1.3695567623028637,-0.8999999999999999,-1.0,-1.0,2.7777777777777777,2.7777777777777777,9.713800888888887,-0.768833469818385,1.6897104222222241,2.6811670823558917,0.0,-1.0,-1.0,2.7777777777777777,2.7777777777777777
18,1.1,True,2,0.0,True,2.880154888888887,-2.173116397648548,-1.0599873777777722,-0.5783673436265149,-1.1500000000000008,-1.1,-1.1,2.7777777777777777,2.7777777777777777,10.473094888888888,1.4287663020523746,2.4592127333333353,1.5317177291545083,-0.0499999999999996,-1.1,-1.1,2.7777777777777777,2.7777777777777777
18,1.2000000000000002,False,0,0.8843907767320013,True,2.880154888888887,2.9897532447128485,3.30855706666667,2.4804603895459105,-0.919999999999999,-1.2000000000000002,-1.2000000000000002,2.7777777777777777,2.7777777777777777,8.195212888888886,4.243887356635278,4.974738444444445,1.5334699528631393,-0.07999999999999963,-1.2000000000000002,-1.2000000000000002,2.7777777777777777,2.7777777777777777
18,1.3,False,0,0.7131838691356119,True,2.880154888888887,1.7608099067107768,2.197445955555559,-1.6401546629208894,-1.2600000000000007,-1.3,-1.3,2.7777777777777777,2.7777777777777777,9.713800888888887,3.7396202295587395,5.023043755555556,-0.06352406069868444,-0.09000000000000008,-1.3,-1.3,2.7777777777777777,2.7777777777777777
18,1.4000000000000001,False,0,0.8843907767320013,True,2.880154888888887,2.9699141834151463,3.30855706666667,-1.7318589653517096,-1.3399999999999985,-1.4000000000000001,-1.4000000000000001,2.7777777777777777,2.7777777777777777,9.713800888888887,5.115533364802663,6.134154866666667,-0.4340182757612039,-0.08000000000000007,-1.4000000000000001,-1.4000000000000001,2.7777777777777777,2.7777777777777777
18,1.5,False,0,0.7131838691356119,True,2.880154888888887,0.7168906530745014,2.1872082444444496,-1.1793483107672325,-1.85,-1.5,-1.5,2.7777777777777777,2.7777777777777777,11.232388888888888,7.849089107891101,6.4861777777777805,-1.8105486821900212,-0.04999999999999982,-1.5,-1.5,2.7777777777777777,2.7777777777777777
18,1.6,False,0,1.0300178075080662,True,2.880154888888887,3.3823378101801795,4.419668177777784,-1.08932727624086,-1.6000000000000005,-1.6,-1.6,2.7777777777777777,2.7777777777777777,9.713800888888887,6.710589167077553,7.2452659777777795,1.1855450635268086,-0.1599999999999997,-1.6,-1.6,2.7777777777777777,2.7777777777777777
18,1.7000000000000002,False,0,1.030017807508066,True,2.880154888888887,2.1296790620981882,4.419668177777784,-1.5791003569230013,-1.7999999999999994,-1.7000000000000002,-1.7000000000000002,2.7777777777777777,2.7777777777777777,10.473094888888888,9.742634516014078,7.938868288888888,-0.7725687502546137,-0.09999999999999964,-1.7000000000000002,-1.7000000000000002,2.7777777777777777,2.7777777777777777
19,0.0,False,0,4.0,True,13.88888888888889,-2.847563420020811,-4.266666666666661,3.2850548449602957,1.6,0.0,0.0,2.7777777777777777,2.7777777777777777,,,,,,,,,
19,0.1,False,0,4.0,True,13.88888888888889,-4.2238554833984265,-4.266666666666661,-0.9761586136240892,1.3900000000000001,-0.1,-0.1,2.7777777777777777,2.7777777777777777,13.76238888888889,150.65629901092944,149.51788888888842,-1.1350218764071613,-0.00999999999999579,-0.1,-0.1,2.7777777777777777,2.7777777777777777
19,0.2,False,0,4.0,True,13.76238888888889,-2.3250178262733696,-4.279316666666662,0.007826748743593015,1.1800000000000002,-0.2,-0.2,2.7777777777777777,2.7777777777777777,13.50938888888889,59.96252116522608,60.11035000000014,-1.8884501861427065,-0.019999999999997353,-0.2,-0.2,2.7777777777777777,2.7777777777777777
19,0.30000000000000004,False,0,2.833333333333333,True,13.129888888888889,-3.7578723374254706,-4.1562333333333354,-0.43820929478144865,0.9700000000000002,-0.30000000000000004,-0.30000000000000004,2.7777777777777777,2.7777777777777777,13.129888888888889,28.281021373408787,29.71820000000005,0.6725557332385446,-0.020000000000001572,-0.30000000000000004,-0.30000000000000004,2.7777777777777777,2.7777777777777777
19,0.4,False,0,0.8999999999999986,True,8.954506888888886,-2.1106299753682434,-4.222656733333333,0.52959085227402,0.6399999999999997,-0.4,-0.4,2.7777777777777777,2.7777777777777777,8.195212888888886,6.457344188276612,4.445239444444415,2.0695500520387298,-6.661338147750939e-16,-0.4,-0.4,2.7777777777777777,2.7777777777777777
19,0.5,False,0,0.6000000000000005,True,11.991388888888888,-2.361576348592865,-3.890583333333338,2.919270612602951,0.5500000000000003,-0.5,-0.5,2.7777777777777777,2.7777777777777777,11.991388888888888,4.010860081377328,5.425555555555566,0.7233972759981535,0.0,-0.5,-0.5,2.7777777777777777,2.7777777777777777
19,0.6000000000000001,True,1,0.0,True,8.954506888888886,-3.9899291829282104,-4.088540955555554,0.621213910235833,0.22000000000000064,-0.6000000000000001,-0.6000000000000001,2.7777777777777777,2.7777777777777777,8.195212888888886,-1.7155471209124995,-2.3444849999999944,2.136272682127022,-0.019999999999999574,-0.6000000000000001,-0.6000000000000001,2.7777777777777777,2.7777777777777777
19,0.7000000000000001,False,0,0.19417249778355827,True,2.880154888888887,0.2881071371412611,0.21834202222222832,1.0824719969643453,-0.14999999999999925,-0.7000000000000001,-0.7000000000000001,2.7777777777777777,2.7777777777777777,4.398742888888887,0.42363884348757086,0.3147468444444472,1.078897390861839,-0.009999999999999343,-0.7000000000000001,-0.7000000000000001,2.7777777777777777,2.7777777777777777
19,0.8,False,0,0.7505330167376258,True,2.880154888888887,2.25651107324357,2.427914244444449,0.7024215163844247,-0.24000000000000044,-0.8,-0.8,2.7777777777777777,2.7777777777777777,5.158036888888887,1.197142803663664,2.6864155777777805,1.0405425046841157,-2.220446049250313e-16,-0.8,-0.8,2.7777777777777777,2.7777777777777777
19,0.9,True,2,0.0,True,2.880154888888887,-3.207076996123674,-1.2469984888888872,-0.7391526441651015,-0.7399999999999989,-0.9,-0.9,2.7777777777777777,2.7777777777777777,8.954506888888886,0.6726771447882998,0.9609263999999991,0.05283309020511284,-0.02000000000000024,-0.9,-0.9,2.7777777777777777,2.7777777777777777
19,1.0,False,0,0.8683713504222594,True,2.880154888888887,3.1942669782261683,3.197445955555559,-0.9541825323742936,-0.6000000000000001,-1.0,-1.0,2.7777777777777777,2.7777777777777777,7.435918888888886,3.885072410980869,4.397813222222223,2.0131112222524266,0.0,-1.0,-1.0,2.7777777777777777,2.7777777777777777
19,1.1,False,0,0.8683713504222594,True,2.880154888888887,2.12081124702737,3.197445955555559,0.09231301759813126,-0.8200000000000007,-1.1,-1.1,2.7777777777777777,2.7777777777777777,8.195212888888886,3.2223900992195036,4.863627333333334,0.28911626684606784,-0.0499999999999996,-1.1,-1.1,2.7777777777777777,2.7777777777777777
19,1.2000000000000002,False,0,1.0168757351346738,True,2.880154888888887,1.5098437849087967,4.30855706666667,1.0323123274162351,-0.919999999999999,-1.2000000000000002,-1.2000000000000002,2.7777777777777777,2.7777777777777777,8.195212888888886,4.71694034266356,5.974738444444445,2.5049361822291556,-0.07999999999999963,-1.2000000000000002,-1.2000000000000002,2.7777777777777777,2.7777777777777777
19,1.3,False,0,1.1454641382013324,True,2.880154888888887,4.36895689524506,5.134719133333342,-0.9215220965648356,-1.8899999999999997,0.0,0.0,2.7777777777777777,2.7777777777777777,8.195212888888886,7.12544165883891,7.085849555555556,-1.7257292601816996,-0.09000000000000008,-1.3,-1.3,2.7777777777777777,2.7777777777777777
19,1.4000000000000001,False,0,1.1454641382013324,True,2.880154888888887,2.5919280623663505,5.378717333333342,-0.4893877140075764,-1.7599999999999985,-1.4000000000000001,-1.4000000000000001,2.7777777777777777,2.7777777777777777,8.954506888888886,8.289813195515812,7.627593066666665,1.9190982859551697,-0.08000000000000007,-1.4000000000000001,-1.4000000000000001,2.7777777777777777,2.7777777777777777
19,1.5,False,0,0.8683713504222594,True,2.880154888888887,3.284936349886693,3.1872082444444496,-0.8832480251852819,-1.85,-1.5,-1.5,2.7777777777777777,2.7777777777777777,11.232388888888888,8.068399378317896,7.4861777777777805,1.444458753618552,-0.04999999999999982,-1.5,-1.5,2.7777777777777777,2.7777777777777777
19,1.6,False,0,0.6926739582954761,True,2.880154888888887,0.6061691980336557,2.0863348444444485,-0.9663301765284034,-1.879999999999999,-1.6,0.0,2.7777777777777777,2.7777777777777777,11.991388888888888,6.714007097888982,7.22052777777778,-1.1636216665732428,-0.1599999999999997,-1.6,-1.6,2.7777777777777777,2.7777777777777777
19,1.7000000000000002,False,0,1.0168757351346736,True,2.880154888888887,3.821235420290262,4.30855706666667,-1.444841652712354,-1.8300000000000005,-1.7000000000000002,-1.7000000000000002,2.7777777777777777,2.7777777777777777,11.232388888888888,10.25260394526256,8.59728888888889,0.01938617986371005,-0.09999999999999964,-1.7000000000000002,-1.7000000000000002,2.7777777777777777,2.7777777777777777
20,0.0,False,0,4.0,True,13.88888888888889,-4.09204589568619,-4.155555555555551,1.274558818587964,1.6,0.0,0.0,2.7777777777777777,2.7777777777777777,,,,,,,,,
20,0.1,False,0,4.0,True,13.76238888888889,-4.233654149183535,-4.168205555555551,1.36338767879788,1.38,-0.1,-0.1,2.7777777777777777,2.7777777777777777,13.76238888888889,149.48084420766077,148.51788888888842,0.3266169790331821,-0.00999999999999579,-0.1,-0.1,2.7777777777777777,2.7777777777777777
20,0.2,False,0,4.0,True,12.623888888888889,-1.9999423406750898,-3.938444444444449,0.24128620454569516,1.1600000000000001,-0.2,-0.2,2.7777777777777777,2.7777777777777777,11.991388888888888,49.40301116693333,49.69874999999983,-0.12279220261986312,-0.019999999999997353,-0.2,-0.2,2.7777777777777777,2.7777777777777777
20,0.30000000000000004,False,0,2.6333333333333346,True,11.991388888888888,-3.6203451908596618,-4.258844444444441,2.1332073055626126,0.9100000000000006,-0.30000000000000004,-0.30000000000000004,2.7777777777777777,2.7777777777777777,11.991388888888888,25.50527933639624,24.303350000000005,-1.3656555478004457,-0.020000000000001572,-0.30000000000000004,-0.30000000000000004,2.7777777777777777,2.7777777777777777
20,0.4,False,0,1.1999999999999988,True,11.232388888888888,-3.5263357109208746,-4.296794444444447,-0.25478554944949616,0.6799999999999997,-0.4,-0.4,2.7777777777777777,2.7777777777777777,10.473094888888888,8.054682426793182,8.785244644444393,-0.884464748432892,-6.661338147750939e-16,-0.4,-0.4,2.7777777777777777,2.7777777777777777
20,0.5,False,0,0.2999999999999998,True,9.713800888888887,-3.223743682803728,-4.0207303333333355,0.5891412084157448,0.3999999999999999,-0.5,-0.5,2.7777777777777777,2.7777777777777777,9.713800888888887,2.6327456334028385,1.5280881555555341,-1.1804549280447183,0.0,-0.5,-0.5,2.7777777777777777,2.7777777777777777
20,0.6000000000000001,True,2,0.0,True,2.880154888888887,-3.4131261858377036,-2.4692207111111157,1.3474318287917875,-0.07999999999999963,-0.6000000000000001,-0.6000000000000001,2.7777777777777777,2.7777777777777777,3.639448888888887,-2.2827460359953866,-2.458983000000006,1.54859074074677,-0.019999999999999574,-0.6000000000000001,-0.6000000000000001,2.7777777777777777,2.7777777777777777
20,0.7000000000000001,True,2,0.0,True,3.639448888888887,-2.309208884193448,-4.259726822222222,-1.687408103727357,-0.7799999999999985,-0.7000000000000001,-0.7000000000000001,2.7777777777777777,2.7777777777777777,7.435918888888886,-4.296189135195347,-2.1775645555555583,0.01701825618910391,-0.009999999999999343,-0.7000000000000001,-0.7000000000000001,2.7777777777777777,2.7777777777777777
20,0.8,True,2,0.0,True,2.880154888888887,-0.4376864039809787,-1.5961355111111102,-1.1672870440470993,-0.640000000000001,-0.8,-0.8,2.7777777777777777,2.7777777777777777,8.195212888888886,1.1195150082723844,0.3080717777777773,0.06873878094575381,-2.220446049250313e-16,-0.8,-0.8,2.7777777777777777,2.7777777777777777
20,0.9,True,2,0.0,True,2.880154888888887,-0.5429819866170353,-0.2090484888888886,-0.27106569255898894,-0.7399999999999989,-0.9,-0.9,2.7777777777777777,2.7777777777777777,8.954506888888886,0.6691349760868741,1.9988763999999977,0.36685385477908605,-0.02000000000000024,-0.9,-0.9,2.7777777777777777,2.7777777777777777
20,1.0,True,2,0.0,True,2.880154888888887,0.19631850054247568,-0.2469984888888872,-0.7025062698159461,-1.0,-1.0,-1.0,2.7777777777777777,2.7777777777777777,10.473094888888888,4.622925203784072,3.272201622222224,1.4782891750330762,0.0,-1.0,-1.0,2.7777777777777777,2.7777777777777777
20,1.1,False,0,0.8523519241125176,True,2.880154888888887,1.1617510401987454,3.0863348444444485,-1.722842389215859,-0.9300000000000006,-1.1,-1.1,2.7777777777777777,2.7777777777777777,8.954506888888886,5.144660660858741,5.294259733333335,0.44702901639179604,-0.0499999999999996,-1.1,-1.1,2.7777777777777777,2.7777777777777777
20,1.2000000000000002,False,0,1.0027716798733037,True,2.880154888888887,2.617882904289183,4.197445955555559,0.30402011946262997,-1.0399999999999991,-1.2000000000000002,-1.2000000000000002,2.7777777777777777,2.7777777777777777,8.954506888888886,6.330400774878357,6.4053708444444455,-0.11474911682796263,-0.07999999999999963,-1.2000000000000002,-1.2000000000000002,2.7777777777777777,2.7777777777777777
20,1.3,False,0,0.8523519241125176,True,2.880154888888887,2.4718067423569403,3.0863348444444485,0.8554166402795671,-1.390000000000001,-1.3,-1.3,2.7777777777777777,2.7777777777777777,10.473094888888888,6.706091380894436,6.605534955555556,0.6011874446014978,-0.09000000000000008,-1.3,-1.3,2.7777777777777777,2.7777777777777777
20,1.4000000000000001,False,0,0.6721640474553401,True,2.880154888888887,0.7451888057871701,1.9752237333333378,-1.2051786399876985,-1.7599999999999985,-1.4000000000000001,-1.4000000000000001,2.7777777777777777,2.7777777777777777,11.991388888888888,5.3616939308939395,7.109416666666665,-1.430361876070076,-0.08000000000000007,-1.4000000000000001,-1.4000000000000001,2.7777777777777777,2.7777777777777777
20,1.5,False,0,1.133404685097531,True,2.880154888888887,2.8936521772890567,5.288081644444451,0.7240033051039196,-1.85,-1.5,-1.5,2.7777777777777777,2.7777777777777777,10.473094888888888,7.888244447555398,8.82775717777778,-0.08781228988680612,-0.04999999999999982,-1.5,-1.5,2.7777777777777777,2.7777777777777777
20,1.6,False,0,1.0027716798733037,True,2.880154888888887,2.3956906630537462,4.17697053333334,-1.1770867130465061,-1.879999999999999,-1.6,0.0,2.7777777777777777,2.7777777777777777,11.232388888888888,7.901614378818242,8.48617777777778,-0.49644189412411466,-0.1599999999999997,-1.6,-1.6,2.7777777777777777,2.7777777777777777
20,1.7000000000000002,False,0,1.0027716798733035,True,2.880154888888887,3.4851485055866265,4.18720824444445,-1.4240564058514398,-1.8300000000000005,-1.7000000000000002,0.0,2.7777777777777777,2.7777777777777777,11.991388888888888,6.592421070292846,9.33163888888889,0.929812224440282,-0.09999999999999964,-1.7000000000000002,-1.7000000000000002,2.7777777777777777,2.7777777777777777
21,0.0,False,0,4.0,True,13.88888888888889,-3.493441545654952,-4.04444444444444,-0.2649609354281399,1.6,0.0,0.0,2.7777777777777777,2.7777777777777777,,,,,,,,,
21,0.1,False,0,4.0,True,13.88888888888889,-4.264703906524622,-4.04444444444444,1.8498393546924423,1.37,-0.1,-0.1,2.7777777777777777,2.7777777777777777,13.88888888888889,150.03717120945004,149.28888888888855,-0.32581479822268866,-0.00999999999999579,-0.1,-0.1,2.7777777777777777,2.7777777777777777
21,0.2,False,0,4.0,True,13.50938888888889,-2.7623915753870376,-4.132994444444445,0.5281910701517414,1.1400000000000001,-0.2,-0.2,2.7777777777777777,2.7777777777777777,13.129888888888889,58.64805014464343,55.909250000000256,0.7788159249096012,-0.019999999999997353,-0.2,-0.2,2.7777777777777777,2.7777777777777777
21,0.30000000000000004,False,0,2.1333333333333333,True,8.954506888888886,-4.183939722250737,-4.076393311111107,-0.14002982220321236,0.8200000000000003,-0.30000000000000004,-0.30000000000000004,2.7777777777777777,2.7777777777777777,8.954506888888886,13.138663657868744,13.218448199999937,1.147389679656711,-0.020000000000001572,-0.30000000000000004,-0.30000000000000004,2.7777777777777777,2.7777777777777777
21,0.4,False,0,0.5999999999999983,True,8.195212888888886,-2.541631729266917,-4.093389088888887,-0.42681331569976244,0.5599999999999996,-0.4,-0.4,2.7777777777777777,2.7777777777777777,8.195212888888886,5.319858857998345,3.0777982444444136,0.19431203926220286,-6.661338147750939e-16,-0.4,-0.4,2.7777777777777777,2.7777777777777777
21,0.5,True,2,0.0,True,2.880154888888887,-3.012400501093569,-2.600807244444442,-0.570891912937074,0.050000000000000044,-0.5,-0.5,2.7777777777777777,2.7777777777777777,2.120860888888887,-1.6761651903146868,-2.535115555555559,-1.4690114698424297,0.0,-0.5,-0.5,2.7777777777777777,2.7777777777777777
21,0.6000000000000001,True,2,0.0,True,2.880154888888887,-2.650771765363433,-0.8999119111111105,1.115579494116398,-0.07999999999999963,-0.6000000000000001,-0.6000000000000001,2.7777777777777777,2.7777777777777777,3.639448888888887,0.19127224410142762,-0.8896742000000009,-0.7004399701948696,-0.019999999999999574,-0.6000000000000001,-0.6000000000000001,2.7777777777777777,2.7777777777777777
21,0.7000000000000001,False,0,0.6866799368524458,True,2.880154888888887,2.157895702362276,2.053862622222227,1.264678468993719,-0.14999999999999925,-0.7000000000000001,-0.7000000000000001,2.7777777777777777,2.7777777777777777,4.398742888888887,1.6917137838677734,2.150267444444446,-0.6211127010988455,-0.009999999999999343,-0.7000000000000001,-0.7000000000000001,2.7777777777777777,2.7777777777777777
21,0.8,False,0,0.5252754090985745,True,2.880154888888887,1.0953066965727993,1.2464397111111163,-1.1830724076725494,-0.48000000000000087,-0.8,-0.8,2.7777777777777777,2.7777777777777777,7.435918888888886,3.172970233164926,2.4468069777777766,-0.17547689955698553,-2.220446049250313e-16,-0.8,-0.8,2.7777777777777777,2.7777777777777777
21,0.9,True,2,0.0,True,2.880154888888887,-2.3350067618652544,-1.4668084222222246,-1.0681037512886749,-1.0099999999999985,-0.9,-0.9,2.7777777777777777,2.7777777777777777,10.473094888888888,2.4912549946162708,2.062629399999996,-1.897346736557784,-0.02000000000000024,-0.9,-0.9,2.7777777777777777,2.7777777777777777
21,1.0,False,0,1.1213452319937294,True,2.880154888888887,3.2527092632019547,5.10104113333334,-1.8280995639569906,-0.7999999999999998,-1.0,-1.0,2.7777777777777777,2.7777777777777777,7.435918888888886,7.508041104566041,6.397813222222223,-1.7556341831223234,0.0,-1.0,-1.0,2.7777777777777777,2.7777777777777777
21,1.1,False,0,1.1213452319937294,True,2.880154888888887,4.3363443988830825,5.197445955555559,-0.06278137417055873,-0.8200000000000007,-1.1,-1.1,2.7777777777777777,2.7777777777777777,8.195212888888886,6.288008527391736,6.863627333333334,-1.332578758875098,-0.0499999999999996,-1.1,-1.1,2.7777777777777777,2.7777777777777777
21,1.2000000000000002,False,0,0.9883328842386598,True,2.880154888888887,3.373168544605229,4.076097133333339,-1.5061347112442396,-1.279999999999999,-1.2000000000000002,-1.2000000000000002,2.7777777777777777,2.7777777777777777,9.713800888888887,7.004746239807493,6.9119326444444456,-1.3164132295628388,-0.07999999999999963,-1.2000000000000002,-1.2000000000000002,2.7777777777777777,2.7777777777777777
21,1.3,False,0,1.3625342940697638,True,2.880154888888887,4.479277224518314,6.5025430888889,-0.6888825422625111,-1.8899999999999997,-1.3,0.0,2.7777777777777777,2.7777777777777777,8.195212888888886,9.219217003205745,9.085849555555555,-0.6314166917552637,-0.09000000000000008,-1.3,-1.3,2.7777777777777777,2.7777777777777777
21,1.4000000000000001,False,0,0.9883328842386598,True,2.880154888888887,3.3334093360209787,4.076097133333339,-0.8998279283484751,-1.7599999999999985,-1.4000000000000001,-1.4000000000000001,2.7777777777777777,2.7777777777777777,11.232388888888888,8.883286931751233,8.375066666666665,1.8269153377844463,-0.08000000000000007,-1.4000000000000001,-1.4000000000000001,2.7777777777777777,2.7777777777777777
21,1.5,False,0,1.1213452319937294,True,2.880154888888887,4.062394204227805,5.197445955555559,-0.5812369599648897,-1.6999999999999997,-1.5,-1.5,2.7777777777777777,2.7777777777777777,11.232388888888888,10.456057715800085,9.48617777777778,-0.8598675083078131,-0.04999999999999982,-1.5,-1.5,2.7777777777777777,2.7777777777777777
21,1.6,False,0,1.3625342940697638,True,2.880154888888887,4.007201242661417,7.173963111111122,-1.19998386851127,-1.879999999999999,0.0,0.0,2.7777777777777777,2.7777777777777777,9.713800888888887,7.772562636050643,10.24526597777778,1.4475689048976186,-0.1599999999999997,-1.6,-1.6,2.7777777777777777,2.7777777777777777
21,1.7000000000000002,False,0,1.4814309089883204,True,2.880154888888887,3.846766384170249,6.83815020000002,-1.4419289393458778,-1.8300000000000005,0.0,0.0,2.7777777777777777,2.7777777777777777,9.713800888888887,10.937559884261663,11.356377088888888,0.4963076312455139,-0.09999999999999964,-1.7000000000000002,-1.7000000000000002,2.7777777777777777,2.7777777777777777
22,0.0,False,0,4.0,True,13.88888888888889,-4.101944463635536,-3.9333333333333327,2.332699518010459,1.6,0.0,0.0,2.7777777777777777,2.7777777777777777,,,,,,,,,
22,0.1,False,0,4.0,True,13.88888888888889,-3.363783441649171,-3.9333333333333327,-0.4948163399847503,1.3599999999999999,-0.1,-0.1,2.7777777777777777,2.7777777777777777,13.88888888888889,148.2581121111415,148.28888888888855,1.2993828868606632,-0.00999999999999579,-0.1,-0.1,2.7777777777777777,2.7777777777777777
22,0.2,False,0,4.0,True,13.129888888888889,-3.1712186648808034,-4.223916666666663,0.4522507329345635,1.12,-0.2,-0.2,2.7777777777777777,2.7777777777777777,13.129888888888889,55.55560047131999,54.630950000000254,-0.1818759914473702,-0.019999999999997353,-0.2,-0.2,2.7777777777777777,2.7777777777777777
22,0.30000000000000004,False,0,2.6333333333333346,True,13.129888888888889,-4.25566887018979,-4.13573333333333,0.4262783476803911,0.8800000000000003,-0.30000000000000004,-0.30000000000000004,2.7777777777777777,2.7777777777777777,13.129888888888889,24.650594023906404,26.92060000000006,-0.7558879075702911,-0.020000000000001572,-0.30000000000000004,-0.30000000000000004,2.7777777777777777,2.7777777777777777
22,0.4,True,2,0.0,True,2.880154888888887,-3.3164601678015257,-4.107036600000003,-0.39629824391993784,0.15999999999999925,-0.4,-0.4,2.7777777777777777,2.7777777777777777,0.0,-3.7452674355997813,-3.4043955555555625,-1.1316558201903337,-6.661338147750939e-16,-0.4,-0.4,2.7777777777777777,2.7777777777777777
22,0.5,True,2,0.0,True,4.398742888888887,-3.505547376642016,-4.248569488888886,-0.9133964407318387,-0.1499999999999999,-0.5,-0.5,2.7777777777777777,2.7777777777777777,4.398742888888887,-4.016622808744702,-3.7622799555555586,-0.7913263704470421,0.0,-0.5,-0.5,2.7777777777777777,2.7777777777777777
22,0.6000000000000001,True,2,0.0,True,2.880154888888887,-2.9395258476496045,-0.9454489333333305,0.842912054773826,-0.19999999999999996,-0.6000000000000001,-0.6000000000000001,2.7777777777777777,2.7777777777777777,5.158036888888887,0.0013171371153655187,-0.6869476000000025,-1.3365599641451664,-0.019999999999999574,-0.6000000000000001,-0.6000000000000001,2.7777777777777777,2.7777777777777777
22,0.7000000000000001,True,2,0.0,True,2.880154888888887,-0.8008991502170124,-1.4538318222222264,-0.5181477342635226,-0.4299999999999988,-0.7000000000000001,-0.7000000000000001,2.7777777777777777,2.7777777777777777,7.435918888888886,0.2551658571744726,-0.2534645555555626,0.8740611670015284,-0.009999999999999343,-0.7000000000000001,-0.7000000000000001,2.7777777777777777,2.7777777777777777
22,0.8,False,0,0.640687821883214,True,2.880154888888887,-0.21507144511997733,1.5149462000000016,0.6079654134564709,-0.5600000000000009,-0.8,-0.8,2.7777777777777777,2.7777777777777777,7.435918888888886,5.270114692674064,3.0292687777777774,1.3515675840449006,-2.220446049250313e-16,-0.8,-0.8,2.7777777777777777,2.7777777777777777
22,0.9,False,0,1.1133589165675537,True,2.880154888888887,3.8536159192088144,5.073096288888892,-1.5833949465065358,-0.9199999999999986,-0.9,-0.9,2.7777777777777777,2.7777777777777777,6.676624888888886,6.870666294953453,5.934767399999996,-1.248556208597615,-0.02000000000000024,-0.9,-0.9,2.7777777777777777,2.7777777777777777
22,1.0,False,0,0.973894088604016,True,2.880154888888887,1.6684483736279185,3.964986022222228,-1.6611582928861743,-0.8999999999999999,-1.0,-1.0,2.7777777777777777,2.7777777777777777,8.954506888888886,6.400790419313531,6.183148622222224,-1.023303068277619,0.0,-1.0,-1.0,2.7777777777777777,2.7777777777777777
22,1.1,False,0,0.6311442257750676,True,2.880154888888887,0.8430447747043965,1.7530015111111164,-1.780234537021819,-1.2600000000000011,-1.1,-1.1,2.7777777777777777,2.7777777777777777,11.232388888888888,5.578921241071634,6.041733333333334,0.47110913641965224,-0.0499999999999996,-1.1,-1.1,2.7777777777777777,2.7777777777777777
22,1.2000000000000002,False,0,1.229880309927945,True,2.880154888888887,2.2992805556993376,6.18720824444445,0.17211883325266308,-1.1599999999999988,-1.2000000000000002,-1.2000000000000002,2.7777777777777777,2.7777777777777777,8.954506888888886,6.829052049419897,8.405370844444445,-0.01129330810976703,-0.07999999999999963,-1.2000000000000002,-1.2000000000000002,2.7777777777777777,2.7777777777777777
22,1.3,False,0,1.229880309927945,True,2.880154888888887,3.9283218040038976,6.11127884444445,-1.8242082589045796,-1.390000000000001,-1.3,-1.3,2.7777777777777777,2.7777777777777777,9.713800888888887,8.547814213917018,9.023043755555555,1.173466327976234,-0.09000000000000008,-1.3,-1.3,2.7777777777777777,2.7777777777777777
22,1.4000000000000001,False,0,1.3504748409659624,True,2.880154888888887,4.37990810818467,6.97071260000001,-0.6420503333998835,-1.8999999999999986,0.0,0.0,2.7777777777777777,2.7777777777777777,9.713800888888887,9.492391672612378,10.134154866666666,-1.3821128436854664,-0.08000000000000007,-1.4000000000000001,-1.4000000000000001,2.7777777777777777,2.7777777777777777
22,1.5,False,0,1.5829938497996956,True,2.880154888888887,2.9207835811289273,6.96453451111113,-0.5981782609448179,-1.7999999999999998,0.0,0.0,2.7777777777777777,2.7777777777777777,8.954506888888886,10.690510363859225,11.73870417777778,1.3294702043185098,-0.04999999999999982,-1.5,-1.5,2.7777777777777777,2.7777777777777777
22,1.6,False,0,1.470146137787057,True,2.880154888888887,4.427722017627468,7.28755115555557,-0.4977924884043452,-1.879999999999999,0.0,0.0,2.7777777777777777,2.7777777777777777,9.713800888888887,11.688068420687841,11.24526597777778,-0.4809378099964854,-0.1599999999999997,-1.6,-1.6,2.7777777777777777,2.7777777777777777
22,1.7000000000000002,False,0,1.5829938497996956,True,2.880154888888887,3.9208627780184218,7.106155600000027,-0.8660031786606819,-1.8300000000000005,0.0,0.0,2.7777777777777777,2.7777777777777777,9.713800888888887,12.376259034728058,12.356377088888888,1.47843216855332,-0.09999999999999964,-1.7000000000000002,-1.7000000000000002,2.7777777777777777,2.7777777777777777
23,0.0,False,0,4.0,True,13.88888888888889,-3.556963169393657,-3.8222222222222255,1.2527747300790462,1.6,0.0,0.0,2.7777777777777777,2.7777777777777777,,,,,,,,,
23,0.1,False,0,4.0,True,11.991388888888888,-3.987029260922621,-3.874911111111113,-0.35946821957517283,1.3399999999999999,-0.1,-0.1,2.7777777777777777,2.7777777777777777,11.991388888888888,120.73305178238193,120.50883888888825,-1.418534291843568,-0.00999999999999579,-0.1,-0.1,2.7777777777777777,2.7777777777777777
23,0.2,False,0,4.0,True,13.129888888888889,-2.027464377203972,-4.011972222222222,1.9589745016245472,1.1,-0.2,-0.2,2.7777777777777777,2.7777777777777777,13.129888888888889,54.61444958712381,53.95985000000026,-0.07056326571358618,-0.019999999999997353,-0.2,-0.2,2.7777777777777777,2.7777777777777777
23,0.30000000000000004,False,0,2.5333333333333337,True,13.50938888888889,-1.2881706818302474,-3.9107722222222163,1.8733805978025306,0.8500000000000001,-0.30000000000000004,-0.30000000000000004,2.7777777777777777,2.7777777777777777,13.50938888888889,27.012317059797464,27.210900000000077,1.4449752796989226,-0.020000000000001572,-0.30000000000000004,-0.30000000000000004,2.7777777777777777,2.7777777777777777
23,0.4,False,0,0.7999999999999985,True,2.880154888888887,-2.2768072810746522,-0.4009959333333333,-0.39964839135935026,0.39999999999999947,-0.4,-0.4,2.7777777777777777,2.7777777777777777,0.0,0.8112628111210158,1.9683117777777754,-1.5140503905656144,-6.661338147750939e-16,-0.4,-0.4,2.7777777777777777,2.7777777777777777
23,0.5,False,0,0.5,True,2.880154888888887,-0.8032981435554083,0.45708577777777837,0.4313949116150724,0.1499999999999999,-0.5,-0.5,2.7777777777777777,2.7777777777777777,0.6022728888888867,-1.0721769265648424,0.8819490444444407,-1.4106600432646612,0.0,-0.5,-0.5,2.7777777777777777,2.7777777777777777
23,0.6000000000000001,True,2,0.0,True,6.676624888888886,-3.581474229935462,-4.185542177777786,-1.0076102451864482,-0.13999999999999968,-0.6000000000000001,-0.6000000000000001,2.7777777777777777,2.7777777777777777,8.195212888888886,-4.1713598633243505,-3.5587589999999976,0.9855146966408426,-0.019999999999999574,-0.6000000000000001,-0.6000000000000001,2.7777777777777777,2.7777777777777777
23,0.7000000000000001,False,0,0.610169936648548,True,2.880154888888887,-0.3742937251021585,1.6418903999999985,1.57655686607275,-0.28999999999999915,-0.7000000000000001,-0.7000000000000001,2.7777777777777777,2.7777777777777777,5.917330888888887,4.202430802036301,2.1384176444444423,-1.046236400337077,-0.009999999999999343,-0.7000000000000001,-0.7000000000000001,2.7777777777777777,2.7777777777777777
23,0.8,False,0,0.7017176763189857,True,2.880154888888887,0.6511128475433567,2.1353285999999985,-0.7476737301234309,-0.5600000000000009,-0.8,-0.8,2.7777777777777777,2.7777777777777777,8.195212888888886,3.166335911581311,3.8015099777777737,1.6028814298676726,-2.220446049250313e-16,-0.8,-0.8,2.7777777777777777,2.7777777777777777
23,0.9,False,0,0.8057301350777261,True,2.880154888888887,2.086977571427558,2.5528373999999987,0.6244274316693859,-0.8299999999999987,-0.9,-0.9,2.7777777777777777,2.7777777777777777,8.954506888888886,5.11247096314347,5.2265764000000035,-0.1827224795307758,-0.02000000000000024,-0.9,-0.9,2.7777777777777777,2.7777777777777777
23,1.0,False,0,1.2178208568241433,True,2.880154888888887,4.3659073185889,6.045384000000003,-0.8431737903094505,-1.1,-1.0,-1.0,2.7777777777777777,2.7777777777777777,8.195212888888886,8.504823579843244,7.752516222222224,0.8317417084685315,0.0,-1.0,-1.0,2.7777777777777777,2.7777777777777777
23,1.1,False,0,1.1047055190132933,True,2.880154888888887,3.4028242195847627,5.040886022222229,-1.3514353211223122,-1.1500000000000008,-1.1,-1.1,2.7777777777777777,2.7777777777777777,9.713800888888887,9.39823406698488,7.876721533333336,-0.6841823982574304,-0.0499999999999996,-1.1,-1.1,2.7777777777777777,2.7777777777777777
23,1.2000000000000002,False,0,1.3384153878621607,True,2.880154888888887,4.406808699107555,7.004636311111121,-1.7033054376767094,-1.5199999999999987,-1.2000000000000002,-1.2000000000000002,2.7777777777777777,2.7777777777777777,8.954506888888886,7.6990726612768805,9.405370844444445,0.2047579058411544,-0.07999999999999963,-1.2000000000000002,-1.2000000000000002,2.7777777777777777,2.7777777777777777
23,1.3,False,0,1.4588613665857928,True,2.880154888888887,3.5258339050025684,7.228480288888901,-1.1354616278437561,-1.8899999999999997,0.0,0.0,2.7777777777777777,2.7777777777777777,8.954506888888886,10.417399936985202,10.516481955555555,-1.4806544293350223,-0.09000000000000008,-1.3,-1.3,2.7777777777777777,2.7777777777777777
23,1.4000000000000001,False,0,1.095728169375029,True,2.880154888888887,3.5179865065210913,4.964986022222228,-0.12480766778728758,-1.8999999999999986,-1.4000000000000001,-1.4000000000000001,2.7777777777777777,2.7777777777777777,11.991388888888888,8.50438695221424,10.109416666666664,-1.0874778552862183,-0.08000000000000007,-1.4000000000000001,-1.4000000000000001,2.7777777777777777,2.7777777777777777
23,1.5,False,0,1.3384153878621607,True,2.880154888888887,4.247880920216461,7.084831133333339,-0.651412917696857,-1.7999999999999998,0.0,0.0,2.7777777777777777,2.7777777777777777,11.232388888888888,12.028810815614506,11.48617777777778,0.41721053359335025,-0.04999999999999982,-1.5,-1.5,2.7777777777777777,2.7777777777777777
23,1.6,False,0,1.4588613665857928,True,2.880154888888887,4.547134628619564,7.598744755555569,-0.0581098704948535,-1.879999999999999,0.0,0.0,2.7777777777777777,2.7777777777777777,10.473094888888888,12.530234439353741,11.82775717777778,-0.36816092328882455,-0.1599999999999997,-1.6,-1.6,2.7777777777777777,2.7777777777777777
23,1.7000000000000002,False,0,1.5717090785984318,True,2.880154888888887,3.9846576228620885,8.283285733333344,-1.30713517855336,-1.8300000000000005,0.0,0.0,2.7777777777777777,2.7777777777777777,10.473094888888888,12.638307708723133,12.938868288888887,-1.0151510709381908,-0.09999999999999964,-1.7000000000000002,-1.7000000000000002,2.7777777777777777,2.7777777777777777
24,0.0,False,0,4.0,True,11.991388888888888,-3.1438490413722233,-4.091938888888886,0.49458867275387375,1.6,0.0,0.0,2.7777777777777777,2.7777777777777777,,,,,,,,,
24,0.1,False,0,4.0,True,13.88888888888889,-2.815210659674295,-3.777777777777774,4.395803022255109,1.35,-0.1,-0.1,2.7777777777777777,2.7777777777777777,13.88888888888889,146.83131109007667,146.28888888888855,-1.658724298889232,-0.00999999999999579,-0.1,-0.1,2.7777777777777777,2.7777777777777777
24,0.2,False,0,4.0,True,13.88888888888889,-4.091511799465027,-3.777777777777774,0.04871139192841989,1.1,-0.2,-0.2,2.7777777777777777,2.7777777777777777,13.76238888888889,55.95319567636213,56.7042500000002,0.895049303042581,-0.019999999999997353,-0.2,-0.2,2.7777777777777777,2.7777777777777777
24,0.30000000000000004,False,0,1.8333333333333324,True,8.954506888888886,-3.640427367053401,-4.021418777777792,1.0976287076967384,0.73,-0.30000000000000004,-0.30000000000000004,2.7777777777777777,2.7777777777777777,8.954506888888886,11.89593353771576,11.420403999999923,0.4104245599122751,-0.020000000000001572,-0.30000000000000004,-0.30000000000000004,2.7777777777777777,2.7777777777777777
24,0.4,False,0,0.7999999999999985,True,11.232388888888888,-4.26657272417093,-3.965438888888893,1.500134719950709,0.5599999999999996,-0.4,-0.4,2.7777777777777777,2.7777777777777777,9.713800888888887,4.834437944530625,5.455518244444424,-0.16270983219379498,-6.661338147750939e-16,-0.4,-0.4,2.7777777777777777,2.7777777777777777
24,0.5,True,2,0.0,True,2.120860888888887,-2.6836343068672717,-4.297923711111127,-1.318801340857616,-0.6000000000000001,-0.5,-0.5,2.7777777777777777,2.7777777777777777,5.917330888888887,-3.5282722551255032,-3.5717885555555453,-0.9581425622605748,0.0,-0.5,-0.5,2.7777777777777777,2.7777777777777777
24,0.6000000000000001,True,2,0.0,True,2.880154888888887,-1.1251169838559205,-2.0129264666666655,-1.3349551887002558,-0.38000000000000034,-0.6000000000000001,-0.6000000000000001,2.7777777777777777,2.7777777777777777,5.917330888888887,-1.3869226486683557,-1.116276800000004,-1.8747466679073488,-0.019999999999999574,-0.6000000000000001,-0.6000000000000001,2.7777777777777777,2.7777777777777777
24,0.7000000000000001,False,0,1.168857008165807,True,2.880154888888887,3.6516461957994695,5.281621422222227,-1.115481314287119,-0.14999999999999925,-0.7000000000000001,-0.7000000000000001,2.7777777777777777,2.7777777777777777,4.398742888888887,5.996944158642262,5.378026244444446,-0.5581221987674456,-0.009999999999999343,-0.7000000000000001,-0.7000000000000001,2.7777777777777777,2.7777777777777777
24,0.8,False,0,0.9450164973347285,True,2.880154888888887,1.2885294289997313,3.7530015111111164,-1.1466215335277523,-0.48000000000000087,-0.8,-0.8,2.7777777777777777,2.7777777777777777,7.435918888888886,2.7977143543543166,4.953368777777773,1.0845638643447555,-2.220446049250313e-16,-0.8,-0.8,2.7777777777777777,2.7777777777777777
24,0.9,False,0,0.9450164973347285,True,2.880154888888887,4.293310935683707,3.7530015111111164,1.986150589763238,-0.7399999999999989,-0.9,-0.9,2.7777777777777777,2.7777777777777777,8.954506888888886,5.486068159934075,5.960926400000003,0.25409130306201133,-0.02000000000000024,-0.9,-0.9,2.7777777777777777,2.7777777777777777
24,1.0,False,0,1.2768482682034132,True,2.880154888888887,2.5265905442145824,6.258260111111121,0.6260819288972845,-1.0,-1.0,-1.0,2.7777777777777777,2.7777777777777777,8.954506888888886,8.353873573346274,8.714448622222225,0.5649196655502706,0.0,-1.0,-1.0,2.7777777777777777,2.7777777777777777
24,1.1,False,0,1.326355934758359,True,2.880154888888887,4.191013273677126,6.9387414666666745,-1.630208480703529,-1.7000000000000015,-1.1,-1.1,2.7777777777777777,2.7777777777777777,8.954506888888886,9.672240238066465,9.294259733333334,-0.03257770571708418,-0.0499999999999996,-1.1,-1.1,2.7777777777777777,2.7777777777777777
24,1.2000000000000002,False,0,1.5604243073971678,True,2.880154888888887,4.516461231804155,6.662117466666683,-1.6792422851214017,-1.7999999999999998,0.0,0.0,2.7777777777777777,2.7777777777777777,8.195212888888886,9.437982877768938,10.974738444444444,1.2727750454086992,-0.07999999999999963,-1.2000000000000002,-1.2000000000000002,2.7777777777777777,2.7777777777777777
24,1.3,False,0,1.5604243073971678,True,2.880154888888887,4.54856019292068,6.910381088888909,-1.5318733071873551,-1.8899999999999997,0.0,0.0,2.7777777777777777,2.7777777777777777,8.954506888888886,12.330950230800752,11.516481955555555,-0.5748673988130308,-0.09000000000000008,-1.3,-1.3,2.7777777777777777,2.7777777777777777
24,1.4000000000000001,False,0,1.4469504657963763,True,2.880154888888887,3.558053689398567,6.427180600000011,0.41325686842492315,-1.8999999999999986,0.0,0.0,2.7777777777777777,2.7777777777777777,10.473094888888888,12.76432445927416,11.716646066666666,-0.5736319187755834,-0.08000000000000007,-1.4000000000000001,-1.4000000000000001,2.7777777777777777,2.7777777777777777
24,1.5,False,0,1.326355934758359,True,2.880154888888887,3.706384712207222,6.887552911111119,-1.3228257795098668,-1.7999999999999998,0.0,0.0,2.7777777777777777,2.7777777777777777,11.991388888888888,13.474528589521576,12.220527777777779,1.1529544011348007,-0.04999999999999982,-1.5,-1.5,2.7777777777777777,2.7777777777777777
24,1.6,False,0,1.5604243073971678,True,2.880154888888887,3.795276965125649,7.045174711111135,-1.5649183842832635,-1.879999999999999,0.0,0.0,2.7777777777777777,2.7777777777777777,10.473094888888888,13.086183918046899,12.82775717777778,1.9625027362728846,-0.1599999999999997,-1.6,-1.6,2.7777777777777777,2.7777777777777777
24,1.7000000000000002,False,0,1.5604243073971678,True,2.880154888888887,4.531112796563119,7.200443755555566,-0.3434892843182855,-1.8300000000000005,0.0,0.0,2.7777777777777777,2.7777777777777777,11.232388888888888,11.712712148484048,13.597288888888887,-1.1932561743038663,-0.09999999999999964,-1.7000000000000002,-1.7000000000000002,2.7777777777777777,2.7777777777777777
25,0.0,False,0,4.0,True,13.76238888888889,-2.8694854496513527,-3.8129888888888983,1.917913756211974,1.6,0.0,0.0,2.7777777777777777,2.7777777777777777,,,,,,,,,
25,0.1,False,0,4.0,True,13.50938888888889,-3.1701753124791265,-3.8382888888888926,2.3606471694909827,1.3399999999999999,-0.1,-0.1,2.7777777777777777,2.7777777777777777,13.50938888888889,139.70682683862236,140.11503888888922,-1.4759627975659102,-0.00999999999999579,-0.1,-0.1,2.7777777777777777,2.7777777777777777
25,0.2,False,0,4.0,True,12.623888888888889,-3.395819274717989,-4.257800000000006,0.9626537504528887,1.06,-0.2,-0.2,2.7777777777777777,2.7777777777777777,12.623888888888889,47.819577640978,48.91120000000008,-0.19373241926888118,-0.019999999999997353,-0.2,-0.2,2.7777777777777777,2.7777777777777777
25,0.30000000000000004,False,0,1.7333333333333316,True,8.954506888888886,-3.4002488749643573,-4.173278222222218,2.5793174437072595,0.73,-0.30000000000000004,-0.30000000000000004,2.7777777777777777,2.7777777777777777,8.954506888888886,10.39993136754467,11.015100999999934,1.6033514401606888,-0.020000000000001572,-0.30000000000000004,-0.30000000000000004,2.7777777777777777,2.7777777777777777
25,0.4,False,0,0.19999999999999796,True,2.880154888888887,-0.510681813330133,-0.7068259777777781,1.4893531243127298,0.23999999999999932,-0.4,-0.4,2.7777777777777777,2.7777777777777777,0.0,0.18602776476877114,0.5513706222222199,-0.9048026358003816,-6.661338147750939e-16,-0.4,-0.4,2.7777777777777777,2.7777777777777777
25,0.5,True,2,0.0,True,2.880154888888887,-0.8002240867399477,-0.5471417555555602,-1.3890024593275552,0.0,-0.5,-0.5,2.7777777777777777,2.7777777777777777,2.880154888888887,-0.8002240867399477,-0.5471417555555602,-1.3890024593275552,0.0,-0.5,-0.5,2.7777777777777777,2.7777777777777777
25,0.6000000000000001,False,0,0.5412246372957062,True,2.880154888888887,-0.7695731969120656,1.3207334666666641,0.7525706867746549,-0.19999999999999996,-0.6000000000000001,-0.6000000000000001,2.7777777777777777,2.7777777777777777,5.158036888888887,-0.3077092472970788,1.579234799999992,-0.04750459504388771,-0.019999999999999574,-0.6000000000000001,-0.6000000000000001,2.7777777777777777,2.7777777777777777
25,0.7000000000000001,False,0,0.5651794099076715,True,2.880154888888887,2.478783469490158,1.4323181777777778,0.4589306299473992,-0.4299999999999988,-0.7000000000000001,-0.7000000000000001,2.7777777777777777,2.7777777777777777,7.435918888888886,2.487622529349772,2.6326854444444416,-1.8843848851905436,-0.009999999999999343,-0.7000000000000001,-0.7000000000000001,2.7777777777777777,2.7777777777777777
25,0.8,False,0,1.1856661921926195,True,2.880154888888887,3.7885288857937995,5.398210311111119,0.8307209816411292,-0.48000000000000087,-0.8,-0.8,2.7777777777777777,2.7777777777777777,7.435918888888886,5.208428111892602,6.5985775777777755,0.06803178840461932,-2.220446049250313e-16,-0.8,-0.8,2.7777777777777777,2.7777777777777777
25,0.9,False,0,1.549139536195904,True,2.880154888888887,3.7363509974550704,7.297504088888901,-1.171638005627643,-1.7299999999999973,-0.9,-0.9,2.7777777777777777,2.7777777777777777,5.917330888888887,9.32475573386133,9.693973200000002,0.7725149579296873,-0.02000000000000024,-0.9,-0.9,2.7777777777777777,2.7777777777777777
25,1.0,False,0,1.0694440246282437,True,2.880154888888887,3.4990227399204565,4.7427638,0.024285707262110545,-1.1,-1.0,-1.0,2.7777777777777777,2.7777777777777777,10.473094888888888,7.25261619070766,8.272201622222223,-1.8820095601554883,0.0,-1.0,-1.0,2.7777777777777777,2.7777777777777777
25,1.1,False,0,1.4348910126925742,True,2.880154888888887,3.751977496602021,6.859519866666678,-1.4859183574198789,-1.8799999999999981,0.0,0.0,2.7777777777777777,2.7777777777777777,8.954506888888886,11.64605638358639,10.294259733333334,0.9807938646987595,-0.0499999999999996,-1.1,-1.1,2.7777777777777777,2.7777777777777777
25,1.2000000000000002,False,0,1.6619872482085432,True,2.880154888888887,4.433016277235969,7.000931666666692,-1.6417344365498023,-1.7999999999999998,0.0,0.0,2.7777777777777777,2.7777777777777777,8.195212888888886,11.525347715042198,11.974738444444444,-0.39866519286596747,-0.07999999999999963,-1.2000000000000002,-1.2000000000000002,2.7777777777777777,2.7777777777777777
25,1.3,False,0,1.3142964816545568,True,2.880154888888887,4.009972300722162,6.852371200000008,-1.8579126702632114,-1.8899999999999997,0.0,0.0,2.7777777777777777,2.7777777777777777,11.232388888888888,10.687653380498723,11.263955555555555,-0.7645085541111625,-0.09000000000000008,-1.3,-1.3,2.7777777777777777,2.7777777777777777
25,1.4000000000000001,False,0,1.7748349602211824,True,2.880154888888887,4.371782662745059,7.273409133333357,-1.8336546221898407,-1.8999999999999986,0.0,0.0,2.7777777777777777,2.7777777777777777,8.954506888888886,12.744224029764514,13.627593066666666,-0.8957097427163043,-0.08000000000000007,-1.4000000000000001,-1.4000000000000001,2.7777777777777777,2.7777777777777777
25,1.5,False,0,1.4348910126925742,True,2.880154888888887,4.347150812372772,6.758849622222233,-1.4504269900447073,-1.7999999999999998,0.0,0.0,2.7777777777777777,2.7777777777777777,11.991388888888888,13.490008983402447,13.220527777777775,-0.7357917482115401,-0.04999999999999982,-1.5,-1.5,2.7777777777777777,2.7777777777777777
25,1.6,False,0,1.7748349602211824,True,2.880154888888887,3.4567122767679708,7.961890844444473,-1.4215217813846959,-1.879999999999999,0.0,0.0,2.7777777777777777,2.7777777777777777,9.713800888888887,14.397209097789545,14.245265977777773,1.1778064335984415,-0.1599999999999997,-1.6,-1.6,2.7777777777777777,2.7777777777777777
25,1.7000000000000002,False,0,1.6619872482085432,True,2.880154888888887,4.508609860847348,8.060533022222241,-0.8571923606992975,-1.8300000000000005,0.0,0.0,2.7777777777777777,2.7777777777777777,11.232388888888888,12.47622344095247,14.597288888888887,1.6816974034662384,-0.09999999999999964,-1.7000000000000002,-1.7000000000000002,2.7777777777777777,2.7777777777777777
26,0.0,False,0,4.0,True,13.76238888888889,-4.133051186160482,-3.9367500000000204,0.2222611164231112,1.6,0.0,0.0,2.7777777777777777,2.7777777777777777,,,,,,,,,
26,0.1,False,0,4.0,True,13.88888888888889,-4.247521516985034,-3.9999999999999956,2.6363520759851267,1.33,-0.1,-0.1,2.7777777777777777,2.7777777777777777,13.88888888888889,144.9280861000857,144.28888888888855,0.6136904209316594,-0.00999999999999579,-0.1,-0.1,2.7777777777777777,2.7777777777777777
26,0.2,False,0,4.0,True,13.88888888888889,-3.0361892747699697,-3.9999999999999956,-0.535074742026491,1.06,-0.2,-0.2,2.7777777777777777,2.7777777777777777,13.88888888888889,54.143062902824134,55.399999999999864,-1.7460010532484347,-0.019999999999997353,-0.2,-0.2,2.7777777777777777,2.7777777777777777
26,0.30000000000000004,False,0,2.3333333333333335,True,2.880154888888887,2.026097784517572,0.6046876444444367,0.16301052573103325,0.6400000000000001,-0.30000000000000004,-0.30000000000000004,2.7777777777777777,2.7777777777777777,0.0,5.209177974040533,6.110944711111093,-0.41899963197075296,-0.020000000000001572,-0.30000000000000004,-0.30000000000000004,2.7777777777777777,2.7777777777777777
26,0.4,True,1,0.0,True,5.917330888888887,-3.5691354630183296,-4.1610077777777645,-0.9331467655910406,0.23999999999999932,-0.4,-0.4,2.7777777777777777,2.7777777777777777,5.917330888888887,-1.670404593504112,-2.5552603555555775,-0.6642352512377339,-6.661338147750939e-16,-0.4,-0.4,2.7777777777777777,2.7777777777777777
26,0.5,True,2,0.0,True,2.880154888888887,-1.9178643300963314,-0.4202563555555612,-1.276110302202465,0.0,-0.5,-0.5,2.7777777777777777,2.7777777777777777,2.880154888888887,-1.9178643300963314,-0.4202563555555612,-1.276110302202465,0.0,-0.5,-0.5,2.7777777777777777,2.7777777777777777
26,0.6000000000000001,False,0,1.0605268624118793,True,2.880154888888887,3.872348869520505,4.6418903999999985,-1.5906965569036802,-0.019999999999999574,-0.6000000000000001,-0.6000000000000001,2.7777777777777777,2.7777777777777777,2.880154888888887,3.872348869520505,4.6418903999999985,-1.5906965569036802,-0.019999999999999574,-0.6000000000000001,-0.6000000000000001,2.7777777777777777,2.7777777777777777
26,0.7000000000000001,False,0,1.0937075757476198,True,2.880154888888887,4.256495418001699,4.958140399999999,-0.2960677074940834,-0.28999999999999915,-0.7000000000000001,-0.7000000000000001,2.7777777777777777,2.7777777777777777,5.917330888888887,4.966425107854996,5.454667644444442,0.07615343608220204,-0.009999999999999343,-0.7000000000000001,-0.7000000000000001,2.7777777777777777,2.7777777777777777
26,0.8,False,0,0.9325774748954829,True,2.880154888888887,3.18776990500598,3.657279288888888,0.10336894361127014,-0.640000000000001,-0.8,-0.8,2.7777777777777777,2.7777777777777777,8.954506888888886,4.331754114514358,5.865204177777774,0.4067399371049314,-2.220446049250313e-16,-0.8,-0.8,2.7777777777777777,2.7777777777777777
26,0.9,False,0,0.5956398200808276,True,2.880154888888887,2.7329100915127116,1.5742070666666637,-1.2170505430946155,-1.0999999999999983,-0.9,-0.9,2.7777777777777777,2.7777777777777777,11.991388888888888,5.491174315688959,6.708399999999998,-0.34910248238504304,-0.02000000000000024,-0.9,-0.9,2.7777777777777777,2.7777777777777777
26,1.0,False,0,1.1816424975127378,True,2.880154888888887,4.281237555065837,5.7427638,-1.6429379442782683,-1.1,-1.0,-1.0,2.7777777777777777,2.7777777777777777,10.473094888888888,9.464531005060277,9.272201622222223,2.476231944323042,0.0,-1.0,-1.0,2.7777777777777777,2.7777777777777777
26,1.1,False,0,1.6507024770072796,True,2.880154888888887,4.325466748819065,7.337721288888905,-1.639244088531863,-1.8799999999999981,0.0,0.0,2.7777777777777777,2.7777777777777777,8.195212888888886,12.924499909671148,11.863627333333334,1.402332930639568,-0.0499999999999996,-1.1,-1.1,2.7777777777777777,2.7777777777777777
26,1.2000000000000002,False,0,1.7635501890199186,True,2.880154888888887,4.537945132013417,6.87905584444447,-1.6146102270418483,-1.7999999999999998,0.0,0.0,2.7777777777777777,2.7777777777777777,8.195212888888886,14.070291742717988,12.974738444444444,0.44985937923991903,-0.07999999999999963,-1.2000000000000002,-1.2000000000000002,2.7777777777777777,2.7777777777777777
26,1.3,False,0,1.6507024770072796,True,2.880154888888887,4.496188227704292,7.305301288888903,-1.3059417229410983,-1.8899999999999997,0.0,0.0,2.7777777777777777,2.7777777777777777,9.713800888888887,10.647935524755109,13.023043755555555,-1.139270984999932,-0.09000000000000008,-1.3,-1.3,2.7777777777777777,2.7777777777777777
26,1.4000000000000001,False,0,1.6507024770072796,True,2.880154888888887,4.515704580545671,7.496404066666689,-0.2813927976838124,-1.8999999999999986,0.0,0.0,2.7777777777777777,2.7777777777777777,10.473094888888888,10.650140636552852,13.716646066666666,-1.1460670500407912,-0.08000000000000007,-1.4000000000000001,-1.4000000000000001,2.7777777777777777,2.7777777777777777
26,1.5,False,0,1.5378547649946397,True,2.880154888888887,4.413987086740012,7.443183955555573,-1.8021242136082944,-1.7999999999999998,0.0,0.0,2.7777777777777777,2.7777777777777777,11.991388888888888,13.552642631164481,14.220527777777775,0.23986089978664626,-0.04999999999999982,-1.5,-1.5,2.7777777777777777,2.7777777777777777
26,1.6,False,0,1.7635501890199186,True,2.880154888888887,2.9094361821139687,7.30136055555558,-1.1462247039722029,-1.879999999999999,0.0,0.0,2.7777777777777777,2.7777777777777777,10.473094888888888,15.952528152023191,14.827757177777777,0.9161270640966701,-0.1599999999999997,-1.6,-1.6,2.7777777777777777,2.7777777777777777
26,1.7000000000000002,False,0,1.7635501890199181,True,2.880154888888887,2.680416551632857,6.778385600000026,-1.428613894423706,-1.8300000000000005,0.0,0.0,2.7777777777777777,2.7777777777777777,11.232388888888888,13.7805509421669,15.597288888888887,-0.675626036448143,-0.09999999999999964,-1.7000000000000002,-1.7000000000000002,2.7777777777777777,2.7777777777777777
27,0.0,False,0,4.0,True,13.50938888888889,-3.837559565790005,-3.946661111111129,1.4269041783952758,1.6,0.0,0.0,2.7777777777777777,2.7777777777777777,,,,,,,,,
27,0.1,False,0,4.0,True,13.88888888888889,-3.1379431330596104,-4.111111111111103,2.07315191989962,1.3199999999999998,-0.1,-0.1,2.7777777777777777,2.7777777777777777,13.88888888888889,143.62286742795882,143.28888888888855,-1.3121665473100168,-0.00999999999999579,-0.1,-0.1,2.7777777777777777,2.7777777777777777
27,0.2,False,0,4.0,True,13.129888888888889,-3.0634399341788763,-3.807511111111121,0.27860439423408145,1.0399999999999996,-0.2,-0.2,2.7777777777777777,2.7777777777777777,13.129888888888889,49.49911596953936,50.07370000000026,0.01683175402190562,-0.019999999999997353,-0.2,-0.2,2.7777777777777777,2.7777777777777777
27,0.30000000000000004,False,0,0.7333333333333294,True,2.880154888888887,-4.052049053311225,-2.1287387111111,-0.6435145088430247,0.48999999999999977,-0.30000000000000004,-0.30000000000000004,2.7777777777777777,2.7777777777777777,0.0,1.9187057186576526,2.185013444444448,0.20650559205164587,-0.020000000000001572,-0.30000000000000004,-0.30000000000000004,2.7777777777777777,2.7777777777777777
27,0.4,True,1,0.0,True,5.158036888888887,-4.062746699619143,-4.299772377777766,-0.8847500610079668,0.23999999999999932,-0.4,-0.4,2.7777777777777777,2.7777777777777777,5.158036888888887,-0.7222656796003788,-2.872072155555574,0.6030029290087877,-6.661338147750939e-16,-0.4,-0.4,2.7777777777777777,2.7777777777777777
27,0.5,True,2,0.0,True,2.880154888888887,-3.425479441621934,-2.9054190888888654,-0.6647408667049115,-0.1499999999999999,-0.5,-0.5,2.7777777777777777,2.7777777777777777,5.158036888888887,-3.3089381320137816,-2.6469177555555374,0.6691632167813726,0.0,-0.5,-0.5,2.7777777777777777,2.7777777777777777
27,0.6000000000000001,False,0,1.1750749193524077,True,2.880154888888887,4.379723603748745,4.871770133333336,-0.17881675757181026,-0.38000000000000034,-0.6000000000000001,-0.6000000000000001,2.7777777777777777,2.7777777777777777,4.398742888888887,4.661584639490386,5.0091258000000005,-0.28181155993029927,-0.019999999999999574,-0.6000000000000001,-0.6000000000000001,2.7777777777777777,2.7777777777777777
27,0.7000000000000001,False,0,0.6290128194326318,True,2.880154888888887,2.9016809067921914,1.741454755555556,-1.2601864358933392,-0.569999999999999,-0.7000000000000001,-0.7000000000000001,2.7777777777777777,2.7777777777777777,8.954506888888886,1.6367798992516223,3.9493796444444422,-0.05326467508522992,-0.009999999999999343,-0.7000000000000001,-0.7000000000000001,2.7777777777777777,2.7777777777777777
27,0.8,False,0,0.9004102030417426,True,2.880154888888887,1.4999305024555172,3.2473339555555585,-1.577368678495946,-0.8800000000000012,-0.8,-0.8,2.7777777777777777,2.7777777777777777,9.713800888888887,4.39198612408924,6.245265977777774,-0.3719042052425081,-2.220446049250313e-16,-0.8,-0.8,2.7777777777777777,2.7777777777777777
27,0.9,False,0,1.52785476499464,True,2.880154888888887,3.8836888586390232,7.156182111111119,-1.8174873812549217,-1.8900000000000028,0.0,0.0,2.7777777777777777,2.7777777777777777,7.435918888888886,10.640344320525298,10.188241000000001,1.8894773117409724,-0.02000000000000024,-0.9,-0.9,2.7777777777777777,2.7777777777777777
27,1.0,False,0,1.410772106484971,True,2.880154888888887,4.418597151102067,7.583429000000007,-1.3880493179776225,-1.7999999999999998,0.0,0.0,2.7777777777777777,2.7777777777777777,9.713800888888887,12.00051393460394,10.689710422222223,1.922536834371535,0.0,-1.0,-1.0,2.7777777777777777,2.7777777777777777
27,1.1,False,0,1.5265699937933759,True,2.880154888888887,3.214529178214538,6.542069200000012,-0.5894219651620243,-1.8799999999999981,0.0,0.0,2.7777777777777777,2.7777777777777777,9.713800888888887,10.534616728958774,11.800821533333334,0.7258504374525843,-0.0499999999999996,-1.1,-1.1,2.7777777777777777,2.7777777777777777
27,1.2000000000000002,False,0,1.5265699937933759,True,2.880154888888887,4.271512172050785,7.779121888888896,-1.7821889503940422,-1.7999999999999998,0.0,0.0,2.7777777777777777,2.7777777777777777,10.473094888888888,12.391160494557287,12.494423844444444,-1.7944877437201543,-0.07999999999999963,-1.2000000000000002,-1.2000000000000002,2.7777777777777777,2.7777777777777777
27,1.3,False,0,1.639417705806015,True,2.880154888888887,4.042932678719358,7.5482446444444635,-1.3684897946421621,-1.8899999999999997,0.0,0.0,2.7777777777777777,2.7777777777777777,10.473094888888888,13.547545900547718,13.605534955555555,3.060478828468509,-0.09000000000000008,-1.3,-1.3,2.7777777777777777,2.7777777777777777
27,1.4000000000000001,False,0,1.8651131298312935,True,2.880154888888887,4.1406863971870935,6.588252555555582,-1.6561652241608928,-1.8999999999999986,0.0,0.0,2.7777777777777777,2.7777777777777777,9.713800888888887,12.943598928506251,15.134154866666666,0.46917264485076826,-0.08000000000000007,-1.4000000000000001,-1.4000000000000001,2.7777777777777777,2.7777777777777777
27,1.5,False,0,1.7522654178186545,True,2.880154888888887,4.070604574666345,6.761117266666685,-1.5585223381111084,-1.7999999999999998,0.0,0.0,2.7777777777777777,2.7777777777777777,11.232388888888888,15.439892125476781,15.486177777777776,0.9430266925500055,-0.04999999999999982,-1.5,-1.5,2.7777777777777777,2.7777777777777777
27,1.6,False,0,1.8651131298312935,True,2.880154888888887,3.880964594272581,7.214459800000033,-0.449419741245463,-1.879999999999999,0.0,0.0,2.7777777777777777,2.7777777777777777,10.473094888888888,14.744461810766282,15.827757177777777,0.5384604343841386,-0.1599999999999997,-1.6,-1.6,2.7777777777777777,2.7777777777777777
27,1.7000000000000002,False,0,1.8651131298312933,True,2.880154888888887,4.198955772021631,7.1462095555555765,-1.5199487420720315,-1.8300000000000005,0.0,0.0,2.7777777777777777,2.7777777777777777,11.232388888888888,17.45010309664932,16.597288888888887,0.8087036053541237,-0.09999999999999964,-1.7000000000000002,-1.7000000000000002,2.7777777777777777,2.7777777777777777
28,0.0,False,0,4.0,True,13.88888888888889,-3.309043753792717,-4.22222222222221,1.4767840337974945,1.6,0.0,0.0,2.7777777777777777,2.7777777777777777,,,,,,,,,
28,0.1,False,0,4.0,True,13.129888888888889,-4.137261799856442,-3.792122222222228,1.1751137569996333,1.31,-0.1,-0.1,2.7777777777777777,2.7777777777777777,13.129888888888889,130.77950335057818,131.83998888888974,-1.1903411039470337,-0.00999999999999579,-0.1,-0.1,2.7777777777777777,2.7777777777777777
28,0.2,False,0,4.0,True,13.76238888888889,-3.3801314629296852,-4.158972222222242,0.2055008787998438,1.02,-0.2,-0.2,2.7777777777777777,2.7777777777777777,13.76238888888889,53.035743554684494,52.67895000000022,-0.9035859780516995,-0.019999999999997353,-0.2,-0.2,2.7777777777777777,2.7777777777777777
28,0.30000000000000004,False,0,1.9333333333333318,True,11.991388888888888,-4.229485055492861,-4.291316666666655,1.3712617186007194,0.7000000000000002,-0.30000000000000004,-0.30000000000000004,2.7777777777777777,2.7777777777777777,11.232388888888888,18.200731006412372,16.075650000000092,0.37758426388067745,-0.020000000000001572,-0.30000000000000004,-0.30000000000000004,2.7777777777777777,2.7777777777777777
28,0.4,False,0,1.5270188475088797,True,2.880154888888887,3.9803708017720867,4.98103395555555,-0.15135914822382457,0.35999999999999943,-0.4,-0.4,2.7777777777777777,2.7777777777777777,1.3615668888888868,7.73891236621427,6.179694355555545,0.589211374710271,-6.661338147750939e-16,-0.4,-0.4,2.7777777777777777,2.7777777777777777
28,0.5,True,2,0.0,True,2.880154888888887,-2.4730197629141086,-0.2731574888888799,-1.3820158559704494,-0.1499999999999999,-0.5,-0.5,2.7777777777777777,2.7777777777777777,5.158036888888887,0.9336106772792379,-0.014656155555544892,-1.2173810712913296,0.0,-0.5,-0.5,2.7777777777777777,2.7777777777777777
28,0.6000000000000001,False,0,0.9217823093392408,True,2.880154888888887,2.0303260169344783,3.5742070666666566,0.8886697420489882,-0.19999999999999996,-0.6000000000000001,-0.6000000000000001,2.7777777777777777,2.7777777777777777,5.158036888888887,3.5701923530485056,3.832708399999995,0.16341630605581248,-0.019999999999999574,-0.6000000000000001,-0.6000000000000001,2.7777777777777777,2.7777777777777777
28,0.7000000000000001,False,0,1.4206801531550537,True,2.880154888888887,4.076197290997006,6.652657133333332,-1.640327970928463,-1.339999999999998,-0.7000000000000001,-0.7000000000000001,2.7777777777777777,2.7777777777777777,5.917330888888887,8.845007054096861,7.986114644444442,0.25645192788078974,-0.009999999999999343,-0.7000000000000001,-0.7000000000000001,2.7777777777777777,2.7777777777777777
28,0.8,False,0,1.3000856221170365,True,2.880154888888887,4.355568462078051,6.350321711111111,-1.7451750166682967,-1.8799999999999994,0.0,0.0,2.7777777777777777,2.7777777777777777,8.195212888888886,6.213303286146229,8.510471777777774,-0.005061847141677456,-2.220446049250313e-16,-0.8,-0.8,2.7777777777777777,2.7777777777777777
28,0.9,False,0,1.628132934604751,True,2.880154888888887,4.463880417649794,6.957667977777793,-1.580347571155185,-1.8900000000000028,0.0,0.0,2.7777777777777777,2.7777777777777777,7.435918888888886,11.29409710593448,11.175590999999994,0.0878020829886823,-0.02000000000000024,-0.9,-0.9,2.7777777777777777,2.7777777777777777
28,1.0,False,0,1.853828358630029,True,2.880154888888887,3.793048789819882,6.868736511111121,0.49069915180643964,-1.7999999999999998,0.0,0.0,2.7777777777777777,2.7777777777777777,7.435918888888886,13.422991063551049,13.397813222222215,-1.8688998441688436,0.0,-1.0,-1.0,2.7777777777777777,2.7777777777777777
28,1.1,False,0,1.628132934604751,True,2.880154888888887,3.0032451658870416,7.141946777777787,-1.4707335140832867,-1.8799999999999981,0.0,0.0,2.7777777777777777,2.7777777777777777,9.713800888888887,12.135758175715921,12.800821533333327,-0.361905461462233,-0.0499999999999996,-1.1,-1.1,2.7777777777777777,2.7777777777777777
28,1.2000000000000002,False,0,1.74098064661739,True,2.880154888888887,4.0898726083767345,7.461343888888902,-0.8790897138025482,-1.7999999999999998,0.0,0.0,2.7777777777777777,2.7777777777777777,9.713800888888887,12.094580912466245,13.911932644444438,3.9590127867731284,-0.07999999999999963,-1.2000000000000002,-1.2000000000000002,2.7777777777777777,2.7777777777777777
28,1.3,False,0,1.853828358630029,True,2.880154888888887,3.878660034919837,7.279096644444462,-0.9486205037731812,-1.8899999999999997,0.0,0.0,2.7777777777777777,2.7777777777777777,9.713800888888887,11.890404567093611,15.023043755555555,-0.0012679184371369168,-0.09000000000000008,-1.3,-1.3,2.7777777777777777,2.7777777777777777
28,1.4000000000000001,False,0,1.9656591784821131,True,2.880154888888887,3.193773901252766,7.184719888888904,-0.6244770837746285,-1.8999999999999986,0.0,0.0,2.7777777777777777,2.7777777777777777,9.713800888888887,15.937010791183216,16.134154866666666,-0.30095321584538803,-0.08000000000000007,-1.4000000000000001,-1.4000000000000001,2.7777777777777777,2.7777777777777777
28,1.5,False,0,1.853828358630029,True,2.880154888888887,4.112595245571083,6.862757244444777,-1.7355016839684883,-1.7999999999999998,0.0,0.0,2.7777777777777777,2.7777777777777777,11.232388888888888,15.370832306006555,16.486177777777776,-1.1622232694255465,-0.04999999999999982,-1.5,-1.5,2.7777777777777777,2.7777777777777777
28,1.6,False,0,1.74098064661739,True,2.880154888888887,3.675700743263495,6.892297488888905,-1.721081854160311,-1.879999999999999,0.0,0.0,2.7777777777777777,2.7777777777777777,11.991388888888888,16.130155637518968,16.220527777777775,-0.7796306265160515,-0.1599999999999997,-1.6,-1.6,2.7777777777777777,2.7777777777777777
28,1.7000000000000002,False,0,1.7409806466173896,True,2.880154888888887,4.3840765346390045,7.097906888888905,-1.2639540805021034,-1.8300000000000005,0.0,0.0,2.7777777777777777,2.7777777777777777,12.623888888888889,17.821486656549634,17.141888888888882,2.4286436084482523,-0.09999999999999964,-1.7000000000000002,-1.7000000000000002,2.7777777777777777,2.7777777777777777
29,0.0,False,0,4.0,True,13.88888888888889,-3.885956886760243,-4.2666666666666755,1.3447274667440094,1.6,0.0,0.0,2.7777777777777777,2.7777777777777777,,,,,,,,,
29,0.1,False,0,4.0,True,13.76238888888889,-2.6593242111230166,-4.295383333333343,2.209307309217842,1.2999999999999998,-0.1,-0.1,2.7777777777777777,2.7777777777777777,13.76238888888889,141.85187630337157,139.5937888888884,-0.8833503863352039,-0.00999999999999579,-0.1,-0.1,2.7777777777777777,2.7777777777777777
29,0.2,False,0,4.0,True,9.713800888888887,-3.7639002220860815,-4.09603913333333,0.23004791843234118,0.94,-0.2,-0.2,2.7777777777777777,2.7777777777777777,8.954506888888886,27.197590714709055,25.552260599999887,1.0551212103431022,-0.019999999999997353,-0.2,-0.2,2.7777777777777777,2.7777777777777777
29,0.30000000000000004,False,0,0.7333333333333294,True,2.880154888888887,-3.0584160857107916,-2.0165595999999963,0.18046337056984862,0.5199999999999996,-0.30000000000000004,-0.30000000000000004,2.7777777777777777,2.7777777777777777,0.0,3.1871839780735955,2.106272977777775,-0.8836118767039289,-0.020000000000001572,-0.30000000000000004,-0.30000000000000004,2.7777777777777777,2.7777777777777777
29,0.4,True,2,0.0,True,2.880154888888887,-4.074748422066921,-2.690333844444427,-1.5222322402265307,-6.661338147750939e-16,-0.4,-0.4,2.7777777777777777,2.7777777777777777,2.880154888888887,-4.074748422066921,-2.690333844444427,-1.5222322402265307,-6.661338147750939e-16,-0.4,-0.4,2.7777777777777777,2.7777777777777777
29,0.5,False,0,0.8608195071238696,True,2.880154888888887,0.9110167403273666,2.607367733333324,-1.5417398757811072,-0.04999999999999982,-0.5,-0.5,2.7777777777777777,2.7777777777777777,3.639448888888887,3.260495799154296,2.6176054444444405,-0.8362185267682629,0.0,-0.5,-0.5,2.7777777777777777,2.7777777777777777
29,0.6000000000000001,False,0,1.3866532002773668,True,2.880154888888887,4.183965279937834,7.0429860444444445,-1.4962557332107336,-0.8600000000000017,-0.6000000000000001,-0.6000000000000001,2.7777777777777777,2.7777777777777777,4.398742888888887,6.010050167967575,7.414102199999999,2.2488872271523355,-0.019999999999999574,-0.6000000000000001,-0.6000000000000001,2.7777777777777777,2.7777777777777777
29,0.7000000000000001,False,0,1.3866532002773668,True,2.880154888888887,4.294080383179474,6.47223626666666,0.3668558333898022,-0.49999999999999867,-0.7000000000000001,-0.7000000000000001,2.7777777777777777,2.7777777777777777,7.435918888888886,7.989351231506952,7.6828412444444405,0.22264810387225875,-0.009999999999999343,-0.7000000000000001,-0.7000000000000001,2.7777777777777777,2.7777777777777777
29,0.8,False,0,1.1537019506165387,True,2.880154888888887,1.9938010642889497,5.150899733333323,-0.46748036792552394,-1.0400000000000014,-0.8,-0.8,2.7777777777777777,2.7777777777777777,9.713800888888887,8.94930372934662,8.32116597777777,0.8173768059824278,-2.220446049250313e-16,-0.8,-0.8,2.7777777777777777,2.7777777777777777
29,0.9,False,0,1.6296958754161261,True,2.880154888888887,4.403528367412851,6.895420600000013,0.08767118752374858,-1.8900000000000028,0.0,0.0,2.7777777777777777,2.7777777777777777,8.195212888888886,10.020627420941782,11.656793999999994,-1.181170747819482,-0.02000000000000024,-0.9,-0.9,2.7777777777777777,2.7777777777777777
29,1.0,False,0,1.5040004513908483,True,2.880154888888887,4.290764375476596,7.684869311111112,-1.6709569923474823,-1.7999999999999998,0.0,0.0,2.7777777777777777,2.7777777777777777,10.473094888888888,11.175866666590753,12.272201622222216,0.38279920766195774,0.0,-1.0,-1.0,2.7777777777777777,2.7777777777777777
29,1.1,False,0,1.616848163403487,True,2.880154888888887,3.053211478504193,7.587934000000016,-1.2387235640442418,-1.8799999999999981,0.0,0.0,2.7777777777777777,2.7777777777777777,10.473094888888888,12.221915382082692,13.383312733333327,-1.2397038865152201,-0.0499999999999996,-1.1,-1.1,2.7777777777777777,2.7777777777777777
29,1.2000000000000002,False,0,1.842543587428765,True,2.880154888888887,4.435370041393182,7.337757711111121,-1.8597858997375567,-1.7999999999999998,0.0,0.0,2.7777777777777777,2.7777777777777777,9.713800888888887,16.847137680931997,14.911932644444438,-0.2988232788660916,-0.07999999999999963,-1.2000000000000002,-1.2000000000000002,2.7777777777777777,2.7777777777777777
29,1.3,False,0,1.7296958754161262,True,2.880154888888887,3.5418865384950324,7.049073733333349,-0.9063385504331261,-1.8899999999999997,0.0,0.0,2.7777777777777777,2.7777777777777777,11.232388888888888,14.90936615687906,15.263955555555555,-0.07696567702886692,-0.09000000000000008,-1.3,-1.3,2.7777777777777777,2.7777777777777777
29,1.4000000000000001,False,0,1.7296958754161262,True,2.880154888888887,4.460970733482829,6.846881555555574,-1.759737954161028,-1.8999999999999986,0.0,0.0,2.7777777777777777,2.7777777777777777,11.991388888888888,13.90840189042051,16.109416666666664,0.9852052691347586,-0.08000000000000007,-1.4000000000000001,-1.4000000000000001,2.7777777777777777,2.7777777777777777
29,1.5,False,0,1.9549259946978073,True,2.880154888888887,4.444895303557968,6.589874311111299,-1.5980110562648402,-1.7999999999999998,0.0,0.0,2.7777777777777777,2.7777777777777777,11.232388888888888,16.528670526442205,17.486177777777776,1.088863510174399,-0.04999999999999982,-1.5,-1.5,2.7777777777777777,2.7777777777777777
29,1.6,False,0,1.616848163403487,True,2.880154888888887,4.285579517465028,7.681780266666675,-1.082497698774631,-1.879999999999999,0.0,0.0,2.7777777777777777,2.7777777777777777,13.129888888888889,15.503921602781514,16.904277777777775,0.07798010240641129,-0.1599999999999997,-1.6,-1.6,2.7777777777777777,2.7777777777777777
29,1.7000000000000002,False,0,1.954925994697807,True,2.880154888888887,3.613257856101339,6.798042266666681,-0.47677154021205914,-1.8300000000000005,0.0,0.0,2.7777777777777777,2.7777777777777777,11.991388888888888,18.16434216565082,18.331638888888886,-0.2790276889984371,-0.09999999999999964,-1.7000000000000002,-1.7000000000000002,2.7777777777777777,2.7777777777777777
30,0.0,False,0,4.0,True,13.88888888888889,-2.3713992624130737,-4.155555555555568,2.672402970982438,1.6,0.0,0.0,2.7777777777777777,2.7777777777777777,,,,,,,,,
30,0.1,False,0,4.0,True,13.88888888888889,-3.8965114669220666,-4.155555555555568,4.1349141535418745,1.29,-0.1,-0.1,2.7777777777777777,2.7777777777777777,13.88888888888889,142.17388641195438,140.28888888888855,-0.1498289845554852,-0.00999999999999579,-0.1,-0.1,2.7777777777777777,2.7777777777777777
30,0.2,False,0,4.0,True,9.713800888888887,-3.932889909128124,-4.288319666666683,3.9380770558066573,0.94,-0.2,-0.2,2.7777777777777777,2.7777777777777777,9.713800888888887,28.974039871303614,28.981230600000064,-1.785894025688083,-0.019999999999997353,-0.2,-0.2,2.7777777777777777,2.7777777777777777
30,0.30000000000000004,False,0,0.2333333333333283,True,2.880154888888887,-3.1479633732953074,-2.5887484444444366,0.970664523591743,0.39999999999999947,-0.30000000000000004,-0.30000000000000004,2.7777777777777777,2.7777777777777777,0.0,-0.834507714985885,0.755513688888894,0.2159254108551325,-0.020000000000001572,-0.30000000000000004,-0.30000000000000004,2.7777777777777777,2.7777777777777777
30,0.4,True,2,0.0,True,2.880154888888887,-1.5039319208087063,-2.241520711111103,-0.17719433422482678,0.11999999999999922,-0.4,-0.4,2.7777777777777777,2.7777777777777777,0.6022728888888867,-1.0533420948812262,-1.8166574444444406,-1.0065086823160203,-6.661338147750939e-16,-0.4,-0.4,2.7777777777777777,2.7777777777777777
30,0.5,False,0,0.4846676783997476,True,2.880154888888887,2.99022960747853,1.0791626222222321,0.5691681823291854,-0.09999999999999987,-0.5,-0.5,2.7777777777777777,2.7777777777777777,4.398742888888887,-0.11817700648078056,1.175567444444451,-0.13671112480374426,0.0,-0.5,-0.5,2.7777777777777777,2.7777777777777777
30,0.6000000000000001,False,0,1.2539992161355475,True,2.880154888888887,3.1918086357422455,6.388955044444441,-1.6086703261112008,-0.3200000000000003,-0.6000000000000001,-0.6000000000000001,2.7777777777777777,2.7777777777777777,4.398742888888887,3.0636207038438217,6.516072999999996,0.5938123316738877,-0.019999999999999574,-0.6000000000000001,-0.6000000000000001,2.7777777777777777,2.7777777777777777
30,0.7000000000000001,False,0,1.6068481634034872,True,2.880154888888887,3.9261668982627898,6.673869733333345,-0.8411757016525403,-1.899999999999999,0.0,0.0,2.7777777777777777,2.7777777777777777,5.917330888888887,10.350289945547399,9.720435244444442,1.6612744187867916,-0.009999999999999343,-0.7000000000000001,-0.7000000000000001,2.7777777777777777,2.7777777777777777
30,0.8,False,0,1.2553721848714154,True,2.880154888888887,3.902673151271469,6.401605044444442,0.08453078950819282,-0.9600000000000013,-0.8,-0.8,2.7777777777777777,2.7777777777777777,9.713800888888887,9.734346930397624,9.257915977777774,0.3518225273739173,-2.220446049250313e-16,-0.8,-0.8,2.7777777777777777,2.7777777777777777
30,0.9,False,0,1.8312588162275012,True,2.880154888888887,4.090761779668772,7.674547333333348,-1.8829051185725993,-1.8900000000000028,0.0,0.0,2.7777777777777777,2.7777777777777777,8.195212888888886,11.275191273106667,12.947802799999995,-0.2756756261687585,-0.02000000000000024,-0.9,-0.9,2.7777777777777777,2.7777777777777777
30,1.0,False,0,1.6068481634034872,True,2.880154888888887,4.27605939338405,7.04328251111112,0.7455880735910823,-1.7999999999999998,0.0,0.0,2.7777777777777777,2.7777777777777777,10.473094888888888,11.705683236681526,13.284851622222217,1.1482066666908675,0.0,-1.0,-1.0,2.7777777777777777,2.7777777777777777
30,1.1,False,0,1.8312588162275012,True,2.880154888888887,4.532588816548402,7.311106844444457,-1.0867622666194063,-1.8799999999999981,0.0,0.0,2.7777777777777777,2.7777777777777777,9.713800888888887,13.921016470311635,14.800821533333327,1.8329073122363941,-0.0499999999999996,-1.1,-1.1,2.7777777777777777,2.7777777777777777
30,1.2000000000000002,False,0,1.7184111042148624,True,2.880154888888887,4.522003347218669,7.231442511111124,-0.1335768496581009,-1.7999999999999998,0.0,0.0,2.7777777777777777,2.7777777777777777,11.232388888888888,13.807642737952559,15.152844444444437,-0.6123550253273065,-0.07999999999999963,-1.2000000000000002,-1.2000000000000002,2.7777777777777777,2.7777777777777777
30,1.3,False,0,1.9441065282401402,True,2.880154888888887,3.2721705199461555,6.22026535555558,-1.1773510501145477,-1.8899999999999997,0.0,0.0,2.7777777777777777,2.7777777777777777,10.473094888888888,16.059483225737665,16.605534955555555,0.27256939178716655,-0.09000000000000008,-1.3,-1.3,2.7777777777777777,2.7777777777777777
30,1.4000000000000001,False,0,1.9441065282401402,True,2.880154888888887,2.9397507175396287,6.669017777777786,-1.419873800758871,-1.8999999999999986,0.0,0.0,2.7777777777777777,2.7777777777777777,11.232388888888888,17.56771272152128,17.375066666666665,0.04154093449551843,-0.08000000000000007,-1.4000000000000001,-1.4000000000000001,2.7777777777777777,2.7777777777777777
30,1.5,False,0,1.7184111042148624,True,2.880154888888887,4.482325434867339,7.1947570888889105,-1.6046080837821526,-1.7999999999999998,0.0,0.0,2.7777777777777777,2.7777777777777777,13.129888888888889,16.44053580402205,17.904277777777775,0.24877999601966483,-0.04999999999999982,-1.5,-1.5,2.7777777777777777,2.7777777777777777
30,1.6,False,0,1.7184111042148624,True,2.880154888888887,3.6457696783038047,7.190491666666685,-1.8320568608460606,-1.879999999999999,0.0,0.0,2.7777777777777777,2.7777777777777777,13.129888888888889,17.83012286975642,17.904277777777775,0.7659560132913241,-0.1599999999999997,-1.6,-1.6,2.7777777777777777,2.7777777777777777
30,1.7000000000000002,False,0,1.8312588162275012,True,2.880154888888887,4.402684458462926,7.35035431111113,-1.7964975067084108,-1.8300000000000005,0.0,0.0,2.7777777777777777,2.7777777777777777,13.129888888888889,18.159019488107152,19.015388888888882,0.2709825310928027,-0.09999999999999964,-1.7000000000000002,-1.7000000000000002,2.7777777777777777,2.7777777777777777
31,0.0,False,0,4.0,True,13.88888888888889,-2.304007697018217,-4.044444444444461,0.9201439932196398,1.6,0.0,0.0,2.7777777777777777,2.7777777777777777,,,,,,,,,
31,0.1,False,0,4.0,True,8.195212888888886,-3.68312872694663,-4.230458600000008,1.283919274896745,1.2399999999999998,-0.1,-0.1,2.7777777777777777,2.7777777777777777,8.195212888888886,63.27956382333677,63.48748028888933,0.7925458950268962,-0.00999999999999579,-0.1,-0.1,2.7777777777777777,2.7777777777777777
31,0.2,False,0,4.0,True,11.991388888888888,-2.3910957254286727,-4.0465333333333176,2.7769651818948735,0.94,-0.2,-0.2,2.7777777777777777,2.7777777777777777,11.991388888888888,39.733653801757455,40.17879999999983,-1.773793979057288,-0.019999999999997353,-0.2,-0.2,2.7777777777777777,2.7777777777777777
31,0.30000000000000004,True,1,0.0,True,5.158036888888887,-3.912955714458998,-4.240107755555573,-0.46251105248742785,0.39999999999999947,-0.30000000000000004,-0.30000000000000004,2.7777777777777777,2.7777777777777777,2.880154888888887,-3.0978176805666164,-3.109697600000028,-0.9748055006036391,-0.020000000000001572,-0.30000000000000004,-0.30000000000000004,2.7777777777777777,2.7777777777777777
31,0.4,False,0,0.7999999999999985,True,2.880154888888887,-1.2723985591415596,1.9573696000000114,0.9085829752329024,0.15999999999999925,-0.4,-0.4,2.7777777777777777,2.7777777777777777,0.6022728888888867,1.652462380790884,2.599783355555563,0.5988089268424663,-6.661338147750939e-16,-0.4,-0.4,2.7777777777777777,2.7777777777777777
31,0.5,True,2,0.0,True,2.880154888888887,-1.9538605755289735,-0.5582737111111014,1.3278065398520629,-0.25,-0.5,-0.5,2.7777777777777777,2.7777777777777777,6.676624888888886,-0.12110735662284622,0.2522088444444508,-0.9190466458889736,0.0,-0.5,-0.5,2.7777777777777777,2.7777777777777777
31,0.6000000000000001,False,0,1.1213452319937285,True,2.880154888888887,2.066864374533144,5.025111733333323,0.5786001684800199,-0.38000000000000034,-0.6000000000000001,-0.6000000000000001,2.7777777777777777,2.7777777777777777,5.917330888888887,6.8923607638171065,5.693973199999992,0.5299769326229362,-0.019999999999999574,-0.6000000000000001,-0.6000000000000001,2.7777777777777777,2.7777777777777777
31,0.7000000000000001,False,0,1.1771087969315366,True,2.880154888888887,4.088876410483128,4.987044133333332,-0.9013414230870523,-0.7099999999999986,-0.7000000000000001,-0.7000000000000001,2.7777777777777777,2.7777777777777777,8.954506888888886,6.18430831359466,7.746950244444446,1.2528439856656668,-0.009999999999999343,-0.7000000000000001,-0.7000000000000001,2.7777777777777777,2.7777777777777777
31,0.8,False,0,1.6071263330135976,True,2.880154888888887,4.514993292891032,7.319025866666675,-0.6560137989338293,-1.8799999999999994,0.0,0.0,2.7777777777777777,2.7777777777777777,8.195212888888886,9.88084551731058,11.434571777777773,0.8965728420144883,-2.220446049250313e-16,-0.8,-0.8,2.7777777777777777,2.7777777777777777
31,0.9,False,0,1.9328217570388764,True,2.880154888888887,2.639741381648446,6.961439333333357,-1.6925926506920634,-1.8900000000000028,0.0,0.0,2.7777777777777777,2.7777777777777777,7.435918888888886,13.72365335791729,14.175590999999994,-1.087260629840969,-0.02000000000000024,-0.9,-0.9,2.7777777777777777,2.7777777777777777
31,1.0,False,0,1.9328217570388764,True,2.880154888888887,4.336866315961349,6.7711917333333504,-0.7709572867791692,-1.7999999999999998,0.0,0.0,2.7777777777777777,2.7777777777777777,8.954506888888886,13.953529542894191,15.183148622222216,0.8457662596132831,0.0,-1.0,-1.0,2.7777777777777777,2.7777777777777777
31,1.1,False,0,1.8199740450262374,True,2.880154888888887,4.518076103213109,7.674344177777788,-0.12646777911062723,-1.8799999999999981,0.0,0.0,2.7777777777777777,2.7777777777777777,10.473094888888888,15.738708734603804,15.383312733333327,-1.0552699669931462,-0.0499999999999996,-1.1,-1.1,2.7777777777777777,2.7777777777777777
31,1.2000000000000002,False,0,1.8199740450262374,True,2.880154888888887,4.245181697086761,7.432904533333347,-1.4516647804784335,-1.7999999999999998,0.0,0.0,2.7777777777777777,2.7777777777777777,11.232388888888888,13.922461056978914,16.152844444444437,-0.6092114466843421,-0.07999999999999963,-1.2000000000000002,-1.2000000000000002,2.7777777777777777,2.7777777777777777
31,1.3,False,0,1.9328217570388764,True,2.880154888888887,3.9328572323244133,7.251508977777786,-1.6466401653352278,-1.8899999999999997,0.0,0.0,2.7777777777777777,2.7777777777777777,11.232388888888888,14.951665983461986,17.263955555555555,0.5995961869819273,-0.09000000000000008,-1.3,-1.3,2.7777777777777777,2.7777777777777777
31,1.4000000000000001,False,0,1.7071263330135984,True,2.880154888888887,2.729534767161188,6.380661133333345,-1.5982169181075796,-1.8999999999999986,0.0,0.0,2.7777777777777777,2.7777777777777777,13.129888888888889,19.79598631331136,17.793166666666664,0.653721876027832,-0.08000000000000007,-1.4000000000000001,-1.4000000000000001,2.7777777777777777,2.7777777777777777
31,1.5,False,0,1.9328217570388764,True,2.880154888888887,3.2061816207305585,7.412753800000016,-1.6837842576750641,-1.7999999999999998,0.0,0.0,2.7777777777777777,2.7777777777777777,12.623888888888889,19.273433963033806,19.030777777777775,0.8972483820358961,-0.04999999999999982,-1.5,-1.5,2.7777777777777777,2.7777777777777777
31,1.6,False,0,1.9328217570388764,True,2.880154888888887,4.267981924287388,7.161928133333352,-1.5281384802383715,-1.879999999999999,0.0,0.0,2.7777777777777777,2.7777777777777777,12.623888888888889,16.314791153371853,19.030777777777775,-1.072660441870879,-0.1599999999999997,-1.6,-1.6,2.7777777777777777,2.7777777777777777
31,1.7000000000000002,False,0,1.8199740450262374,True,2.880154888888887,4.40361982807421,7.789517555555567,-1.3003081964698593,-1.8300000000000005,0.0,0.0,2.7777777777777777,2.7777777777777777,13.50938888888889,18.652434499464785,19.939488888888885,-1.3997379955952916,-0.09999999999999964,-1.7000000000000002,-1.7000000000000002,2.7777777777777777,2.7777777777777777
32,0.0,False,0,4.0,True,13.129888888888889,-3.9749394896331394,-4.173683333333325,2.2260818892972813,1.6,0.0,0.0,2.7777777777777777,2.7777777777777777,,,,,,,,,
32,0.1,False,0,4.0,True,13.76238888888889,-3.3049365473289667,-3.958633333333334,1.8552669673940678,1.27,-0.1,-0.1,2.7777777777777777,2.7777777777777777,13.76238888888889,136.52532572859826,136.6443888888884,-0.9035330250445276,-0.00999999999999579,-0.1,-0.1,2.7777777777777777,2.7777777777777777
32,0.2,False,0,4.0,True,11.991388888888888,-3.3938727804912387,-3.996216666666693,-0.4503205775625132,0.94,-0.2,-0.2,2.7777777777777777,2.7777777777777777,11.991388888888888,40.618309048598896,39.621549999999836,0.8894934732309392,-0.019999999999997353,-0.2,-0.2,2.7777777777777777,2.7777777777777777
32,0.30000000000000004,False,0,0.8333333333333303,True,2.880154888888887,-1.288701746657341,-1.24678364444443,0.7848234482282148,0.39999999999999947,-0.30000000000000004,-0.30000000000000004,2.7777777777777777,2.7777777777777777,0.0,2.555268320356217,2.2336351777777894,-1.549920727268673,-0.020000000000001572,-0.30000000000000004,-0.30000000000000004,2.7777777777777777,2.7777777777777777
32,0.4,False,0,2.0999999999999996,True,2.880154888888887,4.529254519340651,7.074882577777768,-1.3480399893807247,-1.880000000000006,0.0,0.0,2.7777777777777777,2.7777777777777777,2.880154888888887,5.765375078691773,7.699382955555547,-0.5573171992340353,-6.661338147750939e-16,-0.4,-0.4,2.7777777777777777,2.7777777777777777
32,0.5,False,0,1.244779640301479,True,2.880154888888887,3.2975841256286573,5.303767733333328,0.7871807467625462,-0.04999999999999982,-0.5,-0.5,2.7777777777777777,2.7777777777777777,3.639448888888887,4.873531377168168,5.314005444444445,0.808684957987476,0.0,-0.5,-0.5,2.7777777777777777,2.7777777777777777
32,0.6000000000000001,False,0,1.0001957987320829,True,2.880154888888887,3.878505392488809,4.1776237333333315,-0.6587392294008954,-0.38000000000000034,-0.6000000000000001,-0.6000000000000001,2.7777777777777777,2.7777777777777777,7.435918888888886,5.656355167176518,5.377990999999999,-0.3360192827672239,-0.019999999999999574,-0.6000000000000001,-0.6000000000000001,2.7777777777777777,2.7777777777777777
32,0.7000000000000001,False,0,1.5829938497996945,True,2.880154888888887,4.062785732922866,6.612186911111121,-1.1461374748128494,-1.899999999999999,0.0,0.0,2.7777777777777777,2.7777777777777777,6.676624888888886,10.984683592368302,10.341261844444436,0.10481086498586212,-0.009999999999999343,-0.7000000000000001,-0.7000000000000001,2.7777777777777777,2.7777777777777777
32,0.8,False,0,1.695841561812334,True,2.880154888888887,4.275213309235167,7.655899466666672,-1.2714691249825691,-1.8799999999999994,0.0,0.0,2.7777777777777777,2.7777777777777777,8.195212888888886,12.152315049678226,12.308071777777773,0.016359055608784923,-2.220446049250313e-16,-0.8,-0.8,2.7777777777777777,2.7777777777777777
32,0.9,False,0,1.5842786210009585,True,2.880154888888887,4.037897994342569,7.313318622222224,0.546740022598668,-1.8900000000000028,0.0,0.0,2.7777777777777777,2.7777777777777777,10.473094888888888,11.483500523498329,13.062629399999992,-0.603086076209304,-0.02000000000000024,-0.9,-0.9,2.7777777777777777,2.7777777777777777
32,1.0,False,0,1.8086892738249736,True,2.880154888888887,4.4794539650077825,6.826973044444462,-1.8797125648281103,-1.7999999999999998,0.0,0.0,2.7777777777777777,2.7777777777777777,10.473094888888888,16.9619839684033,15.272201622222216,0.1593374197861821,0.0,-1.0,-1.0,2.7777777777777777,2.7777777777777777
32,1.1,False,0,1.8086892738249736,True,2.880154888888887,4.425029039308531,7.475359088888905,-1.4822516141932274,-1.8799999999999981,0.0,0.0,2.7777777777777777,2.7777777777777777,11.232388888888888,15.39385108912628,16.041733333333326,0.7495695689328019,-0.0499999999999996,-1.1,-1.1,2.7777777777777777,2.7777777777777777
32,1.2000000000000002,False,0,1.7086892738249728,True,2.880154888888887,4.267939232514142,7.2270080000000165,-0.9720726076011046,-1.7999999999999998,0.0,0.0,2.7777777777777777,2.7777777777777777,12.623888888888889,14.062201175845502,16.823944444444436,-0.033071889418609945,-0.07999999999999963,-1.2000000000000002,-1.2000000000000002,2.7777777777777777,2.7777777777777777
32,1.3,False,0,1.9215369858376126,True,2.880154888888887,4.487688718314087,7.2692226888889,-1.168725001057945,-1.8899999999999997,0.0,0.0,2.7777777777777777,2.7777777777777777,11.991388888888888,15.908540494015256,17.998305555555554,-0.8659314260189837,-0.09000000000000008,-1.3,-1.3,2.7777777777777777,2.7777777777777777
32,1.4000000000000001,False,0,2.030058281187949,True,2.880154888888887,3.8861139963698834,6.872835200000009,-0.1623115798997805,-1.8999999999999986,0.0,0.0,2.7777777777777777,2.7777777777777777,11.991388888888888,17.635487541965926,19.109416666666664,0.0805109089817233,-0.08000000000000007,-1.4000000000000001,-1.4000000000000001,2.7777777777777777,2.7777777777777777
32,1.5,False,0,1.9215369858376126,True,2.880154888888887,2.5398321186128756,7.281167266666675,0.033859646745562744,-1.7999999999999998,0.0,0.0,2.7777777777777777,2.7777777777777777,13.129888888888889,20.37147797960777,19.904277777777775,0.5835756070998213,-0.04999999999999982,-1.5,-1.5,2.7777777777777777,2.7777777777777777
32,1.6,False,0,1.8086892738249736,True,2.880154888888887,4.511251386211723,7.089739800000015,-1.7697882057385423,-1.879999999999999,0.0,0.0,2.7777777777777777,2.7777777777777777,13.50938888888889,21.003685805126786,19.828377777777774,-0.3415356750850398,-0.1599999999999997,-1.6,-1.6,2.7777777777777777,2.7777777777777777
32,1.7000000000000002,False,0,1.9215369858376126,True,2.880154888888887,4.513182416763695,7.226564977777774,-1.2552394030117853,-1.8300000000000005,0.0,0.0,2.7777777777777777,2.7777777777777777,13.50938888888889,20.32814656419526,20.939488888888885,-0.2675434416998814,-0.09999999999999964,-1.7000000000000002,-1.7000000000000002,2.7777777777777777,2.7777777777777777
33,0.0,False,0,4.0,True,13.88888888888889,-3.804112570505761,-3.822222222222247,-0.7481463870301917,1.6,0.0,0.0,2.7777777777777777,2.7777777777777777,,,,,,,,,
33,0.1,False,0,4.0,True,7.435918888888886,-3.029723515488075,-4.232886044444437,0.6464596026957814,1.1999999999999997,-0.1,-0.1,2.7777777777777777,2.7777777777777777,6.676624888888886,41.472029714333274,42.80893608888938,-1.6289456946812044,-0.00999999999999579,-0.1,-0.1,2.7777777777777777,2.7777777777777777
33,0.2,False,0,3.999999999999999,True,11.991388888888888,-2.9718352335252503,-4.092050000000003,-1.3451103604073302,0.8799999999999994,-0.2,-0.2,2.7777777777777777,2.7777777777777777,11.991388888888888,37.53769812947176,37.369199999999815,1.3464511187818533,-0.019999999999997353,-0.2,-0.2,2.7777777777777777,2.7777777777777777
33,0.30000000000000004,False,0,2.0333333333333328,True,2.880154888888887,4.213674823222935,3.716902000000016,1.1772124971040125,0.5199999999999996,-0.30000000000000004,-0.30000000000000004,2.7777777777777777,2.7777777777777777,1.3615668888888868,5.958813188170265,5.4308582000000145,-0.9171537560333857,-0.020000000000001572,-0.30000000000000004,-0.30000000000000004,2.7777777777777777,2.7777777777777777
33,0.4,True,2,0.0,True,0.6022728888888867,-3.881824249914625,-4.28787035555555,0.5510677551170358,-0.759999999999998,-0.4,-0.4,2.7777777777777777,2.7777777777777777,5.158036888888887,-4.014962480282857,-3.8655656444444473,-0.2886319762570746,-6.661338147750939e-16,-0.4,-0.4,2.7777777777777777,2.7777777777777777
33,0.5,False,0,0.8644794308003066,True,2.880154888888887,0.8835228578941257,3.170451511111115,0.7235442425689182,-0.1499999999999999,-0.5,-0.5,2.7777777777777777,2.7777777777777777,5.158036888888887,1.436505479828857,3.42895284444445,-0.9476502444054435,0.0,-0.5,-0.5,2.7777777777777777,2.7777777777777777
33,0.6000000000000001,False,0,1.4742786210009589,True,2.880154888888887,4.384059754614474,6.989543888888886,-1.7406103516825755,-1.7000000000000033,-0.6000000000000001,-0.6000000000000001,2.7777777777777777,2.7777777777777777,5.917330888888887,5.58885469582219,8.339211399999993,1.1776035083071097,-0.019999999999999574,-0.6000000000000001,-0.6000000000000001,2.7777777777777777,2.7777777777777777
33,0.7000000000000001,False,0,1.600198980976212,True,2.880154888888887,4.1114090152219065,6.8930214666666645,-1.5861862275765752,-1.899999999999999,0.0,0.0,2.7777777777777777,2.7777777777777777,7.435918888888886,9.982982414262679,10.809785444444437,0.653260227091248,-0.009999999999999343,-0.7000000000000001,-0.7000000000000001,2.7777777777777777,2.7777777777777777
33,0.8,False,0,1.9102522146363485,True,2.880154888888887,3.972227391439181,7.172614711111128,-1.3357046651630864,-1.8799999999999994,0.0,0.0,2.7777777777777777,2.7777777777777777,7.435918888888886,14.625308471194518,13.953368777777772,1.290003251964031,-2.220446049250313e-16,-0.8,-0.8,2.7777777777777777,2.7777777777777777
33,0.9,False,0,1.7974045026237089,True,2.880154888888887,3.694243327930292,6.983745800000006,-0.011078857448503454,-1.8900000000000028,0.0,0.0,2.7777777777777777,2.7777777777777777,9.713800888888887,14.718768387368367,14.467488199999995,0.07743277419111383,-0.02000000000000024,-0.9,-0.9,2.7777777777777777,2.7777777777777777
33,1.0,False,0,1.7974045026237089,True,2.880154888888887,3.3566510029912537,7.132194355555574,0.6459215852806834,-1.7999999999999998,0.0,0.0,2.7777777777777777,2.7777777777777777,11.232388888888888,17.189434582899676,15.930622222222215,0.6705665054375625,0.0,-1.0,-1.0,2.7777777777777777,2.7777777777777777
33,1.1,False,0,2.019325097403643,True,2.880154888888887,4.487716107842769,6.53137733333335,-1.4547260749129602,-1.8799999999999981,0.0,0.0,2.7777777777777777,2.7777777777777777,10.473094888888888,18.688722392496793,17.383312733333327,0.9433024557048073,-0.0499999999999996,-1.1,-1.1,2.7777777777777777,2.7777777777777777
33,1.2000000000000002,False,0,1.9102522146363485,True,2.880154888888887,4.4898036731275655,7.321059777777788,-1.0037432308378293,-1.7999999999999998,0.0,0.0,2.7777777777777777,2.7777777777777777,11.991388888888888,18.073272481576996,17.887194444444436,-1.791256473459926,-0.07999999999999963,-1.2000000000000002,-1.2000000000000002,2.7777777777777777,2.7777777777777777
33,1.3,False,0,2.019325097403643,True,2.880154888888887,4.30324730786089,7.2693442222222275,0.011590780938850243,-1.8899999999999997,0.0,0.0,2.7777777777777777,2.7777777777777777,11.991388888888888,18.588074118698614,18.998305555555554,-0.8440333327621219,-0.09000000000000008,-1.3,-1.3,2.7777777777777777,2.7777777777777777
33,1.4000000000000001,False,0,1.9102522146363485,True,2.880154888888887,4.251972825713641,7.2869364000000205,-0.6475561789925324,-1.8999999999999986,0.0,0.0,2.7777777777777777,2.7777777777777777,13.129888888888889,18.951609880812008,19.793166666666664,-0.7778036829091988,-0.08000000000000007,-1.4000000000000001,-1.4000000000000001,2.7777777777777777,2.7777777777777777
33,1.5,False,0,1.7974045026237089,True,2.880154888888887,4.2075347443965585,7.606539311111125,-1.6993938996171023,-1.7999999999999998,0.0,0.0,2.7777777777777777,2.7777777777777777,13.76238888888889,21.526529026642482,20.790427777777776,-0.7154535145439831,-0.04999999999999982,-1.5,-1.5,2.7777777777777777,2.7777777777777777
33,1.6,False,0,2.019325097403643,True,2.880154888888887,4.346909807173941,8.08835413333335,0.5264983819411575,-1.879999999999999,0.0,0.0,2.7777777777777777,2.7777777777777777,13.129888888888889,21.2443194572008,20.904277777777775,0.16740229933928807,-0.1599999999999997,-1.6,-1.6,2.7777777777777777,2.7777777777777777
33,1.7000000000000002,False,0,2.019325097403643,True,2.880154888888887,3.907287154780261,7.1362539777777885,-1.095399017977209,-1.8300000000000005,0.0,0.0,2.7777777777777777,2.7777777777777777,13.50938888888889,22.335011684258237,21.939488888888885,0.5998427787802489,-0.09999999999999964,-1.7000000000000002,-1.7000000000000002,2.7777777777777777,2.7777777777777777
34,0.0,False,0,4.0,True,11.991388888888888,-2.5850691375667365,-4.10534999999999,1.92282010763632,1.6,0.0,0.0,2.7777777777777777,2.7777777777777777,,,,,,,,,
34,0.1,False,0,4.0,True,13.129888888888889,-1.0404545845985522,-3.926161111111102,0.9489384831373129,1.25,-0.1,-0.1,2.7777777777777777,2.7777777777777777,13.129888888888889,127.33663748933053,126.51043888888974,-0.4658365122851893,-0.00999999999999579,-0.1,-0.1,2.7777777777777777,2.7777777777777777
34,0.2,False,0,3.899999999999999,True,11.232388888888888,-3.5663838091202136,-4.140450000000032,0.13517556401877995,0.8799999999999994,-0.2,-0.2,2.7777777777777777,2.7777777777777777,10.473094888888888,29.925941243310685,30.1693769999999,-1.7837620499538582,-0.019999999999997353,-0.2,-0.2,2.7777777777777777,2.7777777777777777
34,0.30000000000000004,False,0,1.0333333333333303,True,2.880154888888887,0.5771652910359721,-0.38304775555554027,0.029863648186034375,0.3699999999999992,-0.30000000000000004,-0.30000000000000004,2.7777777777777777,2.7777777777777777,0.0,2.406212335169319,2.8195932888889006,-1.4280656587643346,-0.020000000000001572,-0.30000000000000004,-0.30000000000000004,2.7777777777777777,2.7777777777777777
34,0.4,True,2,0.0,True,2.880154888888887,-4.157631962920109,-2.4685616666666617,0.7369846753393401,-0.0800000000000003,-0.4,-0.4,2.7777777777777777,2.7777777777777777,4.398742888888887,-3.5979353164796946,-2.3721568444444427,1.1521049619490564,-6.661338147750939e-16,-0.4,-0.4,2.7777777777777777,2.7777777777777777
34,0.5,False,0,1.3263559347583587,True,2.880154888888887,3.1462759946083496,6.3108308444444505,0.6879764601380232,-0.44999999999999973,-0.5,-0.5,2.7777777777777777,2.7777777777777777,3.639448888888887,5.968543986484751,7.010405444444449,-1.3099178890824212,0.0,-0.5,-0.5,2.7777777777777777,2.7777777777777777
34,0.6000000000000001,False,0,0.7892713442976169,True,2.880154888888887,1.5435904497559152,2.667190400000007,0.48742811199910285,-0.5600000000000009,-0.6000000000000001,-0.6000000000000001,2.7777777777777777,2.7777777777777777,9.713800888888887,4.153749799029417,5.492788199999997,-0.7705435977284161,-0.019999999999999574,-0.6000000000000001,-0.6000000000000001,2.7777777777777777,2.7777777777777777
34,0.7000000000000001,False,0,1.4469504657963757,True,2.880154888888887,2.87373367032576,7.063622066666665,-0.016924049896947846,-1.899999999999999,0.0,0.0,2.7777777777777777,2.7777777777777777,8.954506888888886,11.58656380365695,10.405370844444441,-0.13429370320305178,-0.009999999999999343,-0.7000000000000001,-0.7000000000000001,2.7777777777777777,2.7777777777777777
34,0.8,False,0,1.5604243073971675,True,2.880154888888887,4.190389279449929,6.745722533333347,0.10678012244313795,-1.8799999999999994,0.0,0.0,2.7777777777777777,2.7777777777777777,10.473094888888888,10.771610450669677,12.827757177777777,-1.169214787536383,-2.220446049250313e-16,-0.8,-0.8,2.7777777777777777,2.7777777777777777
34,0.9,False,0,1.7874045026237086,True,2.880154888888887,3.6231840241322404,7.365601933333349,-1.3261472255893003,-1.8900000000000028,0.0,0.0,2.7777777777777777,2.7777777777777777,10.473094888888888,13.290115990830174,15.062629399999992,0.5347916796081345,-0.02000000000000024,-0.9,-0.9,2.7777777777777777,2.7777777777777777
34,1.0,False,0,1.7861197314224448,True,2.880154888888887,4.440697830974675,6.940888422222227,-1.0151156259050953,-1.7999999999999998,0.0,0.0,2.7777777777777777,2.7777777777777777,11.991388888888888,16.79716928854951,16.66497222222221,-1.2138870649632345,0.0,-1.0,-1.0,2.7777777777777777,2.7777777777777777
34,1.1,False,0,2.008591913619337,True,2.880154888888887,4.031485953862291,7.216245644444446,-1.6617258666834904,-1.8799999999999981,0.0,0.0,2.7777777777777777,2.7777777777777777,11.232388888888888,15.33812069791233,18.041733333333326,-1.423410770482285,-0.0499999999999996,-1.1,-1.1,2.7777777777777777,2.7777777777777777
34,1.2000000000000002,False,0,1.898967443435084,True,2.880154888888887,4.114043641018708,7.017990711111108,-1.1915142024494658,-1.7999999999999998,0.0,0.0,2.7777777777777777,2.7777777777777777,12.623888888888889,18.673758466950538,18.697444444444436,-0.3018496655114562,-0.07999999999999963,-1.2000000000000002,-1.2000000000000002,2.7777777777777777,2.7777777777777777
34,1.3,False,0,1.898967443435084,True,2.880154888888887,3.8833957448950587,7.615191688888911,-1.7436562077286346,-1.8899999999999997,0.0,0.0,2.7777777777777777,2.7777777777777777,13.129888888888889,16.84998529091929,19.682055555555554,0.30524166099426653,-0.09000000000000008,-1.3,-1.3,2.7777777777777777,2.7777777777777777
34,1.4000000000000001,False,0,1.898967443435084,True,2.880154888888887,4.288134634920472,6.988132755555559,-0.999866016703558,-1.8999999999999986,0.0,0.0,2.7777777777777777,2.7777777777777777,13.50938888888889,22.62011388277588,20.717266666666664,-0.7774454961607722,-0.08000000000000007,-1.4000000000000001,-1.4000000000000001,2.7777777777777777,2.7777777777777777
34,1.5,False,0,1.7861197314224448,True,2.880154888888887,4.5036693392876375,7.302618555555566,-1.2878958894408248,-1.7999999999999998,0.0,0.0,2.7777777777777777,2.7777777777777777,13.88888888888889,19.745131904507137,21.777777777777775,0.40086143644538863,-0.04999999999999982,-1.5,-1.5,2.7777777777777777,2.7777777777777777
34,1.6,False,0,1.898967443435084,True,2.880154888888887,3.5439189680899874,7.05297275555557,-1.1849888742664074,-1.879999999999999,0.0,0.0,2.7777777777777777,2.7777777777777777,13.76238888888889,22.418026443691257,21.790427777777776,1.7915726222276356,-0.1599999999999997,-1.6,-1.6,2.7777777777777777,2.7777777777777777
34,1.7000000000000002,False,0,1.898967443435084,True,2.880154888888887,4.229964241799597,7.266257822222234,-1.3863336045622345,-1.8300000000000005,0.0,0.0,2.7777777777777777,2.7777777777777777,13.88888888888889,22.718944317464004,22.888888888888882,0.3392602150796211,-0.09999999999999964,-1.7000000000000002,-1.7000000000000002,2.7777777777777777,2.7777777777777777
35,0.0,False,0,4.0,True,13.88888888888889,-2.7269490445550657,-3.888888888888867,2.9078972652984887,1.6,0.0,0.0,2.7777777777777777,2.7777777777777777,,,,,,,,,
35,0.1,False,0,4.0,True,11.991388888888888,-4.266209662969689,-4.019538888888884,0.33536729565036216,1.23,-0.1,-0.1,2.7777777777777777,2.7777777777777777,10.473094888888888,92.79004746901461,91.55425208888856,-1.0417671681573148,-0.00999999999999579,-0.1,-0.1,2.7777777777777777,2.7777777777777777
35,0.2,False,0,4.0,True,13.129888888888889,-3.7799006851496726,-3.815050000000002,0.797255539108173,0.8799999999999994,-0.2,-0.2,2.7777777777777777,2.7777777777777777,13.129888888888889,42.42602642520376,42.769450000000255,1.3141114253550255,-0.019999999999997353,-0.2,-0.2,2.7777777777777777,2.7777777777777777
35,0.30000000000000004,False,0,1.1333333333333313,True,10.473094888888888,-3.696091386438769,-4.03224768888889,1.242994910236657,0.48999999999999977,-0.30000000000000004,-0.30000000000000004,2.7777777777777777,2.7777777777777777,9.713800888888887,6.404791248647055,7.758991599999971,2.530137510721597,-0.020000000000001572,-0.30000000000000004,-0.30000000000000004,2.7777777777777777,2.7777777777777777
35,0.4,False,0,0.8128553092351822,True,2.880154888888887,3.5847502882619056,2.5860274666666827,0.7376991419983683,0.03999999999999915,-0.4,-0.4,2.7777777777777777,2.7777777777777777,2.120860888888887,1.9949936955153804,2.6517191555555657,0.6516075376869557,-6.661338147750939e-16,-0.4,-0.4,2.7777777777777777,2.7777777777777777
35,0.5,False,0,0.38939755686389577,True,2.880154888888887,1.875113567904937,0.7260070666666723,1.3463705657244698,-0.34999999999999987,-0.5,-0.5,2.7777777777777777,2.7777777777777777,8.195212888888886,3.0423149280056636,2.3921884444444403,0.9603374746304776,0.0,-0.5,-0.5,2.7777777777777777,2.7777777777777777
35,0.6000000000000001,False,0,1.4348910126925742,True,2.880154888888887,4.139062426176655,6.693157933333343,-1.4955224091235308,-0.9200000000000017,-0.6000000000000001,-0.6000000000000001,2.7777777777777777,2.7777777777777777,7.435918888888886,11.53991619541949,8.593099800000001,-1.101965848574904,-0.019999999999999574,-0.6000000000000001,-0.6000000000000001,2.7777777777777777,2.7777777777777777
35,0.7000000000000001,False,0,1.7748349602211813,True,2.880154888888887,4.400767580652645,7.42270937777779,-1.8899910234424582,-1.899999999999999,0.0,0.0,2.7777777777777777,2.7777777777777777,7.435918888888886,10.853893399097501,12.62003544444444,-1.1204146668300277,-0.009999999999999343,-0.7000000000000001,-0.7000000000000001,2.7777777777777777,2.7777777777777777
35,0.8,False,0,1.7748349602211813,True,2.880154888888887,4.217899296071249,6.97054322222223,0.05454487608337533,-1.8799999999999994,0.0,0.0,2.7777777777777777,2.7777777777777777,9.713800888888887,13.506129139494387,14.245265977777773,1.5010099083594146,-2.220446049250313e-16,-0.8,-0.8,2.7777777777777777,2.7777777777777777
35,0.9,False,0,1.6748349602211814,True,2.880154888888887,3.2884619698634596,7.651261800000005,-1.364990704257437,-1.8900000000000028,0.0,0.0,2.7777777777777777,2.7777777777777777,11.991388888888888,15.361906782313863,15.569249999999993,-0.9336363151584579,-0.02000000000000024,-0.9,-0.9,2.7777777777777777,2.7777777777777777
35,1.0,False,0,1.7786892738249724,True,2.880154888888887,4.352068894189121,7.5809498666666615,-1.7730708339375412,-1.7999999999999998,0.0,0.0,2.7777777777777777,2.7777777777777777,12.623888888888889,16.54985712614579,17.51317222222221,2.017530161661648,0.0,-1.0,-1.0,2.7777777777777777,2.7777777777777777
35,1.1,False,0,1.8876826722338198,True,2.880154888888887,3.778868931164067,7.339422022222235,-1.1598070072971214,-1.8799999999999981,0.0,0.0,2.7777777777777777,2.7777777777777777,12.623888888888889,18.771016928430107,18.58633333333332,0.7195107249401875,-0.0499999999999996,-1.1,-1.1,2.7777777777777777,2.7777777777777777
35,1.2000000000000002,False,0,1.8876826722338198,True,2.880154888888887,3.994550819177957,6.574152244444773,-0.9670854599643565,-1.7999999999999998,0.0,0.0,2.7777777777777777,2.7777777777777777,13.129888888888889,20.53798837096249,19.570944444444432,-0.1535952753477421,-0.07999999999999963,-1.2000000000000002,-1.2000000000000002,2.7777777777777777,2.7777777777777777
35,1.3,False,0,1.7748349602211813,True,2.880154888888887,4.397583906033955,7.503755888888894,-0.9119299890844226,-1.8899999999999997,0.0,0.0,2.7777777777777777,2.7777777777777777,13.76238888888889,21.236117528339054,20.568205555555554,-0.06102569175673178,-0.09000000000000008,-1.3,-1.3,2.7777777777777777,2.7777777777777777
35,1.4000000000000001,False,0,1.9978587298350312,True,2.880154888888887,3.9659346707557335,7.122196222222219,-1.7429276181229751,-1.8999999999999986,0.0,0.0,2.7777777777777777,2.7777777777777777,13.50938888888889,22.88407675781794,21.717266666666664,1.32549908533008,-0.08000000000000007,-1.4000000000000001,-1.4000000000000001,2.7777777777777777,2.7777777777777777
35,1.5,False,0,2.1051905676780907,True,2.880154888888887,4.434721716701572,7.44585875555556,-1.5431023386768183,-1.7999999999999998,0.0,0.0,2.7777777777777777,2.7777777777777777,13.50938888888889,21.701175887694546,22.828377777777774,0.17053367194597202,-0.04999999999999982,-1.5,-1.5,2.7777777777777777,2.7777777777777777
35,1.6,False,0,1.8876826722338198,True,2.880154888888887,3.9486677314424883,7.393172622222228,0.3711224166441096,-1.879999999999999,0.0,0.0,2.7777777777777777,2.7777777777777777,13.88888888888889,22.145752245618798,22.777777777777775,2.2527210864006197,-0.1599999999999997,-1.6,-1.6,2.7777777777777777,2.7777777777777777
35,1.7000000000000002,False,0,1.8876826722338198,True,2.880154888888887,4.013334769192949,7.500666844444464,-0.524969300291759,-1.8300000000000005,0.0,0.0,2.7777777777777777,2.7777777777777777,13.88888888888889,21.67553762324241,23.888888888888882,0.1384108444519918,-0.09999999999999964,-1.7000000000000002,-1.7000000000000002,2.7777777777777777,2.7777777777777777
36,0.0,False,0,4.0,True,13.88888888888889,-3.7692664892723853,-3.9999999999999742,0.9633438489486794,1.6,0.0,0.0,2.7777777777777777,2.7777777777777777,,,,,,,,,
36,0.1,False,0,4.0,True,11.991388888888888,-3.9861290606699553,-4.28583888888885,0.23536242237964577,1.23,-0.1,-0.1,2.7777777777777777,2.7777777777777777,11.232388888888888,102.82260086781497,100.55133888888939,-1.5731331807986701,-0.00999999999999579,-0.1,-0.1,2.7777777777777777,2.7777777777777777
36,0.2,False,0,3.500000000000001,True,9.713800888888887,-4.1416736608755285,-4.183218733333336,1.3462802993433063,0.8199999999999998,-0.2,-0.2,2.7777777777777777,2.7777777777777777,9.713800888888887,25.392298232481682,24.71451580000009,0.08463844530265008,-0.019999999999997353,-0.2,-0.2,2.7777777777777777,2.7777777777777777
36,0.30000000000000004,False,0,1.8333333333333324,True,2.880154888888887,4.412156565387112,3.9426985555555563,-0.5081494826432214,0.39999999999999947,-0.30000000000000004,-0.30000000000000004,2.7777777777777777,2.7777777777777777,0.6022728888888867,6.202993103177318,6.001323199999999,0.5688779543877813,-0.020000000000001572,-0.30000000000000004,-0.30000000000000004,2.7777777777777777,2.7777777777777777
36,0.4,True,2,0.0,True,2.880154888888887,-2.7596804030671747,-2.882887377777787,-0.6074242441192577,-0.1200000000000001,-0.4,-0.4,2.7777777777777777,2.7777777777777777,5.158036888888887,-3.058436416361128,-2.624386044444452,1.2328279593649616,-6.661338147750939e-16,-0.4,-0.4,2.7777777777777777,2.7777777777777777
36,0.5,False,0,1.4269504657963759,True,2.880154888888887,4.442228224832502,6.674595622222239,-1.0347028828161173,-1.85,0.0,0.0,2.7777777777777777,2.7777777777777777,3.639448888888887,8.736795090581591,8.023411444444452,1.390395488384938,0.0,-0.5,-0.5,2.7777777777777777,2.7777777777777777
36,0.6000000000000001,False,0,1.5627365410426952,True,2.880154888888887,4.212181127145539,7.660236844444445,-1.1038301746763786,-1.8599999999999959,0.0,0.0,2.7777777777777777,2.7777777777777777,7.435918888888886,8.564580715379368,9.706920399999998,0.4691385072579455,-0.019999999999999574,-0.6000000000000001,-0.6000000000000001,2.7777777777777777,2.7777777777777777
36,0.7000000000000001,False,0,1.5378547649946397,True,2.880154888888887,4.503053166398641,7.260615511111124,-0.9592905835498071,-1.899999999999999,0.0,0.0,2.7777777777777777,2.7777777777777777,9.713800888888887,12.049152510852675,11.911932644444445,0.004462287572403412,-0.009999999999999343,-0.7000000000000001,-0.7000000000000001,2.7777777777777777,2.7777777777777777
36,0.8,False,0,1.6507024770072785,True,2.880154888888887,4.099396657844342,7.520293222222226,-1.194468747623735,-1.8799999999999994,0.0,0.0,2.7777777777777777,2.7777777777777777,11.232388888888888,13.694009175321103,14.486177777777772,0.05418236879591665,-2.220446049250313e-16,-0.8,-0.8,2.7777777777777777,2.7777777777777777
36,0.9,False,0,1.9871255460507244,True,2.880154888888887,3.476457883562678,7.436803555555561,0.19411048602922287,-1.8900000000000028,0.0,0.0,2.7777777777777777,2.7777777777777777,10.473094888888888,15.403138540725813,17.04997939999999,0.9752867379222758,-0.02000000000000024,-0.9,-0.9,2.7777777777777777,2.7777777777777777
36,1.0,False,0,1.8763979010325562,True,2.880154888888887,3.8044426149867876,7.112285844444455,-1.4217405411160162,-1.7999999999999998,0.0,0.0,2.7777777777777777,2.7777777777777777,12.623888888888889,18.683170117091187,18.475222222222214,1.1065214957154303,0.0,-1.0,-1.0,2.7777777777777777,2.7777777777777777
36,1.1,False,0,1.8763979010325562,True,2.880154888888887,4.183035106499848,6.925448488888894,-1.338046777003709,-1.8799999999999981,0.0,0.0,2.7777777777777777,2.7777777777777777,13.129888888888889,16.951323590732894,19.459833333333325,-0.9875412339702307,-0.0499999999999996,-1.1,-1.1,2.7777777777777777,2.7777777777777777
36,1.2000000000000002,False,0,1.8763979010325562,True,2.880154888888887,4.236598723806172,7.21892837777779,-0.994775766770729,-1.7999999999999998,0.0,0.0,2.7777777777777777,2.7777777777777777,13.50938888888889,19.512840341361493,20.495044444444435,2.595865073951613,-0.07999999999999963,-1.2000000000000002,-1.2000000000000002,2.7777777777777777,2.7777777777777777
36,1.3,False,0,1.8763979010325562,True,2.880154888888887,4.5439121570663845,6.8699910222222345,-1.680020394977968,-1.8899999999999997,0.0,0.0,2.7777777777777777,2.7777777777777777,13.76238888888889,22.38920518752609,21.568205555555554,-1.5330441041671,-0.09000000000000008,-1.3,-1.3,2.7777777777777777,2.7777777777777777
36,1.4000000000000001,False,0,1.9871255460507244,True,2.880154888888887,3.7819190716915303,6.462517622222234,0.6071211414501771,-1.8999999999999986,0.0,0.0,2.7777777777777777,2.7777777777777777,13.76238888888889,22.713723139889094,22.67931666666666,-0.11999696455172204,-0.08000000000000007,-1.4000000000000001,-1.4000000000000001,2.7777777777777777,2.7777777777777777
36,1.5,False,0,1.8763979010325562,True,2.880154888888887,3.820701390191968,7.101196444444452,-1.8470794686157925,-1.7999999999999998,0.0,0.0,2.7777777777777777,2.7777777777777777,13.88888888888889,22.012697388357555,23.777777777777775,1.6366355678369673,-0.04999999999999982,-1.5,-1.5,2.7777777777777777,2.7777777777777777
36,1.6,False,0,1.7635501890199177,True,2.880154888888887,4.233769470119808,6.954130066666676,-1.7878458301642874,-1.879999999999999,0.0,0.0,2.7777777777777777,2.7777777777777777,13.88888888888889,23.382818230619467,23.777777777777775,-0.7257524084760387,-0.1599999999999997,-1.6,-1.6,2.7777777777777777,2.7777777777777777
36,1.7000000000000002,False,0,1.8763979010325562,True,2.880154888888887,4.360072651862663,6.881939088888903,-1.737439978874485,-1.8300000000000005,0.0,0.0,2.7777777777777777,2.7777777777777777,13.88888888888889,23.041760173302084,24.888888888888882,1.8213876819469204,-0.09999999999999964,-1.7000000000000002,-1.7000000000000002,2.7777777777777777,2.7777777777777777
37,0.0,False,0,4.0,True,13.88888888888889,-3.309262357602239,-4.111111111111081,0.2523029385559048,1.6,0.0,0.0,2.7777777777777777,2.7777777777777777,,,,,,,,,
37,0.1,False,0,4.0,True,13.50938888888889,-2.5230637247425163,-4.022561111111098,1.7155071691623207,1.23,-0.1,-0.1,2.7777777777777777,2.7777777777777777,13.50938888888889,130.01163389835827,128.49453888888917,1.8471919319334553,-0.00999999999999579,-0.1,-0.1,2.7777777777777777,2.7777777777777777
37,0.2,False,0,3.400000000000001,True,10.473094888888888,-4.13395077914836,-3.9407326444444477,-0.8523179778113412,0.7799999999999998,-0.2,-0.2,2.7777777777777777,2.7777777777777777,9.713800888888887,24.704266919726333,23.803359800000084,0.6886749113909425,-0.019999999999997353,-0.2,-0.2,2.7777777777777777,2.7777777777777777
37,0.30000000000000004,False,0,0.13333333333332825,True,8.195212888888886,-3.40289534563082,-4.226461066666647,2.806875277082652,0.3399999999999994,-0.30000000000000004,-0.30000000000000004,2.7777777777777777,2.7777777777777777,6.676624888888886,0.25318236206285594,0.532865799999958,-0.9142635220619827,-0.020000000000001572,-0.30000000000000004,-0.30000000000000004,2.7777777777777777,2.7777777777777777
37,0.4,False,0,0.7129684319216415,True,2.880154888888887,3.914562742907987,1.9692723555555576,-0.5845630769381289,-6.661338147750939e-16,-0.4,-0.4,2.7777777777777777,2.7777777777777777,2.880154888888887,3.914562742907987,1.9692723555555576,-0.5845630769381289,-6.661338147750939e-16,-0.4,-0.4,2.7777777777777777,2.7777777777777777
37,0.5,False,0,1.4154167872426413,True,2.880154888888887,3.532869648584911,5.585553866666683,0.18553221570332568,-0.34999999999999987,-0.5,-0.5,2.7777777777777777,2.7777777777777777,6.676624888888886,7.083155199291537,7.023947044444452,1.9502903000183696,0.0,-0.5,-0.5,2.7777777777777777,2.7777777777777777
37,0.6000000000000001,False,0,1.8651131298312928,True,2.880154888888887,4.20887285607103,6.998616177777795,-1.6453179427257805,-1.8599999999999959,0.0,0.0,2.7777777777777777,2.7777777777777777,6.676624888888886,12.844210991994334,12.187411399999991,-0.7688404385508987,-0.019999999999999574,-0.6000000000000001,-0.6000000000000001,2.7777777777777777,2.7777777777777777
37,0.7000000000000001,False,0,1.410772106484971,True,2.880154888888887,4.511610461653068,7.133824888888907,-0.8399757203792695,-1.6199999999999979,-0.7000000000000001,-0.7000000000000001,2.7777777777777777,2.7777777777777777,11.232388888888888,11.611197723688068,12.152844444444444,0.1503881138183134,-0.009999999999999343,-0.7000000000000001,-0.7000000000000001,2.7777777777777777,2.7777777777777777
37,0.8,False,0,1.6522654178186535,True,2.880154888888887,4.29211470023125,7.034889444444464,0.2250623083892851,-1.8799999999999994,0.0,0.0,2.7777777777777777,2.7777777777777777,11.991388888888888,15.852227753812205,15.347027777777772,0.67992420306049,-2.220446049250313e-16,-0.8,-0.8,2.7777777777777777,2.7777777777777777
37,0.9,False,0,1.9763923622664188,True,2.880154888888887,4.482600917051276,7.287300155555575,-0.40858019213748387,-1.8900000000000028,0.0,0.0,2.7777777777777777,2.7777777777777777,11.232388888888888,16.706084922800404,17.708399999999994,-0.6902458922993875,-0.02000000000000024,-0.9,-0.9,2.7777777777777777,2.7777777777777777
37,1.0,False,0,1.8663979010325569,True,2.880154888888887,3.6863596115006176,7.049654977777789,-1.2126085257726147,-1.7999999999999998,0.0,0.0,2.7777777777777777,2.7777777777777777,13.129888888888889,18.770961596865053,19.36137222222222,-0.4082083109717325,0.0,-1.0,-1.0,2.7777777777777777,2.7777777777777777
37,1.1,False,0,1.9763923622664188,True,2.880154888888887,3.9702369943119082,7.081694244444461,-1.5274495636730712,-1.8799999999999981,0.0,0.0,2.7777777777777777,2.7777777777777777,13.129888888888889,21.70856110880766,20.459833333333325,1.1160328283230183,-0.0499999999999996,-1.1,-1.1,2.7777777777777777,2.7777777777777777
37,1.2000000000000002,False,0,1.9763923622664188,True,2.880154888888887,4.519836882449387,7.118379666666674,-1.2387115668853648,-1.7999999999999998,0.0,0.0,2.7777777777777777,2.7777777777777777,13.50938888888889,21.42098381582605,21.495044444444435,-0.35798576104979163,-0.07999999999999963,-1.2000000000000002,-1.2000000000000002,2.7777777777777777,2.7777777777777777
37,1.3,False,0,2.083724200109478,True,2.880154888888887,4.0570660027945324,7.072632911111119,-1.0136086948248897,-1.8899999999999997,0.0,0.0,2.7777777777777777,2.7777777777777777,13.50938888888889,24.109315191417036,22.60615555555555,-0.6955660922656315,-0.09000000000000008,-1.3,-1.3,2.7777777777777777,2.7777777777777777
37,1.4000000000000001,False,0,1.8651131298312928,True,2.880154888888887,3.2268777037613363,7.131706422222234,-1.0855343741031653,-1.8999999999999986,0.0,0.0,2.7777777777777777,2.7777777777777777,13.88888888888889,22.80187830408761,23.666666666666664,-0.08493541339720978,-0.08000000000000007,-1.4000000000000001,-1.4000000000000001,2.7777777777777777,2.7777777777777777
37,1.5,False,0,1.8651131298312928,True,2.880154888888887,3.5338402428898634,7.433717155555567,-0.77381511973196,-1.7999999999999998,0.0,0.0,2.7777777777777777,2.7777777777777777,13.88888888888889,21.98192786807036,24.777777777777775,-0.9426630906264766,-0.04999999999999982,-1.5,-1.5,2.7777777777777777,2.7777777777777777
37,1.6,False,0,1.9763923622664188,True,2.880154888888887,3.5496005595492877,7.3674949777777785,-0.20544348630967635,-1.879999999999999,0.0,0.0,2.7777777777777777,2.7777777777777777,13.88888888888889,24.997616608530233,24.777777777777775,-0.6562433075777343,-0.1599999999999997,-1.6,-1.6,2.7777777777777777,2.7777777777777777
37,1.7000000000000002,False,0,1.8651131298312922,True,2.880154888888887,4.291929147474481,8.120495488888889,-1.5533363654134935,-1.8300000000000005,0.0,0.0,2.7777777777777777,2.7777777777777777,13.88888888888889,26.160908257356542,25.888888888888882,0.5344001784273389,-0.09999999999999964,-1.7000000000000002,-1.7000000000000002,2.7777777777777777,2.7777777777777777
38,0.0,False,0,4.0,True,9.713800888888887,-1.3147662473435444,-4.044847933333304,2.1560072361507854,1.6,0.0,0.0,2.7777777777777777,2.7777777777777777,,,,,,,,,
38,0.1,False,0,4.0,True,11.232388888888888,-3.73294561472662,-4.005083333333341,2.185897519852761,1.21,-0.1,-0.1,2.7777777777777777,2.7777777777777777,11.232388888888888,99.03091067296847,98.55133888888936,0.1872286587624976,-0.00999999999999579,-0.1,-0.1,2.7777777777777777,2.7777777777777777
38,0.2,False,0,2.6000000000000045,True,6.676624888888886,-4.125827904148852,-4.223751577777786,1.036329022315599,0.7399999999999998,-0.2,-0.2,2.7777777777777777,2.7777777777777777,6.676624888888886,13.807520226695498,10.439370600000114,-0.6044596793394437,-0.019999999999997353,-0.2,-0.2,2.7777777777777777,2.7777777777777777
38,0.30000000000000004,False,0,0.7333333333333294,True,10.473094888888888,-3.953249331519511,-4.06615624444446,-1.5756725120397785,0.39999999999999947,-0.30000000000000004,-0.30000000000000004,2.7777777777777777,2.7777777777777777,9.713800888888887,6.752949536435392,5.176588599999985,-0.05983099116199653,-0.020000000000001572,-0.30000000000000004,-0.30000000000000004,2.7777777777777777,2.7777777777777777
38,0.4,False,0,1.7864661905348669,True,2.880154888888887,4.054605754771036,7.04004062222224,-0.38064441092166845,-1.1999999999999962,-0.4,-0.4,2.7777777777777777,2.7777777777777777,3.639448888888887,6.060076468231363,8.486112955555566,1.102172537742724,-6.661338147750939e-16,-0.4,-0.4,2.7777777777777777,2.7777777777777777
38,0.5,False,0,0.4962409001589749,True,2.880154888888887,2.4255839806130597,1.1242848444444435,0.6139165500137778,-0.44999999999999973,-0.5,-0.5,2.7777777777777777,2.7777777777777777,9.713800888888887,3.363312797206132,3.9498826444444335,-1.4746219784848624,0.0,-0.5,-0.5,2.7777777777777777,2.7777777777777777
38,0.6000000000000001,False,0,1.6294177058060146,True,2.880154888888887,4.109655226853403,7.412242933333357,-1.0716236215932722,-1.8599999999999959,0.0,0.0,2.7777777777777777,2.7777777777777777,7.435918888888886,10.655390523510409,11.188241000000001,-0.44691428744665584,-0.019999999999999574,-0.6000000000000001,-0.6000000000000001,2.7777777777777777,2.7777777777777777
38,0.7000000000000001,False,0,1.6294177058060146,True,2.880154888888887,4.246953894453402,7.034302800000025,-1.1046300290815838,-1.899999999999999,0.0,0.0,2.7777777777777777,2.7777777777777777,10.473094888888888,13.028594754804736,13.507073844444442,-0.3448555359977308,-0.009999999999999343,-0.7000000000000001,-0.7000000000000001,2.7777777777777777,2.7777777777777777
38,0.8,False,0,1.6319872482085427,True,2.880154888888887,2.8423306981337833,6.575020133333358,-0.9079222563394126,-1.8799999999999994,0.0,0.0,2.7777777777777777,2.7777777777777777,12.623888888888889,14.333935302057057,16.068727777777774,0.6704505873783728,-2.220446049250313e-16,-0.8,-0.8,2.7777777777777777,2.7777777777777777
38,0.9,False,0,1.8538283586300286,True,2.880154888888887,4.537732294218185,6.710905422222237,-0.2877426408591399,-1.8900000000000028,0.0,0.0,2.7777777777777777,2.7777777777777777,12.623888888888889,19.225369978382822,18.252999999999993,1.4419980491707305,-0.02000000000000024,-0.9,-0.9,2.7777777777777777,2.7777777777777777
38,1.0,False,0,1.8538283586300286,True,2.880154888888887,3.6153349721115378,7.329426533333401,-1.351828608463121,-1.7999999999999998,0.0,0.0,2.7777777777777777,2.7777777777777777,13.50938888888889,20.738695590402433,20.272822222222214,2.3428677295982916,0.0,-1.0,-1.0,2.7777777777777777,2.7777777777777777
38,1.1,False,0,1.9656591784821131,True,2.880154888888887,4.3039244394048,7.701722555555581,-1.7803161569617036,-1.8799999999999981,0.0,0.0,2.7777777777777777,2.7777777777777777,13.50938888888889,20.44603506663091,21.383933333333328,1.1631458936695953,-0.0499999999999996,-1.1,-1.1,2.7777777777777777,2.7777777777777777
38,1.2000000000000002,False,0,1.8538283586300286,True,2.880154888888887,4.011504126912475,6.817547955555573,0.2569764200722595,-1.7999999999999998,0.0,0.0,2.7777777777777777,2.7777777777777777,13.88888888888889,20.336580909039974,22.444444444444436,-0.8189612990575559,-0.07999999999999963,-1.2000000000000002,-1.2000000000000002,2.7777777777777777,2.7777777777777777
38,1.3,False,0,1.9656591784821131,True,2.880154888888887,4.076506695206921,7.14035880000002,-1.415679644217117,-1.8899999999999997,0.0,0.0,2.7777777777777777,2.7777777777777777,13.88888888888889,24.61381159402165,23.555555555555554,-0.5113739317713186,-0.09000000000000008,-1.3,-1.3,2.7777777777777777,2.7777777777777777
38,1.4000000000000001,False,0,1.9656591784821131,True,2.880154888888887,4.45885161702287,7.255532177777792,-0.9149593929213761,-1.8999999999999986,0.0,0.0,2.7777777777777777,2.7777777777777777,13.88888888888889,23.894191163359295,24.666666666666664,-0.7403071204080345,-0.08000000000000007,-1.4000000000000001,-1.4000000000000001,2.7777777777777777,2.7777777777777777
38,1.5,False,0,1.8538283586300286,True,2.880154888888887,4.441939619892236,7.416448822222233,-0.5653652924847508,-1.7999999999999998,0.0,0.0,2.7777777777777777,2.7777777777777777,13.88888888888889,27.359637867757687,25.777777777777775,-0.8575674582728698,-0.04999999999999982,-1.5,-1.5,2.7777777777777777,2.7777777777777777
38,1.6,False,0,1.9656591784821131,True,2.880154888888887,3.0165051049000597,7.441514355555566,-1.0281746885448668,-1.879999999999999,0.0,0.0,2.7777777777777777,2.7777777777777777,13.88888888888889,26.673832384020034,25.777777777777775,0.33255528209455276,-0.1599999999999997,-1.6,-1.6,2.7777777777777777,2.7777777777777777
38,1.7000000000000002,False,0,1.8538283586300286,True,2.880154888888887,3.6574089710573334,6.646065422222233,-1.2973450878898927,-1.8300000000000005,0.0,0.0,2.7777777777777777,2.7777777777777777,13.88888888888889,25.224260490300185,26.888888888888882,0.6991705411017102,-0.09999999999999964,-1.7000000000000002,-1.7000000000000002,2.7777777777777777,2.7777777777777777
39,0.0,False,0,4.0,True,13.88888888888889,-0.4584935459005264,-4.266666666666704,2.868043034098944,1.6,0.0,0.0,2.7777777777777777,2.7777777777777777,,,,,,,,,
39,0.1,False,0,4.0,True,11.991388888888888,-3.315303668349581,-4.255344444444485,0.9026928666149017,1.1999999999999997,-0.1,-0.1,2.7777777777777777,2.7777777777777777,11.232388888888888,99.06136510907916,97.95613888888938,-0.6928873905746205,-0.00999999999999579,-0.1,-0.1,2.7777777777777777,2.7777777777777777
39,0.2,False,0,2.7000000000000024,True,8.195212888888886,-3.1181779964628786,-4.214654911111121,-0.26967642303805195,0.7200000000000002,-0.2,-0.2,2.7777777777777777,2.7777777777777777,7.435918888888886,13.826774717851205,13.020467199999938,-1.7567730656924074,-0.019999999999997353,-0.2,-0.2,2.7777777777777777,2.7777777777777777
39,0.30000000000000004,False,0,2.1333333333333333,True,2.880154888888887,3.9154834715629976,6.386215422222233,-0.330733767950639,-0.2300000000000022,-0.30000000000000004,-0.30000000000000004,2.7777777777777777,2.7777777777777777,2.880154888888887,7.246215806307423,6.457879400000015,1.1980488247884855,-0.020000000000001572,-0.30000000000000004,-0.30000000000000004,2.7777777777777777,2.7777777777777777
39,0.4,False,0,0.7955844662984325,True,2.880154888888887,0.9134739882471594,2.6959471333333385,0.2172043525373537,-0.0800000000000003,-0.4,-0.4,2.7777777777777777,2.7777777777777777,3.639448888888887,1.8763197804602543,2.7164225555555577,0.5024925345534461,-6.661338147750939e-16,-0.4,-0.4,2.7777777777777777,2.7777777777777777
39,0.5,False,0,1.8682415250060784,True,2.880154888888887,3.998760635074082,7.02839251111114,-1.3703866659223916,-1.85,0.0,0.0,2.7777777777777777,2.7777777777777777,5.917330888888887,10.815632809977114,11.061185044444453,0.6666142389160781,0.0,-0.5,-0.5,2.7777777777777777,2.7777777777777777
39,0.6000000000000001,False,0,1.618132934604751,True,2.880154888888887,3.7533950029781,7.5715777333333465,-0.5110492022433462,-1.8599999999999959,0.0,0.0,2.7777777777777777,2.7777777777777777,8.954506888888886,11.844855565965329,11.315155800000003,0.8125902809842738,-0.019999999999999574,-0.6000000000000001,-0.6000000000000001,2.7777777777777777,2.7777777777777777
39,0.7000000000000001,False,0,1.616848163403487,True,2.880154888888887,4.0261613671018965,6.354295044444474,-0.8854839721368968,-1.899999999999999,0.0,0.0,2.7777777777777777,2.7777777777777777,11.232388888888888,12.88528648256241,14.152844444444444,-0.9055421530455896,-0.009999999999999343,-0.7000000000000001,-0.7000000000000001,2.7777777777777777,2.7777777777777777
39,0.8,False,0,1.7296958754161258,True,2.880154888888887,4.298651823896397,7.147185422222255,-1.610294408784928,-1.8799999999999994,0.0,0.0,2.7777777777777777,2.7777777777777777,12.623888888888889,16.291181146324888,17.03077777777777,0.3320144463283614,-2.220446049250313e-16,-0.8,-0.8,2.7777777777777777,2.7777777777777777
39,0.9,False,0,1.842543587428765,True,2.880154888888887,3.982503225287542,7.337757711111135,-1.8666708651507447,-1.8900000000000028,0.0,0.0,2.7777777777777777,2.7777777777777777,13.129888888888889,14.675309822678937,19.126499999999997,-0.06598496726331438,-0.02000000000000024,-0.9,-0.9,2.7777777777777777,2.7777777777777777
39,1.0,False,0,1.954925994697807,True,2.880154888888887,4.346682257087093,6.969524800000014,-0.8294102551829994,-1.7999999999999998,0.0,0.0,2.7777777777777777,2.7777777777777777,13.50938888888889,19.010319767742953,21.272822222222214,2.046202336269889,0.0,-1.0,-1.0,2.7777777777777777,2.7777777777777777
39,1.1,False,0,1.842543587428765,True,2.880154888888887,4.3260882514288825,6.540926600000032,-0.9641768396961004,-1.8799999999999981,0.0,0.0,2.7777777777777777,2.7777777777777777,13.88888888888889,22.61304170825475,22.333333333333325,-0.10144486180317136,-0.0499999999999996,-1.1,-1.1,2.7777777777777777,2.7777777777777777
39,1.2000000000000002,False,0,1.842543587428765,True,2.880154888888887,4.475162234443428,7.912776400000024,-1.8557650846947007,-1.7999999999999998,0.0,0.0,2.7777777777777777,2.7777777777777777,13.88888888888889,21.596245506723044,23.444444444444436,-0.5835443781623115,-0.07999999999999963,-1.2000000000000002,-1.2000000000000002,2.7777777777777777,2.7777777777777777
39,1.3,False,0,1.954925994697807,True,2.880154888888887,3.7442088636601456,6.897009133333353,-1.5664743018153784,-1.8899999999999997,0.0,0.0,2.7777777777777777,2.7777777777777777,13.88888888888889,22.375726187729786,24.555555555555554,-1.5844692927696302,-0.09000000000000008,-1.3,-1.3,2.7777777777777777,2.7777777777777777
39,1.4000000000000001,False,0,2.0622578325408667,True,2.880154888888887,4.549624428446468,7.494531311111129,-0.551030752962955,-1.8999999999999986,0.0,0.0,2.7777777777777777,2.7777777777777777,13.88888888888889,28.244590917921027,25.666666666666664,-1.5724604435572127,-0.08000000000000007,-1.4000000000000001,-1.4000000000000001,2.7777777777777777,2.7777777777777777
39,1.5,False,0,1.842543587428765,True,2.880154888888887,3.804475834619976,6.906070466666702,-0.22287911668833504,-1.7999999999999998,0.0,0.0,2.7777777777777777,2.7777777777777777,13.88888888888889,26.779071547423808,26.777777777777775,-0.5760812577132204,-0.04999999999999982,-1.5,-1.5,2.7777777777777777,2.7777777777777777
39,1.6,False,0,2.0622578325408667,True,2.880154888888887,3.3994201589097246,7.2838048000000315,-1.6807904156906874,-1.879999999999999,0.0,0.0,2.7777777777777777,2.7777777777777777,13.88888888888889,27.35529804041042,26.777777777777775,0.5180523709929648,-0.1599999999999997,-1.6,-1.6,2.7777777777777777,2.7777777777777777
39,1.7000000000000002,False,0,1.954925994697807,True,2.880154888888887,4.131227545737869,7.737353133333348,-1.7317167302191592,-1.8300000000000005,0.0,0.0,2.7777777777777777,2.7777777777777777,13.88888888888889,26.190481286658628,27.888888888888882,0.9381449588064128,-0.09999999999999964,-1.7000000000000002,-1.7000000000000002,2.7777777777777777,2.7777777777777777
40,0.0,False,0,4.0,True,13.88888888888889,-3.821589195592341,-4.15555555555559,1.6946640947214227,1.6,0.0,0.0,2.7777777777777777,2.7777777777777777,,,,,,,,,
40,0.1,False,0,4.0,True,5.917330888888887,-3.841001791657791,-4.2625218666666695,0.1362923179162876,1.12,-0.1,-0.1,2.7777777777777777,2.7777777777777777,5.158036888888887,22.001560652477448,22.634406088889502,2.657754977157522,-0.00999999999999579,-0.1,-0.1,2.7777777777777777,2.7777777777777777
40,0.2,False,0,2.200000000000004,True,2.880154888888887,-1.2683659436019736,-2.272439644444442,0.9466211875094639,0.6200000000000006,-0.2,-0.2,2.7777777777777777,2.7777777777777777,0.0,6.234719352774495,6.207979177777749,-1.544734526760664,-0.019999999999997353,-0.2,-0.2,2.7777777777777777,2.7777777777777777
40,0.30000000000000004,False,0,0.2333333333333283,True,8.954506888888886,-3.089579051647145,-4.032936777777773,-0.7017092048083231,0.30999999999999917,-0.30000000000000004,-0.30000000000000004,2.7777777777777777,2.7777777777777777,8.195212888888886,0.771776836661151,1.543974199999977,0.22033046545204948,-0.020000000000001572,-0.30000000000000004,-0.30000000000000004,2.7777777777777777,2.7777777777777777
40,0.4,False,0,1.0175663918203395,True,2.880154888888887,3.4229999861045757,4.301058244444445,-0.6514693174510531,-0.04000000000000048,-0.4,-0.4,2.7777777777777777,2.7777777777777777,2.880154888888887,4.902084357479358,4.311295955555555,-0.6872664336443015,-6.661338147750939e-16,-0.4,-0.4,2.7777777777777777,2.7777777777777777
40,0.5,False,0,1.274593747173565,True,2.880154888888887,3.185110844943357,5.667552244444448,-0.3713426820571246,-0.44999999999999973,-0.5,-0.5,2.7777777777777777,2.7777777777777777,7.435918888888886,7.8830006717485235,7.809785444444441,2.150808789566361,0.0,-0.5,-0.5,2.7777777777777777,2.7777777777777777
40,0.6000000000000001,False,0,1.7184111042148624,True,2.880154888888887,4.360887453265538,7.185374555555588,-1.1823989080477948,-1.8599999999999959,0.0,0.0,2.7777777777777777,2.7777777777777777,8.954506888888886,13.303274190075765,12.30250580000001,-1.0110279806089395,-0.019999999999999574,-0.6000000000000001,-0.6000000000000001,2.7777777777777777,2.7777777777777777
40,0.7000000000000001,False,0,1.605563392202223,True,2.880154888888887,4.276420915141512,7.182491311111119,-1.8483818382219985,-1.899999999999999,0.0,0.0,2.7777777777777777,2.7777777777777777,11.991388888888888,12.154693010744019,14.88719444444444,-0.5032211649010847,-0.009999999999999343,-0.7000000000000001,-0.7000000000000001,2.7777777777777777,2.7777777777777777
40,0.8,False,0,1.374593747173565,True,2.880154888888887,3.6636354049343085,6.819260111111125,-0.984065456016388,-1.8799999999999994,0.0,0.0,2.7777777777777777,2.7777777777777777,13.88888888888889,18.965429116131027,17.77777777777777,-1.8845110140318524,-2.220446049250313e-16,-0.8,-0.8,2.7777777777777777,2.7777777777777777
40,0.9,False,0,1.831258816227501,True,2.880154888888887,4.496511942734064,7.744504444444471,-1.2996259208433216,-1.8900000000000028,0.0,0.0,2.7777777777777777,2.7777777777777777,13.50938888888889,19.382796758737076,20.050599999999992,-0.9054536073652206,-0.02000000000000024,-0.9,-0.9,2.7777777777777777,2.7777777777777777
40,1.0,False,0,1.831258816227501,True,2.880154888888887,3.437673444177446,7.220674311111137,-0.8402736178808348,-1.7999999999999998,0.0,0.0,2.7777777777777777,2.7777777777777777,13.88888888888889,22.649167610930327,22.222222222222214,2.1671567785583963,0.0,-1.0,-1.0,2.7777777777777777,2.7777777777777777
40,1.1,False,0,1.9441065282401402,True,2.880154888888887,3.2041435864350563,7.423194666666693,-1.8771826320165426,-1.8799999999999981,0.0,0.0,2.7777777777777777,2.7777777777777777,13.88888888888889,22.25607350200522,23.333333333333325,1.2872275174566261,-0.0499999999999996,-1.1,-1.1,2.7777777777777777,2.7777777777777777
40,1.2000000000000002,False,0,2.0515246487565606,True,2.880154888888887,4.008900631886772,6.81693584444447,-1.5017960441364957,-1.7999999999999998,0.0,0.0,2.7777777777777777,2.7777777777777777,13.88888888888889,23.529189622675382,24.444444444444436,0.4697845574506583,-0.07999999999999963,-1.2000000000000002,-1.2000000000000002,2.7777777777777777,2.7777777777777777
40,1.3,False,0,1.9441065282401402,True,2.880154888888887,4.447434601258959,6.6229498222222505,-1.742657739397577,-1.8899999999999997,0.0,0.0,2.7777777777777777,2.7777777777777777,13.88888888888889,24.439993088210105,25.555555555555554,1.999599089827075,-0.09000000000000008,-1.3,-1.3,2.7777777777777777,2.7777777777777777
40,1.4000000000000001,False,0,1.7184111042148624,True,2.880154888888887,3.8738841344361505,6.862033222222249,-1.3235199320164819,-1.8999999999999986,0.0,0.0,2.7777777777777777,2.7777777777777777,13.88888888888889,25.22077773469354,26.666666666666664,-0.9958545486474397,-0.08000000000000007,-1.4000000000000001,-1.4000000000000001,2.7777777777777777,2.7777777777777777
40,1.5,False,0,1.9441065282401402,True,2.880154888888887,3.849926292616442,6.871213444444476,-0.6539529804851831,-1.7999999999999998,0.0,0.0,2.7777777777777777,2.7777777777777777,13.88888888888889,27.65203406737432,27.777777777777775,-0.5380880856163293,-0.04999999999999982,-1.5,-1.5,2.7777777777777777,2.7777777777777777
40,1.6,False,0,1.9441065282401402,True,2.880154888888887,4.391134243784774,7.3847988888889065,0.5712896030074264,-1.879999999999999,0.0,0.0,2.7777777777777777,2.7777777777777777,13.88888888888889,27.50083349540243,27.777777777777775,1.3239525622612063,-0.1599999999999997,-1.6,-1.6,2.7777777777777777,2.7777777777777777
40,1.7000000000000002,False,0,1.9441065282401395,True,2.880154888888887,4.492148883287311,7.035865022222251,-1.87214142480011,-1.8300000000000005,0.0,0.0,2.7777777777777777,2.7777777777777777,13.88888888888889,28.17465075577771,28.888888888888882,-1.085145788873555,-0.09999999999999964,-1.7000000000000002,-1.7000000000000002,2.7777777777777777,2.7777777777777777
41,0.0,False,0,4.0,True,13.50938888888889,-3.059010646706173,-4.259494444444445,0.9689462069131727,1.6,0.0,0.0,2.7777777777777777,2.7777777777777777,,,,,,,,,
41,0.1,False,0,4.0,True,12.623888888888889,-3.135935300056377,-4.062205555555546,1.2339030994685594,1.19,-0.1,-0.1,2.7777777777777777,2.7777777777777777,12.623888888888889,115.19355737169215,113.61553888888939,-0.37942827673477453,-0.00999999999999579,-0.1,-0.1,2.7777777777777777,2.7777777777777777
41,0.2,False,0,2.7000000000000024,True,8.195212888888886,-3.4774622393461767,-4.040738,2.1898753680131047,0.7000000000000002,-0.2,-0.2,2.7777777777777777,2.7777777777777777,7.435918888888886,14.414414430936741,12.804499399999937,1.2376053117200354,-0.019999999999997353,-0.2,-0.2,2.7777777777777777,2.7777777777777777
41,0.30000000000000004,False,0,2.343887273106322,True,2.880154888888887,3.816682093185162,6.589326688888915,0.08883051781629114,-0.8600000000000034,-0.30000000000000004,-0.30000000000000004,2.7777777777777777,2.7777777777777777,3.639448888888887,6.5152013867748595,7.103770800000025,-0.0870870997776938,-0.020000000000001572,-0.30000000000000004,-0.30000000000000004,2.7777777777777777,2.7777777777777777
41,0.4,False,0,1.3581687836354899,True,2.880154888888887,3.9116167814265497,6.644634399999998,-0.7826786342637615,-0.9199999999999973,-0.4,-0.4,2.7777777777777777,2.7777777777777777,2.880154888888887,7.515371479755335,6.880101755555548,-0.0688818329474683,-6.661338147750939e-16,-0.4,-0.4,2.7777777777777777,2.7777777777777777
41,0.5,False,0,0.9899767411216619,True,2.880154888888887,3.6423514942381745,4.098984844444442,-0.6323023245855712,-0.44999999999999973,-0.5,-0.5,2.7777777777777777,2.7777777777777777,9.713800888888887,3.4304919519128676,6.924582644444432,0.38684416811872646,0.0,-0.5,-0.5,2.7777777777777777,2.7777777777777777
41,0.6000000000000001,False,0,1.5942786210009594,True,2.880154888888887,4.22964713594001,7.686494555555574,-1.6128140594620821,-1.3400000000000025,-0.6000000000000001,-0.6000000000000001,2.7777777777777777,2.7777777777777777,9.713800888888887,12.46327110271206,12.467488199999995,-0.41624008862478235,-0.019999999999999574,-0.6000000000000001,-0.6000000000000001,2.7777777777777777,2.7777777777777777
41,0.7000000000000001,False,0,1.7071263330135982,True,2.880154888888887,4.172873359885796,7.379684422222238,-0.3919257931200888,-1.899999999999999,0.0,0.0,2.7777777777777777,2.7777777777777777,11.991388888888888,16.413568638916345,15.88719444444444,1.4685667568724896,-0.009999999999999343,-0.7000000000000001,-0.7000000000000001,2.7777777777777777,2.7777777777777777
41,0.8,False,0,2.040791464972255,True,2.880154888888887,4.156272577040494,6.468650511111133,-0.9157268772353236,-1.8799999999999994,0.0,0.0,2.7777777777777777,2.7777777777777777,11.991388888888888,18.960516800814794,19.220527777777775,0.29593124942534565,-2.220446049250313e-16,-0.8,-0.8,2.7777777777777777,2.7777777777777777
41,0.9,False,0,1.9366760706426678,True,2.880154888888887,4.212215967197392,6.84753402222226,-0.24363158437940524,-1.8900000000000028,0.0,0.0,2.7777777777777777,2.7777777777777777,13.50938888888889,18.709561119382794,21.088549999999994,-1.4271725480877093,-0.02000000000000024,-0.9,-0.9,2.7777777777777777,2.7777777777777777
41,1.0,False,0,1.932821757038876,True,2.880154888888887,4.4029686783893185,7.425550066666706,-1.0156478506454276,-1.7999999999999998,0.0,0.0,2.7777777777777777,2.7777777777777777,13.88888888888889,23.54510339990992,23.222222222222214,1.0822362313677947,0.0,-1.0,-1.0,2.7777777777777777,2.7777777777777777
41,1.1,False,0,1.93410652824014,True,2.880154888888887,4.063702572840367,7.2334458444444865,-1.582245363678339,-1.8799999999999981,0.0,0.0,2.7777777777777777,2.7777777777777777,13.88888888888889,22.62009861462393,24.333333333333325,0.17634719212622318,-0.0499999999999996,-1.1,-1.1,2.7777777777777777,2.7777777777777777
41,1.2000000000000002,False,0,1.932821757038876,True,2.880154888888887,3.902687870565946,7.253215844444473,-1.6071453747475957,-1.7999999999999998,0.0,0.0,2.7777777777777777,2.7777777777777777,13.88888888888889,25.208806050077406,25.444444444444436,-0.09164854010058887,-0.07999999999999963,-1.2000000000000002,-1.2000000000000002,2.7777777777777777,2.7777777777777777
41,1.3,False,0,1.932821757038876,True,2.880154888888887,4.398795099948257,6.774605466666697,0.0609092785687555,-1.8899999999999997,0.0,0.0,2.7777777777777777,2.7777777777777777,13.88888888888889,25.821630360956217,26.555555555555554,-0.579384006905314,-0.09000000000000008,-1.3,-1.3,2.7777777777777777,2.7777777777777777
41,1.4000000000000001,False,0,2.040791464972255,True,2.880154888888887,4.132471048474035,7.847324288888918,-1.4423142640673285,-1.8999999999999986,0.0,0.0,2.7777777777777777,2.7777777777777777,13.88888888888889,25.58682906575747,27.666666666666664,-0.5820720949994451,-0.08000000000000007,-1.4000000000000001,-1.4000000000000001,2.7777777777777777,2.7777777777777777
41,1.5,False,0,1.932821757038876,True,2.880154888888887,3.92878615611549,6.714886066666698,-0.14850308887432284,-1.7999999999999998,0.0,0.0,2.7777777777777777,2.7777777777777777,13.88888888888889,26.609355471417526,28.777777777777775,-1.2987745283976255,-0.04999999999999982,-1.5,-1.5,2.7777777777777777,2.7777777777777777
41,1.6,False,0,1.8199740450262374,True,2.880154888888887,4.260929353592741,7.208530066666701,-1.1380233210304485,-1.879999999999999,0.0,0.0,2.7777777777777777,2.7777777777777777,13.88888888888889,29.690142907169903,28.777777777777775,0.3055216197006514,-0.1599999999999997,-1.6,-1.6,2.7777777777777777,2.7777777777777777
41,1.7000000000000002,False,0,1.8199740450262367,True,2.880154888888887,4.119796790415404,6.488476555555576,-1.5252479507850125,-1.8300000000000005,0.0,0.0,2.7777777777777777,2.7777777777777777,13.88888888888889,30.410124703792302,29.888888888888882,-0.5529706796153873,-0.09999999999999964,-1.7000000000000002,-1.7000000000000002,2.7777777777777777,2.7777777777777777
42,0.0,False,0,4.0,True,13.129888888888889,-4.182673758737958,-4.198616666666662,0.9762122839026159,1.6,0.0,0.0,2.7777777777777777,2.7777777777777777,,,,,,,,,
42,0.1,False,0,4.0,True,2.880154888888887,0.9851959846914342,1.4197177555555642,-0.32344622814954627,1.0200000000000005,-0.1,-0.1,2.7777777777777777,2.7777777777777777,0.0,28.488419622858142,29.0332068666666,-1.1573360782524402,-0.00999999999999579,-0.1,-0.1,2.7777777777777777,2.7777777777777777
42,0.2,False,0,3.400000000000001,True,2.880154888888887,0.629712657386226,0.36270784444444093,0.656896467755387,0.6000000000000005,-0.2,-0.2,2.7777777777777777,2.7777777777777777,0.0,9.944949512334016,8.42919219999997,1.6133185431136075,-0.019999999999997353,-0.2,-0.2,2.7777777777777777,2.7777777777777777
42,0.30000000000000004,False,0,1.9333333333333318,True,2.880154888888887,4.27114427882469,6.55179222222223,0.27653775785471746,-0.2300000000000022,-0.30000000000000004,-0.30000000000000004,2.7777777777777777,2.7777777777777777,2.880154888888887,5.460247361957397,6.623456200000011,0.06418339870493983,-0.020000000000001572,-0.30000000000000004,-0.30000000000000004,2.7777777777777777,2.7777777777777777
42,0.4,False,0,1.4738153094757152,True,2.880154888888887,3.386258702897689,7.26166260000002,-1.721234593441633,-1.2799999999999963,-0.4,-0.4,2.7777777777777777,2.7777777777777777,4.398742888888887,6.749497941850035,7.8929869555555685,-0.9605254998422121,-6.661338147750939e-16,-0.4,-0.4,2.7777777777777777,2.7777777777777777
42,0.5,False,0,1.4714309089883202,True,2.880154888888887,4.510510827488912,7.669610444444463,-1.3206083408218063,-1.7999999999999998,-0.5,-0.5,2.7777777777777777,2.7777777777777777,7.435918888888886,8.634193001567095,9.632685444444444,0.4383255908016226,0.0,-0.5,-0.5,2.7777777777777777,2.7777777777777777
42,0.6000000000000001,False,0,1.4916639030419965,True,2.880154888888887,4.48426020713669,7.8262350222222254,0.026580411055850073,-1.8599999999999959,0.0,0.0,2.7777777777777777,2.7777777777777777,11.232388888888888,11.101366012771006,12.89814999999999,-1.1984398397425255,-0.019999999999999574,-0.6000000000000001,-0.6000000000000001,2.7777777777777777,2.7777777777777777
42,0.7000000000000001,False,0,1.5868481634034868,True,2.880154888888887,3.931191445199656,7.429054644444467,-1.6517596562568988,-1.899999999999999,0.0,0.0,2.7777777777777777,2.7777777777777777,13.129888888888889,16.310404931839198,16.60889444444444,1.4385829985500318,-0.009999999999999343,-0.7000000000000001,-0.7000000000000001,2.7777777777777777,2.7777777777777777
42,0.8,False,0,1.9215369858376126,True,2.880154888888887,3.8077216278073296,7.016693644444477,-0.20199672519373912,-1.8799999999999994,0.0,0.0,2.7777777777777777,2.7777777777777777,13.129888888888889,19.663807698794447,19.904277777777775,-1.1109629699968913,-2.220446049250313e-16,-0.8,-0.8,2.7777777777777777,2.7777777777777777
42,0.9,False,0,1.9215369858376126,True,2.880154888888887,4.430083785699719,6.986832200000035,-1.009720006691619,-1.8900000000000028,0.0,0.0,2.7777777777777777,2.7777777777777777,13.76238888888889,20.657070675979526,22.012649999999994,-1.5629513212692228,-0.02000000000000024,-0.9,-0.9,2.7777777777777777,2.7777777777777777
42,1.0,False,0,2.030058281187949,True,2.880154888888887,3.950152432903683,6.564000488888927,-1.2389819130875408,-1.7999999999999998,0.0,0.0,2.7777777777777777,2.7777777777777777,13.88888888888889,22.78910599006094,24.222222222222214,-1.000572022896724,0.0,-1.0,-1.0,2.7777777777777777,2.7777777777777777
42,1.1,False,0,1.9215369858376126,True,2.880154888888887,4.440068385685184,7.554171733333381,-1.7777756967706775,-1.8799999999999981,0.0,0.0,2.7777777777777777,2.7777777777777777,13.88888888888889,25.179521256783797,25.333333333333325,1.122950483003966,-0.0499999999999996,-1.1,-1.1,2.7777777777777777,2.7777777777777777
42,1.2000000000000002,False,0,1.6958415618123346,True,2.880154888888887,3.5086807391144648,7.160227400000022,-1.045088896560026,-1.7999999999999998,0.0,0.0,2.7777777777777777,2.7777777777777777,13.88888888888889,26.04232100881331,26.444444444444436,1.1308635037130927,-0.07999999999999963,-1.2000000000000002,-1.2000000000000002,2.7777777777777777,2.7777777777777777
42,1.3,False,0,2.030058281187949,True,2.880154888888887,4.442634769986964,7.466622444444487,-0.8012817762633959,-1.8899999999999997,0.0,0.0,2.7777777777777777,2.7777777777777777,13.88888888888889,29.07154827051728,27.555555555555554,-1.551463593793495,-0.09000000000000008,-1.3,-1.3,2.7777777777777777,2.7777777777777777
42,1.4000000000000001,False,0,1.9215369858376126,True,2.880154888888887,4.205503603418944,7.701765111111141,-1.7291179070891023,-1.8999999999999986,0.0,0.0,2.7777777777777777,2.7777777777777777,13.88888888888889,28.557793736502145,28.666666666666668,-0.08262289312428517,-0.08000000000000007,-1.4000000000000001,-1.4000000000000001,2.7777777777777777,2.7777777777777777
42,1.5,False,0,1.9215369858376126,True,2.880154888888887,3.4850189932291302,7.316145822222265,-1.8052827519201051,-1.7999999999999998,0.0,0.0,2.7777777777777777,2.7777777777777777,13.88888888888889,30.442738953118106,29.777777777777775,-0.24945353871966258,-0.04999999999999982,-1.5,-1.5,2.7777777777777777,2.7777777777777777
42,1.6,False,0,2.030058281187949,True,2.880154888888887,4.350384704368733,7.842004022222253,-1.6679974687305086,-1.879999999999999,0.0,0.0,2.7777777777777777,2.7777777777777777,13.88888888888889,31.335762870224887,29.777777777777775,-0.8009771579838121,-0.1599999999999997,-1.6,-1.6,2.7777777777777777,2.7777777777777777
42,1.7000000000000002,False,0,1.8086892738249731,True,2.880154888888887,4.470952403628869,7.065850644444464,-0.8906912705114136,-1.8300000000000005,0.0,0.0,2.7777777777777777,2.7777777777777777,13.88888888888889,30.373541041371016,30.888888888888882,1.1310897504815336,-0.09999999999999964,-1.7000000000000002,-1.7000000000000002,2.7777777777777777,2.7777777777777777
43,0.0,False,0,4.0,True,13.76238888888889,-4.257516568710829,-3.860172222222242,2.9674135457404103,1.6,0.0,0.0,2.7777777777777777,2.7777777777777777,,,,,,,,,
43,0.1,False,0,4.0,True,9.713800888888887,-3.7280111295786567,-4.143100688888874,0.019725151129071472,1.1600000000000001,-0.1,-0.1,2.7777777777777777,2.7777777777777777,9.713800888888887,78.45935315903284,76.69457108888871,1.1003720615990393,-0.00999999999999579,-0.1,-0.1,2.7777777777777777,2.7777777777777777
43,0.2,False,0,3.0000000000000027,True,2.880154888888887,0.659889988540951,1.0105673333333458,0.48856695394517446,0.5800000000000005,-0.2,-0.2,2.7777777777777777,2.7777777777777777,0.0,8.148237764063406,8.799273911111097,1.962526376820637,-0.019999999999997353,-0.2,-0.2,2.7777777777777777,2.7777777777777777
43,0.30000000000000004,False,0,1.0333333333333303,True,2.880154888888887,2.2144468798551857,1.8971850888888868,-0.1686474923736645,0.21999999999999886,-0.30000000000000004,-0.30000000000000004,2.7777777777777777,2.7777777777777777,0.6022728888888867,2.072274263046478,3.333871399999997,0.23334765928846135,-0.020000000000001572,-0.30000000000000004,-0.30000000000000004,2.7777777777777777,2.7777777777777777
43,0.4,False,0,1.5717090785984313,True,2.880154888888887,4.19212843929076,7.940324155555577,-1.484141464605818,-0.35999999999999943,-0.4,-0.4,2.7777777777777777,2.7777777777777777,3.639448888888887,7.197288240557843,8.336181155555568,-1.860969546514767,-6.661338147750939e-16,-0.4,-0.4,2.7777777777777777,2.7777777777777777
43,0.5,False,0,1.5845567906110702,True,2.880154888888887,4.46728952036126,6.85451231111112,-1.1602123567874343,-1.85,-0.5,-0.5,2.7777777777777777,2.7777777777777777,8.195212888888886,9.26493400205852,10.442817844444445,0.2691359122050616,0.0,-0.5,-0.5,2.7777777777777777,2.7777777777777777
43,0.6000000000000001,False,0,1.68455679061107,True,2.880154888888887,3.626536942822452,7.717122577777798,-1.517109426226567,-1.8599999999999959,0.0,0.0,2.7777777777777777,2.7777777777777777,10.473094888888888,14.919260173957507,14.049979399999994,-0.09625865030117198,-0.019999999999999574,-0.6000000000000001,-0.6000000000000001,2.7777777777777777,2.7777777777777777
43,0.7000000000000001,False,0,1.7207935120142301,True,2.880154888888887,4.298694687326329,7.361718822222241,-1.5698786220222674,-1.899999999999999,0.0,0.0,2.7777777777777777,2.7777777777777777,12.623888888888889,16.860728728764123,17.697444444444443,2.1533229393935795,-0.009999999999999343,-0.7000000000000001,-0.7000000000000001,2.7777777777777777,2.7777777777777777
43,0.8,False,0,1.9102522146363483,True,2.880154888888887,4.012969385687517,7.29717411111113,-1.6284367875215262,-1.8799999999999994,0.0,0.0,2.7777777777777777,2.7777777777777777,13.50938888888889,21.19764379501856,20.82837777777777,-1.5315930006449545,-2.220446049250313e-16,-0.8,-0.8,2.7777777777777777,2.7777777777777777
43,0.9,False,0,1.7974045026237098,True,2.880154888888887,4.188893112415099,7.675641244444475,-1.6570145896577912,-1.8900000000000028,0.0,0.0,2.7777777777777777,2.7777777777777777,13.88888888888889,21.840948986590725,22.999999999999993,1.1154874640293397,-0.02000000000000024,-0.9,-0.9,2.7777777777777777,2.7777777777777777
43,1.0,False,0,2.019325097403643,True,2.880154888888887,4.016935953203746,7.622543511111151,0.01503664226623913,-1.7999999999999998,0.0,0.0,2.7777777777777777,2.7777777777777777,13.88888888888889,23.968254166837745,25.222222222222214,0.4984805419315337,0.0,-1.0,-1.0,2.7777777777777777,2.7777777777777777
43,1.1,False,0,2.019325097403643,True,2.880154888888887,4.076486410601942,6.935765177777822,-0.055240460542701264,-1.8799999999999981,0.0,0.0,2.7777777777777777,2.7777777777777777,13.88888888888889,25.489361794428095,26.333333333333325,0.8404521426959515,-0.0499999999999996,-1.1,-1.1,2.7777777777777777,2.7777777777777777
43,1.2000000000000002,False,0,1.9102522146363483,True,2.880154888888887,4.342022505864212,7.40381664444448,0.6205728729433067,-1.7999999999999998,0.0,0.0,2.7777777777777777,2.7777777777777777,13.88888888888889,27.78142988136025,27.444444444444436,1.5847154318487595,-0.07999999999999963,-1.2000000000000002,-1.2000000000000002,2.7777777777777777,2.7777777777777777
43,1.3,False,0,1.9102522146363483,True,2.880154888888887,3.719667298248237,7.882427022222257,-0.19872897606750572,-1.8899999999999997,0.0,0.0,2.7777777777777777,2.7777777777777777,13.88888888888889,27.525514880558912,28.555555555555554,-0.3451760789223923,-0.09000000000000008,-1.3,-1.3,2.7777777777777777,2.7777777777777777
43,1.4000000000000001,False,0,2.019325097403643,True,2.880154888888887,4.494159703613289,6.675556977777828,-0.6721261724719816,-1.8999999999999986,0.0,0.0,2.7777777777777777,2.7777777777777777,13.88888888888889,28.265591143878435,29.666666666666668,-1.069073776839245,-0.08000000000000007,-1.4000000000000001,-1.4000000000000001,2.7777777777777777,2.7777777777777777
43,1.5,False,0,1.7974045026237098,True,2.880154888888887,4.129200248548227,8.378629577777797,-0.8034475444717577,-1.7999999999999998,0.0,0.0,2.7777777777777777,2.7777777777777777,13.88888888888889,27.208040679418875,30.777777777777775,-0.7158300392243475,-0.04999999999999982,-1.5,-1.5,2.7777777777777777,2.7777777777777777
43,1.6,False,0,2.126656935246702,True,2.880154888888887,3.6625805976290993,7.378014822222252,-1.8080554389613739,-1.879999999999999,0.0,0.0,2.7777777777777777,2.7777777777777777,13.88888888888889,31.36024611089245,30.777777777777775,-0.7958240229320253,-0.1599999999999997,-1.6,-1.6,2.7777777777777777,2.7777777777777777
43,1.7000000000000002,False,0,2.126656935246702,True,2.880154888888887,2.791060559005172,7.182646622222262,-0.2990884026075482,-1.8300000000000005,0.0,0.0,2.7777777777777777,2.7777777777777777,13.88888888888889,31.62733881907037,31.888888888888882,0.9991436712455184,-0.09999999999999964,-1.7000000000000002,-1.7000000000000002,2.7777777777777777,2.7777777777777777
44,0.0,False,0,4.0,True,13.88888888888889,-3.59348084758751,-3.7777777777777386,1.0514100949766365,1.6,0.0,0.0,2.7777777777777777,2.7777777777777777,,,,,,,,,
44,0.1,False,0,4.0,True,2.880154888888887,-4.274185746737589,-4.0205404222222425,0.8732538883357996,0.8600000000000012,-0.1,-0.1,2.7777777777777777,2.7777777777777777,0.0,18.973550964933477,17.920512888888762,0.2978722095224531,-0.00999999999999579,-0.1,-0.1,2.7777777777777777,2.7777777777777777
44,0.2,False,0,3.0000000000000027,True,10.473094888888888,-3.613586098967427,-4.2163205999999915,-0.9192225155564964,0.7000000000000002,-0.2,-0.2,2.7777777777777777,2.7777777777777777,10.473094888888888,22.58920383054345,23.319462199999887,1.2393020688489793,-0.019999999999997353,-0.2,-0.2,2.7777777777777777,2.7777777777777777
44,0.30000000000000004,False,0,1.6333333333333324,True,2.880154888888887,4.137867884817372,5.529208288888893,-0.23960453873719656,0.21999999999999886,-0.30000000000000004,-0.30000000000000004,2.7777777777777777,2.7777777777777777,2.120860888888887,2.947460953173615,6.054741800000007,0.3782256918030251,-0.020000000000001572,-0.30000000000000004,-0.30000000000000004,2.7777777777777777,2.7777777777777777
44,0.4,False,0,1.5719872482085422,True,2.880154888888887,4.021615469544156,7.851775333333333,-1.865086318413919,-1.880000000000006,0.0,0.0,2.7777777777777777,2.7777777777777777,3.639448888888887,6.228545760386813,8.804734155555554,0.0180265694355628,-6.661338147750939e-16,-0.4,-0.4,2.7777777777777777,2.7777777777777777
44,0.5,False,0,0.7816313402595036,True,2.880154888888887,2.184409997175881,2.568255688888894,-1.4996636936909629,-0.6999999999999997,-0.5,-0.5,2.7777777777777777,2.7777777777777777,11.991388888888888,7.030769994360537,8.937794444444432,-1.2926567588589484,0.0,-0.5,-0.5,2.7777777777777777,2.7777777777777777
44,0.6000000000000001,False,0,1.9002522146363487,True,2.880154888888887,3.963478470999658,7.25842891111115,-1.6902056598389918,-1.8599999999999959,0.0,0.0,2.7777777777777777,2.7777777777777777,9.713800888888887,14.669034849967371,15.480138200000003,-1.0959606559020374,-0.019999999999999574,-0.6000000000000001,-0.6000000000000001,2.7777777777777777,2.7777777777777777
44,0.7000000000000001,False,0,2.0085919136193366,True,2.880154888888887,3.444792326542225,6.967982022222256,-0.7466686436527481,-1.899999999999999,0.0,0.0,2.7777777777777777,2.7777777777777777,11.991388888888888,19.482377453946228,18.88719444444444,1.9888185426820741,-0.009999999999999343,-0.7000000000000001,-0.7000000000000001,2.7777777777777777,2.7777777777777777
44,0.8,False,0,1.8989674434350847,True,2.880154888888887,3.3406397739167177,7.115250711111128,-1.5046243927311318,-1.8799999999999994,0.0,0.0,2.7777777777777777,2.7777777777777777,13.76238888888889,21.003324328250415,21.790427777777772,-0.931829503614973,-2.220446049250313e-16,-0.8,-0.8,2.7777777777777777,2.7777777777777777
44,0.9,False,0,2.0085919136193366,True,2.880154888888887,3.6702122420672056,7.526787222222251,-1.405140936636279,-1.8900000000000028,0.0,0.0,2.7777777777777777,2.7777777777777777,13.88888888888889,22.560636652585522,23.999999999999993,-0.2178518109435137,-0.02000000000000024,-0.9,-0.9,2.7777777777777777,2.7777777777777777
44,1.0,False,0,2.0085919136193366,True,2.880154888888887,3.768026021367871,6.759810577778109,-0.4801052618319268,-1.7999999999999998,0.0,0.0,2.7777777777777777,2.7777777777777777,13.88888888888889,24.456164256624668,26.222222222222214,1.3966914917773452,0.0,-1.0,-1.0,2.7777777777777777,2.7777777777777777
44,1.1,False,0,1.8989674434350847,True,2.880154888888887,4.09120666230027,6.997518777777818,-0.9461571813790984,-1.8799999999999981,0.0,0.0,2.7777777777777777,2.7777777777777777,13.88888888888889,25.713411566209157,27.333333333333325,2.498733329948314,-0.0499999999999996,-1.1,-1.1,2.7777777777777777,2.7777777777777777
44,1.2000000000000002,False,0,2.1159237514623963,True,2.880154888888887,4.174612549847343,6.516995733333393,-0.15229293733749483,-1.7999999999999998,0.0,0.0,2.7777777777777777,2.7777777777777777,13.88888888888889,26.78862656419941,28.44444444444444,-1.596412862610345,-0.07999999999999963,-1.2000000000000002,-1.2000000000000002,2.7777777777777777,2.7777777777777777
44,1.3,False,0,2.0085919136193366,True,2.880154888888887,3.828226107316003,7.540438666666707,-1.5695324861266935,-1.8899999999999997,0.0,0.0,2.7777777777777777,2.7777777777777777,13.88888888888889,28.026134707931615,29.555555555555554,0.9331248951927305,-0.09000000000000008,-1.3,-1.3,2.7777777777777777,2.7777777777777777
44,1.4000000000000001,False,0,1.8989674434350847,True,2.880154888888887,4.240659450055202,7.47783602222226,-0.1325285251485553,-1.8999999999999986,0.0,0.0,2.7777777777777777,2.7777777777777777,13.88888888888889,30.215275867236794,30.666666666666668,-0.2150378424589383,-0.08000000000000007,-1.4000000000000001,-1.4000000000000001,2.7777777777777777,2.7777777777777777
44,1.5,False,0,1.8989674434350847,True,2.880154888888887,4.422257593348687,7.4897771111111355,-0.37704680230047294,-1.7999999999999998,0.0,0.0,2.7777777777777777,2.7777777777777777,13.88888888888889,32.02634722988519,31.777777777777775,0.45167457731370053,-0.04999999999999982,-1.5,-1.5,2.7777777777777777,2.7777777777777777
44,1.6,False,0,1.8989674434350847,True,2.880154888888887,4.469864432247474,7.134874444444475,-0.9760267906871761,-1.879999999999999,0.0,0.0,2.7777777777777777,2.7777777777777777,13.88888888888889,32.03244230498033,31.777777777777775,0.3833606638635376,-0.1599999999999997,-1.6,-1.6,2.7777777777777777,2.7777777777777777
44,1.7000000000000002,False,0,2.2232555893054555,True,2.880154888888887,4.3976370938069325,6.646993444444502,-1.5423429534614383,-1.8300000000000005,0.0,0.0,2.7777777777777777,2.7777777777777777,13.88888888888889,31.3025469221089,32.888888888888886,-1.4392552695308785,-0.09999999999999964,-1.7000000000000002,-1.7000000000000002,2.7777777777777777,2.7777777777777777
45,0.0,False,0,4.0,True,13.88888888888889,-3.865707324884009,-3.8888888888888387,3.1418286071597845,1.6,0.0,0.0,2.7777777777777777,2.7777777777777777,,,,,,,,,
45,0.1,False,0,4.0,True,12.623888888888889,-1.777168988890156,-4.266299999999975,1.6077527804323832,1.15,-0.1,-0.1,2.7777777777777777,2.7777777777777777,12.623888888888889,111.59634903436991,109.88118888888938,-0.022162274032512252,-0.00999999999999579,-0.1,-0.1,2.7777777777777777,2.7777777777777777
45,0.2,False,0,0.8000000000000096,True,2.880154888888887,-3.155526913159224,-3.362678244444413,0.15884681480229057,0.44000000000000083,-0.2,-0.2,2.7777777777777777,2.7777777777777777,0.0,1.6021989561486523,2.4815838888888893,-0.8672653470649849,-0.019999999999997353,-0.2,-0.2,2.7777777777777777,2.7777777777777777
45,0.30000000000000004,False,0,1.7618162394672594,True,2.880154888888887,2.917656765677404,5.248087044444458,-0.10567393766756417,0.09999999999999876,-0.30000000000000004,-0.30000000000000004,2.7777777777777777,2.7777777777777777,1.3615668888888868,3.9738877590530466,5.738642000000017,0.603177684119629,-0.020000000000001572,-0.30000000000000004,-0.30000000000000004,2.7777777777777777,2.7777777777777777
45,0.4,False,0,1.2517363963123325,True,2.880154888888887,4.028650501957739,5.286654999999993,-0.801827787138756,-0.19999999999999996,-0.4,-0.4,2.7777777777777777,2.7777777777777777,6.676624888888886,5.37540556208953,6.097137555555546,0.11227775055764422,-6.661338147750939e-16,-0.4,-0.4,2.7777777777777777,2.7777777777777777
45,0.5,False,0,1.5491395361959028,True,2.880154888888887,3.7039535701045283,7.002317333333349,-1.7556675815824219,-1.85,-0.5,-0.5,2.7777777777777777,2.7777777777777777,8.954506888888886,10.943457691694679,11.405370844444437,0.48044353135304485,0.0,-0.5,-0.5,2.7777777777777777,2.7777777777777777
45,0.6000000000000001,False,0,1.6619872482085423,True,2.880154888888887,4.119225328234646,7.272232755555561,-0.42557441388716755,-1.8599999999999959,0.0,0.0,2.7777777777777777,2.7777777777777777,11.991388888888888,14.69832419011733,15.442749999999993,0.6687307892304029,-0.019999999999999574,-0.6000000000000001,-0.6000000000000001,2.7777777777777777,2.7777777777777777
45,0.7000000000000001,False,0,1.6966746058066267,True,2.880154888888887,3.5118141797285576,7.488430466666675,-1.286830511684323,-1.899999999999999,0.0,0.0,2.7777777777777777,2.7777777777777777,13.50938888888889,19.781066868683762,19.495044444444442,-0.3320079116174566,-0.009999999999999343,-0.7000000000000001,-0.7000000000000001,2.7777777777777777,2.7777777777777777
45,0.8,False,0,1.8876826722338202,True,2.880154888888887,4.345339726927588,7.245579244444468,-0.8210625140116805,-1.8799999999999994,0.0,0.0,2.7777777777777777,2.7777777777777777,13.88888888888889,23.72987234767117,22.77777777777777,-0.6639152442540812,-2.220446049250313e-16,-0.8,-0.8,2.7777777777777777,2.7777777777777777
45,0.9,False,0,1.7748349602211817,True,2.880154888888887,4.519767621171025,7.581392155555588,-1.801743130027336,-1.8900000000000028,0.0,0.0,2.7777777777777777,2.7777777777777777,13.88888888888889,24.521352695902067,24.999999999999993,0.8821553771530279,-0.02000000000000024,-0.9,-0.9,2.7777777777777777,2.7777777777777777
45,1.0,False,0,1.6619872482085423,True,2.880154888888887,4.280434642478736,7.019703711111117,-0.41271248966789575,-1.7999999999999998,0.0,0.0,2.7777777777777777,2.7777777777777777,13.88888888888889,27.454414046005816,27.222222222222214,0.2705106644730817,0.0,-1.0,-1.0,2.7777777777777777,2.7777777777777777
45,1.1,False,0,1.9978587298350312,True,2.880154888888887,4.169346629585196,7.654557200000032,-1.613215032520594,-1.8799999999999981,0.0,0.0,2.7777777777777777,2.7777777777777777,13.88888888888889,28.45317772702268,28.333333333333325,1.2111866251132324,-0.0499999999999996,-1.1,-1.1,2.7777777777777777,2.7777777777777777
45,1.2000000000000002,False,0,1.9978587298350312,True,2.880154888888887,4.097527438641596,6.994226577777813,-0.93840202002409,-1.7999999999999998,0.0,0.0,2.7777777777777777,2.7777777777777777,13.88888888888889,29.54451156343543,29.44444444444444,1.4746810848633616,-0.07999999999999963,-1.2000000000000002,-1.2000000000000002,2.7777777777777777,2.7777777777777777
45,1.3,False,0,1.9978587298350312,True,2.880154888888887,4.292259154927305,7.95144733333336,-1.0465167956474941,-1.8899999999999997,0.0,0.0,2.7777777777777777,2.7777777777777777,13.88888888888889,31.618103323837882,30.555555555555554,2.322627223236108,-0.09000000000000008,-1.3,-1.3,2.7777777777777777,2.7777777777777777
45,1.4000000000000001,False,0,1.9978587298350312,True,2.880154888888887,4.452890005513507,7.588865511111135,-1.103819748164017,-1.8999999999999986,0.0,0.0,2.7777777777777777,2.7777777777777777,13.88888888888889,31.14368517445399,31.666666666666668,-1.613885317209099,-0.08000000000000007,-1.4000000000000001,-1.4000000000000001,2.7777777777777777,2.7777777777777777
45,1.5,False,0,1.8876826722338202,True,2.880154888888887,3.158264043150621,6.852280800000028,-0.02128748938232805,-1.7999999999999998,0.0,0.0,2.7777777777777777,2.7777777777777777,13.88888888888889,33.284659674082874,32.77777777777778,2.8814550929273293,-0.04999999999999982,-1.5,-1.5,2.7777777777777777,2.7777777777777777
45,1.6,False,0,1.8876826722338202,True,2.880154888888887,4.43991305409416,7.175622133333374,-1.8188129519499916,-1.879999999999999,0.0,0.0,2.7777777777777777,2.7777777777777777,13.88888888888889,33.81924003467064,32.77777777777778,2.345076462727518,-0.1599999999999997,-1.6,-1.6,2.7777777777777777,2.7777777777777777
45,1.7000000000000002,False,0,1.9978587298350305,True,2.880154888888887,4.451413699130154,7.485633222222259,-1.230903791219371,-1.8300000000000005,0.0,0.0,2.7777777777777777,2.7777777777777777,13.88888888888889,34.06219234009085,33.888888888888886,-1.282183024642644,-0.09999999999999964,-1.7000000000000002,-1.7000000000000002,2.7777777777777777,2.7777777777777777
46,0.0,False,0,4.0,True,11.991388888888888,-2.5293555479028127,-4.197288888888916,2.0117373033884145,1.6,0.0,0.0,2.7777777777777777,2.7777777777777777,,,,,,,,,
46,0.1,False,0,4.0,True,5.917330888888887,-3.2437890171328574,-4.176872644444447,-0.34701219299213837,1.0100000000000007,-0.1,-0.1,2.7777777777777777,2.7777777777777777,5.158036888888887,22.139065581104273,20.101770288889522,-1.245229883150342,-0.00999999999999579,-0.1,-0.1,2.7777777777777777,2.7777777777777777
46,0.2,False,0,1.1000000000000099,True,5.917330888888887,-4.254956026797063,-4.285448288888875,0.08924731535313013,0.5400000000000005,-0.2,-0.2,2.7777777777777777,2.7777777777777777,5.158036888888887,4.055835432761879,2.729820800000124,-0.528549293394883,-0.019999999999997353,-0.2,-0.2,2.7777777777777777,2.7777777777777777
46,0.30000000000000004,False,0,1.842751100172128,True,2.880154888888887,3.9970675676590064,6.673655733333352,-1.6929263340285614,-0.47000000000000286,-0.30000000000000004,-0.30000000000000004,2.7777777777777777,2.7777777777777777,2.880154888888887,6.768053866740009,6.827221400000018,-1.5174122657525442,-0.020000000000001572,-0.30000000000000004,-0.30000000000000004,2.7777777777777777,2.7777777777777777
46,0.4,False,0,1.3296964032681113,True,2.880154888888887,4.194924980146152,6.87737984444446,-1.2372373029428556,-0.759999999999998,-0.4,-0.4,2.7777777777777777,2.7777777777777777,5.158036888888887,5.784325723659646,7.375613955555562,0.7035734020951101,-6.661338147750939e-16,-0.4,-0.4,2.7777777777777777,2.7777777777777777
46,0.5,False,0,1.5378547649946395,True,2.880154888888887,4.541982233123105,7.387733466666671,-1.6516101493388495,-1.6999999999999997,-0.5,-0.5,2.7777777777777777,2.7777777777777777,9.713800888888887,10.398803310452198,11.911932644444438,1.421280923971513,0.0,-0.5,-0.5,2.7777777777777777,2.7777777777777777
46,0.6000000000000001,False,0,1.422831559588772,True,2.880154888888887,4.456211957201067,7.447983355555569,-1.3527934509951929,-1.3400000000000025,-0.6000000000000001,-0.6000000000000001,2.7777777777777777,2.7777777777777777,13.50938888888889,16.86503319791235,16.050599999999992,-0.45119366774180314,-0.019999999999999574,-0.6000000000000001,-0.6000000000000001,2.7777777777777777,2.7777777777777777
46,0.7000000000000001,False,0,1.6507024770072782,True,2.880154888888887,4.271199595520298,7.212310200000016,-1.3476350136715243,-1.899999999999999,0.0,0.0,2.7777777777777777,2.7777777777777777,13.88888888888889,20.42506249080653,20.44444444444444,0.7644237090923909,-0.009999999999999343,-0.7000000000000001,-0.7000000000000001,2.7777777777777777,2.7777777777777777
46,0.8,False,0,1.8763979010325567,True,2.880154888888887,4.085193510284722,7.358842600000028,-0.5882469577617091,-1.8799999999999994,0.0,0.0,2.7777777777777777,2.7777777777777777,13.88888888888889,22.64136199218767,23.77777777777777,-0.6584356816402819,-2.220446049250313e-16,-0.8,-0.8,2.7777777777777777,2.7777777777777777
46,0.9,False,0,1.8763979010325567,True,2.880154888888887,4.349862909974104,7.488519111111143,-0.9549457259808734,-1.8900000000000028,0.0,0.0,2.7777777777777777,2.7777777777777777,13.88888888888889,25.694544857630532,25.999999999999993,-1.017925726732478,-0.02000000000000024,-0.9,-0.9,2.7777777777777777,2.7777777777777777
46,1.0,False,0,1.9871255460507251,True,2.880154888888887,4.405173414514235,7.055449688888911,-1.2813128603233555,-1.7999999999999998,0.0,0.0,2.7777777777777777,2.7777777777777777,13.88888888888889,28.084934802318354,28.22222222222221,-1.3736062538610492,0.0,-1.0,-1.0,2.7777777777777777,2.7777777777777777
46,1.1,False,0,2.0944573838937846,True,2.880154888888887,4.369865792611461,7.242608244444495,-1.6407334195018664,-1.8799999999999981,0.0,0.0,2.7777777777777777,2.7777777777777777,13.88888888888889,28.479507852416074,29.333333333333325,1.6531423505979386,-0.0499999999999996,-1.1,-1.1,2.7777777777777777,2.7777777777777777
46,1.2000000000000002,False,0,2.0944573838937846,True,2.880154888888887,3.6325069338936773,6.878319555555589,-0.0588115083214682,-1.7999999999999998,0.0,0.0,2.7777777777777777,2.7777777777777777,13.88888888888889,28.814782706310094,30.44444444444444,-0.648473208169003,-0.07999999999999963,-1.2000000000000002,-1.2000000000000002,2.7777777777777777,2.7777777777777777
46,1.3,False,0,1.9871255460507251,True,2.880154888888887,3.7578987276863645,7.0375293333334925,-0.340082830558156,-1.8899999999999997,0.0,0.0,2.7777777777777777,2.7777777777777777,13.88888888888889,30.871284660564417,31.555555555555554,0.6372683208740479,-0.09000000000000008,-1.3,-1.3,2.7777777777777777,2.7777777777777777
46,1.4000000000000001,False,0,1.9871255460507251,True,2.880154888888887,4.49993090444404,7.13564451111115,0.06687642104309077,-1.8999999999999986,0.0,0.0,2.7777777777777777,2.7777777777777777,13.88888888888889,28.89691692172907,32.66666666666667,0.573691705804718,-0.08000000000000007,-1.4000000000000001,-1.4000000000000001,2.7777777777777777,2.7777777777777777
46,1.5,False,0,1.9871255460507251,True,2.880154888888887,4.269640608634707,7.209015355555583,-0.5217964990224371,-1.7999999999999998,0.0,0.0,2.7777777777777777,2.7777777777777777,13.88888888888889,33.64894727034386,33.77777777777778,-1.2430332332142897,-0.04999999999999982,-1.5,-1.5,2.7777777777777777,2.7777777777777777
46,1.6,False,0,1.8763979010325567,True,2.880154888888887,3.4742083333090337,7.033797888888924,-1.119989344487636,-1.879999999999999,0.0,0.0,2.7777777777777777,2.7777777777777777,13.88888888888889,33.88123843959167,33.77777777777778,-0.32518747597290654,-0.1599999999999997,-1.6,-1.6,2.7777777777777777,2.7777777777777777
46,1.7000000000000002,False,0,1.9258042147788597,True,2.880154888888887,4.1653837113384045,7.087043911111135,-0.8445933252296145,-1.8300000000000005,0.0,0.0,2.7777777777777777,2.7777777777777777,13.88888888888889,34.59931342032142,34.888888888888886,0.26525232464246784,-0.09999999999999964,-1.7000000000000002,-1.7000000000000002,2.7777777777777777,2.7777777777777777
47,0.0,False,0,4.0,True,13.129888888888889,-3.5782179042908266,-3.921361111111099,1.216486256841562,1.6,0.0,0.0,2.7777777777777777,2.7777777777777777,,,,,,,,,
47,0.1,False,0,4.0,True,11.232388888888888,-3.430240949377807,-4.018383333333349,1.6754224537336517,1.12,-0.1,-0.1,2.7777777777777777,2.7777777777777777,11.232388888888888,92.74093633190779,90.95548888888932,0.6412581352126785,-0.00999999999999579,-0.1,-0.1,2.7777777777777777,2.7777777777777777
47,0.2,False,0,2.9000000000000026,True,2.880154888888887,-0.8731819279398421,1.34606871111112,0.9510031196785009,0.5400000000000005,-0.2,-0.2,2.7777777777777777,2.7777777777777777,0.0,8.363662926691251,8.71537642222221,0.9405261007947057,-0.019999999999997353,-0.2,-0.2,2.7777777777777777,2.7777777777777777
47,0.30000000000000004,False,0,0.6333333333333301,True,2.880154888888887,-3.637038268350426,1.1491112444444598,-1.8408819610380909,0.09999999999999876,-0.30000000000000004,-0.30000000000000004,2.7777777777777777,2.7777777777777777,0.0,2.479271385097424,1.8517522888889077,-0.5793463418715514,-0.020000000000001572,-0.30000000000000004,-0.30000000000000004,2.7777777777777777,2.7777777777777777
47,0.4,False,0,1.05064100458001,True,2.880154888888887,2.5641259036717843,4.05228577777778,-0.9453291945671394,-0.2799999999999996,-0.4,-0.4,2.7777777777777777,2.7777777777777777,8.195212888888886,6.658404455027704,5.718467155555548,-0.1423907219019509,-6.661338147750939e-16,-0.4,-0.4,2.7777777777777777,2.7777777777777777
47,0.5,False,0,1.4190099189001772,True,2.880154888888887,3.9805267585505932,7.041656088888897,-1.7951102420717542,-1.6,-0.5,-0.5,2.7777777777777777,2.7777777777777777,11.232388888888888,11.201022428953234,12.228744444444434,0.4256687934575192,0.0,-0.5,-0.5,2.7777777777777777,2.7777777777777777
47,0.6000000000000001,False,0,1.6394177058060146,True,2.880154888888887,3.864810077330529,7.145560177777807,0.12896420094191852,-1.8599999999999959,0.0,0.0,2.7777777777777777,2.7777777777777777,13.129888888888889,14.417708555707637,17.12649999999999,-1.006659587743481,-0.019999999999999574,-0.6000000000000001,-0.6000000000000001,2.7777777777777777,2.7777777777777777
47,0.7000000000000001,False,0,1.7522654178186532,True,2.880154888888887,3.4448166216732234,6.915531133333784,-0.8448367899561182,-1.899999999999999,0.0,0.0,2.7777777777777777,2.7777777777777777,13.88888888888889,20.648421316625683,21.44444444444444,1.2909482137802528,-0.009999999999999343,-0.7000000000000001,-0.7000000000000001,2.7777777777777777,2.7777777777777777
47,0.8,False,0,1.9763923622664188,True,2.880154888888887,4.173811110518298,7.274503888888927,-1.6702134254507877,-1.8799999999999994,0.0,0.0,2.7777777777777777,2.7777777777777777,13.88888888888889,22.7661308210089,24.77777777777777,-0.3669212511938822,-2.220446049250313e-16,-0.8,-0.8,2.7777777777777777,2.7777777777777777
47,0.9,False,0,1.9763923622664188,True,2.880154888888887,4.224252219702689,7.67889173333337,-1.4381324983978812,-1.8900000000000028,0.0,0.0,2.7777777777777777,2.7777777777777777,13.88888888888889,27.09790920772989,26.999999999999993,1.2430538053192564,-0.02000000000000024,-0.9,-0.9,2.7777777777777777,2.7777777777777777
47,1.0,False,0,1.7522654178186532,True,2.880154888888887,4.398906416857391,7.325898244444464,-0.9856786331624292,-1.7999999999999998,0.0,0.0,2.7777777777777777,2.7777777777777777,13.88888888888889,28.926438774517433,29.22222222222221,-1.0577916001681158,0.0,-1.0,-1.0,2.7777777777777777,2.7777777777777777
47,1.1,False,0,1.9763923622664188,True,2.880154888888887,4.534314550598052,7.169564733333371,-1.2809816916422052,-1.8799999999999981,0.0,0.0,2.7777777777777777,2.7777777777777777,13.88888888888889,26.622464291196597,30.333333333333325,-1.1164749069483586,-0.0499999999999996,-1.1,-1.1,2.7777777777777777,2.7777777777777777
47,1.2000000000000002,False,0,1.8651131298312924,True,2.880154888888887,4.042443985854615,7.0660147333333585,-1.0353334583454403,-1.7999999999999998,0.0,0.0,2.7777777777777777,2.7777777777777777,13.88888888888889,32.338180559580934,31.44444444444444,-1.0250471297719934,-0.07999999999999963,-1.2000000000000002,-1.2000000000000002,2.7777777777777777,2.7777777777777777
47,1.3,False,0,1.9763923622664188,True,2.880154888888887,3.2852755312200275,7.198574488888927,-0.965855082345876,-1.8899999999999997,0.0,0.0,2.7777777777777777,2.7777777777777777,13.88888888888889,31.867212717427844,32.55555555555556,1.3069663878452213,-0.09000000000000008,-1.3,-1.3,2.7777777777777777,2.7777777777777777
47,1.4000000000000001,False,0,1.8651131298312924,True,2.880154888888887,4.471610398554472,7.432861977777802,-1.1731791675128593,-1.8999999999999986,0.0,0.0,2.7777777777777777,2.7777777777777777,13.88888888888889,32.93859332614656,33.66666666666667,0.19769124979907504,-0.08000000000000007,-1.4000000000000001,-1.4000000000000001,2.7777777777777777,2.7777777777777777
47,1.5,False,0,1.8651131298312924,True,2.880154888888887,4.3530981816945316,7.856873555555578,-1.337603177770665,-1.7999999999999998,0.0,0.0,2.7777777777777777,2.7777777777777777,13.88888888888889,34.96131578724569,34.77777777777778,0.07500706191875728,-0.04999999999999982,-1.5,-1.5,2.7777777777777777,2.7777777777777777
47,1.6,False,0,1.8651131298312924,True,2.880154888888887,3.9468905611452785,6.326340977777801,-1.234579357734366,-1.879999999999999,0.0,0.0,2.7777777777777777,2.7777777777777777,13.88888888888889,34.07606365040213,34.77777777777778,0.09768017816789243,-0.1599999999999997,-1.6,-1.6,2.7777777777777777,2.7777777777777777
47,1.7000000000000002,False,0,1.7522654178186532,True,2.880154888888887,3.903100377484958,7.021325466666693,-1.8314166466245965,-1.8300000000000005,0.0,0.0,2.7777777777777777,2.7777777777777777,13.88888888888889,34.43176923568813,35.888888888888886,-0.6174735173973152,-0.09999999999999964,-1.7000000000000002,-1.7000000000000002,2.7777777777777777,2.7777777777777777
48,0.0,False,0,4.0,True,13.88888888888889,-2.6101605184610035,-4.222222222222174,2.662618680431915,1.6,0.0,0.0,2.7777777777777777,2.7777777777777777,,,,,,,,,
48,0.1,False,0,4.0,True,12.623888888888889,-3.9294979754606087,-3.9186222222222,1.0868618522610758,1.1300000000000003,-0.1,-0.1,2.7777777777777777,2.7777777777777777,11.991388888888888,99.46654242749054,100.4170388888882,-0.34821985230257235,-0.00999999999999579,-0.1,-0.1,2.7777777777777777,2.7777777777777777
48,0.2,False,0,2.6000000000000045,True,2.880154888888887,-1.4605684897856674,0.09616360000002988,-0.292457908603331,0.5200000000000009,-0.2,-0.2,2.7777777777777777,2.7777777777777777,0.0,8.798374991100264,7.187693533333335,1.0991136241969044,-0.019999999999997353,-0.2,-0.2,2.7777777777777777,2.7777777777777777
48,0.30000000000000004,True,2,0.0,True,2.880154888888887,-1.3008888526586473,-1.5132984888889096,-0.5717619506439129,0.009999999999998455,-0.30000000000000004,-0.30000000000000004,2.7777777777777777,2.7777777777777777,2.120860888888887,-1.8908841243644927,-1.4476068000000195,-0.9715832219559131,-0.020000000000001572,-0.30000000000000004,-0.30000000000000004,2.7777777777777777,2.7777777777777777
48,0.4,False,0,1.0494687317243054,True,2.880154888888887,2.5858908555287856,4.57388046666667,-0.6375932877971873,-0.3199999999999994,-0.4,-0.4,2.7777777777777777,2.7777777777777777,8.195212888888886,7.587571795616609,6.2502995555555545,-0.9945372206748451,-6.661338147750939e-16,-0.4,-0.4,2.7777777777777777,2.7777777777777777
48,0.5,False,0,2.0729910163251724,True,2.880154888888887,4.413115310558578,7.273770244444489,-1.5691037479883772,-1.85,0.0,0.0,2.7777777777777777,2.7777777777777777,7.435918888888886,14.56874052138934,15.62003544444445,-0.2243987214040466,0.0,-0.5,-0.5,2.7777777777777777,2.7777777777777777
48,0.6000000000000001,False,0,1.7852096837408422,True,2.880154888888887,4.551297407665165,7.6967230444444725,-1.4131191057842987,-1.8599999999999959,0.0,0.0,2.7777777777777777,2.7777777777777777,12.623888888888889,20.16805818337257,18.29094999999999,-0.4039819514304348,-0.019999999999999574,-0.6000000000000001,-0.6000000000000001,2.7777777777777777,2.7777777777777777
48,0.7000000000000001,False,0,1.7448349602211808,True,2.880154888888887,4.523745812989287,7.618729200000087,-1.515473140068411,-1.899999999999999,0.0,0.0,2.7777777777777777,2.7777777777777777,13.88888888888889,22.74952711284462,22.44444444444444,0.6519959288295714,-0.009999999999999343,-0.7000000000000001,-0.7000000000000001,2.7777777777777777,2.7777777777777777
48,0.8,False,0,1.9656591784821125,True,2.880154888888887,4.44287908443408,7.0362713333333575,-1.7809697123910473,-1.8799999999999994,0.0,0.0,2.7777777777777777,2.7777777777777777,13.88888888888889,24.72971850318352,25.77777777777777,0.3662135690957502,-2.220446049250313e-16,-0.8,-0.8,2.7777777777777777,2.7777777777777777
48,0.9,False,0,1.8538283586300282,True,2.880154888888887,4.40412948822586,7.089697244444463,-1.1940176217294836,-1.8900000000000028,0.0,0.0,2.7777777777777777,2.7777777777777777,13.88888888888889,28.3354580485617,27.999999999999996,1.8614075742157379,-0.02000000000000024,-0.9,-0.9,2.7777777777777777,2.7777777777777777
48,1.0,False,0,1.8538283586300282,True,2.880154888888887,4.22113579666468,7.064104711111139,-1.75179763230647,-1.7999999999999998,0.0,0.0,2.7777777777777777,2.7777777777777777,13.88888888888889,30.370433214668648,30.22222222222221,0.7236336720633854,0.0,-1.0,-1.0,2.7777777777777777,2.7777777777777777
48,1.1,False,0,2.180322854168232,True,2.880154888888887,4.50786828181644,6.802308533333371,0.19502174593061916,-1.8799999999999981,0.0,0.0,2.7777777777777777,2.7777777777777777,13.88888888888889,30.482024916659096,31.333333333333325,0.4759536716929187,-0.0499999999999996,-1.1,-1.1,2.7777777777777777,2.7777777777777777
48,1.2000000000000002,False,0,1.9656591784821125,True,2.880154888888887,4.53734557649359,7.873201600000027,0.406950698718906,-1.7999999999999998,0.0,0.0,2.7777777777777777,2.7777777777777777,13.88888888888889,29.988117113900994,32.44444444444444,1.1943446522063867,-0.07999999999999963,-1.2000000000000002,-1.2000000000000002,2.7777777777777777,2.7777777777777777
48,1.3,False,0,2.0729910163251724,True,2.880154888888887,4.124632634064082,7.131297466666706,-1.3817132897962745,-1.8899999999999997,0.0,0.0,2.7777777777777777,2.7777777777777777,13.88888888888889,30.887008490338513,33.55555555555556,0.9225049155388194,-0.09000000000000008,-1.3,-1.3,2.7777777777777777,2.7777777777777777
48,1.4000000000000001,False,0,1.7409806466173896,True,2.880154888888887,4.167413717510226,7.96640197777779,-0.9900975603038636,-1.8999999999999986,0.0,0.0,2.7777777777777777,2.7777777777777777,13.88888888888889,32.60437351804447,34.66666666666667,0.41698759477718594,-0.08000000000000007,-1.4000000000000001,-1.4000000000000001,2.7777777777777777,2.7777777777777777
48,1.5,False,0,1.8538283586300282,True,2.880154888888887,4.521523370150615,6.84569904444447,-0.41551320016128157,-1.7999999999999998,0.0,0.0,2.7777777777777777,2.7777777777777777,13.88888888888889,35.71190998401124,35.77777777777778,0.4448344468897303,-0.04999999999999982,-1.5,-1.5,2.7777777777777777,2.7777777777777777
48,1.6,False,0,1.9656591784821125,True,2.880154888888887,3.439273815489341,7.867229311111129,-1.6760746597761438,-1.879999999999999,0.0,0.0,2.7777777777777777,2.7777777777777777,13.88888888888889,34.349068017831414,35.77777777777778,-0.3537401178212507,-0.1599999999999997,-1.6,-1.6,2.7777777777777777,2.7777777777777777
48,1.7000000000000002,False,0,2.0222798396092734,True,2.880154888888887,4.3096574916817945,7.258444822222249,-1.0612178031530384,-1.8300000000000005,0.0,0.0,2.7777777777777777,2.7777777777777777,13.88888888888889,36.65911580243714,36.888888888888886,-0.12425822445221013,-0.09999999999999964,-1.7000000000000002,-1.7000000000000002,2.7777777777777777,2.7777777777777777
49,0.0,False,0,4.0,True,13.50938888888889,-4.0671840896085625,-4.2574333333332985,2.3492584292800793,1.6,0.0,0.0,2.7777777777777777,2.7777777777777777,,,,,,,,,
49,0.1,False,0,4.0,True,13.129888888888889,-3.974909551786072,-3.941183333333316,-0.16146080134043173,1.12,-0.1,-0.1,2.7777777777777777,2.7777777777777777,12.623888888888889,105.99669699109928,106.60223888888937,-0.32785411915029905,-0.00999999999999579,-0.1,-0.1,2.7777777777777777,2.7777777777777777
49,0.2,False,0,3.400000000000001,True,2.880154888888887,4.4079751155080915,5.826086111111121,0.6330754095997335,0.5400000000000005,-0.2,-0.2,2.7777777777777777,2.7777777777777777,0.6022728888888867,8.568377207145883,11.461923399999986,1.2144007041658753,-0.019999999999997353,-0.2,-0.2,2.7777777777777777,2.7777777777777777
49,0.30000000000000004,False,0,1.0333333333333303,True,2.880154888888887,2.8239145082140285,3.5942735333333617,-0.3478703052814125,0.06999999999999851,-0.30000000000000004,-0.30000000000000004,2.7777777777777777,2.7777777777777777,2.120860888888887,3.3360956386681453,3.791348600000025,-1.687174903040349,-0.020000000000001572,-0.30000000000000004,-0.30000000000000004,2.7777777777777777,2.7777777777777777
49,0.4,False,0,1.5964227278999603,True,2.880154888888887,4.511149045504976,7.3391727777777875,-0.13121722699139649,-0.6399999999999983,-0.4,-0.4,2.7777777777777777,2.7777777777777777,6.676624888888886,9.150288080114077,9.628999355555546,2.0488557911658893,-6.661338147750939e-16,-0.4,-0.4,2.7777777777777777,2.7777777777777777
49,0.5,False,0,1.4980500146597076,True,2.880154888888887,4.223096201758989,7.066048688888896,-1.1870441020947058,-1.85,0.0,0.0,2.7777777777777777,2.7777777777777777,11.991388888888888,12.435894666945845,13.91249444444443,0.09127906884473846,0.0,-0.5,-0.5,2.7777777777777777,2.7777777777777777
49,0.6000000000000001,False,0,1.7296958754161262,True,2.880154888888887,4.537874010295423,7.851877133333358,0.4243606090630463,-1.8599999999999959,0.0,0.0,2.7777777777777777,2.7777777777777777,13.50938888888889,18.624207270242653,19.050599999999992,-1.211717552109252,-0.019999999999999574,-0.6000000000000001,-0.6000000000000001,2.7777777777777777,2.7777777777777777
49,0.7000000000000001,False,0,1.8425435874287648,True,2.880154888888887,4.275081085473642,6.985413600000027,-1.161459792488324,-1.899999999999999,0.0,0.0,2.7777777777777777,2.7777777777777777,13.88888888888889,21.72995073107352,23.44444444444444,2.1296002522909725,-0.009999999999999343,-0.7000000000000001,-0.7000000000000001,2.7777777777777777,2.7777777777777777
49,0.8,False,0,1.8425435874287648,True,2.880154888888887,3.2108173719852333,6.8480579333333695,-0.41271808868376825,-1.8799999999999994,0.0,0.0,2.7777777777777777,2.7777777777777777,13.88888888888889,24.278031466503847,26.77777777777777,0.557694473159636,-2.220446049250313e-16,-0.8,-0.8,2.7777777777777777,2.7777777777777777
49,0.9,False,0,1.8425435874287648,True,2.880154888888887,3.11620421132248,7.566401088888907,0.10611290047823507,-1.8900000000000028,0.0,0.0,2.7777777777777777,2.7777777777777777,13.88888888888889,29.10673143583757,28.999999999999996,0.008380200828415507,-0.02000000000000024,-0.9,-0.9,2.7777777777777777,2.7777777777777777
49,1.0,False,0,2.062257832540866,True,2.880154888888887,4.435700525925708,8.069546511111138,-1.6166624508520788,-1.7999999999999998,0.0,0.0,2.7777777777777777,2.7777777777777777,13.88888888888889,29.75409536564099,31.22222222222221,1.6914792330113713,0.0,-1.0,-1.0,2.7777777777777777,2.7777777777777777
49,1.1,False,0,1.8425435874287648,True,2.880154888888887,4.472942790606422,7.458051688888912,-1.3931941408416233,-1.8799999999999981,0.0,0.0,2.7777777777777777,2.7777777777777777,13.88888888888889,30.19368414369099,32.33333333333333,0.3547269019420738,-0.0499999999999996,-1.1,-1.1,2.7777777777777777,2.7777777777777777
49,1.2000000000000002,False,0,1.9549259946978064,True,2.880154888888887,4.076667149319026,7.037778533333371,-0.2546297318485393,-1.7999999999999998,0.0,0.0,2.7777777777777777,2.7777777777777777,13.88888888888889,31.53462911307407,33.44444444444444,0.4501947393206449,-0.07999999999999963,-1.2000000000000002,-1.2000000000000002,2.7777777777777777,2.7777777777777777
49,1.3,False,0,1.8425435874287648,True,2.880154888888887,4.451144957695502,7.247325177777808,-1.755821675090299,-1.8899999999999997,0.0,0.0,2.7777777777777777,2.7777777777777777,13.88888888888889,35.36787886560873,34.55555555555556,1.46897816564656,-0.09000000000000008,-1.3,-1.3,2.7777777777777777,2.7777777777777777
49,1.4000000000000001,False,0,1.8425435874287648,True,2.880154888888887,2.7939642825352395,7.180781800000017,-1.7265936668807231,-1.8999999999999986,0.0,0.0,2.7777777777777777,2.7777777777777777,13.88888888888889,36.566383852965345,35.66666666666667,-0.30284603217097694,-0.08000000000000007,-1.4000000000000001,-1.4000000000000001,2.7777777777777777,2.7777777777777777
49,1.5,False,0,2.062257832540866,True,2.880154888888887,4.192919602094645,7.363147933333363,-0.6061293995069328,-1.7999999999999998,0.0,0.0,2.7777777777777777,2.7777777777777777,13.88888888888889,37.29401611674578,36.77777777777778,-0.7221506414410028,-0.04999999999999982,-1.5,-1.5,2.7777777777777777,2.7777777777777777
49,1.6,False,0,2.062257832540866,True,2.880154888888887,4.1621876249992455,7.078198888888918,-1.810337573479792,-1.879999999999999,0.0,0.0,2.7777777777777777,2.7777777777777777,13.88888888888889,35.1246278853328,36.77777777777778,1.7546575267517865,-0.1599999999999997,-1.6,-1.6,2.7777777777777777,2.7777777777777777
49,1.7000000000000002,False,0,1.9549259946978064,True,2.880154888888887,4.269025252771795,6.6905445555559,-1.4450271635423302,-1.8300000000000005,0.0,0.0,2.7777777777777777,2.7777777777777777,13.88888888888889,39.484616531034085,37.888888888888886,-0.9368256257310936,-0.09999999999999964,-1.7000000000000002,-1.7000000000000002,2.7777777777777777,2.7777777777777777
50,0.0,False,0,4.0,True,13.50938888888889,-3.7185570095193894,-4.2947055555555975,2.0993500386794914,1.6,0.0,0.0,2.7777777777777777,2.7777777777777777,,,,,,,,,
50,0.1,False,0,4.0,True,11.232388888888888,-4.089375547861041,-4.265255555555558,1.0843417545588228,1.1,-0.1,-0.1,2.7777777777777777,2.7777777777777777,10.473094888888888,81.22958707684651,81.15920488888857,-0.3115140794606488,-0.00999999999999579,-0.1,-0.1,2.7777777777777777,2.7777777777777777
50,0.2,False,0,2.4000000000000044,True,10.473094888888888,-1.6048665012193224,-4.08386273333335,0.49836933080632484,0.5800000000000005,-0.2,-0.2,2.7777777777777777,2.7777777777777777,10.473094888888888,21.801069605976803,19.002088599999905,-0.2154059175830776,-0.019999999999997353,-0.2,-0.2,2.7777777777777777,2.7777777777777777
50,0.30000000000000004,False,0,1.2333333333333305,True,2.880154888888887,4.433470334910614,4.487631000000026,-1.6821072729194748,-0.020000000000001572,-0.30000000000000004,-0.30000000000000004,2.7777777777777777,2.7777777777777777,2.880154888888887,4.433470334910614,4.487631000000026,-1.6821072729194748,-0.020000000000001572,-0.30000000000000004,-0.30000000000000004,2.7777777777777777,2.7777777777777777
50,0.4,False,0,1.7147013792604937,True,2.880154888888887,4.205523916402368,6.982677800000016,-0.8947385475870695,-1.880000000000006,0.0,0.0,2.7777777777777777,2.7777777777777777,6.676624888888886,9.799191484155589,10.553069955555546,0.2624745783667821,-6.661338147750939e-16,-0.4,-0.4,2.7777777777777777,2.7777777777777777
50,0.5,False,0,1.4927156801895847,True,2.880154888888887,4.311061272144106,7.119888666666687,-1.5719975194993485,-1.85,0.0,0.0,2.7777777777777777,2.7777777777777777,12.623888888888889,16.570051500332813,14.697444444444447,-1.0991881692027328,0.0,-0.5,-0.5,2.7777777777777777,2.7777777777777777
50,0.6000000000000001,False,0,1.718411104214862,True,2.880154888888887,3.9622165633338655,7.19817082222225,-0.8376894172505933,-1.8599999999999959,0.0,0.0,2.7777777777777777,2.7777777777777777,13.76238888888889,20.520872382812673,20.012649999999997,-0.646196962584463,-0.019999999999999574,-0.6000000000000001,-0.6000000000000001,2.7777777777777777,2.7777777777777777
50,0.7000000000000001,False,0,1.8312588162275012,True,2.880154888888887,3.5638074472518158,6.9468181555555875,-1.1715844850085912,-1.899999999999999,0.0,0.0,2.7777777777777777,2.7777777777777777,13.88888888888889,25.057670624435136,24.44444444444444,-1.4901445067394372,-0.009999999999999343,-0.7000000000000001,-0.7000000000000001,2.7777777777777777,2.7777777777777777
50,0.8,False,0,1.9441065282401397,True,2.880154888888887,4.4412315626082775,7.456466355555588,-0.01836362159247029,-1.8799999999999994,0.0,0.0,2.7777777777777777,2.7777777777777777,13.88888888888889,24.947269241171405,27.777777777777768,0.7583056276268239,-2.220446049250313e-16,-0.8,-0.8,2.7777777777777777,2.7777777777777777
50,0.9,False,0,1.8312588162275012,True,2.880154888888887,4.465349776006488,7.160954911111145,-0.8402816700601976,-1.8900000000000028,0.0,0.0,2.7777777777777777,2.7777777777777777,13.88888888888889,28.57493759919485,29.999999999999996,-0.4227941176449841,-0.02000000000000024,-0.9,-0.9,2.7777777777777777,2.7777777777777777
50,1.0,False,0,1.8312588162275012,True,2.880154888888887,3.415117592986289,7.481737688888924,-1.6711993555062383,-1.7999999999999998,0.0,0.0,2.7777777777777777,2.7777777777777777,13.88888888888889,32.854710260439504,32.222222222222214,-0.10958511769080914,0.0,-1.0,-1.0,2.7777777777777777,2.7777777777777777
50,1.1,False,0,1.8312588162275012,True,2.880154888888887,4.034571599202164,7.154982622222247,-0.6934871358509593,-1.8799999999999981,0.0,0.0,2.7777777777777777,2.7777777777777777,13.88888888888889,32.775877758600494,33.33333333333333,0.15293524847804063,-0.0499999999999996,-1.1,-1.1,2.7777777777777777,2.7777777777777777
50,1.2000000000000002,False,0,1.9441065282401397,True,2.880154888888887,2.972571445076409,7.795162511111141,-0.9882121025667648,-1.7999999999999998,0.0,0.0,2.7777777777777777,2.7777777777777777,13.88888888888889,35.38755587830862,34.44444444444444,-1.1763974274057656,-0.07999999999999963,-1.2000000000000002,-1.2000000000000002,2.7777777777777777,2.7777777777777777
50,1.3,False,0,1.8312588162275012,True,2.880154888888887,4.442548883577797,7.066256955555571,-0.25706045501336705,-1.8899999999999997,0.0,0.0,2.7777777777777777,2.7777777777777777,13.88888888888889,35.393047980091985,35.55555555555556,0.903100770387923,-0.09000000000000008,-1.3,-1.3,2.7777777777777777,2.7777777777777777
50,1.4000000000000001,False,0,1.8312588162275012,True,2.880154888888887,4.518832926007005,6.618359711111137,0.13554619339937535,-1.8999999999999986,0.0,0.0,2.7777777777777777,2.7777777777777777,13.88888888888889,36.33040141170454,36.66666666666667,-0.8990638805460776,-0.08000000000000007,-1.4000000000000001,-1.4000000000000001,2.7777777777777777,2.7777777777777777
50,1.5,False,0,1.9441065282401397,True,2.880154888888887,3.524230273069503,7.199671888888912,-0.9189634118429251,-1.7999999999999998,0.0,0.0,2.7777777777777777,2.7777777777777777,13.88888888888889,37.27007079027233,37.77777777777778,0.9376097532302334,-0.04999999999999982,-1.5,-1.5,2.7777777777777777,2.7777777777777777
50,1.6,False,0,1.9441065282401397,True,2.880154888888887,3.61703508476229,7.087057066666699,0.15543175937061493,-1.879999999999999,0.0,0.0,2.7777777777777777,2.7777777777777777,13.88888888888889,36.87162563922922,37.77777777777778,0.9062253838067691,-0.1599999999999997,-1.6,-1.6,2.7777777777777777,2.7777777777777777
50,1.7000000000000002,False,0,1.944106528240139,True,2.880154888888887,3.8131758719057958,6.687786333333347,0.40953912857204733,-1.8300000000000005,0.0,0.0,2.7777777777777777,2.7777777777777777,13.88888888888889,37.67699675435226,38.888888888888886,-0.6476636795470392,-0.09999999999999964,-1.7000000000000002,-1.7000000000000002,2.7777777777777777,2.7777777777777777
51,0.0,False,0,4.0,True,13.88888888888889,-2.924587413424976,-4.044444444444497,0.7999672426927034,1.6,0.0,0.0,2.7777777777777777,2.7777777777777777,,,,,,,,,
51,0.1,False,0,4.0,True,13.50938888888889,-1.4748581787697814,-4.208894444444456,-0.08339838540317568,1.1,-0.1,-0.1,2.7777777777777777,2.7777777777777777,13.50938888888889,115.17822456539513,114.91198888888916,1.5716895391783905,-0.00999999999999579,-0.1,-0.1,2.7777777777777777,2.7777777777777777
51,0.2,False,0,3.2000000000000006,True,2.880154888888887,3.9082448661011755,5.573150755555592,-1.4084276160375877,0.44000000000000083,-0.2,-0.2,2.7777777777777777,2.7777777777777777,2.120860888888887,8.244971202789213,7.08405959999993,0.9088999767284278,-0.019999999999997353,-0.2,-0.2,2.7777777777777777,2.7777777777777777
51,0.30000000000000004,False,0,1.094543100306016,True,2.880154888888887,3.2343968277659103,4.263434844444451,-0.949776982619674,0.09999999999999876,-0.30000000000000004,-0.30000000000000004,2.7777777777777777,2.7777777777777777,2.120860888888887,2.7547195904317805,4.526201600000012,1.7549341477538545,-0.020000000000001572,-0.30000000000000004,-0.30000000000000004,2.7777777777777777,2.7777777777777777
51,0.4,False,0,1.7105366565253666,True,2.880154888888887,4.040085734401299,7.372329955555583,0.21355096824363606,-1.880000000000006,0.0,0.0,2.7777777777777777,2.7777777777777777,6.676624888888886,8.211621360951522,10.983672955555551,0.09172929429835053,-6.661338147750939e-16,-0.4,-0.4,2.7777777777777777,2.7777777777777777
51,0.5,False,0,1.3680261690132345,True,2.880154888888887,2.6227399587031117,7.062466600000012,-0.6084543938463176,-1.85,-0.5,0.0,2.7777777777777777,2.7777777777777777,13.50938888888889,15.569366453389069,15.545644444444438,0.52441036012765,0.0,-0.5,-0.5,2.7777777777777777,2.7777777777777777
51,0.6000000000000001,False,0,1.7071263330135984,True,2.880154888888887,4.474556658743464,7.991388533333361,-0.8520199265082637,-1.8599999999999959,0.0,0.0,2.7777777777777777,2.7777777777777777,13.88888888888889,19.265232531581677,21.000000000000004,-1.5644973943001892,-0.019999999999999574,-0.6000000000000001,-0.6000000000000001,2.7777777777777777,2.7777777777777777
51,0.7000000000000001,False,0,1.5942786210009599,True,2.880154888888887,4.407416956993626,7.623361422222243,-0.3309151702928219,-1.899999999999999,0.0,0.0,2.7777777777777777,2.7777777777777777,13.88888888888889,23.474449336019436,25.44444444444444,4.344286370973856,-0.009999999999999343,-0.7000000000000001,-0.7000000000000001,2.7777777777777777,2.7777777777777777
51,0.8,False,0,1.9328217570388764,True,2.880154888888887,3.920052086273981,7.183258733333358,-1.585768669838362,-1.8799999999999994,0.0,0.0,2.7777777777777777,2.7777777777777777,13.88888888888889,27.73541689744057,28.777777777777768,0.1451272664596832,-2.220446049250313e-16,-0.8,-0.8,2.7777777777777777,2.7777777777777777
51,0.9,False,0,1.9328217570388764,True,2.880154888888887,3.786233876500657,6.848828000000037,-1.3734615744694727,-1.8900000000000028,0.0,0.0,2.7777777777777777,2.7777777777777777,13.88888888888889,29.472862517434447,30.999999999999996,0.1084497456872966,-0.02000000000000024,-0.9,-0.9,2.7777777777777777,2.7777777777777777
51,1.0,False,0,1.9328217570388764,True,2.880154888888887,3.714414975823556,7.051875355555592,-1.3194099055325776,-1.7999999999999998,0.0,0.0,2.7777777777777777,2.7777777777777777,13.88888888888889,31.48062249421673,33.222222222222214,-0.2336059693303172,0.0,-1.0,-1.0,2.7777777777777777,2.7777777777777777
51,1.1,False,0,1.9328217570388764,True,2.880154888888887,4.032918598170082,6.4299370222222025,-1.2671352627884103,-1.8799999999999981,0.0,0.0,2.7777777777777777,2.7777777777777777,13.88888888888889,33.62941558616011,34.33333333333333,-0.8651659918571248,-0.0499999999999996,-1.1,-1.1,2.7777777777777777,2.7777777777777777
51,1.2000000000000002,False,0,1.819974045026237,True,2.880154888888887,4.441563536605952,6.746981377777769,-1.4157224511566673,-1.7999999999999998,0.0,0.0,2.7777777777777777,2.7777777777777777,13.88888888888889,34.85289763493422,35.44444444444444,1.4361100990664464,-0.07999999999999963,-1.2000000000000002,-1.2000000000000002,2.7777777777777777,2.7777777777777777
51,1.3,False,0,2.1481233028153133,True,2.880154888888887,3.2205681464405957,6.415228088888864,-1.7264079990423082,-1.8899999999999997,0.0,0.0,2.7777777777777777,2.7777777777777777,13.88888888888889,34.03640658785861,36.55555555555556,-0.7230318840565189,-0.09000000000000008,-1.3,-1.3,2.7777777777777777,2.7777777777777777
51,1.4000000000000001,False,0,1.9328217570388764,True,2.880154888888887,3.8800543125816747,6.994714511111138,-1.833948422609856,-1.8999999999999986,0.0,0.0,2.7777777777777777,2.7777777777777777,13.88888888888889,36.88007332757749,37.66666666666667,0.4059842460661969,-0.08000000000000007,-1.4000000000000001,-1.4000000000000001,2.7777777777777777,2.7777777777777777
51,1.5,False,0,1.9328217570388764,True,2.880154888888887,3.138341456609081,7.084295355555565,-1.7059135383959874,-1.7999999999999998,0.0,0.0,2.7777777777777777,2.7777777777777777,13.88888888888889,38.31713476239022,38.77777777777778,-0.813260894092974,-0.04999999999999982,-1.5,-1.5,2.7777777777777777,2.7777777777777777
51,1.6,False,0,2.040791464972254,True,2.880154888888887,3.8148006844269107,7.3414110222222435,-0.055321014604553076,-1.879999999999999,0.0,0.0,2.7777777777777777,2.7777777777777777,13.88888888888889,38.70119983096723,38.77777777777778,0.08566998967435913,-0.1599999999999997,-1.6,-1.6,2.7777777777777777,2.7777777777777777
51,1.7000000000000002,False,0,1.810536656525365,True,2.880154888888887,4.27313835340635,7.724677555555556,-1.0259552767267939,-1.8300000000000005,0.0,0.0,2.7777777777777777,2.7777777777777777,13.88888888888889,39.23126326559159,39.888888888888886,-0.9363989213454171,-0.09999999999999964,-1.7000000000000002,-1.7000000000000002,2.7777777777777777,2.7777777777777777
52,0.0,False,0,4.0,True,11.991388888888888,-3.1254507243258187,-3.932966666666661,3.57300034015211,1.6,0.0,0.0,2.7777777777777777,2.7777777777777777,,,,,,,,,
52,0.1,False,0,4.0,True,13.129888888888889,-3.4041946345015814,-4.262233333333358,1.3951129757675775,1.0900000000000003,-0.1,-0.1,2.7777777777777777,2.7777777777777777,13.129888888888889,110.4555285301715,109.61098888888968,0.5279364729115072,-0.00999999999999579,-0.1,-0.1,2.7777777777777777,2.7777777777777777
52,0.2,False,0,2.9000000000000026,True,2.880154888888887,3.8554544425129764,6.0389974666666975,1.1364650882083036,0.46000000000000085,-0.2,-0.2,2.7777777777777777,2.7777777777777777,1.3615668888888868,9.149080462713709,8.982327200000011,-1.0008355896591614,-0.019999999999997353,-0.2,-0.2,2.7777777777777777,2.7777777777777777
52,0.30000000000000004,False,0,0.17588392813444423,True,2.880154888888887,-1.4207549437522173,0.1784591777777793,-1.044234929645825,-0.08000000000000185,-0.30000000000000004,-0.30000000000000004,2.7777777777777777,2.7777777777777777,3.639448888888887,0.5438251403105427,0.19893459999999852,-1.622568303370828,-0.020000000000001572,-0.30000000000000004,-0.30000000000000004,2.7777777777777777,2.7777777777777777
52,0.4,False,0,1.2504748409659632,True,2.880154888888887,4.23021082326454,6.108219200000019,-1.7769515793239765,-0.5599999999999987,-0.4,-0.4,2.7777777777777777,2.7777777777777777,9.713800888888887,10.789264049191974,9.212793755555555,-0.10835022044911513,-6.661338147750939e-16,-0.4,-0.4,2.7777777777777777,2.7777777777777777
52,0.5,False,0,1.695841561812335,True,2.880154888888887,4.344464682418502,6.955469688888951,-1.826849830638403,-1.85,0.0,0.0,2.7777777777777777,2.7777777777777777,12.623888888888889,15.186144056883787,16.697444444444447,-0.36847402057840406,0.0,-0.5,-0.5,2.7777777777777777,2.7777777777777777
52,0.6000000000000001,False,0,1.9215369858376121,True,2.880154888888887,3.663730475234229,7.266664133333333,-1.1928576115339817,-1.8599999999999959,0.0,0.0,2.7777777777777777,2.7777777777777777,13.76238888888889,20.42495295629858,22.012649999999997,-1.0014934884579856,-0.019999999999999574,-0.6000000000000001,-0.6000000000000001,2.7777777777777777,2.7777777777777777
52,0.7000000000000001,False,0,1.9215369858376121,True,2.880154888888887,4.300201871341142,7.195000155555573,-0.05827545902338893,-1.899999999999999,0.0,0.0,2.7777777777777777,2.7777777777777777,13.88888888888889,25.051085417298975,26.44444444444444,-0.0688856743497619,-0.009999999999999343,-0.7000000000000001,-0.7000000000000001,2.7777777777777777,2.7777777777777777
52,0.8,False,0,1.808689273824973,True,2.880154888888887,4.54634081211442,7.006986422222252,-0.6778735595819134,-1.8799999999999994,0.0,0.0,2.7777777777777777,2.7777777777777777,13.88888888888889,30.503165831973487,29.777777777777768,-0.6599345221945385,-2.220446049250313e-16,-0.8,-0.8,2.7777777777777777,2.7777777777777777
52,0.9,False,0,2.030058281187948,True,2.880154888888887,4.024389124199897,6.954736888888886,-0.5172219502581463,-1.8900000000000028,0.0,0.0,2.7777777777777777,2.7777777777777777,13.88888888888889,30.474627364204803,31.999999999999996,-0.35414665454269256,-0.02000000000000024,-0.9,-0.9,2.7777777777777777,2.7777777777777777
52,1.0,False,0,1.9215369858376121,True,2.880154888888887,3.956701503473451,6.800850022222247,-1.5332838451203132,-1.7999999999999998,0.0,0.0,2.7777777777777777,2.7777777777777777,13.88888888888889,35.871431835160905,34.222222222222214,3.1389473510223795,0.0,-1.0,-1.0,2.7777777777777777,2.7777777777777777
52,1.1,False,0,1.808689273824973,True,2.880154888888887,3.807657036602177,6.995041844444441,-0.7967838080789758,-1.8799999999999981,0.0,0.0,2.7777777777777777,2.7777777777777777,13.88888888888889,33.91689064406222,35.33333333333333,-0.15536236166771622,-0.0499999999999996,-1.1,-1.1,2.7777777777777777,2.7777777777777777
52,1.2000000000000002,False,0,1.808689273824973,True,2.880154888888887,4.13270495100299,7.051347511111143,-1.5546720851958535,-1.7999999999999998,0.0,0.0,2.7777777777777777,2.7777777777777777,13.88888888888889,34.91052902375894,36.44444444444444,-0.01103616393300233,-0.07999999999999963,-1.2000000000000002,-1.2000000000000002,2.7777777777777777,2.7777777777777777
52,1.3,False,0,2.030058281187948,True,2.880154888888887,3.861832973363261,7.142429422222247,-1.2799270863464267,-1.8899999999999997,0.0,0.0,2.7777777777777777,2.7777777777777777,13.88888888888889,38.59820244598321,37.55555555555556,-1.0051161694752486,-0.09000000000000008,-1.3,-1.3,2.7777777777777777,2.7777777777777777
52,1.4000000000000001,False,0,2.030058281187948,True,2.880154888888887,4.35409218605825,6.383987111111122,-0.3845759335876753,-1.8999999999999986,0.0,0.0,2.7777777777777777,2.7777777777777777,13.88888888888889,39.70986343661585,38.66666666666667,0.5989140494905718,-0.08000000000000007,-1.4000000000000001,-1.4000000000000001,2.7777777777777777,2.7777777777777777
52,1.5,False,0,2.030058281187948,True,2.880154888888887,4.544577110396671,7.343766422222271,-0.5684025361621634,-1.7999999999999998,0.0,0.0,2.7777777777777777,2.7777777777777777,13.88888888888889,40.0666905471375,39.77777777777778,-1.491546314667803,-0.04999999999999982,-1.5,-1.5,2.7777777777777777,2.7777777777777777
52,1.6,False,0,2.030058281187948,True,2.880154888888887,3.986707446224071,7.2012936444444735,-0.9193445843308105,-1.879999999999999,0.0,0.0,2.7777777777777777,2.7777777777777777,13.88888888888889,40.014083297664975,39.77777777777778,2.6548613447507,-0.1599999999999997,-1.6,-1.6,2.7777777777777777,2.7777777777777777
52,1.7000000000000002,False,0,1.9215369858376115,True,2.880154888888887,4.409584617775804,7.003042199999993,-0.9186151945221879,-1.8300000000000005,0.0,0.0,2.7777777777777777,2.7777777777777777,13.88888888888889,41.31942054900745,40.888888888888886,1.4675307398450728,-0.09999999999999964,-1.7000000000000002,-1.7000000000000002,2.7777777777777777,2.7777777777777777
53,0.0,False,0,4.0,True,12.623888888888889,-2.6660973043833023,-4.01877777777776,0.5114846659561647,1.6,0.0,0.0,2.7777777777777777,2.7777777777777777,,,,,,,,,
53,0.1,False,0,4.0,True,10.473094888888888,-2.8902621396623003,-4.052402999999972,2.971128204337481,1.0600000000000005,-0.1,-0.1,2.7777777777777777,2.7777777777777777,10.473094888888888,76.37754437937097,77.79229608888856,-0.4152549231254423,-0.00999999999999579,-0.1,-0.1,2.7777777777777777,2.7777777777777777
53,0.2,False,0,2.0857116499566772,True,2.880154888888887,0.6136073498565198,0.21352913333335,-1.534348688255048,0.40000000000000124,-0.2,-0.2,2.7777777777777777,2.7777777777777777,0.0,3.2907351937022726,5.229922333333332,0.48134651885782453,-0.019999999999997353,-0.2,-0.2,2.7777777777777777,2.7777777777777777
53,0.30000000000000004,False,0,1.1447440999171357,True,2.880154888888887,3.7581970576697517,4.931801800000021,-1.237231091094956,-0.020000000000001572,-0.30000000000000004,-0.30000000000000004,2.7777777777777777,2.7777777777777777,2.880154888888887,3.7581970576697517,4.931801800000021,-1.237231091094956,-0.020000000000001572,-0.30000000000000004,-0.30000000000000004,2.7777777777777777,2.7777777777777777
53,0.4,False,0,1.238415387862161,True,2.880154888888887,4.103444779321369,5.8102707333333585,1.2360920320989193,-0.43999999999999906,-0.4,-0.4,2.7777777777777777,2.7777777777777777,10.473094888888888,11.018182683899095,9.795284955555555,-0.5624053051511333,-6.661338147750939e-16,-0.4,-0.4,2.7777777777777777,2.7777777777777777
53,0.5,False,0,1.79740450262371,True,2.880154888888887,4.486490962439956,7.330972800000038,0.20768366809887162,-1.85,0.0,0.0,2.7777777777777777,2.7777777777777777,12.623888888888889,16.27139110946276,17.697444444444447,-1.673109544980485,0.0,-0.5,-0.5,2.7777777777777777,2.7777777777777777
53,0.6000000000000001,False,0,1.784252511778582,True,2.880154888888887,4.44882967619152,6.851510733333353,-0.5412150211330766,-1.8599999999999959,0.0,0.0,2.7777777777777777,2.7777777777777777,13.88888888888889,21.645158302816245,23.000000000000004,-0.302791108801836,-0.019999999999999574,-0.6000000000000001,-0.6000000000000001,2.7777777777777777,2.7777777777777777
53,0.7000000000000001,False,0,1.79740450262371,True,2.880154888888887,3.7562376399893056,7.041761822222253,-1.8819493024138514,-1.899999999999999,0.0,0.0,2.7777777777777777,2.7777777777777777,13.88888888888889,27.919607619775082,27.44444444444444,-0.2066142082776541,-0.009999999999999343,-0.7000000000000001,-0.7000000000000001,2.7777777777777777,2.7777777777777777
53,0.8,False,0,2.019325097403643,True,2.880154888888887,4.478449360287084,7.720655200000036,-0.5055327347556686,-1.8799999999999994,0.0,0.0,2.7777777777777777,2.7777777777777777,13.88888888888889,31.424334984006716,30.777777777777768,-1.683292002920273,-2.220446049250313e-16,-0.8,-0.8,2.7777777777777777,2.7777777777777777
53,0.9,False,0,1.9102522146363479,True,2.880154888888887,4.434830984281175,7.4430606222222595,-1.483628441500557,-1.8900000000000028,0.0,0.0,2.7777777777777777,2.7777777777777777,13.88888888888889,33.16589105893648,33.0,1.7449170846831286,-0.02000000000000024,-0.9,-0.9,2.7777777777777777,2.7777777777777777
53,1.0,False,0,1.9102522146363479,True,2.880154888888887,4.371833651251859,7.009663022222253,-0.12201378299386523,-1.7999999999999998,0.0,0.0,2.7777777777777777,2.7777777777777777,13.88888888888889,36.0256606591567,35.222222222222214,0.5448181151544613,0.0,-1.0,-1.0,2.7777777777777777,2.7777777777777777
53,1.1,False,0,2.019325097403643,True,2.880154888888887,3.9824409734781456,8.059351355555574,-1.830035343062478,-1.8799999999999981,0.0,0.0,2.7777777777777777,2.7777777777777777,13.88888888888889,36.704336918100694,36.33333333333333,-0.4491429456934748,-0.0499999999999996,-1.1,-1.1,2.7777777777777777,2.7777777777777777
53,1.2000000000000002,False,0,2.019325097403643,True,2.880154888888887,4.247303380637388,7.524431822222238,-0.4858070713397493,-1.7999999999999998,0.0,0.0,2.7777777777777777,2.7777777777777777,13.88888888888889,37.03778153925349,37.44444444444444,-0.8085606975273039,-0.07999999999999963,-1.2000000000000002,-1.2000000000000002,2.7777777777777777,2.7777777777777777
53,1.3,False,0,2.019325097403643,True,2.880154888888887,4.171409193240874,6.7830512000000285,-1.1613721467216034,-1.8899999999999997,0.0,0.0,2.7777777777777777,2.7777777777777777,13.88888888888889,38.30420155323467,38.55555555555556,-0.03221154623923517,-0.09000000000000008,-1.3,-1.3,2.7777777777777777,2.7777777777777777
53,1.4000000000000001,False,0,1.9102522146363479,True,2.880154888888887,4.34370475558961,6.932030244444431,-0.7189992179161313,-1.8999999999999986,0.0,0.0,2.7777777777777777,2.7777777777777777,13.88888888888889,38.90171514901627,39.66666666666667,0.09905177625108341,-0.08000000000000007,-1.4000000000000001,-1.4000000000000001,2.7777777777777777,2.7777777777777777
53,1.5,False,0,2.019325097403643,True,2.880154888888887,4.155398238265076,7.150757111111145,-0.6067902680498642,-1.7999999999999998,0.0,0.0,2.7777777777777777,2.7777777777777777,13.88888888888889,39.391090113850574,40.77777777777778,-0.5508733681161637,-0.04999999999999982,-1.5,-1.5,2.7777777777777777,2.7777777777777777
53,1.6,False,0,1.9102522146363479,True,2.880154888888887,4.5142962477245705,8.249277755555564,-0.5203098482984903,-1.879999999999999,0.0,0.0,2.7777777777777777,2.7777777777777777,13.88888888888889,41.808655785679875,40.77777777777778,1.8970245053273653,-0.1599999999999997,-1.6,-1.6,2.7777777777777777,2.7777777777777777
53,1.7000000000000002,False,0,2.0193250974036423,True,2.880154888888887,4.542886777873147,8.270929555555565,-0.46014651400896645,-1.8300000000000005,0.0,0.0,2.7777777777777777,2.7777777777777777,13.88888888888889,37.42522050431038,41.888888888888886,0.09696726696210867,-0.09999999999999964,-1.7000000000000002,-1.7000000000000002,2.7777777777777777,2.7777777777777777
54,0.0,False,0,4.0,True,13.50938888888889,-3.2710782119119015,-3.9388111111111384,2.2395342229686386,1.6,0.0,0.0,2.7777777777777777,2.7777777777777777,,,,,,,,,
54,0.1,False,0,4.0,True,13.88888888888889,-3.436715900559281,-3.7777777777777173,-0.43244149036159385,1.0800000000000005,-0.1,-0.1,2.7777777777777777,2.7777777777777777,13.76238888888889,113.63584279575234,114.91003888888828,0.5208750158021083,-0.00999999999999579,-0.1,-0.1,2.7777777777777777,2.7777777777777777
54,0.2,False,0,2.4000000000000044,True,2.880154888888887,-0.11993486939275311,0.7129716666666583,-0.2636325594299911,0.46000000000000085,-0.2,-0.2,2.7777777777777777,2.7777777777777777,0.0,7.785162345281987,6.971168266666635,0.928274828620276,-0.019999999999997353,-0.2,-0.2,2.7777777777777777,2.7777777777777777
54,0.30000000000000004,False,0,0.7860666104601242,True,2.880154888888887,1.8781080647462831,2.2542709777777903,0.8495452661032696,-0.08000000000000185,-0.30000000000000004,-0.30000000000000004,2.7777777777777777,2.7777777777777777,4.398742888888887,4.067941146205041,2.3506758000000163,-0.9353682643051636,-0.020000000000001572,-0.30000000000000004,-0.30000000000000004,2.7777777777777777,2.7777777777777777
54,0.4,False,0,1.673272019409808,True,2.880154888888887,4.482021121020847,6.47815986666667,0.1558805826346572,-1.880000000000006,0.0,0.0,2.7777777777777777,2.7777777777777777,8.195212888888886,10.907193410090496,12.085849555555566,0.3971152586297686,-6.661338147750939e-16,-0.4,-0.4,2.7777777777777777,2.7777777777777777
54,0.5,False,0,1.7861197314224457,True,2.880154888888887,3.936571515976053,6.885434444444411,-1.296955406319634,-1.85,0.0,0.0,2.7777777777777777,2.7777777777777777,13.129888888888889,19.704519864970205,18.570944444444446,-1.424294428220564,0.0,-0.5,-0.5,2.7777777777777777,2.7777777777777777
54,0.6000000000000001,False,0,1.8989674434350852,True,2.880154888888887,4.3337226051301885,7.419823488888892,-1.2216687645991182,-1.8599999999999959,0.0,0.0,2.7777777777777777,2.7777777777777777,13.88888888888889,24.738510154666688,24.000000000000004,1.8222118088965478,-0.019999999999999574,-0.6000000000000001,-0.6000000000000001,2.7777777777777777,2.7777777777777777
54,0.7000000000000001,False,0,2.0085919136193366,True,2.880154888888887,4.539208396686431,7.7042420444444675,-0.13279622292250925,-1.899999999999999,0.0,0.0,2.7777777777777777,2.7777777777777777,13.88888888888889,26.691492849205613,28.444444444444432,1.221318098802246,-0.009999999999999343,-0.7000000000000001,-0.7000000000000001,2.7777777777777777,2.7777777777777777
54,0.8,False,0,1.8989674434350852,True,2.880154888888887,4.074109154053585,6.981308777777767,-1.2589128903924491,-1.8799999999999994,0.0,0.0,2.7777777777777777,2.7777777777777777,13.88888888888889,31.178372416266438,31.777777777777768,0.8268719564911278,-2.220446049250313e-16,-0.8,-0.8,2.7777777777777777,2.7777777777777777
54,0.9,False,0,2.0085919136193366,True,2.880154888888887,4.460431906068647,7.7716406000000235,0.3426063915156621,-1.8900000000000028,0.0,0.0,2.7777777777777777,2.7777777777777777,13.88888888888889,34.41266908739914,34.0,1.2397050840666028,-0.02000000000000024,-0.9,-0.9,2.7777777777777777,2.7777777777777777
54,1.0,False,0,1.7861197314224457,True,2.880154888888887,4.343249565733271,7.312856266666697,-1.071263145650326,-1.7999999999999998,0.0,0.0,2.7777777777777777,2.7777777777777777,13.88888888888889,37.646405816107446,36.222222222222214,-1.2339753315724684,0.0,-1.0,-1.0,2.7777777777777777,2.7777777777777777
54,1.1,False,0,1.7861197314224457,True,2.880154888888887,4.0251633788151056,7.011697222222179,-0.8529087650835561,-1.8799999999999981,0.0,0.0,2.7777777777777777,2.7777777777777777,13.88888888888889,38.22218492149454,37.33333333333333,1.7053301772242717,-0.0499999999999996,-1.1,-1.1,2.7777777777777777,2.7777777777777777
54,1.2000000000000002,False,0,2.0085919136193366,True,2.880154888888887,4.501207497288175,7.108747933333373,-0.37080016194807586,-1.7999999999999998,0.0,0.0,2.7777777777777777,2.7777777777777777,13.88888888888889,41.64931670791778,38.44444444444444,0.8625193422402773,-0.07999999999999963,-1.2000000000000002,-1.2000000000000002,2.7777777777777777,2.7777777777777777
54,1.3,False,0,2.0085919136193366,True,2.880154888888887,3.746927029694544,7.426972155555558,-1.5024813897122098,-1.8899999999999997,0.0,0.0,2.7777777777777777,2.7777777777777777,13.88888888888889,39.63182541325422,39.55555555555556,-1.099934758239431,-0.09000000000000008,-1.3,-1.3,2.7777777777777777,2.7777777777777777
54,1.4000000000000001,False,0,1.8989674434350852,True,2.880154888888887,4.489761747805585,7.485515177777782,-1.518559381559558,-1.8999999999999986,0.0,0.0,2.7777777777777777,2.7777777777777777,13.88888888888889,40.1555554466199,40.66666666666667,0.6319638227389173,-0.08000000000000007,-1.4000000000000001,-1.4000000000000001,2.7777777777777777,2.7777777777777777
54,1.5,False,0,1.8989674434350852,True,2.880154888888887,3.908369162416318,6.6537020222221885,-1.2887029653093174,-1.7999999999999998,0.0,0.0,2.7777777777777777,2.7777777777777777,13.88888888888889,42.04980435511445,41.77777777777778,1.1318772792089624,-0.04999999999999982,-1.5,-1.5,2.7777777777777777,2.7777777777777777
54,1.6,False,0,1.7861197314224457,True,2.880154888888887,3.455137756589264,6.786467577777782,-1.3938338153084349,-1.879999999999999,0.0,0.0,2.7777777777777777,2.7777777777777777,13.88888888888889,42.572169878215426,41.77777777777778,-0.3247555274714409,-0.1599999999999997,-1.6,-1.6,2.7777777777777777,2.7777777777777777
54,1.7000000000000002,False,0,1.8989674434350845,True,2.880154888888887,4.4513850034905404,7.455653733333304,-1.2679749114396586,-1.8300000000000005,0.0,0.0,2.7777777777777777,2.7777777777777777,13.88888888888889,45.664614419466254,42.888888888888886,0.9014152474505419,-0.09999999999999964,-1.7000000000000002,-1.7000000000000002,2.7777777777777777,2.7777777777777777
55,0.0,False,0,4.0,True,13.50938888888889,-2.3244236494736183,-3.8256388888888493,2.774501429160202,1.6,0.0,0.0,2.7777777777777777,2.7777777777777777,,,,,,,,,
55,0.1,False,0,4.0,True,13.129888888888889,-2.661751117901761,-4.0174500000000135,3.7467728798090945,1.0600000000000005,-0.1,-0.1,2.7777777777777777,2.7777777777777777,13.129888888888889,106.5697020626435,106.75013888888968,0.5640283706902403,-0.00999999999999579,-0.1,-0.1,2.7777777777777777,2.7777777777777777
55,0.2,False,0,0.9000000000000097,True,2.880154888888887,-2.731292133618356,-2.0308982000000126,-0.05473534288531523,0.3400000000000012,-0.2,-0.2,2.7777777777777777,2.7777777777777777,0.0,2.280091602874319,2.5606317333332926,-0.16612036361605154,-0.019999999999997353,-0.2,-0.2,2.7777777777777777,2.7777777777777777
55,0.30000000000000004,False,0,1.026959961297031,True,2.880154888888887,-0.4012829916931535,3.345321466666687,-0.41277477062136203,-0.11000000000000187,-0.30000000000000004,-0.30000000000000004,2.7777777777777777,2.7777777777777777,4.398742888888887,5.389740186108651,3.4519640000000296,0.7834861524472929,-0.020000000000001572,-0.30000000000000004,-0.30000000000000004,2.7777777777777777,2.7777777777777777
55,0.4,False,0,1.888967443435084,True,2.880154888888887,4.523211617361452,7.145614422222178,-1.1491768702688496,-1.880000000000006,0.0,0.0,2.7777777777777777,2.7777777777777777,8.195212888888886,13.280153329113855,13.364149555555553,-0.3059827327971567,-6.661338147750939e-16,-0.4,-0.4,2.7777777777777777,2.7777777777777777
55,0.5,False,0,1.774834960221183,True,2.880154888888887,3.722902845677152,6.77176128888888,-1.5695148840128925,-1.85,0.0,0.0,2.7777777777777777,2.7777777777777777,13.50938888888889,20.55798386702101,19.49504444444445,1.082707093682966,0.0,-0.5,-0.5,2.7777777777777777,2.7777777777777777
55,0.6000000000000001,False,0,2.10519056767809,True,2.880154888888887,4.4614487529076685,8.260610222222251,-1.337784686907118,-1.8599999999999959,0.0,0.0,2.7777777777777777,2.7777777777777777,13.88888888888889,23.054856439626167,25.000000000000004,-0.6882820127309439,-0.019999999999999574,-0.6000000000000001,-0.6000000000000001,2.7777777777777777,2.7777777777777777
55,0.7000000000000001,False,0,1.830998824203323,True,2.880154888888887,4.282890585442144,7.256935266666642,-1.2103182207243763,-1.899999999999999,0.0,0.0,2.7777777777777777,2.7777777777777777,13.88888888888889,27.49392720674236,29.444444444444432,1.2918027701575028,-0.009999999999999343,-0.7000000000000001,-0.7000000000000001,2.7777777777777777,2.7777777777777777
55,0.8,False,0,1.774834960221183,True,2.880154888888887,3.9307388833106502,7.289619133333329,-1.157864664802021,-1.8799999999999994,0.0,0.0,2.7777777777777777,2.7777777777777777,13.88888888888889,33.79582594597032,32.77777777777777,1.6336886028066484,-2.220446049250313e-16,-0.8,-0.8,2.7777777777777777,2.7777777777777777
55,0.9,False,0,1.9978587298350305,True,2.880154888888887,3.0808457523357875,7.398610933333427,0.09242389382137262,-1.8900000000000028,0.0,0.0,2.7777777777777777,2.7777777777777777,13.88888888888889,33.391647356503626,35.0,1.0226971774895834,-0.02000000000000024,-0.9,-0.9,2.7777777777777777,2.7777777777777777
55,1.0,False,0,1.9978587298350305,True,2.880154888888887,3.7981909326672367,6.879904888888842,-1.4057524726052897,-1.7999999999999998,0.0,0.0,2.7777777777777777,2.7777777777777777,13.88888888888889,37.68653759654846,37.222222222222214,0.5509938548455637,0.0,-1.0,-1.0,2.7777777777777777,2.7777777777777777
55,1.1,False,0,1.9978587298350305,True,2.880154888888887,4.257681807399689,6.589835244444356,-1.2078894379160467,-1.8799999999999981,0.0,0.0,2.7777777777777777,2.7777777777777777,13.88888888888889,37.49923771708075,38.33333333333333,2.2384567345058097,-0.0499999999999996,-1.1,-1.1,2.7777777777777777,2.7777777777777777
55,1.2000000000000002,False,0,1.9978587298350305,True,2.880154888888887,3.6659862936686496,6.867108622222244,-1.4885976068898854,-1.7999999999999998,0.0,0.0,2.7777777777777777,2.7777777777777777,13.88888888888889,39.53360761538437,39.44444444444444,1.286623248173854,-0.07999999999999963,-1.2000000000000002,-1.2000000000000002,2.7777777777777777,2.7777777777777777
55,1.3,False,0,1.9978587298350305,True,2.880154888888887,4.32407326257717,7.599954911111138,-0.8444434147471218,-1.8899999999999997,0.0,0.0,2.7777777777777777,2.7777777777777777,13.88888888888889,39.54473997012859,40.55555555555556,-0.42848759961180893,-0.09000000000000008,-1.3,-1.3,2.7777777777777777,2.7777777777777777
55,1.4000000000000001,False,0,1.887682672233821,True,2.880154888888887,3.5849946465882825,6.728576577777713,-1.3135939536572345,-1.8999999999999986,0.0,0.0,2.7777777777777777,2.7777777777777777,13.88888888888889,42.203189452961695,41.66666666666667,1.0427667275835448,-0.08000000000000007,-1.4000000000000001,-1.4000000000000001,2.7777777777777777,2.7777777777777777
55,1.5,False,0,1.887682672233821,True,2.880154888888887,3.6263050296125217,7.06727273333328,-1.3744020553479586,-1.7999999999999998,0.0,0.0,2.7777777777777777,2.7777777777777777,13.88888888888889,40.72304014733011,42.77777777777778,-0.08234153266219968,-0.04999999999999982,-1.5,-1.5,2.7777777777777777,2.7777777777777777
55,1.6,False,0,1.887682672233821,True,2.880154888888887,3.5564305436247396,7.3112709333332875,-0.9380998690439314,-1.879999999999999,0.0,0.0,2.7777777777777777,2.7777777777777777,13.88888888888889,42.85748819084037,42.77777777777778,-0.7307060724407557,-0.1599999999999997,-1.6,-1.6,2.7777777777777777,2.7777777777777777
55,1.7000000000000002,False,0,1.9978587298350299,True,2.880154888888887,4.514139695861172,6.946451755555484,-1.2074400763474675,-1.8300000000000005,0.0,0.0,2.7777777777777777,2.7777777777777777,13.88888888888889,42.39341659972462,43.888888888888886,0.3200909857118517,-0.09999999999999964,-1.7000000000000002,-1.7000000000000002,2.7777777777777777,2.7777777777777777
56,0.0,False,0,4.0,True,13.50938888888889,-4.042453883381486,-3.8861499999999607,0.0339705782863402,1.6,0.0,0.0,2.7777777777777777,2.7777777777777777,,,,,,,,,
56,0.1,False,0,4.0,True,10.473094888888888,-3.7307629977274415,-4.148836577777817,1.9121832536141112,1.0400000000000005,-0.1,-0.1,2.7777777777777777,2.7777777777777777,10.473094888888888,80.06144121589811,76.65199308888855,-0.4932326945901653,-0.00999999999999579,-0.1,-0.1,2.7777777777777777,2.7777777777777777
56,0.2,False,0,1.700000000000006,True,2.880154888888887,-0.4984206121966137,-0.6583116666666653,0.3422578092761377,0.40000000000000124,-0.2,-0.2,2.7777777777777777,2.7777777777777777,0.0,3.6064036950968132,4.766551599999983,0.07542359737030391,-0.019999999999997353,-0.2,-0.2,2.7777777777777777,2.7777777777777777
56,0.30000000000000004,False,0,0.9212450739389919,True,2.880154888888887,2.9098354164393188,3.482356377777788,0.3057898369382781,-0.08000000000000185,-0.30000000000000004,-0.30000000000000004,2.7777777777777777,2.7777777777777777,4.398742888888887,3.325680970143691,3.578761200000014,-0.0829410216553228,-0.020000000000001572,-0.30000000000000004,-0.30000000000000004,2.7777777777777777,2.7777777777777777
56,0.4,False,0,1.4447990593626583,True,2.880154888888887,4.31695113286649,7.153856111111122,-0.34509272482631803,-0.8799999999999977,-0.4,-0.4,2.7777777777777777,2.7777777777777777,11.232388888888888,11.980022139825333,12.466355555555548,0.5198031220818016,-6.661338147750939e-16,-0.4,-0.4,2.7777777777777777,2.7777777777777777
56,0.5,False,0,1.3936907314511966,True,2.880154888888887,4.2199160226190715,6.949749244444473,-0.2453535262416937,-1.85,0.0,0.0,2.7777777777777777,2.7777777777777777,13.88888888888889,18.777676936986754,20.44444444444446,0.1620341130095695,0.0,-0.5,-0.5,2.7777777777777777,2.7777777777777777
56,0.6000000000000001,False,0,1.6507024770072796,True,2.880154888888887,3.094901923352009,6.941009111111083,-1.6817933448705544,-1.8599999999999959,0.0,0.0,2.7777777777777777,2.7777777777777777,13.88888888888889,23.22594792655541,26.000000000000004,-0.844601972031445,-0.019999999999999574,-0.6000000000000001,-0.6000000000000001,2.7777777777777777,2.7777777777777777
56,0.7000000000000001,False,0,1.9871255460507258,True,2.880154888888887,4.090746168471466,7.0409465555555615,-0.7801271809228889,-1.899999999999999,0.0,0.0,2.7777777777777777,2.7777777777777777,13.88888888888889,30.98207430487948,30.444444444444432,-1.697080701322316,-0.009999999999999343,-0.7000000000000001,-0.7000000000000001,2.7777777777777777,2.7777777777777777
56,0.8,False,0,2.094457383893784,True,2.880154888888887,4.339223009697247,6.630055933333293,-0.414487970530905,-1.8799999999999994,0.0,0.0,2.7777777777777777,2.7777777777777777,13.88888888888889,32.07244001413275,33.77777777777777,-0.08168708101439859,-2.220446049250313e-16,-0.8,-0.8,2.7777777777777777,2.7777777777777777
56,0.9,False,0,1.9871255460507258,True,2.880154888888887,3.9608597171906412,7.516998377777807,-0.5378169384313989,-1.8900000000000028,0.0,0.0,2.7777777777777777,2.7777777777777777,13.88888888888889,33.986275907447094,36.0,0.1625970023643717,-0.02000000000000024,-0.9,-0.9,2.7777777777777777,2.7777777777777777
56,1.0,False,0,1.7635501890199188,True,2.880154888888887,4.266593199909889,8.176679622222249,-0.5649084511216174,-1.7999999999999998,0.0,0.0,2.7777777777777777,2.7777777777777777,13.88888888888889,37.13942376816091,38.222222222222214,1.5466095304308518,0.0,-1.0,-1.0,2.7777777777777777,2.7777777777777777
56,1.1,False,0,1.9258042147788603,True,2.880154888888887,4.543647743063244,7.235488977777732,-0.7654410033808476,-1.8799999999999981,0.0,0.0,2.7777777777777777,2.7777777777777777,13.88888888888889,40.342496614579396,39.333333333333336,-1.0214173445191892,-0.0499999999999996,-1.1,-1.1,2.7777777777777777,2.7777777777777777
56,1.2000000000000002,False,0,2.094457383893784,True,2.880154888888887,4.474820643837345,7.478930777777717,-1.415595261589698,-1.7999999999999998,0.0,0.0,2.7777777777777777,2.7777777777777777,13.88888888888889,38.44655386383536,40.44444444444444,0.3092219920061159,-0.07999999999999963,-1.2000000000000002,-1.2000000000000002,2.7777777777777777,2.7777777777777777
56,1.3,False,0,1.8763979010325582,True,2.880154888888887,4.483171547352467,7.050007888888854,-1.7265266414131721,-1.8899999999999997,0.0,0.0,2.7777777777777777,2.7777777777777777,13.88888888888889,41.27279453252528,41.55555555555556,-1.1060342680119575,-0.09000000000000008,-1.3,-1.3,2.7777777777777777,2.7777777777777777
56,1.4000000000000001,False,0,1.9871255460507258,True,2.880154888888887,3.986637599959562,7.557090555555857,-0.9258704249051759,-1.8999999999999986,0.0,0.0,2.7777777777777777,2.7777777777777777,13.88888888888889,41.46853357518218,42.66666666666667,0.08420382515601488,-0.08000000000000007,-1.4000000000000001,-1.4000000000000001,2.7777777777777777,2.7777777777777777
56,1.5,False,0,1.8763979010325582,True,2.880154888888887,4.2898234102183155,6.750555711110988,-0.42415867965787535,-1.7999999999999998,0.0,0.0,2.7777777777777777,2.7777777777777777,13.88888888888889,43.116094874696174,43.77777777777778,1.536586275637808,-0.04999999999999982,-1.5,-1.5,2.7777777777777777,2.7777777777777777
56,1.6,False,0,1.9871255460507258,True,2.880154888888887,4.486433895949543,7.639850911111123,-1.7989942918246857,-1.879999999999999,0.0,0.0,2.7777777777777777,2.7777777777777777,13.88888888888889,45.07284039205998,43.77777777777778,0.1240795698913475,-0.1599999999999997,-1.6,-1.6,2.7777777777777777,2.7777777777777777
56,1.7000000000000002,False,0,1.9871255460507251,True,2.880154888888887,3.8570172260559845,7.208160177777711,-0.8699271477138664,-1.8300000000000005,0.0,0.0,2.7777777777777777,2.7777777777777777,13.88888888888889,44.924381964644354,44.888888888888886,1.4360966407361482,-0.09999999999999964,-1.7000000000000002,-1.7000000000000002,2.7777777777777777,2.7777777777777777
57,0.0,False,0,4.0,True,12.623888888888889,-0.15428383881286134,-4.060877777777793,0.57556805193934,1.6,0.0,0.0,2.7777777777777777,2.7777777777777777,,,,,,,,,
57,0.1,False,0,4.0,True,9.713800888888887,-1.7957355672699746,-4.039902555555588,-0.707305070162864,1.0200000000000005,-0.1,-0.1,2.7777777777777777,2.7777777777777777,9.713800888888887,66.6413943764538,67.40113548888858,-1.4050889628385432,-0.00999999999999579,-0.1,-0.1,2.7777777777777777,2.7777777777777777
57,0.2,False,0,1.400000000000008,True,2.880154888888887,-0.155996306103364,-0.7188815777777817,1.0203821980171717,0.3800000000000012,-0.2,-0.2,2.7777777777777777,2.7777777777777777,0.0,2.1770251258830315,3.943804444444422,1.8380853754278275,-0.019999999999997353,-0.2,-0.2,2.7777777777777777,2.7777777777777777
57,0.30000000000000004,False,0,0.6940236770652712,True,2.880154888888887,0.43393618308045934,1.9463258444444422,-0.4525728027901259,-0.17000000000000193,-0.30000000000000004,-0.30000000000000004,2.7777777777777777,2.7777777777777777,5.917330888888887,1.8261389376121544,2.5290202000000166,0.34948708196621725,-0.020000000000001572,-0.30000000000000004,-0.30000000000000004,2.7777777777777777,2.7777777777777777
57,0.4,False,0,0.9909826311883698,True,2.880154888888887,3.8844323353764,3.8823932444444553,-1.1218036358024777,-0.759999999999998,-0.4,-0.4,2.7777777777777777,2.7777777777777777,13.50938888888889,12.097510811820687,12.606155555555578,-0.8576630551094697,-6.661338147750939e-16,-0.4,-0.4,2.7777777777777777,2.7777777777777777
57,0.5,False,0,1.8689674434350851,True,2.880154888888887,4.246756948658114,7.4409540222221695,0.16883874797412668,-1.85,0.0,0.0,2.7777777777777777,2.7777777777777777,13.50938888888889,21.665115661274857,21.49504444444445,1.9581115938800218,0.0,-0.5,-0.5,2.7777777777777777,2.7777777777777777
57,0.6000000000000001,False,0,1.7522654178186545,True,2.880154888888887,4.271032456247267,7.615964399999979,-1.5626331850999011,-1.8599999999999959,0.0,0.0,2.7777777777777777,2.7777777777777777,13.88888888888889,27.825172069080143,27.000000000000004,0.29001781192637077,-0.019999999999999574,-0.6000000000000001,-0.6000000000000001,2.7777777777777777,2.7777777777777777
57,0.7000000000000001,False,0,1.865113129831294,True,2.880154888888887,4.446406968564884,6.4304249555553925,-1.0654709399347375,-1.899999999999999,0.0,0.0,2.7777777777777777,2.7777777777777777,13.88888888888889,30.37918342275201,31.444444444444432,0.8922805128617295,-0.009999999999999343,-0.7000000000000001,-0.7000000000000001,2.7777777777777777,2.7777777777777777
57,0.8,False,0,1.9763923622664195,True,2.880154888888887,3.963502673947869,7.541536066666677,-1.3248891187417975,-1.8799999999999994,0.0,0.0,2.7777777777777777,2.7777777777777777,13.88888888888889,34.94864604954708,34.77777777777777,-0.05727654059753684,-2.220446049250313e-16,-0.8,-0.8,2.7777777777777777,2.7777777777777777
57,0.9,False,0,1.865113129831294,True,2.880154888888887,4.480928669749798,7.0148261777777465,-0.9128407945436371,-1.8900000000000028,0.0,0.0,2.7777777777777777,2.7777777777777777,13.88888888888889,35.41045866505256,37.0,-0.7995282427259793,-0.02000000000000024,-0.9,-0.9,2.7777777777777777,2.7777777777777777
57,1.0,False,0,2.0837242001094793,True,2.880154888888887,4.441133880362654,7.069219177777737,-1.3273431754146334,-1.7999999999999998,0.0,0.0,2.7777777777777777,2.7777777777777777,13.88888888888889,38.376596293283214,39.222222222222214,1.7673062779304596,0.0,-1.0,-1.0,2.7777777777777777,2.7777777777777777
57,1.1,False,0,1.865113129831294,True,2.880154888888887,2.917237221696138,7.819336444444429,-0.434365268549294,-1.8799999999999981,0.0,0.0,2.7777777777777777,2.7777777777777777,13.88888888888889,41.024828224733945,40.333333333333336,-0.4536577328856555,-0.0499999999999996,-1.1,-1.1,2.7777777777777777,2.7777777777777777
57,1.2000000000000002,False,0,1.9763923622664195,True,2.880154888888887,3.9257881114792754,7.029650511110998,-1.5674027337163525,-1.7999999999999998,0.0,0.0,2.7777777777777777,2.7777777777777777,13.88888888888889,40.309151877877554,41.44444444444444,-1.3167581606507148,-0.07999999999999963,-1.2000000000000002,-1.2000000000000002,2.7777777777777777,2.7777777777777777
57,1.3,False,0,1.9763923622664195,True,2.880154888888887,4.347525075828014,7.099607622222192,-1.0685553207617955,-1.8899999999999997,0.0,0.0,2.7777777777777777,2.7777777777777777,13.88888888888889,43.84916067492861,42.55555555555556,0.8003374842162638,-0.09000000000000008,-1.3,-1.3,2.7777777777777777,2.7777777777777777
57,1.4000000000000001,False,0,1.9763923622664195,True,2.880154888888887,4.141076696698403,7.9203278888889175,-1.7780076291147753,-1.8999999999999986,0.0,0.0,2.7777777777777777,2.7777777777777777,13.88888888888889,44.42570369591665,43.66666666666666,-0.45426326943161044,-0.08000000000000007,-1.4000000000000001,-1.4000000000000001,2.7777777777777777,2.7777777777777777
57,1.5,False,0,1.9763923622664195,True,2.880154888888887,4.5407403504251365,6.786507488888756,-1.3350111881714717,-1.7999999999999998,0.0,0.0,2.7777777777777777,2.7777777777777777,13.88888888888889,43.53939525675349,44.77777777777778,0.2395643072961704,-0.04999999999999982,-1.5,-1.5,2.7777777777777777,2.7777777777777777
57,1.6,False,0,1.7522654178186545,True,2.880154888888887,4.218201203748333,7.451309333333282,-0.4620143510665289,-1.879999999999999,0.0,0.0,2.7777777777777777,2.7777777777777777,13.88888888888889,45.66092198191736,44.77777777777778,-0.5061898838336958,-0.1599999999999997,-1.6,-1.6,2.7777777777777777,2.7777777777777777
57,1.7000000000000002,False,0,1.7522654178186539,True,2.880154888888887,4.116327485570136,6.657036777777646,-0.401248110962072,-1.8300000000000005,0.0,0.0,2.7777777777777777,2.7777777777777777,13.88888888888889,46.22900956855458,45.88888888888888,0.1784054799536734,-0.09999999999999964,-1.7000000000000002,-1.7000000000000002,2.7777777777777777,2.7777777777777777
58,0.0,False,0,4.0,True,13.88888888888889,-3.902018062906694,-4.222222222222146,1.9707683642144826,1.6,0.0,0.0,2.7777777777777777,2.7777777777777777,,,,,,,,,
58,0.1,False,0,4.0,True,2.880154888888887,-3.5237940135281205,-3.95260097777778,-0.37027357229175784,0.8100000000000014,-0.1,-0.1,2.7777777777777777,2.7777777777777777,0.0,18.749297717610812,17.659993888888817,-0.6882971103533908,-0.00999999999999579,-0.1,-0.1,2.7777777777777777,2.7777777777777777
58,0.2,False,0,1.600000000000008,True,9.713800888888887,-2.8809442957838796,-4.243226844444396,-1.2749368669124361,0.44000000000000083,-0.2,-0.2,2.7777777777777777,2.7777777777777777,8.954506888888886,10.953187414659876,9.925633199999918,0.37831465513973184,-0.019999999999997353,-0.2,-0.2,2.7777777777777777,2.7777777777777777
58,0.30000000000000004,False,0,1.2982988119458145,True,2.880154888888887,3.5148071657459328,5.325025644444449,-0.4268567125896412,-0.17000000000000193,-0.30000000000000004,-0.30000000000000004,2.7777777777777777,2.7777777777777777,5.158036888888887,5.002886608616959,5.60400240000001,0.6833105291929162,-0.020000000000001572,-0.30000000000000004,-0.30000000000000004,2.7777777777777777,2.7777777777777777
58,0.4,False,0,1.4426476529289407,True,2.880154888888887,4.540927821799781,7.437751488888918,0.7329781608756734,-0.9599999999999973,-0.4,-0.4,2.7777777777777777,2.7777777777777777,12.623888888888889,14.765128570746274,14.21335555555557,-0.6287144164929543,-6.661338147750939e-16,-0.4,-0.4,2.7777777777777777,2.7777777777777777
58,0.5,False,0,1.4069504657963774,True,2.880154888888887,4.229823065775901,7.260710288888871,0.27330544065107665,-1.6,-0.5,-0.5,2.7777777777777777,2.7777777777777777,13.88888888888889,21.4208303455886,22.44444444444446,-0.5559471640460645,0.0,-0.5,-0.5,2.7777777777777777,2.7777777777777777
58,0.6000000000000001,False,0,1.9656591784821147,True,2.880154888888887,3.548169768097364,7.390325800000039,-1.7637770124654133,-1.8599999999999959,0.0,0.0,2.7777777777777777,2.7777777777777777,13.88888888888889,27.437147490599973,28.000000000000004,-1.0664404433308703,-0.019999999999999574,-0.6000000000000001,-0.6000000000000001,2.7777777777777777,2.7777777777777777
58,0.7000000000000001,False,0,1.9656591784821147,True,2.880154888888887,4.29374625693377,7.5072060444444135,-1.846989442823423,-1.899999999999999,0.0,0.0,2.7777777777777777,2.7777777777777777,13.88888888888889,31.23911396766221,32.444444444444436,-0.48424831524900314,-0.009999999999999343,-0.7000000000000001,-0.7000000000000001,2.7777777777777777,2.7777777777777777
58,0.8,False,0,2.072991016325173,True,2.880154888888887,3.271014715475883,7.231967711111136,-1.7874114754349473,-1.8799999999999994,0.0,0.0,2.7777777777777777,2.7777777777777777,13.88888888888889,34.55283709285584,35.77777777777777,-0.2399500799416725,-2.220446049250313e-16,-0.8,-0.8,2.7777777777777777,2.7777777777777777
58,0.9,False,0,1.8538283586300297,True,2.880154888888887,3.77214601784753,7.430955444444405,-1.5937053635438425,-1.8900000000000028,0.0,0.0,2.7777777777777777,2.7777777777777777,13.88888888888889,39.2262682508714,38.0,0.26343433113351855,-0.02000000000000024,-0.9,-0.9,2.7777777777777777,2.7777777777777777
58,1.0,False,0,1.7409806466173918,True,2.880154888888887,2.961632901122056,7.260003399999857,-1.3502513735431125,-1.7999999999999998,0.0,0.0,2.7777777777777777,2.7777777777777777,13.88888888888889,37.72566163184075,40.222222222222214,1.1408157072493519,0.0,-1.0,-1.0,2.7777777777777777,2.7777777777777777
58,1.1,False,0,1.8538283586300297,True,2.880154888888887,3.8900446133730897,7.544421955555447,0.19157858172361308,-1.8799999999999981,0.0,0.0,2.7777777777777777,2.7777777777777777,13.88888888888889,41.252280380894256,41.333333333333336,-0.7858018784030221,-0.0499999999999996,-1.1,-1.1,2.7777777777777777,2.7777777777777777
58,1.2000000000000002,False,0,1.9656591784821147,True,2.880154888888887,4.532307708452973,8.579603666666653,-1.2959710343064201,-1.7999999999999998,0.0,0.0,2.7777777777777777,2.7777777777777777,13.88888888888889,41.867423880244516,42.44444444444444,-1.4265060928955844,-0.07999999999999963,-1.2000000000000002,-1.2000000000000002,2.7777777777777777,2.7777777777777777
58,1.3,False,0,1.9795237826553078,True,2.880154888888887,4.123897374202639,7.062104577777672,0.5932576506137575,-1.8899999999999997,0.0,0.0,2.7777777777777777,2.7777777777777777,13.88888888888889,42.8360729314895,43.55555555555556,0.7173744677020579,-0.09000000000000008,-1.3,-1.3,2.7777777777777777,2.7777777777777777
58,1.4000000000000001,False,0,1.9656591784821147,True,2.880154888888887,3.986857382948952,6.932190844444389,-1.4709476817506921,-1.8999999999999986,0.0,0.0,2.7777777777777777,2.7777777777777777,13.88888888888889,43.26882674330628,44.66666666666666,-0.693061312809848,-0.08000000000000007,-1.4000000000000001,-1.4000000000000001,2.7777777777777777,2.7777777777777777
58,1.5,False,0,1.9656591784821147,True,2.880154888888887,4.547894916683444,7.360467844444256,-0.175048112407151,-1.7999999999999998,0.0,0.0,2.7777777777777777,2.7777777777777777,13.88888888888889,45.34852931720814,45.77777777777778,-0.144770090373056,-0.04999999999999982,-1.5,-1.5,2.7777777777777777,2.7777777777777777
58,1.6,False,0,1.8615369858376127,True,2.880154888888887,4.465774785115269,7.241523155555837,-1.247377185099578,-1.879999999999999,0.0,0.0,2.7777777777777777,2.7777777777777777,13.88888888888889,46.25318099316733,45.77777777777778,-0.5755135077859403,-0.1599999999999997,-1.6,-1.6,2.7777777777777777,2.7777777777777777
58,1.7000000000000002,False,0,1.972991016325173,True,2.880154888888887,4.482341477143049,6.768358066666676,-1.5861942202679622,-1.8300000000000005,0.0,0.0,2.7777777777777777,2.7777777777777777,13.88888888888889,46.04749900808192,46.88888888888888,2.1143621841114055,-0.09999999999999964,-1.7000000000000002,-1.7000000000000002,2.7777777777777777,2.7777777777777777
59,0.0,False,0,4.0,True,13.88888888888889,-3.4659111733770684,-4.266666666666739,1.0989842442860733,1.6,0.0,0.0,2.7777777777777777,2.7777777777777777,,,,,,,,,
59,0.1,False,0,4.0,True,8.195212888888886,-3.8972465354372217,-4.273760377777793,1.5383640323037575,0.9900000000000007,-0.1,-0.1,2.7777777777777777,2.7777777777777777,8.195212888888886,48.77802928149276,49.84811148888939,-1.5600847603365546,-0.00999999999999579,-0.1,-0.1,2.7777777777777777,2.7777777777777777
59,0.2,False,0,2.4000000000000044,True,2.880154888888887,4.13327660709339,5.087355733333323,-0.9506939559437906,0.40000000000000124,-0.2,-0.2,2.7777777777777777,2.7777777777777777,1.3615668888888868,7.075557354417254,7.074316399999884,0.1697751708179842,-0.019999999999997353,-0.2,-0.2,2.7777777777777777,2.7777777777777777
59,0.30000000000000004,False,0,1.5168481634034894,True,2.880154888888887,4.0294392574585745,6.78589482222223,0.14261023073831502,-1.8899999999999975,0.0,0.0,2.7777777777777777,2.7777777777777777,4.398742888888887,9.152779098631225,8.261828600000012,0.17778982199364046,-0.020000000000001572,-0.30000000000000004,-0.30000000000000004,2.7777777777777777,2.7777777777777777
59,0.4,False,0,1.6296958754161288,True,2.880154888888887,4.54992424400204,6.981587711111087,-1.148136469952783,-1.880000000000006,0.0,0.0,2.7777777777777777,2.7777777777777777,11.991388888888888,13.704847308656756,15.124805555555572,-1.5878778143173367,-6.661338147750939e-16,-0.4,-0.4,2.7777777777777777,2.7777777777777777
59,0.5,False,0,1.7296958754161276,True,2.880154888888887,4.4490300822297515,7.852732311111038,-1.2703842280296607,-1.85,0.0,0.0,2.7777777777777777,2.7777777777777777,13.88888888888889,23.03522501033469,23.44444444444446,0.3588060356281795,0.0,-0.5,-0.5,2.7777777777777777,2.7777777777777777
59,0.6000000000000001,False,0,1.842543587428767,True,2.880154888888887,3.74967003427889,7.488764822222234,-0.5128425096577114,-1.8599999999999959,0.0,0.0,2.7777777777777777,2.7777777777777777,13.88888888888889,30.88724696194497,29.000000000000004,0.5540798564860729,-0.019999999999999574,-0.6000000000000001,-0.6000000000000001,2.7777777777777777,2.7777777777777777
59,0.7000000000000001,False,0,1.9549259946978084,True,2.880154888888887,3.649053346292857,6.970379977777722,-1.258113829503161,-1.899999999999999,0.0,0.0,2.7777777777777777,2.7777777777777777,13.88888888888889,32.088095220318046,33.444444444444436,-0.5997698869014605,-0.009999999999999343,-0.7000000000000001,-0.7000000000000001,2.7777777777777777,2.7777777777777777
59,0.8,False,0,1.9549259946978084,True,2.880154888888887,3.3461841214425307,7.173427333333248,-1.0523339199444157,-1.8799999999999994,0.0,0.0,2.7777777777777777,2.7777777777777777,13.88888888888889,35.597200456166235,36.77777777777777,-0.2374692401313323,-2.220446049250313e-16,-0.8,-0.8,2.7777777777777777,2.7777777777777777
59,0.9,False,0,1.9549259946978084,True,2.880154888888887,4.000965574971954,6.822786600000041,-0.3995161947372623,-1.8900000000000028,0.0,0.0,2.7777777777777777,2.7777777777777777,13.88888888888889,37.45007306151588,39.0,-1.7969828962715098,-0.02000000000000024,-0.9,-0.9,2.7777777777777777,2.7777777777777777
59,1.0,False,0,1.9549259946978084,True,2.880154888888887,4.294062139185596,6.7715980444442865,-1.6277398546544308,-1.7999999999999998,0.0,0.0,2.7777777777777777,2.7777777777777777,13.88888888888889,39.47614319649445,41.222222222222214,0.3961171983992071,0.0,-1.0,-1.0,2.7777777777777777,2.7777777777777777
59,1.1,False,0,1.842543587428767,True,2.880154888888887,4.3982239132981364,7.039160711111006,-1.005698540429104,-1.8799999999999981,0.0,0.0,2.7777777777777777,2.7777777777777777,13.88888888888889,42.805961285015506,42.333333333333336,-0.693884287365409,-0.0499999999999996,-1.1,-1.1,2.7777777777777777,2.7777777777777777
59,1.2000000000000002,False,0,1.85025221463635,True,2.880154888888887,3.3643509659289323,7.250709511110995,-1.0320520830482465,-1.7999999999999998,0.0,0.0,2.7777777777777777,2.7777777777777777,13.88888888888889,41.95277420504712,43.44444444444444,-1.8827140221587666,-0.07999999999999963,-1.2000000000000002,-1.2000000000000002,2.7777777777777777,2.7777777777777777
59,1.3,False,0,1.9549259946978084,True,2.880154888888887,3.1246180354195703,7.78086253333326,-1.0754100448809956,-1.8899999999999997,0.0,0.0,2.7777777777777777,2.7777777777777777,13.88888888888889,43.2500316596018,44.55555555555556,-0.45968441571703966,-0.09000000000000008,-1.3,-1.3,2.7777777777777777,2.7777777777777777
59,1.4000000000000001,False,0,1.842543587428767,True,2.880154888888887,4.106199814781388,7.517771088888847,-1.0743225751426921,-1.8999999999999986,0.0,0.0,2.7777777777777777,2.7777777777777777,13.88888888888889,47.69196799028839,45.66666666666666,-0.6613849972114463,-0.08000000000000007,-1.4000000000000001,-1.4000000000000001,2.7777777777777777,2.7777777777777777
59,1.5,False,0,1.7296958754161276,True,2.880154888888887,3.920376686424828,7.253827955555477,-0.8003887044662126,-1.7999999999999998,0.0,0.0,2.7777777777777777,2.7777777777777777,13.88888888888889,44.19296355258482,46.77777777777778,1.7717693186137686,-0.04999999999999982,-1.5,-1.5,2.7777777777777777,2.7777777777777777
59,1.6,False,0,1.9549259946978084,True,2.880154888888887,4.197005543607188,6.728088644444367,-1.3052351697091331,-1.879999999999999,0.0,0.0,2.7777777777777777,2.7777777777777777,13.88888888888889,45.99271554183485,46.77777777777778,-1.3896284399094267,-0.1599999999999997,-1.6,-1.6,2.7777777777777777,2.7777777777777777
59,1.7000000000000002,False,0,1.729695875416127,True,2.880154888888887,3.4627213861386936,6.8332301111110185,-0.5597559710916582,-1.8300000000000005,0.0,0.0,2.7777777777777777,2.7777777777777777,13.88888888888889,49.5654095205934,47.88888888888888,0.21811711122536215,-0.09999999999999964,-1.7000000000000002,-1.7000000000000002,2.7777777777777777,2.7777777777777777
