long_dist,lat_vel,Crash,Crash type,minTTC,reacted,ego_speed,perceived_gap,true_gap,perceived_lat_gap,true_lat_gap,perceived_lat_speed,true_lat_speed,perceived_speed,true_speed,entry_ego_speed,entry_perceived_gap,entry_true_gap,entry_perceived_lat_gap,entry_true_lat_gap,entry_perceived_lat_speed,entry_true_lat_speed,entry_perceived_speed,entry_true_speed
1,0.0,False,0,4.0,False,16.666666666666668,-3.086194143674226,-4.277777777777788,0.9491469940358557,1.6,0.0,0.0,13.88888888888889,13.88888888888889,,,,,,,,,
1,0.1,False,0,4.0,False,16.666666666666668,-1.3576866153859575,-4.277777777777788,1.113730066629183,1.4100000000000001,-0.1,-0.1,13.88888888888889,13.88888888888889,16.666666666666668,35.22620571474302,35.122222222221765,0.4190429970065743,-0.00999999999999579,-0.1,-0.1,13.88888888888889,13.88888888888889
1,0.2,False,0,4.0,True,16.666666666666668,-2.835865911630761,-4.277777777777788,1.6376802393451837,1.2200000000000002,-0.2,-0.2,13.88888888888889,13.88888888888889,16.666666666666668,12.874653370349346,12.899999999999974,-0.1931447191823248,-0.019999999999997353,-0.2,-0.2,13.88888888888889,13.88888888888889
1,0.30000000000000004,False,0,1.8333333333333324,True,16.540166666666668,-1.5829297785136403,-4.252477777777787,1.155795073736392,1.0300000000000002,-0.30000000000000004,-0.30000000000000004,13.88888888888889,13.88888888888889,16.540166666666668,4.993670919914504,4.931949999999827,-0.03812583266303782,-0.020000000000001572,-0.30000000000000004,-0.30000000000000004,13.88888888888889,13.88888888888889
1,0.4,True,1,0.0,True,15.907666666666668,-3.1632412548426343,-4.213483333333332,0.7236648261489793,0.7599999999999998,-0.4,-0.4,13.88888888888889,13.88888888888889,15.907666666666668,3.653335467387099,-0.5508388888889213,0.46948822084691555,-6.661338147750939e-16,-0.4,-0.4,13.88888888888889,13.88888888888889
1,0.5,True,1,0.0,True,15.401666666666667,-1.4532007240543932,-4.251955555555557,0.5342717501943266,0.6000000000000001,-0.5,-0.5,13.88888888888889,13.88888888888889,15.401666666666667,-1.0801018843656989,-2.5327111111111646,0.08734895925545016,0.0,-0.5,-0.5,13.88888888888889,13.88888888888889
1,0.6000000000000001,False,0,0.2666666666666676,True,14.010166666666667,-3.8473019672974322,-2.6980944444444424,1.0583294418764821,0.6400000000000001,-0.6000000000000001,-0.6000000000000001,13.88888888888889,13.88888888888889,6.4172266666666635,-1.108757270398523,1.8001934000000164,0.529779766155865,-0.019999999999999574,-0.6000000000000001,-0.6000000000000001,13.88888888888889,13.88888888888889
1,0.7000000000000001,True,2,0.0,True,14.010166666666667,-3.51560118280475,-2.4456166666666688,0.27284437399202144,0.5500000000000003,-0.7000000000000001,-0.7000000000000001,13.88888888888889,13.88888888888889,10.213696666666664,-0.8808580282880021,-0.8721920888888901,0.8876017866445007,-0.009999999999999343,-0.7000000000000001,-0.7000000000000001,13.88888888888889,13.88888888888889
1,0.8,True,2,0.0,True,15.401666666666667,-1.2003338557158427,-4.262516666666651,0.6101874303671102,-0.3200000000000005,-0.8,-0.8,13.88888888888889,13.88888888888889,15.401666666666667,-2.844911631810091,-3.6574055555555587,0.20093067661579633,-2.220446049250313e-16,-0.8,-0.8,13.88888888888889,13.88888888888889
1,0.9,True,2,0.0,True,16.287166666666668,-1.4128418228880468,-4.284794444444446,-0.1760345039849347,-0.19999999999999996,-0.9,-0.9,13.88888888888889,13.88888888888889,16.287166666666668,-0.6917686049022818,-3.8355500000000005,-0.547696657120996,-0.02000000000000024,-0.9,-0.9,13.88888888888889,13.88888888888889
1,1.0,True,2,0.0,True,14.010166666666667,-3.3597188379525447,-3.5651999999999857,-0.891479850710712,-1.1,-1.0,-1.0,13.88888888888889,13.88888888888889,15.401666666666667,-4.224626359741666,-2.824594444444446,-0.24870008677627609,0.0,-1.0,-1.0,13.88888888888889,13.88888888888889
1,1.1,True,2,0.0,True,14.010166666666667,-3.249893591486237,-3.2273055555555628,-0.4343515683118322,-0.6000000000000001,-1.1,-1.1,13.88888888888889,13.88888888888889,15.401666666666667,-3.4008304228488404,-2.6733166666666675,0.2666239831741861,-0.0499999999999996,-1.1,-1.1,13.88888888888889,13.88888888888889
1,1.2000000000000002,True,2,0.0,True,14.010166666666667,-3.078857361635168,-1.7477777777777872,-0.8813847275511337,-0.6799999999999993,-1.2000000000000002,-1.2000000000000002,13.88888888888889,13.88888888888889,14.769166666666667,-2.6047457952068944,-1.687138888888895,0.22935815986304364,-0.07999999999999963,-1.2000000000000002,-1.2000000000000002,13.88888888888889,13.88888888888889
1,1.3,True,2,0.0,True,14.010166666666667,-2.0601202164816845,-1.7003111111111187,0.1794217122354711,-0.09000000000000008,-1.3,-1.3,13.88888888888889,13.88888888888889,14.010166666666667,-2.0601202164816845,-1.7003111111111187,0.1794217122354711,-0.09000000000000008,-1.3,-1.3,13.88888888888889,13.88888888888889
1,1.4000000000000001,True,2,0.0,True,14.010166666666667,-1.1081301237281993,-1.0693777777777784,-0.08047880974672372,0.19999999999999973,-1.4000000000000001,-1.4000000000000001,13.88888888888889,13.88888888888889,12.491578666666665,-2.0983964262994403,-0.8658451333333366,-0.47769353081763466,-0.08000000000000007,-1.4000000000000001,-1.4000000000000001,13.88888888888889,13.88888888888889
1,1.5,True,2,0.0,True,14.010166666666667,-2.7484824568508115,-1.4473111111111185,-0.283654562225208,-0.34999999999999987,-1.5,-1.5,13.88888888888889,13.88888888888889,14.769166666666667,-1.8403835702025928,-1.423055555555563,0.006035688603327927,-0.04999999999999982,-1.5,-1.5,13.88888888888889,13.88888888888889
1,1.6,True,2,0.0,True,14.010166666666667,-3.670950909145689,-1.0693777777777784,0.05965567045583198,2.220446049250313e-16,-1.6,-1.6,13.88888888888889,13.88888888888889,13.250872666666666,-3.901171629440795,-1.0055761555555582,0.3334461467677716,-0.1599999999999997,-1.6,-1.6,13.88888888888889,13.88888888888889
1,1.7000000000000002,True,2,0.0,True,14.010166666666667,-2.590757293019645,-1.1574055555555587,-0.126911835524947,-0.2699999999999996,-1.7000000000000002,-1.7000000000000002,13.88888888888889,13.88888888888889,14.769166666666667,-3.7364431506130407,-1.1452777777777774,-0.10494556206705119,-0.09999999999999964,-1.7000000000000002,-1.7000000000000002,13.88888888888889,13.88888888888889
2,0.0,False,0,4.0,False,16.666666666666668,-3.040991380151726,-4.211111111111111,1.5132262586284462,1.6,0.0,0.0,13.88888888888889,13.88888888888889,,,,,,,,,
2,0.1,False,0,4.0,True,16.666666666666668,-4.1598517304038465,-4.211111111111111,1.2890132076777427,1.37,-0.1,-0.1,13.88888888888889,13.88888888888889,16.666666666666668,33.86349637830584,34.122222222221765,0.3340236633184559,-0.00999999999999579,-0.1,-0.1,13.88888888888889,13.88888888888889
2,0.2,False,0,4.0,True,16.666666666666668,1.1969828205297803,-4.211111111111111,1.2273659541305446,1.1400000000000001,-0.2,-0.2,13.88888888888889,13.88888888888889,16.666666666666668,15.748481300483274,11.899999999999974,0.07449012956198642,-0.019999999999997353,-0.2,-0.2,13.88888888888889,13.88888888888889
2,0.30000000000000004,False,0,1.5333333333333314,True,16.666666666666668,-4.25601353928113,-4.211111111111111,1.1949186362200792,0.9100000000000006,-0.30000000000000004,-0.30000000000000004,13.88888888888889,13.88888888888889,16.666666666666668,7.023233921355055,4.39999999999996,0.09192260940885078,-0.020000000000001572,-0.30000000000000004,-0.30000000000000004,13.88888888888889,13.88888888888889
2,0.4,False,0,0.19999999999999796,True,16.666666666666668,-2.447057956333455,-4.211111111111111,0.5530632769328951,0.6799999999999997,-0.4,-0.4,13.88888888888889,13.88888888888889,16.666666666666668,0.8254235653303867,0.5111111111110462,0.4542885106178174,-6.661338147750939e-16,-0.4,-0.4,13.88888888888889,13.88888888888889
2,0.5,False,0,0.9000000000000004,True,14.010166666666667,-2.9594100820056886,-1.7481722222222258,0.9154457098424222,0.75,-0.5,-0.5,13.88888888888889,13.88888888888889,7.176520666666663,1.2463905696386393,5.435062911111143,0.23258692197158526,0.0,-0.5,-0.5,13.88888888888889,13.88888888888889
2,0.6000000000000001,False,0,0.5666666666666671,True,14.010166666666667,-3.7884315056226248,-1.2558666666666722,0.6500604090025708,0.7000000000000002,-0.6000000000000001,-0.6000000000000001,13.88888888888889,13.88888888888889,7.176520666666663,1.8007039910862561,3.002505200000006,0.03089331893288172,-0.019999999999999574,-0.6000000000000001,-0.6000000000000001,13.88888888888889,13.88888888888889
2,0.7000000000000001,True,2,0.0,True,14.010166666666667,-1.895601745505263,-2.087111111111102,-0.21237037059561148,0.06000000000000072,-0.7000000000000001,-0.7000000000000001,13.88888888888889,13.88888888888889,13.250872666666666,-3.849104464615553,-2.02330948888888,0.3244838996941728,-0.009999999999999343,-0.7000000000000001,-0.7000000000000001,13.88888888888889,13.88888888888889
2,0.8,False,0,0.7000000000000001,True,14.010166666666667,-1.3470957117009688,-0.34715555555555877,0.8531218020947184,0.7200000000000002,-0.8,-0.8,13.88888888888889,13.88888888888889,7.935814666666663,2.5407095840168283,2.8845880444444463,0.31225027711232434,-2.220446049250313e-16,-0.8,-0.8,13.88888888888889,13.88888888888889
2,0.9,True,2,0.0,True,14.010166666666667,-1.3126355225507593,-1.2305666666666708,0.43050087402946025,0.24999999999999956,-0.9,-0.9,13.88888888888889,13.88888888888889,11.732284666666665,-3.604009577919018,-0.8113736000000094,0.17956140531632458,-0.02000000000000024,-0.9,-0.9,13.88888888888889,13.88888888888889
2,1.0,True,2,0.0,True,14.010166666666667,-2.567700767032032,-0.9027111111111159,0.02823005960094971,0.30000000000000027,-1.0,-1.0,13.88888888888889,13.88888888888889,11.732284666666665,-1.7763151016724406,-0.4835180444444509,0.060052264135676214,0.0,-1.0,-1.0,13.88888888888889,13.88888888888889
2,1.1,True,2,0.0,True,14.010166666666667,-3.452724867814047,-1.6849222222222293,0.05644390221349682,-0.2699999999999998,-1.1,-1.1,13.88888888888889,13.88888888888889,15.401666666666667,-4.144013486019218,-1.5847666666666695,-0.02913608186079175,-0.0499999999999996,-1.1,-1.1,13.88888888888889,13.88888888888889
2,1.2000000000000002,True,2,0.0,True,14.010166666666667,-0.8268561558699075,-0.6370611111111151,0.42967373364436945,0.04000000000000026,-1.2000000000000002,-1.2000000000000002,13.88888888888889,13.88888888888889,13.250872666666666,-1.850216205730848,-0.5732594888888931,-0.23149143391148708,-0.07999999999999963,-1.2000000000000002,-1.2000000000000002,13.88888888888889,13.88888888888889
2,1.3,True,2,0.0,True,14.010166666666667,-1.8593374258829156,-1.1678388888888938,-0.39480745558968344,-0.2200000000000002,-1.3,-1.3,13.88888888888889,13.88888888888889,14.769166666666667,-3.5895710481605887,-1.155711111111116,0.12402520201866096,-0.09000000000000008,-1.3,-1.3,13.88888888888889,13.88888888888889
2,1.4000000000000001,False,0,0.04285714285714273,True,14.010166666666667,-1.414223938838295,-0.06937777777777843,0.13903555627424424,0.19999999999999973,-1.4000000000000001,-1.4000000000000001,13.88888888888889,13.88888888888889,12.491578666666665,-2.4770145570789053,0.13415486666666343,0.17023635791009495,-0.08000000000000007,-1.4000000000000001,-1.4000000000000001,13.88888888888889,13.88888888888889
2,1.5,True,2,0.0,True,14.010166666666667,-1.4526663433550313,-0.06937777777777843,0.1529323596455927,0.10000000000000009,-1.5,-1.5,13.88888888888889,13.88888888888889,13.250872666666666,-2.4964256868657264,-0.005576155555558238,0.17375206787043496,-0.04999999999999982,-1.5,-1.5,13.88888888888889,13.88888888888889
2,1.6,True,2,0.0,True,14.010166666666667,-4.24986000711464,-0.8389388888888929,-0.2629653785469197,-0.6400000000000001,-1.6,-1.6,13.88888888888889,13.88888888888889,15.401666666666667,-2.8107066409975223,-0.7266555555555589,0.2295685889707082,-0.1599999999999997,-1.6,-1.6,13.88888888888889,13.88888888888889
2,1.7000000000000002,True,2,0.0,True,14.010166666666667,-0.2376892954954597,-0.08150555555555794,-0.06391463229716488,-0.2699999999999996,-1.7000000000000002,-1.7000000000000002,13.88888888888889,13.88888888888889,14.010166666666667,-4.1556611618988155,-0.06937777777777843,0.12367682921673984,-0.09999999999999964,-1.7000000000000002,-1.7000000000000002,13.88888888888889,13.88888888888889
3,0.0,False,0,4.0,False,16.666666666666668,-2.7119091501020547,-4.222222222222203,1.3722554266453661,1.6,0.0,0.0,13.88888888888889,13.88888888888889,,,,,,,,,
3,0.1,False,0,4.0,True,16.666666666666668,-0.2821877384464342,-4.222222222222203,1.2716541258881846,1.3399999999999999,-0.1,-0.1,13.88888888888889,13.88888888888889,16.666666666666668,33.286366199881954,33.122222222221765,0.5676443022580213,-0.00999999999999579,-0.1,-0.1,13.88888888888889,13.88888888888889
3,0.2,False,0,3.899999999999999,True,16.666666666666668,-0.37397351348767227,-4.222222222222203,0.9569920726411811,1.0799999999999996,-0.2,-0.2,13.88888888888889,13.88888888888889,16.666666666666668,16.156671087287332,10.899999999999974,0.3950236147166306,-0.019999999999997353,-0.2,-0.2,13.88888888888889,13.88888888888889
3,0.30000000000000004,False,0,2.0333333333333328,True,14.010166666666667,-2.6021095535379386,-2.5539888888888838,0.38540393606860457,0.9100000000000006,-0.30000000000000004,-0.30000000000000004,13.88888888888889,13.88888888888889,7.176520666666663,14.211049607440312,14.002306200000117,0.45617393834352393,-0.020000000000001572,-0.30000000000000004,-0.30000000000000004,13.88888888888889,13.88888888888889
3,0.4,True,2,0.0,True,14.010166666666667,-4.0550086205105655,-3.4115777777777465,0.4540467937780619,0.47999999999999954,-0.4,-0.4,13.88888888888889,13.88888888888889,11.732284666666665,-1.820197708884737,-1.886664311111022,0.2367621466860439,-6.661338147750939e-16,-0.4,-0.4,13.88888888888889,13.88888888888889
3,0.5,False,0,1.2000000000000002,True,14.010166666666667,-3.6348523217169264,-0.7360444444444445,0.3417533756086035,0.8000000000000003,-0.5,-0.5,13.88888888888889,13.88888888888889,7.935814666666663,2.3405700303150754,6.662851111111142,0.6770398108009781,0.0,-0.5,-0.5,13.88888888888889,13.88888888888889
3,0.6000000000000001,False,0,0.5666666666666671,True,14.010166666666667,-0.7318631128830111,-0.9758722222222245,1.029175687053654,0.5800000000000005,-0.6000000000000001,-0.6000000000000001,13.88888888888889,13.88888888888889,7.935814666666663,1.6989749906827898,2.851178800000018,0.8162406832504772,-0.019999999999999574,-0.6000000000000001,-0.6000000000000001,13.88888888888889,13.88888888888889
3,0.7000000000000001,False,0,0.785714285714286,True,14.010166666666667,-0.2615741896864945,-0.18048888888889092,0.12981334410944978,0.6200000000000001,-0.7000000000000001,-0.7000000000000001,13.88888888888889,13.88888888888889,7.935814666666663,1.4684037753718089,3.0512547111111177,-0.25911154374471845,-0.009999999999999343,-0.7000000000000001,-0.7000000000000001,13.88888888888889,13.88888888888889
3,0.8,False,0,0.6,True,14.010166666666667,-0.5928438538782066,-0.053988888888894415,0.4549092070390479,0.48,-0.8,-0.8,13.88888888888889,13.88888888888889,9.454402666666663,-3.9496372651805514,1.4677618444444365,0.45653026666159,-2.220446049250313e-16,-0.8,-0.8,13.88888888888889,13.88888888888889
3,0.9,False,0,0.17777777777777745,True,14.010166666666667,-0.5955394076388059,-0.18048888888889092,0.9137390678661936,0.33999999999999986,-0.9,-0.9,13.88888888888889,13.88888888888889,11.732284666666665,-0.8397429283729307,0.3025057999999925,0.24909406706047665,-0.02000000000000024,-0.9,-0.9,13.88888888888889,13.88888888888889
3,1.0,False,0,0.3999999999999999,True,14.010166666666667,-3.0726439114501813,0.0972888888888841,-0.32332599146369745,0.30000000000000027,-1.0,-1.0,13.88888888888889,13.88888888888889,11.732284666666665,0.9451242742245478,0.5164819555555491,-0.029297702291799066,0.0,-1.0,-1.0,13.88888888888889,13.88888888888889
3,1.1,False,0,0.5545454545454548,True,14.010166666666667,-1.032826936492678,0.5648166666666627,0.6956877231605443,0.28000000000000025,-1.1,-1.1,13.88888888888889,13.88888888888889,11.732284666666665,-2.162536794634174,0.9840097333333278,-0.33991488996316477,-0.0499999999999996,-1.1,-1.1,13.88888888888889,13.88888888888889
3,1.2000000000000002,False,0,0.13333333333333344,True,14.010166666666667,-1.161623139748957,0.0972888888888841,-0.06181768800939369,0.04000000000000026,-1.2000000000000002,-1.2000000000000002,13.88888888888889,13.88888888888889,13.250872666666666,0.5138255821352091,0.16109051111110606,-0.4851520308544741,-0.07999999999999963,-1.2000000000000002,-1.2000000000000002,13.88888888888889,13.88888888888889
3,1.3,False,0,0.32250091810502945,True,14.010166666666667,0.697713092488212,0.3877166666666598,-0.15784582923264479,0.039999999999999813,-1.3,-1.3,13.88888888888889,13.88888888888889,13.250872666666666,-3.3420658783019723,0.4515182888888818,-0.39817936266638676,-0.09000000000000008,-1.3,-1.3,13.88888888888889,13.88888888888889
3,1.4000000000000001,False,0,0.44793329297154394,True,14.010166666666667,0.7055243624724499,0.6528444444444412,-0.5420521149977695,0.05999999999999983,-1.4000000000000001,-1.4000000000000001,13.88888888888889,13.88888888888889,13.250872666666666,1.0784960808304875,0.7166460666666632,-0.37433171926602005,-0.08000000000000007,-1.4000000000000001,-1.4000000000000001,13.88888888888889,13.88888888888889
3,1.5,False,0,0.5770529778313128,True,14.010166666666667,-3.2759131981208798,0.9306222222222216,0.9543444424546164,0.10000000000000009,-1.5,-1.5,13.88888888888889,13.88888888888889,13.250872666666666,-0.7237621159634697,0.9944238444444418,0.6623045238793028,-0.04999999999999982,-1.5,-1.5,13.88888888888889,13.88888888888889
3,1.6,False,0,0.8087006879936983,True,14.010166666666667,-2.324003824247101,1.4740499999999974,0.8827567047436218,0.16000000000000014,-1.6,-1.6,13.88888888888889,13.88888888888889,12.491578666666665,-1.1051040699618104,1.6775826444444428,-0.03589434436294536,-0.1599999999999997,-1.6,-1.6,13.88888888888889,13.88888888888889
3,1.7000000000000002,False,0,0.5770529778313128,True,14.010166666666667,-0.6206665793925348,0.9306222222222216,-0.38041969972419887,-0.09999999999999964,-1.7000000000000002,-1.7000000000000002,13.88888888888889,13.88888888888889,14.010166666666667,-0.6206665793925348,0.9306222222222216,-0.38041969972419887,-0.09999999999999964,-1.7000000000000002,-1.7000000000000002,13.88888888888889,13.88888888888889
4,0.0,False,0,4.0,False,16.666666666666668,-3.18334818278431,-4.266666666666711,1.5099468674599303,1.6,0.0,0.0,13.88888888888889,13.88888888888889,,,,,,,,,
4,0.1,False,0,4.0,True,16.666666666666668,-2.6330654993745766,-4.266666666666711,1.6929013228586354,1.2999999999999998,-0.1,-0.1,13.88888888888889,13.88888888888889,16.666666666666668,35.009894098367155,32.122222222221765,0.28399335999678144,-0.00999999999999579,-0.1,-0.1,13.88888888888889,13.88888888888889
4,0.2,True,1,0.0,True,14.769166666666667,-2.631566701135294,-4.293294444444409,1.319153299852323,0.9199999999999995,-0.2,-0.2,13.88888888888889,13.88888888888889,14.769166666666667,4.005395884433054,-0.16940000000009814,-0.2509564132812434,-0.019999999999997353,-0.2,-0.2,13.88888888888889,13.88888888888889
4,0.30000000000000004,True,2,0.0,True,14.010166666666667,-3.8799571363723713,-3.760949999999961,-0.140425891385342,0.5199999999999996,-0.30000000000000004,-0.30000000000000004,13.88888888888889,13.88888888888889,11.732284666666665,-2.4318376392315484,-1.701367999999948,0.18389216404942,-0.020000000000001572,-0.30000000000000004,-0.30000000000000004,13.88888888888889,13.88888888888889
4,0.4,False,0,1.0999999999999988,True,14.010166666666667,-2.7217946499642336,-1.4027111111111052,0.9372733776768816,0.7199999999999998,-0.4,-0.4,13.88888888888889,13.88888888888889,7.176520666666663,4.504438988572464,6.731222888888955,-0.15091940560266992,-6.661338147750939e-16,-0.4,-0.4,13.88888888888889,13.88888888888889
4,0.5,False,0,1.7000000000000002,True,14.010166666666667,-2.800849186320817,0.2639555555555555,1.4692964422288664,0.8000000000000003,-0.5,-0.5,13.88888888888889,13.88888888888889,7.935814666666663,4.635955067374039,7.662851111111142,-0.12101453990287236,0.0,-0.5,-0.5,13.88888888888889,13.88888888888889
4,0.6000000000000001,False,0,1.2666666666666668,True,14.010166666666667,0.4570917964068473,0.5417333333333341,0.6792982085324799,0.7000000000000002,-0.6000000000000001,-0.6000000000000001,13.88888888888889,13.88888888888889,7.176520666666663,4.2780206982946725,5.7112580000000195,-0.33519236506015737,-0.019999999999999574,-0.6000000000000001,-0.6000000000000001,13.88888888888889,13.88888888888889
4,0.7000000000000001,False,0,0.9309687598611487,True,14.010166666666667,-0.5937042236120602,0.8073833333333278,0.42604139776568983,0.5500000000000003,-0.7000000000000001,-0.7000000000000001,13.88888888888889,13.88888888888889,8.695108666666663,0.7881390210252137,3.3678901111111204,0.23455328684405607,-0.009999999999999343,-0.7000000000000001,-0.7000000000000001,13.88888888888889,13.88888888888889
4,0.8,False,0,0.9000000000000002,True,14.010166666666667,-0.3328717916847621,1.097288888888884,0.6660758269988909,0.56,-0.8,-0.8,13.88888888888889,13.88888888888889,8.695108666666663,3.1226277909364244,3.1384176444444494,0.1096856642366113,-2.220446049250313e-16,-0.8,-0.8,13.88888888888889,13.88888888888889
4,0.9,False,0,0.7777777777777775,True,14.010166666666667,-0.10749200260850511,1.097288888888884,0.4893692252855324,0.4299999999999997,-0.9,-0.9,13.88888888888889,13.88888888888889,10.213696666666664,-0.5217833616465333,2.1755909999999945,0.2785104791575468,-0.02000000000000024,-0.9,-0.9,13.88888888888889,13.88888888888889
4,1.0,False,0,0.8000000000000003,True,14.010166666666667,-1.180437872505169,1.3750666666666627,1.0314753771094378,0.3999999999999999,-1.0,-1.0,13.88888888888889,13.88888888888889,10.972990666666664,1.2915009126028254,2.0858495555555487,-0.40582516004599123,0.0,-1.0,-1.0,13.88888888888889,13.88888888888889
4,1.1,False,0,0.5304914965050356,True,14.010166666666667,-2.12745157410001,0.8195111111111091,0.08569176771863951,0.0600000000000005,-1.1,-1.1,13.88888888888889,13.88888888888889,13.250872666666666,0.9926322494902644,0.883312733333331,0.17550582768651157,-0.0499999999999996,-1.1,-1.1,13.88888888888889,13.88888888888889
4,1.2000000000000002,False,0,0.8781950010424135,True,14.010166666666667,0.1516355384176018,1.6528444444444412,0.44853744468492707,0.28000000000000025,-1.2000000000000002,-1.2000000000000002,13.88888888888889,13.88888888888889,11.732284666666665,0.6774303760052129,2.0720375111111062,-0.013119955558944074,-0.07999999999999963,-1.2000000000000002,-1.2000000000000002,13.88888888888889,13.88888888888889
4,1.3,False,0,0.7623711459612217,True,14.010166666666667,-0.9417403846113919,1.3750666666666627,0.6574870211652888,0.039999999999999813,-1.3,-1.3,13.88888888888889,13.88888888888889,13.250872666666666,-1.1425551829954612,1.4388682888888846,-0.2331576777529707,-0.09000000000000008,-1.3,-1.3,13.88888888888889,13.88888888888889
4,1.4000000000000001,False,0,0.9896213565785883,True,14.010166666666667,0.318300422098889,1.9306222222222216,0.5139565871525273,0.19999999999999973,-1.4000000000000001,-1.4000000000000001,13.88888888888889,13.88888888888889,12.491578666666665,-0.5804932790945037,2.1341548666666634,0.047907165737565593,-0.08000000000000007,-1.4000000000000001,-1.4000000000000001,13.88888888888889,13.88888888888889
4,1.5,False,0,1.0943926408649913,True,14.010166666666667,2.2785583642506166,2.2083999999999966,0.5304008273914835,0.25,-1.5,-1.5,13.88888888888889,13.88888888888889,12.491578666666665,2.044350132141436,2.411932644444442,0.09475498831856077,-0.04999999999999982,-1.5,-1.5,13.88888888888889,13.88888888888889
4,1.6,False,0,1.1991639251513944,True,14.010166666666667,1.463244947342086,2.4861777777777787,0.17533124060835403,0.3200000000000003,-1.6,-1.6,13.88888888888889,13.88888888888889,11.732284666666665,-1.0532256158409146,2.905370844444442,-0.2986886480818176,-0.1599999999999997,-1.6,-1.6,13.88888888888889,13.88888888888889
4,1.7000000000000002,False,0,0.9896213565785883,True,14.010166666666667,0.4245900577218462,1.9306222222222216,-0.18727623920855696,-0.09999999999999964,-1.7000000000000002,-1.7000000000000002,13.88888888888889,13.88888888888889,14.010166666666667,0.4245900577218462,1.9306222222222216,-0.18727623920855696,-0.09999999999999964,-1.7000000000000002,-1.7000000000000002,13.88888888888889,13.88888888888889
5,0.0,False,0,4.0,True,16.666666666666668,-1.95700451331152,-4.16666666666661,2.039174128097493,1.6,0.0,0.0,13.88888888888889,13.88888888888889,,,,,,,,,
5,0.1,False,0,4.0,True,16.666666666666668,-4.083086814045546,-4.16666666666661,1.298078500711656,1.27,-0.1,-0.1,13.88888888888889,13.88888888888889,16.666666666666668,34.11216721071138,31.12222222222176,0.3471534433091201,-0.00999999999999579,-0.1,-0.1,13.88888888888889,13.88888888888889
5,0.2,False,0,2.3000000000000043,True,15.907666666666668,-3.641984918120431,-4.257800000000041,0.6030698121777078,0.8799999999999994,-0.2,-0.2,13.88888888888889,13.88888888888889,15.907666666666668,4.614401461508817,4.826699999999872,-0.087486519627205,-0.019999999999997353,-0.2,-0.2,13.88888888888889,13.88888888888889
5,0.30000000000000004,False,0,1.7333333333333316,True,14.010166666666667,-3.0021190777050917,-1.6898777777777623,0.6802580301403789,0.7600000000000002,-0.30000000000000004,-0.30000000000000004,13.88888888888889,13.88888888888889,7.935814666666663,6.407717433356251,10.447221600000102,0.3106098002128235,-0.020000000000001572,-0.30000000000000004,-0.30000000000000004,13.88888888888889,13.88888888888889
5,0.4,False,0,2.1999999999999997,True,14.010166666666667,0.4415454716750711,0.4306222222222127,0.8550214019262659,0.8399999999999999,-0.4,-0.4,13.88888888888889,13.88888888888889,7.935814666666663,5.2506986758968965,10.27454908888895,-0.32807007424339973,-6.661338147750939e-16,-0.4,-0.4,13.88888888888889,13.88888888888889
5,0.5,False,0,1.7000000000000002,True,14.010166666666667,-3.2054872863825272,1.2639555555555555,1.2129841306142621,0.8000000000000003,-0.5,-0.5,13.88888888888889,13.88888888888889,7.935814666666663,7.332994419435832,8.662851111111141,-0.15095555909767278,0.0,-0.5,-0.5,13.88888888888889,13.88888888888889
5,0.6000000000000001,False,0,1.5666666666666664,True,14.010166666666667,-3.4665580519913304,2.097288888888884,1.2431035149954242,0.8200000000000003,-0.6000000000000001,-0.6000000000000001,13.88888888888889,13.88888888888889,7.935814666666663,6.498424644965579,8.077781400000017,0.5577959119047464,-0.019999999999999574,-0.6000000000000001,-0.6000000000000001,13.88888888888889,13.88888888888889
5,0.7000000000000001,False,0,1.1857142857142857,True,14.010166666666667,-0.7164880438995338,1.819511111111109,1.6395601314986679,0.6200000000000001,-0.7000000000000001,-0.7000000000000001,13.88888888888889,13.88888888888889,9.454402666666663,2.2620151894561547,4.671607711111126,0.0006500769247943516,-0.009999999999999343,-0.7000000000000001,-0.7000000000000001,13.88888888888889,13.88888888888889
5,0.8,False,0,1.1000000000000003,True,14.010166666666667,-1.0661687278520757,2.097288888888884,0.43655159371445196,0.56,-0.8,-0.8,13.88888888888889,13.88888888888889,8.695108666666663,-0.23031716511462985,4.138417644444449,0.09067250742203736,-2.220446049250313e-16,-0.8,-0.8,13.88888888888889,13.88888888888889
5,0.9,False,0,0.947689314091131,True,14.010166666666667,0.8643104265328754,1.819511111111109,0.28063456024327316,0.33999999999999986,-0.9,-0.9,13.88888888888889,13.88888888888889,10.972990666666664,-1.0811187067864223,2.530293999999995,0.22554853253042584,-0.02000000000000024,-0.9,-0.9,13.88888888888889,13.88888888888889
5,1.0,False,0,1.0524841271504304,True,14.010166666666667,-2.473466923661671,2.097288888888884,1.0188164604322396,0.30000000000000027,-1.0,-1.0,13.88888888888889,13.88888888888889,12.491578666666665,2.6110829432534155,2.3646231555555497,-0.36975304097983774,0.0,-1.0,-1.0,13.88888888888889,13.88888888888889
5,1.1,False,0,1.1572554114368327,True,14.010166666666667,2.1828586526420297,2.3750666666666627,0.33667334651922154,0.28000000000000025,-1.1,-1.1,13.88888888888889,13.88888888888889,11.732284666666665,1.309891693164496,2.7942597333333277,0.1676751803891201,-0.0499999999999996,-1.1,-1.1,13.88888888888889,13.88888888888889
5,1.2000000000000002,False,0,1.3667979800096388,True,14.010166666666667,1.385743380749484,2.9306222222222216,0.5571888116469244,0.3999999999999999,-1.2000000000000002,-1.2000000000000002,13.88888888888889,13.88888888888889,10.972990666666664,2.345940807459102,3.641405111111106,0.1979786822226548,-0.07999999999999963,-1.2000000000000002,-1.2000000000000002,13.88888888888889,13.88888888888889
5,1.3,False,0,1.1572554114368327,True,14.010166666666667,-0.19636748271548665,2.3750666666666627,0.6063045780771277,0.039999999999999813,-1.3,-1.3,13.88888888888889,13.88888888888889,13.250872666666666,-2.0433102104759255,2.4388682888888846,-0.15489993231631605,-0.09000000000000008,-1.3,-1.3,13.88888888888889,13.88888888888889
5,1.4000000000000001,False,0,1.1572554114368327,True,14.010166666666667,-0.49693500292503767,2.3750666666666627,0.024485514298216327,-0.08000000000000007,-1.4000000000000001,-1.4000000000000001,13.88888888888889,13.88888888888889,14.010166666666667,-0.49693500292503767,2.3750666666666627,0.024485514298216327,-0.08000000000000007,-1.4000000000000001,-1.4000000000000001,13.88888888888889,13.88888888888889
5,1.5,False,0,1.2620266957232351,True,14.010166666666667,0.8561514944943776,2.45096666666666,-0.10128076182650259,-0.19999999999999996,-1.5,-1.5,13.88888888888889,13.88888888888889,14.769166666666667,1.022961311976606,2.4630944444444376,0.3017504340959789,-0.04999999999999982,-1.5,-1.5,13.88888888888889,13.88888888888889
5,1.6,False,0,1.3667979800096388,True,14.010166666666667,1.6883444689536296,2.9306222222222216,0.03157076772911882,2.220446049250313e-16,-1.6,-1.6,13.88888888888889,13.88888888888889,13.250872666666666,0.42395866509390334,2.9944238444444418,-0.29105997661213334,-0.1599999999999997,-1.6,-1.6,13.88888888888889,13.88888888888889
5,1.7000000000000002,False,0,1.3667979800096388,True,14.010166666666667,2.4909545840301854,2.8425944444444413,-0.21478726550269567,-0.2699999999999996,-1.7000000000000002,-1.7000000000000002,13.88888888888889,13.88888888888889,14.769166666666667,1.4749045016901308,2.8547222222222226,-0.8072667117155836,-0.09999999999999964,-1.7000000000000002,-1.7000000000000002,13.88888888888889,13.88888888888889
6,0.0,False,0,4.0,True,16.666666666666668,1.4639133467528085,-4.27777777777771,1.8654116670230203,1.6,0.0,0.0,13.88888888888889,13.88888888888889,,,,,,,,,
6,0.1,False,0,4.0,False,16.666666666666668,-4.030609602980699,-4.27777777777771,1.1016986385597662,1.23,-0.1,-0.1,13.88888888888889,13.88888888888889,16.666666666666668,31.58480324047066,30.12222222222176,-0.09222839009106076,-0.00999999999999579,-0.1,-0.1,13.88888888888889,13.88888888888889
6,0.2,False,0,2.7000000000000024,True,16.540166666666668,-2.9456188697334538,-4.214527777777707,0.9829861063535654,0.8599999999999999,-0.2,-0.2,13.88888888888889,13.88888888888889,16.540166666666668,9.992586111681387,7.2801499999997334,0.4336861658949962,-0.019999999999997353,-0.2,-0.2,13.88888888888889,13.88888888888889
6,0.30000000000000004,False,0,2.3333333333333335,True,14.010166666666667,-2.457129786108747,-0.6018499999999944,0.8507228371689859,0.7900000000000005,-0.30000000000000004,-0.30000000000000004,13.88888888888889,13.88888888888889,7.935814666666663,11.511326432537,13.269497800000106,-0.5312510224296569,-0.020000000000001572,-0.30000000000000004,-0.30000000000000004,13.88888888888889,13.88888888888889
6,0.4,False,0,2.0999999999999996,True,14.010166666666667,0.9702547403474542,1.228744444444449,0.7344056295040047,0.7999999999999998,-0.4,-0.4,13.88888888888889,13.88888888888889,7.935814666666663,10.891885795375455,10.781081488888955,0.2550674067531493,-6.661338147750939e-16,-0.4,-0.4,13.88888888888889,13.88888888888889
6,0.5,False,0,1.6000000000000005,True,14.010166666666667,-2.0773723763846794,1.7083999999999948,0.2956064244527039,0.7000000000000002,-0.5,-0.5,13.88888888888889,13.88888888888889,7.935814666666663,7.478571054790639,7.9166807111111455,-0.46532014590291615,0.0,-0.5,-0.5,13.88888888888889,13.88888888888889
6,0.6000000000000001,False,0,1.5666666666666664,True,14.010166666666667,2.5262948602004025,2.8073833333333313,0.2964702575393874,0.7000000000000002,-0.6000000000000001,-0.6000000000000001,13.88888888888889,13.88888888888889,8.695108666666663,5.84560041368663,7.369472800000016,0.23310161464410362,-0.019999999999999574,-0.6000000000000001,-0.6000000000000001,13.88888888888889,13.88888888888889
6,0.7000000000000001,False,0,1.364655192383424,True,14.010166666666667,1.4771675172631094,2.819511111111109,0.6833762370506622,0.6200000000000001,-0.7000000000000001,-0.7000000000000001,13.88888888888889,13.88888888888889,9.454402666666663,3.0758636914579727,5.671607711111126,-0.18712289866275866,-0.009999999999999343,-0.7000000000000001,-0.7000000000000001,13.88888888888889,13.88888888888889
6,0.8,False,0,1.639203319154285,True,14.010166666666667,3.5774495942400515,3.6528444444444412,1.4349890156559684,0.7200000000000002,-0.8,-0.8,13.88888888888889,13.88888888888889,8.695108666666663,5.404075284593671,6.732729244444454,-0.29343428901096025,-2.220446049250313e-16,-0.8,-0.8,13.88888888888889,13.88888888888889
6,0.9,False,0,1.2201181820086762,True,14.010166666666667,-1.356638729556063,2.541733333333334,0.5860157777795667,0.24999999999999956,-0.9,-0.9,13.88888888888889,13.88888888888889,11.732284666666665,0.22004800244755263,2.9609263999999955,-0.04645136474141509,-0.02000000000000024,-0.9,-0.9,13.88888888888889,13.88888888888889
6,1.0,False,0,1.4296607505814802,True,14.010166666666667,-0.9816786654923986,3.097288888888884,0.7811623475491922,0.30000000000000027,-1.0,-1.0,13.88888888888889,13.88888888888889,11.732284666666665,2.6128013272932593,3.5164819555555527,0.29537630007244564,0.0,-1.0,-1.0,13.88888888888889,13.88888888888889
6,1.1,False,0,1.5344320348678826,True,14.010166666666667,1.8900585707313633,3.3750666666666627,0.8431966858868205,0.28000000000000025,-1.1,-1.1,13.88888888888889,13.88888888888889,11.732284666666665,2.4744516721356087,3.7942597333333277,-0.22236152518078134,-0.0499999999999996,-1.1,-1.1,13.88888888888889,13.88888888888889
6,1.2000000000000002,False,0,1.7439746034406887,True,14.010166666666667,3.4469085328155655,3.9306222222222216,0.4600331595470122,0.3999999999999999,-1.2000000000000002,-1.2000000000000002,13.88888888888889,13.88888888888889,10.972990666666664,2.6574201741806585,4.641405111111106,-0.11773406891291405,-0.07999999999999963,-1.2000000000000002,-1.2000000000000002,13.88888888888889,13.88888888888889
6,1.3,False,0,1.5344320348678826,True,14.010166666666667,2.993993078460563,3.3750666666666627,-0.043959967274384004,0.039999999999999813,-1.3,-1.3,13.88888888888889,13.88888888888889,13.250872666666666,0.6732926270386423,3.4388682888888846,0.1161206914908064,-0.09000000000000008,-1.3,-1.3,13.88888888888889,13.88888888888889
6,1.4000000000000001,False,0,1.639203319154285,True,14.010166666666667,2.4149430168840746,3.6528444444444412,-0.03866129205158941,0.05999999999999983,-1.4000000000000001,-1.4000000000000001,13.88888888888889,13.88888888888889,13.250872666666666,1.0608565704317217,3.716646066666663,0.16610807803345295,-0.08000000000000007,-1.4000000000000001,-1.4000000000000001,13.88888888888889,13.88888888888889
6,1.5,False,0,1.7439746034406887,True,14.010166666666667,1.2513507513968234,3.9306222222222216,-0.0852195049406197,0.10000000000000009,-1.5,-1.5,13.88888888888889,13.88888888888889,13.250872666666666,2.6942418811775797,3.9944238444444418,-0.06498091678310569,-0.04999999999999982,-1.5,-1.5,13.88888888888889,13.88888888888889
6,1.6,False,0,1.7439746034406887,True,14.010166666666667,1.3357984979802309,3.9306222222222216,0.5697976810491063,2.220446049250313e-16,-1.6,-1.6,13.88888888888889,13.88888888888889,13.250872666666666,3.937724373685204,3.9944238444444418,-0.04626272676430698,-0.1599999999999997,-1.6,-1.6,13.88888888888889,13.88888888888889
6,1.7000000000000002,False,0,1.639203319154285,True,14.010166666666667,3.1529590619594012,3.6528444444444412,-0.21337555212929815,-0.2699999999999996,-1.7000000000000002,-1.7000000000000002,13.88888888888889,13.88888888888889,14.769166666666667,0.7498084246437395,3.6649722222222225,0.2845833511300526,-0.09999999999999964,-1.7000000000000002,-1.7000000000000002,13.88888888888889,13.88888888888889
7,0.0,False,0,4.0,True,16.666666666666668,-2.890286530112422,-4.211111111111182,1.5872907221088481,1.6,0.0,0.0,13.88888888888889,13.88888888888889,,,,,,,,,
7,0.1,False,0,4.0,True,16.666666666666668,-1.3932261465360964,-4.211111111111182,1.2192672198658645,1.19,-0.1,-0.1,13.88888888888889,13.88888888888889,16.666666666666668,29.041671999606915,29.12222222222176,0.06986233372523953,-0.00999999999999579,-0.1,-0.1,13.88888888888889,13.88888888888889
7,0.2,False,0,2.1000000000000063,True,16.287166666666668,-0.6894488260247895,-4.186488888888792,0.7550445519808919,0.7799999999999998,-0.2,-0.2,13.88888888888889,13.88888888888889,16.287166666666668,7.974887887674012,5.17959999999965,0.37468852143564213,-0.019999999999997353,-0.2,-0.2,13.88888888888889,13.88888888888889
7,0.30000000000000004,False,0,2.933333333333334,True,14.010166666666667,-3.077938399929489,0.9157555555555748,1.0803062934188832,0.8500000000000001,-0.30000000000000004,-0.30000000000000004,13.88888888888889,13.88888888888889,7.935814666666663,14.881681938411173,16.053647600000115,0.3989975007538864,-0.020000000000001572,-0.30000000000000004,-0.30000000000000004,13.88888888888889,13.88888888888889
7,0.4,False,0,1.7999999999999994,True,14.010166666666667,-1.4612621578881884,1.3195111111111233,1.0691592833106767,0.6799999999999997,-0.4,-0.4,13.88888888888889,13.88888888888889,7.935814666666663,6.008715950316305,9.237784688888954,-0.14341837511920685,-6.661338147750939e-16,-0.4,-0.4,13.88888888888889,13.88888888888889
7,0.5,False,0,1.7999999999999998,True,14.010166666666667,0.2470172722153814,2.9988277777777776,0.49904969732488746,0.75,-0.5,-0.5,13.88888888888889,13.88888888888889,8.695108666666663,8.665373887578152,9.194980711111146,-0.27118235216346753,0.0,-0.5,-0.5,13.88888888888889,13.88888888888889
7,0.6000000000000001,False,0,1.5499733605133312,True,14.010166666666667,3.5337762214458524,3.263955555555559,1.025557682168651,0.6400000000000001,-0.6000000000000001,-0.6000000000000001,13.88888888888889,13.88888888888889,8.695108666666663,6.389252871608488,7.382596400000016,0.14762849140986978,-0.019999999999999574,-0.6000000000000001,-0.6000000000000001,13.88888888888889,13.88888888888889
7,0.7000000000000001,False,0,1.7020660897261264,True,14.010166666666667,2.293933201645758,3.819511111111109,0.1239448843871287,0.6200000000000001,-0.7000000000000001,-0.7000000000000001,13.88888888888889,13.88888888888889,9.454402666666663,4.109709534448986,6.671607711111126,-0.05233156511616177,-0.009999999999999343,-0.7000000000000001,-0.7000000000000001,13.88888888888889,13.88888888888889
7,0.8,False,0,1.7020660897261264,True,14.010166666666667,0.6929081975203042,3.819511111111109,0.6524630360867318,0.48,-0.8,-0.8,13.88888888888889,13.88888888888889,9.454402666666663,4.377265310352731,5.341261844444451,0.04723864038079251,-2.220446049250313e-16,-0.8,-0.8,13.88888888888889,13.88888888888889
7,0.9,False,0,1.80683737401253,True,14.010166666666667,3.0009046672856856,4.097288888888884,0.61027574462776,0.4299999999999997,-0.9,-0.9,13.88888888888889,13.88888888888889,10.213696666666664,5.474542789307411,5.1755909999999945,-0.18416905570310416,-0.02000000000000024,-0.9,-0.9,13.88888888888889,13.88888888888889
7,1.0,False,0,1.7020660897261264,True,14.010166666666667,0.09430932874387299,3.819511111111109,0.6126086671836117,0.20000000000000018,-1.0,-1.0,13.88888888888889,13.88888888888889,12.491578666666665,2.6935290459091314,4.023043755555556,0.3955934211745604,0.0,-1.0,-1.0,13.88888888888889,13.88888888888889
7,1.1,False,0,1.9116086582989325,True,14.010166666666667,2.4929929226798437,4.375066666666663,-0.1596528248252751,0.28000000000000025,-1.1,-1.1,13.88888888888889,13.88888888888889,11.732284666666665,3.0882153699057655,4.794259733333328,0.35341653265160344,-0.0499999999999996,-1.1,-1.1,13.88888888888889,13.88888888888889
7,1.2000000000000002,False,0,2.016379942585335,True,14.010166666666667,3.797930955243147,4.652844444444441,0.618654695752153,0.28000000000000025,-1.2000000000000002,-1.2000000000000002,13.88888888888889,13.88888888888889,11.732284666666665,1.9545099323136244,5.072037511111106,0.09571455765111336,-0.07999999999999963,-1.2000000000000002,-1.2000000000000002,13.88888888888889,13.88888888888889
7,1.3,False,0,2.1199999999999983,True,14.010166666666667,3.6560679278389356,4.930622222222222,0.4128170850519406,0.2999999999999998,-1.3,-1.3,13.88888888888889,13.88888888888889,11.732284666666665,3.907418006873578,5.349815288888885,-0.5479420949513234,-0.09000000000000008,-1.3,-1.3,13.88888888888889,13.88888888888889
7,1.4000000000000001,False,0,1.9116086582989325,True,14.010166666666667,1.3151394441266548,4.375066666666663,0.24016484824141493,-0.08000000000000007,-1.4000000000000001,-1.4000000000000001,13.88888888888889,13.88888888888889,14.010166666666667,1.3151394441266548,4.375066666666663,0.24016484824141493,-0.08000000000000007,-1.4000000000000001,-1.4000000000000001,13.88888888888889,13.88888888888889
7,1.5,False,0,1.9116086582989325,True,14.010166666666667,4.598123085010482,4.375066666666663,-0.32658580386611913,-0.19999999999999996,-1.5,-1.5,13.88888888888889,13.88888888888889,14.769166666666667,3.3948607222634637,4.38719444444444,0.39074530984635913,-0.04999999999999982,-1.5,-1.5,13.88888888888889,13.88888888888889
7,1.6,False,0,2.2199999999999998,True,14.010166666666667,3.9305651115951745,5.208399999999997,0.09193525901600341,0.16000000000000014,-1.6,-1.6,13.88888888888889,13.88888888888889,12.491578666666665,0.9288734324035284,5.411932644444442,0.27978023965579046,-0.1599999999999997,-1.6,-1.6,13.88888888888889,13.88888888888889
7,1.7000000000000002,False,0,2.2199999999999998,True,14.010166666666667,2.831423743835077,5.208399999999997,0.49294078952510345,0.07000000000000028,-1.7000000000000002,-1.7000000000000002,13.88888888888889,13.88888888888889,13.250872666666666,5.047872152031089,5.272201622222222,0.3969857003691586,-0.09999999999999964,-1.7000000000000002,-1.7000000000000002,13.88888888888889,13.88888888888889
8,0.0,False,0,4.0,False,16.666666666666668,-3.8606557091303584,-4.22222222222216,1.8993361898664478,1.6,0.0,0.0,13.88888888888889,13.88888888888889,,,,,,,,,
8,0.1,False,0,4.0,True,16.666666666666668,-2.9000507181676225,-4.22222222222216,1.6255519952065294,1.1600000000000001,-0.1,-0.1,13.88888888888889,13.88888888888889,16.666666666666668,29.533735720957633,28.12222222222176,-0.012017417778546813,-0.00999999999999579,-0.1,-0.1,13.88888888888889,13.88888888888889
8,0.2,False,0,4.0,True,14.010166666666667,-0.8459300269496124,0.12311111111114048,0.8810211849243421,0.9599999999999995,-0.2,-0.2,13.88888888888889,13.88888888888889,7.935814666666663,26.502905303794858,26.407857600000195,0.10065910676106915,-0.019999999999997353,-0.2,-0.2,13.88888888888889,13.88888888888889
8,0.30000000000000004,False,0,2.833333333333333,True,14.010166666666667,1.409567975666275,1.4988277777777883,1.0069071151485143,0.8200000000000003,-0.30000000000000004,-0.30000000000000004,13.88888888888889,13.88888888888889,7.935814666666663,13.71585818104246,16.04141240000011,-0.010162943511583533,-0.020000000000001572,-0.30000000000000004,-0.30000000000000004,13.88888888888889,13.88888888888889
8,0.4,False,0,1.9999999999999996,True,14.010166666666667,0.13303654948091026,2.5972888888888948,0.7379934078719708,0.7199999999999998,-0.4,-0.4,13.88888888888889,13.88888888888889,7.935814666666663,10.16471250956587,10.959011088888953,0.12983509634841806,-6.661338147750939e-16,-0.4,-0.4,13.88888888888889,13.88888888888889
8,0.5,False,0,1.9000000000000004,True,14.010166666666667,3.7203184258293485,3.986177777777777,0.9907437922687872,0.75,-0.5,-0.5,13.88888888888889,13.88888888888889,8.695108666666663,8.557514735862892,10.182330711111145,-0.17389434701450956,0.0,-0.5,-0.5,13.88888888888889,13.88888888888889
8,0.6000000000000001,False,0,2.279999999999999,True,14.010166666666667,2.5273210722054644,5.375066666666663,1.2719732226315266,0.8800000000000003,-0.6000000000000001,-0.6000000000000001,13.88888888888889,13.88888888888889,9.454402666666663,9.554371564024603,10.88785500000002,0.299355695175628,-0.019999999999999574,-0.6000000000000001,-0.6000000000000001,13.88888888888889,13.88888888888889
8,0.7000000000000001,False,0,1.7649288602979685,True,14.010166666666667,4.41789702855752,3.986177777777777,0.09044279398199806,0.4100000000000006,-0.7000000000000001,-0.7000000000000001,13.88888888888889,13.88888888888889,9.454402666666663,4.554800667269814,5.507928511111122,0.10711912106940336,-0.009999999999999343,-0.7000000000000001,-0.7000000000000001,13.88888888888889,13.88888888888889
8,0.8,False,0,2.0792427131571762,True,14.010166666666667,2.4489672946557244,4.819511111111109,0.5528361340729213,0.48,-0.8,-0.8,13.88888888888889,13.88888888888889,9.454402666666663,3.3994400819509396,6.341261844444451,-0.20826834030774233,-2.220446049250313e-16,-0.8,-0.8,13.88888888888889,13.88888888888889
8,0.9,False,0,2.1799999999999993,True,14.010166666666667,2.0536154893475116,5.097288888888884,0.8079073261060614,0.4299999999999997,-0.9,-0.9,13.88888888888889,13.88888888888889,10.213696666666664,4.527362954135161,6.1755909999999945,-0.018748610873184468,-0.02000000000000024,-0.9,-0.9,13.88888888888889,13.88888888888889
8,1.0,False,0,2.1799999999999993,True,14.010166666666667,2.16826886145999,5.097288888888884,0.37003167127643755,0.30000000000000027,-1.0,-1.0,13.88888888888889,13.88888888888889,11.732284666666665,1.5765749299841056,5.516481955555553,0.502582339309507,0.0,-1.0,-1.0,13.88888888888889,13.88888888888889
8,1.1,False,0,2.38,True,14.010166666666667,5.625932258584066,5.652844444444441,0.20888260350545584,0.3900000000000001,-1.1,-1.1,13.88888888888889,13.88888888888889,10.972990666666664,6.06416943545332,6.363627333333331,0.44668863184299124,-0.0499999999999996,-1.1,-1.1,13.88888888888889,13.88888888888889
8,1.2000000000000002,False,0,2.38,True,14.010166666666667,3.1390990677999655,5.652844444444441,0.5409853310232915,0.28000000000000025,-1.2000000000000002,-1.2000000000000002,13.88888888888889,13.88888888888889,11.732284666666665,1.6259648785166414,6.072037511111106,0.21591227619364517,-0.07999999999999963,-1.2000000000000002,-1.2000000000000002,13.88888888888889,13.88888888888889
8,1.3,False,0,2.279999999999999,True,14.010166666666667,2.7543381626488044,5.375066666666663,0.25038957171161824,0.039999999999999813,-1.3,-1.3,13.88888888888889,13.88888888888889,13.250872666666666,4.499049521350124,5.438868288888885,0.12593161983797296,-0.09000000000000008,-1.3,-1.3,13.88888888888889,13.88888888888889
8,1.4000000000000001,False,0,2.38,True,14.010166666666667,2.543926261751605,5.652844444444441,0.33848970334692563,0.05999999999999983,-1.4000000000000001,-1.4000000000000001,13.88888888888889,13.88888888888889,13.250872666666666,3.1273821552781422,5.716646066666663,-0.30674114125576946,-0.08000000000000007,-1.4000000000000001,-1.4000000000000001,13.88888888888889,13.88888888888889
8,1.5,False,0,2.479999999999998,True,14.010166666666667,1.5096810185326666,5.930622222222222,0.383584498524955,0.10000000000000009,-1.5,-1.5,13.88888888888889,13.88888888888889,13.250872666666666,1.903748868022146,5.994423844444442,0.11053217851517116,-0.04999999999999982,-1.5,-1.5,13.88888888888889,13.88888888888889
8,1.6,False,0,2.38,True,14.010166666666667,1.606386881097749,5.652844444444441,0.9663398102395617,-0.1599999999999997,-1.6,-1.6,13.88888888888889,13.88888888888889,14.010166666666667,1.606386881097749,5.652844444444441,0.9663398102395617,-0.1599999999999997,-1.6,-1.6,13.88888888888889,13.88888888888889
8,1.7000000000000002,False,0,2.5799999999999996,True,14.010166666666667,4.555016163031467,6.208399999999997,0.28515209818434917,0.07000000000000028,-1.7000000000000002,-1.7000000000000002,13.88888888888889,13.88888888888889,13.250872666666666,2.0642861578439122,6.272201622222222,0.3094788718378849,-0.09999999999999964,-1.7000000000000002,-1.7000000000000002,13.88888888888889,13.88888888888889
9,0.0,False,0,4.0,True,16.666666666666668,-0.4126404934752541,-4.266666666666711,2.0596956583329904,1.6,0.0,0.0,13.88888888888889,13.88888888888889,,,,,,,,,
9,0.1,False,0,4.0,True,16.540166666666668,-3.318447497221473,-4.20683333333321,1.4925172319301043,1.12,-0.1,-0.1,13.88888888888889,13.88888888888889,16.540166666666668,26.42089943138792,25.56627222222296,0.2718334543092178,-0.00999999999999579,-0.1,-0.1,13.88888888888889,13.88888888888889
9,0.2,False,0,3.600000000000001,True,14.010166666666667,-2.5953866860746926,-1.1122833333332691,0.6329552856373217,0.8199999999999998,-0.2,-0.2,13.88888888888889,13.88888888888889,7.935814666666663,19.93983702996604,21.233099400000167,0.17037686111243877,-0.019999999999997353,-0.2,-0.2,13.88888888888889,13.88888888888889
9,0.30000000000000004,False,0,3.133333333333334,True,14.010166666666667,2.0304415317492372,3.0417333333333376,0.4906627823723406,0.8800000000000003,-0.30000000000000004,-0.30000000000000004,13.88888888888889,13.88888888888889,8.695108666666663,13.851284079954194,16.80076840000009,0.27631441936433276,-0.020000000000001572,-0.30000000000000004,-0.30000000000000004,13.88888888888889,13.88888888888889
9,0.4,False,0,2.1999999999999997,True,14.010166666666667,1.2089918817338345,3.875066666666666,0.8400347884234494,0.7599999999999998,-0.4,-0.4,13.88888888888889,13.88888888888889,8.695108666666663,11.641215411691913,11.996872888888955,0.1880890609015955,-6.661338147750939e-16,-0.4,-0.4,13.88888888888889,13.88888888888889
9,0.5,False,0,2.139999999999999,True,14.010166666666667,3.3344017215242028,4.986177777777777,0.8572417180264909,0.75,-0.5,-0.5,13.88888888888889,13.88888888888889,8.695108666666663,9.53054775622078,11.030471911111146,0.053151183330505836,0.0,-0.5,-0.5,13.88888888888889,13.88888888888889
9,0.6000000000000001,False,0,2.4399999999999995,True,14.010166666666667,3.5377146272307813,5.8195111111111055,0.8678322928341649,0.7600000000000002,-0.6000000000000001,-0.6000000000000001,13.88888888888889,13.88888888888889,9.454402666666663,10.403321975800647,10.445402200000022,0.015936469344197013,-0.019999999999999574,-0.6000000000000001,-0.6000000000000001,13.88888888888889,13.88888888888889
9,0.7000000000000001,False,0,2.639999999999999,True,14.010166666666667,3.427234570160704,6.375066666666663,0.5438528313991804,0.7600000000000002,-0.7000000000000001,-0.7000000000000001,13.88888888888889,13.88888888888889,8.695108666666663,8.010652888426439,10.341848711111123,0.18186750806912988,-0.009999999999999343,-0.7000000000000001,-0.7000000000000001,13.88888888888889,13.88888888888889
9,0.8,False,0,2.3399999999999985,True,14.010166666666667,3.1199000926515987,5.541733333333334,0.3093355931085222,0.3999999999999999,-0.8,-0.8,13.88888888888889,13.88888888888889,10.213696666666664,7.02333110154454,6.620035444444452,0.04589355072956525,-2.220446049250313e-16,-0.8,-0.8,13.88888888888889,13.88888888888889
9,0.9,False,0,2.4399999999999995,True,14.010166666666667,5.25204537617885,5.8195111111111055,0.5721431686613179,0.33999999999999986,-0.9,-0.9,13.88888888888889,13.88888888888889,10.972990666666664,5.544346739495627,6.530293999999995,0.28501903522952166,-0.02000000000000024,-0.9,-0.9,13.88888888888889,13.88888888888889
9,1.0,False,0,2.639999999999999,True,14.010166666666667,2.316795232377282,6.375066666666663,0.5733166440633464,0.3999999999999999,-1.0,-1.0,13.88888888888889,13.88888888888889,10.972990666666664,5.718503144020507,7.085849555555552,-0.11540833716782783,0.0,-1.0,-1.0,13.88888888888889,13.88888888888889
9,1.1,False,0,2.639999999999999,True,14.010166666666667,6.466139972555728,6.375066666666663,0.5661251216835459,0.28000000000000025,-1.1,-1.1,13.88888888888889,13.88888888888889,11.732284666666665,2.204882156163692,6.794259733333328,0.22298236382578418,-0.0499999999999996,-1.1,-1.1,13.88888888888889,13.88888888888889
9,1.2000000000000002,False,0,2.7399999999999998,True,14.010166666666667,3.718281891077795,6.652844444444441,0.5157815546143509,0.28000000000000025,-1.2000000000000002,-1.2000000000000002,13.88888888888889,13.88888888888889,11.732284666666665,7.258960620951048,7.072037511111103,0.1088334981339063,-0.07999999999999963,-1.2000000000000002,-1.2000000000000002,13.88888888888889,13.88888888888889
9,1.3,False,0,2.7399999999999998,True,14.010166666666667,5.503742169888121,6.652844444444441,-0.31560248867780016,0.16999999999999993,-1.3,-1.3,13.88888888888889,13.88888888888889,12.491578666666665,4.232815040710748,6.856377088888885,-0.1357357749290946,-0.09000000000000008,-1.3,-1.3,13.88888888888889,13.88888888888889
9,1.4000000000000001,False,0,2.7399999999999998,True,14.010166666666667,2.1206563995465517,6.652844444444441,0.6203747052889375,0.05999999999999983,-1.4000000000000001,-1.4000000000000001,13.88888888888889,13.88888888888889,13.250872666666666,5.285311940099672,6.716646066666663,0.0610263854601083,-0.08000000000000007,-1.4000000000000001,-1.4000000000000001,13.88888888888889,13.88888888888889
9,1.5,False,0,2.7399999999999998,True,14.010166666666667,3.6871910306723317,6.652844444444441,0.0268782318983829,-0.04999999999999982,-1.5,-1.5,13.88888888888889,13.88888888888889,14.010166666666667,3.6871910306723317,6.652844444444441,0.0268782318983829,-0.04999999999999982,-1.5,-1.5,13.88888888888889,13.88888888888889
9,1.6,False,0,2.9399999999999995,True,14.010166666666667,4.566663273153629,7.208399999999997,0.6136626999775641,0.16000000000000014,-1.6,-1.6,13.88888888888889,13.88888888888889,12.491578666666665,5.552514898208121,7.411932644444442,-0.27414022132018134,-0.1599999999999997,-1.6,-1.6,13.88888888888889,13.88888888888889
9,1.7000000000000002,False,0,2.9399999999999995,True,14.010166666666667,5.0553948489640055,7.208399999999997,0.5478776311250244,0.07000000000000028,-1.7000000000000002,-1.7000000000000002,13.88888888888889,13.88888888888889,13.250872666666666,6.060668726121551,7.272201622222222,-0.00028877239622104867,-0.09999999999999964,-1.7000000000000002,-1.7000000000000002,13.88888888888889,13.88888888888889
10,0.0,False,0,4.0,False,16.666666666666668,-3.0853891454170563,-4.166666666666631,1.8240379877100996,1.6,0.0,0.0,13.88888888888889,13.88888888888889,,,,,,,,,
10,0.1,False,0,4.0,True,16.666666666666668,-4.242662968858414,-4.166666666666631,0.9216857103124387,1.0900000000000003,-0.1,-0.1,13.88888888888889,13.88888888888889,16.666666666666668,26.96618644979098,26.12222222222176,0.18379610340367192,-0.00999999999999579,-0.1,-0.1,13.88888888888889,13.88888888888889
10,0.2,False,0,4.0,True,14.010166666666667,-0.0805770279952922,1.3904555555556017,0.43613020234188804,0.9199999999999995,-0.2,-0.2,13.88888888888889,13.88888888888889,7.935814666666663,25.589379608887224,26.256799000000196,0.07755310931971038,-0.019999999999997353,-0.2,-0.2,13.88888888888889,13.88888888888889
10,0.30000000000000004,False,0,2.833333333333333,True,14.010166666666667,0.5085265412131053,3.208400000000009,1.132784434989074,0.7900000000000005,-0.30000000000000004,-0.30000000000000004,13.88888888888889,13.88888888888889,8.695108666666663,13.005079376758513,15.409301000000067,0.20146441919617697,-0.020000000000001572,-0.30000000000000004,-0.30000000000000004,13.88888888888889,13.88888888888889
10,0.4,False,0,2.4,True,14.010166666666667,5.057594325918136,5.140716666666667,1.0188416154559823,0.7599999999999998,-0.4,-0.4,13.88888888888889,13.88888888888889,8.695108666666663,10.155513723816117,13.414381688888955,0.21906864998856124,-6.661338147750939e-16,-0.4,-0.4,13.88888888888889,13.88888888888889
10,0.5,False,0,2.4999999999999987,True,14.010166666666667,5.271977598598164,5.986177777777777,0.7797548129829379,0.75,-0.5,-0.5,13.88888888888889,13.88888888888889,9.454402666666663,9.673796647017408,11.498966111111148,0.19864324815977863,0.0,-0.5,-0.5,13.88888888888889,13.88888888888889
10,0.6000000000000001,False,0,2.6999999999999984,True,14.010166666666667,3.0366029114654554,6.541733333333334,1.2607653181448102,0.7000000000000002,-0.6000000000000001,-0.6000000000000001,13.88888888888889,13.88888888888889,9.454402666666663,4.619567098878389,10.420458200000024,-0.0028032790144432163,-0.019999999999999574,-0.6000000000000001,-0.6000000000000001,13.88888888888889,13.88888888888889
10,0.7000000000000001,False,0,2.7999999999999994,True,14.010166666666667,6.346449847943846,6.8195111111111055,0.57480193332978,0.6200000000000001,-0.7000000000000001,-0.7000000000000001,13.88888888888889,13.88888888888889,10.213696666666664,7.35241110196564,9.367890111111127,-0.2992193311587792,-0.009999999999999343,-0.7000000000000001,-0.7000000000000001,13.88888888888889,13.88888888888889
10,0.8,False,0,2.6999999999999984,True,14.010166666666667,3.9646780236400483,6.541733333333334,0.7709724363008563,0.3999999999999999,-0.8,-0.8,13.88888888888889,13.88888888888889,10.213696666666664,3.2232176473041294,7.620035444444452,0.47515069066107873,-2.220446049250313e-16,-0.8,-0.8,13.88888888888889,13.88888888888889
10,0.9,False,0,2.9999999999999987,True,14.010166666666667,5.608958235802395,7.375066666666663,0.4256155006490965,0.52,-0.9,-0.9,13.88888888888889,13.88888888888889,9.454402666666663,7.497412872716549,8.896817399999993,0.5001210190945433,-0.02000000000000024,-0.9,-0.9,13.88888888888889,13.88888888888889
10,1.0,False,0,2.899999999999999,True,14.010166666666667,2.8573478581513116,7.097288888888884,0.6239847584676315,0.30000000000000027,-1.0,-1.0,13.88888888888889,13.88888888888889,11.732284666666665,6.065913375698604,7.516481955555553,-0.4740850149470688,0.0,-1.0,-1.0,13.88888888888889,13.88888888888889
10,1.1,False,0,3.0999999999999996,True,14.010166666666667,3.144607690773399,7.652844444444441,1.072699215670522,0.3900000000000001,-1.1,-1.1,13.88888888888889,13.88888888888889,10.972990666666664,8.060737205701965,8.36362733333333,-0.07642499643693834,-0.0499999999999996,-1.1,-1.1,13.88888888888889,13.88888888888889
10,1.2000000000000002,False,0,3.199999999999998,True,14.010166666666667,6.354466295729721,7.930622222222222,0.4691042621857182,0.3999999999999999,-1.2000000000000002,-1.2000000000000002,13.88888888888889,13.88888888888889,10.972990666666664,7.264488176358992,8.641405111111101,0.11117281278473667,-0.07999999999999963,-1.2000000000000002,-1.2000000000000002,13.88888888888889,13.88888888888889
10,1.3,False,0,3.0999999999999996,True,14.010166666666667,3.3999989164455586,7.652844444444441,0.2955743142219047,0.16999999999999993,-1.3,-1.3,13.88888888888889,13.88888888888889,12.491578666666665,8.295309353985417,7.856377088888885,-0.24275631852657042,-0.09000000000000008,-1.3,-1.3,13.88888888888889,13.88888888888889
10,1.4000000000000001,False,0,3.2999999999999994,True,14.010166666666667,5.546054625945415,8.208399999999997,0.5900174477559359,0.33999999999999986,-1.4000000000000001,-1.4000000000000001,13.88888888888889,13.88888888888889,11.732284666666665,8.665913567819786,8.627593066666662,0.3448133257587709,-0.08000000000000007,-1.4000000000000001,-1.4000000000000001,13.88888888888889,13.88888888888889
10,1.5,False,0,3.2999999999999994,True,14.010166666666667,2.341503362076618,8.208399999999997,1.113058430156991,0.25,-1.5,-1.5,13.88888888888889,13.88888888888889,12.491578666666665,6.3628330197755725,8.411932644444441,0.1976169772272418,-0.04999999999999982,-1.5,-1.5,13.88888888888889,13.88888888888889
10,1.6,False,0,3.199999999999998,True,14.010166666666667,7.131603361280759,7.930622222222222,0.3080965708096546,2.220446049250313e-16,-1.6,-1.6,13.88888888888889,13.88888888888889,13.250872666666666,8.013845107312317,7.994423844444442,-0.18846095956597986,-0.1599999999999997,-1.6,-1.6,13.88888888888889,13.88888888888889
10,1.7000000000000002,False,0,3.2999999999999994,True,14.010166666666667,5.562035470969849,8.208399999999997,0.2056427790962707,0.07000000000000028,-1.7000000000000002,-1.7000000000000002,13.88888888888889,13.88888888888889,13.250872666666666,6.698095612766209,8.272201622222223,-0.21852428104145116,-0.09999999999999964,-1.7000000000000002,-1.7000000000000002,13.88888888888889,13.88888888888889
11,0.0,False,0,4.0,False,16.666666666666668,-2.6791553804090453,-4.277777777777746,1.3508825326510694,1.6,0.0,0.0,13.88888888888889,13.88888888888889,,,,,,,,,
11,0.1,False,0,4.0,True,16.666666666666668,-2.6277293559553554,-4.277777777777746,0.6449825411787766,1.0500000000000003,-0.1,-0.1,13.88888888888889,13.88888888888889,16.666666666666668,26.852961480669915,25.12222222222176,-0.5822229462724278,-0.00999999999999579,-0.1,-0.1,13.88888888888889,13.88888888888889
11,0.2,False,0,4.0,True,14.010166666666667,0.3498594738658314,3.274388888888919,0.9746789336676338,0.98,-0.2,-0.2,13.88888888888889,13.88888888888889,9.454402666666663,21.495260412503608,23.77637320000022,0.02142070082944314,-0.019999999999997353,-0.2,-0.2,13.88888888888889,13.88888888888889
11,0.30000000000000004,False,0,3.2333333333333334,True,14.010166666666667,4.009482292543294,5.067555555555576,0.7265605355273697,0.8500000000000001,-0.30000000000000004,-0.30000000000000004,13.88888888888889,13.88888888888889,8.695108666666663,18.810788645749692,18.459071400000095,0.3933563600939487,-0.020000000000001572,-0.30000000000000004,-0.30000000000000004,13.88888888888889,13.88888888888889
11,0.4,False,0,2.582144877731909,True,14.010166666666667,6.13030754923349,6.152844444444445,0.33879893989694887,0.7999999999999998,-0.4,-0.4,13.88888888888889,13.88888888888889,9.454402666666663,11.767864535094514,13.731017088888958,0.036629846008448874,-6.661338147750939e-16,-0.4,-0.4,13.88888888888889,13.88888888888889
11,0.5,False,0,3.1599999999999993,True,14.010166666666667,4.789565265119447,7.8195111111111055,1.1993995237637765,0.8999999999999999,-0.5,-0.5,13.88888888888889,13.88888888888889,8.695108666666663,13.941193781719537,15.34600991111115,0.1732118493445225,0.0,-0.5,-0.5,13.88888888888889,13.88888888888889
11,0.6000000000000001,False,0,3.0599999999999983,True,14.010166666666667,2.430801370359487,7.541733333333334,1.1130024056671877,0.7000000000000002,-0.6000000000000001,-0.6000000000000001,13.88888888888889,13.88888888888889,10.213696666666664,7.074859566734294,11.192670000000025,0.19936156195544852,-0.019999999999999574,-0.6000000000000001,-0.6000000000000001,13.88888888888889,13.88888888888889
11,0.7000000000000001,False,0,3.0599999999999983,True,14.010166666666667,4.811944600376678,7.541733333333334,0.5477627854227882,0.5500000000000003,-0.7000000000000001,-0.7000000000000001,13.88888888888889,13.88888888888889,10.213696666666664,8.165108384142076,9.722593111111127,0.6276074680155697,-0.009999999999999343,-0.7000000000000001,-0.7000000000000001,13.88888888888889,13.88888888888889
11,0.8,False,0,3.259999999999999,True,14.010166666666667,7.325290761570678,8.097288888888883,0.22240047002780505,0.56,-0.8,-0.8,13.88888888888889,13.88888888888889,10.213696666666664,7.305318659093449,9.75877064444445,-0.17402298499629265,-2.220446049250313e-16,-0.8,-0.8,13.88888888888889,13.88888888888889
11,0.9,False,0,3.259999999999999,True,14.010166666666667,6.592514134826314,8.097288888888883,0.6225859550269615,0.4299999999999997,-0.9,-0.9,13.88888888888889,13.88888888888889,10.213696666666664,6.430770854664442,9.175590999999994,-0.4091362687220548,-0.02000000000000024,-0.9,-0.9,13.88888888888889,13.88888888888889
11,1.0,False,0,3.1599999999999993,True,14.010166666666667,7.889640906725696,7.8195111111111055,0.5596740903176882,0.20000000000000018,-1.0,-1.0,13.88888888888889,13.88888888888889,12.491578666666665,0.7395577131072146,8.023043755555555,0.6409576590040911,0.0,-1.0,-1.0,13.88888888888889,13.88888888888889
11,1.1,False,0,3.3599999999999985,True,14.010166666666667,5.633601202755927,8.375066666666662,-0.06066739144032063,0.28000000000000025,-1.1,-1.1,13.88888888888889,13.88888888888889,11.732284666666665,5.842090516813102,8.794259733333327,-0.3184481531611614,-0.0499999999999996,-1.1,-1.1,13.88888888888889,13.88888888888889
11,1.2000000000000002,False,0,3.559999999999998,True,14.010166666666667,4.641652620691899,8.930622222222222,0.762750566428716,0.3999999999999999,-1.2000000000000002,-1.2000000000000002,13.88888888888889,13.88888888888889,10.972990666666664,6.810046578038823,9.641405111111101,-0.1833215376244297,-0.07999999999999963,-1.2000000000000002,-1.2000000000000002,13.88888888888889,13.88888888888889
11,1.3,False,0,3.559999999999998,True,14.010166666666667,4.938524199426861,8.930622222222222,0.871104448082503,0.2999999999999998,-1.3,-1.3,13.88888888888889,13.88888888888889,11.732284666666665,6.860450091282638,9.349815288888884,0.3879668273025141,-0.09000000000000008,-1.3,-1.3,13.88888888888889,13.88888888888889
11,1.4000000000000001,False,0,3.3599999999999985,True,14.010166666666667,3.0393364741928695,8.375066666666662,0.18235950528863265,-0.08000000000000007,-1.4000000000000001,-1.4000000000000001,13.88888888888889,13.88888888888889,14.010166666666667,3.0393364741928695,8.375066666666662,0.18235950528863265,-0.08000000000000007,-1.4000000000000001,-1.4000000000000001,13.88888888888889,13.88888888888889
11,1.5,False,0,3.559999999999998,True,14.010166666666667,6.1122249507376045,8.930622222222222,0.34876904465910563,0.10000000000000009,-1.5,-1.5,13.88888888888889,13.88888888888889,13.250872666666666,4.274177162165835,8.99442384444444,0.08064871483774727,-0.04999999999999982,-1.5,-1.5,13.88888888888889,13.88888888888889
11,1.6,False,0,3.559999999999998,True,14.010166666666667,7.493015548529384,8.930622222222222,-0.11764837792163596,2.220446049250313e-16,-1.6,-1.6,13.88888888888889,13.88888888888889,13.250872666666666,6.544560779474968,8.99442384444444,0.08065583116578345,-0.1599999999999997,-1.6,-1.6,13.88888888888889,13.88888888888889
11,1.7000000000000002,False,0,3.559999999999998,True,14.010166666666667,6.221924769770772,8.930622222222222,0.023323972662665504,-0.09999999999999964,-1.7000000000000002,-1.7000000000000002,13.88888888888889,13.88888888888889,14.010166666666667,6.221924769770772,8.930622222222222,0.023323972662665504,-0.09999999999999964,-1.7000000000000002,-1.7000000000000002,13.88888888888889,13.88888888888889
12,0.0,False,0,4.0,True,16.666666666666668,-4.069225001774572,-4.21111111111114,1.6341092166936537,1.6,0.0,0.0,13.88888888888889,13.88888888888889,,,,,,,,,
12,0.1,False,0,4.0,True,16.666666666666668,-4.1831272943171625,-4.21111111111114,1.815907063493635,1.0100000000000007,-0.1,-0.1,13.88888888888889,13.88888888888889,16.666666666666668,28.94744972505715,24.12222222222176,-0.13440738481082892,-0.00999999999999579,-0.1,-0.1,13.88888888888889,13.88888888888889
12,0.2,False,0,4.0,True,14.010166666666667,-3.054695231454356,2.1654944444445023,0.9291839729310958,0.8399999999999994,-0.2,-0.2,13.88888888888889,13.88888888888889,7.935814666666663,23.93400086527421,25.33397280000018,0.37406193787676534,-0.019999999999997353,-0.2,-0.2,13.88888888888889,13.88888888888889
12,0.30000000000000004,False,0,3.2333333333333334,True,14.010166666666667,2.0745003428582196,5.890455555555573,1.251630299918376,0.8500000000000001,-0.30000000000000004,-0.30000000000000004,13.88888888888889,13.88888888888889,8.695108666666663,17.428412177481714,18.978253800000086,0.08105639383453278,-0.020000000000001572,-0.30000000000000004,-0.30000000000000004,13.88888888888889,13.88888888888889
12,0.4,False,0,3.32,True,14.010166666666667,8.879998264947645,8.251827777777777,1.3388717277720916,0.9199999999999999,-0.4,-0.4,13.88888888888889,13.88888888888889,9.454402666666663,15.880358469426017,17.084416888888956,0.7235381231244582,-6.661338147750939e-16,-0.4,-0.4,13.88888888888889,13.88888888888889
12,0.5,False,0,3.4199999999999986,True,14.010166666666667,4.18330610844457,8.541733333333333,0.9853009766901253,0.8500000000000001,-0.5,-0.5,13.88888888888889,13.88888888888889,9.454402666666663,15.100970864320718,14.941418911111153,-0.5649604351098101,0.0,-0.5,-0.5,13.88888888888889,13.88888888888889
12,0.6000000000000001,False,0,3.519999999999999,True,14.010166666666667,5.771110374402135,8.819511111111105,1.3499094101964042,0.7600000000000002,-0.6000000000000001,-0.6000000000000001,13.88888888888889,13.88888888888889,10.213696666666664,8.911727027049945,12.686108200000024,0.2969405729800414,-0.019999999999999574,-0.6000000000000001,-0.6000000000000001,13.88888888888889,13.88888888888889
12,0.7000000000000001,False,0,3.6199999999999988,True,14.010166666666667,6.2360356352525494,9.097288888888883,0.8226724334391449,0.69,-0.7000000000000001,-0.7000000000000001,13.88888888888889,13.88888888888889,10.213696666666664,10.50607038584116,11.937257711111126,0.06930823758469584,-0.009999999999999343,-0.7000000000000001,-0.7000000000000001,13.88888888888889,13.88888888888889
12,0.8,False,0,3.7199999999999984,True,14.010166666666667,8.20192548658596,9.375066666666665,1.0474264084609572,0.6400000000000001,-0.8,-0.8,13.88888888888889,13.88888888888889,10.213696666666664,7.634071882015275,11.555926444444449,0.5998476413001192,-2.220446049250313e-16,-0.8,-0.8,13.88888888888889,13.88888888888889
12,0.9,False,0,3.4199999999999986,True,14.010166666666667,5.567925475692086,8.541733333333333,0.7730500047261519,0.24999999999999956,-0.9,-0.9,13.88888888888889,13.88888888888889,11.732284666666665,7.290886372721947,8.960926399999995,0.27456508518417344,-0.02000000000000024,-0.9,-0.9,13.88888888888889,13.88888888888889
12,1.0,False,0,3.7199999999999984,True,14.010166666666667,8.347223542503787,9.375066666666665,0.304474763969969,0.3999999999999999,-1.0,-1.0,13.88888888888889,13.88888888888889,10.972990666666664,7.802005923715453,10.085849555555551,0.12527582037124052,0.0,-1.0,-1.0,13.88888888888889,13.88888888888889
12,1.1,False,0,3.6199999999999988,True,14.010166666666667,7.883206055157616,9.097288888888883,0.39287613589758497,0.17000000000000037,-1.1,-1.1,13.88888888888889,13.88888888888889,12.491578666666665,9.266015100875705,9.300821533333327,0.5547612426324524,-0.0499999999999996,-1.1,-1.1,13.88888888888889,13.88888888888889
12,1.2000000000000002,False,0,3.8199999999999994,True,14.010166666666667,6.468869022580184,9.65284444444444,0.2930067868874291,0.28000000000000025,-1.2000000000000002,-1.2000000000000002,13.88888888888889,13.88888888888889,11.732284666666665,8.711903336652664,10.072037511111102,-0.023251216917165696,-0.07999999999999963,-1.2000000000000002,-1.2000000000000002,13.88888888888889,13.88888888888889
12,1.3,False,0,3.7199999999999984,True,14.010166666666667,5.133856837699047,9.375066666666665,0.5891265613300836,0.039999999999999813,-1.3,-1.3,13.88888888888889,13.88888888888889,13.250872666666666,8.264766913808572,9.438868288888884,-0.43770626254905265,-0.09000000000000008,-1.3,-1.3,13.88888888888889,13.88888888888889
12,1.4000000000000001,False,0,3.8199999999999994,True,14.010166666666667,9.36744330920552,9.65284444444444,0.33011476477156654,0.05999999999999983,-1.4000000000000001,-1.4000000000000001,13.88888888888889,13.88888888888889,13.250872666666666,2.5966660696108663,9.716646066666666,0.19155147702991515,-0.08000000000000007,-1.4000000000000001,-1.4000000000000001,13.88888888888889,13.88888888888889
12,1.5,False,0,3.9199999999999977,True,14.010166666666667,5.834963992615026,9.930622222222222,0.2501853956122986,0.10000000000000009,-1.5,-1.5,13.88888888888889,13.88888888888889,13.250872666666666,8.03337374964093,9.99442384444444,0.3265892595747837,-0.04999999999999982,-1.5,-1.5,13.88888888888889,13.88888888888889
12,1.6,False,0,3.8199999999999994,True,14.010166666666667,6.8621941322112585,9.65284444444444,0.35686793596283106,-0.1599999999999997,-1.6,-1.6,13.88888888888889,13.88888888888889,14.010166666666667,6.8621941322112585,9.65284444444444,0.35686793596283106,-0.1599999999999997,-1.6,-1.6,13.88888888888889,13.88888888888889
12,1.7000000000000002,False,0,4.0,True,14.010166666666667,9.026053882846771,10.48617777777778,0.8028157122895476,0.2400000000000002,-1.7000000000000002,-1.7000000000000002,13.88888888888889,13.88888888888889,12.491578666666665,9.573869771838751,10.689710422222223,-0.3974491492872996,-0.09999999999999964,-1.7000000000000002,-1.7000000000000002,13.88888888888889,13.88888888888889
13,0.0,False,0,4.0,False,16.666666666666668,-1.9427327381633601,-4.222222222222203,1.3042042997194065,1.6,0.0,0.0,13.88888888888889,13.88888888888889,,,,,,,,,
13,0.1,False,0,4.0,True,14.010166666666667,-3.849662882313271,-0.49099444444431395,0.6370554098458312,0.9900000000000007,-0.1,-0.1,13.88888888888889,13.88888888888889,7.935814666666663,54.279266322701105,55.6988541777779,-0.33444827513728437,-0.00999999999999579,-0.1,-0.1,13.88888888888889,13.88888888888889
13,0.2,False,0,4.0,True,14.010166666666667,0.3449144811241327,4.10055000000006,0.5609211113163384,0.8799999999999994,-0.2,-0.2,13.88888888888889,13.88888888888889,8.695108666666663,24.076474104175116,25.80211419999996,0.05113332408698179,-0.019999999999997353,-0.2,-0.2,13.88888888888889,13.88888888888889
13,0.30000000000000004,False,0,3.733333333333334,True,14.010166666666667,5.477241448696344,8.178666666666668,1.3198518923597216,0.9700000000000002,-0.30000000000000004,-0.30000000000000004,13.88888888888889,13.88888888888889,10.213696666666664,14.260523962235876,19.319718800000114,-0.027441588976163667,-0.020000000000001572,-0.30000000000000004,-0.30000000000000004,13.88888888888889,13.88888888888889
13,0.4,False,0,3.1799999999999975,True,14.010166666666667,3.8684525827195886,7.875066666666666,0.5596061173792424,0.7599999999999998,-0.4,-0.4,13.88888888888889,13.88888888888889,10.213696666666664,10.86407743240802,13.870849688888963,0.2935967242302566,-6.661338147750939e-16,-0.4,-0.4,13.88888888888889,13.88888888888889
13,0.5,False,0,3.68,True,14.010166666666667,7.710900413412863,9.263955555555558,0.8940279226752388,0.8000000000000003,-0.5,-0.5,13.88888888888889,13.88888888888889,10.213696666666664,10.08336035850856,14.233110311111151,0.17658466781680415,0.0,-0.5,-0.5,13.88888888888889,13.88888888888889
13,0.6000000000000001,False,0,3.879999999999999,True,14.010166666666667,6.8938138265354505,9.819511111111105,0.37089244475348204,0.7600000000000002,-0.6000000000000001,-0.6000000000000001,13.88888888888889,13.88888888888889,10.972990666666664,11.254558311911563,13.07867300000002,0.16874369771975406,-0.019999999999999574,-0.6000000000000001,-0.6000000000000001,13.88888888888889,13.88888888888889
13,0.7000000000000001,False,0,3.879999999999999,True,14.010166666666667,6.950058759392001,9.819511111111105,1.0477686515037288,0.6200000000000001,-0.7000000000000001,-0.7000000000000001,13.88888888888889,13.88888888888889,9.454402666666663,6.759805191987074,12.36789011111112,0.7953719012781053,-0.009999999999999343,-0.7000000000000001,-0.7000000000000001,13.88888888888889,13.88888888888889
13,0.8,False,0,3.9799999999999986,True,14.010166666666667,7.002561381110241,10.097288888888883,0.8227703276896952,0.56,-0.8,-0.8,13.88888888888889,13.88888888888889,10.972990666666664,10.483275085059706,11.606911844444443,-0.4890447027957512,-2.220446049250313e-16,-0.8,-0.8,13.88888888888889,13.88888888888889
13,0.9,False,0,3.879999999999999,True,14.010166666666667,8.537735581034426,9.819511111111105,0.4073906535425862,0.33999999999999986,-0.9,-0.9,13.88888888888889,13.88888888888889,10.972990666666664,10.955270153830664,10.530293999999994,0.39716794385206367,-0.02000000000000024,-0.9,-0.9,13.88888888888889,13.88888888888889
13,1.0,False,0,3.879999999999999,True,14.010166666666667,5.340068139046267,9.819511111111105,0.7300363950477764,0.20000000000000018,-1.0,-1.0,13.88888888888889,13.88888888888889,12.491578666666665,9.713783584070583,10.023043755555555,0.07071847773546347,0.0,-1.0,-1.0,13.88888888888889,13.88888888888889
13,1.1,False,0,4.0,True,14.010166666666667,7.7056498504778945,10.375066666666665,0.19309315505479097,0.28000000000000025,-1.1,-1.1,13.88888888888889,13.88888888888889,11.732284666666665,10.818018394932402,10.794259733333327,-0.17913429179515572,-0.0499999999999996,-1.1,-1.1,13.88888888888889,13.88888888888889
13,1.2000000000000002,False,0,4.0,True,14.010166666666667,8.8928169660038,10.65284444444444,0.02028517006204189,0.28000000000000025,-1.2000000000000002,-1.2000000000000002,13.88888888888889,13.88888888888889,11.732284666666665,9.494500854373026,11.072037511111102,-0.008052959893938283,-0.07999999999999963,-1.2000000000000002,-1.2000000000000002,13.88888888888889,13.88888888888889
13,1.3,False,0,4.0,True,14.010166666666667,9.142094724381199,10.65284444444444,-0.07085183214463298,0.16999999999999993,-1.3,-1.3,13.88888888888889,13.88888888888889,12.491578666666665,8.917508546980493,10.856377088888884,0.5042591098926037,-0.09000000000000008,-1.3,-1.3,13.88888888888889,13.88888888888889
13,1.4000000000000001,False,0,4.0,True,14.010166666666667,9.633401603512702,10.930622222222222,-0.11340697150465062,0.19999999999999973,-1.4000000000000001,-1.4000000000000001,13.88888888888889,13.88888888888889,12.491578666666665,9.459064006838215,11.134154866666666,0.09829631399528926,-0.08000000000000007,-1.4000000000000001,-1.4000000000000001,13.88888888888889,13.88888888888889
13,1.5,False,0,4.0,True,14.010166666666667,7.606257318051399,10.65284444444444,0.20691626184921708,-0.04999999999999982,-1.5,-1.5,13.88888888888889,13.88888888888889,14.010166666666667,7.606257318051399,10.65284444444444,0.20691626184921708,-0.04999999999999982,-1.5,-1.5,13.88888888888889,13.88888888888889
13,1.6,False,0,4.0,True,14.010166666666667,11.09769472141469,11.208399999999997,-0.232254252194666,0.16000000000000014,-1.6,-1.6,13.88888888888889,13.88888888888889,12.491578666666665,9.862149631737228,11.411932644444441,-0.0031026145362271773,-0.1599999999999997,-1.6,-1.6,13.88888888888889,13.88888888888889
13,1.7000000000000002,False,0,4.0,True,14.010166666666667,5.694643874307558,11.208399999999997,0.995387276603295,0.07000000000000028,-1.7000000000000002,-1.7000000000000002,13.88888888888889,13.88888888888889,13.250872666666666,5.339466353267301,11.272201622222223,0.09299171214935176,-0.09999999999999964,-1.7000000000000002,-1.7000000000000002,13.88888888888889,13.88888888888889
14,0.0,False,0,4.0,False,16.666666666666668,-1.563129988733908,-4.266666666666668,1.4646126041767147,1.6,0.0,0.0,13.88888888888889,13.88888888888889,,,,,,,,,
14,0.1,False,0,4.0,True,16.287166666666668,-2.7449864411913465,-4.181011111110993,0.4244747276056944,0.930000000000001,-0.1,-0.1,13.88888888888889,13.88888888888889,16.287166666666668,22.182710350697487,18.12482222222179,0.07443088937142606,-0.00999999999999579,-0.1,-0.1,13.88888888888889,13.88888888888889
14,0.2,False,0,4.0,True,14.010166666666667,5.085721794930518,4.36841666666673,0.9418086253569942,0.8199999999999998,-0.2,-0.2,13.88888888888889,13.88888888888889,8.695108666666663,24.25800648566867,24.208129199999956,-0.03141211817219136,-0.019999999999997353,-0.2,-0.2,13.88888888888889,13.88888888888889
14,0.30000000000000004,False,0,3.3333333333333344,True,14.010166666666667,3.406447982981672,7.814555555555569,0.9014078052039931,0.8500000000000001,-0.30000000000000004,-0.30000000000000004,13.88888888888889,13.88888888888889,9.454402666666663,17.72017704830071,19.535624600000116,0.2448525271259938,-0.020000000000001572,-0.30000000000000004,-0.30000000000000004,13.88888888888889,13.88888888888889
14,0.4,False,0,4.0,True,14.010166666666667,6.452503942127994,10.263955555555558,1.0809623787003662,0.96,-0.4,-0.4,13.88888888888889,13.88888888888889,10.972990666666664,17.123476300767987,16.730605488888965,-0.0006908698954224413,-6.661338147750939e-16,-0.4,-0.4,13.88888888888889,13.88888888888889
14,0.5,False,0,3.8399999999999994,True,14.010166666666667,9.385322393802621,9.708399999999994,0.7097183318281473,0.7000000000000002,-0.5,-0.5,13.88888888888889,13.88888888888889,10.213696666666664,12.274944994257066,13.942516311111152,0.04165031987461787,0.0,-0.5,-0.5,13.88888888888889,13.88888888888889
14,0.6000000000000001,False,0,4.0,True,14.010166666666667,9.933194523880381,10.541733333333333,0.8534723817438445,0.7000000000000002,-0.6000000000000001,-0.6000000000000001,13.88888888888889,13.88888888888889,10.213696666666664,13.766222935369353,14.192670000000025,-0.2108230002850311,-0.019999999999999574,-0.6000000000000001,-0.6000000000000001,13.88888888888889,13.88888888888889
14,0.7000000000000001,False,0,4.0,True,14.010166666666667,7.511980571271594,10.541733333333333,1.285100216890922,0.5500000000000003,-0.7000000000000001,-0.7000000000000001,13.88888888888889,13.88888888888889,10.972990666666664,12.798340260029594,12.191087311111115,0.30172676147087474,-0.009999999999999343,-0.7000000000000001,-0.7000000000000001,13.88888888888889,13.88888888888889
14,0.8,False,0,4.0,True,14.010166666666667,8.312399162788722,11.097288888888883,0.5107418588828776,0.56,-0.8,-0.8,13.88888888888889,13.88888888888889,10.972990666666664,11.204529162363567,12.606911844444443,-0.17145857722597713,-2.220446049250313e-16,-0.8,-0.8,13.88888888888889,13.88888888888889
14,0.9,False,0,4.0,True,14.010166666666667,9.100648098566623,10.541733333333333,0.11634424722342906,0.24999999999999956,-0.9,-0.9,13.88888888888889,13.88888888888889,11.732284666666665,10.827295896930398,10.960926399999995,-0.5742907470420229,-0.02000000000000024,-0.9,-0.9,13.88888888888889,13.88888888888889
14,1.0,False,0,4.0,True,14.010166666666667,7.4637858580594925,11.65284444444444,0.8079405482729567,0.5,-1.0,-1.0,13.88888888888889,13.88888888888889,10.972990666666664,9.492219257338558,12.579287755555551,0.5113456796071705,0.0,-1.0,-1.0,13.88888888888889,13.88888888888889
14,1.1,False,0,4.0,True,14.010166666666667,10.74781324613918,11.65284444444444,0.43888860392660556,0.3900000000000001,-1.1,-1.1,13.88888888888889,13.88888888888889,11.732284666666665,10.724608897652963,12.287697933333327,0.31571116116454023,-0.0499999999999996,-1.1,-1.1,13.88888888888889,13.88888888888889
14,1.2000000000000002,False,0,4.0,True,14.010166666666667,10.19871662691775,11.65284444444444,0.6004668912977458,0.28000000000000025,-1.2000000000000002,-1.2000000000000002,13.88888888888889,13.88888888888889,11.732284666666665,12.474892041554444,12.072037511111102,-0.5725643683120816,-0.07999999999999963,-1.2000000000000002,-1.2000000000000002,13.88888888888889,13.88888888888889
14,1.3,False,0,4.0,True,14.010166666666667,9.893689936093107,11.375066666666665,0.3093663902817143,0.039999999999999813,-1.3,-1.3,13.88888888888889,13.88888888888889,13.250872666666666,8.43355467522401,11.438868288888884,-0.2250377837388977,-0.09000000000000008,-1.3,-1.3,13.88888888888889,13.88888888888889
14,1.4000000000000001,False,0,4.0,True,14.010166666666667,9.423344573828636,12.208399999999994,1.0767084693929294,0.33999999999999986,-1.4000000000000001,-1.4000000000000001,13.88888888888889,13.88888888888889,11.732284666666665,12.369318863884136,12.627593066666666,-0.032383627386831426,-0.08000000000000007,-1.4000000000000001,-1.4000000000000001,13.88888888888889,13.88888888888889
14,1.5,False,0,4.0,True,14.010166666666667,10.408817137099746,11.65284444444444,0.15089325133772835,-0.04999999999999982,-1.5,-1.5,13.88888888888889,13.88888888888889,14.010166666666667,10.408817137099746,11.65284444444444,0.15089325133772835,-0.04999999999999982,-1.5,-1.5,13.88888888888889,13.88888888888889
14,1.6,False,0,4.0,True,14.010166666666667,9.231771663848996,11.65284444444444,-0.370552738647385,-0.1599999999999997,-1.6,-1.6,13.88888888888889,13.88888888888889,14.010166666666667,9.231771663848996,11.65284444444444,-0.370552738647385,-0.1599999999999997,-1.6,-1.6,13.88888888888889,13.88888888888889
14,1.7000000000000002,False,0,4.0,True,14.010166666666667,9.754635175398825,11.930622222222222,0.11137795462726352,-0.09999999999999964,-1.7000000000000002,-1.7000000000000002,13.88888888888889,13.88888888888889,14.010166666666667,9.754635175398825,11.930622222222222,0.11137795462726352,-0.09999999999999964,-1.7000000000000002,-1.7000000000000002,13.88888888888889,13.88888888888889
15,0.0,False,0,4.0,False,16.666666666666668,-3.013885079243326,-4.16666666666666,1.8251238542675927,1.6,0.0,0.0,13.88888888888889,13.88888888888889,,,,,,,,,
15,0.1,False,0,4.0,True,15.401666666666667,-4.262086750166463,-4.278427777777639,1.0349413476129619,0.870000000000001,-0.1,-0.1,13.88888888888889,13.88888888888889,15.401666666666667,9.247431867675555,8.990872222221991,-0.2119340101014331,-0.00999999999999579,-0.1,-0.1,13.88888888888889,13.88888888888889
15,0.2,False,0,4.0,True,14.010166666666667,4.375932889310218,5.582422222222275,0.8191807943969245,0.8599999999999999,-0.2,-0.2,13.88888888888889,13.88888888888889,8.695108666666663,25.85156733305301,26.08124380000002,-0.17633216423510611,-0.019999999999997353,-0.2,-0.2,13.88888888888889,13.88888888888889
15,0.30000000000000004,False,0,3.686080087169703,True,14.010166666666667,4.825456957843234,9.079683333333339,0.5851245671625573,0.8800000000000003,-0.30000000000000004,-0.30000000000000004,13.88888888888889,13.88888888888889,10.213696666666664,17.75249864522024,19.345966000000086,0.3372499437200438,-0.020000000000001572,-0.30000000000000004,-0.30000000000000004,13.88888888888889,13.88888888888889
15,0.4,False,0,4.0,True,14.010166666666667,11.096529579448188,11.819511111111105,0.6605947723127712,1.04,-0.4,-0.4,13.88888888888889,13.88888888888889,10.213696666666664,17.168122719720063,19.628634688888955,-0.17731942012281254,-6.661338147750939e-16,-0.4,-0.4,13.88888888888889,13.88888888888889
15,0.5,False,0,4.0,True,14.010166666666667,9.724756456544021,10.986177777777776,1.2403058184705626,0.75,-0.5,-0.5,13.88888888888889,13.88888888888889,10.972990666666664,15.076664798318813,14.828519311111155,-0.08418120198730628,0.0,-0.5,-0.5,13.88888888888889,13.88888888888889
15,0.6000000000000001,False,0,4.0,True,14.010166666666667,8.84831022153962,11.541733333333333,0.9571471112165177,0.7000000000000002,-0.6000000000000001,-0.6000000000000001,13.88888888888889,13.88888888888889,10.972990666666664,12.579653422355246,14.50930540000002,-0.24961768563911857,-0.019999999999999574,-0.6000000000000001,-0.6000000000000001,13.88888888888889,13.88888888888889
15,0.7000000000000001,False,0,4.0,True,14.010166666666667,9.083770247694162,11.541733333333333,0.5639909466852964,0.5500000000000003,-0.7000000000000001,-0.7000000000000001,13.88888888888889,13.88888888888889,10.972990666666664,13.230017481277148,13.418875511111128,0.005788020098185465,-0.009999999999999343,-0.7000000000000001,-0.7000000000000001,13.88888888888889,13.88888888888889
15,0.8,False,0,4.0,True,14.010166666666667,11.862216945530939,12.097288888888883,0.9971849956255974,0.56,-0.8,-0.8,13.88888888888889,13.88888888888889,10.213696666666664,10.76918312072635,13.83470004444445,0.22562194375785527,-2.220446049250313e-16,-0.8,-0.8,13.88888888888889,13.88888888888889
15,0.9,False,0,4.0,True,14.010166666666667,9.206967348704058,12.375066666666665,0.5823757370067031,0.52,-0.9,-0.9,13.88888888888889,13.88888888888889,11.732284666666665,9.103742494640745,13.441240999999987,0.7631028992384574,-0.02000000000000024,-0.9,-0.9,13.88888888888889,13.88888888888889
15,1.0,False,0,4.0,True,14.010166666666667,10.769287850722392,12.097288888888883,0.4070431633929532,0.30000000000000027,-1.0,-1.0,13.88888888888889,13.88888888888889,11.732284666666665,12.271093655482876,12.516481955555552,-0.6703966937402741,0.0,-1.0,-1.0,13.88888888888889,13.88888888888889
15,1.1,False,0,4.0,True,14.010166666666667,12.223419811753235,12.375066666666665,0.2866996207060337,0.28000000000000025,-1.1,-1.1,13.88888888888889,13.88888888888889,12.491578666666665,9.828938804129216,12.718330333333327,-0.26844016101082935,-0.0499999999999996,-1.1,-1.1,13.88888888888889,13.88888888888889
15,1.2000000000000002,False,0,4.0,True,14.010166666666667,9.543287768468403,12.930622222222222,0.48355025180224676,0.3999999999999999,-1.2000000000000002,-1.2000000000000002,13.88888888888889,13.88888888888889,11.732284666666665,9.618704362931378,13.565475711111102,0.12458257902179293,-0.07999999999999963,-1.2000000000000002,-1.2000000000000002,13.88888888888889,13.88888888888889
15,1.3,False,0,4.0,True,14.010166666666667,10.693018752991993,12.375066666666665,-0.06414286529148461,0.039999999999999813,-1.3,-1.3,13.88888888888889,13.88888888888889,13.250872666666666,10.658394096552527,12.438868288888884,-0.11406017159410586,-0.09000000000000008,-1.3,-1.3,13.88888888888889,13.88888888888889
15,1.4000000000000001,False,0,4.0,True,14.010166666666667,9.635320679755093,12.65284444444444,0.7137367352710569,0.05999999999999983,-1.4000000000000001,-1.4000000000000001,13.88888888888889,13.88888888888889,13.250872666666666,12.526097365962354,12.716646066666666,-0.7929701695362041,-0.08000000000000007,-1.4000000000000001,-1.4000000000000001,13.88888888888889,13.88888888888889
15,1.5,False,0,4.0,True,14.010166666666667,9.946355335028883,12.65284444444444,0.515106584271495,-0.04999999999999982,-1.5,-1.5,13.88888888888889,13.88888888888889,14.010166666666667,9.946355335028883,12.65284444444444,0.515106584271495,-0.04999999999999982,-1.5,-1.5,13.88888888888889,13.88888888888889
15,1.6,False,0,4.0,True,14.010166666666667,11.148301260651046,12.65284444444444,0.3248315233730614,-0.1599999999999997,-1.6,-1.6,13.88888888888889,13.88888888888889,14.010166666666667,11.148301260651046,12.65284444444444,0.3248315233730614,-0.1599999999999997,-1.6,-1.6,13.88888888888889,13.88888888888889
15,1.7000000000000002,False,0,4.0,True,14.010166666666667,10.93670340132591,12.930622222222222,0.5573855857033552,-0.09999999999999964,-1.7000000000000002,-1.7000000000000002,13.88888888888889,13.88888888888889,14.010166666666667,10.93670340132591,12.930622222222222,0.5573855857033552,-0.09999999999999964,-1.7000000000000002,-1.7000000000000002,13.88888888888889,13.88888888888889
16,0.0,False,0,4.0,False,16.666666666666668,-4.186195755936839,-4.277777777777788,1.7829164328620002,1.6,0.0,0.0,13.88888888888889,13.88888888888889,,,,,,,,,
16,0.1,False,0,4.0,True,14.010166666666667,-1.5637736252480208,1.0284333333334503,0.7481737386309519,1.0000000000000004,-0.1,-0.1,13.88888888888889,13.88888888888889,7.935814666666663,52.11439661741538,57.81358937777789,-0.14069341255513335,-0.00999999999999579,-0.1,-0.1,13.88888888888889,13.88888888888889
16,0.2,False,0,4.0,True,14.010166666666667,5.315213397940906,6.468572222222275,0.8395532069960936,0.8599999999999999,-0.2,-0.2,13.88888888888889,13.88888888888889,8.695108666666663,24.954682140536885,27.650758399999955,0.33593140666827237,-0.019999999999997353,-0.2,-0.2,13.88888888888889,13.88888888888889
16,0.30000000000000004,False,0,4.0,True,14.010166666666667,6.878850594554867,10.23148333333334,1.2700089524351914,0.8800000000000003,-0.30000000000000004,-0.30000000000000004,13.88888888888889,13.88888888888889,10.213696666666664,16.83540345953919,19.96626020000009,0.3105020997058334,-0.020000000000001572,-0.30000000000000004,-0.30000000000000004,13.88888888888889,13.88888888888889
16,0.4,False,0,4.0,True,14.010166666666667,12.04796867048395,11.708399999999994,0.8803211382385161,0.8799999999999999,-0.4,-0.4,13.88888888888889,13.88888888888889,10.972990666666664,15.893075326206603,17.667799688888966,-0.06374709186665273,-6.661338147750939e-16,-0.4,-0.4,13.88888888888889,13.88888888888889
16,0.5,False,0,4.0,True,14.010166666666667,10.829129964075808,11.708399999999994,1.2247799830394501,0.7000000000000002,-0.5,-0.5,13.88888888888889,13.88888888888889,10.972990666666664,14.949475394459494,15.259151711111155,0.25205403267037063,0.0,-0.5,-0.5,13.88888888888889,13.88888888888889
16,0.6000000000000001,False,0,4.0,True,14.010166666666667,8.881596469116722,13.097288888888883,0.968469913445523,0.8200000000000003,-0.6000000000000001,-0.6000000000000001,13.88888888888889,13.88888888888889,10.972990666666664,12.162172699187405,16.040605400000008,0.20709689750612048,-0.019999999999999574,-0.6000000000000001,-0.6000000000000001,13.88888888888889,13.88888888888889
16,0.7000000000000001,False,0,4.0,True,14.010166666666667,9.714030096768624,12.541733333333333,0.651957025623537,0.5500000000000003,-0.7000000000000001,-0.7000000000000001,13.88888888888889,13.88888888888889,11.732284666666665,12.631110902167503,14.039228511111116,0.5685508743809464,-0.009999999999999343,-0.7000000000000001,-0.7000000000000001,13.88888888888889,13.88888888888889
16,0.8,False,0,4.0,True,14.010166666666667,12.495932658530386,12.541733333333333,1.0870617251458614,0.3999999999999999,-0.8,-0.8,13.88888888888889,13.88888888888889,11.732284666666665,6.386821218380843,13.392247244444444,0.3598280327765444,-2.220446049250313e-16,-0.8,-0.8,13.88888888888889,13.88888888888889
16,0.9,False,0,4.0,True,14.010166666666667,9.910540483261016,12.819511111111105,0.5446002360274935,0.33999999999999986,-0.9,-0.9,13.88888888888889,13.88888888888889,10.972990666666664,9.228372306350334,13.530293999999994,0.1795778437712241,-0.02000000000000024,-0.9,-0.9,13.88888888888889,13.88888888888889
16,1.0,False,0,4.0,True,14.010166666666667,10.086323121621383,13.097288888888883,0.9547763180076085,0.30000000000000027,-1.0,-1.0,13.88888888888889,13.88888888888889,12.491578666666665,13.00200874235205,13.440552555555552,0.1607738701944128,0.0,-1.0,-1.0,13.88888888888889,13.88888888888889
16,1.1,False,0,4.0,True,14.010166666666667,11.377945603501274,13.097288888888883,0.41249220552108,0.17000000000000037,-1.1,-1.1,13.88888888888889,13.88888888888889,12.491578666666665,12.459699783122012,13.300821533333327,0.1986802390612188,-0.0499999999999996,-1.1,-1.1,13.88888888888889,13.88888888888889
16,1.2000000000000002,False,0,4.0,True,14.010166666666667,10.011718238025264,13.65284444444444,0.6902287765584787,0.28000000000000025,-1.2000000000000002,-1.2000000000000002,13.88888888888889,13.88888888888889,11.732284666666665,11.359057200397775,14.072037511111102,0.578094837905887,-0.07999999999999963,-1.2000000000000002,-1.2000000000000002,13.88888888888889,13.88888888888889
16,1.3,False,0,4.0,True,14.010166666666667,13.690992318483232,13.65284444444444,0.16588080168539054,0.16999999999999993,-1.3,-1.3,13.88888888888889,13.88888888888889,12.491578666666665,13.658261334404635,13.856377088888884,-0.7476623827842501,-0.09000000000000008,-1.3,-1.3,13.88888888888889,13.88888888888889
16,1.4000000000000001,False,0,4.0,True,14.010166666666667,12.297137585743869,13.65284444444444,0.2822741164975384,0.05999999999999983,-1.4000000000000001,-1.4000000000000001,13.88888888888889,13.88888888888889,13.250872666666666,11.005024308143344,13.716646066666666,0.28146621647400494,-0.08000000000000007,-1.4000000000000001,-1.4000000000000001,13.88888888888889,13.88888888888889
16,1.5,False,0,4.0,True,14.010166666666667,10.74341344625423,13.930622222222222,-0.026762333242628555,0.10000000000000009,-1.5,-1.5,13.88888888888889,13.88888888888889,13.250872666666666,10.90011028042752,13.99442384444444,0.5187476813062677,-0.04999999999999982,-1.5,-1.5,13.88888888888889,13.88888888888889
16,1.6,False,0,4.0,True,14.010166666666667,12.517450243363417,14.208399999999994,0.41919802369221726,0.16000000000000014,-1.6,-1.6,13.88888888888889,13.88888888888889,12.491578666666665,14.457063181714446,14.411932644444441,-0.2558085416821525,-0.1599999999999997,-1.6,-1.6,13.88888888888889,13.88888888888889
16,1.7000000000000002,False,0,4.0,True,14.010166666666667,12.467243335167456,13.930622222222222,0.34519559803582434,-0.09999999999999964,-1.7000000000000002,-1.7000000000000002,13.88888888888889,13.88888888888889,14.010166666666667,12.467243335167456,13.930622222222222,0.34519559803582434,-0.09999999999999964,-1.7000000000000002,-1.7000000000000002,13.88888888888889,13.88888888888889
17,0.0,False,0,4.0,False,16.666666666666668,3.687860324655401,-4.211111111111097,1.7015154440365001,1.6,0.0,0.0,13.88888888888889,13.88888888888889,,,,,,,,,
17,0.1,False,0,4.0,True,14.010166666666667,-4.051904746548348,-4.169138888888699,0.8126163223317304,0.7400000000000015,-0.1,-0.1,13.88888888888889,13.88888888888889,7.176520666666663,33.81890525828503,39.567764977778225,-0.891958236450785,-0.00999999999999579,-0.1,-0.1,13.88888888888889,13.88888888888889
17,0.2,False,0,4.0,True,14.010166666666667,1.3465857989386167,7.039516666666725,0.9528340426121593,0.8199999999999998,-0.2,-0.2,13.88888888888889,13.88888888888889,9.454402666666663,24.16499609678743,23.842053200000148,0.17926581636798877,-0.019999999999997353,-0.2,-0.2,13.88888888888889,13.88888888888889
17,0.30000000000000004,False,0,4.0,True,14.010166666666667,9.214490813832459,11.041733333333337,1.2968611115939446,0.8800000000000003,-0.30000000000000004,-0.30000000000000004,13.88888888888889,13.88888888888889,10.972990666666664,15.460393971131179,19.106063400000135,0.4273892646608197,-0.020000000000001572,-0.30000000000000004,-0.30000000000000004,13.88888888888889,13.88888888888889
17,0.4,False,0,4.0,True,14.010166666666667,9.448572336073592,12.152844444444444,0.931075637293906,0.7999999999999998,-0.4,-0.4,13.88888888888889,13.88888888888889,10.213696666666664,17.662459967081805,18.743934888888962,-0.14563898831796718,-6.661338147750939e-16,-0.4,-0.4,13.88888888888889,13.88888888888889
17,0.5,False,0,4.0,True,14.010166666666667,10.507851520696484,12.986177777777776,0.6653033337752432,0.75,-0.5,-0.5,13.88888888888889,13.88888888888889,11.732284666666665,14.529865641468934,15.917366511111158,0.18041141519927795,0.0,-0.5,-0.5,13.88888888888889,13.88888888888889
17,0.6000000000000001,False,0,4.0,True,14.010166666666667,12.093881770263224,13.541733333333333,1.034461988855775,0.7000000000000002,-0.6000000000000001,-0.6000000000000001,13.88888888888889,13.88888888888889,11.732284666666665,13.227277844875982,15.901870200000015,-0.06447100902096281,-0.019999999999999574,-0.6000000000000001,-0.6000000000000001,13.88888888888889,13.88888888888889
17,0.7000000000000001,False,0,4.0,True,14.010166666666667,9.692708497528983,13.541733333333333,0.27380166252909444,0.5500000000000003,-0.7000000000000001,-0.7000000000000001,13.88888888888889,13.88888888888889,11.732284666666665,15.2264049554997,14.963299111111116,0.2782497720899548,-0.009999999999999343,-0.7000000000000001,-0.7000000000000001,13.88888888888889,13.88888888888889
17,0.8,False,0,4.0,True,14.010166666666667,13.081299430011839,14.097288888888883,0.8967993435141306,0.56,-0.8,-0.8,13.88888888888889,13.88888888888889,10.972990666666664,15.350093011454621,15.530982444444444,0.048089318995257146,-2.220446049250313e-16,-0.8,-0.8,13.88888888888889,13.88888888888889
17,0.9,False,0,4.0,True,14.010166666666667,14.451697835467002,14.097288888888883,0.43453450464862,0.4299999999999997,-0.9,-0.9,13.88888888888889,13.88888888888889,11.732284666666665,11.848545563673287,14.871873399999988,0.12386487000438384,-0.02000000000000024,-0.9,-0.9,13.88888888888889,13.88888888888889
17,1.0,False,0,4.0,True,14.010166666666667,12.247986151321697,13.819511111111105,0.3842725072162003,0.20000000000000018,-1.0,-1.0,13.88888888888889,13.88888888888889,12.491578666666665,12.784538298759891,14.023043755555555,-0.18237667978816452,0.0,-1.0,-1.0,13.88888888888889,13.88888888888889
17,1.1,False,0,4.0,True,14.010166666666667,13.96485935575349,14.65284444444444,1.2195869366888248,0.3900000000000001,-1.1,-1.1,13.88888888888889,13.88888888888889,11.732284666666665,13.931390553313967,15.287697933333327,-0.2608562831598036,-0.0499999999999996,-1.1,-1.1,13.88888888888889,13.88888888888889
17,1.2000000000000002,False,0,4.0,True,14.010166666666667,13.290800491657244,14.65284444444444,0.47676224620350194,0.28000000000000025,-1.2000000000000002,-1.2000000000000002,13.88888888888889,13.88888888888889,12.491578666666665,11.839391447463104,14.920178711111102,0.14607778906654278,-0.07999999999999963,-1.2000000000000002,-1.2000000000000002,13.88888888888889,13.88888888888889
17,1.3,False,0,4.0,True,14.010166666666667,14.185981626998867,14.65284444444444,-0.07935587492954621,0.16999999999999993,-1.3,-1.3,13.88888888888889,13.88888888888889,12.491578666666665,12.337516443515497,14.856377088888884,0.34247812154279345,-0.09000000000000008,-1.3,-1.3,13.88888888888889,13.88888888888889
17,1.4000000000000001,False,0,4.0,True,14.010166666666667,11.890802689249337,14.930622222222222,0.011926378921558012,0.19999999999999973,-1.4000000000000001,-1.4000000000000001,13.88888888888889,13.88888888888889,12.491578666666665,14.153302114780583,15.134154866666666,0.007699622750456436,-0.08000000000000007,-1.4000000000000001,-1.4000000000000001,13.88888888888889,13.88888888888889
17,1.5,False,0,4.0,True,14.010166666666667,15.198030963922331,14.930622222222222,0.18676870888176111,0.10000000000000009,-1.5,-1.5,13.88888888888889,13.88888888888889,13.250872666666666,13.95501818640686,14.99442384444444,0.1459636646346545,-0.04999999999999982,-1.5,-1.5,13.88888888888889,13.88888888888889
17,1.6,False,0,4.0,True,14.010166666666667,14.915525319229392,14.930622222222222,-0.23258849382816194,2.220446049250313e-16,-1.6,-1.6,13.88888888888889,13.88888888888889,13.250872666666666,13.980884504312542,14.99442384444444,-0.30018258859574254,-0.1599999999999997,-1.6,-1.6,13.88888888888889,13.88888888888889
17,1.7000000000000002,False,0,4.0,True,14.010166666666667,12.342600899160768,15.208399999999994,0.9281451634877071,0.07000000000000028,-1.7000000000000002,-1.7000000000000002,13.88888888888889,13.88888888888889,13.250872666666666,14.039325429916392,15.272201622222223,-0.23568016205415443,-0.09999999999999964,-1.7000000000000002,-1.7000000000000002,13.88888888888889,13.88888888888889
18,0.0,False,0,4.0,False,16.666666666666668,1.1907101732290046,-4.222222222222217,1.4516195691496616,1.6,0.0,0.0,13.88888888888889,13.88888888888889,,,,,,,,,
18,0.1,False,0,4.0,True,14.010166666666667,-1.3441337684454053,1.1214166666667582,0.5636077500559504,0.9400000000000008,-0.1,-0.1,13.88888888888889,13.88888888888889,8.695108666666663,44.42297622204971,47.19736457777729,0.12277206141753094,-0.00999999999999579,-0.1,-0.1,13.88888888888889,13.88888888888889
18,0.2,False,0,4.0,True,14.010166666666667,5.452676292620173,9.719355555555598,0.1393843636528076,0.9199999999999995,-0.2,-0.2,13.88888888888889,13.88888888888889,10.213696666666664,24.692844640102972,26.233464999999963,-0.029933920706095796,-0.019999999999997353,-0.2,-0.2,13.88888888888889,13.88888888888889
18,0.30000000000000004,False,0,4.0,True,14.010166666666667,11.369154608126234,12.23200555555557,1.2342989756238292,0.8500000000000001,-0.30000000000000004,-0.30000000000000004,13.88888888888889,13.88888888888889,10.972990666666664,17.205807537369946,20.004745800000133,0.45724814861884067,-0.020000000000001572,-0.30000000000000004,-0.30000000000000004,13.88888888888889,13.88888888888889
18,0.4,False,0,4.0,True,14.010166666666667,12.878891203315387,13.152844444444444,0.7432340611480299,0.7999999999999998,-0.4,-0.4,13.88888888888889,13.88888888888889,11.732284666666665,17.600382801601835,17.23826468888897,-0.6968590519238513,-6.661338147750939e-16,-0.4,-0.4,13.88888888888889,13.88888888888889
18,0.5,False,0,4.0,True,14.010166666666667,6.723286158229706,13.986177777777776,1.0984880160805037,0.75,-0.5,-0.5,13.88888888888889,13.88888888888889,11.732284666666665,12.60362772524061,16.84143711111116,-0.35071082666180553,0.0,-0.5,-0.5,13.88888888888889,13.88888888888889
18,0.6000000000000001,False,0,4.0,True,14.010166666666667,13.186581547832375,14.819511111111105,0.95133133600473,0.7600000000000002,-0.6000000000000001,-0.6000000000000001,13.88888888888889,13.88888888888889,11.732284666666665,15.38298733781529,17.015661400000017,0.11674506880275182,-0.019999999999999574,-0.6000000000000001,-0.6000000000000001,13.88888888888889,13.88888888888889
18,0.7000000000000001,False,0,4.0,True,14.010166666666667,10.842399973664932,14.819511111111105,0.8377908328733468,0.6200000000000001,-0.7000000000000001,-0.7000000000000001,13.88888888888889,13.88888888888889,11.732284666666665,10.341026116435092,16.077090311111117,0.242150666935391,-0.009999999999999343,-0.7000000000000001,-0.7000000000000001,13.88888888888889,13.88888888888889
18,0.8,False,0,4.0,True,14.010166666666667,10.421380390632166,15.097288888888883,0.9585306762746941,0.56,-0.8,-0.8,13.88888888888889,13.88888888888889,10.972990666666664,15.791034427621216,16.455053044444444,0.030377485298165086,-2.220446049250313e-16,-0.8,-0.8,13.88888888888889,13.88888888888889
18,0.9,False,0,4.0,True,14.010166666666667,9.250230375584614,14.819511111111105,0.1952556622438517,0.33999999999999986,-0.9,-0.9,13.88888888888889,13.88888888888889,12.491578666666665,10.195184111930118,15.226576399999992,0.621232333728897,-0.02000000000000024,-0.9,-0.9,13.88888888888889,13.88888888888889
18,1.0,False,0,4.0,True,14.010166666666667,13.745731374366656,15.097288888888883,0.6817909187990914,0.30000000000000027,-1.0,-1.0,13.88888888888889,13.88888888888889,12.491578666666665,13.9771098209518,15.440552555555552,-0.05790214605867128,0.0,-1.0,-1.0,13.88888888888889,13.88888888888889
18,1.1,False,0,4.0,True,14.010166666666667,12.964800207840597,15.65284444444444,0.7339558835341564,0.3900000000000001,-1.1,-1.1,13.88888888888889,13.88888888888889,12.491578666666665,14.571469226918921,16.059909733333328,-0.22887604186854027,-0.0499999999999996,-1.1,-1.1,13.88888888888889,13.88888888888889
18,1.2000000000000002,False,0,4.0,True,14.010166666666667,15.66945035860364,15.65284444444444,-0.2665126256017398,0.28000000000000025,-1.2000000000000002,-1.2000000000000002,13.88888888888889,13.88888888888889,11.732284666666665,15.000136812661072,16.072037511111102,0.10333123830792967,-0.07999999999999963,-1.2000000000000002,-1.2000000000000002,13.88888888888889,13.88888888888889
18,1.3,False,0,4.0,True,14.010166666666667,11.502929497360071,15.65284444444444,0.2117126085176113,0.16999999999999993,-1.3,-1.3,13.88888888888889,13.88888888888889,12.491578666666665,13.271628292296036,15.856377088888884,-0.07970475502339269,-0.09000000000000008,-1.3,-1.3,13.88888888888889,13.88888888888889
18,1.4000000000000001,False,0,4.0,True,14.010166666666667,12.899918435745128,15.65284444444444,0.41053788102521116,0.05999999999999983,-1.4000000000000001,-1.4000000000000001,13.88888888888889,13.88888888888889,13.250872666666666,15.231542250068099,15.716646066666666,-0.12280414079037749,-0.08000000000000007,-1.4000000000000001,-1.4000000000000001,13.88888888888889,13.88888888888889
18,1.5,False,0,4.0,True,14.010166666666667,11.24011826076709,15.65284444444444,0.24827248206345098,-0.04999999999999982,-1.5,-1.5,13.88888888888889,13.88888888888889,14.010166666666667,11.24011826076709,15.65284444444444,0.24827248206345098,-0.04999999999999982,-1.5,-1.5,13.88888888888889,13.88888888888889
18,1.6,False,0,4.0,True,14.010166666666667,14.280955771399377,15.65284444444444,0.15494888823440434,-0.1599999999999997,-1.6,-1.6,13.88888888888889,13.88888888888889,14.010166666666667,14.280955771399377,15.65284444444444,0.15494888823440434,-0.1599999999999997,-1.6,-1.6,13.88888888888889,13.88888888888889
18,1.7000000000000002,False,0,4.0,True,14.010166666666667,15.363962887341348,16.208399999999994,0.42684337042003184,0.07000000000000028,-1.7000000000000002,-1.7000000000000002,13.88888888888889,13.88888888888889,13.250872666666666,16.505690453631576,16.272201622222223,-0.1903170189642005,-0.09999999999999964,-1.7000000000000002,-1.7000000000000002,13.88888888888889,13.88888888888889
19,0.0,False,0,4.0,True,16.666666666666668,-1.6132642601417784,-4.266666666666725,1.5216532435163277,1.6,0.0,0.0,13.88888888888889,13.88888888888889,,,,,,,,,
19,0.1,False,0,4.0,True,14.010166666666667,0.2909545491968517,1.51630555555563,0.9910566894380004,0.9000000000000008,-0.1,-0.1,13.88888888888889,13.88888888888889,8.695108666666663,44.24281244238283,44.299870977777275,-0.18642825283375286,-0.00999999999999579,-0.1,-0.1,13.88888888888889,13.88888888888889
19,0.2,False,0,4.0,True,14.010166666666667,8.537817400147805,11.109938888888923,0.8964142239623523,0.98,-0.2,-0.2,13.88888888888889,13.88888888888889,10.213696666666664,27.026676862485044,27.208017999999992,0.1488128655490666,-0.019999999999997353,-0.2,-0.2,13.88888888888889,13.88888888888889
19,0.30000000000000004,False,0,4.0,True,14.010166666666667,12.027028365500694,12.246350000000003,1.0269732357737107,0.7900000000000005,-0.30000000000000004,-0.30000000000000004,13.88888888888889,13.88888888888889,10.972990666666664,15.650894107920816,19.66369880000013,0.5222585562029924,-0.020000000000001572,-0.30000000000000004,-0.30000000000000004,13.88888888888889,13.88888888888889
19,0.4,False,0,4.0,True,14.010166666666667,11.720992916848893,14.430622222222212,0.8615680399931427,0.8399999999999999,-0.4,-0.4,13.88888888888889,13.88888888888889,11.732284666666665,12.930236702087644,18.655773488888972,-0.3383265047148256,-6.661338147750939e-16,-0.4,-0.4,13.88888888888889,13.88888888888889
19,0.5,False,0,4.0,True,14.010166666666667,13.904720504096598,15.263955555555558,1.1338124330609918,0.8000000000000003,-0.5,-0.5,13.88888888888889,13.88888888888889,12.491578666666665,14.845843800816052,17.423722511111162,0.41686126063050777,0.0,-0.5,-0.5,13.88888888888889,13.88888888888889
19,0.6000000000000001,False,0,4.0,True,14.010166666666667,15.047888182272715,15.819511111111105,1.0464725596724769,0.7600000000000002,-0.6000000000000001,-0.6000000000000001,13.88888888888889,13.88888888888889,10.972990666666664,14.275842185052102,18.319379000000016,-0.12309273855069947,-0.019999999999999574,-0.6000000000000001,-0.6000000000000001,13.88888888888889,13.88888888888889
19,0.7000000000000001,False,0,4.0,True,14.010166666666667,14.704645367970507,16.097288888888883,0.2163416327946659,0.69,-0.7000000000000001,-0.7000000000000001,13.88888888888889,13.88888888888889,11.732284666666665,16.16483159813085,17.87424611111111,-0.577009263922601,-0.009999999999999343,-0.7000000000000001,-0.7000000000000001,13.88888888888889,13.88888888888889
19,0.8,False,0,4.0,True,14.010166666666667,13.189374212207902,15.819511111111105,0.2984457469306858,0.48,-0.8,-0.8,13.88888888888889,13.88888888888889,11.732284666666665,12.715377205852334,16.73382664444444,0.07056836395010713,-2.220446049250313e-16,-0.8,-0.8,13.88888888888889,13.88888888888889
19,0.9,False,0,4.0,True,14.010166666666667,12.112885570279005,16.097288888888883,0.4513905088615018,0.4299999999999997,-0.9,-0.9,13.88888888888889,13.88888888888889,12.491578666666665,15.421895382333286,16.72001459999999,0.16928333349808034,-0.02000000000000024,-0.9,-0.9,13.88888888888889,13.88888888888889
19,1.0,False,0,4.0,True,14.010166666666667,16.439331345466524,16.375066666666665,0.32469324231286834,0.3999999999999999,-1.0,-1.0,13.88888888888889,13.88888888888889,11.732284666666665,11.137290790387016,16.858061355555552,0.8117168651085289,0.0,-1.0,-1.0,13.88888888888889,13.88888888888889
19,1.1,False,0,4.0,True,14.010166666666667,14.438295687521922,16.097288888888883,0.6111948006664676,0.17000000000000037,-1.1,-1.1,13.88888888888889,13.88888888888889,12.491578666666665,13.964917263744603,16.300821533333327,0.25566536711767673,-0.0499999999999996,-1.1,-1.1,13.88888888888889,13.88888888888889
19,1.2000000000000002,False,0,4.0,True,14.010166666666667,13.64106931296136,16.375066666666665,0.5782189968001923,0.16000000000000014,-1.2000000000000002,-1.2000000000000002,13.88888888888889,13.88888888888889,12.491578666666665,16.86988855326891,16.578599311111102,-0.03174286620215039,-0.07999999999999963,-1.2000000000000002,-1.2000000000000002,13.88888888888889,13.88888888888889
19,1.3,False,0,4.0,True,14.010166666666667,14.662495805936448,16.930622222222222,0.5781384578431119,0.2999999999999998,-1.3,-1.3,13.88888888888889,13.88888888888889,12.491578666666665,14.713621414939205,17.273885888888884,-0.09619008408082896,-0.09000000000000008,-1.3,-1.3,13.88888888888889,13.88888888888889
19,1.4000000000000001,False,0,4.0,True,14.010166666666667,12.299849848330574,16.65284444444444,0.7571043268100586,0.05999999999999983,-1.4000000000000001,-1.4000000000000001,13.88888888888889,13.88888888888889,13.250872666666666,15.273835550585527,16.716646066666666,-0.3616455809690806,-0.08000000000000007,-1.4000000000000001,-1.4000000000000001,13.88888888888889,13.88888888888889
19,1.5,False,0,4.0,True,14.010166666666667,16.732483844744454,16.930622222222222,0.6508965678985432,0.10000000000000009,-1.5,-1.5,13.88888888888889,13.88888888888889,13.250872666666666,15.759018770731004,16.99442384444444,0.26203644533275305,-0.04999999999999982,-1.5,-1.5,13.88888888888889,13.88888888888889
19,1.6,False,0,4.0,True,14.010166666666667,16.41261344223489,17.208399999999994,0.4222528163829118,0.16000000000000014,-1.6,-1.6,13.88888888888889,13.88888888888889,13.250872666666666,15.627305712289314,17.33600324444444,0.35634235662528857,-0.1599999999999997,-1.6,-1.6,13.88888888888889,13.88888888888889
19,1.7000000000000002,False,0,4.0,True,14.010166666666667,16.036454423273245,17.48617777777778,0.34364620543230107,0.2400000000000002,-1.7000000000000002,-1.7000000000000002,13.88888888888889,13.88888888888889,13.250872666666666,17.61114795388775,17.613781022222224,0.27128744158139817,-0.09999999999999964,-1.7000000000000002,-1.7000000000000002,13.88888888888889,13.88888888888889
20,0.0,False,0,4.0,False,16.666666666666668,1.493500296676996,-4.16666666666656,1.8020211872480867,1.6,0.0,0.0,13.88888888888889,13.88888888888889,,,,,,,,,
20,0.1,False,0,4.0,True,14.010166666666667,-2.963395021725378,2.3629388888889453,0.7309293226957219,0.930000000000001,-0.1,-0.1,13.88888888888889,13.88888888888889,8.695108666666663,49.11738715460375,48.75473217777726,0.23756790977350972,-0.00999999999999579,-0.1,-0.1,13.88888888888889,13.88888888888889
20,0.2,False,0,4.0,True,14.010166666666667,9.122833200865738,12.097288888888922,1.0176678441872808,0.98,-0.2,-0.2,13.88888888888889,13.88888888888889,10.972990666666664,25.693242622930452,26.069344800000263,0.06979651309468093,-0.019999999999997353,-0.2,-0.2,13.88888888888889,13.88888888888889
20,0.30000000000000004,False,0,4.0,True,14.010166666666667,11.156306141929033,13.776605555555566,0.6807429862723438,0.8500000000000001,-0.30000000000000004,-0.30000000000000004,13.88888888888889,13.88888888888889,11.732284666666665,14.143545946267064,19.80296960000008,0.1256699655218334,-0.020000000000001572,-0.30000000000000004,-0.30000000000000004,13.88888888888889,13.88888888888889
20,0.4,False,0,4.0,True,14.010166666666667,14.199835191897233,15.708399999999994,0.7272258637794198,0.8799999999999999,-0.4,-0.4,13.88888888888889,13.88888888888889,11.732284666666665,20.377557817295735,20.22514108888897,0.17661606821344478,-6.661338147750939e-16,-0.4,-0.4,13.88888888888889,13.88888888888889
20,0.5,False,0,4.0,True,14.010166666666667,14.337529252076063,15.708399999999994,0.7851652134184497,0.7000000000000002,-0.5,-0.5,13.88888888888889,13.88888888888889,10.972990666666664,18.83517801166001,19.031363511111156,-0.008808600549368162,0.0,-0.5,-0.5,13.88888888888889,13.88888888888889
20,0.6000000000000001,False,0,4.0,True,14.010166666666667,12.310880995185968,16.541733333333333,0.8597868464626166,0.7000000000000002,-0.6000000000000001,-0.6000000000000001,13.88888888888889,13.88888888888889,12.491578666666665,16.662707513063918,18.14257620000002,0.10259654112331784,-0.019999999999999574,-0.6000000000000001,-0.6000000000000001,13.88888888888889,13.88888888888889
20,0.7000000000000001,False,0,4.0,True,14.010166666666667,16.279144222639246,16.541733333333333,0.6816101799281848,0.5500000000000003,-0.7000000000000001,-0.7000000000000001,13.88888888888889,13.88888888888889,12.491578666666665,10.624217643748334,17.204005111111126,0.27579695602700083,-0.009999999999999343,-0.7000000000000001,-0.7000000000000001,13.88888888888889,13.88888888888889
20,0.8,False,0,4.0,True,14.010166666666667,11.753877283015157,17.65284444444444,0.8582802912696663,0.7200000000000002,-0.8,-0.8,13.88888888888889,13.88888888888889,11.732284666666665,14.66151301227551,19.06228244444444,0.4156074820647495,-2.220446049250313e-16,-0.8,-0.8,13.88888888888889,13.88888888888889
20,0.9,False,0,4.0,True,14.010166666666667,14.939249472863686,17.65284444444444,0.9495931954008965,0.6099999999999999,-0.9,-0.9,13.88888888888889,13.88888888888889,13.250872666666666,15.387251007466052,18.09945579999999,-0.4565040442043613,-0.02000000000000024,-0.9,-0.9,13.88888888888889,13.88888888888889
20,1.0,False,0,4.0,True,14.010166666666667,16.088412619420012,17.097288888888883,0.11722500602868591,0.30000000000000027,-1.0,-1.0,13.88888888888889,13.88888888888889,12.491578666666665,11.868977404873991,17.440552555555552,0.36677693184583937,0.0,-1.0,-1.0,13.88888888888889,13.88888888888889
20,1.1,False,0,4.0,True,14.010166666666667,14.51353741043473,17.362938888888884,0.5529299782182648,0.17000000000000037,-1.1,-1.1,13.88888888888889,13.88888888888889,13.250872666666666,17.533871488639562,17.490542133333328,-0.1549465421774734,-0.0499999999999996,-1.1,-1.1,13.88888888888889,13.88888888888889
20,1.2000000000000002,False,0,4.0,True,14.010166666666667,14.00026022612268,17.930622222222222,0.7659469329075455,0.3999999999999999,-1.2000000000000002,-1.2000000000000002,13.88888888888889,13.88888888888889,12.491578666666665,18.88043713087777,18.337687511111103,0.29212213420461497,-0.07999999999999963,-1.2000000000000002,-1.2000000000000002,13.88888888888889,13.88888888888889
20,1.3,False,0,4.0,True,14.010166666666667,16.248410326031056,17.097288888888883,0.24070996476012096,-0.09000000000000008,-1.3,-1.3,13.88888888888889,13.88888888888889,14.010166666666667,16.248410326031056,17.097288888888883,0.24070996476012096,-0.09000000000000008,-1.3,-1.3,13.88888888888889,13.88888888888889
20,1.4000000000000001,False,0,4.0,True,14.010166666666667,12.939885850376793,17.375066666666665,0.7444936915964342,-0.08000000000000007,-1.4000000000000001,-1.4000000000000001,13.88888888888889,13.88888888888889,14.010166666666667,12.939885850376793,17.375066666666665,0.7444936915964342,-0.08000000000000007,-1.4000000000000001,-1.4000000000000001,13.88888888888889,13.88888888888889
20,1.5,False,0,4.0,True,14.010166666666667,11.793413248771984,17.65284444444444,0.3818408653550853,-0.04999999999999982,-1.5,-1.5,13.88888888888889,13.88888888888889,14.010166666666667,11.793413248771984,17.65284444444444,0.3818408653550853,-0.04999999999999982,-1.5,-1.5,13.88888888888889,13.88888888888889
20,1.6,False,0,4.0,True,14.010166666666667,16.677453048534506,17.930622222222222,0.11996305548304331,2.220446049250313e-16,-1.6,-1.6,13.88888888888889,13.88888888888889,13.250872666666666,16.50626019412781,17.99442384444444,0.290296461822825,-0.1599999999999997,-1.6,-1.6,13.88888888888889,13.88888888888889
20,1.7000000000000002,False,0,4.0,True,14.010166666666667,15.946116228153084,18.474049999999995,0.5892219515019379,0.07000000000000028,-1.7000000000000002,-1.7000000000000002,13.88888888888889,13.88888888888889,13.250872666666666,15.72315606575783,18.537851622222224,0.3689798340806085,-0.09999999999999964,-1.7000000000000002,-1.7000000000000002,13.88888888888889,13.88888888888889
21,0.0,False,0,4.0,True,16.666666666666668,-1.4775378909672154,-4.277777777777618,1.4334237882998133,1.6,0.0,0.0,13.88888888888889,13.88888888888889,,,,,,,,,
21,0.1,False,0,4.0,True,14.010166666666667,0.13883089530781678,2.024127777777818,0.8066450972985719,0.890000000000001,-0.1,-0.1,13.88888888888889,13.88888888888889,8.695108666666663,46.24875067957059,46.71805597777724,0.10960203806475599,-0.00999999999999579,-0.1,-0.1,13.88888888888889,13.88888888888889
21,0.2,False,0,4.0,True,14.010166666666667,8.82337451592105,11.708400000000058,1.1030746519833374,0.8799999999999994,-0.2,-0.2,13.88888888888889,13.88888888888889,10.972990666666664,22.54138758948741,24.374365600000257,0.15040745540257383,-0.019999999999997353,-0.2,-0.2,13.88888888888889,13.88888888888889
21,0.30000000000000004,False,0,4.0,True,14.010166666666667,11.759191665120643,15.78703888888889,1.0594804043383674,0.9400000000000004,-0.30000000000000004,-0.30000000000000004,13.88888888888889,13.88888888888889,11.732284666666665,20.236099078874073,22.080737200000097,-0.4631943495966502,-0.020000000000001572,-0.30000000000000004,-0.30000000000000004,13.88888888888889,13.88888888888889
21,0.4,False,0,4.0,True,14.010166666666667,12.301731599206875,17.024127777777778,1.3106984379464217,0.9199999999999999,-0.4,-0.4,13.88888888888889,13.88888888888889,11.732284666666665,21.541469082797324,21.756529288888974,0.20376335857014372,-6.661338147750939e-16,-0.4,-0.4,13.88888888888889,13.88888888888889
21,0.5,False,0,4.0,True,14.010166666666667,13.186071668265477,16.986177777777776,0.6647855703824797,0.75,-0.5,-0.5,13.88888888888889,13.88888888888889,12.491578666666665,16.310542677222077,18.854354911111162,-0.09854792058097983,0.0,-0.5,-0.5,13.88888888888889,13.88888888888889
21,0.6000000000000001,False,0,4.0,True,14.010166666666667,17.13641233908582,18.375066666666665,1.193088492356556,0.8800000000000003,-0.6000000000000001,-0.6000000000000001,13.88888888888889,13.88888888888889,12.491578666666665,20.438504619212278,20.091385000000013,-0.45607421512108126,-0.019999999999999574,-0.6000000000000001,-0.6000000000000001,13.88888888888889,13.88888888888889
21,0.7000000000000001,False,0,4.0,True,14.010166666666667,15.347499275400118,17.819511111111105,1.1725423839589864,0.6200000000000001,-0.7000000000000001,-0.7000000000000001,13.88888888888889,13.88888888888889,13.250872666666666,16.90049243291997,18.39372571111112,0.42726039009982886,-0.009999999999999343,-0.7000000000000001,-0.7000000000000001,13.88888888888889,13.88888888888889
21,0.8,False,0,4.0,True,14.010166666666667,16.621015196918687,17.80738333333333,0.34476926570232136,0.3999999999999999,-0.8,-0.8,13.88888888888889,13.88888888888889,12.491578666666665,15.746179027308301,18.430109044444443,-0.2892256779071236,-2.220446049250313e-16,-0.8,-0.8,13.88888888888889,13.88888888888889
21,0.9,False,0,4.0,True,14.010166666666667,15.762924279577287,18.375066666666665,0.7184709790699402,0.52,-0.9,-0.9,13.88888888888889,13.88888888888889,13.250872666666666,16.144181997865278,18.75787639999999,-0.06880800027644418,-0.02000000000000024,-0.9,-0.9,13.88888888888889,13.88888888888889
21,1.0,False,0,4.0,True,14.010166666666667,17.11504870639588,18.375066666666665,0.7314143136021158,0.3999999999999999,-1.0,-1.0,13.88888888888889,13.88888888888889,13.250872666666666,17.957695830524703,18.630273155555553,-0.5725130138422632,0.0,-1.0,-1.0,13.88888888888889,13.88888888888889
21,1.1,False,0,4.0,True,14.010166666666667,15.91758707488776,18.375066666666665,0.5287755033813584,0.28000000000000025,-1.1,-1.1,13.88888888888889,13.88888888888889,13.250872666666666,16.22158139642844,18.566471533333328,0.3603809459423446,-0.0499999999999996,-1.1,-1.1,13.88888888888889,13.88888888888889
21,1.2000000000000002,False,0,4.0,True,14.010166666666667,15.512906064571041,18.362938888888884,0.49626655721468316,0.04000000000000026,-1.2000000000000002,-1.2000000000000002,13.88888888888889,13.88888888888889,13.250872666666666,18.601044563299656,18.426740511111102,-0.14177108934684246,-0.07999999999999963,-1.2000000000000002,-1.2000000000000002,13.88888888888889,13.88888888888889
21,1.3,False,0,4.0,True,14.010166666666667,17.219897541703546,18.65284444444444,0.42625160026079634,0.16999999999999993,-1.3,-1.3,13.88888888888889,13.88888888888889,13.250872666666666,18.494128706844513,18.780447688888884,0.103923291040108,-0.09000000000000008,-1.3,-1.3,13.88888888888889,13.88888888888889
21,1.4000000000000001,False,0,4.0,True,14.010166666666667,16.150628537596784,18.640716666666666,0.31942410225260875,-0.08000000000000007,-1.4000000000000001,-1.4000000000000001,13.88888888888889,13.88888888888889,14.010166666666667,16.150628537596784,18.640716666666666,0.31942410225260875,-0.08000000000000007,-1.4000000000000001,-1.4000000000000001,13.88888888888889,13.88888888888889
21,1.5,False,0,4.0,True,14.010166666666667,14.54223988703178,18.906366666666667,0.05732131477856739,-0.19999999999999996,-1.5,-1.5,13.88888888888889,13.88888888888889,14.010166666666667,17.57643484102214,18.91849444444444,0.1904228204145979,-0.04999999999999982,-1.5,-1.5,13.88888888888889,13.88888888888889
21,1.6,False,0,4.0,True,14.010166666666667,13.573296151105207,19.196272222222223,1.0806581067633418,2.220446049250313e-16,-1.6,-1.6,13.88888888888889,13.88888888888889,13.250872666666666,15.058300196779442,19.26007384444444,0.2997828601374297,-0.1599999999999997,-1.6,-1.6,13.88888888888889,13.88888888888889
21,1.7000000000000002,False,0,4.0,True,14.010166666666667,15.100067086772583,18.91849444444444,0.1852584971915583,-0.2699999999999996,-1.7000000000000002,-1.7000000000000002,13.88888888888889,13.88888888888889,14.010166666666667,17.381552432443204,18.930622222222222,0.5079947513243992,-0.09999999999999964,-1.7000000000000002,-1.7000000000000002,13.88888888888889,13.88888888888889
22,0.0,False,0,4.0,False,16.666666666666668,-3.066327824631645,-4.211111111111324,1.7253998406145685,1.6,0.0,0.0,13.88888888888889,13.88888888888889,,,,,,,,,
22,0.1,False,0,4.0,True,14.010166666666667,2.126504546810577,6.181927777777884,0.9111964048343806,0.9800000000000009,-0.1,-0.1,13.88888888888889,13.88888888888889,10.213696666666664,38.02322429333442,40.89588397777841,-0.43052526900847754,-0.00999999999999579,-0.1,-0.1,13.88888888888889,13.88888888888889
22,0.2,False,0,4.0,True,14.010166666666667,12.005054981798114,12.254566666666722,0.6308829626903569,0.8199999999999998,-0.2,-0.2,13.88888888888889,13.88888888888889,11.732284666666665,16.70325706363445,21.008586799999986,0.020142070604255213,-0.019999999999997353,-0.2,-0.2,13.88888888888889,13.88888888888889
22,0.30000000000000004,False,0,4.0,True,14.010166666666667,13.216404612811186,14.930622222222244,0.619601758307244,0.7600000000000002,-0.30000000000000004,-0.30000000000000004,13.88888888888889,13.88888888888889,11.732284666666665,20.297084328514654,19.930358000000066,0.9356318541451567,-0.020000000000001572,-0.30000000000000004,-0.30000000000000004,13.88888888888889,13.88888888888889
22,0.4,False,0,4.0,True,14.010166666666667,16.449148789355675,17.986177777777776,0.47652809049382094,0.9199999999999999,-0.4,-0.4,13.88888888888889,13.88888888888889,13.250872666666666,18.551401190635307,19.453615088888984,0.012990287298924486,-6.661338147750939e-16,-0.4,-0.4,13.88888888888889,13.88888888888889
22,0.5,False,0,4.0,True,14.010166666666667,15.612401186225764,18.263955555555558,0.987151602456295,0.8000000000000003,-0.5,-0.5,13.88888888888889,13.88888888888889,12.491578666666665,17.58032827323137,19.968146111111164,0.12915183071372116,0.0,-0.5,-0.5,13.88888888888889,13.88888888888889
22,0.6000000000000001,False,0,4.0,True,14.010166666666667,17.051345582789065,18.263955555555558,1.392432989437551,0.6400000000000001,-0.6000000000000001,-0.6000000000000001,13.88888888888889,13.88888888888889,12.491578666666665,15.29761476731564,19.573208600000026,0.022020537010767338,-0.019999999999999574,-0.6000000000000001,-0.6000000000000001,13.88888888888889,13.88888888888889
22,0.7000000000000001,False,0,4.0,True,14.010166666666667,14.436042060575627,18.52960555555556,0.7337871253991062,0.4800000000000004,-0.7000000000000001,-0.7000000000000001,13.88888888888889,13.88888888888889,12.491578666666665,16.1987405645505,19.052146311111127,-0.05859015748419161,-0.009999999999999343,-0.7000000000000001,-0.7000000000000001,13.88888888888889,13.88888888888889
22,0.8,False,0,4.0,True,14.010166666666667,11.860359442933682,18.80738333333333,0.33389463591138746,0.3999999999999999,-0.8,-0.8,13.88888888888889,13.88888888888889,13.250872666666666,16.112250255378626,19.126391444444444,0.7593008992783115,-2.220446049250313e-16,-0.8,-0.8,13.88888888888889,13.88888888888889
22,0.9,False,0,4.0,True,14.010166666666667,14.541309260705972,18.819511111111105,0.8985838890588536,0.33999999999999986,-0.9,-0.9,13.88888888888889,13.88888888888889,13.250872666666666,16.48751276195258,19.074717599999993,0.3617758985909254,-0.02000000000000024,-0.9,-0.9,13.88888888888889,13.88888888888889
22,1.0,False,0,4.0,True,14.010166666666667,16.23502019960157,19.097288888888883,0.059937466649752746,0.30000000000000027,-1.0,-1.0,13.88888888888889,13.88888888888889,13.250872666666666,18.397719789685116,19.288693755555553,-0.3310328292666369,0.0,-1.0,-1.0,13.88888888888889,13.88888888888889
22,1.1,False,0,4.0,True,14.010166666666667,17.018717237487458,19.65284444444444,0.781529364459773,0.3900000000000001,-1.1,-1.1,13.88888888888889,13.88888888888889,13.250872666666666,18.81437422806777,19.908050933333328,0.175966607385043,-0.0499999999999996,-1.1,-1.1,13.88888888888889,13.88888888888889
22,1.2000000000000002,False,0,4.0,True,14.010166666666667,15.14479690319083,19.362938888888884,0.45513469134912965,0.04000000000000026,-1.2000000000000002,-1.2000000000000002,13.88888888888889,13.88888888888889,13.250872666666666,16.261644324776743,19.426740511111102,0.31785336749317183,-0.07999999999999963,-1.2000000000000002,-1.2000000000000002,13.88888888888889,13.88888888888889
22,1.3,False,0,4.0,True,14.010166666666667,15.191530956317564,19.362938888888884,0.7240211641873935,-0.09000000000000008,-1.3,-1.3,13.88888888888889,13.88888888888889,14.010166666666667,15.191530956317564,19.362938888888884,0.7240211641873935,-0.09000000000000008,-1.3,-1.3,13.88888888888889,13.88888888888889
22,1.4000000000000001,False,0,4.0,True,14.010166666666667,15.593523086616692,19.628588888888885,-0.23616019557645695,-0.21999999999999975,-1.4000000000000001,-1.4000000000000001,13.88888888888889,13.88888888888889,14.010166666666667,19.427449812812217,19.640716666666666,-0.3402888326125959,-0.08000000000000007,-1.4000000000000001,-1.4000000000000001,13.88888888888889,13.88888888888889
22,1.5,False,0,4.0,True,14.010166666666667,15.632480562473809,19.91849444444444,0.3295541231496024,-0.04999999999999982,-1.5,-1.5,13.88888888888889,13.88888888888889,14.010166666666667,15.632480562473809,19.91849444444444,0.3295541231496024,-0.04999999999999982,-1.5,-1.5,13.88888888888889,13.88888888888889
22,1.6,False,0,4.0,True,14.010166666666667,14.278846897888997,19.65284444444444,0.11211253724311687,-0.1599999999999997,-1.6,-1.6,13.88888888888889,13.88888888888889,14.010166666666667,14.278846897888997,19.65284444444444,0.11211253724311687,-0.1599999999999997,-1.6,-1.6,13.88888888888889,13.88888888888889
22,1.7000000000000002,False,0,4.0,True,14.010166666666667,17.121285579799437,19.906366666666667,-0.3879730160528345,-0.4399999999999995,-1.7000000000000002,-1.7000000000000002,13.88888888888889,13.88888888888889,14.010166666666667,17.88353215714162,19.930622222222222,0.07962526641136392,-0.09999999999999964,-1.7000000000000002,-1.7000000000000002,13.88888888888889,13.88888888888889
23,0.0,False,0,4.0,False,16.666666666666668,-2.5742609946212154,-4.22222222222199,1.7150781753743312,1.6,0.0,0.0,13.88888888888889,13.88888888888889,,,,,,,,,
23,0.1,False,0,4.0,True,14.010166666666667,6.870566059444866,8.12858888888898,0.9447042836940924,1.0200000000000005,-0.1,-0.1,13.88888888888889,13.88888888888889,9.454402666666663,46.31913681619356,52.057420777776954,-0.13468600054138258,-0.00999999999999579,-0.1,-0.1,13.88888888888889,13.88888888888889
23,0.2,False,0,4.0,True,14.010166666666667,8.383212015261481,14.2639555555556,1.064986884938408,0.9199999999999995,-0.2,-0.2,13.88888888888889,13.88888888888889,11.732284666666665,19.586151397004198,22.957336800000046,-0.4834280156902253,-0.019999999999997353,-0.2,-0.2,13.88888888888889,13.88888888888889
23,0.30000000000000004,False,0,4.0,True,14.010166666666667,13.940851864032762,16.574727777777785,0.7499448012543879,0.8200000000000003,-0.30000000000000004,-0.30000000000000004,13.88888888888889,13.88888888888889,11.732284666666665,18.34160556030741,21.550208000000065,0.171469432559884,-0.020000000000001572,-0.30000000000000004,-0.30000000000000004,13.88888888888889,13.88888888888889
23,0.4,False,0,4.0,True,14.010166666666667,13.115174039891212,18.974049999999995,0.981179430450188,0.8799999999999999,-0.4,-0.4,13.88888888888889,13.88888888888889,13.250872666666666,17.79074343559807,20.377685688888985,0.25122197865182416,-6.661338147750939e-16,-0.4,-0.4,13.88888888888889,13.88888888888889
23,0.5,False,0,4.0,True,14.010166666666667,16.862198259839275,19.541733333333333,1.2008186530628033,0.8500000000000001,-0.5,-0.5,13.88888888888889,13.88888888888889,13.250872666666666,17.741845595374375,20.626360911111167,0.31420247845120564,0.0,-0.5,-0.5,13.88888888888889,13.88888888888889
23,0.6000000000000001,False,0,4.0,True,14.010166666666667,16.801974134875202,19.541733333333333,0.3451842427416518,0.7000000000000002,-0.6000000000000001,-0.6000000000000001,13.88888888888889,13.88888888888889,12.491578666666665,18.579679093660577,20.914788000000026,-0.028247948455657035,-0.019999999999999574,-0.6000000000000001,-0.6000000000000001,13.88888888888889,13.88888888888889
23,0.7000000000000001,False,0,4.0,True,14.010166666666667,15.447361003010421,19.770999999999994,0.7620134447435905,0.3400000000000003,-0.7000000000000001,-0.7000000000000001,13.88888888888889,13.88888888888889,13.250872666666666,14.168615027513216,20.09000811111112,0.2036710478158663,-0.009999999999999343,-0.7000000000000001,-0.7000000000000001,13.88888888888889,13.88888888888889
23,0.8,False,0,4.0,True,14.010166666666667,15.591861109488619,20.073033333333328,0.7404267613784201,0.3999999999999999,-0.8,-0.8,13.88888888888889,13.88888888888889,13.250872666666666,17.910498493905305,20.39204144444444,-0.19477019865219947,-2.220446049250313e-16,-0.8,-0.8,13.88888888888889,13.88888888888889
23,0.9,False,0,4.0,True,14.010166666666667,16.895103725097304,19.997133333333327,0.6650029721899848,0.24999999999999956,-0.9,-0.9,13.88888888888889,13.88888888888889,13.250872666666666,18.574320690220688,20.18853819999999,0.3549531132833872,-0.02000000000000024,-0.9,-0.9,13.88888888888889,13.88888888888889
23,1.0,False,0,4.0,True,14.010166666666667,16.920176536114486,20.238527777777772,0.1280785707169465,-0.09999999999999987,-1.0,-1.0,13.88888888888889,13.88888888888889,14.010166666666667,18.78237849809559,20.250655555555554,0.449432154223381,0.0,-1.0,-1.0,13.88888888888889,13.88888888888889
23,1.1,False,0,4.0,True,14.010166666666667,14.274467770048787,19.819511111111105,0.5199860548453148,0.0600000000000005,-1.1,-1.1,13.88888888888889,13.88888888888889,13.250872666666666,20.179852354027286,19.88331273333333,-0.42605682208076034,-0.0499999999999996,-1.1,-1.1,13.88888888888889,13.88888888888889
23,1.2000000000000002,False,0,4.0,True,14.010166666666667,15.340780939504274,20.567949999999993,0.32267974882989003,-0.5599999999999992,-1.2000000000000002,-1.2000000000000002,13.88888888888889,13.88888888888889,14.010166666666667,20.307523002540858,20.616461111111104,-0.10832119387116634,-0.07999999999999963,-1.2000000000000002,-1.2000000000000002,13.88888888888889,13.88888888888889
23,1.3,False,0,4.0,True,14.010166666666667,16.04063811190878,20.833599999999993,-0.023691140905139463,-0.7400000000000007,-1.3,-1.3,13.88888888888889,13.88888888888889,14.010166666666667,19.727589094721395,20.894238888888886,-0.025557996212564937,-0.09000000000000008,-1.3,-1.3,13.88888888888889,13.88888888888889
23,1.4000000000000001,False,0,4.0,True,14.010166666666667,12.727265949799968,21.147761111111105,0.8133315268517389,-0.35999999999999965,-1.4000000000000001,-1.4000000000000001,13.88888888888889,13.88888888888889,14.010166666666667,20.220142846835746,21.172016666666668,0.3171230604780173,-0.08000000000000007,-1.4000000000000001,-1.4000000000000001,13.88888888888889,13.88888888888889
23,1.5,False,0,4.0,True,14.010166666666667,12.295514462490708,20.362938888888884,0.24954248656854228,-0.34999999999999987,-1.5,-1.5,13.88888888888889,13.88888888888889,14.769166666666667,19.965413424305396,20.38719444444444,0.2608136327866628,-0.04999999999999982,-1.5,-1.5,13.88888888888889,13.88888888888889
23,1.6,False,0,4.0,True,14.010166666666667,16.561969684434246,20.564816666666665,-0.09849616198584843,-0.31999999999999984,-1.6,-1.6,13.88888888888889,13.88888888888889,14.769166666666667,19.812786527999524,20.57694444444444,0.1366428148031278,-0.1599999999999997,-1.6,-1.6,13.88888888888889,13.88888888888889
23,1.7000000000000002,False,0,4.0,True,14.010166666666667,16.77566752339584,20.91849444444444,0.4421402554732201,-0.2699999999999996,-1.7000000000000002,-1.7000000000000002,13.88888888888889,13.88888888888889,14.010166666666667,19.753332791746313,20.930622222222222,0.27433021875807473,-0.09999999999999964,-1.7000000000000002,-1.7000000000000002,13.88888888888889,13.88888888888889
24,0.0,False,0,4.0,False,16.666666666666668,-1.426852114228427,-4.266666666666953,1.830528161950185,1.6,0.0,0.0,13.88888888888889,13.88888888888889,,,,,,,,,
24,0.1,False,0,4.0,True,14.010166666666667,-0.6205888587610557,5.063122222222288,0.992103144974513,0.870000000000001,-0.1,-0.1,13.88888888888889,13.88888888888889,9.454402666666663,41.60079358525128,42.94765997777672,-0.024503060252450082,-0.00999999999999579,-0.1,-0.1,13.88888888888889,13.88888888888889
24,0.2,False,0,4.0,True,14.010166666666667,14.409349030097896,15.529605555555602,0.7208157886403317,0.9199999999999995,-0.2,-0.2,13.88888888888889,13.88888888888889,11.732284666666665,22.220495730745352,25.285998399999993,0.30130913823717753,-0.019999999999997353,-0.2,-0.2,13.88888888888889,13.88888888888889
24,0.30000000000000004,False,0,4.0,True,14.010166666666667,14.765249572517558,18.875066666666665,0.9128053142810506,0.9700000000000002,-0.30000000000000004,-0.30000000000000004,13.88888888888889,13.88888888888889,12.491578666666665,18.796070395242776,21.663884800000158,0.3743427576628151,-0.020000000000001572,-0.30000000000000004,-0.30000000000000004,13.88888888888889,13.88888888888889
24,0.4,False,0,4.0,True,14.010166666666667,13.826709216969356,19.430622222222212,0.9082354438819018,0.8399999999999999,-0.4,-0.4,13.88888888888889,13.88888888888889,13.250872666666666,19.14137306718631,20.770456288888983,0.14540390738477837,-6.661338147750939e-16,-0.4,-0.4,13.88888888888889,13.88888888888889
24,0.5,False,0,4.0,True,14.010166666666667,17.151779150508947,19.659888888888897,0.4992848211520591,0.5,-0.5,-0.5,13.88888888888889,13.88888888888889,12.491578666666665,19.088333598846486,20.981269711111164,-0.00593489468430497,0.0,-0.5,-0.5,13.88888888888889,13.88888888888889
24,0.6000000000000001,False,0,4.0,True,14.010166666666667,16.406229182460606,20.517477777777778,0.8244186383512231,0.5800000000000005,-0.6000000000000001,-0.6000000000000001,13.88888888888889,13.88888888888889,13.250872666666666,20.85090204368643,21.15549400000003,-0.14629369377155443,-0.019999999999999574,-0.6000000000000001,-0.6000000000000001,13.88888888888889,13.88888888888889
24,0.7000000000000001,False,0,4.0,True,14.010166666666667,14.462190743976684,20.493222222222215,0.8673176935167355,0.27000000000000046,-0.7000000000000001,-0.7000000000000001,13.88888888888889,13.88888888888889,13.250872666666666,20.777908986665746,20.748428711111128,0.30094088813440134,-0.009999999999999343,-0.7000000000000001,-0.7000000000000001,13.88888888888889,13.88888888888889
24,0.8,False,0,4.0,True,14.010166666666667,17.145230538439453,20.710361111111123,0.36668786516993457,-0.24000000000000044,-0.8,-0.8,13.88888888888889,13.88888888888889,14.010166666666667,20.605626863210283,20.746744444444445,0.6165434633154754,-2.220446049250313e-16,-0.8,-0.8,13.88888888888889,13.88888888888889
24,0.9,False,0,4.0,True,14.010166666666667,15.432576178450184,21.097288888888883,0.6570463697533553,0.4299999999999997,-0.9,-0.9,13.88888888888889,13.88888888888889,13.250872666666666,19.70390953418629,21.41629699999999,0.045454810973095894,-0.02000000000000024,-0.9,-0.9,13.88888888888889,13.88888888888889
24,1.0,False,0,4.0,True,14.010166666666667,16.475351245723036,20.8637277777778,-0.8050956252190429,-1.0,-1.0,-1.0,13.88888888888889,13.88888888888889,14.010166666666667,18.085189052169873,20.985005555555553,-0.048661335651801974,0.0,-1.0,-1.0,13.88888888888889,13.88888888888889
24,1.1,False,0,4.0,True,14.010166666666667,17.215274061516606,21.262783333333328,0.7247878491178188,-0.0499999999999996,-1.1,-1.1,13.88888888888889,13.88888888888889,14.010166666666667,17.215274061516606,21.262783333333328,0.7247878491178188,-0.0499999999999996,-1.1,-1.1,13.88888888888889,13.88888888888889
24,1.2000000000000002,False,0,4.0,True,14.010166666666667,14.849707636735278,21.37077222222226,-1.645454913108264,-1.7599999999999993,-1.2000000000000002,-1.2000000000000002,13.88888888888889,13.88888888888889,14.010166666666667,18.447946257232523,21.540561111111103,0.3488978919893162,-0.07999999999999963,-1.2000000000000002,-1.2000000000000002,13.88888888888889,13.88888888888889
24,1.3,False,0,4.0,True,14.010166666666667,16.491617419893252,21.60433333333333,0.5176437054254825,-0.3500000000000003,-1.3,-1.3,13.88888888888889,13.88888888888889,14.010166666666667,21.478987516529713,21.628588888888885,0.15080378925369775,-0.09000000000000008,-1.3,-1.3,13.88888888888889,13.88888888888889
24,1.4000000000000001,False,0,4.0,True,14.010166666666667,15.94626877844411,21.350811111111103,0.15649844395549728,-0.35999999999999965,-1.4000000000000001,-1.4000000000000001,13.88888888888889,13.88888888888889,14.010166666666667,17.99717476268243,21.375066666666665,0.5400620313766491,-0.08000000000000007,-1.4000000000000001,-1.4000000000000001,13.88888888888889,13.88888888888889
24,1.5,False,0,4.0,True,14.010166666666667,14.706669541479833,21.86998333333333,0.22430978923016687,-0.6499999999999999,-1.5,-1.5,13.88888888888889,13.88888888888889,14.010166666666667,22.579972287664148,21.91849444444444,-0.17008699430827123,-0.04999999999999982,-1.5,-1.5,13.88888888888889,13.88888888888889
24,1.6,False,0,4.0,True,14.010166666666667,17.136735524660516,21.65284444444444,0.4997805723663924,-0.1599999999999997,-1.6,-1.6,13.88888888888889,13.88888888888889,14.010166666666667,17.136735524660516,21.65284444444444,0.4997805723663924,-0.1599999999999997,-1.6,-1.6,13.88888888888889,13.88888888888889
24,1.7000000000000002,False,0,4.0,True,14.010166666666667,16.74406258214585,22.288999999999994,-0.8338562509176837,-1.459999999999999,-1.7000000000000002,-1.7000000000000002,13.88888888888889,13.88888888888889,14.010166666666667,19.16513006817405,22.386022222222223,-0.01344639590952812,-0.09999999999999964,-1.7000000000000002,-1.7000000000000002,13.88888888888889,13.88888888888889
25,0.0,False,0,4.0,False,16.666666666666668,-0.37237948873105875,-4.166666666666333,1.3471293680187761,1.6,0.0,0.0,13.88888888888889,13.88888888888889,,,,,,,,,
25,0.1,False,0,4.0,True,14.010166666666667,6.679254204456268,8.753394444444577,0.6038354943739237,0.9500000000000006,-0.1,-0.1,13.88888888888889,13.88888888888889,10.213696666666664,41.23785998246528,42.516651777778506,-1.1247167464775714,-0.00999999999999579,-0.1,-0.1,13.88888888888889,13.88888888888889
25,0.2,False,0,4.0,True,14.010166666666667,17.23222358957263,17.262783333333378,0.7317439187926249,0.94,-0.2,-0.2,13.88888888888889,13.88888888888889,12.491578666666665,19.718044707000413,23.893943000000288,-0.17707784201911192,-0.019999999999997353,-0.2,-0.2,13.88888888888889,13.88888888888889
25,0.30000000000000004,False,0,4.0,True,14.010166666666667,13.572174443410628,18.968966666666713,1.0589097858760077,0.7000000000000002,-0.30000000000000004,-0.30000000000000004,13.88888888888889,13.88888888888889,12.491578666666665,22.509409929861004,22.246581800000154,0.08268342763160486,-0.020000000000001572,-0.30000000000000004,-0.30000000000000004,13.88888888888889,13.88888888888889
25,0.4,False,0,4.0,True,14.010166666666667,16.208097606039143,19.585161111111123,1.1822927301397548,0.6799999999999997,-0.4,-0.4,13.88888888888889,13.88888888888889,13.250872666666666,16.309964581472823,20.669788688888982,-0.5311687571838473,-6.661338147750939e-16,-0.4,-0.4,13.88888888888889,13.88888888888889
25,0.5,False,0,4.0,True,14.010166666666667,12.649283020334298,21.151672222222214,0.036961559772037855,0.6499999999999999,-0.5,-0.5,13.88888888888889,13.88888888888889,12.491578666666665,20.785949875130104,22.057022711111163,0.12238740876533116,0.0,-0.5,-0.5,13.88888888888889,13.88888888888889
25,0.6000000000000001,False,0,4.0,True,14.010166666666667,16.961667388061713,21.227572222222214,0.4119457248107805,0.4600000000000004,-0.6000000000000001,-0.6000000000000001,13.88888888888889,13.88888888888889,13.250872666666666,19.031111067435763,21.73798520000003,0.3564638868325698,-0.019999999999999574,-0.6000000000000001,-0.6000000000000001,13.88888888888889,13.88888888888889
25,0.7000000000000001,False,0,4.0,True,14.010166666666667,16.814418181697906,22.060905555555554,0.59710257169231,0.4800000000000004,-0.7000000000000001,-0.7000000000000001,13.88888888888889,13.88888888888889,13.250872666666666,22.132652724374378,22.507516911111114,-0.355897237204831,-0.009999999999999343,-0.7000000000000001,-0.7000000000000001,13.88888888888889,13.88888888888889
25,0.8,False,0,4.0,True,14.010166666666667,14.586237558493185,21.62546666666672,-0.4782162156259273,-0.8000000000000012,-0.8,-0.8,13.88888888888889,13.88888888888889,14.010166666666667,19.10385690728686,21.746744444444445,-0.056395922862221504,-2.220446049250313e-16,-0.8,-0.8,13.88888888888889,13.88888888888889
25,0.9,False,0,4.0,True,14.010166666666667,14.30379355103571,21.594944444444444,0.0347537631546897,-0.19999999999999996,-0.9,-0.9,13.88888888888889,13.88888888888889,14.010166666666667,20.244823908819015,21.619199999999992,0.21160636112291176,-0.02000000000000024,-0.9,-0.9,13.88888888888889,13.88888888888889
25,1.0,False,0,4.0,True,14.010166666666667,17.10273109584657,21.563261111111164,-1.5548933178201167,-1.6,-1.0,-1.0,13.88888888888889,13.88888888888889,14.769166666666667,19.548985482773755,21.75730555555555,-0.4532665311385111,0.0,-1.0,-1.0,13.88888888888889,13.88888888888889
25,1.1,False,0,4.0,True,14.010166666666667,17.084424957800955,22.314427777777773,0.49155816274925757,-0.2699999999999998,-1.1,-1.1,13.88888888888889,13.88888888888889,14.010166666666667,19.454507845064526,22.33868333333333,0.6262728992074389,-0.0499999999999996,-1.1,-1.1,13.88888888888889,13.88888888888889
25,1.2000000000000002,False,0,4.0,True,14.010166666666667,17.05720005779926,22.681799999999992,-0.2766610272021204,-0.5599999999999992,-1.2000000000000002,-1.2000000000000002,13.88888888888889,13.88888888888889,14.010166666666667,20.001780422675697,22.730311111111103,-0.21547652961977848,-0.07999999999999963,-1.2000000000000002,-1.2000000000000002,13.88888888888889,13.88888888888889
25,1.3,False,0,4.0,True,14.010166666666667,14.502303737370564,21.672933333333344,-0.9857099984323212,-1.520000000000001,-1.3,-1.3,13.88888888888889,13.88888888888889,14.769166666666667,20.224858325154372,21.958138888888882,0.09781678173607333,-0.09000000000000008,-1.3,-1.3,13.88888888888889,13.88888888888889
25,1.4000000000000001,False,0,4.0,True,14.010166666666667,16.760819678400296,22.819905555555557,-0.4213646108335829,-0.6399999999999992,-1.4000000000000001,-1.4000000000000001,13.88888888888889,13.88888888888889,14.769166666666667,16.670448580324816,22.86841666666667,0.41178548489485056,-0.08000000000000007,-1.4000000000000001,-1.4000000000000001,13.88888888888889,13.88888888888889
25,1.5,False,0,4.0,True,14.010166666666667,16.967977173675887,22.60903333333334,-1.5604350898712855,-1.7999999999999998,-1.5,-1.5,13.88888888888889,13.88888888888889,14.769166666666667,19.90641719904076,22.76669444444444,-0.26482741491390005,-0.04999999999999982,-1.5,-1.5,13.88888888888889,13.88888888888889
25,1.6,False,0,4.0,True,14.010166666666667,17.21713267335263,22.65284444444444,1.062929348990953,-0.1599999999999997,-1.6,-1.6,13.88888888888889,13.88888888888889,14.010166666666667,17.21713267335263,22.65284444444444,1.062929348990953,-0.1599999999999997,-1.6,-1.6,13.88888888888889,13.88888888888889
25,1.7000000000000002,False,0,4.0,True,14.010166666666667,16.588964948016635,22.360733333333396,-1.740109495783484,-1.8300000000000005,0.0,0.0,13.88888888888889,13.88888888888889,14.769166666666667,21.427471811587065,22.79147222222222,0.04402544053469626,-0.09999999999999964,-1.7000000000000002,-1.7000000000000002,13.88888888888889,13.88888888888889
26,0.0,False,0,4.0,True,16.666666666666668,1.3667376575827292,-4.277777777777419,1.349832474813788,1.6,0.0,0.0,13.88888888888889,13.88888888888889,,,,,,,,,
26,0.1,False,0,4.0,True,14.010166666666667,5.437779446837095,8.464138888888964,1.013556318558038,0.930000000000001,-0.1,-0.1,13.88888888888889,13.88888888888889,10.213696666666664,42.385356320204934,42.023863577778414,-0.056208154956440826,-0.00999999999999579,-0.1,-0.1,13.88888888888889,13.88888888888889
26,0.2,False,0,4.0,True,14.010166666666667,12.389870229281765,16.82225000000005,0.9191732162843871,0.8799999999999994,-0.2,-0.2,13.88888888888889,13.88888888888889,12.491578666666665,18.664863463375394,22.730499000000275,0.5565987323242649,-0.019999999999997353,-0.2,-0.2,13.88888888888889,13.88888888888889
26,0.30000000000000004,False,0,4.0,True,14.010166666666667,15.429629696196113,19.73970000000001,0.4992843121815578,0.7900000000000005,-0.30000000000000004,-0.30000000000000004,13.88888888888889,13.88888888888889,12.491578666666665,23.15525433318815,23.284649400000145,-0.1202778667144202,-0.020000000000001572,-0.30000000000000004,-0.30000000000000004,13.88888888888889,13.88888888888889
26,0.4,False,0,4.0,True,14.010166666666667,16.778967450153967,21.140716666666666,0.6864624865212949,0.7599999999999998,-0.4,-0.4,13.88888888888889,13.88888888888889,12.491578666666665,21.55519703094193,22.580735688888982,0.28941457985698227,-6.661338147750939e-16,-0.4,-0.4,13.88888888888889,13.88888888888889
26,0.5,False,0,4.0,True,14.010166666666667,17.046910959340952,21.357855555555584,0.034580696267261235,0.3500000000000001,-0.5,-0.5,13.88888888888889,13.88888888888889,13.250872666666666,22.091952783511818,21.804466911111167,-0.04463113541502883,0.0,-0.5,-0.5,13.88888888888889,13.88888888888889
26,0.6000000000000001,False,0,4.0,True,14.010166666666667,15.829378891769263,21.666561111111317,-1.755477280290077,-1.8599999999999959,-0.6000000000000001,-0.6000000000000001,13.88888888888889,13.88888888888889,14.010166666666667,21.68987549519675,22.054650000000027,-0.7325525092892538,-0.019999999999999574,-0.6000000000000001,-0.6000000000000001,13.88888888888889,13.88888888888889
26,0.7000000000000001,False,0,4.0,True,14.010166666666667,17.25673720359474,21.986177777777776,1.0479390870305498,0.4100000000000006,-0.7000000000000001,-0.7000000000000001,13.88888888888889,13.88888888888889,13.250872666666666,20.82575431221731,22.368987511111126,0.1057127635576145,-0.009999999999999343,-0.7000000000000001,-0.7000000000000001,13.88888888888889,13.88888888888889
26,0.8,False,0,4.0,True,14.010166666666667,16.777306180664137,22.236972222222303,-1.2365286201956143,-1.3600000000000017,-0.8,-0.8,13.88888888888889,13.88888888888889,14.010166666666667,22.647036925741837,22.443144444444442,0.09071712381383867,-2.220446049250313e-16,-0.8,-0.8,13.88888888888889,13.88888888888889
26,0.9,False,0,4.0,True,14.010166666666667,17.05678112615845,22.48045555555566,-1.7460093370912426,-1.8900000000000028,-0.9,0.0,13.88888888888889,13.88888888888889,14.010166666666667,23.26253630741595,22.783649999999987,-0.5340254002415841,-0.02000000000000024,-0.9,-0.9,13.88888888888889,13.88888888888889
26,1.0,False,0,4.0,True,14.010166666666667,14.275901500035314,22.448250000000183,-1.7887139835626447,-1.7999999999999998,0.0,0.0,13.88888888888889,13.88888888888889,14.010166666666667,21.56897234518649,22.909105555555552,-0.07925895088092516,0.0,-1.0,-1.0,13.88888888888889,13.88888888888889
26,1.1,False,0,4.0,True,14.010166666666667,16.229043457048416,23.03873888888889,-0.5303807734458506,-0.8200000000000007,-1.1,-1.1,13.88888888888889,13.88888888888889,14.010166666666667,18.82766831492506,23.123633333333327,0.24238262153536683,-0.0499999999999996,-1.1,-1.1,13.88888888888889,13.88888888888889
26,1.2000000000000002,False,0,4.0,True,14.010166666666667,17.10901841563506,23.039027777778056,-1.4896559347994973,-1.7999999999999998,0.0,0.0,13.88888888888889,13.88888888888889,14.010166666666667,22.11863281627974,23.730311111111103,0.49317128881248307,-0.07999999999999963,-1.2000000000000002,-1.2000000000000002,13.88888888888889,13.88888888888889
26,1.3,False,0,4.0,True,14.010166666666667,16.007468643104065,23.20684444444448,-1.5948989983011157,-1.8899999999999997,-1.3,0.0,13.88888888888889,13.88888888888889,14.769166666666667,18.101811815010382,23.400888888888883,0.27472674366868377,-0.09000000000000008,-1.3,-1.3,13.88888888888889,13.88888888888889
26,1.4000000000000001,False,0,4.0,True,14.010166666666667,16.399561586957912,23.375994444444526,-1.8123498743223225,-1.8999999999999986,0.0,0.0,13.88888888888889,13.88888888888889,14.010166666666667,19.56121033447789,23.691316666666665,-0.16959221051818485,-0.08000000000000007,-1.4000000000000001,-1.4000000000000001,13.88888888888889,13.88888888888889
26,1.5,False,0,4.0,True,14.010166666666667,17.26964290223074,22.67595000000018,-1.8293464727663662,-1.7999999999999998,0.0,0.0,13.88888888888889,13.88888888888889,14.769166666666667,23.33077786203889,23.57694444444444,-0.43500086103689295,-0.04999999999999982,-1.5,-1.5,13.88888888888889,13.88888888888889
26,1.6,False,0,4.0,True,14.010166666666667,15.702952366130486,22.988138888888887,-1.1289879529655895,-1.879999999999999,-1.6,-1.6,13.88888888888889,13.88888888888889,14.769166666666667,20.613901594926386,23.57694444444444,0.23362908684355865,-0.1599999999999997,-1.6,-1.6,13.88888888888889,13.88888888888889
26,1.7000000000000002,False,0,4.0,True,14.010166666666667,17.237640648282106,23.227211111111355,-1.501459653665521,-1.8300000000000005,0.0,0.0,13.88888888888889,13.88888888888889,14.010166666666667,22.461044125839695,23.930622222222222,-0.06304889043395434,-0.09999999999999964,-1.7000000000000002,-1.7000000000000002,13.88888888888889,13.88888888888889
27,0.0,False,0,4.0,False,16.666666666666668,2.6330767453366777,-4.211111111111523,1.7993368354050459,1.6,0.0,0.0,13.88888888888889,13.88888888888889,,,,,,,,,
27,0.1,False,0,4.0,True,14.010166666666667,5.33343245955798,9.59168333333346,0.4871523147807473,0.910000000000001,-0.1,-0.1,13.88888888888889,13.88888888888889,10.972990666666664,35.68258016891029,35.658652977778004,-0.21695297452830276,-0.00999999999999579,-0.1,-0.1,13.88888888888889,13.88888888888889
27,0.2,False,0,4.0,True,14.010166666666667,16.965146971590602,18.47952777777782,1.0027738454370931,0.8999999999999999,-0.2,-0.2,13.88888888888889,13.88888888888889,12.491578666666665,21.939775948814226,24.527507800000276,0.23471751673995644,-0.019999999999997353,-0.2,-0.2,13.88888888888889,13.88888888888889
27,0.30000000000000004,False,0,4.0,True,14.010166666666667,16.686498355339975,20.763955555555565,0.739832416869584,0.8500000000000001,-0.30000000000000004,-0.30000000000000004,13.88888888888889,13.88888888888889,13.250872666666666,21.183289729125587,22.61420260000008,-0.14044676370394615,-0.020000000000001572,-0.30000000000000004,-0.30000000000000004,13.88888888888889,13.88888888888889
27,0.4,False,0,4.0,True,14.010166666666667,14.261771091977078,21.601988888888936,0.42615714367089286,0.35999999999999943,-0.4,-0.4,13.88888888888889,13.88888888888889,13.250872666666666,21.945422537516183,22.176203488888977,-0.009006719826139653,-6.661338147750939e-16,-0.4,-0.4,13.88888888888889,13.88888888888889
27,0.5,False,0,4.0,True,14.010166666666667,17.218327322899466,22.102127777777877,-0.43677149096592904,-0.6000000000000001,-0.5,-0.5,13.88888888888889,13.88888888888889,14.010166666666667,22.095285031795786,22.247661111111146,0.1322142154751207,0.0,-0.5,-0.5,13.88888888888889,13.88888888888889
27,0.6000000000000001,False,0,4.0,True,14.010166666666667,16.465737815081834,23.250666666666756,-0.8356606790619239,-0.7400000000000011,-0.6000000000000001,-0.6000000000000001,13.88888888888889,13.88888888888889,14.010166666666667,22.18386004924113,23.396200000000018,-0.5273296843083699,-0.019999999999999574,-0.6000000000000001,-0.6000000000000001,13.88888888888889,13.88888888888889
27,0.7000000000000001,False,0,4.0,True,14.010166666666667,16.49880303012255,22.247661111111118,-0.7229705058799323,-0.6399999999999988,-0.7000000000000001,-0.7000000000000001,13.88888888888889,13.88888888888889,14.769166666666667,20.427464582280788,22.96401111111111,0.40311520599450645,-0.009999999999999343,-0.7000000000000001,-0.7000000000000001,13.88888888888889,13.88888888888889
27,0.8,False,0,4.0,True,14.010166666666667,17.243721924522884,23.170472222222397,-1.7187925656068326,-1.8799999999999994,0.0,0.0,13.88888888888889,13.88888888888889,14.010166666666667,20.3548132322669,23.594944444444444,-0.16488048547226652,-2.220446049250313e-16,-0.8,-0.8,13.88888888888889,13.88888888888889
27,0.9,False,0,4.0,True,14.010166666666667,16.16658794722139,23.337127777777855,-0.14720222537657612,-1.5499999999999976,-0.9,-0.9,13.88888888888889,13.88888888888889,14.010166666666667,20.82493608548195,23.543299999999988,0.18727426338516207,-0.02000000000000024,-0.9,-0.9,13.88888888888889,13.88888888888889
27,1.0,False,0,4.0,True,14.010166666666667,15.900233322104935,23.10165000000053,-1.4081587119267418,-1.7999999999999998,0.0,0.0,13.88888888888889,13.88888888888889,14.010166666666667,24.7885681989677,24.326555555555554,-0.12215074888402233,0.0,-1.0,-1.0,13.88888888888889,13.88888888888889
27,1.1,False,0,4.0,True,14.010166666666667,17.100033164142797,23.268422222222494,-1.5841109876201218,-1.8799999999999981,0.0,0.0,13.88888888888889,13.88888888888889,14.769166666666667,19.68866061553378,23.971833333333326,-0.07794739118428806,-0.0499999999999996,-1.1,-1.1,13.88888888888889,13.88888888888889
27,1.2000000000000002,False,0,4.0,True,14.010166666666667,17.29901171959013,24.241661111111117,-0.6881171395478751,-1.1599999999999988,-1.2000000000000002,-1.2000000000000002,13.88888888888889,13.88888888888889,14.769166666666667,24.15393359679213,24.5026111111111,0.09186680788996604,-0.07999999999999963,-1.2000000000000002,-1.2000000000000002,13.88888888888889,13.88888888888889
27,1.3,False,0,4.0,True,14.010166666666667,17.07234526591905,22.305338888889263,-1.6103132409096055,-1.8899999999999997,0.0,0.0,13.88888888888889,13.88888888888889,15.401666666666667,17.99531066449903,23.970788888888883,0.20871363267135212,-0.09000000000000008,-1.3,-1.3,13.88888888888889,13.88888888888889
27,1.4000000000000001,False,0,4.0,True,14.010166666666667,16.614856086923293,22.169961111111387,-1.892047737948833,-1.8999999999999986,0.0,0.0,13.88888888888889,13.88888888888889,15.401666666666667,18.272376575320976,24.172666666666665,0.3619577975744286,-0.08000000000000007,-1.4000000000000001,-1.4000000000000001,13.88888888888889,13.88888888888889
27,1.5,False,0,4.0,True,14.010166666666667,16.742348406332905,22.28479444444373,-1.7822969534142756,-1.7999999999999998,0.0,0.0,13.88888888888889,13.88888888888889,14.769166666666667,18.42671954203961,24.57694444444444,0.20700917475695135,-0.04999999999999982,-1.5,-1.5,13.88888888888889,13.88888888888889
27,1.6,False,0,4.0,True,14.010166666666667,16.063590525084148,23.322155555555863,-1.7977934672213067,-1.879999999999999,0.0,0.0,13.88888888888889,13.88888888888889,15.401666666666667,19.95645030542003,24.45044444444444,0.49262847553372247,-0.1599999999999997,-1.6,-1.6,13.88888888888889,13.88888888888889
27,1.7000000000000002,False,0,4.0,True,14.010166666666667,15.851316146171353,23.391672222222592,-1.715983360043345,-1.8300000000000005,0.0,0.0,13.88888888888889,13.88888888888889,15.401666666666667,19.435958113330322,24.60172222222222,0.8541895889176176,-0.09999999999999964,-1.7000000000000002,-1.7000000000000002,13.88888888888889,13.88888888888889
28,0.0,False,0,4.0,True,16.666666666666668,-3.808205281151845,-4.222222222221791,1.543160852762436,1.6,0.0,0.0,13.88888888888889,13.88888888888889,,,,,,,,,
28,0.1,False,0,4.0,True,14.010166666666667,8.053469273709904,9.302427777777805,0.7902882819994939,0.890000000000001,-0.1,-0.1,13.88888888888889,13.88888888888889,10.213696666666664,36.97064802132941,41.316146177778435,-0.34278943680189156,-0.00999999999999579,-0.1,-0.1,13.88888888888889,13.88888888888889
28,0.2,False,0,4.0,True,14.010166666666667,17.2455092895198,20.047211111111135,1.094011220337256,0.9599999999999995,-0.2,-0.2,13.88888888888889,13.88888888888889,13.250872666666666,23.218982867386497,23.173490599999976,0.385978426586715,-0.019999999999997353,-0.2,-0.2,13.88888888888889,13.88888888888889
28,0.30000000000000004,False,0,4.0,True,14.010166666666667,16.614457034650552,20.931144444444467,0.38103736556360834,0.73,-0.30000000000000004,-0.30000000000000004,13.88888888888889,13.88888888888889,12.491578666666665,22.10378769901558,23.741055400000146,-0.11430494606580233,-0.020000000000001572,-0.30000000000000004,-0.30000000000000004,13.88888888888889,13.88888888888889
28,0.4,False,0,4.0,True,14.010166666666667,17.118948116109276,22.803866666666718,0.47838190776022627,0.39999999999999947,-0.4,-0.4,13.88888888888889,13.88888888888889,13.250872666666666,18.970062156351357,23.44188288888898,-0.039204453726731314,-6.661338147750939e-16,-0.4,-0.4,13.88888888888889,13.88888888888889
28,0.5,False,0,4.0,True,14.010166666666667,13.955734970463862,23.71623333333339,0.178186352992177,-0.04999999999999982,-0.5,-0.5,13.88888888888889,13.88888888888889,14.010166666666667,20.929407713252086,23.728361111111166,0.3324153237534526,0.0,-0.5,-0.5,13.88888888888889,13.88888888888889
28,0.6000000000000001,False,0,4.0,True,14.010166666666667,17.23485480086715,23.03707777777812,-1.5472869688449595,-1.8599999999999959,0.0,0.0,13.88888888888889,13.88888888888889,14.010166666666667,22.44540688866667,23.78900000000002,0.1399247496860041,-0.019999999999999574,-0.6000000000000001,-0.6000000000000001,13.88888888888889,13.88888888888889
28,0.7000000000000001,False,0,4.0,True,14.010166666666667,17.11695140611138,22.933383333333506,-1.5466117711232548,-1.899999999999999,0.0,0.0,13.88888888888889,13.88888888888889,14.769166666666667,22.298851698348518,23.761611111111097,0.3218976551790482,-0.009999999999999343,-0.7000000000000001,-0.7000000000000001,13.88888888888889,13.88888888888889
28,0.8,False,0,4.0,True,14.010166666666667,17.11844789592568,22.845238888889224,-1.5817187202409402,-1.8799999999999994,0.0,0.0,13.88888888888889,13.88888888888889,14.769166666666667,23.84624531257897,23.70944444444444,0.023159373883332224,-2.220446049250313e-16,-0.8,-0.8,13.88888888888889,13.88888888888889
28,0.9,False,0,4.0,True,14.010166666666667,15.90350119139482,22.587944444444826,-1.323109119258816,-1.8900000000000028,0.0,0.0,13.88888888888889,13.88888888888889,14.769166666666667,21.5173587674976,24.201749999999993,0.21075207710379917,-0.02000000000000024,-0.9,-0.9,13.88888888888889,13.88888888888889
28,1.0,False,0,4.0,True,14.010166666666667,17.039555915036384,23.69406666666674,-1.7645659444186867,-1.7999999999999998,-1.0,0.0,13.88888888888889,13.88888888888889,14.769166666666667,20.185080310971692,24.504305555555547,0.29217739514710805,0.0,-1.0,-1.0,13.88888888888889,13.88888888888889
28,1.1,False,0,4.0,True,14.010166666666667,17.301733424593383,24.25809444444447,-1.229237272849227,-1.5900000000000016,-1.1,-1.1,13.88888888888889,13.88888888888889,14.769166666666667,23.08414862613393,25.03508333333332,-0.16940524845680138,-0.0499999999999996,-1.1,-1.1,13.88888888888889,13.88888888888889
28,1.2000000000000002,False,0,4.0,True,14.010166666666667,17.28193068814552,23.17634444444469,-1.3250102828580488,-1.7999999999999998,0.0,0.0,13.88888888888889,13.88888888888889,15.907666666666668,24.583648692289927,24.38941111111111,-0.33495318764477044,-0.07999999999999963,-1.2000000000000002,-1.2000000000000002,13.88888888888889,13.88888888888889
28,1.3,False,0,4.0,True,14.010166666666667,16.60675055664863,23.712461111111264,-1.495643032071258,-1.8899999999999997,0.0,0.0,13.88888888888889,13.88888888888889,15.907666666666668,23.89208638681261,24.51538888888889,-0.7252875093661881,-0.09000000000000008,-1.3,-1.3,13.88888888888889,13.88888888888889
28,1.4000000000000001,False,0,4.0,True,14.010166666666667,15.959509024145593,23.90337222222224,-1.3859872082519735,-1.8999999999999986,-1.4000000000000001,0.0,13.88888888888889,13.88888888888889,15.401666666666667,25.18298501365177,24.91966666666666,0.025618248135584665,-0.08000000000000007,-1.4000000000000001,-1.4000000000000001,13.88888888888889,13.88888888888889
28,1.5,False,0,4.0,True,14.010166666666667,16.725604026349412,23.520911111111513,-1.6155792595487528,-1.7999999999999998,0.0,0.0,13.88888888888889,13.88888888888889,15.401666666666667,23.33466847614442,25.19744444444444,0.1525486746816358,-0.04999999999999982,-1.5,-1.5,13.88888888888889,13.88888888888889
28,1.6,False,0,4.0,True,14.010166666666667,16.11751968309856,22.786688888889255,-1.6873514583686116,-1.879999999999999,0.0,0.0,13.88888888888889,13.88888888888889,15.907666666666668,22.00743151356437,25.070944444444443,-0.01518613590755069,-0.1599999999999997,-1.6,-1.6,13.88888888888889,13.88888888888889
28,1.7000000000000002,False,0,4.0,True,14.010166666666667,17.02470747502819,22.974872222222512,-1.5825635617804312,-1.8300000000000005,0.0,0.0,13.88888888888889,13.88888888888889,14.769166666666667,26.038102204239884,25.854722222222215,-0.3204937600876985,-0.09999999999999964,-1.7000000000000002,-1.7000000000000002,13.88888888888889,13.88888888888889
29,0.0,False,0,4.0,True,16.666666666666668,0.23790828825276567,-4.26666666666718,1.6518392835201015,1.6,0.0,0.0,13.88888888888889,13.88888888888889,,,,,,,,,
29,0.1,False,0,4.0,True,14.010166666666667,9.461211008616,10.985005555555656,0.8026030862113172,0.9000000000000008,-0.1,-0.1,13.88888888888889,13.88888888888889,10.972990666666664,35.54302235092722,36.76038537777795,0.11927677239767709,-0.00999999999999579,-0.1,-0.1,13.88888888888889,13.88888888888889
29,0.2,False,0,4.0,True,14.010166666666667,15.182701568273611,19.21818333333341,0.33445563936510503,0.7599999999999998,-0.2,-0.2,13.88888888888889,13.88888888888889,12.491578666666665,21.34260174915593,24.439905000000234,0.6559397375883744,-0.019999999999997353,-0.2,-0.2,13.88888888888889,13.88888888888889
29,0.30000000000000004,False,0,4.0,True,14.010166666666667,16.683157415589033,22.551516666666696,0.7414859318505043,0.7000000000000002,-0.30000000000000004,-0.30000000000000004,13.88888888888889,13.88888888888889,13.250872666666666,18.48796928045355,24.082755600000066,0.06787866708989121,-0.020000000000001572,-0.30000000000000004,-0.30000000000000004,13.88888888888889,13.88888888888889
29,0.4,False,0,4.0,True,14.010166666666667,14.922925898092021,22.11398888888893,0.22826745449789065,-6.661338147750939e-16,-0.4,-0.4,13.88888888888889,13.88888888888889,14.010166666666667,14.922925898092021,22.11398888888893,0.22826745449789065,-6.661338147750939e-16,-0.4,-0.4,13.88888888888889,13.88888888888889
29,0.5,False,0,4.0,True,14.010166666666667,16.6215948285812,23.707366666666747,-0.15748265675860473,-0.34999999999999987,-0.5,-0.5,13.88888888888889,13.88888888888889,14.010166666666667,23.827520255461796,23.792261111111163,0.15688575623497725,0.0,-0.5,-0.5,13.88888888888889,13.88888888888889
29,0.6000000000000001,False,0,4.0,True,14.010166666666667,16.897227310015833,23.431038888889102,-1.2795223251684926,-1.8599999999999959,0.0,0.0,13.88888888888889,13.88888888888889,14.769166666666667,20.07132846669626,24.143850000000004,0.3983276251393697,-0.019999999999999574,-0.6000000000000001,-0.6000000000000001,13.88888888888889,13.88888888888889
29,0.7000000000000001,False,0,4.0,True,14.010166666666667,16.50788387284555,23.45268333333352,-1.5389137221232931,-1.899999999999999,0.0,0.0,13.88888888888889,13.88888888888889,14.769166666666667,22.467888387560397,24.0532111111111,-0.2838044613469519,-0.009999999999999343,-0.7000000000000001,-0.7000000000000001,13.88888888888889,13.88888888888889
29,0.8,False,0,4.0,True,14.010166666666667,14.30949974728517,23.89375000000032,-1.7577426139839232,-1.8799999999999994,0.0,0.0,13.88888888888889,13.88888888888889,14.769166666666667,18.367848793440157,24.633544444444443,-0.2174562529175863,-2.220446049250313e-16,-0.8,-0.8,13.88888888888889,13.88888888888889
29,0.9,False,0,4.0,True,14.010166666666667,16.893182708278022,24.57969444444453,-1.1741449363919947,-1.8199999999999972,-0.9,-0.9,13.88888888888889,13.88888888888889,14.769166666666667,18.473034654335994,24.822249999999993,0.5907200576416827,-0.02000000000000024,-0.9,-0.9,13.88888888888889,13.88888888888889
29,1.0,False,0,4.0,True,14.010166666666667,17.259922463724802,23.171538888889284,-1.873687390652408,-1.7999999999999998,0.0,0.0,13.88888888888889,13.88888888888889,15.401666666666667,20.779546484375025,25.06155555555555,0.6203184483793964,0.0,-1.0,-1.0,13.88888888888889,13.88888888888889
29,1.1,False,0,4.0,True,14.010166666666667,17.294094704772046,23.03105555555565,-1.8520109379759067,-1.8799999999999981,0.0,0.0,13.88888888888889,13.88888888888889,15.401666666666667,25.386022420877705,25.339333333333325,0.12198181355215842,-0.0499999999999996,-1.1,-1.1,13.88888888888889,13.88888888888889
29,1.2000000000000002,False,0,4.0,True,14.010166666666667,17.14202348246135,23.769455555555748,-1.7722368693844694,-1.7999999999999998,0.0,0.0,13.88888888888889,13.88888888888889,15.907666666666668,20.92217747549377,25.237611111111107,-0.038861667786969756,-0.07999999999999963,-1.2000000000000002,-1.2000000000000002,13.88888888888889,13.88888888888889
29,1.3,False,0,4.0,True,14.010166666666667,16.85184976887724,22.820705555555758,-1.8958142392929314,-1.8899999999999997,0.0,0.0,13.88888888888889,13.88888888888889,16.287166666666668,24.249456418358868,25.47743888888889,-0.07062329283679936,-0.09000000000000008,-1.3,-1.3,13.88888888888889,13.88888888888889
29,1.4000000000000001,False,0,4.0,True,14.010166666666667,16.061736582427454,23.289216666666686,-1.324916457324714,-1.8999999999999986,0.0,0.0,13.88888888888889,13.88888888888889,15.907666666666668,22.432052362961095,25.86906666666666,0.4149769690249001,-0.08000000000000007,-1.4000000000000001,-1.4000000000000001,13.88888888888889,13.88888888888889
29,1.5,False,0,4.0,True,14.010166666666667,16.190775326531476,22.68585000000004,-1.6364671835281765,-1.7999999999999998,0.0,0.0,13.88888888888889,13.88888888888889,16.666666666666668,22.63342765305925,25.944444444444443,-0.019542914402740585,-0.04999999999999982,-1.5,-1.5,13.88888888888889,13.88888888888889
29,1.6,False,0,4.0,True,14.010166666666667,15.92600554400219,23.69059444444498,-1.8930583006487873,-1.879999999999999,0.0,0.0,13.88888888888889,13.88888888888889,15.907666666666668,18.94183693838601,26.14684444444444,1.1551354002394123,-0.1599999999999997,-1.6,-1.6,13.88888888888889,13.88888888888889
29,1.7000000000000002,False,0,4.0,True,14.010166666666667,17.05113521177648,23.257711111111202,-1.8687519446725132,-1.8300000000000005,0.0,0.0,13.88888888888889,13.88888888888889,16.666666666666668,24.71708927681804,26.222222222222218,0.2208969579353699,-0.09999999999999964,-1.7000000000000002,-1.7000000000000002,13.88888888888889,13.88888888888889
30,0.0,False,0,4.0,False,16.666666666666668,-2.886141390718154,-4.1666666666661625,1.5804407477640194,1.6,0.0,0.0,13.88888888888889,13.88888888888889,,,,,,,,,
30,0.1,False,0,4.0,True,14.010166666666667,11.492534036345486,14.32003333333341,0.6518232854083785,1.0000000000000004,-0.1,-0.1,13.88888888888889,13.88888888888889,11.732284666666665,29.834307217042277,35.57023017777736,0.07347655905925898,-0.00999999999999579,-0.1,-0.1,13.88888888888889,13.88888888888889
30,0.2,False,0,4.0,True,14.010166666666667,15.851405356499694,21.310261111111227,0.8558054288430967,0.6000000000000005,-0.2,-0.2,13.88888888888889,13.88888888888889,13.250872666666666,20.629204348962755,23.288111400000044,0.38001660862392983,-0.019999999999997353,-0.2,-0.2,13.88888888888889,13.88888888888889
30,0.30000000000000004,False,0,4.0,True,14.010166666666667,15.74583554844747,22.75497222222236,0.2151068035895931,-0.0500000000000016,-0.30000000000000004,-0.30000000000000004,13.88888888888889,13.88888888888889,14.010166666666667,21.57149488373825,22.767100000000138,0.24088182911183775,-0.020000000000001572,-0.30000000000000004,-0.30000000000000004,13.88888888888889,13.88888888888889
30,0.4,False,0,4.0,True,14.010166666666667,16.326631923618802,23.69797777777786,0.034625326826810854,-0.16000000000000014,-0.4,-0.4,13.88888888888889,13.88888888888889,14.010166666666667,20.962534760735995,23.746488888888965,-0.3615753730681244,-6.661338147750939e-16,-0.4,-0.4,13.88888888888889,13.88888888888889
30,0.5,False,0,4.0,True,14.010166666666667,16.031214890773622,23.47892222222266,-1.3070579251182024,-1.85,0.0,0.0,13.88888888888889,13.88888888888889,14.010166666666667,20.158097440903138,24.41276111111114,0.16345053311068458,0.0,-0.5,-0.5,13.88888888888889,13.88888888888889
30,0.6000000000000001,False,0,4.0,True,14.010166666666667,17.118418759893512,23.15118333333363,-1.7172667471016922,-1.8599999999999959,0.0,0.0,13.88888888888889,13.88888888888889,14.769166666666667,24.189692653974316,24.71375,0.628453725063451,-0.019999999999999574,-0.6000000000000001,-0.6000000000000001,13.88888888888889,13.88888888888889
30,0.7000000000000001,False,0,4.0,True,14.010166666666667,16.12130807513014,23.244144444444512,-1.4865107986016177,-1.6899999999999982,-0.7000000000000001,-0.7000000000000001,13.88888888888889,13.88888888888889,15.401666666666667,20.305193663834107,24.74961111111111,0.35630025348181693,-0.009999999999999343,-0.7000000000000001,-0.7000000000000001,13.88888888888889,13.88888888888889
30,0.8,False,0,4.0,True,14.010166666666667,17.26136931793577,24.53015000000023,-1.5746703752993072,-1.8799999999999994,0.0,0.0,13.88888888888889,13.88888888888889,14.769166666666667,18.135329183296147,25.051644444444438,0.554735877276499,-2.220446049250313e-16,-0.8,-0.8,13.88888888888889,13.88888888888889
30,0.9,False,0,4.0,True,14.010166666666667,17.044669301360113,22.70245555555608,-1.3823214166417057,-1.8900000000000028,0.0,0.0,13.88888888888889,13.88888888888889,15.907666666666668,23.566735247165553,25.278299999999994,0.07319732431434867,-0.02000000000000024,-0.9,-0.9,13.88888888888889,13.88888888888889
30,1.0,False,0,4.0,True,14.010166666666667,15.56950428654601,23.846122222222238,-1.6751163513881033,-1.7999999999999998,-1.0,0.0,13.88888888888889,13.88888888888889,15.907666666666668,23.249190086281374,25.68205555555555,0.08601163563383385,0.0,-1.0,-1.0,13.88888888888889,13.88888888888889
30,1.1,False,0,4.0,True,14.010166666666667,16.57058751881272,23.46871111111115,-1.794092276910501,-1.8799999999999981,0.0,0.0,13.88888888888889,13.88888888888889,16.287166666666668,22.853916275884252,25.883933333333324,0.23378535749740292,-0.0499999999999996,-1.1,-1.1,13.88888888888889,13.88888888888889
30,1.2000000000000002,False,0,4.0,True,14.010166666666667,15.583246740766025,24.116994444444554,-1.7740168489887067,-1.7999999999999998,0.0,0.0,13.88888888888889,13.88888888888889,16.540166666666668,23.7968376007282,26.123761111111104,0.07420476402568021,-0.07999999999999963,-1.2000000000000002,-1.2000000000000002,13.88888888888889,13.88888888888889
30,1.3,False,0,4.0,True,14.010166666666667,14.193754095166536,22.904044444444633,-1.6357554760158923,-1.8899999999999997,0.0,0.0,13.88888888888889,13.88888888888889,16.287166666666668,26.33200257306185,26.43948888888889,-0.6875329207867553,-0.09000000000000008,-1.3,-1.3,13.88888888888889,13.88888888888889
30,1.4000000000000001,False,0,4.0,True,14.010166666666667,16.995291449958383,25.295650000000034,-1.2979380887753633,-1.8999999999999986,-1.4000000000000001,0.0,13.88888888888889,13.88888888888889,16.540166666666668,23.515975749777287,26.67931666666666,0.41884598918337757,-0.08000000000000007,-1.4000000000000001,-1.4000000000000001,13.88888888888889,13.88888888888889
30,1.5,False,0,4.0,True,14.010166666666667,15.379992357727286,23.633683333333376,-1.6814048100704184,-1.7999999999999998,0.0,0.0,13.88888888888889,13.88888888888889,16.666666666666668,24.181886345919388,26.944444444444443,0.3410392901550421,-0.04999999999999982,-1.5,-1.5,13.88888888888889,13.88888888888889
30,1.6,False,0,4.0,True,14.010166666666667,16.868295589219695,23.88825000000008,-1.5920523885269895,-1.879999999999999,0.0,0.0,13.88888888888889,13.88888888888889,16.666666666666668,24.140530147285737,26.944444444444443,0.07875607825961017,-0.1599999999999997,-1.6,-1.6,13.88888888888889,13.88888888888889
30,1.7000000000000002,False,0,4.0,True,14.010166666666667,17.073039958517054,23.834400000000198,-1.7867365441149816,-1.8300000000000005,0.0,0.0,13.88888888888889,13.88888888888889,16.666666666666668,27.255311097348464,27.222222222222218,-0.019143067240559697,-0.09999999999999964,-1.7000000000000002,-1.7000000000000002,13.88888888888889,13.88888888888889
31,0.0,False,0,4.0,False,16.666666666666668,-2.880839326722696,-4.2777777777771915,2.0039152951437713,1.6,0.0,0.0,13.88888888888889,13.88888888888889,,,,,,,,,
31,0.1,False,0,4.0,True,14.010166666666667,14.847347281849206,17.353550000000123,1.0006900732405661,1.0600000000000005,-0.1,-0.1,13.88888888888889,13.88888888888889,12.491578666666665,28.149684239714627,31.165828377776943,0.2692415282063343,-0.00999999999999579,-0.1,-0.1,13.88888888888889,13.88888888888889
31,0.2,False,0,4.0,True,14.010166666666667,16.558676552807608,20.93883888888895,0.9152072694689877,0.7999999999999998,-0.2,-0.2,13.88888888888889,13.88888888888889,13.250872666666666,23.039405331367345,23.55470539999997,-0.1695146171670503,-0.019999999999997353,-0.2,-0.2,13.88888888888889,13.88888888888889
31,0.30000000000000004,False,0,4.0,True,14.010166666666667,15.904124372518591,22.95645555555569,0.15514519747127187,0.03999999999999848,-0.30000000000000004,-0.30000000000000004,13.88888888888889,13.88888888888889,13.250872666666666,22.43017611233969,23.084058800000133,-0.20094348394235584,-0.020000000000001572,-0.30000000000000004,-0.30000000000000004,13.88888888888889,13.88888888888889
31,0.4,False,0,4.0,True,14.010166666666667,15.731589383651407,22.94566111111153,-1.8578704625525349,-1.880000000000006,0.0,0.0,13.88888888888889,13.88888888888889,14.010166666666667,23.565336478788534,23.72183888888895,-0.4016448306419067,-6.661338147750939e-16,-0.4,-0.4,13.88888888888889,13.88888888888889
31,0.5,False,0,4.0,True,14.010166666666667,17.06659157976804,23.540327777778057,-1.7583980404776525,-1.85,0.0,0.0,13.88888888888889,13.88888888888889,14.010166666666667,20.02414712271248,24.12246111111114,0.25694169809043155,0.0,-0.5,-0.5,13.88888888888889,13.88888888888889
31,0.6000000000000001,False,0,4.0,True,14.010166666666667,15.705532408919463,23.026377777778077,-1.6702714349104835,-1.8599999999999959,0.0,0.0,13.88888888888889,13.88888888888889,14.769166666666667,23.392691627021268,24.84090000000001,-0.3266090786993523,-0.019999999999999574,-0.6000000000000001,-0.6000000000000001,13.88888888888889,13.88888888888889
31,0.7000000000000001,False,0,4.0,True,14.010166666666667,14.399598083187893,22.367650000000108,-1.8348251195246628,-1.899999999999999,0.0,0.0,13.88888888888889,13.88888888888889,15.401666666666667,20.60757047022315,24.9020611111111,-0.19122203535993387,-0.009999999999999343,-0.7000000000000001,-0.7000000000000001,13.88888888888889,13.88888888888889
31,0.8,False,0,4.0,True,14.010166666666667,17.12124637241855,23.90404444444466,-1.78065221182163,-1.8799999999999994,0.0,0.0,13.88888888888889,13.88888888888889,15.401666666666667,24.118232943944474,25.83659444444444,-0.1297576019687352,-2.220446049250313e-16,-0.8,-0.8,13.88888888888889,13.88888888888889
31,0.9,False,0,4.0,True,14.010166666666667,16.930748170264348,23.69590000000016,-1.6542292400833254,-1.8900000000000028,0.0,0.0,13.88888888888889,13.88888888888889,16.540166666666668,25.848034953978104,26.01264999999999,0.15067554618085488,-0.02000000000000024,-0.9,-0.9,13.88888888888889,13.88888888888889
31,1.0,False,0,4.0,True,14.010166666666667,16.76365797190844,23.46013333333364,-1.474524240908336,-1.7999999999999998,0.0,0.0,13.88888888888889,13.88888888888889,16.540166666666668,23.852151741846765,26.568205555555547,0.38444382050777026,0.0,-1.0,-1.0,13.88888888888889,13.88888888888889
31,1.1,False,0,4.0,True,14.010166666666667,16.765990286580784,24.023116666666976,-1.7621235107145075,-1.8799999999999981,0.0,0.0,13.88888888888889,13.88888888888889,16.287166666666668,26.955663761820205,26.883933333333324,-0.15287764253155656,-0.0499999999999996,-1.1,-1.1,13.88888888888889,13.88888888888889
31,1.2000000000000002,False,0,4.0,True,14.010166666666667,16.49637555151504,23.5796111111117,-1.882067369899792,-1.7999999999999998,0.0,0.0,13.88888888888889,13.88888888888889,16.666666666666668,23.804180058626226,27.111111111111104,0.06533072157921893,-0.07999999999999963,-1.2000000000000002,-1.2000000000000002,13.88888888888889,13.88888888888889
31,1.3,False,0,4.0,True,14.010166666666667,16.863267846739713,23.548916666666738,-1.8492877271433037,-1.8899999999999997,0.0,0.0,13.88888888888889,13.88888888888889,16.666666666666668,27.468863093826883,27.388888888888886,0.4784503689356767,-0.09000000000000008,-1.3,-1.3,13.88888888888889,13.88888888888889
31,1.4000000000000001,False,0,4.0,True,14.010166666666667,16.013227973576203,23.983483333333776,-1.8494377995531832,-1.8999999999999986,0.0,0.0,13.88888888888889,13.88888888888889,16.666666666666668,24.912572450912744,27.66666666666666,-0.446834549215561,-0.08000000000000007,-1.4000000000000001,-1.4000000000000001,13.88888888888889,13.88888888888889
31,1.5,False,0,4.0,True,14.010166666666667,16.096661934777682,22.07704444444313,-1.891944967190523,-1.7999999999999998,0.0,0.0,13.88888888888889,13.88888888888889,16.666666666666668,26.782041137784617,27.94444444444444,0.10080435265932852,-0.04999999999999982,-1.5,-1.5,13.88888888888889,13.88888888888889
31,1.6,False,0,4.0,True,14.010166666666667,14.732115575109031,22.981522222222605,-1.3090504700939993,-1.879999999999999,0.0,0.0,13.88888888888889,13.88888888888889,16.666666666666668,24.22853389852763,27.94444444444444,-0.13745038815537125,-0.1599999999999997,-1.6,-1.6,13.88888888888889,13.88888888888889
31,1.7000000000000002,False,0,4.0,True,14.010166666666667,16.34651333764226,23.56000000000007,-1.6022328126770582,-1.8300000000000005,0.0,0.0,13.88888888888889,13.88888888888889,16.666666666666668,24.086432327875148,28.222222222222218,0.27628064485957227,-0.09999999999999964,-1.7000000000000002,-1.7000000000000002,13.88888888888889,13.88888888888889
32,0.0,False,0,4.0,True,16.666666666666668,-1.4018631319582537,-4.211111111111722,1.3772478741797647,1.6,0.0,0.0,13.88888888888889,13.88888888888889,,,,,,,,,
32,0.1,False,0,4.0,True,14.010166666666667,8.016729605688209,13.580205555555633,0.974008907748869,0.9000000000000008,-0.1,-0.1,13.88888888888889,13.88888888888889,10.972990666666664,36.183719133393524,38.596291377777945,-0.29953139870457424,-0.00999999999999579,-0.1,-0.1,13.88888888888889,13.88888888888889
32,0.2,False,0,4.0,True,14.010166666666667,16.445655415346476,22.787433333333407,0.304791310297289,0.7599999999999998,-0.2,-0.2,13.88888888888889,13.88888888888889,13.250872666666666,19.767319068830272,25.275696599999986,0.2985379772003638,-0.019999999999997353,-0.2,-0.2,13.88888888888889,13.88888888888889
32,0.30000000000000004,False,0,4.0,True,14.010166666666667,12.71847189366542,23.359177777777997,-0.6101875103548062,-0.5300000000000029,-0.30000000000000004,-0.30000000000000004,13.88888888888889,13.88888888888889,14.010166666666667,20.992190026465376,23.565350000000148,0.20394842455322282,-0.020000000000001572,-0.30000000000000004,-0.30000000000000004,13.88888888888889,13.88888888888889
32,0.4,False,0,4.0,True,14.010166666666667,16.790616607174467,22.223866666666833,-1.7543870723260622,-1.880000000000006,0.0,0.0,13.88888888888889,13.88888888888889,14.010166666666667,22.367342767440665,23.848988888888943,0.20705428085092947,-6.661338147750939e-16,-0.4,-0.4,13.88888888888889,13.88888888888889
32,0.5,False,0,4.0,True,14.010166666666667,17.190234478339388,25.223138888888922,0.21867988141667283,0.050000000000000044,-0.5,-0.5,13.88888888888889,13.88888888888889,13.250872666666666,24.854510142222512,25.286940511111144,0.25351913259763403,0.0,-0.5,-0.5,13.88888888888889,13.88888888888889
32,0.6000000000000001,False,0,4.0,True,14.010166666666667,15.76937811990457,23.255888888889057,-1.402371984602017,-1.8599999999999959,0.0,0.0,13.88888888888889,13.88888888888889,15.401666666666667,23.90382389635631,25.157800000000005,0.5721469066367497,-0.019999999999999574,-0.6000000000000001,-0.6000000000000001,13.88888888888889,13.88888888888889
32,0.7000000000000001,False,0,4.0,True,14.010166666666667,17.30104133923815,24.836733333333395,-0.9671465682091516,-1.339999999999998,-0.7000000000000001,-0.7000000000000001,13.88888888888889,13.88888888888889,15.907666666666668,24.428751603375833,25.77556111111109,-0.45757686090074356,-0.009999999999999343,-0.7000000000000001,-0.7000000000000001,13.88888888888889,13.88888888888889
32,0.8,False,0,4.0,True,14.010166666666667,16.94182453290004,25.079694444444566,-1.4178321233259146,-1.8799999999999994,-0.8,0.0,13.88888888888889,13.88888888888889,16.540166666666668,25.363116775901748,26.45709444444444,0.5232820650270069,-2.220446049250313e-16,-0.8,-0.8,13.88888888888889,13.88888888888889
32,0.9,False,0,4.0,True,14.010166666666667,16.27584974255701,23.54306666666694,-1.244305939830264,-1.8900000000000028,0.0,0.0,13.88888888888889,13.88888888888889,16.666666666666668,26.78766722718908,26.99999999999999,0.01273484347602305,-0.02000000000000024,-0.9,-0.9,13.88888888888889,13.88888888888889
32,1.0,False,0,4.0,True,14.010166666666667,15.793084437636605,23.91432777777781,-1.6433145769105817,-1.7999999999999998,0.0,0.0,13.88888888888889,13.88888888888889,16.666666666666668,24.920719992305184,27.555555555555546,-0.1584508292322795,0.0,-1.0,-1.0,13.88888888888889,13.88888888888889
32,1.1,False,0,4.0,True,14.010166666666667,17.009896067141067,24.449805555555667,-1.835985844294657,-1.8799999999999981,0.0,0.0,13.88888888888889,13.88888888888889,16.666666666666668,27.888526743213955,27.833333333333325,-0.22956769691653767,-0.0499999999999996,-1.1,-1.1,13.88888888888889,13.88888888888889
32,1.2000000000000002,False,0,4.0,True,14.010166666666667,16.936907430208695,25.2879555555556,-1.7202970400657303,-1.7999999999999998,-1.2000000000000002,0.0,13.88888888888889,13.88888888888889,16.666666666666668,26.640117516020904,28.111111111111104,0.35967455800522297,-0.07999999999999963,-1.2000000000000002,-1.2000000000000002,13.88888888888889,13.88888888888889
32,1.3,False,0,4.0,True,14.010166666666667,15.772875321952409,24.03229444444467,-1.632453538852785,-1.8899999999999997,0.0,0.0,13.88888888888889,13.88888888888889,16.666666666666668,25.046775061060032,28.388888888888882,-0.23606069120598416,-0.09000000000000008,-1.3,-1.3,13.88888888888889,13.88888888888889
32,1.4000000000000001,False,0,4.0,True,14.010166666666667,16.598847239164453,23.816144444444657,-1.6252245505457772,-1.8999999999999986,0.0,0.0,13.88888888888889,13.88888888888889,16.666666666666668,27.506329630133326,28.66666666666666,-0.11309954300426517,-0.08000000000000007,-1.4000000000000001,-1.4000000000000001,13.88888888888889,13.88888888888889
32,1.5,False,0,4.0,True,14.010166666666667,16.78041086241016,23.815155555555844,-1.797093281717908,-1.7999999999999998,0.0,0.0,13.88888888888889,13.88888888888889,16.666666666666668,24.076152335276646,28.94444444444444,0.29737069280471173,-0.04999999999999982,-1.5,-1.5,13.88888888888889,13.88888888888889
32,1.6,False,0,4.0,True,14.010166666666667,15.637107615396953,24.975883333333396,-1.7552130960087924,-1.879999999999999,0.0,0.0,13.88888888888889,13.88888888888889,16.666666666666668,25.95989492627166,28.94444444444444,0.2021911635235525,-0.1599999999999997,-1.6,-1.6,13.88888888888889,13.88888888888889
32,1.7000000000000002,False,0,4.0,True,14.010166666666667,13.789857661700164,23.737111111111314,-1.5471054288566954,-1.8300000000000005,0.0,0.0,13.88888888888889,13.88888888888889,16.666666666666668,29.192682839202373,29.222222222222218,-0.15110187787580998,-0.09999999999999964,-1.7000000000000002,-1.7000000000000002,13.88888888888889,13.88888888888889
33,0.0,False,0,4.0,True,16.666666666666668,-2.9147949681227088,-4.222222222221563,1.49913978128567,1.6,0.0,0.0,13.88888888888889,13.88888888888889,,,,,,,,,
33,0.1,False,0,4.0,True,14.010166666666667,13.050844926779998,15.477311111111188,0.6121139260055313,0.9200000000000008,-0.1,-0.1,13.88888888888889,13.88888888888889,11.732284666666665,33.64399858713507,34.850365777777384,-0.24408643922207074,-0.00999999999999579,-0.1,-0.1,13.88888888888889,13.88888888888889
33,0.2,False,0,4.0,True,14.010166666666667,16.865866473149904,22.60668888888905,0.7735255823126104,0.44000000000000083,-0.2,-0.2,13.88888888888889,13.88888888888889,13.250872666666666,23.922396947021323,24.074126200000105,-0.14739471032050067,-0.019999999999997353,-0.2,-0.2,13.88888888888889,13.88888888888889
33,0.30000000000000004,False,0,4.0,True,14.010166666666667,17.301382442750334,24.101594444444483,0.058659122738557334,0.4599999999999995,-0.30000000000000004,-0.30000000000000004,13.88888888888889,13.88888888888889,13.250872666666666,23.028546259148808,25.122420400000035,0.32134461690885274,-0.020000000000001572,-0.30000000000000004,-0.30000000000000004,13.88888888888889,13.88888888888889
33,0.4,False,0,4.0,True,14.010166666666667,15.983498476109656,23.827411111111456,-1.8725883855486398,-1.880000000000006,0.0,0.0,13.88888888888889,13.88888888888889,14.010166666666667,22.530963322223112,25.36763888888896,-0.050630580070760045,-6.661338147750939e-16,-0.4,-0.4,13.88888888888889,13.88888888888889
33,0.5,False,0,4.0,True,14.010166666666667,16.994889276359753,23.018450000000637,-1.752066994907655,-1.85,0.0,0.0,13.88888888888889,13.88888888888889,15.401666666666667,22.818081512809645,25.123111111111147,-0.15399572474543932,0.0,-0.5,-0.5,13.88888888888889,13.88888888888889
33,0.6000000000000001,False,0,4.0,True,14.010166666666667,16.946364402689863,24.130955555555783,-1.8746352241590076,-1.8599999999999959,0.0,0.0,13.88888888888889,13.88888888888889,15.401666666666667,25.83033348908563,25.75300000000001,-0.20504130206599647,-0.019999999999999574,-0.6000000000000001,-0.6000000000000001,13.88888888888889,13.88888888888889
33,0.7000000000000001,False,0,4.0,True,14.010166666666667,15.155705624680973,23.251083333333707,-1.5899685165000896,-1.899999999999999,0.0,0.0,13.88888888888889,13.88888888888889,16.540166666666668,24.03764497749084,26.623761111111104,0.8082398889188891,-0.009999999999999343,-0.7000000000000001,-0.7000000000000001,13.88888888888889,13.88888888888889
33,0.8,False,0,4.0,True,14.010166666666667,16.654321111753585,23.319322222222592,-1.8767286501483111,-1.8799999999999994,0.0,0.0,13.88888888888889,13.88888888888889,16.666666666666668,24.45109137808883,27.44444444444444,-0.4683914230150301,-2.220446049250313e-16,-0.8,-0.8,13.88888888888889,13.88888888888889
33,0.9,False,0,4.0,True,14.010166666666667,14.590165353674973,23.69395000000024,-1.5703715800723355,-1.8900000000000028,0.0,0.0,13.88888888888889,13.88888888888889,16.666666666666668,27.043486863805516,27.99999999999999,0.20037312256746587,-0.02000000000000024,-0.9,-0.9,13.88888888888889,13.88888888888889
33,1.0,False,0,4.0,True,14.010166666666667,17.02073778829107,23.570061111111368,-1.3038240481172911,-1.7999999999999998,0.0,0.0,13.88888888888889,13.88888888888889,16.666666666666668,27.29141519338594,28.555555555555546,0.08268970097995965,0.0,-1.0,-1.0,13.88888888888889,13.88888888888889
33,1.1,False,0,4.0,True,14.010166666666667,15.875792764307544,23.085994444444918,-1.5614982345328008,-1.8799999999999981,0.0,0.0,13.88888888888889,13.88888888888889,16.666666666666668,26.16186237931059,28.833333333333325,-0.278149264239983,-0.0499999999999996,-1.1,-1.1,13.88888888888889,13.88888888888889
33,1.2000000000000002,False,0,4.0,True,14.010166666666667,16.923011143277616,23.614511111111167,-1.4840981298794982,-1.7999999999999998,0.0,0.0,13.88888888888889,13.88888888888889,16.666666666666668,28.909019039471797,29.111111111111104,0.3020779085344394,-0.07999999999999963,-1.2000000000000002,-1.2000000000000002,13.88888888888889,13.88888888888889
33,1.3,False,0,4.0,True,14.010166666666667,14.833149077518282,23.478783333333734,-1.7239760967529287,-1.8899999999999997,0.0,0.0,13.88888888888889,13.88888888888889,16.666666666666668,26.289775765164556,29.388888888888882,0.28917066728505025,-0.09000000000000008,-1.3,-1.3,13.88888888888889,13.88888888888889
33,1.4000000000000001,False,0,4.0,True,14.010166666666667,17.031328761191087,23.79190000000038,-1.6649697726621808,-1.8999999999999986,0.0,0.0,13.88888888888889,13.88888888888889,16.666666666666668,25.653197863235473,29.66666666666666,0.49306630428766596,-0.08000000000000007,-1.4000000000000001,-1.4000000000000001,13.88888888888889,13.88888888888889
33,1.5,False,0,4.0,True,14.010166666666667,14.739871779982177,23.426500000000527,-1.5322825021256619,-1.7999999999999998,0.0,0.0,13.88888888888889,13.88888888888889,16.666666666666668,29.90677427616414,29.94444444444444,0.5588197531033652,-0.04999999999999982,-1.5,-1.5,13.88888888888889,13.88888888888889
33,1.6,False,0,4.0,True,14.010166666666667,16.609958334684446,23.142688888889023,-1.6584833498124625,-1.879999999999999,0.0,0.0,13.88888888888889,13.88888888888889,16.666666666666668,29.76374615528432,29.94444444444444,-0.28649332855991294,-0.1599999999999997,-1.6,-1.6,13.88888888888889,13.88888888888889
33,1.7000000000000002,False,0,4.0,True,14.010166666666667,16.440340024033514,23.743100000000137,-1.7790296916266473,-1.8300000000000005,0.0,0.0,13.88888888888889,13.88888888888889,16.666666666666668,27.258082068011607,30.222222222222218,-0.06842766974434955,-0.09999999999999964,-1.7000000000000002,-1.7000000000000002,13.88888888888889,13.88888888888889
34,0.0,False,0,4.0,False,16.666666666666668,-3.101356155281638,-4.2666666666673505,1.509294913251519,1.6,0.0,0.0,13.88888888888889,13.88888888888889,,,,,,,,,
34,0.1,False,0,4.0,True,14.010166666666667,14.830633420928532,14.708400000000037,0.48133275023326627,0.8800000000000012,-0.1,-0.1,13.88888888888889,13.88888888888889,11.732284666666665,29.787427810714785,32.535448377777286,-0.13634266553877983,-0.00999999999999579,-0.1,-0.1,13.88888888888889,13.88888888888889
34,0.2,False,0,4.0,True,14.010166666666667,17.102774660828356,22.736333333333658,0.41748693535613635,-0.13999999999999702,-0.2,-0.2,13.88888888888889,13.88888888888889,14.010166666666667,20.31274222540831,22.809100000000267,0.5703848236238995,-0.019999999999997353,-0.2,-0.2,13.88888888888889,13.88888888888889
34,0.30000000000000004,False,0,4.0,True,14.010166666666667,12.925126161336731,22.9785388888895,-1.6671869550721383,-1.8899999999999975,0.0,0.0,13.88888888888889,13.88888888888889,14.010166666666667,22.19139706628054,24.009400000000152,0.4354907369475094,-0.020000000000001572,-0.30000000000000004,-0.30000000000000004,13.88888888888889,13.88888888888889
34,0.4,False,0,4.0,True,14.010166666666667,16.918263118405218,22.867705555555812,-1.8747781357258368,-1.880000000000006,0.0,0.0,13.88888888888889,13.88888888888889,14.769166666666667,21.536586050106504,24.583988888888936,-0.2500531925514844,-6.661338147750939e-16,-0.4,-0.4,13.88888888888889,13.88888888888889
34,0.5,False,0,4.0,True,14.010166666666667,16.051966192311465,24.37810555555596,-1.792288494328068,-1.85,0.0,0.0,13.88888888888889,13.88888888888889,15.401666666666667,25.065315110217004,25.566511111111144,-0.17997531076261852,0.0,-0.5,-0.5,13.88888888888889,13.88888888888889
34,0.6000000000000001,False,0,4.0,True,14.010166666666667,16.946618232117924,23.938894444445065,-1.6107259102200093,-1.8599999999999959,0.0,0.0,13.88888888888889,13.88888888888889,16.666666666666668,22.198663319776006,26.500000000000018,0.2649533714138066,-0.019999999999999574,-0.6000000000000001,-0.6000000000000001,13.88888888888889,13.88888888888889
34,0.7000000000000001,False,0,4.0,True,14.010166666666667,16.813633364839898,23.527594444444656,-1.8431270504330077,-1.899999999999999,0.0,0.0,13.88888888888889,13.88888888888889,16.666666666666668,24.768742376347735,27.611111111111104,0.6327232319684555,-0.009999999999999343,-0.7000000000000001,-0.7000000000000001,13.88888888888889,13.88888888888889
34,0.8,False,0,4.0,True,14.010166666666667,16.75251955759273,22.43064444444465,-1.8581999373469658,-1.8799999999999994,0.0,0.0,13.88888888888889,13.88888888888889,16.666666666666668,25.766122613170015,28.44444444444444,0.21290007531528943,-2.220446049250313e-16,-0.8,-0.8,13.88888888888889,13.88888888888889
34,0.9,False,0,4.0,True,14.010166666666667,16.501495684773356,22.817627777777982,-1.3982041841754755,-1.8900000000000028,0.0,0.0,13.88888888888889,13.88888888888889,16.666666666666668,24.777506780701206,28.99999999999999,0.41733258072481316,-0.02000000000000024,-0.9,-0.9,13.88888888888889,13.88888888888889
34,1.0,False,0,4.0,True,14.010166666666667,17.193252499462556,24.51568888888924,-1.7594154934554385,-1.7999999999999998,0.0,0.0,13.88888888888889,13.88888888888889,16.666666666666668,26.414979896790587,29.555555555555546,0.20201020627930522,0.0,-1.0,-1.0,13.88888888888889,13.88888888888889
34,1.1,False,0,4.0,True,14.010166666666667,14.914101236011899,23.338950000000107,-1.4934019338491573,-1.8799999999999981,0.0,0.0,13.88888888888889,13.88888888888889,16.666666666666668,27.473066643536917,29.833333333333325,0.31511167377832905,-0.0499999999999996,-1.1,-1.1,13.88888888888889,13.88888888888889
34,1.2000000000000002,False,0,4.0,True,14.010166666666667,17.220753925972,22.801961111111705,-1.8080661667308124,-1.7999999999999998,0.0,0.0,13.88888888888889,13.88888888888889,16.666666666666668,29.01037029183009,30.111111111111104,0.35551685372823094,-0.07999999999999963,-1.2000000000000002,-1.2000000000000002,13.88888888888889,13.88888888888889
34,1.3,False,0,4.0,True,14.010166666666667,16.155708851523922,24.36702222222264,-1.8133619750220173,-1.8899999999999997,0.0,0.0,13.88888888888889,13.88888888888889,16.666666666666668,27.853018350484003,30.388888888888882,0.30288646752636694,-0.09000000000000008,-1.3,-1.3,13.88888888888889,13.88888888888889
34,1.4000000000000001,False,0,4.0,True,14.010166666666667,15.875032611700373,23.1922555555558,-1.8821182309914466,-1.8999999999999986,0.0,0.0,13.88888888888889,13.88888888888889,16.666666666666668,27.245134875445533,30.66666666666666,0.6012650913730901,-0.08000000000000007,-1.4000000000000001,-1.4000000000000001,13.88888888888889,13.88888888888889
34,1.5,False,0,4.0,True,14.010166666666667,15.828403376387524,23.97603333333363,-1.6168286253709345,-1.7999999999999998,0.0,0.0,13.88888888888889,13.88888888888889,16.666666666666668,29.608554210886208,30.94444444444444,0.0313136636198883,-0.04999999999999982,-1.5,-1.5,13.88888888888889,13.88888888888889
34,1.6,False,0,4.0,True,14.010166666666667,15.754106532642606,24.287872222222784,-1.4554533380618573,-1.879999999999999,0.0,0.0,13.88888888888889,13.88888888888889,16.666666666666668,30.98717179941185,30.94444444444444,0.09215644116397748,-0.1599999999999997,-1.6,-1.6,13.88888888888889,13.88888888888889
34,1.7000000000000002,False,0,4.0,True,14.010166666666667,16.756076008204627,22.85087777777822,-1.8024641610264258,-1.8300000000000005,0.0,0.0,13.88888888888889,13.88888888888889,16.666666666666668,31.53128708961336,31.222222222222218,-0.23316569838903844,-0.09999999999999964,-1.7000000000000002,-1.7000000000000002,13.88888888888889,13.88888888888889
35,0.0,False,0,4.0,True,16.666666666666668,-1.434130028049128,-4.166666666665935,1.1993402098144217,1.6,0.0,0.0,13.88888888888889,13.88888888888889,,,,,,,,,
35,0.1,False,0,4.0,True,14.010166666666667,16.332557682025193,19.130805555555636,0.6554904607941165,0.9900000000000007,-0.1,-0.1,13.88888888888889,13.88888888888889,12.491578666666665,33.3440071368707,33.02797837777696,-0.23256481264556728,-0.00999999999999579,-0.1,-0.1,13.88888888888889,13.88888888888889
35,0.2,False,0,4.0,True,14.010166666666667,17.137325962360276,22.910427777778036,-0.05615043075360626,2.6645352591003757e-15,-0.2,-0.2,13.88888888888889,13.88888888888889,13.250872666666666,20.85630039130869,22.97422940000025,-0.10813517239064008,-0.019999999999997353,-0.2,-0.2,13.88888888888889,13.88888888888889
35,0.30000000000000004,False,0,4.0,True,14.010166666666667,17.189196848626732,24.0141111111114,-1.2083192849667834,-0.980000000000004,-0.30000000000000004,-0.30000000000000004,13.88888888888889,13.88888888888889,14.010166666666667,20.168616605713662,24.402200000000146,0.15658084422465235,-0.020000000000001572,-0.30000000000000004,-0.30000000000000004,13.88888888888889,13.88888888888889
35,0.4,False,0,4.0,True,14.010166666666667,15.194495944562771,23.483855555555817,-0.8744514451677832,-1.880000000000006,-0.4,-0.4,13.88888888888889,13.88888888888889,15.401666666666667,19.81845935476505,24.59728888888895,-0.33795165086318213,-6.661338147750939e-16,-0.4,-0.4,13.88888888888889,13.88888888888889
35,0.5,False,0,4.0,True,14.010166666666667,17.27067611328074,24.06917777777836,-1.4401006510791114,-1.85,0.0,0.0,13.88888888888889,13.88888888888889,15.907666666666668,23.33537985384162,26.465311111111138,0.203742555862632,0.0,-0.5,-0.5,13.88888888888889,13.88888888888889
35,0.6000000000000001,False,0,4.0,True,14.010166666666667,17.24913005785164,24.282894444444803,-1.5621512308594085,-1.8599999999999959,0.0,0.0,13.88888888888889,13.88888888888889,16.666666666666668,24.77724766043409,27.500000000000018,0.4217565715064504,-0.019999999999999574,-0.6000000000000001,-0.6000000000000001,13.88888888888889,13.88888888888889
35,0.7000000000000001,False,0,4.0,True,14.010166666666667,16.890176807620104,23.987766666666953,-1.8871343617764675,-1.899999999999999,0.0,0.0,13.88888888888889,13.88888888888889,16.666666666666668,25.71145838896395,28.611111111111104,-0.29268533840168676,-0.009999999999999343,-0.7000000000000001,-0.7000000000000001,13.88888888888889,13.88888888888889
35,0.8,False,0,4.0,True,14.010166666666667,16.350672236198715,22.392355555555536,-1.6624933939708106,-1.8799999999999994,0.0,0.0,13.88888888888889,13.88888888888889,16.666666666666668,29.219159836663135,29.44444444444444,0.038400289265980936,-2.220446049250313e-16,-0.8,-0.8,13.88888888888889,13.88888888888889
35,0.9,False,0,4.0,True,14.010166666666667,17.125348818894008,23.04557222222284,-1.7423271431095557,-1.8900000000000028,0.0,0.0,13.88888888888889,13.88888888888889,16.666666666666668,30.019852123768775,29.99999999999999,-0.13251800529015756,-0.02000000000000024,-0.9,-0.9,13.88888888888889,13.88888888888889
35,1.0,False,0,4.0,True,14.010166666666667,14.600166025158625,24.133938888888988,-1.6280400687186134,-1.7999999999999998,0.0,0.0,13.88888888888889,13.88888888888889,16.666666666666668,28.34103094391679,30.555555555555546,0.052734612371571066,0.0,-1.0,-1.0,13.88888888888889,13.88888888888889
35,1.1,False,0,4.0,True,14.010166666666667,17.04314235264047,23.794477777777868,-1.5261809533194424,-1.8799999999999981,0.0,0.0,13.88888888888889,13.88888888888889,16.666666666666668,27.58751867578261,30.833333333333325,-0.5739833372570156,-0.0499999999999996,-1.1,-1.1,13.88888888888889,13.88888888888889
35,1.2000000000000002,False,0,4.0,True,14.010166666666667,16.83093089121594,23.01441111111158,-1.5618599305123715,-1.7999999999999998,0.0,0.0,13.88888888888889,13.88888888888889,16.666666666666668,28.432594240488054,31.111111111111104,-0.11779148629599723,-0.07999999999999963,-1.2000000000000002,-1.2000000000000002,13.88888888888889,13.88888888888889
35,1.3,False,0,4.0,True,14.010166666666667,15.88680811941894,22.70651666666684,-1.361400178317335,-1.8899999999999997,0.0,0.0,13.88888888888889,13.88888888888889,16.666666666666668,25.991147226209797,31.388888888888882,0.9245108108931932,-0.09000000000000008,-1.3,-1.3,13.88888888888889,13.88888888888889
35,1.4000000000000001,False,0,4.0,True,14.010166666666667,15.547999355069646,24.399472222222453,-1.754731419265263,-1.8999999999999986,0.0,0.0,13.88888888888889,13.88888888888889,16.666666666666668,29.413120489778304,31.66666666666666,-0.17026191395897805,-0.08000000000000007,-1.4000000000000001,-1.4000000000000001,13.88888888888889,13.88888888888889
35,1.5,False,0,4.0,True,14.010166666666667,16.875049293244626,22.64953333333302,-1.6115827553674975,-1.7999999999999998,0.0,0.0,13.88888888888889,13.88888888888889,16.666666666666668,28.34530886957148,31.94444444444444,0.1919031274355394,-0.04999999999999982,-1.5,-1.5,13.88888888888889,13.88888888888889
35,1.6,False,0,4.0,True,14.010166666666667,15.265298625020034,22.49448333333221,-1.7216128354555018,-1.879999999999999,0.0,0.0,13.88888888888889,13.88888888888889,16.666666666666668,30.73270668063223,31.94444444444444,-0.18845005951400973,-0.1599999999999997,-1.6,-1.6,13.88888888888889,13.88888888888889
35,1.7000000000000002,False,0,4.0,True,14.010166666666667,16.983360360206103,23.687183333333774,-1.71638595959966,-1.8300000000000005,0.0,0.0,13.88888888888889,13.88888888888889,16.666666666666668,29.804355006611285,32.22222222222222,0.15695570572478212,-0.09999999999999964,-1.7000000000000002,-1.7000000000000002,13.88888888888889,13.88888888888889
36,0.0,False,0,4.0,False,16.666666666666668,-2.585268521716631,-4.277777777776964,1.9504488085138663,1.6,0.0,0.0,13.88888888888889,13.88888888888889,,,,,,,,,
36,0.1,False,0,4.0,True,14.010166666666667,15.760668485206462,17.770477777777852,0.070030836991406,0.890000000000001,-0.1,-0.1,13.88888888888889,13.88888888888889,12.491578666666665,29.879065790353405,29.20732877777696,0.05177002133441344,-0.00999999999999579,-0.1,-0.1,13.88888888888889,13.88888888888889
36,0.2,False,0,4.0,True,14.010166666666667,16.71229916535577,23.812477777777925,0.2487080288070973,0.3600000000000012,-0.2,-0.2,13.88888888888889,13.88888888888889,13.250872666666666,23.637470912125462,25.024708600000093,0.31380311740485567,-0.019999999999997353,-0.2,-0.2,13.88888888888889,13.88888888888889
36,0.30000000000000004,False,0,4.0,True,14.010166666666667,17.08577391822116,24.052711111111346,-0.5936728083451714,-0.980000000000004,-0.30000000000000004,-0.30000000000000004,13.88888888888889,13.88888888888889,14.769166666666667,23.459834000452087,24.516700000000082,0.1238024503036752,-0.020000000000001572,-0.30000000000000004,-0.30000000000000004,13.88888888888889,13.88888888888889
36,0.4,False,0,4.0,True,14.010166666666667,16.552429678767094,23.799305555555687,-0.3907010582881547,-0.8399999999999976,-0.4,-0.4,13.88888888888889,13.88888888888889,15.401666666666667,25.819607778723675,25.369588888888952,0.32323942901916247,-6.661338147750939e-16,-0.4,-0.4,13.88888888888889,13.88888888888889
36,0.5,False,0,4.0,True,14.010166666666667,17.113027033664306,24.40546111111126,-1.7537068587961078,-1.35,-0.5,-0.5,13.88888888888889,13.88888888888889,16.666666666666668,25.713968762179388,27.111111111111153,0.762895692059391,0.0,-0.5,-0.5,13.88888888888889,13.88888888888889
36,0.6000000000000001,False,0,4.0,True,14.010166666666667,16.386165548651004,23.51201111111126,-1.8516466248728032,-1.8599999999999959,0.0,0.0,13.88888888888889,13.88888888888889,16.666666666666668,27.064932210952453,28.500000000000018,-0.07400874248951417,-0.019999999999999574,-0.6000000000000001,-0.6000000000000001,13.88888888888889,13.88888888888889
36,0.7000000000000001,False,0,4.0,True,14.010166666666667,15.025488016679187,23.03653333333349,-1.800797967566825,-1.899999999999999,0.0,0.0,13.88888888888889,13.88888888888889,16.666666666666668,25.720881250084606,29.611111111111104,0.11261238463500689,-0.009999999999999343,-0.7000000000000001,-0.7000000000000001,13.88888888888889,13.88888888888889
36,0.8,False,0,4.0,True,14.010166666666667,16.146660281420036,23.61390555555617,-1.584472917384661,-1.8799999999999994,0.0,0.0,13.88888888888889,13.88888888888889,16.666666666666668,29.253623952848525,30.44444444444444,0.3361740582362538,-2.220446049250313e-16,-0.8,-0.8,13.88888888888889,13.88888888888889
36,0.9,False,0,4.0,True,14.010166666666667,15.496291784859192,22.683666666667175,-1.8112473684122783,-1.8900000000000028,0.0,0.0,13.88888888888889,13.88888888888889,16.666666666666668,29.64178867706949,30.99999999999999,0.48930843188391826,-0.02000000000000024,-0.9,-0.9,13.88888888888889,13.88888888888889
36,1.0,False,0,4.0,True,14.010166666666667,16.80081898049077,23.764488888889073,-1.5573204458586736,-1.7999999999999998,0.0,0.0,13.88888888888889,13.88888888888889,16.666666666666668,30.62802433652214,31.555555555555546,-0.0682053201631625,0.0,-1.0,-1.0,13.88888888888889,13.88888888888889
36,1.1,False,0,4.0,True,14.010166666666667,16.294692349056486,24.523138888889473,-1.5308932360225982,-1.8799999999999981,0.0,0.0,13.88888888888889,13.88888888888889,16.666666666666668,30.514080509147558,31.833333333333325,0.16972606969417203,-0.0499999999999996,-1.1,-1.1,13.88888888888889,13.88888888888889
36,1.2000000000000002,False,0,4.0,True,14.010166666666667,16.799506148264665,24.292133333333464,-1.6404783639242924,-1.7999999999999998,0.0,0.0,13.88888888888889,13.88888888888889,16.666666666666668,29.742774560426458,32.11111111111111,0.43231234368845284,-0.07999999999999963,-1.2000000000000002,-1.2000000000000002,13.88888888888889,13.88888888888889
36,1.3,False,0,4.0,True,14.010166666666667,16.93250879469282,24.650916666666983,-1.8149408560804878,-1.8899999999999997,0.0,0.0,13.88888888888889,13.88888888888889,16.666666666666668,30.87946916999223,32.388888888888886,0.6169310575946132,-0.09000000000000008,-1.3,-1.3,13.88888888888889,13.88888888888889
36,1.4000000000000001,False,0,4.0,True,14.010166666666667,16.96802786132721,22.556877777777938,-1.6442987346073021,-1.8999999999999986,0.0,0.0,13.88888888888889,13.88888888888889,16.666666666666668,30.95225583513812,32.666666666666664,0.07560414884851308,-0.08000000000000007,-1.4000000000000001,-1.4000000000000001,13.88888888888889,13.88888888888889
36,1.5,False,0,4.0,True,14.010166666666667,14.905940032708894,23.47173888888933,-1.7576650707327262,-1.7999999999999998,0.0,0.0,13.88888888888889,13.88888888888889,16.666666666666668,31.667114493120348,32.94444444444444,0.5378767488855027,-0.04999999999999982,-1.5,-1.5,13.88888888888889,13.88888888888889
36,1.6,False,0,4.0,True,14.010166666666667,17.28788733425021,22.979027777778025,-1.4686817376153205,-1.879999999999999,0.0,0.0,13.88888888888889,13.88888888888889,16.666666666666668,27.384452802797803,32.94444444444444,1.1470095693726536,-0.1599999999999997,-1.6,-1.6,13.88888888888889,13.88888888888889
36,1.7000000000000002,False,0,4.0,True,14.010166666666667,13.561394822539835,23.43286111111139,-1.7537309693750018,-1.8300000000000005,0.0,0.0,13.88888888888889,13.88888888888889,16.666666666666668,30.284956518522858,33.22222222222222,0.08355463158890308,-0.09999999999999964,-1.7000000000000002,-1.7000000000000002,13.88888888888889,13.88888888888889
37,0.0,False,0,4.0,True,16.666666666666668,-0.9884168234455499,-4.211111111111893,1.7994810620103632,1.6,0.0,0.0,13.88888888888889,13.88888888888889,,,,,,,,,
37,0.1,False,0,4.0,True,14.010166666666667,15.199982656246075,18.013044444444514,0.5486902960061815,0.8600000000000012,-0.1,-0.1,13.88888888888889,13.88888888888889,12.491578666666665,27.908368652285883,28.043620177777296,-0.3350288747698038,-0.00999999999999579,-0.1,-0.1,13.88888888888889,13.88888888888889
37,0.2,False,0,4.0,True,14.010166666666667,16.95430764823723,22.387855555555742,0.9721276652335753,0.20000000000000195,-0.2,-0.2,13.88888888888889,13.88888888888889,13.250872666666666,21.68772417584061,23.089673400000134,-0.307673738036103,-0.019999999999997353,-0.2,-0.2,13.88888888888889,13.88888888888889
37,0.30000000000000004,False,0,4.0,True,14.010166666666667,17.245041887346883,23.495600000000405,-1.4701154390386058,-1.6400000000000046,-0.30000000000000004,-0.30000000000000004,13.88888888888889,13.88888888888889,14.010166666666667,22.545368083667523,24.150500000000132,-0.1589969035891694,-0.020000000000001572,-0.30000000000000004,-0.30000000000000004,13.88888888888889,13.88888888888889
37,0.4,False,0,4.0,True,14.010166666666667,16.83903952631921,24.840038888889477,-1.5598193536176623,-1.880000000000006,0.0,0.0,13.88888888888889,13.88888888888889,14.769166666666667,26.642198507381448,26.723788888888958,-0.3456715843487479,-6.661338147750939e-16,-0.4,-0.4,13.88888888888889,13.88888888888889
37,0.5,False,0,4.0,True,14.010166666666667,17.126174758413537,23.93562222222273,-1.8652317749378378,-1.85,0.0,0.0,13.88888888888889,13.88888888888889,16.666666666666668,25.11498991003752,28.111111111111153,-0.1134678824152815,0.0,-0.5,-0.5,13.88888888888889,13.88888888888889
37,0.6000000000000001,False,0,4.0,True,14.010166666666667,17.168581389998447,23.95123333333346,-1.630077055256552,-1.8599999999999959,-0.6000000000000001,0.0,13.88888888888889,13.88888888888889,16.666666666666668,29.381873600389316,29.500000000000018,-0.21820168594458478,-0.019999999999999574,-0.6000000000000001,-0.6000000000000001,13.88888888888889,13.88888888888889
37,0.7000000000000001,False,0,4.0,True,14.010166666666667,16.81903269520181,23.378211111111295,-1.769018359659414,-1.899999999999999,0.0,0.0,13.88888888888889,13.88888888888889,16.666666666666668,25.364557914916194,30.611111111111104,0.4012285986821502,-0.009999999999999343,-0.7000000000000001,-0.7000000000000001,13.88888888888889,13.88888888888889
37,0.8,False,0,4.0,True,14.010166666666667,15.665055504148196,23.878466666666807,-1.82641971514589,-1.8799999999999994,0.0,0.0,13.88888888888889,13.88888888888889,16.666666666666668,31.687135174022355,31.44444444444444,0.08786078185702184,-2.220446049250313e-16,-0.8,-0.8,13.88888888888889,13.88888888888889
37,0.9,False,0,4.0,True,14.010166666666667,16.87211501158991,24.02922222222237,-1.8828794396826332,-1.8900000000000028,0.0,0.0,13.88888888888889,13.88888888888889,16.666666666666668,30.75032355857535,31.99999999999999,0.33421327066975737,-0.02000000000000024,-0.9,-0.9,13.88888888888889,13.88888888888889
37,1.0,False,0,4.0,True,14.010166666666667,16.347304238549608,25.28000555555573,-1.5975043534251134,-1.7999999999999998,0.0,0.0,13.88888888888889,13.88888888888889,16.666666666666668,29.5987405519252,32.55555555555555,0.2342689589632938,0.0,-1.0,-1.0,13.88888888888889,13.88888888888889
37,1.1,False,0,4.0,True,14.010166666666667,14.839922628686676,24.52883888888908,-1.833992906184727,-1.8799999999999981,0.0,0.0,13.88888888888889,13.88888888888889,16.666666666666668,31.85814129900046,32.83333333333333,-0.12445055988333298,-0.0499999999999996,-1.1,-1.1,13.88888888888889,13.88888888888889
37,1.2000000000000002,False,0,4.0,True,14.010166666666667,16.727142238940683,23.4597388888893,-1.8073184054300264,-1.7999999999999998,0.0,0.0,13.88888888888889,13.88888888888889,16.666666666666668,30.38527106615793,33.11111111111111,0.006179617194691733,-0.07999999999999963,-1.2000000000000002,-1.2000000000000002,13.88888888888889,13.88888888888889
37,1.3,False,0,4.0,True,14.010166666666667,16.26962153644227,23.26766666666718,-1.8804366027456296,-1.8899999999999997,0.0,0.0,13.88888888888889,13.88888888888889,16.666666666666668,33.41432527099893,33.388888888888886,-0.5995752369987146,-0.09000000000000008,-1.3,-1.3,13.88888888888889,13.88888888888889
37,1.4000000000000001,False,0,4.0,True,14.010166666666667,14.895112100262264,23.437050000000465,-1.7977970644575925,-1.8999999999999986,0.0,0.0,13.88888888888889,13.88888888888889,16.666666666666668,32.347361215146314,33.666666666666664,0.31967484578634275,-0.08000000000000007,-1.4000000000000001,-1.4000000000000001,13.88888888888889,13.88888888888889
37,1.5,False,0,4.0,True,14.010166666666667,16.83394127194681,22.89048888888929,-1.1218304722093604,-1.7999999999999998,0.0,0.0,13.88888888888889,13.88888888888889,16.666666666666668,33.529016298325516,33.94444444444444,-0.2686443752163319,-0.04999999999999982,-1.5,-1.5,13.88888888888889,13.88888888888889
37,1.6,False,0,4.0,True,14.010166666666667,17.05747312104027,23.346177777778205,-1.7153292522727326,-1.879999999999999,0.0,0.0,13.88888888888889,13.88888888888889,16.666666666666668,32.35764088458302,33.94444444444444,0.4128362381449948,-0.1599999999999997,-1.6,-1.6,13.88888888888889,13.88888888888889
37,1.7000000000000002,False,0,4.0,True,14.010166666666667,16.559446780363555,23.686511111111383,-1.8386930772336698,-1.8300000000000005,0.0,0.0,13.88888888888889,13.88888888888889,16.666666666666668,30.494887388637675,34.22222222222222,1.0353069194047086,-0.09999999999999964,-1.7000000000000002,-1.7000000000000002,13.88888888888889,13.88888888888889
38,0.0,False,0,4.0,True,16.666666666666668,0.04036029655121087,-4.22222222222145,1.8653110078910324,1.6,0.0,0.0,13.88888888888889,13.88888888888889,,,,,,,,,
38,0.1,False,0,4.0,True,14.010166666666667,15.217191556136452,18.042650000000076,0.8605276533102493,0.7900000000000014,-0.1,-0.1,13.88888888888889,13.88888888888889,12.491578666666665,25.84199185665197,28.91741417777693,0.17028886836142165,-0.00999999999999579,-0.1,-0.1,13.88888888888889,13.88888888888889
38,0.2,False,0,4.0,True,14.010166666666667,15.6670333256024,24.087261111111328,0.10509839677568467,0.060000000000002274,-0.2,-0.2,13.88888888888889,13.88888888888889,13.250872666666666,24.541877858781074,24.342467600000187,-0.18671965227571619,-0.019999999999997353,-0.2,-0.2,13.88888888888889,13.88888888888889
38,0.30000000000000004,False,0,4.0,True,14.010166666666667,17.261410562354182,24.243005555556078,-1.6317483862731457,-1.8899999999999975,0.0,0.0,13.88888888888889,13.88888888888889,14.010166666666667,23.888557603977855,25.20110000000012,-0.07277877413140699,-0.020000000000001572,-0.30000000000000004,-0.30000000000000004,13.88888888888889,13.88888888888889
38,0.4,False,0,4.0,True,14.010166666666667,15.217734466696907,22.23740000000053,-1.7148410410359465,-1.880000000000006,0.0,0.0,13.88888888888889,13.88888888888889,16.666666666666668,25.60026150331697,26.888888888888953,0.028439641544247607,-6.661338147750939e-16,-0.4,-0.4,13.88888888888889,13.88888888888889
38,0.5,False,0,4.0,True,14.010166666666667,17.20979573993692,24.41581111111169,-1.842954487319055,-1.85,0.0,0.0,13.88888888888889,13.88888888888889,16.666666666666668,27.764962691816788,29.111111111111153,0.2585652545350201,0.0,-0.5,-0.5,13.88888888888889,13.88888888888889
38,0.6000000000000001,False,0,4.0,True,14.010166666666667,16.844443292510004,23.290194444444733,-1.7512220329797241,-1.8599999999999959,0.0,0.0,13.88888888888889,13.88888888888889,16.666666666666668,27.797861696192772,30.500000000000018,0.017943294285467593,-0.019999999999999574,-0.6000000000000001,-0.6000000000000001,13.88888888888889,13.88888888888889
38,0.7000000000000001,False,0,4.0,True,14.010166666666667,16.34549728358213,23.050944444443484,-1.5714224129672556,-1.899999999999999,0.0,0.0,13.88888888888889,13.88888888888889,16.666666666666668,28.8911463825383,31.611111111111104,0.15484350101139022,-0.009999999999999343,-0.7000000000000001,-0.7000000000000001,13.88888888888889,13.88888888888889
38,0.8,False,0,4.0,True,14.010166666666667,15.187275451593433,24.653144444444916,-1.6336213607017058,-1.8799999999999994,0.0,0.0,13.88888888888889,13.88888888888889,16.666666666666668,29.440459559107136,32.44444444444444,0.16966229002222555,-2.220446049250313e-16,-0.8,-0.8,13.88888888888889,13.88888888888889
38,0.9,False,0,4.0,True,14.010166666666667,14.628706739033003,24.521305555556108,-1.6136469151447832,-1.8900000000000028,0.0,0.0,13.88888888888889,13.88888888888889,16.666666666666668,30.116017318561706,32.99999999999999,0.394847896287454,-0.02000000000000024,-0.9,-0.9,13.88888888888889,13.88888888888889
38,1.0,False,0,4.0,True,14.010166666666667,15.517915091248039,22.872161111109175,-1.6884491958529104,-1.7999999999999998,0.0,0.0,13.88888888888889,13.88888888888889,16.666666666666668,33.047812748940345,33.55555555555554,0.12712405056035259,0.0,-1.0,-1.0,13.88888888888889,13.88888888888889
38,1.1,False,0,4.0,True,14.010166666666667,17.307354273832498,22.950616666667127,-1.8161707621932186,-1.8799999999999981,0.0,0.0,13.88888888888889,13.88888888888889,16.666666666666668,32.312436161915386,33.83333333333333,-0.10408304045703654,-0.0499999999999996,-1.1,-1.1,13.88888888888889,13.88888888888889
38,1.2000000000000002,False,0,4.0,True,14.010166666666667,16.009567554041308,24.289138888889095,-1.2694439650094473,-1.7999999999999998,0.0,0.0,13.88888888888889,13.88888888888889,16.666666666666668,31.761734357231116,34.11111111111111,0.47771446289608743,-0.07999999999999963,-1.2000000000000002,-1.2000000000000002,13.88888888888889,13.88888888888889
38,1.3,False,0,4.0,True,14.010166666666667,16.32485969696445,23.770372222222573,-1.8858554549942967,-1.8899999999999997,0.0,0.0,13.88888888888889,13.88888888888889,16.666666666666668,30.190576560103974,34.388888888888886,0.8854428661815024,-0.09000000000000008,-1.3,-1.3,13.88888888888889,13.88888888888889
38,1.4000000000000001,False,0,4.0,True,14.010166666666667,17.041989072873644,23.629016666667166,-1.6889465608277738,-1.8999999999999986,0.0,0.0,13.88888888888889,13.88888888888889,16.666666666666668,34.77355156501081,34.666666666666664,0.4557243196819094,-0.08000000000000007,-1.4000000000000001,-1.4000000000000001,13.88888888888889,13.88888888888889
38,1.5,False,0,4.0,True,14.010166666666667,14.571032222590286,22.739977777777977,-1.8665203896104412,-1.7999999999999998,0.0,0.0,13.88888888888889,13.88888888888889,16.666666666666668,32.246085619666786,34.94444444444444,0.3743230362943235,-0.04999999999999982,-1.5,-1.5,13.88888888888889,13.88888888888889
38,1.6,False,0,4.0,True,14.010166666666667,17.194486426316143,23.21104444444485,-1.7171195385721543,-1.879999999999999,0.0,0.0,13.88888888888889,13.88888888888889,16.666666666666668,34.84115180346406,34.94444444444444,-0.6729268490405911,-0.1599999999999997,-1.6,-1.6,13.88888888888889,13.88888888888889
38,1.7000000000000002,False,0,4.0,True,14.010166666666667,17.27278208550521,24.269700000000153,-1.7100153500063504,-1.8300000000000005,0.0,0.0,13.88888888888889,13.88888888888889,16.666666666666668,32.10437597680497,35.22222222222222,0.6657264162648038,-0.09999999999999964,-1.7000000000000002,-1.7000000000000002,13.88888888888889,13.88888888888889
39,0.0,False,0,4.0,True,16.666666666666668,-1.5077225779545982,-4.266666666667322,1.5752764370597387,1.6,0.0,0.0,13.88888888888889,13.88888888888889,,,,,,,,,
39,0.1,False,0,4.0,True,14.010166666666667,16.705627399306774,19.534955555555637,0.31630861678029687,0.8100000000000014,-0.1,-0.1,13.88888888888889,13.88888888888889,12.491578666666665,28.641981625674514,30.385464177776992,-0.5485091641868816,-0.00999999999999579,-0.1,-0.1,13.88888888888889,13.88888888888889
39,0.2,False,0,4.0,True,14.010166666666667,15.825952066711192,24.254622222222718,-1.561542434760359,-1.479999999999992,-0.2,-0.2,13.88888888888889,13.88888888888889,14.010166666666667,23.964757718602282,25.139950000000237,0.051307145921471564,-0.019999999999997353,-0.2,-0.2,13.88888888888889,13.88888888888889
39,0.30000000000000004,False,0,4.0,True,14.010166666666667,16.489638742651717,24.99244444444461,0.11017369846209224,-0.3500000000000023,-0.30000000000000004,-0.30000000000000004,13.88888888888889,13.88888888888889,14.769166666666667,22.63030022280044,25.277650000000104,-0.07730012764987548,-0.020000000000001572,-0.30000000000000004,-0.30000000000000004,13.88888888888889,13.88888888888889
39,0.4,False,0,4.0,True,14.010166666666667,16.812406718496288,23.61649444444482,-1.83904305280583,-1.880000000000006,0.0,0.0,13.88888888888889,13.88888888888889,16.666666666666668,26.342258523335357,27.888888888888953,0.10470802996927686,-6.661338147750939e-16,-0.4,-0.4,13.88888888888889,13.88888888888889
39,0.5,False,0,4.0,True,14.010166666666667,16.42298637634026,24.006555555556,-1.789367158398929,-1.85,0.0,0.0,13.88888888888889,13.88888888888889,16.666666666666668,30.42980319352382,30.111111111111153,-0.456508416038681,0.0,-0.5,-0.5,13.88888888888889,13.88888888888889
39,0.6000000000000001,False,0,4.0,True,14.010166666666667,16.717003058898808,22.521455555555416,-1.6011865975941721,-1.8599999999999959,0.0,0.0,13.88888888888889,13.88888888888889,16.666666666666668,28.924719315109986,31.500000000000018,-0.10945919670643445,-0.019999999999999574,-0.6000000000000001,-0.6000000000000001,13.88888888888889,13.88888888888889
39,0.7000000000000001,False,0,4.0,True,14.010166666666667,17.045398474424427,22.32166666666627,-1.7820856480894773,-1.899999999999999,0.0,0.0,13.88888888888889,13.88888888888889,16.666666666666668,29.63741108754056,32.61111111111111,0.1991585312898314,-0.009999999999999343,-0.7000000000000001,-0.7000000000000001,13.88888888888889,13.88888888888889
39,0.8,False,0,4.0,True,14.010166666666667,15.797781001158949,22.91853888888941,-1.8471665193288767,-1.8799999999999994,0.0,0.0,13.88888888888889,13.88888888888889,16.666666666666668,30.86696383857085,33.44444444444444,0.2210154586453812,-2.220446049250313e-16,-0.8,-0.8,13.88888888888889,13.88888888888889
39,0.9,False,0,4.0,True,14.010166666666667,15.194717087610439,23.47995555555597,-1.6446366102727707,-1.8900000000000028,0.0,0.0,13.88888888888889,13.88888888888889,16.666666666666668,32.96101720789246,33.99999999999999,-0.21190724237448588,-0.02000000000000024,-0.9,-0.9,13.88888888888889,13.88888888888889
39,1.0,False,0,4.0,True,14.010166666666667,17.15694639199158,24.11425555555577,-1.8168294317860676,-1.7999999999999998,0.0,0.0,13.88888888888889,13.88888888888889,16.666666666666668,34.50009266036324,34.55555555555554,-0.005918656645783615,0.0,-1.0,-1.0,13.88888888888889,13.88888888888889
39,1.1,False,0,4.0,True,14.010166666666667,17.255991314070183,21.428972222222864,-1.2073158085498885,-1.8799999999999981,0.0,0.0,13.88888888888889,13.88888888888889,16.666666666666668,31.943433642386136,34.83333333333333,-0.001084327597639767,-0.0499999999999996,-1.1,-1.1,13.88888888888889,13.88888888888889
39,1.2000000000000002,False,0,4.0,True,14.010166666666667,17.073140336116534,24.295533333333577,-1.820048425209397,-1.7999999999999998,0.0,0.0,13.88888888888889,13.88888888888889,16.666666666666668,31.834215255050577,35.11111111111111,0.05209627246140047,-0.07999999999999963,-1.2000000000000002,-1.2000000000000002,13.88888888888889,13.88888888888889
39,1.3,False,0,4.0,True,14.010166666666667,17.202783598535813,23.013472222222656,-1.2776956217918567,-1.8899999999999997,0.0,0.0,13.88888888888889,13.88888888888889,16.666666666666668,32.36355537112556,35.388888888888886,-0.31913139571128246,-0.09000000000000008,-1.3,-1.3,13.88888888888889,13.88888888888889
39,1.4000000000000001,False,0,4.0,True,14.010166666666667,16.988763400570672,24.248588888889184,-1.838513326682565,-1.8999999999999986,0.0,0.0,13.88888888888889,13.88888888888889,16.666666666666668,28.78683313517543,35.666666666666664,0.5410901356175799,-0.08000000000000007,-1.4000000000000001,-1.4000000000000001,13.88888888888889,13.88888888888889
39,1.5,False,0,4.0,True,14.010166666666667,17.18731792159745,24.29123888888922,-1.7430996869587845,-1.7999999999999998,0.0,0.0,13.88888888888889,13.88888888888889,16.666666666666668,35.82166862609368,35.94444444444444,0.3608246670013786,-0.04999999999999982,-1.5,-1.5,13.88888888888889,13.88888888888889
39,1.6,False,0,4.0,True,14.010166666666667,15.986049308907791,24.02924444444481,-1.4360206796887427,-1.879999999999999,0.0,0.0,13.88888888888889,13.88888888888889,16.666666666666668,34.57329467021174,35.94444444444444,0.3062440117539533,-0.1599999999999997,-1.6,-1.6,13.88888888888889,13.88888888888889
39,1.7000000000000002,False,0,4.0,True,14.010166666666667,15.820582419977793,24.095338888889014,-1.7472527410810546,-1.8300000000000005,0.0,0.0,13.88888888888889,13.88888888888889,16.666666666666668,34.95104433898345,36.22222222222222,0.5293892023242606,-0.09999999999999964,-1.7000000000000002,-1.7000000000000002,13.88888888888889,13.88888888888889
40,0.0,False,0,4.0,True,16.666666666666668,-1.1719209103138608,-4.1666666666661625,1.3489187314342375,1.6,0.0,0.0,13.88888888888889,13.88888888888889,,,,,,,,,
40,0.1,False,0,4.0,True,14.010166666666667,16.907240127868416,22.077211111111236,0.8476098402094911,0.8300000000000014,-0.1,-0.1,13.88888888888889,13.88888888888889,13.250872666666666,26.30728287046544,27.436547377778606,-0.4446829156075043,-0.00999999999999579,-0.1,-0.1,13.88888888888889,13.88888888888889
40,0.2,False,0,4.0,True,14.010166666666667,17.234855543329143,23.421650000000266,-0.6253254993551325,-0.5599999999999956,-0.2,-0.2,13.88888888888889,13.88888888888889,14.010166666666667,19.505949397699606,23.749100000000123,-0.20430013965784233,-0.019999999999997353,-0.2,-0.2,13.88888888888889,13.88888888888889
40,0.30000000000000004,False,0,4.0,True,14.010166666666667,14.642600894545591,23.494588888888938,-1.6260855407922206,-1.8899999999999975,0.0,0.0,13.88888888888889,13.88888888888889,15.401666666666667,24.720638138071532,25.834900000000115,-0.26004606790143203,-0.020000000000001572,-0.30000000000000004,-0.30000000000000004,13.88888888888889,13.88888888888889
40,0.4,False,0,4.0,True,14.010166666666667,17.287610729145836,23.7161388888894,-1.6864243888604578,-1.880000000000006,0.0,0.0,13.88888888888889,13.88888888888889,16.666666666666668,26.317050291045373,28.888888888888953,0.19428079486254513,-6.661338147750939e-16,-0.4,-0.4,13.88888888888889,13.88888888888889
40,0.5,False,0,4.0,True,14.010166666666667,16.26744503005217,24.477344444444878,-1.6970972291084092,-1.85,0.0,0.0,13.88888888888889,13.88888888888889,16.666666666666668,28.45396500489225,31.111111111111153,-0.1474439479246863,0.0,-0.5,-0.5,13.88888888888889,13.88888888888889
40,0.6000000000000001,False,0,4.0,True,14.010166666666667,14.35932431792811,24.324094444444693,-1.7358901915427523,-1.8599999999999959,0.0,0.0,13.88888888888889,13.88888888888889,16.666666666666668,28.19030540614813,32.50000000000002,0.7500647689831164,-0.019999999999999574,-0.6000000000000001,-0.6000000000000001,13.88888888888889,13.88888888888889
40,0.7000000000000001,False,0,4.0,True,14.010166666666667,15.669660238119473,23.529233333333547,-1.211216912595304,-1.899999999999999,0.0,0.0,13.88888888888889,13.88888888888889,16.666666666666668,30.67969662642108,33.61111111111111,0.08119299272641234,-0.009999999999999343,-0.7000000000000001,-0.7000000000000001,13.88888888888889,13.88888888888889
40,0.8,False,0,4.0,True,14.010166666666667,17.2774350832491,22.646283333331223,-1.4320888013664814,-1.8799999999999994,0.0,0.0,13.88888888888889,13.88888888888889,16.666666666666668,31.23217068089279,34.44444444444444,0.39155315212710295,-2.220446049250313e-16,-0.8,-0.8,13.88888888888889,13.88888888888889
40,0.9,False,0,4.0,True,14.010166666666667,16.612223939349843,23.915000000000287,-1.6523418708180686,-1.8900000000000028,0.0,0.0,13.88888888888889,13.88888888888889,16.666666666666668,33.55399525872736,34.99999999999999,0.16758203938065863,-0.02000000000000024,-0.9,-0.9,13.88888888888889,13.88888888888889
40,1.0,False,0,4.0,True,14.010166666666667,16.854019900904074,22.79494999999822,-1.441393493817467,-1.7999999999999998,0.0,0.0,13.88888888888889,13.88888888888889,16.666666666666668,33.856148687185836,35.55555555555554,0.18658383539541878,0.0,-1.0,-1.0,13.88888888888889,13.88888888888889
40,1.1,False,0,4.0,True,14.010166666666667,16.939520004533176,22.54258888888803,-1.663521518712126,-1.8799999999999981,0.0,0.0,13.88888888888889,13.88888888888889,16.666666666666668,31.36650866599977,35.83333333333333,-0.19365332904521493,-0.0499999999999996,-1.1,-1.1,13.88888888888889,13.88888888888889
40,1.2000000000000002,False,0,4.0,True,14.010166666666667,17.226708243150835,23.250700000000517,-1.4464626349192504,-1.7999999999999998,0.0,0.0,13.88888888888889,13.88888888888889,16.666666666666668,34.51798138801892,36.11111111111111,-0.2073034165640899,-0.07999999999999963,-1.2000000000000002,-1.2000000000000002,13.88888888888889,13.88888888888889
40,1.3,False,0,4.0,True,14.010166666666667,17.260378253721196,24.37272222222232,-1.6948005692042356,-1.8899999999999997,0.0,0.0,13.88888888888889,13.88888888888889,16.666666666666668,29.303331115572288,36.388888888888886,0.6041079463042585,-0.09000000000000008,-1.3,-1.3,13.88888888888889,13.88888888888889
40,1.4000000000000001,False,0,4.0,True,14.010166666666667,16.883324006873618,23.967977777778156,-1.7934510254534066,-1.8999999999999986,0.0,0.0,13.88888888888889,13.88888888888889,16.666666666666668,34.92892675922523,36.666666666666664,-0.003335674640858821,-0.08000000000000007,-1.4000000000000001,-1.4000000000000001,13.88888888888889,13.88888888888889
40,1.5,False,0,4.0,True,14.010166666666667,15.576205575777788,24.044633333333717,-1.6617554582511436,-1.7999999999999998,0.0,0.0,13.88888888888889,13.88888888888889,16.666666666666668,37.54630835687611,36.94444444444444,0.21689156987808422,-0.04999999999999982,-1.5,-1.5,13.88888888888889,13.88888888888889
40,1.6,False,0,4.0,True,14.010166666666667,13.885506956297501,24.093783333333544,-1.7722949654348468,-1.879999999999999,0.0,0.0,13.88888888888889,13.88888888888889,16.666666666666668,36.91697306771562,36.94444444444444,0.11939282003941143,-0.1599999999999997,-1.6,-1.6,13.88888888888889,13.88888888888889
40,1.7000000000000002,False,0,4.0,True,14.010166666666667,14.857615302426165,23.58140000000027,-1.8313721268700582,-1.8300000000000005,0.0,0.0,13.88888888888889,13.88888888888889,16.666666666666668,35.68456554891302,37.22222222222222,0.40396784124146956,-0.09999999999999964,-1.7000000000000002,-1.7000000000000002,13.88888888888889,13.88888888888889
41,0.0,False,0,4.0,False,16.666666666666668,-1.8318517289920804,-4.277777777777419,1.5867575011897062,1.6,0.0,0.0,13.88888888888889,13.88888888888889,,,,,,,,,
41,0.1,False,0,4.0,True,14.010166666666667,14.52405728355053,21.1696722222223,0.9005721364484964,0.7800000000000016,-0.1,-0.1,13.88888888888889,13.88888888888889,12.491578666666665,31.86322056788951,31.82877597777694,-0.2551752723226528,-0.00999999999999579,-0.1,-0.1,13.88888888888889,13.88888888888889
41,0.2,False,0,4.0,True,14.010166666666667,16.884033468558822,22.846666666667016,-0.04759448533006694,-0.7999999999999945,-0.2,-0.2,13.88888888888889,13.88888888888889,14.010166666666667,21.063305795762812,23.31965000000009,0.22689296952178584,-0.019999999999997353,-0.2,-0.2,13.88888888888889,13.88888888888889
41,0.30000000000000004,False,0,4.0,True,14.010166666666667,16.181189460371495,23.340422222222752,-1.664646413654333,-1.8899999999999975,0.0,0.0,13.88888888888889,13.88888888888889,16.287166666666668,22.013351480832494,26.050600000000056,0.4767533851854253,-0.020000000000001572,-0.30000000000000004,-0.30000000000000004,13.88888888888889,13.88888888888889
41,0.4,False,0,4.0,True,14.010166666666667,11.770201951816386,23.19662777777513,-1.7878551596427275,-1.880000000000006,0.0,0.0,13.88888888888889,13.88888888888889,16.666666666666668,25.803909201286313,29.888888888888953,0.24304327525177083,-6.661338147750939e-16,-0.4,-0.4,13.88888888888889,13.88888888888889
41,0.5,False,0,4.0,True,14.010166666666667,16.91828268856666,24.012266666666772,-1.7665376957492749,-1.85,-0.5,0.0,13.88888888888889,13.88888888888889,16.666666666666668,32.008569025372594,32.11111111111116,0.27733095373213645,0.0,-0.5,-0.5,13.88888888888889,13.88888888888889
41,0.6000000000000001,False,0,4.0,True,14.010166666666667,16.951568572064144,23.188622222222744,-1.7985868270380192,-1.8599999999999959,0.0,0.0,13.88888888888889,13.88888888888889,16.666666666666668,30.561092660958014,33.50000000000002,-0.18235422601570184,-0.019999999999999574,-0.6000000000000001,-0.6000000000000001,13.88888888888889,13.88888888888889
41,0.7000000000000001,False,0,4.0,True,14.010166666666667,14.913018289276419,22.99944999999691,-1.872226757038035,-1.899999999999999,0.0,0.0,13.88888888888889,13.88888888888889,16.666666666666668,33.14703848457747,34.61111111111111,0.02535692396506395,-0.009999999999999343,-0.7000000000000001,-0.7000000000000001,13.88888888888889,13.88888888888889
41,0.8,False,0,4.0,True,14.010166666666667,16.717116564639166,22.594827777777976,-1.783681310024074,-1.8799999999999994,0.0,0.0,13.88888888888889,13.88888888888889,16.666666666666668,31.27331600558696,35.44444444444444,0.332203376992783,-2.220446049250313e-16,-0.8,-0.8,13.88888888888889,13.88888888888889
41,0.9,False,0,4.0,True,14.010166666666667,16.927394629672516,22.857344444444674,-1.6939933008881545,-1.8900000000000028,0.0,0.0,13.88888888888889,13.88888888888889,16.666666666666668,33.51411929641966,35.99999999999999,0.6157992115670243,-0.02000000000000024,-0.9,-0.9,13.88888888888889,13.88888888888889
41,1.0,False,0,4.0,True,14.010166666666667,16.168519997961265,23.622727777777907,-1.7895273692878468,-1.7999999999999998,0.0,0.0,13.88888888888889,13.88888888888889,16.666666666666668,29.75769731302432,36.55555555555554,0.317868015579049,0.0,-1.0,-1.0,13.88888888888889,13.88888888888889
41,1.1,False,0,4.0,True,14.010166666666667,13.94947850583419,24.03913333333342,-0.7035697331574633,-1.8799999999999981,0.0,0.0,13.88888888888889,13.88888888888889,16.666666666666668,35.26012061769802,36.83333333333333,0.7587923710734863,-0.0499999999999996,-1.1,-1.1,13.88888888888889,13.88888888888889
41,1.2000000000000002,False,0,4.0,True,14.010166666666667,16.068889430473018,24.336988888888992,-1.762757892845228,-1.7999999999999998,0.0,0.0,13.88888888888889,13.88888888888889,16.666666666666668,34.50371594689434,37.11111111111111,-0.06126144667272415,-0.07999999999999963,-1.2000000000000002,-1.2000000000000002,13.88888888888889,13.88888888888889
41,1.3,False,0,4.0,True,14.010166666666667,15.914992251480879,24.244144444444583,-1.7014258524392916,-1.8899999999999997,0.0,0.0,13.88888888888889,13.88888888888889,16.666666666666668,33.3969853595798,37.388888888888886,0.04446572893949474,-0.09000000000000008,-1.3,-1.3,13.88888888888889,13.88888888888889
41,1.4000000000000001,False,0,4.0,True,14.010166666666667,17.270708315337213,23.587911111111236,-1.452693758487733,-1.8999999999999986,0.0,0.0,13.88888888888889,13.88888888888889,16.666666666666668,32.11663447580906,37.666666666666664,0.548771120168376,-0.08000000000000007,-1.4000000000000001,-1.4000000000000001,13.88888888888889,13.88888888888889
41,1.5,False,0,4.0,True,14.010166666666667,15.206831100909124,23.091833333333636,-1.7958131840932667,-1.7999999999999998,0.0,0.0,13.88888888888889,13.88888888888889,16.666666666666668,33.502599935783266,37.94444444444444,0.4965473591951928,-0.04999999999999982,-1.5,-1.5,13.88888888888889,13.88888888888889
41,1.6,False,0,4.0,True,14.010166666666667,16.540246441645063,23.424505555555736,-1.671717779742597,-1.879999999999999,0.0,0.0,13.88888888888889,13.88888888888889,16.666666666666668,36.92728601213523,37.94444444444444,-0.18886417198472705,-0.1599999999999997,-1.6,-1.6,13.88888888888889,13.88888888888889
41,1.7000000000000002,False,0,4.0,True,14.010166666666667,16.00872739780557,23.388411111111605,-1.8410242443889864,-1.8300000000000005,0.0,0.0,13.88888888888889,13.88888888888889,16.666666666666668,36.220181671251716,38.22222222222222,0.3106982518078367,-0.09999999999999964,-1.7000000000000002,-1.7000000000000002,13.88888888888889,13.88888888888889
42,0.0,False,0,4.0,False,16.666666666666668,-1.1011225481964173,-4.211111111111324,1.5009905787759985,1.6,0.0,0.0,13.88888888888889,13.88888888888889,,,,,,,,,
42,0.1,False,0,4.0,True,14.010166666666667,13.993767163385737,22.141238888888918,0.6438550523578601,0.8400000000000012,-0.1,-0.1,13.88888888888889,13.88888888888889,13.250872666666666,26.272839097953334,27.564376777778573,-0.06175101829819907,-0.00999999999999579,-0.1,-0.1,13.88888888888889,13.88888888888889
42,0.2,False,0,4.0,True,14.010166666666667,17.062333286717813,23.32227222222245,-0.9439052258670098,-0.5799999999999952,-0.2,-0.2,13.88888888888889,13.88888888888889,14.010166666666667,22.218926448986036,23.661850000000054,0.04410798387300363,-0.019999999999997353,-0.2,-0.2,13.88888888888889,13.88888888888889
42,0.30000000000000004,False,0,4.0,True,14.010166666666667,16.233538292652792,23.373566666666203,-1.7274299759982212,-1.8899999999999975,0.0,0.0,13.88888888888889,13.88888888888889,16.666666666666668,25.862924696417974,27.00000000000004,-0.10351080407769864,-0.020000000000001572,-0.30000000000000004,-0.30000000000000004,13.88888888888889,13.88888888888889
42,0.4,False,0,4.0,True,14.010166666666667,16.187585090988915,23.488811111111385,-1.7151566234583902,-1.880000000000006,0.0,0.0,13.88888888888889,13.88888888888889,16.666666666666668,29.539837781804078,30.888888888888953,-0.036333979245842585,-6.661338147750939e-16,-0.4,-0.4,13.88888888888889,13.88888888888889
42,0.5,False,0,4.0,True,14.010166666666667,16.91833236105624,23.756666666666842,-1.7873668426819758,-1.85,0.0,0.0,13.88888888888889,13.88888888888889,16.666666666666668,30.389632283489274,33.11111111111116,0.14870808077514752,0.0,-0.5,-0.5,13.88888888888889,13.88888888888889
42,0.6000000000000001,False,0,4.0,True,14.010166666666667,16.477780569855366,23.58635555555581,-1.5153900960021711,-1.8599999999999959,0.0,0.0,13.88888888888889,13.88888888888889,16.666666666666668,28.991359171309075,34.50000000000002,0.1541093208732951,-0.019999999999999574,-0.6000000000000001,-0.6000000000000001,13.88888888888889,13.88888888888889
42,0.7000000000000001,False,0,4.0,True,14.010166666666667,15.43376936169322,23.955816666666987,-1.5889951576062826,-1.899999999999999,0.0,0.0,13.88888888888889,13.88888888888889,16.666666666666668,36.12067093285798,35.61111111111111,-0.2580350811648211,-0.009999999999999343,-0.7000000000000001,-0.7000000000000001,13.88888888888889,13.88888888888889
42,0.8,False,0,4.0,True,14.010166666666667,16.651713092516427,23.285250000000513,-1.824209034062344,-1.8799999999999994,0.0,0.0,13.88888888888889,13.88888888888889,16.666666666666668,33.61610315227898,36.44444444444444,-0.2603982702472063,-2.220446049250313e-16,-0.8,-0.8,13.88888888888889,13.88888888888889
42,0.9,False,0,4.0,True,14.010166666666667,17.0943941114357,24.2353333333328,-1.706454642256117,-1.8900000000000028,0.0,0.0,13.88888888888889,13.88888888888889,16.666666666666668,34.11793677871277,36.99999999999999,0.23338385913405268,-0.02000000000000024,-0.9,-0.9,13.88888888888889,13.88888888888889
42,1.0,False,0,4.0,True,14.010166666666667,13.308113156279443,23.242655555553323,-1.4622653321012788,-1.7999999999999998,0.0,0.0,13.88888888888889,13.88888888888889,16.666666666666668,34.77193322263436,37.55555555555554,0.5328034704542945,0.0,-1.0,-1.0,13.88888888888889,13.88888888888889
42,1.1,False,0,4.0,True,14.010166666666667,16.463341325429905,23.48556111111149,-1.4526740299658247,-1.8799999999999981,0.0,0.0,13.88888888888889,13.88888888888889,16.666666666666668,33.13916054533374,37.83333333333333,0.5731802688418521,-0.0499999999999996,-1.1,-1.1,13.88888888888889,13.88888888888889
42,1.2000000000000002,False,0,4.0,True,14.010166666666667,16.4634056422566,23.72695555555593,-1.8496201989514576,-1.7999999999999998,0.0,0.0,13.88888888888889,13.88888888888889,16.666666666666668,35.183146139257495,38.11111111111111,-0.24340022206617484,-0.07999999999999963,-1.2000000000000002,-1.2000000000000002,13.88888888888889,13.88888888888889
42,1.3,False,0,4.0,True,14.010166666666667,14.35824170818979,23.107222222222486,-1.7641480537469525,-1.8899999999999997,0.0,0.0,13.88888888888889,13.88888888888889,16.666666666666668,36.70964610792697,38.388888888888886,-0.09611483764757689,-0.09000000000000008,-1.3,-1.3,13.88888888888889,13.88888888888889
42,1.4000000000000001,False,0,4.0,True,14.010166666666667,17.097518045643323,24.385511111111253,-1.8234781444131603,-1.8999999999999986,0.0,0.0,13.88888888888889,13.88888888888889,16.666666666666668,34.4934956677724,38.666666666666664,0.13110125469017309,-0.08000000000000007,-1.4000000000000001,-1.4000000000000001,13.88888888888889,13.88888888888889
42,1.5,False,0,4.0,True,14.010166666666667,15.468787282673087,24.215083333333705,-1.5463388738619634,-1.7999999999999998,0.0,0.0,13.88888888888889,13.88888888888889,16.666666666666668,35.17896570195762,38.94444444444444,0.46030160047166513,-0.04999999999999982,-1.5,-1.5,13.88888888888889,13.88888888888889
42,1.6,False,0,4.0,True,14.010166666666667,15.632345787626047,23.04089444444322,-1.7712474862118377,-1.879999999999999,0.0,0.0,13.88888888888889,13.88888888888889,16.666666666666668,34.280856412211975,38.94444444444444,-0.24440160653771992,-0.1599999999999997,-1.6,-1.6,13.88888888888889,13.88888888888889
42,1.7000000000000002,False,0,4.0,True,14.010166666666667,17.231591687972934,21.743688888887174,-1.4435821333397787,-1.8300000000000005,0.0,0.0,13.88888888888889,13.88888888888889,16.666666666666668,33.55634821202802,39.22222222222222,0.4380258692995178,-0.09999999999999964,-1.7000000000000002,-1.7000000000000002,13.88888888888889,13.88888888888889
43,0.0,False,0,4.0,False,16.666666666666668,-1.586876246953966,-4.22222222222216,1.6349261824547723,1.6,0.0,0.0,13.88888888888889,13.88888888888889,,,,,,,,,
43,0.1,False,0,4.0,True,14.010166666666667,16.682606046143388,20.492050000000045,1.01726130260128,0.7000000000000015,-0.1,-0.1,13.88888888888889,13.88888888888889,12.491578666666665,26.379511115108112,30.33702317777691,0.14496019169581142,-0.00999999999999579,-0.1,-0.1,13.88888888888889,13.88888888888889
43,0.2,False,0,4.0,True,14.010166666666667,15.603020870297154,22.601233333333806,-1.1628205916814063,-1.0399999999999938,-0.2,-0.2,13.88888888888889,13.88888888888889,14.769166666666667,21.783946394548718,23.675150000000098,0.3337973623100665,-0.019999999999997353,-0.2,-0.2,13.88888888888889,13.88888888888889
43,0.30000000000000004,False,0,4.0,True,14.010166666666667,15.687522873015904,22.750711111110956,-1.126649606095346,-1.8899999999999975,0.0,0.0,13.88888888888889,13.88888888888889,16.666666666666668,26.917226332817958,28.00000000000004,-0.2152383979669532,-0.020000000000001572,-0.30000000000000004,-0.30000000000000004,13.88888888888889,13.88888888888889
43,0.4,False,0,4.0,True,14.010166666666667,17.183217716829414,22.895955555556025,-1.7462430914656744,-1.880000000000006,0.0,0.0,13.88888888888889,13.88888888888889,16.666666666666668,31.430273619963156,31.888888888888953,-0.4000575632063652,-6.661338147750939e-16,-0.4,-0.4,13.88888888888889,13.88888888888889
43,0.5,False,0,4.0,True,14.010166666666667,16.975069802915794,24.134205555555678,-1.6490756147248335,-1.85,0.0,0.0,13.88888888888889,13.88888888888889,16.666666666666668,32.44290809019424,34.11111111111116,-0.05817072343040208,0.0,-0.5,-0.5,13.88888888888889,13.88888888888889
43,0.6000000000000001,False,0,4.0,True,14.010166666666667,17.206696047285714,22.34968333333374,-1.4780706431708337,-1.8599999999999959,0.0,0.0,13.88888888888889,13.88888888888889,16.666666666666668,33.020160904007305,35.50000000000002,-0.1468846421995873,-0.019999999999999574,-0.6000000000000001,-0.6000000000000001,13.88888888888889,13.88888888888889
43,0.7000000000000001,False,0,4.0,True,14.010166666666667,15.438782885532088,23.166361111108937,-1.7848372716561642,-1.899999999999999,0.0,0.0,13.88888888888889,13.88888888888889,16.666666666666668,36.70422044727896,36.61111111111111,0.20797717778571467,-0.009999999999999343,-0.7000000000000001,-0.7000000000000001,13.88888888888889,13.88888888888889
43,0.8,False,0,4.0,True,14.010166666666667,15.297903628023857,25.214794444444532,-1.65734915294202,-1.8799999999999994,0.0,0.0,13.88888888888889,13.88888888888889,16.666666666666668,37.232176237254606,37.44444444444444,0.6768108876471168,-2.220446049250313e-16,-0.8,-0.8,13.88888888888889,13.88888888888889
43,0.9,False,0,4.0,True,14.010166666666667,15.898642467191717,24.077744444444658,-1.628083439522648,-1.8900000000000028,0.0,0.0,13.88888888888889,13.88888888888889,16.666666666666668,34.19352263012738,37.99999999999999,0.37224364316391245,-0.02000000000000024,-0.9,-0.9,13.88888888888889,13.88888888888889
43,1.0,False,0,4.0,True,14.010166666666667,16.018963723335343,23.17321111111151,-1.5582440231313226,-1.7999999999999998,0.0,0.0,13.88888888888889,13.88888888888889,16.666666666666668,37.179628727698756,38.55555555555554,-0.29135759750132495,0.0,-1.0,-1.0,13.88888888888889,13.88888888888889
43,1.1,False,0,4.0,True,14.010166666666667,16.028088346822454,22.9706944444449,-1.749522137054849,-1.8799999999999981,0.0,0.0,13.88888888888889,13.88888888888889,16.666666666666668,37.186308708429095,38.83333333333333,-0.18425625044002336,-0.0499999999999996,-1.1,-1.1,13.88888888888889,13.88888888888889
43,1.2000000000000002,False,0,4.0,True,14.010166666666667,16.12427543850033,23.38477777777747,-1.843128940069499,-1.7999999999999998,0.0,0.0,13.88888888888889,13.88888888888889,16.666666666666668,39.03098080935488,39.11111111111111,0.6827783363781892,-0.07999999999999963,-1.2000000000000002,-1.2000000000000002,13.88888888888889,13.88888888888889
43,1.3,False,0,4.0,True,14.010166666666667,16.91914297195886,24.35813333333361,-1.618571493575362,-1.8899999999999997,0.0,0.0,13.88888888888889,13.88888888888889,16.666666666666668,35.478337664904785,39.388888888888886,0.453899986171014,-0.09000000000000008,-1.3,-1.3,13.88888888888889,13.88888888888889
43,1.4000000000000001,False,0,4.0,True,14.010166666666667,16.77298776007633,23.663833333333724,-1.6845971631360175,-1.8999999999999986,0.0,0.0,13.88888888888889,13.88888888888889,16.666666666666668,39.99800091029563,39.666666666666664,-0.1994665468486212,-0.08000000000000007,-1.4000000000000001,-1.4000000000000001,13.88888888888889,13.88888888888889
43,1.5,False,0,4.0,True,14.010166666666667,17.231274181113246,22.690827777778235,-1.8244292938883904,-1.7999999999999998,0.0,0.0,13.88888888888889,13.88888888888889,16.666666666666668,37.22968707826138,39.94444444444444,0.6923226348311382,-0.04999999999999982,-1.5,-1.5,13.88888888888889,13.88888888888889
43,1.6,False,0,4.0,True,14.010166666666667,14.624266693685751,22.58974444444483,-1.770519100107776,-1.879999999999999,0.0,0.0,13.88888888888889,13.88888888888889,16.666666666666668,39.26929065691341,39.94444444444444,-0.3558340500507884,-0.1599999999999997,-1.6,-1.6,13.88888888888889,13.88888888888889
43,1.7000000000000002,False,0,4.0,True,14.010166666666667,17.09677883595499,24.352272222222535,-1.377219007680638,-1.8300000000000005,0.0,0.0,13.88888888888889,13.88888888888889,16.666666666666668,38.968644504743374,40.22222222222222,-0.1222791135297927,-0.09999999999999964,-1.7000000000000002,-1.7000000000000002,13.88888888888889,13.88888888888889
44,0.0,False,0,4.0,True,16.666666666666668,-3.561633304841041,-4.266666666666583,1.2970498495461866,1.6,0.0,0.0,13.88888888888889,13.88888888888889,,,,,,,,,
44,0.1,False,0,4.0,True,14.010166666666667,17.064969865980895,22.687300000000374,0.314757498538333,0.34000000000000297,-0.1,-0.1,13.88888888888889,13.88888888888889,13.250872666666666,20.559517257676145,24.920356777778306,0.10092049879798015,-0.00999999999999579,-0.1,-0.1,13.88888888888889,13.88888888888889
44,0.2,False,0,4.0,True,14.010166666666667,17.14491349825796,22.626022222222684,-1.7579535721375281,-1.479999999999992,-0.2,-0.2,13.88888888888889,13.88888888888889,14.769166666666667,21.935129940650466,24.422150000000084,-0.26507048759167207,-0.019999999999997353,-0.2,-0.2,13.88888888888889,13.88888888888889
44,0.30000000000000004,False,0,4.0,True,14.010166666666667,16.84577110077505,24.155222222222573,-1.6909591351343016,-1.8899999999999975,0.0,0.0,13.88888888888889,13.88888888888889,16.666666666666668,28.695039805463193,29.00000000000004,0.06700384613574206,-0.020000000000001572,-0.30000000000000004,-0.30000000000000004,13.88888888888889,13.88888888888889
44,0.4,False,0,4.0,True,14.010166666666667,15.867888863280097,23.88568333333343,-1.659927336180232,-1.880000000000006,0.0,0.0,13.88888888888889,13.88888888888889,16.666666666666668,30.370998056178234,32.88888888888896,-0.7715565848685013,-6.661338147750939e-16,-0.4,-0.4,13.88888888888889,13.88888888888889
44,0.5,False,0,4.0,True,14.010166666666667,17.119903223944572,24.440544444444566,-1.6665917776129429,-1.85,0.0,0.0,13.88888888888889,13.88888888888889,16.666666666666668,33.60828222789925,35.11111111111116,0.7128997319458907,0.0,-0.5,-0.5,13.88888888888889,13.88888888888889
44,0.6000000000000001,False,0,4.0,True,14.010166666666667,16.652602622382755,22.54803333333383,-1.6631933933200873,-1.8599999999999959,0.0,0.0,13.88888888888889,13.88888888888889,16.666666666666668,34.9905013823604,36.50000000000002,0.04592803001544832,-0.019999999999999574,-0.6000000000000001,-0.6000000000000001,13.88888888888889,13.88888888888889
44,0.7000000000000001,False,0,4.0,True,14.010166666666667,14.604350000939444,23.470033333333657,-1.6787466909158308,-1.899999999999999,0.0,0.0,13.88888888888889,13.88888888888889,16.666666666666668,36.05112908225407,37.61111111111111,-0.00443542455217627,-0.009999999999999343,-0.7000000000000001,-0.7000000000000001,13.88888888888889,13.88888888888889
44,0.8,False,0,4.0,True,14.010166666666667,16.82058766721637,23.52962777777803,-1.7683431794217987,-1.8799999999999994,0.0,0.0,13.88888888888889,13.88888888888889,16.666666666666668,35.54469314566056,38.44444444444444,0.10855488324980822,-2.220446049250313e-16,-0.8,-0.8,13.88888888888889,13.88888888888889
44,0.9,False,0,4.0,True,14.010166666666667,17.234421794518195,25.26656666666673,-1.2439763736121907,-1.8900000000000028,0.0,0.0,13.88888888888889,13.88888888888889,16.666666666666668,36.277397085973256,38.99999999999999,-0.19415337128099508,-0.02000000000000024,-0.9,-0.9,13.88888888888889,13.88888888888889
44,1.0,False,0,4.0,True,14.010166666666667,16.47192180506745,23.753150000000186,-1.6266277217156662,-1.7999999999999998,0.0,0.0,13.88888888888889,13.88888888888889,16.666666666666668,39.284884915869284,39.55555555555554,-0.07923272520350744,0.0,-1.0,-1.0,13.88888888888889,13.88888888888889
44,1.1,False,0,4.0,True,14.010166666666667,16.12456394247125,23.60569999999917,-1.444540783293651,-1.8799999999999981,0.0,0.0,13.88888888888889,13.88888888888889,16.666666666666668,34.513901438563835,39.83333333333333,0.3946291257805967,-0.0499999999999996,-1.1,-1.1,13.88888888888889,13.88888888888889
44,1.2000000000000002,False,0,4.0,True,14.010166666666667,16.541343417638,23.242450000000314,-1.8515713166924257,-1.7999999999999998,0.0,0.0,13.88888888888889,13.88888888888889,16.666666666666668,36.68499987246724,40.11111111111111,-0.298215280383209,-0.07999999999999963,-1.2000000000000002,-1.2000000000000002,13.88888888888889,13.88888888888889
44,1.3,False,0,4.0,True,14.010166666666667,16.150221202685838,23.075327777775794,-1.7818158525174237,-1.8899999999999997,0.0,0.0,13.88888888888889,13.88888888888889,16.666666666666668,39.609470736077355,40.388888888888886,-0.5456733794303434,-0.09000000000000008,-1.3,-1.3,13.88888888888889,13.88888888888889
44,1.4000000000000001,False,0,4.0,True,14.010166666666667,17.054555844392336,22.637744444444973,-1.6697617164159484,-1.8999999999999986,0.0,0.0,13.88888888888889,13.88888888888889,16.666666666666668,38.076065770478365,40.66666666666667,0.014168446273761237,-0.08000000000000007,-1.4000000000000001,-1.4000000000000001,13.88888888888889,13.88888888888889
44,1.5,False,0,4.0,True,14.010166666666667,16.95868017075828,24.27197222222186,-1.62834798952739,-1.7999999999999998,0.0,0.0,13.88888888888889,13.88888888888889,16.666666666666668,38.658480186053694,40.94444444444444,0.36576064049406964,-0.04999999999999982,-1.5,-1.5,13.88888888888889,13.88888888888889
44,1.6,False,0,4.0,True,14.010166666666667,16.84945456073491,22.574783333333027,-1.8748659837171304,-1.879999999999999,0.0,0.0,13.88888888888889,13.88888888888889,16.666666666666668,40.874071691615484,40.94444444444444,-0.02118155036297331,-0.1599999999999997,-1.6,-1.6,13.88888888888889,13.88888888888889
44,1.7000000000000002,False,0,4.0,True,14.010166666666667,16.038495420367166,23.029833333329815,-1.8978131872577433,-1.8300000000000005,0.0,0.0,13.88888888888889,13.88888888888889,16.666666666666668,38.62274551066884,41.22222222222222,-0.0841171400759253,-0.09999999999999964,-1.7000000000000002,-1.7000000000000002,13.88888888888889,13.88888888888889
45,0.0,False,0,4.0,False,16.666666666666668,-0.740198921524768,-4.166666666666845,1.687284138484682,1.6,0.0,0.0,13.88888888888889,13.88888888888889,,,,,,,,,
45,0.1,False,0,4.0,True,14.010166666666667,16.003618716760325,21.93324444444472,0.6489338635132462,0.5000000000000022,-0.1,-0.1,13.88888888888889,13.88888888888889,13.250872666666666,25.194349242385368,25.187127177778375,-0.04082157811704401,-0.00999999999999579,-0.1,-0.1,13.88888888888889,13.88888888888889
45,0.2,False,0,4.0,True,14.010166666666667,16.888848545605878,23.631127777776964,-1.8149667477235594,-1.8999999999999955,0.0,0.0,13.88888888888889,13.88888888888889,14.010166666666667,23.601719426543536,24.928800000000034,0.46258004310140244,-0.019999999999997353,-0.2,-0.2,13.88888888888889,13.88888888888889
45,0.30000000000000004,False,0,4.0,True,14.010166666666667,16.573980572426517,23.058050000000417,-1.6547248405015786,-1.6400000000000046,-0.30000000000000004,-0.30000000000000004,13.88888888888889,13.88888888888889,16.666666666666668,24.685700835869536,30.00000000000004,-0.41596022936734944,-0.020000000000001572,-0.30000000000000004,-0.30000000000000004,13.88888888888889,13.88888888888889
45,0.4,False,0,4.0,True,14.010166666666667,16.900227328596156,22.66798888888935,-1.7203271126247524,-1.880000000000006,0.0,0.0,13.88888888888889,13.88888888888889,16.666666666666668,29.430449643778015,33.88888888888896,-0.020541996247469996,-6.661338147750939e-16,-0.4,-0.4,13.88888888888889,13.88888888888889
45,0.5,False,0,4.0,True,14.010166666666667,16.278989045924572,22.864816666666524,-1.8992254384517946,-1.85,0.0,0.0,13.88888888888889,13.88888888888889,16.666666666666668,33.41444945674699,36.11111111111116,0.25140502896539685,0.0,-0.5,-0.5,13.88888888888889,13.88888888888889
45,0.6000000000000001,False,0,4.0,True,14.010166666666667,16.84058968831813,22.696361111108,-1.4931622570737098,-1.8599999999999959,0.0,0.0,13.88888888888889,13.88888888888889,16.666666666666668,36.50155124734032,37.50000000000002,-0.45539576305248564,-0.019999999999999574,-0.6000000000000001,-0.6000000000000001,13.88888888888889,13.88888888888889
45,0.7000000000000001,False,0,4.0,True,14.010166666666667,17.133188537219734,24.078522222222528,-1.8991767370365584,-1.899999999999999,0.0,0.0,13.88888888888889,13.88888888888889,16.666666666666668,38.79429021044522,38.61111111111111,0.37764601016600485,-0.009999999999999343,-0.7000000000000001,-0.7000000000000001,13.88888888888889,13.88888888888889
45,0.8,False,0,4.0,True,14.010166666666667,15.21134899925094,23.540722222222666,-1.8338096375549904,-1.8799999999999994,0.0,0.0,13.88888888888889,13.88888888888889,16.666666666666668,39.72390500039529,39.44444444444444,-0.31988412074547456,-2.220446049250313e-16,-0.8,-0.8,13.88888888888889,13.88888888888889
45,0.9,False,0,4.0,True,14.010166666666667,15.87040953721056,22.932299999995063,-1.8634741798849195,-1.8900000000000028,0.0,0.0,13.88888888888889,13.88888888888889,16.666666666666668,35.97989921141045,39.99999999999999,0.3405774969307256,-0.02000000000000024,-0.9,-0.9,13.88888888888889,13.88888888888889
45,1.0,False,0,4.0,True,14.010166666666667,15.854098928995978,23.173988888889323,-1.6706657235651345,-1.7999999999999998,0.0,0.0,13.88888888888889,13.88888888888889,16.666666666666668,40.5964365914089,40.55555555555554,-0.20415847591895542,0.0,-1.0,-1.0,13.88888888888889,13.88888888888889
45,1.1,False,0,4.0,True,14.010166666666667,16.973072080098074,22.877349999998852,-1.7661590707036903,-1.8799999999999981,0.0,0.0,13.88888888888889,13.88888888888889,16.666666666666668,40.9444712073869,40.83333333333333,0.7801201693614797,-0.0499999999999996,-1.1,-1.1,13.88888888888889,13.88888888888889
45,1.2000000000000002,False,0,4.0,True,14.010166666666667,15.063457159601466,22.582627777775837,-1.8574070467537573,-1.7999999999999998,0.0,0.0,13.88888888888889,13.88888888888889,16.666666666666668,40.20868652377312,41.11111111111111,0.10241126052449978,-0.07999999999999963,-1.2000000000000002,-1.2000000000000002,13.88888888888889,13.88888888888889
45,1.3,False,0,4.0,True,14.010166666666667,16.32175645687722,22.82437222222283,-1.8705604374301927,-1.8899999999999997,0.0,0.0,13.88888888888889,13.88888888888889,16.666666666666668,40.19404623239248,41.388888888888886,0.27976505590116574,-0.09000000000000008,-1.3,-1.3,13.88888888888889,13.88888888888889
45,1.4000000000000001,False,0,4.0,True,14.010166666666667,16.5357568599003,25.12325000000011,-1.3750807133273861,-1.8999999999999986,0.0,0.0,13.88888888888889,13.88888888888889,16.666666666666668,40.16237069004559,41.66666666666667,0.4369751417050396,-0.08000000000000007,-1.4000000000000001,-1.4000000000000001,13.88888888888889,13.88888888888889
45,1.5,False,0,4.0,True,14.010166666666667,17.176245517791056,23.90182777777822,-1.801152562723124,-1.7999999999999998,0.0,0.0,13.88888888888889,13.88888888888889,16.666666666666668,40.315863247347295,41.94444444444444,-0.08400696714219635,-0.04999999999999982,-1.5,-1.5,13.88888888888889,13.88888888888889
45,1.6,False,0,4.0,True,14.010166666666667,14.812402625456553,23.269966666667028,-1.8370786900175475,-1.879999999999999,0.0,0.0,13.88888888888889,13.88888888888889,16.666666666666668,40.57377412547635,41.94444444444444,-0.22067586653905802,-0.1599999999999997,-1.6,-1.6,13.88888888888889,13.88888888888889
45,1.7000000000000002,False,0,4.0,True,14.010166666666667,16.063666814376614,24.473922222222324,-1.8595041800842464,-1.8300000000000005,0.0,0.0,13.88888888888889,13.88888888888889,16.666666666666668,40.52650083966002,42.22222222222222,-0.09865589961803001,-0.09999999999999964,-1.7000000000000002,-1.7000000000000002,13.88888888888889,13.88888888888889
46,0.0,False,0,4.0,False,16.666666666666668,-3.043753109773877,-4.277777777778101,1.3269466706397623,1.6,0.0,0.0,13.88888888888889,13.88888888888889,,,,,,,,,
46,0.1,False,0,4.0,True,14.010166666666667,16.930991662780468,23.127811111111225,0.034674827764803684,0.6500000000000017,-0.1,-0.1,13.88888888888889,13.88888888888889,13.250872666666666,27.111850530746107,27.3387181777784,-0.3948116369001613,-0.00999999999999579,-0.1,-0.1,13.88888888888889,13.88888888888889
46,0.2,False,0,4.0,True,14.010166666666667,16.2890325200522,23.314311111111532,-0.47357841805730816,-0.6599999999999953,-0.2,-0.2,13.88888888888889,13.88888888888889,14.769166666666667,20.62499877562392,24.91680000000009,0.15599896475980124,-0.019999999999997353,-0.2,-0.2,13.88888888888889,13.88888888888889
46,0.30000000000000004,False,0,4.0,True,14.010166666666667,15.308051142371095,23.7491111111115,-1.6332596826520982,-1.8899999999999975,-0.30000000000000004,0.0,13.88888888888889,13.88888888888889,16.666666666666668,29.20530566951005,31.00000000000004,0.5198937818351346,-0.020000000000001572,-0.30000000000000004,-0.30000000000000004,13.88888888888889,13.88888888888889
46,0.4,False,0,4.0,True,14.010166666666667,17.28438427372448,23.018311111110915,-1.8183631496705346,-1.880000000000006,0.0,0.0,13.88888888888889,13.88888888888889,16.666666666666668,34.99119384561929,34.88888888888896,0.8419947111363322,-6.661338147750939e-16,-0.4,-0.4,13.88888888888889,13.88888888888889
46,0.5,False,0,4.0,True,14.010166666666667,16.99402257799873,24.076561111111413,-1.8457618771194402,-1.85,0.0,0.0,13.88888888888889,13.88888888888889,16.666666666666668,36.1997387872876,37.11111111111116,0.6901344951498274,0.0,-0.5,-0.5,13.88888888888889,13.88888888888889
46,0.6000000000000001,False,0,4.0,True,14.010166666666667,16.624475887684536,22.757127777775008,-1.7816989118905686,-1.8599999999999959,0.0,0.0,13.88888888888889,13.88888888888889,16.666666666666668,35.896167342657215,38.50000000000002,0.3103012633884892,-0.019999999999999574,-0.6000000000000001,-0.6000000000000001,13.88888888888889,13.88888888888889
46,0.7000000000000001,False,0,4.0,True,14.010166666666667,16.1663991160495,23.028522222218907,-1.7214555141751628,-1.899999999999999,0.0,0.0,13.88888888888889,13.88888888888889,16.666666666666668,39.244268249620895,39.61111111111111,0.4885134582450257,-0.009999999999999343,-0.7000000000000001,-0.7000000000000001,13.88888888888889,13.88888888888889
46,0.8,False,0,4.0,True,14.010166666666667,15.996088974657606,23.190188888889065,-1.3697233102282353,-1.8799999999999994,0.0,0.0,13.88888888888889,13.88888888888889,16.666666666666668,38.91650696979717,40.44444444444444,0.12544226783238965,-2.220446049250313e-16,-0.8,-0.8,13.88888888888889,13.88888888888889
46,0.9,False,0,4.0,True,14.010166666666667,16.945159948981324,23.99706111111045,-1.799156343166694,-1.8900000000000028,0.0,0.0,13.88888888888889,13.88888888888889,16.666666666666668,39.80886975747536,40.99999999999999,-0.10756458174483607,-0.02000000000000024,-0.9,-0.9,13.88888888888889,13.88888888888889
46,1.0,False,0,4.0,True,14.010166666666667,16.808483839361383,23.856055555555923,-1.6800697478171172,-1.7999999999999998,0.0,0.0,13.88888888888889,13.88888888888889,16.666666666666668,41.8565173111528,41.55555555555554,0.047608070162344696,0.0,-1.0,-1.0,13.88888888888889,13.88888888888889
46,1.1,False,0,4.0,True,14.010166666666667,16.675682594703186,23.74858888888924,-1.6442368428856062,-1.8799999999999981,0.0,0.0,13.88888888888889,13.88888888888889,16.666666666666668,41.41782519743039,41.83333333333333,-0.12508121935390815,-0.0499999999999996,-1.1,-1.1,13.88888888888889,13.88888888888889
46,1.2000000000000002,False,0,4.0,True,14.010166666666667,16.892285575598844,23.81955555555582,-1.4807283207513808,-1.7999999999999998,0.0,0.0,13.88888888888889,13.88888888888889,16.666666666666668,40.8567365750684,42.11111111111111,0.22437172169226072,-0.07999999999999963,-1.2000000000000002,-1.2000000000000002,13.88888888888889,13.88888888888889
46,1.3,False,0,4.0,True,14.010166666666667,16.605744939651782,23.750038888889332,-1.6622572828646904,-1.8899999999999997,0.0,0.0,13.88888888888889,13.88888888888889,16.666666666666668,38.053282996218215,42.388888888888886,0.3691029938522261,-0.09000000000000008,-1.3,-1.3,13.88888888888889,13.88888888888889
46,1.4000000000000001,False,0,4.0,True,14.010166666666667,15.516936972183526,22.435600000000658,-1.8483698019091617,-1.8999999999999986,0.0,0.0,13.88888888888889,13.88888888888889,16.666666666666668,38.290558242712486,42.66666666666667,0.2947586255275976,-0.08000000000000007,-1.4000000000000001,-1.4000000000000001,13.88888888888889,13.88888888888889
46,1.5,False,0,4.0,True,14.010166666666667,15.451598435875905,22.638288888888734,-1.6958230152930716,-1.7999999999999998,0.0,0.0,13.88888888888889,13.88888888888889,16.666666666666668,40.21151272833717,42.94444444444444,-0.3424557658045213,-0.04999999999999982,-1.5,-1.5,13.88888888888889,13.88888888888889
46,1.6,False,0,4.0,True,14.010166666666667,16.466002980387184,23.41487222222268,-1.3523967062947646,-1.879999999999999,0.0,0.0,13.88888888888889,13.88888888888889,16.666666666666668,41.676821166810754,42.94444444444444,0.08650177898031464,-0.1599999999999997,-1.6,-1.6,13.88888888888889,13.88888888888889
46,1.7000000000000002,False,0,4.0,True,14.010166666666667,16.29776782726371,22.99730555555588,-1.533370907659223,-1.8300000000000005,0.0,0.0,13.88888888888889,13.88888888888889,16.666666666666668,43.05337522302481,43.22222222222222,-0.3644616248004704,-0.09999999999999964,-1.7000000000000002,-1.7000000000000002,13.88888888888889,13.88888888888889
47,0.0,False,0,4.0,False,16.666666666666668,-1.351018095404572,-4.211111111110642,1.5391901946243802,1.6,0.0,0.0,13.88888888888889,13.88888888888889,,,,,,,,,
47,0.1,False,0,4.0,True,14.010166666666667,16.127025432585594,21.864561111109946,-0.5837687062740153,-0.3400000000000005,-0.1,-0.1,13.88888888888889,13.88888888888889,14.010166666666667,20.90454871818248,22.264777777777976,0.26206347012250886,-0.00999999999999579,-0.1,-0.1,13.88888888888889,13.88888888888889
47,0.2,False,0,4.0,True,14.010166666666667,16.438890900146713,22.213944444442927,-1.4775690386758755,-1.8999999999999955,0.0,0.0,13.88888888888889,13.88888888888889,14.769166666666667,26.078425547022913,25.891500000000075,0.08449005243857433,-0.019999999999997353,-0.2,-0.2,13.88888888888889,13.88888888888889
47,0.30000000000000004,False,0,4.0,True,14.010166666666667,16.098467577756775,22.82868888888863,-1.6945417942561123,-1.8899999999999975,0.0,0.0,13.88888888888889,13.88888888888889,16.666666666666668,30.144809034221193,32.00000000000004,0.07385417170466857,-0.020000000000001572,-0.30000000000000004,-0.30000000000000004,13.88888888888889,13.88888888888889
47,0.4,False,0,4.0,True,14.010166666666667,16.28265486394299,23.386683333333632,-1.4315954587600026,-1.880000000000006,0.0,0.0,13.88888888888889,13.88888888888889,16.666666666666668,34.64379477151243,35.88888888888896,-0.13031805556453246,-6.661338147750939e-16,-0.4,-0.4,13.88888888888889,13.88888888888889
47,0.5,False,0,4.0,True,14.010166666666667,16.568932712911288,23.468733333333756,-1.5846378028317232,-1.85,0.0,0.0,13.88888888888889,13.88888888888889,16.666666666666668,36.28203689021581,38.11111111111116,0.4229843255885899,0.0,-0.5,-0.5,13.88888888888889,13.88888888888889
47,0.6000000000000001,False,0,4.0,True,14.010166666666667,15.90642514675643,22.524683333333865,-1.8003989859127036,-1.8599999999999959,0.0,0.0,13.88888888888889,13.88888888888889,16.666666666666668,38.23283955108294,39.50000000000002,0.2722957640237018,-0.019999999999999574,-0.6000000000000001,-0.6000000000000001,13.88888888888889,13.88888888888889
47,0.7000000000000001,False,0,4.0,True,14.010166666666667,16.897637126719484,22.373516666658713,-1.8255167598791529,-1.899999999999999,0.0,0.0,13.88888888888889,13.88888888888889,16.666666666666668,40.754768034194065,40.61111111111111,-0.08961967109715374,-0.009999999999999343,-0.7000000000000001,-0.7000000000000001,13.88888888888889,13.88888888888889
47,0.8,False,0,4.0,True,14.010166666666667,17.282976998037594,24.19239444444487,-1.5410615298567207,-1.8799999999999994,0.0,0.0,13.88888888888889,13.88888888888889,16.666666666666668,40.227306451572915,41.44444444444444,-0.09332826738359623,-2.220446049250313e-16,-0.8,-0.8,13.88888888888889,13.88888888888889
47,0.9,False,0,4.0,True,14.010166666666667,15.420850811127973,23.488694444444814,-1.7855074714544308,-1.8900000000000028,0.0,0.0,13.88888888888889,13.88888888888889,16.666666666666668,41.722664408817856,41.99999999999999,0.1758548891520224,-0.02000000000000024,-0.9,-0.9,13.88888888888889,13.88888888888889
47,1.0,False,0,4.0,True,14.010166666666667,16.053965384084716,24.129783333333602,-1.8599480934484036,-1.7999999999999998,0.0,0.0,13.88888888888889,13.88888888888889,16.666666666666668,41.48217664718179,42.55555555555554,-0.26050333832605843,0.0,-1.0,-1.0,13.88888888888889,13.88888888888889
47,1.1,False,0,4.0,True,14.010166666666667,15.405996697560038,23.689761111111448,-1.7939810088187331,-1.8799999999999981,0.0,0.0,13.88888888888889,13.88888888888889,16.666666666666668,43.10453408887824,42.83333333333333,-0.2033328040008433,-0.0499999999999996,-1.1,-1.1,13.88888888888889,13.88888888888889
47,1.2000000000000002,False,0,4.0,True,14.010166666666667,17.231267767916773,22.8590388888892,-1.6661375008307728,-1.7999999999999998,0.0,0.0,13.88888888888889,13.88888888888889,16.666666666666668,41.985401288401,43.11111111111111,0.1387412484444983,-0.07999999999999963,-1.2000000000000002,-1.2000000000000002,13.88888888888889,13.88888888888889
47,1.3,False,0,4.0,True,14.010166666666667,16.731115549971843,23.78248888888923,-1.3233298473295416,-1.8899999999999997,0.0,0.0,13.88888888888889,13.88888888888889,16.666666666666668,40.116074947960854,43.388888888888886,-0.3595275413213874,-0.09000000000000008,-1.3,-1.3,13.88888888888889,13.88888888888889
47,1.4000000000000001,False,0,4.0,True,14.010166666666667,16.72874993074218,24.069261111111427,-1.8123462226453375,-1.8999999999999986,0.0,0.0,13.88888888888889,13.88888888888889,16.666666666666668,38.04807995764825,43.66666666666667,0.3792383695587631,-0.08000000000000007,-1.4000000000000001,-1.4000000000000001,13.88888888888889,13.88888888888889
47,1.5,False,0,4.0,True,14.010166666666667,16.911971491875715,23.505233333333745,-1.6080576691792592,-1.7999999999999998,0.0,0.0,13.88888888888889,13.88888888888889,16.666666666666668,42.47431826084856,43.94444444444444,0.22054479353122014,-0.04999999999999982,-1.5,-1.5,13.88888888888889,13.88888888888889
47,1.6,False,0,4.0,True,14.010166666666667,11.510750500952849,22.806116666667105,-1.5051783525687128,-1.879999999999999,0.0,0.0,13.88888888888889,13.88888888888889,16.666666666666668,42.47041427360762,43.94444444444444,-0.5331091936653822,-0.1599999999999997,-1.6,-1.6,13.88888888888889,13.88888888888889
47,1.7000000000000002,False,0,4.0,True,14.010166666666667,12.460408252994522,23.982277777778034,-1.4593861717009797,-1.8300000000000005,0.0,0.0,13.88888888888889,13.88888888888889,16.666666666666668,41.458240829666984,44.22222222222222,0.15203326282645468,-0.09999999999999964,-1.7000000000000002,-1.7000000000000002,13.88888888888889,13.88888888888889
48,0.0,False,0,4.0,False,16.666666666666668,-3.2595289944893464,-4.222222222222842,1.708966366890576,1.6,0.0,0.0,13.88888888888889,13.88888888888889,,,,,,,,,
48,0.1,False,0,4.0,True,14.010166666666667,13.983426380363948,22.80688333333371,0.2777299357649272,0.28000000000000336,-0.1,-0.1,13.88888888888889,13.88888888888889,13.250872666666666,21.621807561260805,24.657130377778213,-0.1830798570316876,-0.00999999999999579,-0.1,-0.1,13.88888888888889,13.88888888888889
48,0.2,False,0,4.0,True,14.010166666666667,14.962992843815623,23.241161111111534,-1.2704116983271496,-1.199999999999993,-0.2,-0.2,13.88888888888889,13.88888888888889,15.907666666666668,23.16026232096503,25.81624999999998,0.23220044469574175,-0.019999999999997353,-0.2,-0.2,13.88888888888889,13.88888888888889
48,0.30000000000000004,False,0,4.0,True,14.010166666666667,16.976379623796117,22.899666666663574,-1.072042247668774,-1.8899999999999975,0.0,0.0,13.88888888888889,13.88888888888889,16.666666666666668,30.174233672541003,33.00000000000004,-0.16472801142984617,-0.020000000000001572,-0.30000000000000004,-0.30000000000000004,13.88888888888889,13.88888888888889
48,0.4,False,0,4.0,True,14.010166666666667,17.195254707535764,24.04304444444467,-1.7077118648221354,-1.880000000000006,0.0,0.0,13.88888888888889,13.88888888888889,16.666666666666668,35.169035865440634,36.88888888888896,0.06053862535184029,-6.661338147750939e-16,-0.4,-0.4,13.88888888888889,13.88888888888889
48,0.5,False,0,4.0,True,14.010166666666667,16.734273691778082,22.84175555555323,-1.774045806138033,-1.85,0.0,0.0,13.88888888888889,13.88888888888889,16.666666666666668,37.91401508467712,39.11111111111116,-0.03600488546501546,0.0,-0.5,-0.5,13.88888888888889,13.88888888888889
48,0.6000000000000001,False,0,4.0,True,14.010166666666667,16.47079532248811,23.476288888889325,-1.4318202794674433,-1.8599999999999959,0.0,0.0,13.88888888888889,13.88888888888889,16.666666666666668,37.678821672949645,40.50000000000002,0.474051516048275,-0.019999999999999574,-0.6000000000000001,-0.6000000000000001,13.88888888888889,13.88888888888889
48,0.7000000000000001,False,0,4.0,True,14.010166666666667,14.576603340527651,22.97423333333263,-1.778317174903739,-1.899999999999999,0.0,0.0,13.88888888888889,13.88888888888889,16.666666666666668,41.82204652156475,41.61111111111111,-0.2755451808181517,-0.009999999999999343,-0.7000000000000001,-0.7000000000000001,13.88888888888889,13.88888888888889
48,0.8,False,0,4.0,True,14.010166666666667,16.440517027892735,23.39011666666597,-1.4166251226407982,-1.8799999999999994,0.0,0.0,13.88888888888889,13.88888888888889,16.666666666666668,41.12133675325232,42.44444444444444,-0.5280488492243491,-2.220446049250313e-16,-0.8,-0.8,13.88888888888889,13.88888888888889
48,0.9,False,0,4.0,True,14.010166666666667,15.06842357374104,22.931061111110875,-1.8272250336606501,-1.8900000000000028,0.0,0.0,13.88888888888889,13.88888888888889,16.666666666666668,41.73691940794922,42.99999999999999,-0.04758158247971411,-0.02000000000000024,-0.9,-0.9,13.88888888888889,13.88888888888889
48,1.0,False,0,4.0,True,14.010166666666667,16.079249068193587,23.227116666664823,-1.5893649609309082,-1.7999999999999998,0.0,0.0,13.88888888888889,13.88888888888889,16.666666666666668,41.8791515346923,43.55555555555554,0.24277383620566395,0.0,-1.0,-1.0,13.88888888888889,13.88888888888889
48,1.1,False,0,4.0,True,14.010166666666667,16.249676274950144,23.195783333333775,-1.312980317634505,-1.8799999999999981,0.0,0.0,13.88888888888889,13.88888888888889,16.666666666666668,42.679845310537004,43.83333333333333,0.07370727308838032,-0.0499999999999996,-1.1,-1.1,13.88888888888889,13.88888888888889
48,1.2000000000000002,False,0,4.0,True,14.010166666666667,17.184729712292732,22.778216666666435,-1.7186540263269114,-1.7999999999999998,0.0,0.0,13.88888888888889,13.88888888888889,16.666666666666668,41.498909752253304,44.11111111111111,0.2956722500503486,-0.07999999999999963,-1.2000000000000002,-1.2000000000000002,13.88888888888889,13.88888888888889
48,1.3,False,0,4.0,True,14.010166666666667,16.105480331778335,22.72419444444493,-1.3845158774485093,-1.8899999999999997,0.0,0.0,13.88888888888889,13.88888888888889,16.666666666666668,39.94592727557624,44.388888888888886,0.5982370371763586,-0.09000000000000008,-1.3,-1.3,13.88888888888889,13.88888888888889
48,1.4000000000000001,False,0,4.0,True,14.010166666666667,16.815787278043,24.024822222222337,-1.7146077492148937,-1.8999999999999986,0.0,0.0,13.88888888888889,13.88888888888889,16.666666666666668,41.42109391583648,44.66666666666667,0.24522903931626905,-0.08000000000000007,-1.4000000000000001,-1.4000000000000001,13.88888888888889,13.88888888888889
48,1.5,False,0,4.0,True,14.010166666666667,17.194812971521866,24.341711111111476,-1.2300397693807774,-1.7999999999999998,0.0,0.0,13.88888888888889,13.88888888888889,16.666666666666668,43.4645820818144,44.94444444444444,-0.24726590331651543,-0.04999999999999982,-1.5,-1.5,13.88888888888889,13.88888888888889
48,1.6,False,0,4.0,True,14.010166666666667,15.613466967826195,22.998544444439414,-1.6754376013781698,-1.879999999999999,0.0,0.0,13.88888888888889,13.88888888888889,16.666666666666668,45.469351961370094,44.94444444444444,0.003727210686590654,-0.1599999999999997,-1.6,-1.6,13.88888888888889,13.88888888888889
48,1.7000000000000002,False,0,4.0,True,14.010166666666667,15.40278690338398,24.376122222222488,-1.6236106228329148,-1.8300000000000005,0.0,0.0,13.88888888888889,13.88888888888889,16.666666666666668,42.65888448937788,45.22222222222222,-0.022679616610115527,-0.09999999999999964,-1.7000000000000002,-1.7000000000000002,13.88888888888889,13.88888888888889
49,0.0,False,0,4.0,False,16.666666666666668,-0.13335339502758625,-4.266666666665901,1.5979103933575214,1.6,0.0,0.0,13.88888888888889,13.88888888888889,,,,,,,,,
49,0.1,False,0,4.0,True,14.010166666666667,16.95170388463465,22.50172777777824,0.11683658594653057,0.08000000000000385,-0.1,-0.1,13.88888888888889,13.88888888888889,13.250872666666666,21.283218869905834,23.07594237777816,-0.03999307809636643,-0.00999999999999579,-0.1,-0.1,13.88888888888889,13.88888888888889
49,0.2,False,0,4.0,True,14.010166666666667,16.84615020623887,24.014622222222595,-1.1658110376002555,-0.7599999999999949,-0.2,-0.2,13.88888888888889,13.88888888888889,15.907666666666668,26.1466303563795,26.66444999999997,-0.11219275037064103,-0.019999999999997353,-0.2,-0.2,13.88888888888889,13.88888888888889
49,0.30000000000000004,False,0,4.0,True,14.010166666666667,17.076874058316047,22.811827777778188,-1.8827675277634268,-1.8800000000000026,-0.30000000000000004,-0.30000000000000004,13.88888888888889,13.88888888888889,16.666666666666668,33.890078061583324,34.00000000000003,0.6213740488601007,-0.020000000000001572,-0.30000000000000004,-0.30000000000000004,13.88888888888889,13.88888888888889
49,0.4,False,0,4.0,True,14.010166666666667,17.00058884387776,24.094294444444625,-1.622726482962502,-1.880000000000006,0.0,0.0,13.88888888888889,13.88888888888889,16.666666666666668,37.82923948156453,37.88888888888896,0.022378207938924755,-6.661338147750939e-16,-0.4,-0.4,13.88888888888889,13.88888888888889
49,0.5,False,0,4.0,True,14.010166666666667,16.83241294451143,23.868216666665216,-1.6927605090378122,-1.85,0.0,0.0,13.88888888888889,13.88888888888889,16.666666666666668,37.36708360898268,40.11111111111116,0.5145265844520566,0.0,-0.5,-0.5,13.88888888888889,13.88888888888889
49,0.6000000000000001,False,0,4.0,True,14.010166666666667,16.796513322743134,22.627300000000456,-1.7996712129985697,-1.8599999999999959,0.0,0.0,13.88888888888889,13.88888888888889,16.666666666666668,40.44508810059049,41.50000000000002,0.4962666452848863,-0.019999999999999574,-0.6000000000000001,-0.6000000000000001,13.88888888888889,13.88888888888889
49,0.7000000000000001,False,0,4.0,True,14.010166666666667,16.53360649286442,22.979061111109967,-1.7039056520423952,-1.899999999999999,0.0,0.0,13.88888888888889,13.88888888888889,16.666666666666668,38.632020238140264,42.61111111111111,0.20714404323952573,-0.009999999999999343,-0.7000000000000001,-0.7000000000000001,13.88888888888889,13.88888888888889
49,0.8,False,0,4.0,True,14.010166666666667,17.24128695122449,23.963149999998972,-1.79870562147173,-1.8799999999999994,0.0,0.0,13.88888888888889,13.88888888888889,16.666666666666668,42.67130949620427,43.44444444444444,0.0882390931665642,-2.220446049250313e-16,-0.8,-0.8,13.88888888888889,13.88888888888889
49,0.9,False,0,4.0,True,14.010166666666667,14.329273006130233,22.614533333333878,-1.4774759503161279,-1.8900000000000028,0.0,0.0,13.88888888888889,13.88888888888889,16.666666666666668,42.651494355627115,43.99999999999999,0.6279765792759524,-0.02000000000000024,-0.9,-0.9,13.88888888888889,13.88888888888889
49,1.0,False,0,4.0,True,14.010166666666667,16.948830496476926,22.640355555556123,-1.600754744927325,-1.7999999999999998,0.0,0.0,13.88888888888889,13.88888888888889,16.666666666666668,43.359641127326014,44.55555555555554,0.22533776112717563,0.0,-1.0,-1.0,13.88888888888889,13.88888888888889
49,1.1,False,0,4.0,True,14.010166666666667,16.643614733659586,24.812211111111264,-1.6209602090541975,-1.8799999999999981,0.0,0.0,13.88888888888889,13.88888888888889,16.666666666666668,45.018977825784816,44.83333333333333,0.41059832406307484,-0.0499999999999996,-1.1,-1.1,13.88888888888889,13.88888888888889
49,1.2000000000000002,False,0,4.0,True,14.010166666666667,16.289963034583774,23.766205555555967,-1.8873119926045343,-1.7999999999999998,0.0,0.0,13.88888888888889,13.88888888888889,16.666666666666668,39.582740860103094,45.11111111111111,0.5299242256048449,-0.07999999999999963,-1.2000000000000002,-1.2000000000000002,13.88888888888889,13.88888888888889
49,1.3,False,0,4.0,True,14.010166666666667,17.005561699746703,23.629549999999494,-1.8149705305640649,-1.8899999999999997,0.0,0.0,13.88888888888889,13.88888888888889,16.666666666666668,41.2499830055299,45.388888888888886,-0.17928653288326246,-0.09000000000000008,-1.3,-1.3,13.88888888888889,13.88888888888889
49,1.4000000000000001,False,0,4.0,True,14.010166666666667,16.68150775937762,23.78993888888935,-1.755136863188865,-1.8999999999999986,0.0,0.0,13.88888888888889,13.88888888888889,16.666666666666668,43.93294248197985,45.66666666666667,0.04338380313146728,-0.08000000000000007,-1.4000000000000001,-1.4000000000000001,13.88888888888889,13.88888888888889
49,1.5,False,0,4.0,True,14.010166666666667,15.894549041682676,22.879777777778298,-1.4668368212135514,-1.7999999999999998,0.0,0.0,13.88888888888889,13.88888888888889,16.666666666666668,46.14247437493877,45.94444444444444,0.4498737472186516,-0.04999999999999982,-1.5,-1.5,13.88888888888889,13.88888888888889
49,1.6,False,0,4.0,True,14.010166666666667,16.895727466790287,22.02317222221843,-1.7805499347715132,-1.879999999999999,0.0,0.0,13.88888888888889,13.88888888888889,16.666666666666668,45.80216759693515,45.94444444444444,-0.2919550610350585,-0.1599999999999997,-1.6,-1.6,13.88888888888889,13.88888888888889
49,1.7000000000000002,False,0,4.0,True,14.010166666666667,16.73453153422359,22.966238888889233,-1.7887487780048,-1.8300000000000005,0.0,0.0,13.88888888888889,13.88888888888889,16.666666666666668,43.45416656736992,46.22222222222222,0.8371056491283775,-0.09999999999999964,-1.7000000000000002,-1.7000000000000002,13.88888888888889,13.88888888888889
50,0.0,False,0,4.0,False,16.666666666666668,-2.8157475838295225,-4.166666666667527,1.5790288047525625,1.6,0.0,0.0,13.88888888888889,13.88888888888889,,,,,,,,,
50,0.1,False,0,4.0,True,14.010166666666667,17.000371598172972,22.72601666666709,0.18488700831289862,0.4000000000000026,-0.1,-0.1,13.88888888888889,13.88888888888889,13.250872666666666,25.265628412687345,25.341883177778396,0.08635436001332564,-0.00999999999999579,-0.1,-0.1,13.88888888888889,13.88888888888889
50,0.2,False,0,4.0,True,14.010166666666667,17.00731200087993,23.14868888888925,-1.1624210440678029,-0.9999999999999938,-0.2,-0.2,13.88888888888889,13.88888888888889,16.666666666666668,23.027318961751444,27.50000000000001,-0.15971420949878912,-0.019999999999997353,-0.2,-0.2,13.88888888888889,13.88888888888889
50,0.30000000000000004,False,0,4.0,True,14.010166666666667,15.700207507032683,23.786933333333717,-1.8471097774524232,-1.8899999999999975,0.0,0.0,13.88888888888889,13.88888888888889,16.666666666666668,33.77112333723883,35.00000000000003,-0.012759720320860035,-0.020000000000001572,-0.30000000000000004,-0.30000000000000004,13.88888888888889,13.88888888888889
50,0.4,False,0,4.0,True,14.010166666666667,15.222568036086795,22.654988888887384,-1.7744442811508851,-1.880000000000006,0.0,0.0,13.88888888888889,13.88888888888889,16.666666666666668,38.02268255492247,38.88888888888896,-0.022350489982481347,-6.661338147750939e-16,-0.4,-0.4,13.88888888888889,13.88888888888889
50,0.5,False,0,4.0,True,14.010166666666667,15.753529727993236,25.53692777777807,-1.8700051482857254,-1.85,0.0,0.0,13.88888888888889,13.88888888888889,16.666666666666668,38.188233973229245,41.11111111111116,-0.0034673347258860066,0.0,-0.5,-0.5,13.88888888888889,13.88888888888889
50,0.6000000000000001,False,0,4.0,True,14.010166666666667,16.355631432556873,23.473933333333672,-1.8916756277374653,-1.8599999999999959,0.0,0.0,13.88888888888889,13.88888888888889,16.666666666666668,42.557761644065046,42.50000000000002,0.10876114922681834,-0.019999999999999574,-0.6000000000000001,-0.6000000000000001,13.88888888888889,13.88888888888889
50,0.7000000000000001,False,0,4.0,True,14.010166666666667,16.85069903299161,23.47642777777828,-1.6763409661519009,-1.899999999999999,0.0,0.0,13.88888888888889,13.88888888888889,16.666666666666668,41.01038991861913,43.61111111111111,-0.1648419840603812,-0.009999999999999343,-0.7000000000000001,-0.7000000000000001,13.88888888888889,13.88888888888889
50,0.8,False,0,4.0,True,14.010166666666667,14.998540315026116,23.445149999999114,-1.7863011620451723,-1.8799999999999994,0.0,0.0,13.88888888888889,13.88888888888889,16.666666666666668,41.536669280810884,44.44444444444444,0.17268947566267645,-2.220446049250313e-16,-0.8,-0.8,13.88888888888889,13.88888888888889
50,0.9,False,0,4.0,True,14.010166666666667,15.674955119719481,24.185988888889238,-1.049556434502311,-1.8900000000000028,0.0,0.0,13.88888888888889,13.88888888888889,16.666666666666668,41.030079607970755,44.99999999999999,-0.1983052041385749,-0.02000000000000024,-0.9,-0.9,13.88888888888889,13.88888888888889
50,1.0,False,0,4.0,True,14.010166666666667,17.19500879438895,23.97053333333353,-1.7205611253030462,-1.7999999999999998,0.0,0.0,13.88888888888889,13.88888888888889,16.666666666666668,42.30581025587516,45.55555555555554,-0.48945028723358064,0.0,-1.0,-1.0,13.88888888888889,13.88888888888889
50,1.1,False,0,4.0,True,14.010166666666667,16.630289977509744,22.346977777774622,-1.5276843845285115,-1.8799999999999981,0.0,0.0,13.88888888888889,13.88888888888889,16.666666666666668,40.26579459158705,45.83333333333333,0.1910048966530633,-0.0499999999999996,-1.1,-1.1,13.88888888888889,13.88888888888889
50,1.2000000000000002,False,0,4.0,True,14.010166666666667,16.924576122998882,23.622483333333786,-1.8594773008859447,-1.7999999999999998,0.0,0.0,13.88888888888889,13.88888888888889,16.666666666666668,41.85148499510701,46.11111111111111,0.028738688924406564,-0.07999999999999963,-1.2000000000000002,-1.2000000000000002,13.88888888888889,13.88888888888889
50,1.3,False,0,4.0,True,14.010166666666667,16.60121347120413,23.224527777774096,-1.850748895191955,-1.8899999999999997,0.0,0.0,13.88888888888889,13.88888888888889,16.666666666666668,39.48413292598562,46.388888888888886,0.7877188343341843,-0.09000000000000008,-1.3,-1.3,13.88888888888889,13.88888888888889
50,1.4000000000000001,False,0,4.0,True,14.010166666666667,17.198676532939782,22.683477777771667,-1.4945281988410308,-1.8999999999999986,0.0,0.0,13.88888888888889,13.88888888888889,16.666666666666668,44.0730716336582,46.66666666666667,0.42133314610787265,-0.08000000000000007,-1.4000000000000001,-1.4000000000000001,13.88888888888889,13.88888888888889
50,1.5,False,0,4.0,True,14.010166666666667,17.068419209044333,23.792388888889075,-1.7544625998863022,-1.7999999999999998,0.0,0.0,13.88888888888889,13.88888888888889,16.666666666666668,43.13355114108063,46.94444444444444,0.7889500561766782,-0.04999999999999982,-1.5,-1.5,13.88888888888889,13.88888888888889
50,1.6,False,0,4.0,True,14.010166666666667,16.648311798786875,24.78912777777789,-1.4987587954828077,-1.879999999999999,0.0,0.0,13.88888888888889,13.88888888888889,16.666666666666668,45.78056011706089,46.94444444444444,0.09149987436307794,-0.1599999999999997,-1.6,-1.6,13.88888888888889,13.88888888888889
50,1.7000000000000002,False,0,4.0,True,14.010166666666667,17.219730935417356,24.42906666666688,-1.6899793880070124,-1.8300000000000005,0.0,0.0,13.88888888888889,13.88888888888889,16.666666666666668,47.8395447604126,47.22222222222222,0.10122869754108832,-0.09999999999999964,-1.7000000000000002,-1.7000000000000002,13.88888888888889,13.88888888888889
51,0.0,False,0,4.0,True,16.666666666666668,-2.8498835461792735,-4.27777777777884,1.4246281212609868,1.6,0.0,0.0,13.88888888888889,13.88888888888889,,,,,,,,,
51,0.1,False,0,4.0,True,14.010166666666667,17.30664508925663,23.128738888889313,0.017513933155640427,0.21000000000000352,-0.1,-0.1,13.88888888888889,13.88888888888889,13.250872666666666,24.61130327504993,24.53237457777818,-0.059288698473079604,-0.00999999999999579,-0.1,-0.1,13.88888888888889,13.88888888888889
51,0.2,False,0,4.0,True,14.010166666666667,16.841795422920494,23.50307222221961,-1.4680479702764704,-1.8999999999999955,0.0,0.0,13.88888888888889,13.88888888888889,16.666666666666668,25.591350494663157,28.50000000000001,-0.4649917685908327,-0.019999999999997353,-0.2,-0.2,13.88888888888889,13.88888888888889
51,0.30000000000000004,False,0,4.0,True,14.010166666666667,16.951799803021412,22.652100000000086,-1.8177178429481806,-1.8899999999999975,0.0,0.0,13.88888888888889,13.88888888888889,16.666666666666668,35.96497512417184,36.00000000000003,0.552567092501246,-0.020000000000001572,-0.30000000000000004,-0.30000000000000004,13.88888888888889,13.88888888888889
51,0.4,False,0,4.0,True,14.010166666666667,16.991525670542,22.723877777773748,-1.2896478254131938,-1.880000000000006,0.0,0.0,13.88888888888889,13.88888888888889,16.666666666666668,40.469036538596924,39.88888888888896,-0.4368230820223191,-6.661338147750939e-16,-0.4,-0.4,13.88888888888889,13.88888888888889
51,0.5,False,0,4.0,True,14.010166666666667,15.792196804631498,22.6251166666657,-1.8083273680023202,-1.85,0.0,0.0,13.88888888888889,13.88888888888889,16.666666666666668,39.44115453610789,42.11111111111116,-0.1324064079493521,0.0,-0.5,-0.5,13.88888888888889,13.88888888888889
51,0.6000000000000001,False,0,4.0,True,14.010166666666667,17.292719374457658,22.147083333327725,-1.7485633277228887,-1.8599999999999959,0.0,0.0,13.88888888888889,13.88888888888889,16.666666666666668,43.888454947703785,43.50000000000002,-0.2723503392078346,-0.019999999999999574,-0.6000000000000001,-0.6000000000000001,13.88888888888889,13.88888888888889
51,0.7000000000000001,False,0,4.0,True,14.010166666666667,16.98865072875544,24.269850000000456,-1.148754017174165,-1.899999999999999,0.0,0.0,13.88888888888889,13.88888888888889,16.666666666666668,44.36208413569478,44.61111111111111,-0.12302417841315316,-0.009999999999999343,-0.7000000000000001,-0.7000000000000001,13.88888888888889,13.88888888888889
51,0.8,False,0,4.0,True,14.010166666666667,16.743112980915907,22.74732222222043,-1.3808588893025389,-1.8799999999999994,0.0,0.0,13.88888888888889,13.88888888888889,16.666666666666668,45.847922378817955,45.44444444444444,0.05253831344909954,-2.220446049250313e-16,-0.8,-0.8,13.88888888888889,13.88888888888889
51,0.9,False,0,4.0,True,14.010166666666667,14.892315700166943,23.101288888884948,-1.4852798902720838,-1.8900000000000028,0.0,0.0,13.88888888888889,13.88888888888889,16.666666666666668,45.34643479325556,45.99999999999999,-0.3028749791872687,-0.02000000000000024,-0.9,-0.9,13.88888888888889,13.88888888888889
51,1.0,False,0,4.0,True,14.010166666666667,16.534385396961436,23.426477777778228,-1.8810921984065307,-1.7999999999999998,0.0,0.0,13.88888888888889,13.88888888888889,16.666666666666668,45.99584190058404,46.55555555555554,-0.5685224701853189,0.0,-1.0,-1.0,13.88888888888889,13.88888888888889
51,1.1,False,0,4.0,True,14.010166666666667,17.27566232270028,22.638811111109998,-1.8321441575051716,-1.8799999999999981,0.0,0.0,13.88888888888889,13.88888888888889,16.666666666666668,42.22241535086748,46.83333333333333,-0.05760683091594698,-0.0499999999999996,-1.1,-1.1,13.88888888888889,13.88888888888889
51,1.2000000000000002,False,0,4.0,True,14.010166666666667,16.580577424160037,22.217416666667315,-1.80459740830017,-1.7999999999999998,0.0,0.0,13.88888888888889,13.88888888888889,16.666666666666668,42.69609239515339,47.11111111111111,0.5661330395521675,-0.07999999999999963,-1.2000000000000002,-1.2000000000000002,13.88888888888889,13.88888888888889
51,1.3,False,0,4.0,True,14.010166666666667,17.194859104053773,22.769894444441785,-1.4474664342592312,-1.8899999999999997,0.0,0.0,13.88888888888889,13.88888888888889,16.666666666666668,43.949671496905864,47.388888888888886,0.12038327516795233,-0.09000000000000008,-1.3,-1.3,13.88888888888889,13.88888888888889
51,1.4000000000000001,False,0,4.0,True,14.010166666666667,16.928187016745834,22.845388888887452,-1.3510708357406704,-1.8999999999999986,0.0,0.0,13.88888888888889,13.88888888888889,16.666666666666668,44.95231170880503,47.66666666666667,0.04833780983539926,-0.08000000000000007,-1.4000000000000001,-1.4000000000000001,13.88888888888889,13.88888888888889
51,1.5,False,0,4.0,True,14.010166666666667,16.136320430913724,23.218738888889174,-1.7247407611780443,-1.7999999999999998,0.0,0.0,13.88888888888889,13.88888888888889,16.666666666666668,45.138932530624984,47.94444444444444,0.04354041672228082,-0.04999999999999982,-1.5,-1.5,13.88888888888889,13.88888888888889
51,1.6,False,0,4.0,True,14.010166666666667,17.193226323807817,24.179094444444598,-1.4933496945460893,-1.879999999999999,0.0,0.0,13.88888888888889,13.88888888888889,16.666666666666668,45.413123342605004,47.94444444444444,0.6931696600566939,-0.1599999999999997,-1.6,-1.6,13.88888888888889,13.88888888888889
51,1.7000000000000002,False,0,4.0,True,14.010166666666667,16.208881330931643,24.644766666666907,-1.3953374444349067,-1.8300000000000005,0.0,0.0,13.88888888888889,13.88888888888889,16.666666666666668,45.601519912275585,48.22222222222222,0.19404186416017666,-0.09999999999999964,-1.7000000000000002,-1.7000000000000002,13.88888888888889,13.88888888888889
52,0.0,False,0,4.0,True,16.666666666666668,-0.145860567470538,-4.211111111109903,1.5541297718411622,1.6,0.0,0.0,13.88888888888889,13.88888888888889,,,,,,,,,
52,0.1,False,0,4.0,True,14.010166666666667,14.35321898212656,23.827344444444787,0.31002163167231833,0.4100000000000028,-0.1,-0.1,13.88888888888889,13.88888888888889,13.250872666666666,26.255175910439657,26.50701257777835,-0.1030009008368169,-0.00999999999999579,-0.1,-0.1,13.88888888888889,13.88888888888889
52,0.2,False,0,4.0,True,14.010166666666667,16.91160421668719,23.751444444444882,-0.09168826183558698,-0.7799999999999945,-0.2,-0.2,13.88888888888889,13.88888888888889,16.666666666666668,29.74039006623404,29.50000000000001,-0.16773544705205978,-0.019999999999997353,-0.2,-0.2,13.88888888888889,13.88888888888889
52,0.30000000000000004,False,0,4.0,True,14.010166666666667,14.808947269646307,23.21886666666695,-1.821600307802421,-1.8899999999999975,0.0,0.0,13.88888888888889,13.88888888888889,16.666666666666668,32.897002245749846,37.00000000000003,0.1169855723707256,-0.020000000000001572,-0.30000000000000004,-0.30000000000000004,13.88888888888889,13.88888888888889
52,0.4,False,0,4.0,True,14.010166666666667,16.53348968942002,23.913050000000208,-1.5141927682230845,-1.880000000000006,0.0,0.0,13.88888888888889,13.88888888888889,16.666666666666668,37.86778341245687,40.88888888888896,0.231388656096017,-6.661338147750939e-16,-0.4,-0.4,13.88888888888889,13.88888888888889
52,0.5,False,0,4.0,True,14.010166666666667,16.769492152789024,23.973283333333864,-1.8248260627039778,-1.85,0.0,0.0,13.88888888888889,13.88888888888889,16.666666666666668,41.228794161798334,43.11111111111116,-0.11019637279327266,0.0,-0.5,-0.5,13.88888888888889,13.88888888888889
52,0.6000000000000001,False,0,4.0,True,14.010166666666667,17.16996827018546,23.54178888888738,-1.8211832975521822,-1.8599999999999959,0.0,0.0,13.88888888888889,13.88888888888889,16.666666666666668,41.58626001903247,44.50000000000002,0.05620066602820639,-0.019999999999999574,-0.6000000000000001,-0.6000000000000001,13.88888888888889,13.88888888888889
52,0.7000000000000001,False,0,4.0,True,14.010166666666667,17.149843018494817,24.068738888889254,-1.4133821631188321,-1.899999999999999,0.0,0.0,13.88888888888889,13.88888888888889,16.666666666666668,44.20999955528986,45.61111111111111,0.31786054332351954,-0.009999999999999343,-0.7000000000000001,-0.7000000000000001,13.88888888888889,13.88888888888889
52,0.8,False,0,4.0,True,14.010166666666667,17.062722597909907,23.29970000000044,-1.8672033605390363,-1.8799999999999994,0.0,0.0,13.88888888888889,13.88888888888889,16.666666666666668,42.57445656180441,46.44444444444444,-0.006966265153661277,-2.220446049250313e-16,-0.8,-0.8,13.88888888888889,13.88888888888889
52,0.9,False,0,4.0,True,14.010166666666667,15.813962771152386,22.98205555555445,-1.580848455748791,-1.8900000000000028,0.0,0.0,13.88888888888889,13.88888888888889,16.666666666666668,47.07350703214774,46.99999999999999,-0.4473001105238188,-0.02000000000000024,-0.9,-0.9,13.88888888888889,13.88888888888889
52,1.0,False,0,4.0,True,14.010166666666667,15.150796204289048,23.409255555556097,-1.5121242430272228,-1.7999999999999998,0.0,0.0,13.88888888888889,13.88888888888889,16.666666666666668,44.81834721020205,47.55555555555554,0.11208231163511773,0.0,-1.0,-1.0,13.88888888888889,13.88888888888889
52,1.1,False,0,4.0,True,14.010166666666667,15.661934962238501,24.15142777777815,-1.7437998918260502,-1.8799999999999981,0.0,0.0,13.88888888888889,13.88888888888889,16.666666666666668,46.63542722554716,47.83333333333333,0.2605699175893643,-0.0499999999999996,-1.1,-1.1,13.88888888888889,13.88888888888889
52,1.2000000000000002,False,0,4.0,True,14.010166666666667,16.21119073444937,24.30496666666478,-1.7241923334827833,-1.7999999999999998,0.0,0.0,13.88888888888889,13.88888888888889,16.666666666666668,43.896027821844775,48.11111111111111,0.46306178080488225,-0.07999999999999963,-1.2000000000000002,-1.2000000000000002,13.88888888888889,13.88888888888889
52,1.3,False,0,4.0,True,14.010166666666667,15.525912760630245,23.19200000000033,-1.8773750270937655,-1.8899999999999997,0.0,0.0,13.88888888888889,13.88888888888889,16.666666666666668,46.51789198638819,48.388888888888886,-0.2616081408149433,-0.09000000000000008,-1.3,-1.3,13.88888888888889,13.88888888888889
52,1.4000000000000001,False,0,4.0,True,14.010166666666667,17.30518194636657,24.28837222222266,-1.8845754677306579,-1.8999999999999986,0.0,0.0,13.88888888888889,13.88888888888889,16.666666666666668,47.41892382737191,48.66666666666667,0.24982176761245878,-0.08000000000000007,-1.4000000000000001,-1.4000000000000001,13.88888888888889,13.88888888888889
52,1.5,False,0,4.0,True,14.010166666666667,15.875183692059078,23.04507222221896,-1.5618671903383747,-1.7999999999999998,0.0,0.0,13.88888888888889,13.88888888888889,16.666666666666668,44.567050859935236,48.94444444444444,-0.17954804506787303,-0.04999999999999982,-1.5,-1.5,13.88888888888889,13.88888888888889
52,1.6,False,0,4.0,True,14.010166666666667,16.94538110884535,23.489450000000414,-1.7834925660529333,-1.879999999999999,0.0,0.0,13.88888888888889,13.88888888888889,16.666666666666668,46.784758420947014,48.94444444444444,0.23824230411855307,-0.1599999999999997,-1.6,-1.6,13.88888888888889,13.88888888888889
52,1.7000000000000002,False,0,4.0,True,14.010166666666667,16.334681510311224,24.048661111111624,-1.5747733987945438,-1.8300000000000005,0.0,0.0,13.88888888888889,13.88888888888889,16.666666666666668,42.12226959790354,49.22222222222222,0.2393262875995985,-0.09999999999999964,-1.7000000000000002,-1.7000000000000002,13.88888888888889,13.88888888888889
53,0.0,False,0,4.0,True,16.666666666666668,-1.661628949923215,-4.222222222223524,1.5190490927718563,1.6,0.0,0.0,13.88888888888889,13.88888888888889,,,,,,,,,
53,0.1,False,0,4.0,True,14.010166666666667,17.294196528021313,22.680033333330936,-0.7481021072983083,-0.6200000000000045,-0.1,-0.1,13.88888888888889,13.88888888888889,14.010166666666667,18.131096877551965,23.419827777778107,0.14149206227253686,-0.00999999999999579,-0.1,-0.1,13.88888888888889,13.88888888888889
53,0.2,False,0,4.0,True,14.010166666666667,17.299446510094196,24.3414222222225,-0.4971827401819686,-0.5799999999999952,-0.2,-0.2,13.88888888888889,13.88888888888889,16.666666666666668,28.789985798742276,30.50000000000001,0.44143360352905736,-0.019999999999997353,-0.2,-0.2,13.88888888888889,13.88888888888889
53,0.30000000000000004,False,0,4.0,True,14.010166666666667,16.985830956435063,24.86372777777812,-1.3402526701851714,-1.8800000000000026,-0.30000000000000004,-0.30000000000000004,13.88888888888889,13.88888888888889,16.666666666666668,36.11039638606326,38.00000000000003,-0.4206375343980784,-0.020000000000001572,-0.30000000000000004,-0.30000000000000004,13.88888888888889,13.88888888888889
53,0.4,False,0,4.0,True,14.010166666666667,16.93144588182953,23.750411111111685,-1.7792688449841392,-1.880000000000006,0.0,0.0,13.88888888888889,13.88888888888889,16.666666666666668,39.26379001004058,41.88888888888896,-0.12421661527666483,-6.661338147750939e-16,-0.4,-0.4,13.88888888888889,13.88888888888889
53,0.5,False,0,4.0,True,14.010166666666667,17.27468369422429,22.45691666666279,-1.3173927274650785,-1.85,0.0,0.0,13.88888888888889,13.88888888888889,16.666666666666668,43.955859515940276,44.11111111111116,-0.616743998496375,0.0,-0.5,-0.5,13.88888888888889,13.88888888888889
53,0.6000000000000001,False,0,4.0,True,14.010166666666667,16.34371642773807,23.760972222222687,-1.7534540168998456,-1.8599999999999959,0.0,0.0,13.88888888888889,13.88888888888889,16.666666666666668,42.864953155144256,45.50000000000002,-0.019815542650016837,-0.019999999999999574,-0.6000000000000001,-0.6000000000000001,13.88888888888889,13.88888888888889
53,0.7000000000000001,False,0,4.0,True,14.010166666666667,16.068672188898756,24.249388888888586,-1.6833337817237988,-1.899999999999999,0.0,0.0,13.88888888888889,13.88888888888889,16.666666666666668,44.25091408562357,46.61111111111111,0.4939882999908618,-0.009999999999999343,-0.7000000000000001,-0.7000000000000001,13.88888888888889,13.88888888888889
53,0.8,False,0,4.0,True,14.010166666666667,16.64986302791125,23.703872222222127,-1.735810319569722,-1.8799999999999994,0.0,0.0,13.88888888888889,13.88888888888889,16.666666666666668,46.11989586446259,47.44444444444444,-0.11808399867787167,-2.220446049250313e-16,-0.8,-0.8,13.88888888888889,13.88888888888889
53,0.9,False,0,4.0,True,14.010166666666667,16.844099674481196,23.621066666666035,-1.6875278633170974,-1.8900000000000028,0.0,0.0,13.88888888888889,13.88888888888889,16.666666666666668,45.41050112237438,47.99999999999999,0.33874807946800223,-0.02000000000000024,-0.9,-0.9,13.88888888888889,13.88888888888889
53,1.0,False,0,4.0,True,14.010166666666667,16.9028645816452,22.51442222221881,-1.6910208334991477,-1.7999999999999998,0.0,0.0,13.88888888888889,13.88888888888889,16.666666666666668,45.62894915898009,48.55555555555554,0.3059337949235137,0.0,-1.0,-1.0,13.88888888888889,13.88888888888889
53,1.1,False,0,4.0,True,14.010166666666667,16.063577395487027,22.419722222220525,-1.678746838842786,-1.8799999999999981,0.0,0.0,13.88888888888889,13.88888888888889,16.666666666666668,48.990077168066364,48.83333333333333,-0.14489731983781895,-0.0499999999999996,-1.1,-1.1,13.88888888888889,13.88888888888889
53,1.2000000000000002,False,0,4.0,True,14.010166666666667,15.643621796602286,24.535233333333803,-1.2994280183046434,-1.7999999999999998,0.0,0.0,13.88888888888889,13.88888888888889,16.666666666666668,46.208447990461615,49.11111111111111,0.1670719883197065,-0.07999999999999963,-1.2000000000000002,-1.2000000000000002,13.88888888888889,13.88888888888889
53,1.3,False,0,4.0,True,14.010166666666667,16.877604089239508,23.68768333333382,-1.8975606909428107,-1.8899999999999997,0.0,0.0,13.88888888888889,13.88888888888889,16.666666666666668,46.935459921908915,49.388888888888886,-0.24571371669573394,-0.09000000000000008,-1.3,-1.3,13.88888888888889,13.88888888888889
53,1.4000000000000001,False,0,4.0,True,14.010166666666667,16.636406040117446,22.868738888886593,-1.7714248589570953,-1.8999999999999986,0.0,0.0,13.88888888888889,13.88888888888889,16.666666666666668,46.683778543506875,49.66666666666667,0.635580473567694,-0.08000000000000007,-1.4000000000000001,-1.4000000000000001,13.88888888888889,13.88888888888889
53,1.5,False,0,4.0,True,14.010166666666667,17.29125365560365,24.01878888888923,-1.8017714835483385,-1.7999999999999998,0.0,0.0,13.88888888888889,13.88888888888889,16.666666666666668,47.357191669386566,49.94444444444444,0.23974735205060504,-0.04999999999999982,-1.5,-1.5,13.88888888888889,13.88888888888889
53,1.6,False,0,4.0,True,14.010166666666667,15.656776010348391,22.80548888888678,-1.7218434363103072,-1.879999999999999,0.0,0.0,13.88888888888889,13.88888888888889,16.666666666666668,48.640245944082,49.94444444444444,0.17873919824799822,-0.1599999999999997,-1.6,-1.6,13.88888888888889,13.88888888888889
53,1.7000000000000002,False,0,4.0,True,14.010166666666667,17.186638511403157,24.25565555555472,-1.8854958015764811,-1.8300000000000005,0.0,0.0,13.88888888888889,13.88888888888889,16.666666666666668,48.77866602453269,50.22222222222222,-0.3050381837778897,-0.09999999999999964,-1.7000000000000002,-1.7000000000000002,13.88888888888889,13.88888888888889
54,0.0,False,0,4.0,False,16.666666666666668,-2.8937219423373106,-4.266666666665219,0.915972030789963,1.6,0.0,0.0,13.88888888888889,13.88888888888889,,,,,,,,,
54,0.1,False,0,4.0,True,14.010166666666667,16.832935474145,23.89189444444484,0.39762853131658016,0.4100000000000028,-0.1,-0.1,13.88888888888889,13.88888888888889,13.250872666666666,24.829495860119874,26.571562577778405,0.3986245995536799,-0.00999999999999579,-0.1,-0.1,13.88888888888889,13.88888888888889
54,0.2,False,0,4.0,True,14.010166666666667,16.84252435951934,23.578661111111654,-1.440895363182737,-1.3799999999999923,-0.2,-0.2,13.88888888888889,13.88888888888889,16.666666666666668,30.449310700460767,31.50000000000001,-0.00020433709449174664,-0.019999999999997353,-0.2,-0.2,13.88888888888889,13.88888888888889
54,0.30000000000000004,False,0,4.0,True,14.010166666666667,17.247702275956737,24.093016666666767,-1.5388051633048587,-1.8899999999999975,0.0,0.0,13.88888888888889,13.88888888888889,16.666666666666668,34.98684168309214,39.00000000000003,0.5220276118943583,-0.020000000000001572,-0.30000000000000004,-0.30000000000000004,13.88888888888889,13.88888888888889
54,0.4,False,0,4.0,True,14.010166666666667,15.87840857302687,24.260833333333675,-1.8254209298674484,-1.880000000000006,0.0,0.0,13.88888888888889,13.88888888888889,16.666666666666668,41.18725971872411,42.88888888888896,0.09002956537957774,-6.661338147750939e-16,-0.4,-0.4,13.88888888888889,13.88888888888889
54,0.5,False,0,4.0,True,14.010166666666667,16.558355550655175,23.291888888889343,-1.816561018336053,-1.85,0.0,0.0,13.88888888888889,13.88888888888889,16.666666666666668,43.787266754254915,45.11111111111116,0.025932636347750115,0.0,-0.5,-0.5,13.88888888888889,13.88888888888889
54,0.6000000000000001,False,0,4.0,True,14.010166666666667,16.345375581378743,24.903894444444784,-1.2196878165282024,-1.8599999999999959,0.0,0.0,13.88888888888889,13.88888888888889,16.666666666666668,46.81230167992579,46.50000000000002,-0.302193199003157,-0.019999999999999574,-0.6000000000000001,-0.6000000000000001,13.88888888888889,13.88888888888889
54,0.7000000000000001,False,0,4.0,True,14.010166666666667,17.01334288557133,23.035927777775395,-1.817860110624926,-1.899999999999999,0.0,0.0,13.88888888888889,13.88888888888889,16.666666666666668,46.14884312832408,47.61111111111111,-0.1276435057988199,-0.009999999999999343,-0.7000000000000001,-0.7000000000000001,13.88888888888889,13.88888888888889
54,0.8,False,0,4.0,True,14.010166666666667,13.581023915613809,23.478911111110914,-1.5164780852169666,-1.8799999999999994,0.0,0.0,13.88888888888889,13.88888888888889,16.666666666666668,48.112421586876096,48.44444444444444,-0.30449881540553503,-2.220446049250313e-16,-0.8,-0.8,13.88888888888889,13.88888888888889
54,0.9,False,0,4.0,True,14.010166666666667,17.11871790200821,23.258694444440163,-1.519875465739573,-1.8900000000000028,0.0,0.0,13.88888888888889,13.88888888888889,16.666666666666668,45.96897909308684,48.99999999999999,0.3428280379254991,-0.02000000000000024,-0.9,-0.9,13.88888888888889,13.88888888888889
54,1.0,False,0,4.0,True,14.010166666666667,16.99289631206842,24.295938888889008,-0.7536845901198339,-1.7999999999999998,0.0,0.0,13.88888888888889,13.88888888888889,16.666666666666668,49.98834414244949,49.55555555555554,-0.37933052781206933,0.0,-1.0,-1.0,13.88888888888889,13.88888888888889
54,1.1,False,0,4.0,True,14.010166666666667,16.474495691840286,23.587944444443462,-1.685505225019646,-1.8799999999999981,0.0,0.0,13.88888888888889,13.88888888888889,16.666666666666668,47.23716800381733,49.83333333333333,0.4700815313457807,-0.0499999999999996,-1.1,-1.1,13.88888888888889,13.88888888888889
54,1.2000000000000002,False,0,4.0,True,14.010166666666667,16.553813443385717,23.55713333333399,-1.7533447132567395,-1.7999999999999998,0.0,0.0,13.88888888888889,13.88888888888889,16.666666666666668,50.03669973494497,50.11111111111111,-0.3446011129347144,-0.07999999999999963,-1.2000000000000002,-1.2000000000000002,13.88888888888889,13.88888888888889
54,1.3,False,0,4.0,True,14.010166666666667,15.21939156197028,24.327388888887423,-1.5176391959139521,-1.8899999999999997,0.0,0.0,13.88888888888889,13.88888888888889,16.666666666666668,46.59090398569295,50.388888888888886,0.4496899601673179,-0.09000000000000008,-1.3,-1.3,13.88888888888889,13.88888888888889
54,1.4000000000000001,False,0,4.0,True,14.010166666666667,16.715125184725945,23.672316666666017,-1.854929089824972,-1.8999999999999986,0.0,0.0,13.88888888888889,13.88888888888889,16.666666666666668,48.059147591918745,50.66666666666667,-0.3333382768540041,-0.08000000000000007,-1.4000000000000001,-1.4000000000000001,13.88888888888889,13.88888888888889
54,1.5,False,0,4.0,True,14.010166666666667,16.486404440802982,23.386183333333417,-1.8996452705261433,-1.7999999999999998,0.0,0.0,13.88888888888889,13.88888888888889,16.666666666666668,49.588818907030074,50.94444444444444,0.4958384763183483,-0.04999999999999982,-1.5,-1.5,13.88888888888889,13.88888888888889
54,1.6,False,0,4.0,True,14.010166666666667,16.751439627257025,23.562877777778322,-1.8023261518418892,-1.879999999999999,0.0,0.0,13.88888888888889,13.88888888888889,16.666666666666668,50.5393024535277,50.94444444444444,-0.5235168292368502,-0.1599999999999997,-1.6,-1.6,13.88888888888889,13.88888888888889
54,1.7000000000000002,False,0,4.0,True,14.010166666666667,17.193416719815286,23.12761111110832,-1.8814009190396372,-1.8300000000000005,0.0,0.0,13.88888888888889,13.88888888888889,16.666666666666668,51.10643596432754,51.22222222222222,-0.40810595538647454,-0.09999999999999964,-1.7000000000000002,-1.7000000000000002,13.88888888888889,13.88888888888889
55,0.0,False,0,4.0,False,16.666666666666668,-3.594061615196199,-4.166666666668266,1.3257590488914612,1.6,0.0,0.0,13.88888888888889,13.88888888888889,,,,,,,,,
55,0.1,False,0,4.0,True,14.010166666666667,16.819622628401913,23.671633333333926,0.5857105988451372,0.28000000000000336,-0.1,-0.1,13.88888888888889,13.88888888888889,13.250872666666666,21.61833936829596,25.521880377778427,-0.16102273330672778,-0.00999999999999579,-0.1,-0.1,13.88888888888889,13.88888888888889
55,0.2,False,0,4.0,True,14.010166666666667,15.224407443205632,22.252627777778525,-1.57372933882387,-1.4399999999999924,-0.2,-0.2,13.88888888888889,13.88888888888889,16.666666666666668,28.448117296178008,32.500000000000014,-0.11137903854328246,-0.019999999999997353,-0.2,-0.2,13.88888888888889,13.88888888888889
55,0.30000000000000004,False,0,4.0,True,14.010166666666667,16.933939043054362,22.936538888887423,-1.0929081062968244,-1.8899999999999975,0.0,0.0,13.88888888888889,13.88888888888889,16.666666666666668,37.326360638543804,40.00000000000003,0.28118541913949135,-0.020000000000001572,-0.30000000000000004,-0.30000000000000004,13.88888888888889,13.88888888888889
55,0.4,False,0,4.0,True,14.010166666666667,17.276583610426382,24.146122222220026,-1.8580707562817738,-1.880000000000006,0.0,0.0,13.88888888888889,13.88888888888889,16.666666666666668,38.23101688467406,43.88888888888896,0.26563353202900153,-6.661338147750939e-16,-0.4,-0.4,13.88888888888889,13.88888888888889
55,0.5,False,0,4.0,True,14.010166666666667,16.368761740908678,23.321899999999072,-1.5653363863219538,-1.85,0.0,0.0,13.88888888888889,13.88888888888889,16.666666666666668,45.025430703886286,46.11111111111116,-0.04010030423889965,0.0,-0.5,-0.5,13.88888888888889,13.88888888888889
55,0.6000000000000001,False,0,4.0,True,14.010166666666667,15.552012401096771,22.72955555555576,-0.9354287389391635,-1.8599999999999959,0.0,0.0,13.88888888888889,13.88888888888889,16.666666666666668,47.68408923121935,47.50000000000002,0.2765111122159425,-0.019999999999999574,-0.6000000000000001,-0.6000000000000001,13.88888888888889,13.88888888888889
55,0.7000000000000001,False,0,4.0,True,14.010166666666667,15.164558295511238,23.750027777778126,-1.8124146982467824,-1.899999999999999,0.0,0.0,13.88888888888889,13.88888888888889,16.666666666666668,43.315066200502464,48.61111111111111,-0.2756618793919805,-0.009999999999999343,-0.7000000000000001,-0.7000000000000001,13.88888888888889,13.88888888888889
55,0.8,False,0,4.0,True,14.010166666666667,15.616594598923978,22.897777777778384,-1.4910015144866375,-1.8799999999999994,0.0,0.0,13.88888888888889,13.88888888888889,16.666666666666668,45.45158396500376,49.44444444444444,0.32105102403661556,-2.220446049250313e-16,-0.8,-0.8,13.88888888888889,13.88888888888889
55,0.9,False,0,4.0,True,14.010166666666667,14.723309208336229,24.208966666665685,-1.8383156423716078,-1.8900000000000028,0.0,0.0,13.88888888888889,13.88888888888889,16.666666666666668,50.01412916481517,49.99999999999999,-0.5480847809550711,-0.02000000000000024,-0.9,-0.9,13.88888888888889,13.88888888888889
55,1.0,False,0,4.0,True,14.010166666666667,16.7613461481133,22.80713888888958,-1.8200370264304793,-1.7999999999999998,0.0,0.0,13.88888888888889,13.88888888888889,16.666666666666668,49.33021373010271,50.55555555555554,0.04540108817513833,0.0,-1.0,-1.0,13.88888888888889,13.88888888888889
55,1.1,False,0,4.0,True,14.010166666666667,16.203519981807812,23.307916666667307,-1.8516519072223576,-1.8799999999999981,0.0,0.0,13.88888888888889,13.88888888888889,16.666666666666668,47.97147272887257,50.83333333333333,0.47935507194196036,-0.0499999999999996,-1.1,-1.1,13.88888888888889,13.88888888888889
55,1.2000000000000002,False,0,4.0,True,14.010166666666667,15.19343286374676,23.203872222221786,-1.3744843005429948,-1.7999999999999998,0.0,0.0,13.88888888888889,13.88888888888889,16.666666666666668,50.820300155203135,51.11111111111111,0.06154133297756981,-0.07999999999999963,-1.2000000000000002,-1.2000000000000002,13.88888888888889,13.88888888888889
55,1.3,False,0,4.0,True,14.010166666666667,15.202833102343003,23.35021666666439,-1.7342383017156835,-1.8899999999999997,0.0,0.0,13.88888888888889,13.88888888888889,16.666666666666668,51.38429361731234,51.388888888888886,0.030087454878121367,-0.09000000000000008,-1.3,-1.3,13.88888888888889,13.88888888888889
55,1.4000000000000001,False,0,4.0,True,14.010166666666667,16.444094398548213,23.93548333333298,-1.7741425294169244,-1.8999999999999986,0.0,0.0,13.88888888888889,13.88888888888889,16.666666666666668,50.39917498204258,51.66666666666667,-0.1812669776649276,-0.08000000000000007,-1.4000000000000001,-1.4000000000000001,13.88888888888889,13.88888888888889
55,1.5,False,0,4.0,True,14.010166666666667,16.28585950836658,23.19684999999789,-1.7760699393455084,-1.7999999999999998,0.0,0.0,13.88888888888889,13.88888888888889,16.666666666666668,49.863137390955046,51.94444444444444,0.22439270648501974,-0.04999999999999982,-1.5,-1.5,13.88888888888889,13.88888888888889
55,1.6,False,0,4.0,True,14.010166666666667,16.89510397074407,23.73476666666711,-1.1898616765328385,-1.879999999999999,0.0,0.0,13.88888888888889,13.88888888888889,16.666666666666668,50.889209352381016,51.94444444444444,0.09363715266824202,-0.1599999999999997,-1.6,-1.6,13.88888888888889,13.88888888888889
55,1.7000000000000002,False,0,4.0,True,14.010166666666667,15.791846921017576,23.01504999999828,-1.6363580726876816,-1.8300000000000005,0.0,0.0,13.88888888888889,13.88888888888889,16.666666666666668,48.143735866633186,52.22222222222222,0.3189955175564978,-0.09999999999999964,-1.7000000000000002,-1.7000000000000002,13.88888888888889,13.88888888888889
56,0.0,False,0,4.0,True,16.666666666666668,-3.8310497532076964,-4.277777777779522,1.6495566674627327,1.6,0.0,0.0,13.88888888888889,13.88888888888889,,,,,,,,,
56,0.1,False,0,4.0,True,14.010166666666667,15.367039096721737,23.672049999999455,-0.32742116234172225,-0.1999999999999984,-0.1,-0.1,13.88888888888889,13.88888888888889,14.010166666666667,19.185349930526808,23.90247777777814,0.2596480539711199,-0.00999999999999579,-0.1,-0.1,13.88888888888889,13.88888888888889
56,0.2,False,0,4.0,True,14.010166666666667,16.76722408832701,24.81026111111161,-0.9499802800762968,-1.0199999999999938,-0.2,-0.2,13.88888888888889,13.88888888888889,16.666666666666668,26.71032800926518,33.500000000000014,-0.4879590157953604,-0.019999999999997353,-0.2,-0.2,13.88888888888889,13.88888888888889
56,0.30000000000000004,False,0,4.0,True,14.010166666666667,16.914234163587718,23.75578333333227,-1.7593898645320516,-1.8899999999999975,0.0,0.0,13.88888888888889,13.88888888888889,16.666666666666668,39.89272601370979,41.00000000000003,-0.18340248858151775,-0.020000000000001572,-0.30000000000000004,-0.30000000000000004,13.88888888888889,13.88888888888889
56,0.4,False,0,4.0,True,14.010166666666667,16.485791937573776,23.55048333333401,-1.7936779434849346,-1.880000000000006,0.0,0.0,13.88888888888889,13.88888888888889,16.666666666666668,44.71030807482627,44.88888888888896,0.22111388489641914,-6.661338147750939e-16,-0.4,-0.4,13.88888888888889,13.88888888888889
56,0.5,False,0,4.0,True,14.010166666666667,17.053188431361786,25.08008888888939,-1.7699951726192955,-1.85,0.0,0.0,13.88888888888889,13.88888888888889,16.666666666666668,44.89148010333389,47.11111111111116,0.2652688698777306,0.0,-0.5,-0.5,13.88888888888889,13.88888888888889
56,0.6000000000000001,False,0,4.0,True,14.010166666666667,12.778205020628558,22.848233333333223,-1.5963573558662638,-1.8599999999999959,0.0,0.0,13.88888888888889,13.88888888888889,16.666666666666668,47.33934176222818,48.50000000000002,-0.11431025443397713,-0.019999999999999574,-0.6000000000000001,-0.6000000000000001,13.88888888888889,13.88888888888889
56,0.7000000000000001,False,0,4.0,True,14.010166666666667,17.093571049753518,24.052594444443923,-1.7594451646699667,-1.899999999999999,0.0,0.0,13.88888888888889,13.88888888888889,16.666666666666668,47.087640898351786,49.61111111111111,-0.11317847043080409,-0.009999999999999343,-0.7000000000000001,-0.7000000000000001,13.88888888888889,13.88888888888889
56,0.8,False,0,4.0,True,14.010166666666667,17.20645608094615,23.919944444445076,-1.5796478581147884,-1.8799999999999994,0.0,0.0,13.88888888888889,13.88888888888889,16.666666666666668,48.755735630579636,50.44444444444444,-0.02339090734057736,-2.220446049250313e-16,-0.8,-0.8,13.88888888888889,13.88888888888889
56,0.9,False,0,4.0,True,14.010166666666667,16.87945780205116,22.85322222221937,-1.5672867709457816,-1.8900000000000028,0.0,0.0,13.88888888888889,13.88888888888889,16.666666666666668,49.74547664499001,50.99999999999999,0.08645060577321706,-0.02000000000000024,-0.9,-0.9,13.88888888888889,13.88888888888889
56,1.0,False,0,4.0,True,14.010166666666667,15.496996317532005,24.27101111111163,-1.4889129306172784,-1.7999999999999998,0.0,0.0,13.88888888888889,13.88888888888889,16.666666666666668,50.32124987305647,51.55555555555554,0.30488157428987606,0.0,-1.0,-1.0,13.88888888888889,13.88888888888889
56,1.1,False,0,4.0,True,14.010166666666667,16.74717537853105,23.810388888889502,-1.2107197285749969,-1.8799999999999981,0.0,0.0,13.88888888888889,13.88888888888889,16.666666666666668,51.434320864536986,51.83333333333333,0.04886988496365241,-0.0499999999999996,-1.1,-1.1,13.88888888888889,13.88888888888889
56,1.2000000000000002,False,0,4.0,True,14.010166666666667,15.128533211722026,23.625105555554864,-1.1800289499615688,-1.7999999999999998,0.0,0.0,13.88888888888889,13.88888888888889,16.666666666666668,50.53116782280568,52.11111111111111,0.03993897561633508,-0.07999999999999963,-1.2000000000000002,-1.2000000000000002,13.88888888888889,13.88888888888889
56,1.3,False,0,4.0,True,14.010166666666667,14.37153464508766,24.763316666667134,-1.6905507996989453,-1.8899999999999997,0.0,0.0,13.88888888888889,13.88888888888889,16.666666666666668,49.911804522972844,52.388888888888886,-0.32423001786908356,-0.09000000000000008,-1.3,-1.3,13.88888888888889,13.88888888888889
56,1.4000000000000001,False,0,4.0,True,14.010166666666667,15.68654735899322,23.763211111110376,-1.5037244095470637,-1.8999999999999986,0.0,0.0,13.88888888888889,13.88888888888889,16.666666666666668,43.90361311812072,52.66666666666667,0.5332810517091429,-0.08000000000000007,-1.4000000000000001,-1.4000000000000001,13.88888888888889,13.88888888888889
56,1.5,False,0,4.0,True,14.010166666666667,16.060713416752105,23.488566666665644,-1.868589822888404,-1.7999999999999998,0.0,0.0,13.88888888888889,13.88888888888889,16.666666666666668,52.77492562041658,52.94444444444444,0.22596158051755033,-0.04999999999999982,-1.5,-1.5,13.88888888888889,13.88888888888889
56,1.6,False,0,4.0,True,14.010166666666667,16.01018711538104,22.950883333331785,-1.8180328458210973,-1.879999999999999,0.0,0.0,13.88888888888889,13.88888888888889,16.666666666666668,47.46950000641277,52.94444444444444,-0.09624050322999755,-0.1599999999999997,-1.6,-1.6,13.88888888888889,13.88888888888889
56,1.7000000000000002,False,0,4.0,True,14.010166666666667,15.531456105898496,22.50934999999505,-1.4541514226990093,-1.8300000000000005,0.0,0.0,13.88888888888889,13.88888888888889,16.666666666666668,52.54175318568992,53.22222222222222,-0.5217897745279152,-0.09999999999999964,-1.7000000000000002,-1.7000000000000002,13.88888888888889,13.88888888888889
57,0.0,False,0,4.0,True,16.666666666666668,-1.2228579657033718,-4.211111111109221,1.2781542891416544,1.6,0.0,0.0,13.88888888888889,13.88888888888889,,,,,,,,,
57,0.1,False,0,4.0,True,14.010166666666667,16.59437616118772,23.468733333333045,0.17269540487106827,-0.16999999999999815,-0.1,-0.1,13.88888888888889,13.88888888888889,14.010166666666667,22.454408672201748,23.662777777778228,0.6498656733585895,-0.00999999999999579,-0.1,-0.1,13.88888888888889,13.88888888888889
57,0.2,False,0,4.0,True,14.010166666666667,14.843928002873394,22.76166666666394,-1.745664862171124,-1.8999999999999955,0.0,0.0,13.88888888888889,13.88888888888889,16.666666666666668,34.06048806231745,34.500000000000014,-0.2534376638463942,-0.019999999999997353,-0.2,-0.2,13.88888888888889,13.88888888888889
57,0.30000000000000004,False,0,4.0,True,14.010166666666667,16.456648371259103,23.74935555555599,-1.6313049328076898,-1.8899999999999975,0.0,0.0,13.88888888888889,13.88888888888889,16.666666666666668,42.19791906411561,42.00000000000003,0.11637624648441003,-0.020000000000001572,-0.30000000000000004,-0.30000000000000004,13.88888888888889,13.88888888888889
57,0.4,False,0,4.0,True,14.010166666666667,16.819083829768214,23.632949999997447,-1.8401146795933045,-1.880000000000006,0.0,0.0,13.88888888888889,13.88888888888889,16.666666666666668,46.338020830471606,45.88888888888896,0.06655103989088373,-6.661338147750939e-16,-0.4,-0.4,13.88888888888889,13.88888888888889
57,0.5,False,0,4.0,True,14.010166666666667,15.924718220831192,23.39776666666729,-1.45869782831095,-1.85,0.0,0.0,13.88888888888889,13.88888888888889,16.666666666666668,45.277228178992374,48.11111111111116,-0.5231106247491328,0.0,-0.5,-0.5,13.88888888888889,13.88888888888889
57,0.6000000000000001,False,0,4.0,True,14.010166666666667,16.46785652154797,23.87121111110873,-1.5613089205105861,-1.8599999999999959,0.0,0.0,13.88888888888889,13.88888888888889,16.666666666666668,47.30295052537178,49.50000000000002,-0.1893294256373086,-0.019999999999999574,-0.6000000000000001,-0.6000000000000001,13.88888888888889,13.88888888888889
57,0.7000000000000001,False,0,4.0,True,14.010166666666667,16.344630707574833,23.939627777778423,-1.7349040023568896,-1.899999999999999,0.0,0.0,13.88888888888889,13.88888888888889,16.666666666666668,47.88317823510476,50.61111111111111,0.3410021305143296,-0.009999999999999343,-0.7000000000000001,-0.7000000000000001,13.88888888888889,13.88888888888889
57,0.8,False,0,4.0,True,14.010166666666667,16.4865286698933,23.70554444444515,-1.6022591705337312,-1.8799999999999994,0.0,0.0,13.88888888888889,13.88888888888889,16.666666666666668,51.17902078022827,51.44444444444444,0.27155095629970205,-2.220446049250313e-16,-0.8,-0.8,13.88888888888889,13.88888888888889
57,0.9,False,0,4.0,True,14.010166666666667,17.14893891097527,24.294872222222732,-1.4461509573499336,-1.8900000000000028,0.0,0.0,13.88888888888889,13.88888888888889,16.666666666666668,50.02049184193351,51.99999999999999,0.1883161406805982,-0.02000000000000024,-0.9,-0.9,13.88888888888889,13.88888888888889
57,1.0,False,0,4.0,True,14.010166666666667,17.28431966279096,24.19198888888941,-1.2832561592837801,-1.7999999999999998,0.0,0.0,13.88888888888889,13.88888888888889,16.666666666666668,51.22065233748769,52.55555555555554,-0.1524155264900151,0.0,-1.0,-1.0,13.88888888888889,13.88888888888889
57,1.1,False,0,4.0,True,14.010166666666667,17.112658637173592,22.519516666662025,-1.2636387525428918,-1.8799999999999981,0.0,0.0,13.88888888888889,13.88888888888889,16.666666666666668,49.41022744393128,52.83333333333333,0.029292703865573477,-0.0499999999999996,-1.1,-1.1,13.88888888888889,13.88888888888889
57,1.2000000000000002,False,0,4.0,True,14.010166666666667,15.20104711566496,24.704544444442273,-1.8090930853458176,-1.7999999999999998,0.0,0.0,13.88888888888889,13.88888888888889,16.666666666666668,50.39960626089785,53.11111111111111,-0.10896611467056139,-0.07999999999999963,-1.2000000000000002,-1.2000000000000002,13.88888888888889,13.88888888888889
57,1.3,False,0,4.0,True,14.010166666666667,15.409125528466983,22.11413888888877,-1.770964296768702,-1.8899999999999997,0.0,0.0,13.88888888888889,13.88888888888889,16.666666666666668,51.81538302657674,53.388888888888886,-0.09914361833273144,-0.09000000000000008,-1.3,-1.3,13.88888888888889,13.88888888888889
57,1.4000000000000001,False,0,4.0,True,14.010166666666667,14.949868265493773,23.390861111111814,-1.7982544816564716,-1.8999999999999986,0.0,0.0,13.88888888888889,13.88888888888889,16.666666666666668,49.9190606289871,53.66666666666667,0.39779766259289717,-0.08000000000000007,-1.4000000000000001,-1.4000000000000001,13.88888888888889,13.88888888888889
57,1.5,False,0,4.0,True,14.010166666666667,16.097506691893965,23.28054999999956,-1.1678561190734864,-1.7999999999999998,0.0,0.0,13.88888888888889,13.88888888888889,16.666666666666668,54.153828635438785,53.94444444444444,-0.5982051721812263,-0.04999999999999982,-1.5,-1.5,13.88888888888889,13.88888888888889
57,1.6,False,0,4.0,True,14.010166666666667,16.681045663302495,22.462361111109214,-1.4563527157314426,-1.879999999999999,0.0,0.0,13.88888888888889,13.88888888888889,16.666666666666668,51.664428419668326,53.94444444444444,0.046013624348441695,-0.1599999999999997,-1.6,-1.6,13.88888888888889,13.88888888888889
57,1.7000000000000002,False,0,4.0,True,14.010166666666667,17.03985296444291,24.024172222220965,-1.7339256251857353,-1.8300000000000005,0.0,0.0,13.88888888888889,13.88888888888889,16.666666666666668,48.49494410273977,54.22222222222222,0.1948476863676447,-0.09999999999999964,-1.7000000000000002,-1.7000000000000002,13.88888888888889,13.88888888888889
58,0.0,False,0,4.0,False,16.666666666666668,-3.1166266388977872,-4.222222222224263,2.0204817410244935,1.6,0.0,0.0,13.88888888888889,13.88888888888889,,,,,,,,,
58,0.1,False,0,4.0,True,14.010166666666667,17.03209652267834,23.754644444440157,-1.412960741759079,-1.0300000000000105,-0.1,-0.1,13.88888888888889,13.88888888888889,14.010166666666667,22.21995557644716,24.991677777778147,0.27149494239269156,-0.00999999999999579,-0.1,-0.1,13.88888888888889,13.88888888888889
58,0.2,False,0,4.0,True,14.010166666666667,16.683396974185836,23.691916666662348,-1.8881321185919577,-1.8999999999999955,0.0,0.0,13.88888888888889,13.88888888888889,16.666666666666668,32.547775010658896,35.500000000000014,-0.10552739818701995,-0.019999999999997353,-0.2,-0.2,13.88888888888889,13.88888888888889
58,0.30000000000000004,False,0,4.0,True,14.010166666666667,17.156100422719373,22.834155555554457,-1.8131644608224742,-1.8899999999999975,0.0,0.0,13.88888888888889,13.88888888888889,16.666666666666668,43.24529590961157,43.00000000000003,0.3411148144478684,-0.020000000000001572,-0.30000000000000004,-0.30000000000000004,13.88888888888889,13.88888888888889
58,0.4,False,0,4.0,True,14.010166666666667,17.082555841475095,24.113488888888536,-1.6662429558300542,-1.880000000000006,0.0,0.0,13.88888888888889,13.88888888888889,16.666666666666668,45.2937109436411,46.88888888888896,-0.20568778832348045,-6.661338147750939e-16,-0.4,-0.4,13.88888888888889,13.88888888888889
58,0.5,False,0,4.0,True,14.010166666666667,16.984546271229032,23.524683333332586,-1.3920084124531709,-1.85,0.0,0.0,13.88888888888889,13.88888888888889,16.666666666666668,44.692314451605895,49.11111111111116,0.29336774935025245,0.0,-0.5,-0.5,13.88888888888889,13.88888888888889
58,0.6000000000000001,False,0,4.0,True,14.010166666666667,16.77047135359329,24.471577777778247,-1.8590933391633475,-1.8599999999999959,0.0,0.0,13.88888888888889,13.88888888888889,16.666666666666668,49.03804271229213,50.50000000000002,0.09495882550637091,-0.019999999999999574,-0.6000000000000001,-0.6000000000000001,13.88888888888889,13.88888888888889
58,0.7000000000000001,False,0,4.0,True,14.010166666666667,15.95121562980442,23.942888888889524,-1.2579996923406518,-1.899999999999999,0.0,0.0,13.88888888888889,13.88888888888889,16.666666666666668,50.731929249843965,51.61111111111111,0.1461600885278065,-0.009999999999999343,-0.7000000000000001,-0.7000000000000001,13.88888888888889,13.88888888888889
58,0.8,False,0,4.0,True,14.010166666666667,17.26489138117223,23.341894444439742,-1.610547984203528,-1.8799999999999994,0.0,0.0,13.88888888888889,13.88888888888889,16.666666666666668,48.38366209404306,52.44444444444444,0.3505817908413267,-2.220446049250313e-16,-0.8,-0.8,13.88888888888889,13.88888888888889
58,0.9,False,0,4.0,True,14.010166666666667,16.75324319314053,23.753138888889463,-1.813792607849879,-1.8900000000000028,0.0,0.0,13.88888888888889,13.88888888888889,16.666666666666668,52.93787357725457,52.99999999999999,-0.14047881988678568,-0.02000000000000024,-0.9,-0.9,13.88888888888889,13.88888888888889
58,1.0,False,0,4.0,True,14.010166666666667,16.166275356867867,23.068355555556035,-1.7838980800605293,-1.7999999999999998,0.0,0.0,13.88888888888889,13.88888888888889,16.666666666666668,51.84237038865112,53.55555555555554,-0.1167278896656927,0.0,-1.0,-1.0,13.88888888888889,13.88888888888889
58,1.1,False,0,4.0,True,14.010166666666667,16.95800532509936,23.5310666666664,-1.7450299056712233,-1.8799999999999981,0.0,0.0,13.88888888888889,13.88888888888889,16.666666666666668,50.90765405488193,53.83333333333333,0.6026944735405935,-0.0499999999999996,-1.1,-1.1,13.88888888888889,13.88888888888889
58,1.2000000000000002,False,0,4.0,True,14.010166666666667,15.997775268772681,24.300744444445183,-1.7557769526194948,-1.7999999999999998,0.0,0.0,13.88888888888889,13.88888888888889,16.666666666666668,54.54471870706465,54.11111111111111,-0.062432484158827295,-0.07999999999999963,-1.2000000000000002,-1.2000000000000002,13.88888888888889,13.88888888888889
58,1.3,False,0,4.0,True,14.010166666666667,16.9146786125154,23.695516666666446,-1.596351551352047,-1.8899999999999997,0.0,0.0,13.88888888888889,13.88888888888889,16.666666666666668,52.573393332805864,54.388888888888886,-0.3948378475765022,-0.09000000000000008,-1.3,-1.3,13.88888888888889,13.88888888888889
58,1.4000000000000001,False,0,4.0,True,14.010166666666667,17.105486220002557,24.17256111111119,-1.4020204925677051,-1.8999999999999986,0.0,0.0,13.88888888888889,13.88888888888889,16.666666666666668,52.5050727037182,54.66666666666667,-0.2265086696804548,-0.08000000000000007,-1.4000000000000001,-1.4000000000000001,13.88888888888889,13.88888888888889
58,1.5,False,0,4.0,True,14.010166666666667,17.145736994958565,23.05523888888491,-1.6813961603913705,-1.7999999999999998,0.0,0.0,13.88888888888889,13.88888888888889,16.666666666666668,50.82805753197459,54.94444444444444,1.0171192008292733,-0.04999999999999982,-1.5,-1.5,13.88888888888889,13.88888888888889
58,1.6,False,0,4.0,True,14.010166666666667,15.737491607469206,23.89698888888959,-1.7338607454100117,-1.879999999999999,0.0,0.0,13.88888888888889,13.88888888888889,16.666666666666668,49.55459779746015,54.94444444444444,0.7505910747726765,-0.1599999999999997,-1.6,-1.6,13.88888888888889,13.88888888888889
58,1.7000000000000002,False,0,4.0,True,14.010166666666667,16.694056733602235,23.313055555552307,-1.6241681341216396,-1.8300000000000005,0.0,0.0,13.88888888888889,13.88888888888889,16.666666666666668,52.88080656355269,55.22222222222222,0.008079458481584645,-0.09999999999999964,-1.7000000000000002,-1.7000000000000002,13.88888888888889,13.88888888888889
59,0.0,False,0,4.0,False,16.666666666666668,-1.6531290330262776,-4.26666666666448,1.4550912552950281,1.6,0.0,0.0,13.88888888888889,13.88888888888889,,,,,,,,,
59,0.1,False,0,4.0,True,14.010166666666667,16.97630375860349,22.856505555550267,-1.2329148031338675,-1.2600000000000136,-0.1,-0.1,13.88888888888889,13.88888888888889,14.010166666666667,18.654550793090163,24.37247777777817,0.5099648522881322,-0.00999999999999579,-0.1,-0.1,13.88888888888889,13.88888888888889
59,0.2,False,0,4.0,True,14.010166666666667,14.768926176995489,23.174266666665698,-1.3270544764416845,-1.8999999999999955,0.0,0.0,13.88888888888889,13.88888888888889,16.666666666666668,34.68993578871685,36.500000000000014,0.06831681934890188,-0.019999999999997353,-0.2,-0.2,13.88888888888889,13.88888888888889
59,0.30000000000000004,False,0,4.0,True,14.010166666666667,13.818376255257714,23.086355555555723,-1.5494119406007236,-1.8899999999999975,0.0,0.0,13.88888888888889,13.88888888888889,16.666666666666668,41.31192883271183,44.00000000000003,-0.15244052695998644,-0.020000000000001572,-0.30000000000000004,-0.30000000000000004,13.88888888888889,13.88888888888889
59,0.4,False,0,4.0,True,14.010166666666667,17.268671793030773,24.026111111110833,-1.5638386125539614,-1.880000000000006,0.0,0.0,13.88888888888889,13.88888888888889,16.666666666666668,46.95476423073771,47.88888888888896,0.007715766745040709,-6.661338147750939e-16,-0.4,-0.4,13.88888888888889,13.88888888888889
59,0.5,False,0,4.0,True,14.010166666666667,17.14469263480866,24.052050000000502,-1.7608937623665115,-1.85,0.0,0.0,13.88888888888889,13.88888888888889,16.666666666666668,47.90989366561004,50.11111111111116,-0.05187824576475575,0.0,-0.5,-0.5,13.88888888888889,13.88888888888889
59,0.6000000000000001,False,0,4.0,True,14.010166666666667,17.29501309693337,24.236983333333466,-1.5796138372585404,-1.8599999999999959,0.0,0.0,13.88888888888889,13.88888888888889,16.666666666666668,50.02302335005711,51.50000000000002,-0.04473910852555241,-0.019999999999999574,-0.6000000000000001,-0.6000000000000001,13.88888888888889,13.88888888888889
59,0.7000000000000001,False,0,4.0,True,14.010166666666667,17.18567616065054,23.322411111110522,-1.6265339922735245,-1.899999999999999,0.0,0.0,13.88888888888889,13.88888888888889,16.666666666666668,48.40775995039932,52.61111111111111,0.6836706574865903,-0.009999999999999343,-0.7000000000000001,-0.7000000000000001,13.88888888888889,13.88888888888889
59,0.8,False,0,4.0,True,14.010166666666667,17.09197406925956,23.854233333332683,-1.8260725280430292,-1.8799999999999994,0.0,0.0,13.88888888888889,13.88888888888889,16.666666666666668,52.757635668085314,53.44444444444444,0.015491867072732202,-2.220446049250313e-16,-0.8,-0.8,13.88888888888889,13.88888888888889
59,0.9,False,0,4.0,True,14.010166666666667,17.051399149091804,24.112166666667445,-1.7987062391798414,-1.8900000000000028,0.0,0.0,13.88888888888889,13.88888888888889,16.666666666666668,52.78503136132469,53.99999999999999,-0.14306376773082108,-0.02000000000000024,-0.9,-0.9,13.88888888888889,13.88888888888889
59,1.0,False,0,4.0,True,14.010166666666667,16.717547950326672,23.60517777777444,-1.496025563939588,-1.7999999999999998,0.0,0.0,13.88888888888889,13.88888888888889,16.666666666666668,51.90864020844272,54.55555555555554,0.09602733237675798,0.0,-1.0,-1.0,13.88888888888889,13.88888888888889
59,1.1,False,0,4.0,True,14.010166666666667,17.145610256156157,22.540316666666865,-1.3854770111297738,-1.8799999999999981,0.0,0.0,13.88888888888889,13.88888888888889,16.666666666666668,48.978708881864094,54.83333333333333,0.38744485479268187,-0.0499999999999996,-1.1,-1.1,13.88888888888889,13.88888888888889
59,1.2000000000000002,False,0,4.0,True,14.010166666666667,16.55743740736143,23.613477777778098,-1.6815382394019047,-1.7999999999999998,0.0,0.0,13.88888888888889,13.88888888888889,16.666666666666668,52.3355833170877,55.11111111111111,-0.22414236089928763,-0.07999999999999963,-1.2000000000000002,-1.2000000000000002,13.88888888888889,13.88888888888889
59,1.3,False,0,4.0,True,14.010166666666667,16.41945923182821,24.748438888889478,-1.825606822207111,-1.8899999999999997,0.0,0.0,13.88888888888889,13.88888888888889,16.666666666666668,54.12408914542742,55.388888888888886,0.06028498788154901,-0.09000000000000008,-1.3,-1.3,13.88888888888889,13.88888888888889
59,1.4000000000000001,False,0,4.0,True,14.010166666666667,17.238508541891814,22.81449444444065,-1.6547553971590765,-1.8999999999999986,0.0,0.0,13.88888888888889,13.88888888888889,16.666666666666668,55.46114145658187,55.66666666666667,0.023789706343229744,-0.08000000000000007,-1.4000000000000001,-1.4000000000000001,13.88888888888889,13.88888888888889
59,1.5,False,0,4.0,True,14.010166666666667,15.79095050810501,24.24336666666714,-1.858273416616482,-1.7999999999999998,0.0,0.0,13.88888888888889,13.88888888888889,16.666666666666668,51.78698860059177,55.94444444444444,0.41132041720088885,-0.04999999999999982,-1.5,-1.5,13.88888888888889,13.88888888888889
59,1.6,False,0,4.0,True,14.010166666666667,16.455127109901962,23.722105555556237,-1.1696117146079241,-1.879999999999999,0.0,0.0,13.88888888888889,13.88888888888889,16.666666666666668,56.1048801571651,55.94444444444444,0.08383188999440772,-0.1599999999999997,-1.6,-1.6,13.88888888888889,13.88888888888889
59,1.7000000000000002,False,0,4.0,True,14.010166666666667,16.806114292963922,22.326833333333536,-1.8607124203946421,-1.8300000000000005,0.0,0.0,13.88888888888889,13.88888888888889,16.666666666666668,53.052815641541265,56.22222222222222,0.2255350937750764,-0.09999999999999964,-1.7000000000000002,-1.7000000000000002,13.88888888888889,13.88888888888889
