long_dist,lat_vel,Crash,Crash type,minTTC,reacted,ego_speed,perceived_gap,true_gap,perceived_lat_gap,true_lat_gap,perceived_lat_speed,true_lat_speed,perceived_speed,true_speed,entry_ego_speed,entry_perceived_gap,entry_true_gap,entry_perceived_lat_gap,entry_true_lat_gap,entry_perceived_lat_speed,entry_true_lat_speed,entry_perceived_speed,entry_true_speed
1,0.0,False,0,4.0,False,16.666666666666668,-3.568219588113984,-3.999999999999999,1.656138214878911,1.6,0.0,0.0,8.333333333333334,8.333333333333334,,,,,,,,,
1,0.1,False,0,4.0,False,16.666666666666668,-2.1001025891520566,-3.999999999999999,1.50980716776338,1.54,-0.1,-0.1,8.333333333333334,8.333333333333334,16.666666666666668,124.59846586257702,124.56666666666634,0.13318030514693469,-0.00999999999999579,-0.1,-0.1,8.333333333333334,8.333333333333334
1,0.2,False,0,4.0,False,16.666666666666668,-3.700170872640199,-3.999999999999999,1.7731630599215116,1.48,-0.2,-0.2,8.333333333333334,8.333333333333334,16.666666666666668,59.032997337922296,57.90000000000009,0.03360722765622137,-0.019999999999997353,-0.2,-0.2,8.333333333333334,8.333333333333334
1,0.30000000000000004,False,0,4.0,False,16.666666666666668,-3.7493829402825822,-3.999999999999999,1.5531957292885394,1.42,-0.30000000000000004,-0.30000000000000004,8.333333333333334,8.333333333333334,16.666666666666668,37.68600156047438,35.400000000000084,0.04526137953914544,-0.020000000000001572,-0.30000000000000004,-0.30000000000000004,8.333333333333334,8.333333333333334
1,0.4,False,0,2.900000000000001,True,16.666666666666668,-3.9852121801943285,-3.999999999999999,1.4209374440224494,1.3599999999999999,-0.4,-0.4,8.333333333333334,8.333333333333334,16.666666666666668,25.37054560606389,23.733333333333317,0.2722547389544472,-6.661338147750939e-16,-0.4,-0.4,8.333333333333334,8.333333333333334
1,0.5,False,0,2.1,True,16.666666666666668,-3.7744914556163858,-3.999999999999999,1.4285751453333595,1.3000000000000003,-0.5,-0.5,8.333333333333334,8.333333333333334,16.666666666666668,19.653162900874978,17.066666666666638,0.3129022728133508,0.0,-0.5,-0.5,8.333333333333334,8.333333333333334
1,0.6000000000000001,False,0,1.5666666666666664,True,16.666666666666668,-3.569041137804075,-3.999999999999999,1.1975396141710672,1.2400000000000002,-0.6000000000000001,-0.6000000000000001,8.333333333333334,8.333333333333334,16.666666666666668,15.385450111678605,12.899999999999984,0.2547921877996675,-0.019999999999999574,-0.6000000000000001,-0.6000000000000001,8.333333333333334,8.333333333333334
1,0.7000000000000001,False,0,1.1857142857142857,True,16.666666666666668,-2.742184967103923,-3.999999999999999,1.2961153960652094,1.1800000000000002,-0.7000000000000001,-0.7000000000000001,8.333333333333334,8.333333333333334,16.666666666666668,11.190689229663427,9.566666666666663,0.03836572183922282,-0.009999999999999343,-0.7000000000000001,-0.7000000000000001,8.333333333333334,8.333333333333334
1,0.8,False,0,0.9000000000000002,True,16.666666666666668,-3.9596844370486126,-3.999999999999999,1.1479148982567136,1.12,-0.8,-0.8,8.333333333333334,8.333333333333334,16.666666666666668,8.812454625986735,7.066666666666674,0.24364651503724044,-2.220446049250313e-16,-0.8,-0.8,8.333333333333334,8.333333333333334
1,0.9,False,0,0.6777777777777776,True,16.666666666666668,-2.11839954155601,-3.999999999999999,1.0946239424136044,1.06,-0.9,-0.9,8.333333333333334,8.333333333333334,16.666666666666668,7.089669096469447,5.400000000000007,0.11299317579405033,-0.02000000000000024,-0.9,-0.9,8.333333333333334,8.333333333333334
1,1.0,False,0,0.5,True,16.666666666666668,-1.9934022401333946,-3.999999999999999,1.375298358408811,1.0,-1.0,-1.0,8.333333333333334,8.333333333333334,16.666666666666668,8.00897333855087,3.7333333333333387,0.6274739443880515,0.0,-1.0,-1.0,8.333333333333334,8.333333333333334
1,1.1,False,0,0.3545454545454546,True,16.666666666666668,-2.996468273223118,-3.999999999999999,1.312764400853185,0.94,-1.1,-1.1,8.333333333333334,8.333333333333334,16.666666666666668,3.7544694271885044,2.9000000000000066,0.04426946482696481,-0.0499999999999996,-1.1,-1.1,8.333333333333334,8.333333333333334
1,1.2000000000000002,False,0,0.2333333333333335,True,16.666666666666668,-1.2499959910130984,-3.999999999999999,1.4585787197276128,0.8799999999999999,-1.2000000000000002,-1.2000000000000002,8.333333333333334,8.333333333333334,16.666666666666668,2.888063953867687,2.066666666666671,0.10432715717597008,-0.07999999999999963,-1.2000000000000002,-1.2000000000000002,8.333333333333334,8.333333333333334
1,1.3,False,0,0.13076923076923072,True,16.666666666666668,-3.720150599506378,-3.999999999999999,1.0311253152373814,0.8199999999999998,-1.3,-1.3,8.333333333333334,8.333333333333334,16.666666666666668,2.9088466188395907,1.2333333333333352,0.2856471917228607,-0.09000000000000008,-1.3,-1.3,8.333333333333334,8.333333333333334
1,1.4000000000000001,False,0,0.04285714285714273,True,16.666666666666668,-2.163872140783922,-3.999999999999999,1.3550523112618924,0.7600000000000002,-1.4000000000000001,-1.4000000000000001,8.333333333333334,8.333333333333334,16.666666666666668,0.9619470914813553,0.400000000000003,0.15238680415295214,-0.08000000000000007,-1.4000000000000001,-1.4000000000000001,8.333333333333334,8.333333333333334
1,1.5,True,1,0.0,True,16.287166666666668,-2.8897651370758846,-3.9494000000000016,0.7381776150193904,0.7000000000000002,-1.5,-1.5,8.333333333333334,8.333333333333334,16.287166666666668,0.722527469408857,-0.6736833333333285,0.32073392719525895,-0.04999999999999982,-1.5,-1.5,8.333333333333334,8.333333333333334
1,1.6,True,1,0.0,True,16.540166666666668,-1.2860349197209358,-3.9747000000000012,1.3896861702239955,0.6400000000000001,-1.6,-1.6,8.333333333333334,8.333333333333334,16.540166666666668,2.1201757256731435,-0.521883333333327,0.2769944833997844,-0.1599999999999997,-1.6,-1.6,8.333333333333334,8.333333333333334
1,1.7000000000000002,True,1,0.0,True,16.666666666666668,-3.048192340638228,-3.999999999999999,1.0607548591509772,0.5800000000000001,-1.7000000000000002,-1.7000000000000002,8.333333333333334,8.333333333333334,16.666666666666668,-0.6466110238048879,-1.2666666666666684,0.11164986777910046,-0.09999999999999964,-1.7000000000000002,-1.7000000000000002,8.333333333333334,8.333333333333334
2,0.0,False,0,4.0,False,16.666666666666668,-2.999634856259818,-3.9333333333333345,1.835167454050504,1.6,0.0,0.0,8.333333333333334,8.333333333333334,,,,,,,,,
2,0.1,False,0,4.0,False,16.666666666666668,-2.097360972513596,-3.9333333333333345,1.601871629390831,1.52,-0.1,-0.1,8.333333333333334,8.333333333333334,16.666666666666668,124.60594277311445,123.56666666666634,-0.042371770678077736,-0.00999999999999579,-0.1,-0.1,8.333333333333334,8.333333333333334
2,0.2,False,0,4.0,False,16.666666666666668,-1.2795458575048384,-3.9333333333333345,1.5352781410734817,1.44,-0.2,-0.2,8.333333333333334,8.333333333333334,16.666666666666668,59.139403603130674,56.90000000000009,-0.1291841680059973,-0.019999999999997353,-0.2,-0.2,8.333333333333334,8.333333333333334
2,0.30000000000000004,False,0,4.0,True,16.666666666666668,-3.958049544321331,-3.9333333333333345,1.1980944627736352,1.3599999999999999,-0.30000000000000004,-0.30000000000000004,8.333333333333334,8.333333333333334,16.666666666666668,36.39266177077643,34.400000000000084,0.2637846627205773,-0.020000000000001572,-0.30000000000000004,-0.30000000000000004,8.333333333333334,8.333333333333334
2,0.4,False,0,2.8000000000000007,True,16.666666666666668,-2.3628926656842575,-3.9333333333333345,1.3340082786441436,1.2800000000000002,-0.4,-0.4,8.333333333333334,8.333333333333334,16.666666666666668,23.667650489746347,22.733333333333317,0.09803892071503895,-6.661338147750939e-16,-0.4,-0.4,8.333333333333334,8.333333333333334
2,0.5,False,0,2.0,True,16.666666666666668,-1.2496369196931996,-3.9333333333333345,1.3503456797646138,1.2000000000000002,-0.5,-0.5,8.333333333333334,8.333333333333334,16.666666666666668,16.18125308633204,16.066666666666638,-0.3179610714054302,0.0,-0.5,-0.5,8.333333333333334,8.333333333333334
2,0.6000000000000001,False,0,1.466666666666667,True,16.666666666666668,-1.296231582561739,-3.9333333333333345,1.2591678806327025,1.12,-0.6000000000000001,-0.6000000000000001,8.333333333333334,8.333333333333334,16.666666666666668,14.434961019702616,11.899999999999984,0.21887471523791513,-0.019999999999999574,-0.6000000000000001,-0.6000000000000001,8.333333333333334,8.333333333333334
2,0.7000000000000001,False,0,1.0857142857142859,True,16.666666666666668,-3.1514429239223736,-3.9333333333333345,1.2363693761363606,1.04,-0.7000000000000001,-0.7000000000000001,8.333333333333334,8.333333333333334,16.666666666666668,10.338857057688099,8.566666666666663,0.027060293662484414,-0.009999999999999343,-0.7000000000000001,-0.7000000000000001,8.333333333333334,8.333333333333334
2,0.8,False,0,0.8000000000000002,True,16.666666666666668,-1.6554643124830664,-3.9333333333333345,1.295051979684196,0.9600000000000004,-0.8,-0.8,8.333333333333334,8.333333333333334,16.666666666666668,7.1726910302927225,6.066666666666674,0.17363484038344845,-2.220446049250313e-16,-0.8,-0.8,8.333333333333334,8.333333333333334
2,0.9,False,0,0.5777777777777778,True,16.666666666666668,-3.072340220766944,-3.9333333333333345,1.1871488192391202,0.8799999999999999,-0.9,-0.9,8.333333333333334,8.333333333333334,16.666666666666668,4.510413096262316,4.400000000000007,-0.1784077342043775,-0.02000000000000024,-0.9,-0.9,8.333333333333334,8.333333333333334
2,1.0,False,0,0.3999999999999999,True,16.666666666666668,1.122699579446337,-3.9333333333333345,1.4377201332303686,0.8000000000000003,-1.0,-1.0,8.333333333333334,8.333333333333334,16.666666666666668,2.9946718334776437,2.7333333333333387,-0.09832790892270027,0.0,-1.0,-1.0,8.333333333333334,8.333333333333334
2,1.1,False,0,0.25454545454545474,True,16.540166666666668,-2.4597733444743595,-3.9712833333333313,0.8299887372116244,0.7200000000000002,-1.1,-1.1,8.333333333333334,8.333333333333334,16.540166666666668,1.9223900698498122,1.7735000000000065,-0.37227591182777875,-0.0499999999999996,-1.1,-1.1,8.333333333333334,8.333333333333334
2,1.2000000000000002,False,0,0.03333333333333354,True,16.287166666666668,-3.27744743004597,-4.021883333333331,0.7408948556825683,0.6400000000000001,-1.2000000000000002,-1.2000000000000002,8.333333333333334,8.333333333333334,16.287166666666668,2.240556143958792,0.7504166666666672,0.3360674730653668,-0.07999999999999963,-1.2000000000000002,-1.2000000000000002,8.333333333333334,8.333333333333334
2,1.3,False,0,0.030769230769230625,True,16.666666666666668,-4.013815766893981,-3.9333333333333345,0.5508131112617698,0.56,-1.3,-1.3,8.333333333333334,8.333333333333334,16.666666666666668,0.2228402287589093,0.23333333333333517,-0.20104117435529822,-0.09000000000000008,-1.3,-1.3,8.333333333333334,8.333333333333334
2,1.4000000000000001,True,1,0.0,True,15.907666666666668,-2.4920202102949576,-4.059833333333331,0.7374706134662112,0.48,-1.4000000000000001,-1.4000000000000001,8.333333333333334,8.333333333333334,15.907666666666668,-0.19323658575887936,-1.030099999999993,-0.09712604273266723,-0.08000000000000007,-1.4000000000000001,-1.4000000000000001,8.333333333333334,8.333333333333334
2,1.5,True,1,0.0,True,16.666666666666668,-3.306297486336887,-3.9333333333333345,0.5344454952023243,0.3999999999999999,-1.5,-1.5,8.333333333333334,8.333333333333334,16.666666666666668,-0.641729186620899,-1.4333333333333327,0.09023234978645056,-0.04999999999999982,-1.5,-1.5,8.333333333333334,8.333333333333334
2,1.6,True,1,0.0,True,16.540166666666668,-3.182342763559242,-3.98393333333333,0.5329521781547442,0.3200000000000003,-1.6,-1.6,8.333333333333334,8.333333333333334,16.540166666666668,-1.6285834066570972,-1.521883333333327,-0.13356646196590738,-0.1599999999999997,-1.6,-1.6,8.333333333333334,8.333333333333334
2,1.7000000000000002,True,1,0.0,True,15.401666666666667,-4.175766514480467,-4.211266666666666,0.24858368071386527,0.2400000000000002,-1.7000000000000002,-1.7000000000000002,8.333333333333334,8.333333333333334,15.401666666666667,0.9307947137133104,-2.9750666666666676,0.7146312932682779,-0.09999999999999964,-1.7000000000000002,-1.7000000000000002,8.333333333333334,8.333333333333334
3,0.0,False,0,4.0,False,16.666666666666668,0.7907624726002984,-4.100000000000002,1.5394675419816037,1.6,0.0,0.0,8.333333333333334,8.333333333333334,,,,,,,,,
3,0.1,False,0,4.0,False,16.666666666666668,-3.014704735434914,-4.100000000000002,1.6809681023914953,1.5100000000000002,-0.1,-0.1,8.333333333333334,8.333333333333334,16.666666666666668,124.24332755501244,122.56666666666634,-0.02788767480576748,-0.00999999999999579,-0.1,-0.1,8.333333333333334,8.333333333333334
3,0.2,False,0,4.0,False,16.666666666666668,-2.987815781802767,-4.100000000000002,1.3855029358140878,1.42,-0.2,-0.2,8.333333333333334,8.333333333333334,16.666666666666668,55.99467683653711,55.90000000000009,-0.047386706494193076,-0.019999999999997353,-0.2,-0.2,8.333333333333334,8.333333333333334
3,0.30000000000000004,False,0,4.0,False,16.666666666666668,-2.3066028405460246,-4.100000000000002,1.341184788723628,1.33,-0.30000000000000004,-0.30000000000000004,8.333333333333334,8.333333333333334,16.666666666666668,35.64966097053832,33.400000000000084,0.18581727572371776,-0.020000000000001572,-0.30000000000000004,-0.30000000000000004,8.333333333333334,8.333333333333334
3,0.4,False,0,2.7000000000000006,True,16.666666666666668,-2.1647382917504325,-4.100000000000002,1.177341863226041,1.2400000000000002,-0.4,-0.4,8.333333333333334,8.333333333333334,16.666666666666668,22.570946169839896,21.733333333333317,0.13353009376775749,-6.661338147750939e-16,-0.4,-0.4,8.333333333333334,8.333333333333334
3,0.5,False,0,1.9000000000000004,True,16.666666666666668,-2.0569432853646274,-4.100000000000002,1.3457471983068618,1.15,-0.5,-0.5,8.333333333333334,8.333333333333334,16.666666666666668,15.909717041824567,15.066666666666638,0.20497258383072525,0.0,-0.5,-0.5,8.333333333333334,8.333333333333334
3,0.6000000000000001,False,0,1.366666666666667,True,16.666666666666668,-3.344865514446437,-4.100000000000002,1.4624438467352716,1.06,-0.6000000000000001,-0.6000000000000001,8.333333333333334,8.333333333333334,16.666666666666668,11.001387135963302,10.899999999999984,-0.18307995209258476,-0.019999999999999574,-0.6000000000000001,-0.6000000000000001,8.333333333333334,8.333333333333334
3,0.7000000000000001,False,0,0.9857142857142855,True,16.666666666666668,-1.572238177906951,-4.100000000000002,1.0854617684869057,0.9700000000000002,-0.7000000000000001,-0.7000000000000001,8.333333333333334,8.333333333333334,16.666666666666668,7.598259074441136,7.566666666666664,0.0943465984602394,-0.009999999999999343,-0.7000000000000001,-0.7000000000000001,8.333333333333334,8.333333333333334
3,0.8,False,0,0.6,True,16.540166666666668,-3.5895261807072325,-4.112650000000001,0.7761031754471541,0.8800000000000003,-0.8,-0.8,8.333333333333334,8.333333333333334,16.540166666666668,6.075136475202119,4.914866666666666,0.3648112180954275,-2.220446049250313e-16,-0.8,-0.8,8.333333333333334,8.333333333333334
3,0.9,False,0,0.3777777777777776,True,15.907666666666668,-2.532511300906269,-4.226499999999999,1.0648627451987664,0.79,-0.9,-0.9,8.333333333333334,8.333333333333334,15.907666666666668,5.568300630173963,2.5904000000000034,0.37217646906862045,-0.02000000000000024,-0.9,-0.9,8.333333333333334,8.333333333333334
3,1.0,False,0,0.30000000000000027,True,16.666666666666668,-3.2450559523200484,-4.100000000000002,0.8900077120199552,0.7000000000000002,-1.0,-1.0,8.333333333333334,8.333333333333334,16.666666666666668,4.978227890084342,1.7333333333333387,0.45437433998510146,0.0,-1.0,-1.0,8.333333333333334,8.333333333333334
3,1.1,False,0,0.054545454545454994,True,16.540166666666668,-3.2139342605559884,-4.1253,0.6456097210150618,0.6100000000000003,-1.1,-1.1,8.333333333333334,8.333333333333334,16.540166666666668,1.6064378692005983,0.7988000000000044,-0.005974432093120985,-0.0499999999999996,-1.1,-1.1,8.333333333333334,8.333333333333334
3,1.2000000000000002,True,1,0.0,True,15.907666666666668,-3.4124099143653117,-4.226499999999999,0.7145684910548984,0.52,-1.2000000000000002,-1.2000000000000002,8.333333333333334,8.333333333333334,15.907666666666668,1.156699225490624,-0.43933333333332936,0.2731065180042793,-0.07999999999999963,-1.2000000000000002,-1.2000000000000002,8.333333333333334,8.333333333333334
3,1.3,True,1,0.0,True,16.287166666666668,-4.2012360590232545,-4.188549999999998,0.4539185071406271,0.43000000000000016,-1.3,-1.3,8.333333333333334,8.333333333333334,16.287166666666668,0.7543622111280657,-1.0070166666666678,0.17826461534527338,-0.09000000000000008,-1.3,-1.3,8.333333333333334,8.333333333333334
3,1.4000000000000001,True,1,0.0,True,15.907666666666668,-4.070685094200068,-4.221700000000003,0.09348261767491972,0.33999999999999986,-1.4000000000000001,-1.4000000000000001,8.333333333333334,8.333333333333334,15.401666666666667,-2.4317175197110847,-2.2577999999999916,-0.23312331154016408,-0.08000000000000007,-1.4000000000000001,-1.4000000000000001,8.333333333333334,8.333333333333334
3,1.5,True,1,0.0,True,16.287166666666668,-4.096498972220847,-4.226499999999997,0.08638067412700368,0.25,-1.5,-1.5,8.333333333333334,8.333333333333334,15.907666666666668,-0.1323142646388087,-2.711633333333327,0.329635507419586,-0.04999999999999982,-1.5,-1.5,8.333333333333334,8.333333333333334
3,1.6,True,1,0.0,True,16.287166666666668,-4.066694310215362,-4.213849999999996,0.2262396743891979,0.16000000000000014,-1.6,-1.6,8.333333333333334,8.333333333333334,16.287166666666668,-2.763190407589973,-2.623083333333329,-0.29912311896455623,-0.1599999999999997,-1.6,-1.6,8.333333333333334,8.333333333333334
3,1.7000000000000002,True,1,0.0,True,15.907666666666668,-4.24841021654118,-4.221700000000003,0.1500011901694389,0.07000000000000028,-1.7000000000000002,-1.7000000000000002,8.333333333333334,8.333333333333334,15.401666666666667,-2.7855612415166666,-3.671466666666663,0.07352550700612404,-0.09999999999999964,-1.7000000000000002,-1.7000000000000002,8.333333333333334,8.333333333333334
4,0.0,False,0,4.0,False,16.666666666666668,-2.5404994065758,-4.266666666666668,1.5622804008490156,1.6,0.0,0.0,8.333333333333334,8.333333333333334,,,,,,,,,
4,0.1,False,0,4.0,False,16.666666666666668,-1.1704065998052071,-4.266666666666668,1.883528936449689,1.5,-0.1,-0.1,8.333333333333334,8.333333333333334,16.666666666666668,123.96692522124287,121.56666666666634,0.16673375613321184,-0.00999999999999579,-0.1,-0.1,8.333333333333334,8.333333333333334
4,0.2,False,0,4.0,True,16.666666666666668,-1.7181683648850674,-4.266666666666668,1.4640396596228156,1.4,-0.2,-0.2,8.333333333333334,8.333333333333334,16.666666666666668,54.884930822318424,54.90000000000009,0.17743772725173734,-0.019999999999997353,-0.2,-0.2,8.333333333333334,8.333333333333334
4,0.30000000000000004,False,0,3.833333333333335,True,16.666666666666668,-3.7278037169275775,-4.266666666666668,1.3272383039024476,1.3000000000000003,-0.30000000000000004,-0.30000000000000004,8.333333333333334,8.333333333333334,16.666666666666668,33.86184487354561,32.40000000000008,0.10599356144692607,-0.020000000000001572,-0.30000000000000004,-0.30000000000000004,8.333333333333334,8.333333333333334
4,0.4,False,0,2.5,True,16.666666666666668,-4.1581762401771725,-4.266666666666668,1.2450579991245383,1.2000000000000002,-0.4,-0.4,8.333333333333334,8.333333333333334,16.666666666666668,22.67149706632514,20.733333333333317,-0.028946622029005775,-6.661338147750939e-16,-0.4,-0.4,8.333333333333334,8.333333333333334
4,0.5,False,0,1.7000000000000002,True,16.666666666666668,-3.5267471458338937,-4.266666666666668,1.0262080152010253,1.1,-0.5,-0.5,8.333333333333334,8.333333333333334,16.666666666666668,15.186105991246617,14.066666666666638,-0.01691844579384183,0.0,-0.5,-0.5,8.333333333333334,8.333333333333334
4,0.6000000000000001,False,0,1.0666666666666667,True,15.907666666666668,-4.179861912168021,-4.206833333333335,1.181600354932446,1.0,-0.6000000000000001,-0.6000000000000001,8.333333333333334,8.333333333333334,15.401666666666667,8.430693724505836,7.622999999999991,-0.025914444396615277,-0.019999999999999574,-0.6000000000000001,-0.6000000000000001,8.333333333333334,8.333333333333334
4,0.7000000000000001,False,0,0.785714285714286,True,16.666666666666668,-4.248664198310485,-4.266666666666668,0.8432471648535285,0.8999999999999999,-0.7000000000000001,-0.7000000000000001,8.333333333333334,8.333333333333334,16.666666666666668,9.768193605624585,6.566666666666664,0.30838140078915055,-0.009999999999999343,-0.7000000000000001,-0.7000000000000001,8.333333333333334,8.333333333333334
4,0.8,False,0,0.4999999999999999,True,16.666666666666668,-1.8343769544671895,-4.266666666666668,1.0426997725547373,0.8000000000000003,-0.8,-0.8,8.333333333333334,8.333333333333334,16.666666666666668,7.102793814884991,4.066666666666674,0.5951156195573684,-2.220446049250313e-16,-0.8,-0.8,8.333333333333334,8.333333333333334
4,0.9,False,0,0.2777777777777773,True,16.287166666666668,-4.036563244520479,-4.270083333333335,0.6759856796647123,0.6999999999999997,-0.9,-0.9,8.333333333333334,8.333333333333334,16.287166666666668,2.8094394394203883,2.033149999999993,0.021337573886718975,-0.02000000000000024,-0.9,-0.9,8.333333333333334,8.333333333333334
4,1.0,False,0,0.0,True,15.401666666666667,-3.6134755433756895,-4.080333333333335,0.6574820640343657,0.6000000000000001,-1.0,-1.0,8.333333333333334,8.333333333333334,15.401666666666667,2.0974146502212188,-0.2786666666666582,0.06392083491444955,0.0,-1.0,-1.0,8.333333333333334,8.333333333333334
4,1.1,True,1,0.0,True,15.401666666666667,-2.761124024930232,-4.0044333333333375,0.6752863695700584,0.5000000000000004,-1.1,-1.1,8.333333333333334,8.333333333333334,15.401666666666667,-0.052951664712305835,-1.0613999999999875,0.2979111775686838,-0.0499999999999996,-1.1,-1.1,8.333333333333334,8.333333333333334
4,1.2000000000000002,True,1,0.0,True,15.401666666666667,-2.4607808713852117,-3.9538333333333346,0.515895217774589,0.3999999999999999,-1.2000000000000002,-1.2000000000000002,8.333333333333334,8.333333333333334,15.401666666666667,-0.7148584132535296,-1.818833333333326,0.07555863419585984,-0.07999999999999963,-1.2000000000000002,-1.2000000000000002,8.333333333333334,8.333333333333334
4,1.3,True,1,0.0,True,15.907666666666668,-3.6052652332691446,-4.194183333333334,0.35795975328011087,0.2999999999999998,-1.3,-1.3,8.333333333333334,8.333333333333334,15.907666666666668,-0.5382997915215979,-2.1335166666666643,0.17938596509302274,-0.09000000000000008,-1.3,-1.3,8.333333333333334,8.333333333333334
4,1.4000000000000001,True,1,0.0,True,15.401666666666667,-3.12041468231864,-3.9538333333333346,0.7427902609882149,0.19999999999999973,-1.4000000000000001,-1.4000000000000001,8.333333333333334,8.333333333333334,15.401666666666667,-0.6951319789134134,-3.2324999999999937,0.28256310968470766,-0.08000000000000007,-1.4000000000000001,-1.4000000000000001,8.333333333333334,8.333333333333334
4,1.5,True,1,0.0,True,14.010166666666667,-3.3111374030313447,-4.141733333333334,0.1083363029540072,-0.04999999999999982,-1.5,-1.5,8.333333333333334,8.333333333333334,14.010166666666667,-3.3111374030313447,-4.141733333333334,0.1083363029540072,-0.04999999999999982,-1.5,-1.5,8.333333333333334,8.333333333333334
4,1.6,True,2,0.0,True,14.010166666666667,-2.607898039691178,-4.142016666666662,0.1940721860859007,-0.1599999999999997,-1.6,-1.6,8.333333333333334,8.333333333333334,14.010166666666667,-2.607898039691178,-4.142016666666662,0.1940721860859007,-0.1599999999999997,-1.6,-1.6,8.333333333333334,8.333333333333334
4,1.7000000000000002,True,2,0.0,True,12.491578666666665,-3.775809418102525,-4.115003000000004,-0.3891610722607981,-0.4399999999999995,-1.7000000000000002,-1.7000000000000002,8.333333333333334,8.333333333333334,13.250872666666666,-3.927742587326855,-3.283353933333335,-0.012697088763187203,-0.09999999999999964,-1.7000000000000002,-1.7000000000000002,8.333333333333334,8.333333333333334
5,0.0,False,0,4.0,False,16.666666666666668,-4.286911455996605,-4.166666666666663,1.5105058770704547,1.6,0.0,0.0,8.333333333333334,8.333333333333334,,,,,,,,,
5,0.1,False,0,4.0,False,16.666666666666668,-2.7814003183866545,-4.166666666666663,1.6097389269201843,1.4900000000000002,-0.1,-0.1,8.333333333333334,8.333333333333334,16.666666666666668,122.24580511431948,120.56666666666634,-0.04846216599648634,-0.00999999999999579,-0.1,-0.1,8.333333333333334,8.333333333333334
5,0.2,False,0,4.0,False,16.666666666666668,-3.3718126284247694,-4.166666666666663,1.289383051361296,1.3800000000000003,-0.2,-0.2,8.333333333333334,8.333333333333334,16.666666666666668,53.84226625938945,53.90000000000009,0.011746123101132211,-0.019999999999997353,-0.2,-0.2,8.333333333333334,8.333333333333334
5,0.30000000000000004,False,0,3.733333333333334,True,16.666666666666668,-3.567373766147166,-4.166666666666663,1.3544727103701688,1.27,-0.30000000000000004,-0.30000000000000004,8.333333333333334,8.333333333333334,16.666666666666668,33.183325537518925,31.400000000000073,0.0039348877403249105,-0.020000000000001572,-0.30000000000000004,-0.30000000000000004,8.333333333333334,8.333333333333334
5,0.4,False,0,2.4,True,16.666666666666668,-4.094583212986055,-4.166666666666663,1.2537636675105053,1.1600000000000001,-0.4,-0.4,8.333333333333334,8.333333333333334,16.666666666666668,20.540245023681297,19.733333333333317,0.03947118589284382,-6.661338147750939e-16,-0.4,-0.4,8.333333333333334,8.333333333333334
5,0.5,False,0,1.6000000000000005,True,16.666666666666668,-4.142479671646739,-4.166666666666663,0.9677168808503529,1.0500000000000003,-0.5,-0.5,8.333333333333334,8.333333333333334,16.540166666666668,13.550419693400475,12.801016666666623,-0.2665749989081465,0.0,-0.5,-0.5,8.333333333333334,8.333333333333334
5,0.6000000000000001,False,0,1.0666666666666667,True,16.287166666666668,-3.52548539120633,-4.1160666666666605,0.9840636231200386,0.94,-0.6000000000000001,-0.6000000000000001,8.333333333333334,8.333333333333334,16.287166666666668,10.701470343176048,8.242199999999997,0.026647008489629975,-0.019999999999999574,-0.6000000000000001,-0.6000000000000001,8.333333333333334,8.333333333333334
5,0.7000000000000001,False,0,0.6857142857142863,True,16.287166666666668,-2.7506649073813163,-4.103416666666663,1.0191870792848206,0.8300000000000001,-0.7000000000000001,-0.7000000000000001,8.333333333333334,8.333333333333334,16.287166666666668,7.368895973333179,5.048016666666663,0.29649087203196745,-0.009999999999999343,-0.7000000000000001,-0.7000000000000001,8.333333333333334,8.333333333333334
5,0.8,False,0,0.3999999999999998,True,16.287166666666668,-3.007046032886204,-4.078116666666662,0.7371557320423148,0.7200000000000002,-0.8,-0.8,8.333333333333334,8.333333333333334,16.287166666666668,4.126753630263917,2.636566666666657,0.04364337769016413,-2.220446049250313e-16,-0.8,-0.8,8.333333333333334,8.333333333333334
5,0.9,False,0,0.17777777777777745,True,16.287166666666668,-3.729101551329239,-4.103416666666663,0.7843330923343639,0.6099999999999999,-0.9,-0.9,8.333333333333334,8.333333333333334,16.287166666666668,1.0684130319715743,1.0710999999999915,0.029052962089127554,-0.02000000000000024,-0.9,-0.9,8.333333333333334,8.333333333333334
5,1.0,False,0,0.0,True,16.287166666666668,-3.0368713614483687,-4.065466666666665,0.6909537512612332,0.5,-1.0,-1.0,8.333333333333334,8.333333333333334,16.287166666666668,1.5387717067951465,-0.5576166666666706,0.017354566768905233,0.0,-1.0,-1.0,8.333333333333334,8.333333333333334
5,1.1,True,1,0.0,True,15.401666666666667,-1.5975748821698081,-4.105999999999994,0.37109985015819236,0.28000000000000025,-1.1,-1.1,8.333333333333334,8.333333333333334,15.401666666666667,-1.046587167178937,-1.9854999999999903,0.13381839870055812,-0.0499999999999996,-1.1,-1.1,8.333333333333334,8.333333333333334
5,1.2000000000000002,True,1,0.0,True,14.769166666666667,-3.8594799071496153,-4.177750000000006,0.18042535361487033,0.16000000000000014,-1.2000000000000002,-1.2000000000000002,8.333333333333334,8.333333333333334,14.769166666666667,-3.1381844750714825,-3.135083333333326,-0.2994243919081987,-0.07999999999999963,-1.2000000000000002,-1.2000000000000002,8.333333333333334,8.333333333333334
5,1.3,True,1,0.0,True,14.769166666666667,-1.4470353310291015,-4.232499999999994,0.42269480108111157,0.039999999999999813,-1.3,-1.3,8.333333333333334,8.333333333333334,14.769166666666667,-3.685185964526947,-3.5889166666666616,-0.12223325836487242,-0.09000000000000008,-1.3,-1.3,8.333333333333334,8.333333333333334
5,1.4000000000000001,True,2,0.0,True,11.732284666666665,-2.655014466781,-4.201345866666659,-0.6332468986293323,-0.6399999999999992,-1.4000000000000001,-1.4000000000000001,8.333333333333334,8.333333333333334,11.732284666666665,-2.8438879347208426,-3.0390736000000045,0.30727764282849135,-0.08000000000000007,-1.4000000000000001,-1.4000000000000001,8.333333333333334,8.333333333333334
5,1.5,True,2,0.0,True,14.010166666666667,-1.8178221763003064,-4.272016666666665,0.023156044717924207,-0.34999999999999987,-1.5,-1.5,8.333333333333334,8.333333333333334,14.010166666666667,-2.605222775926287,-3.192616666666665,0.46283685237055705,-0.04999999999999982,-1.5,-1.5,8.333333333333334,8.333333333333334
5,1.6,True,2,0.0,True,15.401666666666667,-2.795835849316229,-4.232499999999994,0.04642859970929658,-0.31999999999999984,-1.6,-1.6,8.333333333333334,8.333333333333334,15.401666666666667,-2.4566617014831467,-3.6606666666666667,0.3168612647001292,-0.1599999999999997,-1.6,-1.6,8.333333333333334,8.333333333333334
5,1.7000000000000002,True,2,0.0,True,14.010166666666667,0.6849689668525896,-4.272016666666665,0.3956336394967832,-0.6099999999999994,-1.7000000000000002,-1.7000000000000002,8.333333333333334,8.333333333333334,14.010166666666667,-2.550953943065168,-2.6249333333333356,0.6196691064352922,-0.09999999999999964,-1.7000000000000002,-1.7000000000000002,8.333333333333334,8.333333333333334
6,0.0,False,0,4.0,False,16.666666666666668,-3.2754651505901498,-4.000000000000003,1.6632673145490804,1.6,0.0,0.0,8.333333333333334,8.333333333333334,,,,,,,,,
6,0.1,False,0,4.0,False,16.666666666666668,-2.909344517254314,-4.000000000000003,1.2463822553191002,1.48,-0.1,-0.1,8.333333333333334,8.333333333333334,16.666666666666668,121.33918364527837,119.56666666666634,0.19048717771297952,-0.00999999999999579,-0.1,-0.1,8.333333333333334,8.333333333333334
6,0.2,False,0,4.0,True,16.666666666666668,-1.1415873437900812,-4.000000000000003,1.360915802247351,1.3599999999999999,-0.2,-0.2,8.333333333333334,8.333333333333334,16.666666666666668,53.58658672597021,52.90000000000009,0.2999781132400461,-0.019999999999997353,-0.2,-0.2,8.333333333333334,8.333333333333334
6,0.30000000000000004,False,0,3.633333333333333,True,16.666666666666668,-3.775774151711171,-4.000000000000003,1.519442183659622,1.2400000000000002,-0.30000000000000004,-0.30000000000000004,8.333333333333334,8.333333333333334,16.666666666666668,30.40560045139375,30.400000000000073,-0.03066396356425738,-0.020000000000001572,-0.30000000000000004,-0.30000000000000004,8.333333333333334,8.333333333333334
6,0.4,False,0,2.3,True,16.666666666666668,-0.6040815215817537,-4.000000000000003,1.5294143970111818,1.12,-0.4,-0.4,8.333333333333334,8.333333333333334,16.666666666666668,19.336808288133394,18.733333333333317,-0.23837036380994192,-6.661338147750939e-16,-0.4,-0.4,8.333333333333334,8.333333333333334
6,0.5,False,0,1.5,True,16.540166666666668,-3.0139135496179312,-3.9747000000000012,0.7859350164062993,1.0,-0.5,-0.5,8.333333333333334,8.333333333333334,16.540166666666668,12.555648981084932,11.788366666666622,-0.11519923284062439,0.0,-0.5,-0.5,8.333333333333334,8.333333333333334
6,0.6000000000000001,False,0,0.6666666666666672,True,14.769166666666667,-4.082446119272947,-4.200833333333338,0.7904726684342451,0.8200000000000003,-0.6000000000000001,-0.6000000000000001,8.333333333333334,8.333333333333334,14.010166666666667,4.715694871880328,3.548399999999977,0.05432052200008397,-0.019999999999999574,-0.6000000000000001,-0.6000000000000001,8.333333333333334,8.333333333333334
6,0.7000000000000001,False,0,0.4857142857142861,True,15.907666666666668,-3.379931723911784,-4.007016666666668,0.843838350455258,0.69,-0.7000000000000001,-0.7000000000000001,8.333333333333334,8.333333333333334,15.907666666666668,4.60494930655845,3.567316666666664,0.0018821057076121583,-0.009999999999999343,-0.7000000000000001,-0.7000000000000001,8.333333333333334,8.333333333333334
6,0.8,False,0,0.19999999999999962,True,15.907666666666668,-1.7194680881031514,-4.044966666666666,0.6809318107963906,0.56,-0.8,-0.8,8.333333333333334,8.333333333333334,15.907666666666668,2.823418480172312,1.2570666666666641,0.2663180781633425,-2.220446049250313e-16,-0.8,-0.8,8.333333333333334,8.333333333333334
6,0.9,True,1,0.0,True,14.769166666666667,-3.901877380325831,-4.264083333333338,0.3573040297337644,0.4299999999999997,-0.9,-0.9,8.333333333333334,8.333333333333334,14.010166666666667,1.808101035733146,-1.4974999999999943,0.4529531054203608,-0.02000000000000024,-0.9,-0.9,8.333333333333334,8.333333333333334
6,1.0,True,1,0.0,True,14.769166666666667,-3.0917235260524647,-4.011083333333338,0.7105554456563565,0.30000000000000027,-1.0,-1.0,8.333333333333334,8.333333333333334,14.769166666666667,-1.0541302757231348,-2.6581666666666584,0.26019833138380744,0.0,-1.0,-1.0,8.333333333333334,8.333333333333334
6,1.1,True,1,0.0,True,14.769166666666667,-3.6391845030010286,-4.200833333333338,0.28997344563587246,0.17000000000000037,-1.1,-1.1,8.333333333333334,8.333333333333334,14.769166666666667,-3.1732935249842162,-3.1119999999999903,0.050537130926953555,-0.0499999999999996,-1.1,-1.1,8.333333333333334,8.333333333333334
6,1.2000000000000002,True,2,0.0,True,13.250872666666666,-2.5286358890263214,-4.275107866666672,0.133668017545701,-0.07999999999999963,-1.2000000000000002,-1.2000000000000002,8.333333333333334,8.333333333333334,13.250872666666666,-2.5286358890263214,-4.275107866666672,0.133668017545701,-0.07999999999999963,-1.2000000000000002,-1.2000000000000002,8.333333333333334,8.333333333333334
6,1.3,True,2,0.0,True,14.769166666666667,-2.5800512142557706,-4.011083333333338,-0.08423675473687986,-0.09000000000000008,-1.3,-1.3,8.333333333333334,8.333333333333334,14.769166666666667,-2.5800512142557706,-4.011083333333338,-0.08423675473687986,-0.09000000000000008,-1.3,-1.3,8.333333333333334,8.333333333333334
6,1.4000000000000001,True,2,0.0,True,13.250872666666666,-1.939472452734452,-4.083703000000006,0.2863920669016,-0.49999999999999956,-1.4000000000000001,-1.4000000000000001,8.333333333333334,8.333333333333334,13.250872666666666,-2.5238028096440344,-2.608441200000004,0.7736758225361196,-0.08000000000000007,-1.4000000000000001,-1.4000000000000001,8.333333333333334,8.333333333333334
6,1.5,True,2,0.0,True,10.213696666666664,-3.8328378154782525,-4.255905600000005,-1.025214079344709,-1.1,-1.5,-1.5,8.333333333333334,8.333333333333334,14.010166666666667,-2.9304409944921828,-2.192616666666665,0.08051084701179678,-0.04999999999999982,-1.5,-1.5,8.333333333333334,8.333333333333334
6,1.6,True,2,0.0,True,8.695108666666663,-2.6139245437254486,-2.7840702666666557,-1.6312222490770225,-1.6000000000000005,-1.6,-1.6,8.333333333333334,8.333333333333334,12.491578666666665,-3.13930808036807,-1.6991784666666652,0.25175107085868076,-0.1599999999999997,-1.6,-1.6,8.333333333333334,8.333333333333334
6,1.7000000000000002,True,2,0.0,True,8.695108666666663,-3.582224740661359,-4.293619533333316,-1.750325243721305,-1.8300000000000005,0.0,0.0,8.333333333333334,8.333333333333334,14.010166666666667,-3.332590606934777,-1.6249333333333356,0.4759232741071542,-0.09999999999999964,-1.7000000000000002,-1.7000000000000002,8.333333333333334,8.333333333333334
7,0.0,False,0,4.0,False,16.666666666666668,-2.997967844580045,-3.933333333333329,1.5921300089548112,1.6,0.0,0.0,8.333333333333334,8.333333333333334,,,,,,,,,
7,0.1,False,0,4.0,False,16.666666666666668,-3.2135939601919246,-3.933333333333329,1.5097193246205047,1.46,-0.1,-0.1,8.333333333333334,8.333333333333334,16.666666666666668,121.74095070704088,118.56666666666634,0.038664439113421434,-0.00999999999999579,-0.1,-0.1,8.333333333333334,8.333333333333334
7,0.2,False,0,4.0,False,16.666666666666668,-2.2235242607600076,-3.933333333333329,1.2691264412550818,1.3199999999999998,-0.2,-0.2,8.333333333333334,8.333333333333334,16.666666666666668,51.8290676959019,51.90000000000009,-0.022963884294807446,-0.019999999999997353,-0.2,-0.2,8.333333333333334,8.333333333333334
7,0.30000000000000004,False,0,3.5333333333333323,True,16.666666666666668,-4.1782634084496335,-3.933333333333329,1.2774448095471915,1.1800000000000002,-0.30000000000000004,-0.30000000000000004,8.333333333333334,8.333333333333334,16.666666666666668,29.352828032861307,29.400000000000073,0.022208780735931022,-0.020000000000001572,-0.30000000000000004,-0.30000000000000004,8.333333333333334,8.333333333333334
7,0.4,False,0,2.0999999999999996,True,16.287166666666668,0.18146754512788466,-4.021883333333334,1.1303195662632888,1.04,-0.4,-0.4,8.333333333333334,8.333333333333334,16.287166666666668,18.154092994151465,16.658083333333376,0.2715386410339793,-6.661338147750939e-16,-0.4,-0.4,8.333333333333334,8.333333333333334
7,0.5,False,0,1.0,True,14.010166666666667,-0.7636693117987781,-4.074049999999995,0.7777511009741467,0.8500000000000001,-0.5,-0.5,8.333333333333334,8.333333333333334,14.010166666666667,6.147420291075787,5.5765666666666265,-0.06953237159648396,0.0,-0.5,-0.5,8.333333333333334,8.333333333333334
7,0.6000000000000001,False,0,0.7666666666666673,True,15.907666666666668,-4.12765986204647,-4.173683333333336,0.6351963869851747,0.7600000000000002,-0.6000000000000001,-0.6000000000000001,8.333333333333334,8.333333333333334,15.907666666666668,6.66608992287495,5.67294999999999,0.17609873998131365,-0.019999999999999574,-0.6000000000000001,-0.6000000000000001,8.333333333333334,8.333333333333334
7,0.7000000000000001,False,0,0.2857142857142866,True,14.769166666666667,-2.676966988127197,-4.223916666666667,0.6362989597515658,0.6200000000000001,-0.7000000000000001,-0.7000000000000001,8.333333333333334,8.333333333333334,14.769166666666667,2.9243099770458096,1.41616666666667,0.1084598644211141,-0.009999999999999343,-0.7000000000000001,-0.7000000000000001,8.333333333333334,8.333333333333334
7,0.8,True,1,0.0,True,14.769166666666667,-3.4259297867706797,-4.03416666666667,0.44512019684472914,0.48,-0.8,-0.8,8.333333333333334,8.333333333333334,14.769166666666667,0.07743066525831654,-0.7043333333333264,0.2707688584714534,-2.220446049250313e-16,-0.8,-0.8,8.333333333333334,8.333333333333334
7,0.9,True,1,0.0,True,15.401666666666667,-3.8247706765666996,-4.261866666666669,0.29384097876639137,0.33999999999999986,-0.9,-0.9,8.333333333333334,8.333333333333334,15.401666666666667,0.16104627891352852,-1.5107999999999953,0.248812182159996,-0.02000000000000024,-0.9,-0.9,8.333333333333334,8.333333333333334
7,1.0,True,1,0.0,True,12.491578666666665,-3.509953029025204,-4.182686333333339,0.22082888228072184,0.0,-1.0,-1.0,8.333333333333334,8.333333333333334,12.491578666666665,-3.509953029025204,-4.182686333333339,0.22082888228072184,0.0,-1.0,-1.0,8.333333333333334,8.333333333333334
7,1.1,True,2,0.0,True,13.250872666666666,-4.241835414068482,-4.108441200000008,0.07877732597100984,-0.0499999999999996,-1.1,-1.1,8.333333333333334,8.333333333333334,13.250872666666666,-4.241835414068482,-4.108441200000008,0.07877732597100984,-0.0499999999999996,-1.1,-1.1,8.333333333333334,8.333333333333334
7,1.2000000000000002,True,2,0.0,True,12.491578666666665,-3.434149992754281,-4.25858633333334,0.03561424210850861,-0.3199999999999994,-1.2000000000000002,-1.2000000000000002,8.333333333333334,8.333333333333334,13.250872666666666,-3.2037746924299624,-3.4269372666666724,0.05926097223534876,-0.07999999999999963,-1.2000000000000002,-1.2000000000000002,8.333333333333334,8.333333333333334
7,1.3,True,2,0.0,True,8.695108666666663,-4.105314531456936,-4.239059799999974,-1.863757051008591,-1.8899999999999997,-1.3,-1.3,8.333333333333334,8.333333333333334,12.491578666666665,-4.1604907793904635,-2.3658451333333366,0.16362777846169285,-0.09000000000000008,-1.3,-1.3,8.333333333333334,8.333333333333334
7,1.4000000000000001,True,2,0.0,True,8.695108666666663,-3.35228812546774,-3.3695489333333155,-1.7974330857174432,-1.8999999999999986,-1.4000000000000001,-1.4000000000000001,8.333333333333334,8.333333333333334,12.491578666666665,-3.739792184257886,-1.5325118000000044,0.4899919449688124,-0.08000000000000007,-1.4000000000000001,-1.4000000000000001,8.333333333333334,8.333333333333334
7,1.5,True,2,0.0,True,13.250872666666666,-4.180471481902589,-4.258615733333339,-0.9756008875022328,-0.7999999999999998,-1.5,-1.5,8.333333333333334,8.333333333333334,14.769166666666667,-1.617532814799005,-1.7239166666666668,-0.18380040700100375,-0.04999999999999982,-1.5,-1.5,8.333333333333334,8.333333333333334
7,1.6,True,2,0.0,True,8.695108666666663,-2.7230574126107916,-2.6571554666666612,-1.6695657352390716,-1.6000000000000005,-1.6,-1.6,8.333333333333334,8.333333333333334,13.250872666666666,-3.6975657995154334,-1.1166872666666654,0.2690797607966213,-0.1599999999999997,-1.6,-1.6,8.333333333333334,8.333333333333334
7,1.7000000000000002,True,2,0.0,True,8.695108666666663,-4.283472806397838,-1.6393601333333292,-0.7513172929902401,-1.1199999999999992,-1.7000000000000002,-1.7000000000000002,8.333333333333334,8.333333333333334,13.250872666666666,-1.9410408966512458,-0.28335393333333503,0.14346130963849424,-0.09999999999999964,-1.7000000000000002,-1.7000000000000002,8.333333333333334,8.333333333333334
8,0.0,False,0,4.0,False,16.666666666666668,-3.96476375248142,-4.099999999999993,1.7572527990730693,1.6,0.0,0.0,8.333333333333334,8.333333333333334,,,,,,,,,
8,0.1,False,0,4.0,False,16.666666666666668,-3.1048264497010782,-4.099999999999993,1.2204275511390308,1.4500000000000002,-0.1,-0.1,8.333333333333334,8.333333333333334,16.666666666666668,119.10091623981775,117.56666666666634,0.3271893395934313,-0.00999999999999579,-0.1,-0.1,8.333333333333334,8.333333333333334
8,0.2,False,0,4.0,True,16.666666666666668,-2.6124108932735863,-4.099999999999993,1.5116310273491842,1.3000000000000003,-0.2,-0.2,8.333333333333334,8.333333333333334,16.666666666666668,50.802817148908005,50.90000000000009,-0.0020517158073403152,-0.019999999999997353,-0.2,-0.2,8.333333333333334,8.333333333333334
8,0.30000000000000004,False,0,3.4333333333333336,True,16.666666666666668,-1.4786415250375624,-4.099999999999993,1.227508609731697,1.1500000000000004,-0.30000000000000004,-0.30000000000000004,8.333333333333334,8.333333333333334,16.666666666666668,29.316269599825713,28.400000000000073,0.20373937092046202,-0.020000000000001572,-0.30000000000000004,-0.30000000000000004,8.333333333333334,8.333333333333334
8,0.4,False,0,1.9999999999999996,True,16.540166666666668,-3.9791074618463957,-4.125299999999995,0.8784202659860609,1.0,-0.4,-0.4,8.333333333333334,8.333333333333334,16.540166666666668,16.299515213674443,16.39178333333329,0.1337251926879386,-6.661338147750939e-16,-0.4,-0.4,8.333333333333334,8.333333333333334
8,0.5,False,0,1.1000000000000005,True,15.907666666666668,-4.035148732814238,-4.297600000000002,0.9582599396627258,0.8500000000000001,-0.5,-0.5,8.333333333333334,8.333333333333334,15.401666666666667,9.357964673472306,7.713766666666634,0.27748495751953994,0.0,-0.5,-0.5,8.333333333333334,8.333333333333334
8,0.6000000000000001,False,0,0.46666666666666773,True,14.769166666666667,-1.9735077756752402,-4.025666666666665,0.7081644141490666,0.6400000000000001,-0.6000000000000001,-0.6000000000000001,8.333333333333334,8.333333333333334,14.769166666666667,4.891347072792837,3.053749999999998,0.21414194184853486,-0.019999999999999574,-0.6000000000000001,-0.6000000000000001,8.333333333333334,8.333333333333334
8,0.7000000000000001,True,1,0.0,True,13.250872666666666,-3.2403598083249525,-4.166471533333332,0.43800732847592494,0.4100000000000006,-0.7000000000000001,-0.7000000000000001,8.333333333333334,8.333333333333334,13.250872666666666,0.21334390294068672,-1.2159479333333385,0.08168119381009142,-0.009999999999999343,-0.7000000000000001,-0.7000000000000001,8.333333333333334,8.333333333333334
8,0.8,True,1,0.0,True,12.491578666666665,-3.313983273139402,-4.244085199999993,0.403360025885934,0.1599999999999997,-0.8,-0.8,8.333333333333334,8.333333333333334,12.491578666666665,-2.3950188072040914,-3.4124361333333253,-0.07439726207243424,-2.220446049250313e-16,-0.8,-0.8,8.333333333333334,8.333333333333334
8,0.9,True,1,0.0,True,14.769166666666667,-2.721923045579156,-4.215416666666662,0.24236734592148101,0.1599999999999997,-0.9,-0.9,8.333333333333334,8.333333333333334,14.769166666666667,-1.088559922677784,-2.928249999999994,0.13206515518556783,-0.02000000000000024,-0.9,-0.9,8.333333333333334,8.333333333333334
8,1.0,True,2,0.0,True,10.972990666666664,-2.515472255400229,-4.283837066666659,-0.2993614282857686,-0.2999999999999998,-1.0,-1.0,8.333333333333334,8.333333333333334,11.732284666666665,-2.664327084277285,-3.37240693333334,0.45274275730626323,0.0,-1.0,-1.0,8.333333333333334,8.333333333333334
8,1.1,True,2,0.0,True,14.010166666666667,-3.546365766259494,-4.20433333333333,-0.21039984258803823,-0.2699999999999998,-1.1,-1.1,8.333333333333334,8.333333333333334,14.010166666666667,-2.08989313914645,-3.260300000000007,0.21132776540469678,-0.0499999999999996,-1.1,-1.1,8.333333333333334,8.333333333333334
8,1.2000000000000002,True,2,0.0,True,8.695108666666663,-3.428891671379044,-2.5699925333333296,-0.6361963058063091,-0.6799999999999993,-1.2000000000000002,-1.2000000000000002,8.333333333333334,8.333333333333334,11.732284666666665,-3.2709845229378045,-1.7057402666666723,0.11767012795051723,-0.07999999999999963,-1.2000000000000002,-1.2000000000000002,8.333333333333334,8.333333333333334
8,1.3,True,2,0.0,True,8.695108666666663,-3.9550884852883064,-3.094349666666658,-1.3417063591073146,-1.390000000000001,-1.3,-1.3,8.333333333333334,8.333333333333334,12.491578666666665,-2.4586541328187286,-1.3658451333333366,-0.17757393763770768,-0.09000000000000008,-1.3,-1.3,8.333333333333334,8.333333333333334
8,1.4000000000000001,True,2,0.0,True,8.695108666666663,-2.248807575030205,-2.49406313333333,-1.2675921415200215,-1.0599999999999992,-1.4000000000000001,-1.4000000000000001,8.333333333333334,8.333333333333334,13.250872666666666,-2.8486534966392965,-0.9500206000000047,0.3718860752576898,-0.08000000000000007,-1.4000000000000001,-1.4000000000000001,8.333333333333334,8.333333333333334
8,1.5,True,2,0.0,True,8.695108666666663,-2.2614070159933837,-2.3422043333333304,-1.27969486896708,-1.25,-1.5,-1.5,8.333333333333334,8.333333333333334,14.010166666666667,-2.99877456619389,-0.45826666666666593,0.45977017101029816,-0.04999999999999982,-1.5,-1.5,8.333333333333334,8.333333333333334
8,1.6,False,0,0.18201677335408575,True,8.695108666666663,-0.9037957610854894,0.1939731999999994,-0.6245378744437271,-0.8000000000000003,-1.6,-1.6,8.333333333333334,8.333333333333334,11.732284666666665,-3.174029678448554,0.7942597333333348,0.6928114299341375,-0.1599999999999997,-1.6,-1.6,8.333333333333334,8.333333333333334
8,1.7000000000000002,True,2,0.0,True,8.695108666666663,-0.6311873334226439,-0.6393601333333292,-1.0770828013593983,-1.1199999999999992,-1.7000000000000002,-1.7000000000000002,8.333333333333334,8.333333333333334,13.250872666666666,0.05341486248466776,0.716646066666665,0.2512408227202281,-0.09999999999999964,-1.7000000000000002,-1.7000000000000002,8.333333333333334,8.333333333333334
9,0.0,False,0,4.0,False,16.666666666666668,-4.256772574507301,-4.266666666666661,1.5187056883829917,1.6,0.0,0.0,8.333333333333334,8.333333333333334,,,,,,,,,
9,0.1,False,0,4.0,False,16.666666666666668,-2.5768229590660523,-4.266666666666661,1.2856263336296152,1.44,-0.1,-0.1,8.333333333333334,8.333333333333334,16.666666666666668,119.0020556909215,116.56666666666634,0.2629315018958236,-0.00999999999999579,-0.1,-0.1,8.333333333333334,8.333333333333334
9,0.2,False,0,4.0,False,16.666666666666668,-1.862548781279389,-4.266666666666661,1.2887022388836114,1.2799999999999998,-0.2,-0.2,8.333333333333334,8.333333333333334,16.666666666666668,53.14843097480053,49.90000000000009,0.11937385364646991,-0.019999999999997353,-0.2,-0.2,8.333333333333334,8.333333333333334
9,0.30000000000000004,False,0,3.2333333333333334,True,16.666666666666668,-4.194380609867145,-4.266666666666661,0.9894156997984038,1.12,-0.30000000000000004,-0.30000000000000004,8.333333333333334,8.333333333333334,16.666666666666668,28.913000852186446,27.400000000000073,0.036694796379164396,-0.020000000000001572,-0.30000000000000004,-0.30000000000000004,8.333333333333334,8.333333333333334
9,0.4,False,0,1.8999999999999995,True,15.907666666666668,-2.784164765771183,-4.130933333333334,0.9553297681492228,0.96,-0.4,-0.4,8.333333333333334,8.333333333333334,15.907666666666668,15.522709139911381,13.709333333333344,0.1789925032158024,-6.661338147750939e-16,-0.4,-0.4,8.333333333333334,8.333333333333334
9,0.5,False,0,0.0,True,11.732284666666665,-1.319588874585949,-4.146786133333328,0.6857133091862755,0.6000000000000001,-0.5,-0.5,8.333333333333334,8.333333333333334,11.732284666666665,3.0040124599743736,-0.06804453333335925,0.014105299797701587,0.0,-0.5,-0.5,8.333333333333334,8.333333333333334
9,0.6000000000000001,True,1,0.0,True,11.732284666666665,-2.4917357778034193,-4.221031266666663,0.8250883566454372,0.4600000000000004,-0.6000000000000001,-0.6000000000000001,8.333333333333334,8.333333333333334,11.732284666666665,-1.4625392141181477,-1.501870200000016,0.2774204594069394,-0.019999999999999574,-0.6000000000000001,-0.6000000000000001,8.333333333333334,8.333333333333334
9,0.7000000000000001,True,1,0.0,True,13.250872666666666,-1.108244041333303,-4.2572088,0.6216738080145632,0.3400000000000003,-0.7000000000000001,-0.7000000000000001,8.333333333333334,8.333333333333334,13.250872666666666,-1.8175435546305279,-1.7984391333333418,0.01876744168578437,-0.009999999999999343,-0.7000000000000001,-0.7000000000000001,8.333333333333334,8.333333333333334
9,0.8,True,2,0.0,True,8.695108666666663,-3.4770572654234924,-3.1571554666666612,-0.4593680098611177,-0.24000000000000044,-0.8,-0.8,8.333333333333334,8.333333333333334,9.454402666666663,-4.092141077141476,-3.0486228666666646,0.12504197205795142,-2.220446049250313e-16,-0.8,-0.8,8.333333333333334,8.333333333333334
9,0.9,True,1,0.0,True,14.769166666666667,-2.00969159359651,-4.255583333333333,0.2523333078616439,0.06999999999999962,-0.9,-0.9,8.333333333333334,8.333333333333334,14.769166666666667,-2.9468015850130866,-3.6119999999999974,0.03185675337386473,-0.02000000000000024,-0.9,-0.9,8.333333333333334,8.333333333333334
9,1.0,True,2,0.0,True,12.491578666666665,-1.945332558826709,-4.113318733333339,-0.1785153608020238,-0.2999999999999998,-1.0,-1.0,8.333333333333334,8.333333333333334,12.491578666666665,-3.945337911507493,-2.8658451333333366,0.153428196527154,0.0,-1.0,-1.0,8.333333333333334,8.333333333333334
9,1.1,True,2,0.0,True,8.695108666666663,-1.3115533722017885,-1.3422043333333304,-0.39271928202968054,-0.4900000000000002,-1.1,-1.1,8.333333333333334,8.333333333333334,10.972990666666664,-1.8380656150566628,-0.9697060000000048,0.1748145406819357,-0.0499999999999996,-1.1,-1.1,8.333333333333334,8.333333333333334
9,1.2000000000000002,True,2,0.0,True,8.695108666666663,-2.0999182276461026,-1.306026799999997,-0.3620885737923112,-0.5599999999999992,-1.2000000000000002,-1.2000000000000002,8.333333333333334,8.333333333333334,11.732284666666665,-4.096767680349607,-0.7057402666666723,0.3450781696853391,-0.07999999999999963,-1.2000000000000002,-1.2000000000000002,8.333333333333334,8.333333333333334
9,1.3,True,2,0.0,True,8.695108666666663,-2.2549185824282523,-1.306026799999997,-0.4664358385727294,-0.7400000000000007,-1.3,-1.3,8.333333333333334,8.333333333333334,12.491578666666665,-0.5325960613826366,-0.36584513333333657,-0.06829727321398815,-0.09000000000000008,-1.3,-1.3,8.333333333333334,8.333333333333334
9,1.4000000000000001,True,2,0.0,True,8.695108666666663,-0.5094984031536276,-0.4726934666666649,-0.7844644451589955,-0.7799999999999994,-1.4000000000000001,-1.4000000000000001,8.333333333333334,8.333333333333334,12.491578666666665,0.7191121240486398,0.4674881999999956,-0.10100389294275613,-0.08000000000000007,-1.4000000000000001,-1.4000000000000001,8.333333333333334,8.333333333333334
9,1.5,True,2,0.0,True,8.695108666666663,-1.2823197069005436,-1.306026799999997,-1.040010631367452,-1.1,-1.5,-1.5,8.333333333333334,8.333333333333334,14.010166666666667,-1.9264303638744655,0.5417333333333341,0.19291343121081583,-0.04999999999999982,-1.5,-1.5,8.333333333333334,8.333333333333334
9,1.6,False,0,0.26403452367302244,True,8.695108666666663,-1.1310891900017692,0.3606398666666708,-0.7194874433996601,-0.9600000000000004,-1.6,-1.6,8.333333333333334,8.333333333333334,12.491578666666665,-0.41159294546687786,1.3008215333333348,0.20472839716381763,-0.1599999999999997,-1.6,-1.6,8.333333333333334,8.333333333333334
9,1.7000000000000002,False,0,0.26403452367302244,True,8.695108666666663,0.3523705135206052,0.3606398666666708,-0.9828654832664111,-1.1199999999999992,-1.7000000000000002,-1.7000000000000002,8.333333333333334,8.333333333333334,13.250872666666666,0.8034179714260139,1.716646066666665,0.04158227718626484,-0.09999999999999964,-1.7000000000000002,-1.7000000000000002,8.333333333333334,8.333333333333334
10,0.0,False,0,4.0,False,16.666666666666668,-1.8162213302326853,-4.1666666666666705,1.3252899365466662,1.6,0.0,0.0,8.333333333333334,8.333333333333334,,,,,,,,,
10,0.1,False,0,4.0,False,16.666666666666668,-3.9382569278426116,-4.1666666666666705,1.8563861381832538,1.4300000000000002,-0.1,-0.1,8.333333333333334,8.333333333333334,16.666666666666668,115.70772320811501,115.56666666666634,0.28766080792300963,-0.00999999999999579,-0.1,-0.1,8.333333333333334,8.333333333333334
10,0.2,False,0,4.0,False,16.666666666666668,-2.7461031806003033,-4.1666666666666705,1.1632541332762423,1.2600000000000002,-0.2,-0.2,8.333333333333334,8.333333333333334,16.666666666666668,48.73741200500295,48.90000000000009,0.04915637265147499,-0.019999999999997353,-0.2,-0.2,8.333333333333334,8.333333333333334
10,0.30000000000000004,False,0,3.133333333333334,True,16.666666666666668,-3.743146137706467,-4.1666666666666705,1.1217525360000145,1.0900000000000003,-0.30000000000000004,-0.30000000000000004,8.333333333333334,8.333333333333334,16.666666666666668,27.147805177806813,26.400000000000073,0.03173652181702513,-0.020000000000001572,-0.30000000000000004,-0.30000000000000004,8.333333333333334,8.333333333333334
10,0.4,False,0,1.4999999999999991,True,14.769166666666667,-4.288617220705251,-4.177750000000002,0.9420831657733117,0.8799999999999999,-0.4,-0.4,8.333333333333334,8.333333333333334,14.010166666666667,8.24126897867028,8.06678333333328,-0.22934152816747044,-6.661338147750939e-16,-0.4,-0.4,8.333333333333334,8.333333333333334
10,0.5,True,1,0.0,True,9.454402666666663,-4.212718519827365,-4.282972866666664,0.4703132722478709,0.4500000000000002,-0.5,-0.5,8.333333333333334,8.333333333333334,9.454402666666663,-3.134223075968083,-3.3080647333333557,0.060482709464237505,0.0,-0.5,-0.5,8.333333333333334,8.333333333333334
10,0.6000000000000001,True,2,0.0,True,8.695108666666663,-3.7941526630382354,-3.702882266666637,-0.08958017000822371,-0.13999999999999968,-0.6000000000000001,-0.6000000000000001,8.333333333333334,8.333333333333334,8.695108666666663,-2.479501110016197,-3.6305271999999773,0.2546180694158271,-0.019999999999999574,-0.6000000000000001,-0.6000000000000001,8.333333333333334,8.333333333333334
10,0.7000000000000001,True,2,0.0,True,8.695108666666663,-3.620985298451706,-2.0088709999999947,0.34552868651078095,0.13000000000000078,-0.7000000000000001,-0.7000000000000001,8.333333333333334,8.333333333333334,7.176520666666663,-2.0034790201031454,-1.8534378666666624,0.010456734697289471,-0.009999999999999343,-0.7000000000000001,-0.7000000000000001,8.333333333333334,8.333333333333334
10,0.8,True,2,0.0,True,8.695108666666663,-3.6705224578299527,-2.918133733333323,-0.016950014052454776,-0.16000000000000036,-0.8,-0.8,8.333333333333334,8.333333333333334,9.454402666666663,-3.9456400145070054,-2.7698492666666636,0.26939043273043506,-2.220446049250313e-16,-0.8,-0.8,8.333333333333334,8.333333333333334
10,0.9,True,2,0.0,True,8.695108666666663,-2.4202779203072593,-2.3849436666666604,-0.6722211321706555,-0.4699999999999993,-0.9,-0.9,8.333333333333334,8.333333333333334,10.213696666666664,-4.288028234468391,-1.824409000000002,0.22626442169918093,-0.02000000000000024,-0.9,-0.9,8.333333333333334,8.333333333333334
10,1.0,True,2,0.0,True,8.695108666666663,-2.0479384217397003,-1.3273964666666656,-0.2082965172529201,-0.3999999999999999,-1.0,-1.0,8.333333333333334,8.333333333333334,10.972990666666664,-2.5209981359188935,-0.8030393333333405,0.20982558903145376,0.0,-1.0,-1.0,8.333333333333334,8.333333333333334
10,1.1,True,2,0.0,True,8.695108666666663,-1.1691889913087996,-1.1393601333333363,-0.7067071302684516,-0.4900000000000002,-1.1,-1.1,8.333333333333334,8.333333333333334,11.732284666666665,-0.4947680800678347,-0.539073600000008,-0.18054027083902935,-0.0499999999999996,-1.1,-1.1,8.333333333333334,8.333333333333334
10,1.2000000000000002,False,0,0.3271740321849837,True,8.695108666666663,-1.1879476036592456,0.5273065333333351,-0.5892969062419762,-0.4399999999999995,-1.2000000000000002,-1.2000000000000002,8.333333333333334,8.333333333333334,10.972990666666664,-0.03728614624837956,0.8636273333333273,0.1591284781699569,-0.07999999999999963,-1.2000000000000002,-1.2000000000000002,8.333333333333334,8.333333333333334
10,1.3,True,2,0.0,True,8.695108666666663,-1.054149998475121,-0.30602679999999705,-0.6703756819526789,-0.7400000000000007,-1.3,-1.3,8.333333333333334,8.333333333333334,12.491578666666665,-1.7238337789367568,0.6341548666666634,0.3631049206533721,-0.09000000000000008,-1.3,-1.3,8.333333333333334,8.333333333333334
10,1.4000000000000001,False,0,0.3271740321849837,True,8.695108666666663,-1.1438214404596385,0.5273065333333351,-0.5020620892333796,-0.7799999999999994,-1.4000000000000001,-1.4000000000000001,8.333333333333334,8.333333333333334,12.491578666666665,0.8111622313601226,1.4674881999999956,0.19051140100981723,-0.08000000000000007,-1.4000000000000001,-1.4000000000000001,8.333333333333334,8.333333333333334
10,1.5,False,0,0.3271740321849837,True,8.695108666666663,-0.10468840195119267,0.5273065333333351,-0.7173968488792222,-0.9499999999999997,-1.5,-1.5,8.333333333333334,8.333333333333334,13.250872666666666,0.14584685330844938,1.8833127333333346,0.32855774954678685,-0.04999999999999982,-1.5,-1.5,8.333333333333334,8.333333333333334
10,1.6,False,0,0.5524401296095375,True,8.695108666666663,-2.0459373346349166,1.3606398666666708,-0.22898823719898243,-0.9600000000000004,-1.6,-1.6,8.333333333333334,8.333333333333334,12.491578666666665,-0.30612342259510594,2.300821533333335,-0.05329808733156827,-0.1599999999999997,-1.6,-1.6,8.333333333333334,8.333333333333334
10,1.7000000000000002,False,0,0.7119697014180445,True,8.695108666666663,1.3383872219639992,2.1939731999999994,-0.7444539638703407,-0.9499999999999993,-1.7000000000000002,-1.7000000000000002,8.333333333333334,8.333333333333334,12.491578666666665,0.5513311507687613,3.134154866666667,0.3760874525500406,-0.09999999999999964,-1.7000000000000002,-1.7000000000000002,8.333333333333334,8.333333333333334
11,0.0,False,0,4.0,False,16.666666666666668,-4.142637870499413,-4.000000000000006,1.6460248119542076,1.6,0.0,0.0,8.333333333333334,8.333333333333334,,,,,,,,,
11,0.1,False,0,4.0,False,16.666666666666668,-0.1874913017496409,-4.000000000000006,1.488022275966153,1.42,-0.1,-0.1,8.333333333333334,8.333333333333334,16.666666666666668,114.50547185083518,114.56666666666634,-0.17576176429595658,-0.00999999999999579,-0.1,-0.1,8.333333333333334,8.333333333333334
11,0.2,False,0,4.0,False,16.666666666666668,-2.267778103210648,-4.000000000000006,1.3199896865740999,1.2399999999999998,-0.2,-0.2,8.333333333333334,8.333333333333334,16.666666666666668,48.652609186338694,47.90000000000009,-0.23676416957968138,-0.019999999999997353,-0.2,-0.2,8.333333333333334,8.333333333333334
11,0.30000000000000004,False,0,3.033333333333335,True,16.666666666666668,-2.098378479895575,-4.000000000000006,1.088630970001879,1.06,-0.30000000000000004,-0.30000000000000004,8.333333333333334,8.333333333333334,16.666666666666668,26.180705405095015,25.400000000000073,0.07127021048268056,-0.020000000000001572,-0.30000000000000004,-0.30000000000000004,8.333333333333334,8.333333333333334
11,0.4,False,0,1.0999999999999988,True,13.250872666666666,-4.095927539677713,-4.098788200000004,0.5645812289691867,0.7599999999999998,-0.4,-0.4,8.333333333333334,8.333333333333334,13.250872666666666,5.153260945753854,5.244536533333286,-0.09381586922634244,-6.661338147750939e-16,-0.4,-0.4,8.333333333333334,8.333333333333334
11,0.5,False,0,0.40000000000000036,True,13.250872666666666,-1.8646611520515135,-4.275107866666668,0.8184032149735572,0.6000000000000001,-0.5,-0.5,8.333333333333334,8.333333333333334,13.250872666666666,3.223788173343924,1.5761550666666269,0.010786991617732333,0.0,-0.5,-0.5,8.333333333333334,8.333333333333334
11,0.6000000000000001,False,0,0.16666666666666752,True,8.695108666666663,-0.9546916681803159,-0.9726934666666649,0.5760867624237278,0.40000000000000036,-0.6000000000000001,-0.6000000000000001,8.333333333333334,8.333333333333334,3.3800506666666643,-3.4633472433465213,0.9000870000000107,0.5577537044818839,-0.019999999999999574,-0.6000000000000001,-0.6000000000000001,8.333333333333334,8.333333333333334
11,0.7000000000000001,True,2,0.0,True,8.695108666666663,-1.724901988103464,-1.8060267999999935,0.19154506670613403,0.13000000000000078,-0.7000000000000001,-0.7000000000000001,8.333333333333334,8.333333333333334,7.176520666666663,-1.8686224361568575,-1.6505936666666612,-0.30289697105804425,-0.009999999999999343,-0.7000000000000001,-0.7000000000000001,8.333333333333334,8.333333333333334
11,0.8,True,2,0.0,True,8.695108666666663,-1.7590623779943,-1.8422043333333233,-0.26357465605297614,-0.16000000000000036,-0.8,-0.8,8.333333333333334,8.333333333333334,9.454402666666663,-3.4850836845248905,-1.7698492666666636,0.4823695806514965,-2.220446049250313e-16,-0.8,-0.8,8.333333333333334,8.333333333333334
11,0.9,True,2,0.0,True,8.695108666666663,-1.8437737596291752,-1.8060267999999935,-0.25874152206710455,-0.2899999999999998,-0.9,-0.9,8.333333333333334,8.333333333333334,10.972990666666664,-3.2201699009765674,-1.4697060000000013,0.2150289501881315,-0.02000000000000024,-0.9,-0.9,8.333333333333334,8.333333333333334
11,1.0,False,0,0.38078207258826946,True,8.695108666666663,-1.7607408341550181,0.693973200000003,0.11891955090391981,-0.19999999999999996,-1.0,-1.0,8.333333333333334,8.333333333333334,10.213696666666664,-0.10384940419224176,0.8422576666666659,0.03628682689203222,0.0,-1.0,-1.0,8.333333333333334,8.333333333333334
11,1.1,True,2,0.0,True,8.695108666666663,-0.9869262504235392,-0.1393601333333363,-0.5423487590317908,-0.4900000000000002,-1.1,-1.1,8.333333333333334,8.333333333333334,11.732284666666665,-1.0601447299523477,0.46092639999999196,0.12063112068297688,-0.0499999999999996,-1.1,-1.1,8.333333333333334,8.333333333333334
11,1.2000000000000002,False,0,0.38078207258826946,True,8.695108666666663,0.9385128981167776,0.693973200000003,-0.5827409170446163,-0.5599999999999992,-1.2000000000000002,-1.2000000000000002,8.333333333333334,8.333333333333334,11.732284666666665,1.145615856086157,1.2942597333333277,-0.07559328235428331,-0.07999999999999963,-1.2000000000000002,-1.2000000000000002,8.333333333333334,8.333333333333334
11,1.3,True,2,0.0,True,8.695108666666663,-0.12700834720702314,-0.1393601333333363,-0.7647924899559817,-0.8700000000000006,-1.3,-1.3,8.333333333333334,8.333333333333334,13.250872666666666,1.0013891303746378,1.2166460666666632,0.005655505520460347,-0.09000000000000008,-1.3,-1.3,8.333333333333334,8.333333333333334
11,1.4000000000000001,True,2,0.0,True,8.695108666666663,-0.894662161359892,-0.1393601333333363,-0.9750353301497597,-1.0599999999999992,-1.4000000000000001,-1.4000000000000001,8.333333333333334,8.333333333333334,14.010166666666667,0.7864289911108324,1.7083999999999948,-0.055142913354587986,-0.08000000000000007,-1.4000000000000001,-1.4000000000000001,8.333333333333334,8.333333333333334
11,1.5,False,0,0.586332419100122,True,8.695108666666663,0.7938228349227687,1.527306533333335,-0.9122648249853543,-0.9499999999999997,-1.5,-1.5,8.333333333333334,8.333333333333334,13.250872666666666,3.1742826138922107,2.8833127333333346,-0.23085984594020603,-0.04999999999999982,-1.5,-1.5,8.333333333333334,8.333333333333334
11,1.6,False,0,0.7413287924605854,True,8.695108666666663,1.2797691228527919,2.360639866666671,-0.8710465405677532,-0.9600000000000004,-1.6,-1.6,8.333333333333334,8.333333333333334,12.491578666666665,3.188569429130646,3.300821533333335,-0.003751322516878597,-0.1599999999999997,-1.6,-1.6,8.333333333333334,8.333333333333334
11,1.7000000000000002,False,0,0.8715913505114593,True,8.695108666666663,1.7446472513616564,3.1939731999999994,-0.5088981946470508,-0.9499999999999993,-1.7000000000000002,-1.7000000000000002,8.333333333333334,8.333333333333334,12.491578666666665,3.006608500393477,4.134154866666667,0.04241553389872754,-0.09999999999999964,-1.7000000000000002,-1.7000000000000002,8.333333333333334,8.333333333333334
12,0.0,False,0,4.0,False,16.666666666666668,-3.0444545845646642,-3.9333333333333256,1.5611534329291326,1.6,0.0,0.0,8.333333333333334,8.333333333333334,,,,,,,,,
12,0.1,False,0,4.0,False,16.666666666666668,-2.5108911863207863,-3.9333333333333256,1.6064224057851284,1.4,-0.1,-0.1,8.333333333333334,8.333333333333334,16.666666666666668,115.29279462934956,113.56666666666634,0.06823042931004863,-0.00999999999999579,-0.1,-0.1,8.333333333333334,8.333333333333334
12,0.2,False,0,4.0,True,16.666666666666668,-2.2264873030146104,-3.9333333333333256,1.3841051364270411,1.2000000000000002,-0.2,-0.2,8.333333333333334,8.333333333333334,16.666666666666668,48.480041158003644,46.90000000000009,0.16621076836239634,-0.019999999999997353,-0.2,-0.2,8.333333333333334,8.333333333333334
12,0.30000000000000004,False,0,2.933333333333334,True,16.666666666666668,-2.9481795528168844,-3.9333333333333256,1.056550925970455,1.0000000000000004,-0.30000000000000004,-0.30000000000000004,8.333333333333334,8.333333333333334,16.666666666666668,26.252776172375473,24.400000000000073,0.15288534681053312,-0.020000000000001572,-0.30000000000000004,-0.30000000000000004,8.333333333333334,8.333333333333334
12,0.4,True,1,0.0,True,10.213696666666664,-0.9824065802626718,-4.285960333333317,0.7527907327705541,0.47999999999999954,-0.4,-0.4,8.333333333333334,8.333333333333334,10.213696666666664,-2.308239982233405,-2.0576036666666893,0.03430763296548012,-6.661338147750939e-16,-0.4,-0.4,8.333333333333334,8.333333333333334
12,0.5,False,0,0.40000000000000036,True,8.695108666666663,-3.2909702440381094,-1.639360133333322,0.782187791162186,0.5,-0.5,-0.5,8.333333333333334,8.333333333333334,1.861462666666664,0.3064262279325449,2.099052133333342,0.22411180289453547,0.0,-0.5,-0.5,8.333333333333334,8.333333333333334
12,0.6000000000000001,False,0,0.16666666666666752,True,8.695108666666663,-1.8509270984896942,-0.8060267999999935,0.3466108113489019,0.3400000000000003,-0.6000000000000001,-0.6000000000000001,8.333333333333334,8.333333333333334,4.1393446666666645,-0.25493961809809473,0.5714254000000141,0.10340961394925641,-0.019999999999999574,-0.6000000000000001,-0.6000000000000001,8.333333333333334,8.333333333333334
12,0.7000000000000001,True,2,0.0,True,8.695108666666663,-3.4132118143356918,-0.8060267999999935,0.35075022673836953,0.13000000000000078,-0.7000000000000001,-0.7000000000000001,8.333333333333334,8.333333333333334,7.176520666666663,-0.5013444593855167,-0.6505936666666612,0.20800669514319026,-0.009999999999999343,-0.7000000000000001,-0.7000000000000001,8.333333333333334,8.333333333333334
12,0.8,True,2,0.0,True,8.695108666666663,-2.737001066131927,-0.8060267999999935,0.23967974371031797,-0.0800000000000003,-0.8,-0.8,8.333333333333334,8.333333333333334,9.454402666666663,-2.608082277306205,-0.7698492666666636,-0.0565617010967292,-2.220446049250313e-16,-0.8,-0.8,8.333333333333334,8.333333333333334
12,0.9,False,0,0.4298168042810046,True,8.695108666666663,-0.5477315122484141,0.8606398666666637,0.2126607343311857,-0.1100000000000001,-0.9,-0.9,8.333333333333334,8.333333333333334,9.454402666666663,0.5828181762499058,0.8968173999999971,0.0223779332416445,-0.02000000000000024,-0.9,-0.9,8.333333333333334,8.333333333333334
12,1.0,False,0,0.4298168042810046,True,8.695108666666663,-0.09533667231924792,0.8606398666666637,-0.03858600591843642,-0.2999999999999998,-1.0,-1.0,8.333333333333334,8.333333333333334,10.972990666666664,1.4180102995590298,1.1969606666666595,0.09259682833364313,0.0,-1.0,-1.0,8.333333333333334,8.333333333333334
12,1.1,False,0,0.4298168042810046,True,8.695108666666663,-0.11627917556340872,0.8606398666666637,-0.026352128566321742,-0.4900000000000002,-1.1,-1.1,8.333333333333334,8.333333333333334,11.732284666666665,1.512066120872114,1.460926399999992,0.22584772214061433,-0.0499999999999996,-1.1,-1.1,8.333333333333334,8.333333333333334
12,1.2000000000000002,True,2,0.0,True,8.695108666666663,-1.5916232256022083,-0.8060267999999935,-0.681254704165114,-0.919999999999999,-1.2000000000000002,-1.2000000000000002,8.333333333333334,8.333333333333334,14.010166666666667,-1.5076551198449186,1.0417333333333305,0.33415747384127004,-0.07999999999999963,-1.2000000000000002,-1.2000000000000002,8.333333333333334,8.333333333333334
12,1.3,False,0,0.7680046614010098,True,8.695108666666663,2.467161432000517,2.527306533333335,-0.7800477366233518,-0.6100000000000003,-1.3,-1.3,8.333333333333334,8.333333333333334,11.732284666666665,2.2479685190380545,3.1275930666666634,-0.07963547596458453,-0.09000000000000008,-1.3,-1.3,8.333333333333334,8.333333333333334
12,1.4000000000000001,False,0,0.7680046614010098,True,8.695108666666663,2.4217259844395835,2.527306533333335,-0.8079949467096932,-0.7799999999999994,-1.4000000000000001,-1.4000000000000001,8.333333333333334,8.333333333333334,12.491578666666665,1.6880635989735255,3.4674881999999956,0.21539630489738748,-0.08000000000000007,-1.4000000000000001,-1.4000000000000001,8.333333333333334,8.333333333333334
12,1.5,False,0,0.7680046614010098,True,8.695108666666663,-0.16571514576083057,2.527306533333335,-0.5222090658816296,-0.9499999999999997,-1.5,-1.5,8.333333333333334,8.333333333333334,13.250872666666666,1.3086196233860052,3.8833127333333346,0.4694189329594569,-0.04999999999999982,-1.5,-1.5,8.333333333333334,8.333333333333334
12,1.6,False,0,0.7680046614010098,True,8.695108666666663,0.9564302332720134,2.527306533333335,-0.6419170000351215,-1.1200000000000006,-1.6,-1.6,8.333333333333334,8.333333333333334,13.250872666666666,3.0867271869854216,3.8833127333333346,0.0749883485045133,-0.1599999999999997,-1.6,-1.6,8.333333333333334,8.333333333333334
12,1.7000000000000002,False,0,0.8974880227890718,True,8.695108666666663,1.7367198122477854,3.360639866666671,-1.0794724529473303,-1.1199999999999992,-1.7000000000000002,-1.7000000000000002,8.333333333333334,8.333333333333334,13.250872666666666,3.830640546053224,4.716646066666665,0.16109475246508032,-0.09999999999999964,-1.7000000000000002,-1.7000000000000002,8.333333333333334,8.333333333333334
13,0.0,False,0,4.0,False,16.666666666666668,-2.6190195053765093,-4.099999999999997,1.70735267107715,1.6,0.0,0.0,8.333333333333334,8.333333333333334,,,,,,,,,
13,0.1,False,0,4.0,False,16.666666666666668,-3.060977958608812,-4.099999999999997,1.1688761977698254,1.3900000000000001,-0.1,-0.1,8.333333333333334,8.333333333333334,16.666666666666668,114.19287548072116,112.56666666666634,0.11223773541950166,-0.00999999999999579,-0.1,-0.1,8.333333333333334,8.333333333333334
13,0.2,False,0,4.0,True,16.666666666666668,-2.6680696807664743,-4.099999999999997,1.354482430680207,1.1800000000000002,-0.2,-0.2,8.333333333333334,8.333333333333334,16.666666666666668,48.459737025928135,45.90000000000009,0.2733084594578088,-0.019999999999997353,-0.2,-0.2,8.333333333333334,8.333333333333334
13,0.30000000000000004,False,0,2.733333333333334,True,16.287166666666668,-1.9289306493272447,-4.226499999999997,1.135944163008975,0.9700000000000002,-0.30000000000000004,-0.30000000000000004,8.333333333333334,8.333333333333334,16.287166666666668,23.733898060839298,22.021150000000016,0.15739544007025552,-0.020000000000001572,-0.30000000000000004,-0.30000000000000004,8.333333333333334,8.333333333333334
13,0.4,True,1,0.0,True,9.454402666666663,-1.761040753359576,-4.292670000000025,0.7379018963723065,0.39999999999999947,-0.4,-0.4,8.333333333333334,8.333333333333334,9.454402666666663,-2.301836025632272,-3.171600666666687,0.2688376065496936,-6.661338147750939e-16,-0.4,-0.4,8.333333333333334,8.333333333333334
13,0.5,True,2,0.0,True,8.695108666666663,-4.03837708284514,-3.139360133333322,0.3720779139867516,0.3500000000000001,-0.5,-0.5,8.333333333333334,8.333333333333334,4.1393446666666645,-3.0957208465605985,-1.3425090666666533,-0.030108372575059494,0.0,-0.5,-0.5,8.333333333333334,8.333333333333334
13,0.6000000000000001,False,0,0.5666666666666671,True,8.695108666666663,-0.5401118837504724,0.1939732000000065,0.4633628185367962,0.3400000000000003,-0.6000000000000001,-0.6000000000000001,8.333333333333334,8.333333333333334,4.1393446666666645,-0.1322829330624442,1.571425400000014,0.25851044044871063,-0.019999999999999574,-0.6000000000000001,-0.6000000000000001,8.333333333333334,8.333333333333334
13,0.7000000000000001,True,2,0.0,True,8.695108666666663,-2.2304116753184458,-0.6393601333333221,0.16734317571961288,0.06000000000000072,-0.7000000000000001,-0.7000000000000001,8.333333333333334,8.333333333333334,7.935814666666663,-1.1960327138931843,-0.5996082666666593,0.07291382386962852,-0.009999999999999343,-0.7000000000000001,-0.7000000000000001,8.333333333333334,8.333333333333334
13,0.8,False,0,0.4788515359737408,True,8.695108666666663,-1.4501317255664068,1.027306533333335,0.15184676950607923,-2.220446049250313e-16,-0.8,-0.8,8.333333333333334,8.333333333333334,8.695108666666663,-1.4501317255664068,1.027306533333335,0.15184676950607923,-2.220446049250313e-16,-0.8,-0.8,8.333333333333334,8.333333333333334
13,0.9,False,0,0.18201677335408575,True,8.695108666666663,-0.02573116326742575,0.1939732000000065,-0.2995365097221998,-0.2899999999999998,-0.9,-0.9,8.333333333333334,8.333333333333334,10.972990666666664,-0.7572364155046278,0.5302939999999952,0.3757088775222521,-0.02000000000000024,-0.9,-0.9,8.333333333333334,8.333333333333334
13,1.0,False,0,0.6532515193329606,True,8.695108666666663,0.03867513263145117,1.8606398666666637,-0.16074637207317855,-0.2999999999999998,-1.0,-1.0,8.333333333333334,8.333333333333334,10.972990666666664,0.4857636868672808,2.1969606666666595,0.08638152742904737,0.0,-1.0,-1.0,8.333333333333334,8.333333333333334
13,1.1,False,0,0.6532515193329606,True,8.695108666666663,-1.0652087598960902,1.8606398666666637,-0.26946833447752105,-0.4900000000000002,-1.1,-1.1,8.333333333333334,8.333333333333334,11.732284666666665,1.8157955216255255,2.460926399999992,0.10790485756185575,-0.0499999999999996,-1.1,-1.1,8.333333333333334,8.333333333333334
13,1.2000000000000002,False,0,0.6532515193329606,True,8.695108666666663,1.2339562627346554,1.8606398666666637,-0.6086413255304255,-0.6799999999999993,-1.2000000000000002,-1.2000000000000002,8.333333333333334,8.333333333333334,12.491578666666665,0.9950850838570604,2.8008215333333277,0.431348486877718,-0.07999999999999963,-1.2000000000000002,-1.2000000000000002,8.333333333333334,8.333333333333334
13,1.3,False,0,0.6532515193329606,True,8.695108666666663,-0.571821451159038,1.8606398666666637,-0.35696776558207,-0.8700000000000006,-1.3,-1.3,8.333333333333334,8.333333333333334,13.250872666666666,3.4890539235522917,3.216646066666663,-0.10248188034972472,-0.09000000000000008,-1.3,-1.3,8.333333333333334,8.333333333333334
13,1.4000000000000001,False,0,0.9233846950666837,True,8.695108666666663,1.9376410289035748,3.527306533333335,-0.4868326847426625,-0.7799999999999994,-1.4000000000000001,-1.4000000000000001,8.333333333333334,8.333333333333334,12.491578666666665,2.890218044499144,4.467488199999996,-0.0017483407795766404,-0.08000000000000007,-1.4000000000000001,-1.4000000000000001,8.333333333333334,8.333333333333334
13,1.5,False,0,0.9233846950666837,True,8.695108666666663,1.6576614360308826,3.527306533333335,-0.5898682323950626,-0.9499999999999997,-1.5,-1.5,8.333333333333334,8.333333333333334,13.250872666666666,3.2082076301641083,4.883312733333335,0.21589164010090922,-0.04999999999999982,-1.5,-1.5,8.333333333333334,8.333333333333334
13,1.6,False,0,0.9233846950666837,True,8.695108666666663,3.421566458624153,3.527306533333335,-1.1545369221024457,-1.1200000000000006,-1.6,-1.6,8.333333333333334,8.333333333333334,13.250872666666666,4.934942691621953,4.883312733333335,-0.3235356540324157,-0.1599999999999997,-1.6,-1.6,8.333333333333334,8.333333333333334
13,1.7000000000000002,False,0,1.049705258193822,True,8.695108666666663,4.5295745829612715,4.360639866666671,-1.2139410218345312,-1.1199999999999992,-1.7000000000000002,-1.7000000000000002,8.333333333333334,8.333333333333334,13.250872666666666,4.835246382478743,5.716646066666665,0.16708274637399034,-0.09999999999999964,-1.7000000000000002,-1.7000000000000002,8.333333333333334,8.333333333333334
14,0.0,False,0,4.0,False,16.666666666666668,-2.6909662927574898,-4.266666666666668,1.5308903073227489,1.6,0.0,0.0,8.333333333333334,8.333333333333334,,,,,,,,,
14,0.1,False,0,4.0,False,16.666666666666668,-3.368551312659309,-4.266666666666668,1.5792878412281217,1.38,-0.1,-0.1,8.333333333333334,8.333333333333334,16.666666666666668,114.14630942102976,111.56666666666634,0.10924886625637509,-0.00999999999999579,-0.1,-0.1,8.333333333333334,8.333333333333334
14,0.2,False,0,4.0,True,16.666666666666668,-1.7433787763624435,-4.266666666666668,1.1815387864554907,1.1600000000000001,-0.2,-0.2,8.333333333333334,8.333333333333334,16.666666666666668,47.4449001390697,44.90000000000009,0.33508066986573315,-0.019999999999997353,-0.2,-0.2,8.333333333333334,8.333333333333334
14,0.30000000000000004,False,0,1.9333333333333318,True,12.491578666666665,-2.7148755227400683,-4.115002999999983,1.090702447751028,0.8800000000000003,-0.30000000000000004,-0.30000000000000004,8.333333333333334,8.333333333333334,12.491578666666665,8.605028440233784,7.989738999999955,0.033924486289719,-0.020000000000001572,-0.30000000000000004,-0.30000000000000004,8.333333333333334,8.333333333333334
14,0.4,False,0,0.7999999999999985,True,8.695108666666663,-2.8617180338601313,-2.139360133333322,0.6364517622536452,0.5999999999999996,-0.4,-0.4,8.333333333333334,8.333333333333334,1.861462666666664,5.132378338623167,4.834987466666651,-0.0627404656442323,-6.661338147750939e-16,-0.4,-0.4,8.333333333333334,8.333333333333334
14,0.5,False,0,1.0,True,8.695108666666663,-0.34405150530196504,0.3606398666666779,0.7363826083194045,0.5,-0.5,-0.5,8.333333333333334,8.333333333333334,3.3800506666666643,2.055279498470097,3.7194051333333435,0.06270831768220853,0.0,-0.5,-0.5,8.333333333333334,8.333333333333334
14,0.6000000000000001,False,0,0.7666666666666673,True,8.695108666666663,-0.4875289823804918,1.1939732000000065,0.5949711123142114,0.3400000000000003,-0.6000000000000001,-0.6000000000000001,8.333333333333334,8.333333333333334,4.1393446666666645,1.8375108794548298,2.571425400000014,0.22994630097826763,-0.019999999999999574,-0.6000000000000001,-0.6000000000000001,8.333333333333334,8.333333333333334
14,0.7000000000000001,False,0,0.2857142857142866,True,8.695108666666663,0.21951317365210787,0.3606398666666779,-0.016699430638073887,0.06000000000000072,-0.7000000000000001,-0.7000000000000001,8.333333333333334,8.333333333333334,7.935814666666663,-0.4711136792584254,0.40039173333334066,0.15377544702780854,-0.009999999999999343,-0.7000000000000001,-0.7000000000000001,8.333333333333334,8.333333333333334
14,0.8,False,0,0.5132344764650725,True,8.695108666666663,1.3804185575379977,1.1939732000000065,-0.17955150369046402,-0.0800000000000003,-0.8,-0.8,8.333333333333334,8.333333333333334,9.454402666666663,0.24862187461553464,1.2301507333333364,-0.02390158977891854,-2.220446049250313e-16,-0.8,-0.8,8.333333333333334,8.333333333333334
14,0.9,False,0,0.6826106103755021,True,8.695108666666663,0.29344117586803,2.027306533333335,-0.015180939339367372,-0.19999999999999996,-0.9,-0.9,8.333333333333334,8.333333333333334,10.213696666666664,0.3024108146514246,2.1755909999999945,0.29466284554493605,-0.02000000000000024,-0.9,-0.9,8.333333333333334,8.333333333333334
14,1.0,False,0,0.26403452367302244,True,8.695108666666663,-0.29732980792271047,0.3606398666666779,-0.3373507330992944,-0.6000000000000001,-1.0,-1.0,8.333333333333334,8.333333333333334,13.250872666666666,-0.6243817137532686,1.7166460666666667,0.4371493519669847,0.0,-1.0,-1.0,8.333333333333334,8.333333333333334
14,1.1,False,0,0.8197980059562345,True,8.695108666666663,1.0180702548560818,2.8606398666666637,-0.28970755279523464,-0.4900000000000002,-1.1,-1.1,8.333333333333334,8.333333333333334,11.732284666666665,2.468167458152025,3.460926399999992,0.04199896129698555,-0.0499999999999996,-1.1,-1.1,8.333333333333334,8.333333333333334
14,1.2000000000000002,False,0,0.8197980059562345,True,8.695108666666663,1.9669897998123789,2.8606398666666637,-0.36583741753616494,-0.6799999999999993,-1.2000000000000002,-1.2000000000000002,8.333333333333334,8.333333333333334,12.491578666666665,4.010745511320704,3.8008215333333277,-0.12872782011096962,-0.07999999999999963,-1.2000000000000002,-1.2000000000000002,8.333333333333334,8.333333333333334
14,1.3,False,0,0.8197980059562345,True,8.695108666666663,1.9678297024665783,2.8606398666666637,-0.6939911057634491,-0.8700000000000006,-1.3,-1.3,8.333333333333334,8.333333333333334,13.250872666666666,3.4651679345353132,4.216646066666663,0.035771892502098,-0.09000000000000008,-1.3,-1.3,8.333333333333334,8.333333333333334
14,1.4000000000000001,False,0,1.0732846026880452,True,8.695108666666663,2.862649899651875,4.527306533333335,-0.3088418516549223,-0.7799999999999994,-1.4000000000000001,-1.4000000000000001,8.333333333333334,8.333333333333334,12.491578666666665,4.617013906832786,5.467488199999996,0.2128219647042564,-0.08000000000000007,-1.4000000000000001,-1.4000000000000001,8.333333333333334,8.333333333333334
14,1.5,False,0,0.9492813673442959,True,8.695108666666663,1.2158144275572065,3.6939731999999994,-0.566517753452856,-1.1,-1.5,-1.5,8.333333333333334,8.333333333333334,14.010166666666667,4.554274676672635,5.541733333333334,0.0933934489404118,-0.04999999999999982,-1.5,-1.5,8.333333333333334,8.333333333333334
14,1.6,False,0,1.0732846026880452,True,8.695108666666663,4.509011219215684,4.527306533333335,-1.1178914550039982,-1.1200000000000006,-1.6,-1.6,8.333333333333334,8.333333333333334,13.250872666666666,3.3070839606161586,5.883312733333335,0.439923331254211,-0.1599999999999997,-1.6,-1.6,8.333333333333334,8.333333333333334
14,1.7000000000000002,False,0,1.1911813251591603,True,8.695108666666663,5.171651743256576,5.360639866666671,-1.3356721930262896,-1.1199999999999992,-1.7000000000000002,-1.7000000000000002,8.333333333333334,8.333333333333334,13.250872666666666,5.691709571806505,6.716646066666665,0.039009030937419586,-0.09999999999999964,-1.7000000000000002,-1.7000000000000002,8.333333333333334,8.333333333333334
15,0.0,False,0,4.0,False,16.666666666666668,-4.2499378388333,-4.166666666666667,1.5031545722601392,1.6,0.0,0.0,8.333333333333334,8.333333333333334,,,,,,,,,
15,0.1,False,0,4.0,False,16.666666666666668,-2.730083262143583,-4.166666666666667,1.2105578888423305,1.37,-0.1,-0.1,8.333333333333334,8.333333333333334,16.666666666666668,111.56532134664148,110.56666666666634,-0.04809946261357201,-0.00999999999999579,-0.1,-0.1,8.333333333333334,8.333333333333334
15,0.2,False,0,4.0,True,16.666666666666668,-4.276754858616857,-4.166666666666667,0.9926199820527,1.1400000000000001,-0.2,-0.2,8.333333333333334,8.333333333333334,16.666666666666668,45.866192119657825,43.90000000000009,0.21254739589474658,-0.019999999999997353,-0.2,-0.2,8.333333333333334,8.333333333333334
15,0.30000000000000004,False,0,2.5333333333333337,True,16.287166666666668,-1.9963184513832273,-4.116066666666671,1.015404254545909,0.9100000000000006,-0.30000000000000004,-0.30000000000000004,8.333333333333334,8.333333333333334,16.287166666666668,22.65646821532724,20.17295000000001,-0.03117278905654297,-0.020000000000001572,-0.30000000000000004,-0.30000000000000004,8.333333333333334,8.333333333333334
15,0.4,False,0,0.9999999999999987,True,8.695108666666663,-2.0824822108957077,-1.139360133333322,0.7527116447564031,0.5999999999999996,-0.4,-0.4,8.333333333333334,8.333333333333334,2.620756666666664,5.2306071335810005,4.999764066666654,0.0030367356832496917,-6.661338147750939e-16,-0.4,-0.4,8.333333333333334,8.333333333333334
15,0.5,False,0,1.2000000000000002,True,8.695108666666663,0.558455622022966,1.360639866666678,0.5633667984471096,0.5,-0.5,-0.5,8.333333333333334,8.333333333333334,3.3800506666666643,3.0764793316380734,4.643475733333344,0.16271947587926494,0.0,-0.5,-0.5,8.333333333333334,8.333333333333334
15,0.6000000000000001,False,0,0.7666666666666673,True,8.695108666666663,1.4552430236902199,1.360639866666678,0.14638161202214528,0.2800000000000007,-0.6000000000000001,-0.6000000000000001,8.333333333333334,8.333333333333334,4.898638666666664,-0.32081303415915396,2.318693200000017,0.24199047737694857,-0.019999999999999574,-0.6000000000000001,-0.6000000000000001,8.333333333333334,8.333333333333334
15,0.7000000000000001,False,0,0.8913630245153764,True,8.695108666666663,2.140931434938314,3.027306533333335,0.4767146518673586,0.20000000000000062,-0.7000000000000001,-0.7000000000000001,8.333333333333334,8.333333333333334,6.4172266666666635,3.417121702373831,3.3743503333333367,0.014256265590772532,-0.009999999999999343,-0.7000000000000001,-0.7000000000000001,8.333333333333334,8.333333333333334
15,0.8,False,0,0.9751780396219085,True,8.695108666666663,2.946053636873498,3.8606398666666637,0.5487231642863528,0.07999999999999963,-0.8,-0.8,8.333333333333334,8.333333333333334,7.935814666666663,3.9137028273538137,3.9003917333333336,-0.03347127590528398,-2.220446049250313e-16,-0.8,-0.8,8.333333333333334,8.333333333333334
15,0.9,False,0,0.8456946782338459,True,8.695108666666663,0.5469666546463161,3.027306533333335,0.4477794677197773,-0.19999999999999996,-0.9,-0.9,8.333333333333334,8.333333333333334,10.213696666666664,0.7456060192604896,3.1755909999999945,0.17058166484024762,-0.02000000000000024,-0.9,-0.9,8.333333333333334,8.333333333333334
15,1.0,False,0,0.9751780396219085,True,8.695108666666663,3.072628090378811,3.8606398666666637,0.04177362708912846,-0.2999999999999998,-1.0,-1.0,8.333333333333334,8.333333333333334,10.972990666666664,2.563354174610873,4.1969606666666595,-0.05852754379935288,0.0,-1.0,-1.0,8.333333333333334,8.333333333333334
15,1.1,False,0,0.9751780396219085,True,8.695108666666663,2.8415661458179615,3.8606398666666637,-0.09138276288182512,-0.4900000000000002,-1.1,-1.1,8.333333333333334,8.333333333333334,11.732284666666665,3.5991954699947195,4.460926399999992,0.19412523686904226,-0.0499999999999996,-1.1,-1.1,8.333333333333334,8.333333333333334
15,1.2000000000000002,False,0,0.8456946782338459,True,8.695108666666663,2.711791503622547,3.027306533333335,-0.8662842607490102,-0.7999999999999994,-1.2000000000000002,-1.2000000000000002,8.333333333333334,8.333333333333334,13.250872666666666,2.6158886424432746,4.3833127333333275,0.19947554409850232,-0.07999999999999963,-1.2000000000000002,-1.2000000000000002,8.333333333333334,8.333333333333334
15,1.3,False,0,1.2147606696533835,True,8.695108666666663,4.883092093746012,5.527306533333335,-0.7445488208024276,-0.6100000000000003,-1.3,-1.3,8.333333333333334,8.333333333333334,11.732284666666665,6.109064437680925,6.127593066666663,-0.01369976463792466,-0.09000000000000008,-1.3,-1.3,8.333333333333334,8.333333333333334
15,1.4000000000000001,False,0,1.096863947182268,True,8.695108666666663,2.3320805752178453,4.693973199999999,-0.43796980530266527,-0.919999999999999,-1.4000000000000001,-1.4000000000000001,8.333333333333334,8.333333333333334,13.250872666666666,3.7122984275250426,6.049979399999995,0.2381940843863628,-0.08000000000000007,-1.4000000000000001,-1.4000000000000001,8.333333333333334,8.333333333333334
15,1.5,False,0,1.096863947182268,True,8.695108666666663,2.974793160000158,4.693973199999999,-0.6876627411943927,-1.1,-1.5,-1.5,8.333333333333334,8.333333333333334,14.010166666666667,6.860424335896416,6.541733333333334,-0.03222982044842149,-0.04999999999999982,-1.5,-1.5,8.333333333333334,8.333333333333334
15,1.6,False,0,1.4469700303657087,True,8.695108666666663,6.795988014039001,7.193973199999999,-0.6345552155041196,-0.8000000000000003,-1.6,-1.6,8.333333333333334,8.333333333333334,11.732284666666665,6.148721282876857,7.794259733333335,0.2573173644311466,-0.1599999999999997,-1.6,-1.6,8.333333333333334,8.333333333333334
15,1.7000000000000002,False,0,1.3326573921244986,True,8.695108666666663,5.50300632276499,6.360639866666671,-0.8727832880674347,-1.1199999999999992,-1.7000000000000002,-1.7000000000000002,8.333333333333334,8.333333333333334,13.250872666666666,6.119833493188142,7.716646066666665,0.16814805136924615,-0.09999999999999964,-1.7000000000000002,-1.7000000000000002,8.333333333333334,8.333333333333334
16,0.0,False,0,4.0,False,16.666666666666668,-3.0269823464935213,-3.9999999999999885,1.374874048855308,1.6,0.0,0.0,8.333333333333334,8.333333333333334,,,,,,,,,
16,0.1,False,0,4.0,False,16.666666666666668,-2.732316654697793,-3.9999999999999885,1.1876259468229304,1.3599999999999999,-0.1,-0.1,8.333333333333334,8.333333333333334,16.666666666666668,111.93316102795616,109.56666666666634,-0.040855915820932065,-0.00999999999999579,-0.1,-0.1,8.333333333333334,8.333333333333334
16,0.2,False,0,4.0,True,16.666666666666668,-3.919332584029969,-3.9999999999999885,0.872007756909277,1.12,-0.2,-0.2,8.333333333333334,8.333333333333334,16.666666666666668,43.66202030655906,42.90000000000009,0.21794094531405506,-0.019999999999997353,-0.2,-0.2,8.333333333333334,8.333333333333334
16,0.30000000000000004,False,0,2.0333333333333328,True,14.010166666666667,-2.553478734146476,-4.173033333333346,0.9443008008234313,0.8200000000000003,-0.30000000000000004,-0.30000000000000004,8.333333333333334,8.333333333333334,14.010166666666667,11.644738247348354,11.722099999999937,-0.2784434527316031,-0.020000000000001572,-0.30000000000000004,-0.30000000000000004,8.333333333333334,8.333333333333334
16,0.4,False,0,0.8999999999999986,True,8.695108666666663,-4.245597433971883,-0.9726934666666507,0.7538280393331327,0.5599999999999996,-0.4,-0.4,8.333333333333334,8.333333333333334,1.861462666666664,0.33912400788958497,5.354467066666655,0.28153651579056405,-6.661338147750939e-16,-0.4,-0.4,8.333333333333334,8.333333333333334
16,0.5,False,0,1.2999999999999998,True,8.695108666666663,1.5330826483414954,2.360639866666678,0.6228261444716434,0.5,-0.5,-0.5,8.333333333333334,8.333333333333334,4.1393446666666645,4.742706299655713,5.415687533333345,-0.2669582642139188,0.0,-0.5,-0.5,8.333333333333334,8.333333333333334
16,0.6000000000000001,False,0,1.0666666666666667,True,8.695108666666663,2.3778026461912036,3.1939732000000065,0.2953324283527534,0.3400000000000003,-0.6000000000000001,-0.6000000000000001,8.333333333333334,8.333333333333334,4.898638666666664,4.690371681925872,4.495496000000014,0.20938425384362924,-0.019999999999999574,-0.6000000000000001,-0.6000000000000001,8.333333333333334,8.333333333333334
16,0.7000000000000001,False,0,0.7557938665530417,True,8.695108666666663,-0.25988325073621876,2.360639866666678,0.0949600314216521,0.06000000000000072,-0.7000000000000001,-0.7000000000000001,8.333333333333334,8.333333333333334,7.935814666666663,-0.29981832627902616,2.4003917333333407,0.18128029807194812,-0.009999999999999343,-0.7000000000000001,-0.7000000000000001,8.333333333333334,8.333333333333334
16,0.8,False,0,0.871591350511459,True,8.695108666666663,0.7632997253656812,3.1939732000000065,0.16522099904165266,-0.0800000000000003,-0.8,-0.8,8.333333333333334,8.333333333333334,9.454402666666663,-0.3160270664262681,3.2301507333333364,0.3812859672827833,-2.220446049250313e-16,-0.8,-0.8,8.333333333333334,8.333333333333334
16,0.9,False,0,1.0010747118995198,True,8.695108666666663,2.48531336145236,4.027306533333335,-0.11553186478318933,-0.19999999999999996,-0.9,-0.9,8.333333333333334,8.333333333333334,10.213696666666664,3.2182583813298793,4.1755909999999945,-0.143632794613751,-0.02000000000000024,-0.9,-0.9,8.333333333333334,8.333333333333334
16,1.0,False,0,0.871591350511459,True,8.695108666666663,1.7538151030132854,3.1939732000000065,-0.47880302480141856,-0.5,-1.0,-1.0,8.333333333333334,8.333333333333334,12.491578666666665,4.188416431992409,4.134154866666663,0.03798383664763905,0.0,-1.0,-1.0,8.333333333333334,8.333333333333334
16,1.1,False,0,1.120443291676491,True,8.695108666666663,2.315208577287561,4.860639866666664,-0.32002477252141337,-0.4900000000000002,-1.1,-1.1,8.333333333333334,8.333333333333334,11.732284666666665,5.634995467004715,5.460926399999992,-0.1917235556873642,-0.0499999999999996,-1.1,-1.1,8.333333333333334,8.333333333333334
16,1.2000000000000002,False,0,1.2383400141476064,True,8.695108666666663,4.076329964753225,5.693973199999999,-0.31583624321252746,-0.5599999999999992,-1.2000000000000002,-1.2000000000000002,8.333333333333334,8.333333333333334,11.732284666666665,5.483534573130023,6.294259733333328,0.2790720119271257,-0.07999999999999963,-1.2000000000000002,-1.2000000000000002,8.333333333333334,8.333333333333334
16,1.3,False,0,1.120443291676491,True,8.695108666666663,3.9953004443109252,4.860639866666664,-0.6008575098252713,-0.8700000000000006,-1.3,-1.3,8.333333333333334,8.333333333333334,13.250872666666666,4.214156820525152,6.216646066666663,0.1841325615981919,-0.09000000000000008,-1.3,-1.3,8.333333333333334,8.333333333333334
16,1.4000000000000001,False,0,1.2383400141476064,True,8.695108666666663,5.130852424614365,5.693973199999999,-0.5830350369880368,-0.919999999999999,-1.4000000000000001,-1.4000000000000001,8.333333333333334,8.333333333333334,13.250872666666666,6.018856776185417,7.049979399999995,-0.09559939708266829,-0.08000000000000007,-1.4000000000000001,-1.4000000000000001,8.333333333333334,8.333333333333334
16,1.5,False,0,1.4689741671434227,True,8.695108666666663,6.668908124864996,7.360639866666671,-0.8862328983224133,-0.7999999999999998,-1.5,-1.5,8.333333333333334,8.333333333333334,12.491578666666665,7.02397003314982,8.300821533333334,0.42702414417151635,-0.04999999999999982,-1.5,-1.5,8.333333333333334,8.333333333333334
16,1.6,False,0,1.4689741671434227,True,8.695108666666663,4.847102377556191,7.360639866666671,-0.6984156868627578,-0.9600000000000004,-1.6,-1.6,8.333333333333334,8.333333333333334,12.491578666666665,7.207664429675984,8.300821533333334,0.17811288963537475,-0.1599999999999997,-1.6,-1.6,8.333333333333334,8.333333333333334
16,1.7000000000000002,False,0,1.4689741671434227,True,8.695108666666663,7.328588087044747,7.360639866666671,-1.1501271911101916,-1.1199999999999992,-1.7000000000000002,-1.7000000000000002,8.333333333333334,8.333333333333334,13.250872666666666,8.891442468153816,8.716646066666666,-0.06157482387393465,-0.09999999999999964,-1.7000000000000002,-1.7000000000000002,8.333333333333334,8.333333333333334
17,0.0,False,0,4.0,False,16.666666666666668,-3.2102991488754453,-3.933333333333347,1.4094765372640796,1.6,0.0,0.0,8.333333333333334,8.333333333333334,,,,,,,,,
17,0.1,False,0,4.0,True,16.666666666666668,-1.5610811371564663,-3.933333333333347,1.2155500934516508,1.3399999999999999,-0.1,-0.1,8.333333333333334,8.333333333333334,16.666666666666668,110.97969250466748,108.56666666666634,-0.01833485729195128,-0.00999999999999579,-0.1,-0.1,8.333333333333334,8.333333333333334
17,0.2,False,0,4.0,True,16.666666666666668,-2.907725958062623,-3.933333333333347,0.8635224531597703,1.0799999999999996,-0.2,-0.2,8.333333333333334,8.333333333333334,16.666666666666668,43.56467474063216,41.90000000000009,0.1696869746331151,-0.019999999999997353,-0.2,-0.2,8.333333333333334,8.333333333333334
17,0.30000000000000004,False,0,0.9333333333333296,True,8.695108666666663,-3.6225099437608277,-3.642347599999968,0.6299746900136527,0.6099999999999999,-0.30000000000000004,-0.30000000000000004,8.333333333333334,8.333333333333334,1.861462666666664,3.0151237239244795,6.076181399999972,0.03789350126854951,-0.020000000000001572,-0.30000000000000004,-0.30000000000000004,8.333333333333334,8.333333333333334
17,0.4,False,0,1.5999999999999992,True,8.695108666666663,0.06496463337503844,0.8606398666666779,0.5778552661667424,0.5999999999999996,-0.4,-0.4,8.333333333333334,8.333333333333334,3.3800506666666643,4.428376266227727,6.6960464666666555,0.009866407969415958,-6.661338147750939e-16,-0.4,-0.4,8.333333333333334,8.333333333333334
17,0.5,False,0,1.0,True,8.695108666666663,-0.6390772592264353,1.6939732000000136,0.651285766135222,0.3999999999999999,-0.5,-0.5,8.333333333333334,8.333333333333334,4.1393446666666645,1.4161461303418976,3.9102231333333437,0.2532742439081397,0.0,-0.5,-0.5,8.333333333333334,8.333333333333334
17,0.6000000000000001,False,0,1.298070498402385,True,8.695108666666663,4.068568939673296,5.027306533333335,0.45525064669148607,0.40000000000000036,-0.6000000000000001,-0.6000000000000001,8.333333333333334,8.333333333333334,4.898638666666664,5.864132131717459,6.672298800000012,0.024755343195861812,-0.019999999999999574,-0.6000000000000001,-0.6000000000000001,8.333333333333334,8.333333333333334
17,0.7000000000000001,False,0,1.2857142857142854,True,8.695108666666663,6.071568449568734,5.860639866666664,0.24721101954856772,0.27000000000000046,-0.7000000000000001,-0.7000000000000001,8.333333333333334,8.333333333333334,6.4172266666666635,4.46011637624454,6.3992943333333345,0.1521641739626869,-0.009999999999999343,-0.7000000000000001,-0.7000000000000001,8.333333333333334,8.333333333333334
17,0.8,False,0,1.2619193586418294,True,8.695108666666663,2.5069146997186893,5.860639866666664,0.49779274650909633,0.07999999999999963,-0.8,-0.8,8.333333333333334,8.333333333333334,7.935814666666663,5.02122945678934,5.9003917333333336,0.30423770159718844,-2.220446049250313e-16,-0.8,-0.8,8.333333333333334,8.333333333333334
17,0.9,False,0,1.0261259136995986,True,8.695108666666663,3.2400147579534364,4.1939732000000065,-0.3266799063815822,-0.2899999999999998,-0.9,-0.9,8.333333333333334,8.333333333333334,10.972990666666664,4.668844101397082,4.530293999999995,-0.01576759861981958,-0.02000000000000024,-0.9,-0.9,8.333333333333334,8.333333333333334
17,1.0,False,0,1.2619193586418294,True,8.695108666666663,5.21151291701742,5.860639866666664,-0.49116154249867594,-0.2999999999999998,-1.0,-1.0,8.333333333333334,8.333333333333334,10.972990666666664,5.183328690809209,6.1969606666666595,0.3262781106546879,0.0,-1.0,-1.0,8.333333333333334,8.333333333333334
17,1.1,False,0,1.1440226361707142,True,8.695108666666663,4.277787590235659,5.027306533333335,-0.34347718027059737,-0.6000000000000001,-1.1,-1.1,8.333333333333334,8.333333333333334,12.491578666666665,3.4852664047017656,5.967488199999992,0.23623640311399408,-0.0499999999999996,-1.1,-1.1,8.333333333333334,8.333333333333334
17,1.2000000000000002,False,0,1.3798160811129447,True,8.695108666666663,6.572718929578504,6.693973199999999,-0.3916804077464333,-0.5599999999999992,-1.2000000000000002,-1.2000000000000002,8.333333333333334,8.333333333333334,11.732284666666665,6.275853746803013,7.294259733333331,0.016452346643454074,-0.07999999999999963,-1.2000000000000002,-1.2000000000000002,8.333333333333334,8.333333333333334
17,1.3,False,0,1.2619193586418294,True,8.695108666666663,4.247054472912521,5.860639866666664,-0.9524700605276264,-0.8700000000000006,-1.3,-1.3,8.333333333333334,8.333333333333334,13.250872666666666,5.363821798842939,7.216646066666663,-0.18020509718422284,-0.09000000000000008,-1.3,-1.3,8.333333333333334,8.333333333333334
17,1.4000000000000001,False,0,1.4909783039211366,True,8.695108666666663,5.721539323992791,7.527306533333335,-0.52841142668416,-0.7799999999999994,-1.4000000000000001,-1.4000000000000001,8.333333333333334,8.333333333333334,12.491578666666665,3.3606133546292805,8.467488199999995,0.795722837841899,-0.08000000000000007,-1.4000000000000001,-1.4000000000000001,8.333333333333334,8.333333333333334
17,1.5,False,0,1.3798160811129447,True,8.695108666666663,3.438799355383101,6.693973199999999,-0.3651648233366267,-1.1,-1.5,-1.5,8.333333333333334,8.333333333333334,14.010166666666667,8.413359481086449,8.541733333333333,0.10280821632132797,-0.04999999999999982,-1.5,-1.5,8.333333333333334,8.333333333333334
17,1.6,False,0,1.6009989878097077,True,8.695108666666663,6.664556251677216,8.36063986666667,-0.539915247800629,-0.9600000000000004,-1.6,-1.6,8.333333333333334,8.333333333333334,12.491578666666665,6.853318060284775,9.300821533333334,0.214843950802448,-0.1599999999999997,-1.6,-1.6,8.333333333333334,8.333333333333334
17,1.7000000000000002,False,0,1.711019671698279,True,8.695108666666663,8.346091525936483,9.193973199999999,-0.679750306172918,-0.9499999999999993,-1.7000000000000002,-1.7000000000000002,8.333333333333334,8.333333333333334,12.491578666666665,9.243966779648527,10.134154866666666,0.2710913824380494,-0.09999999999999964,-1.7000000000000002,-1.7000000000000002,8.333333333333334,8.333333333333334
18,0.0,False,0,4.0,False,16.666666666666668,-1.487400438902081,-4.100000000000018,1.4999860939537832,1.6,0.0,0.0,8.333333333333334,8.333333333333334,,,,,,,,,
18,0.1,False,0,4.0,False,16.666666666666668,-3.459769162654804,-4.100000000000018,1.3341758283149763,1.33,-0.1,-0.1,8.333333333333334,8.333333333333334,16.666666666666668,108.18572284588127,107.56666666666634,-0.0552251597338278,-0.00999999999999579,-0.1,-0.1,8.333333333333334,8.333333333333334
18,0.2,False,0,4.0,True,16.666666666666668,-2.583870375019262,-4.100000000000018,1.2383288947440843,1.06,-0.2,-0.2,8.333333333333334,8.333333333333334,16.666666666666668,42.63008147651324,40.90000000000009,-0.07306277749649404,-0.019999999999997353,-0.2,-0.2,8.333333333333334,8.333333333333334
18,0.30000000000000004,False,0,0.9333333333333296,True,8.695108666666663,-3.731446248183171,-2.9460651999999667,0.5821335517464896,0.6099999999999999,-0.30000000000000004,-0.30000000000000004,8.333333333333334,8.333333333333334,1.861462666666664,3.588112092302791,6.3928167999999745,-0.022499200593150137,-0.020000000000001572,-0.30000000000000004,-0.30000000000000004,8.333333333333334,8.333333333333334
18,0.4,False,0,1.4999999999999991,True,8.695108666666663,0.44810212011287565,1.0273065333333493,0.5416824193920755,0.5599999999999996,-0.4,-0.4,8.333333333333334,8.333333333333334,3.3800506666666643,5.502519392632903,6.367384866666659,0.30419555683159194,-6.661338147750939e-16,-0.4,-0.4,8.333333333333334,8.333333333333334
18,0.5,False,0,1.6000000000000005,True,8.695108666666663,3.691755085680147,5.1939732000000065,0.6545999256891575,0.5500000000000003,-0.5,-0.5,8.333333333333334,8.333333333333334,4.898638666666664,6.545910492405771,8.212843333333343,-0.20321935585340123,0.0,-0.5,-0.5,8.333333333333334,8.333333333333334
18,0.6000000000000001,False,0,1.1625013404400495,True,8.695108666666663,2.8739924872559515,4.360639866666678,0.35067699878502934,0.2800000000000007,-0.6000000000000001,-0.6000000000000001,8.333333333333334,8.333333333333334,4.898638666666664,4.387150772089261,5.318693200000017,0.12112464437120574,-0.019999999999999574,-0.6000000000000001,-0.6000000000000001,8.333333333333334,8.333333333333334
18,0.7000000000000001,False,0,1.167601980664937,True,8.695108666666663,5.237183551687981,5.1939732000000065,0.14093880169604178,0.13000000000000078,-0.7000000000000001,-0.7000000000000001,8.333333333333334,8.333333333333334,7.176520666666663,4.701975549687856,5.349406333333339,-0.16685170889277212,-0.009999999999999343,-0.7000000000000001,-0.7000000000000001,8.333333333333334,8.333333333333334
18,0.8,False,0,1.2854987031360527,True,8.695108666666663,5.074437873968098,6.027306533333335,0.03946591359539564,-2.220446049250313e-16,-0.8,-0.8,8.333333333333334,8.333333333333334,8.695108666666663,5.074437873968098,6.027306533333335,0.03946591359539564,-2.220446049250313e-16,-0.8,-0.8,8.333333333333334,8.333333333333334
18,0.9,False,0,1.2854987031360527,True,8.695108666666663,4.301963250876175,6.027306533333335,-0.15439116079797355,-0.19999999999999996,-0.9,-0.9,8.333333333333334,8.333333333333334,10.213696666666664,6.067933065552421,6.1755909999999945,0.019038988012839653,-0.02000000000000024,-0.9,-0.9,8.333333333333334,8.333333333333334
18,1.0,False,0,1.2854987031360527,True,8.695108666666663,6.104210923699246,6.027306533333335,-0.21067206544311423,-0.3999999999999999,-1.0,-1.0,8.333333333333334,8.333333333333334,11.732284666666665,5.877106030037514,6.62759306666666,-0.10681429612017102,0.0,-1.0,-1.0,8.333333333333334,8.333333333333334
18,1.1,False,0,1.5129824406988512,True,8.695108666666663,7.759029928694884,7.693973199999999,-0.4260544950527163,-0.3799999999999999,-1.1,-1.1,8.333333333333334,8.333333333333334,10.972990666666664,7.179866463527564,8.030293999999994,-0.028127163232137153,-0.0499999999999996,-1.1,-1.1,8.333333333333334,8.333333333333334
18,1.2000000000000002,False,0,1.5129824406988512,True,8.695108666666663,6.26476321279326,7.693973199999999,-0.36908777018476524,-0.5599999999999992,-1.2000000000000002,-1.2000000000000002,8.333333333333334,8.333333333333334,11.732284666666665,6.762560106174537,8.29425973333333,-0.0063973888936885714,-0.07999999999999963,-1.2000000000000002,-1.2000000000000002,8.333333333333334,8.333333333333334
18,1.3,False,0,1.4029617568102801,True,8.695108666666663,6.923596782857726,6.860639866666664,-0.6477201190334538,-0.8700000000000006,-1.3,-1.3,8.333333333333334,8.333333333333334,13.250872666666666,4.98283875808442,8.216646066666662,0.5092048995805079,-0.09000000000000008,-1.3,-1.3,8.333333333333334,8.333333333333334
18,1.4000000000000001,False,0,1.5129824406988512,True,8.695108666666663,7.809180488352053,7.693973199999999,-1.1083171969099685,-0.919999999999999,-1.4000000000000001,-1.4000000000000001,8.333333333333334,8.333333333333334,13.250872666666666,9.135056024497143,9.049979399999994,0.1171308951019232,-0.08000000000000007,-1.4000000000000001,-1.4000000000000001,8.333333333333334,8.333333333333334
18,1.5,False,0,1.4029617568102801,True,8.695108666666663,6.003022831116856,6.860639866666664,-1.0872606347272522,-1.25,-1.5,-1.5,8.333333333333334,8.333333333333334,14.769166666666667,7.423277998421338,9.276083333333332,0.158073521590115,-0.04999999999999982,-1.5,-1.5,8.333333333333334,8.333333333333334
18,1.6,False,0,1.5129824406988512,True,8.695108666666663,7.807326689870703,7.693973199999999,-1.1110845924359496,-1.2800000000000007,-1.6,-1.6,8.333333333333334,8.333333333333334,14.010166666666667,8.740797594873317,9.541733333333333,0.20062803422629294,-0.1599999999999997,-1.6,-1.6,8.333333333333334,8.333333333333334
18,1.7000000000000002,False,0,1.733023808475993,True,8.695108666666663,8.325175268665337,9.36063986666667,-1.0624380865450125,-1.1199999999999992,-1.7000000000000002,-1.7000000000000002,8.333333333333334,8.333333333333334,13.250872666666666,8.252937482143263,10.716646066666666,0.2831058653836047,-0.09999999999999964,-1.7000000000000002,-1.7000000000000002,8.333333333333334,8.333333333333334
19,0.0,False,0,4.0,False,16.666666666666668,-2.675944955260003,-4.266666666666683,1.5374037407755132,1.6,0.0,0.0,8.333333333333334,8.333333333333334,,,,,,,,,
19,0.1,False,0,4.0,False,16.666666666666668,-3.0679235943228944,-4.266666666666683,1.2984778993896495,1.3199999999999998,-0.1,-0.1,8.333333333333334,8.333333333333334,16.666666666666668,107.15570123549197,106.56666666666634,0.23749309964018162,-0.00999999999999579,-0.1,-0.1,8.333333333333334,8.333333333333334
19,0.2,False,0,4.0,True,16.666666666666668,-3.1108137025639406,-4.266666666666683,1.1420531295653165,1.0399999999999996,-0.2,-0.2,8.333333333333334,8.333333333333334,16.666666666666668,40.6416610741492,39.90000000000009,0.0025837356226798835,-0.019999999999997353,-0.2,-0.2,8.333333333333334,8.333333333333334
19,0.30000000000000004,False,0,1.3333333333333313,True,8.695108666666663,-3.7218017045387795,-2.7070434666666428,0.9807301579144689,0.6400000000000001,-0.30000000000000004,-0.30000000000000004,8.333333333333334,8.333333333333334,1.102168666666664,6.375508461413735,9.784695799999955,-0.08385778501876939,-0.020000000000001572,-0.30000000000000004,-0.30000000000000004,8.333333333333334,8.333333333333334
19,0.4,False,0,1.6999999999999993,True,8.695108666666663,1.1147775368848558,2.860639866666678,0.5690386537850096,0.5999999999999996,-0.4,-0.4,8.333333333333334,8.333333333333334,4.1393446666666645,5.282098990151572,8.012681866666657,0.09934533958402003,-6.661338147750939e-16,-0.4,-0.4,8.333333333333334,8.333333333333334
19,0.5,False,0,1.2634072430575156,True,8.695108666666663,1.8855059728598578,3.6939732000000136,0.43040869375020385,0.3999999999999999,-0.5,-0.5,8.333333333333334,8.333333333333334,4.898638666666664,4.941697994580747,5.682434933333345,0.029691872736311797,0.0,-0.5,-0.5,8.333333333333334,8.333333333333334
19,0.6000000000000001,False,0,1.366666666666667,True,8.695108666666663,5.6028272613190255,6.1939732000000065,0.44845492533793996,0.3400000000000003,-0.6000000000000001,-0.6000000000000001,8.333333333333334,8.333333333333334,4.898638666666664,5.802697880804243,7.419566600000015,0.28296202556198446,-0.019999999999999574,-0.6000000000000001,-0.6000000000000001,8.333333333333334,8.333333333333334
19,0.7000000000000001,False,0,1.0732846026880456,True,8.695108666666663,3.0072285048090253,4.527306533333335,0.2881100999322439,-0.009999999999999343,-0.7000000000000001,-0.7000000000000001,8.333333333333334,8.333333333333334,8.695108666666663,3.0072285048090253,4.527306533333335,0.2881100999322439,-0.009999999999999343,-0.7000000000000001,-0.7000000000000001,8.333333333333334,8.333333333333334
19,0.8,False,0,1.424965893587994,True,8.695108666666663,5.83796634441556,7.027306533333335,0.166803999746298,-2.220446049250313e-16,-0.8,-0.8,8.333333333333334,8.333333333333334,8.695108666666663,5.83796634441556,7.027306533333335,0.166803999746298,-2.220446049250313e-16,-0.8,-0.8,8.333333333333334,8.333333333333334
19,0.9,False,0,1.424965893587994,True,8.695108666666663,6.139086613850613,7.027306533333335,-0.16691550928894094,-0.19999999999999996,-0.9,-0.9,8.333333333333334,8.333333333333334,10.213696666666664,7.2171808423616115,7.1755909999999945,-0.12982434978015323,-0.02000000000000024,-0.9,-0.9,8.333333333333334,8.333333333333334
19,1.0,False,0,1.5349865774765654,True,8.695108666666663,6.869356471895718,7.860639866666664,-0.34071759100535504,-0.2999999999999998,-1.0,-1.0,8.333333333333334,8.333333333333334,10.972990666666664,5.80735640413715,8.196960666666659,0.33602193024485194,0.0,-1.0,-1.0,8.333333333333334,8.333333333333334
19,1.1,False,0,1.7550279452537068,True,8.695108666666663,6.911588688024371,9.527306533333334,0.16897261891435233,-0.2699999999999998,-1.1,-1.1,8.333333333333334,8.333333333333334,10.213696666666664,8.676231430373488,9.675590999999994,0.11540155341856462,-0.0499999999999996,-1.1,-1.1,8.333333333333334,8.333333333333334
19,1.2000000000000002,False,0,1.5349865774765654,True,8.695108666666663,6.930574484029411,7.860639866666664,-0.6032967300414727,-0.6799999999999993,-1.2000000000000002,-1.2000000000000002,8.333333333333334,8.333333333333334,12.491578666666665,6.267646290577102,8.80082153333333,0.3911599323456385,-0.07999999999999963,-1.2000000000000002,-1.2000000000000002,8.333333333333334,8.333333333333334
19,1.3,False,0,1.5349865774765654,True,8.695108666666663,6.184474762296593,7.860639866666664,-0.7378882467076748,-0.8700000000000006,-1.3,-1.3,8.333333333333334,8.333333333333334,13.250872666666666,9.143024763096982,9.216646066666662,-0.10912186357001907,-0.09000000000000008,-1.3,-1.3,8.333333333333334,8.333333333333334
19,1.4000000000000001,False,0,1.6450072613651365,True,8.695108666666663,7.758207873692098,8.693973199999999,-0.7585095498473144,-0.919999999999999,-1.4000000000000001,-1.4000000000000001,8.333333333333334,8.333333333333334,13.250872666666666,10.306215738426946,10.049979399999994,-0.07759376844455601,-0.08000000000000007,-1.4000000000000001,-1.4000000000000001,8.333333333333334,8.333333333333334
19,1.5,False,0,1.6450072613651365,True,8.695108666666663,7.178728725091777,8.693973199999999,-0.9504867154823846,-1.1,-1.5,-1.5,8.333333333333334,8.333333333333334,14.010166666666667,9.54247327064537,10.541733333333333,-0.040975443926343225,-0.04999999999999982,-1.5,-1.5,8.333333333333334,8.333333333333334
19,1.6,False,0,1.8650486291422785,True,8.695108666666663,10.12670406553313,10.36063986666667,-0.7274693372439931,-0.9600000000000004,-1.6,-1.6,8.333333333333334,8.333333333333334,12.491578666666665,9.352907950965037,11.300821533333334,0.07338916467172596,-0.1599999999999997,-1.6,-1.6,8.333333333333334,8.333333333333334
19,1.7000000000000002,False,0,1.9750693130308499,True,8.695108666666663,8.552928428571438,11.193973199999999,-0.3363420517353535,-0.9499999999999993,-1.7000000000000002,-1.7000000000000002,8.333333333333334,8.333333333333334,12.491578666666665,11.643177342974727,12.134154866666666,0.2672528216298491,-0.09999999999999964,-1.7000000000000002,-1.7000000000000002,8.333333333333334,8.333333333333334
20,0.0,False,0,4.0,False,16.666666666666668,-3.707701355115499,-4.1666666666666385,1.4482614574039907,1.6,0.0,0.0,8.333333333333334,8.333333333333334,,,,,,,,,
20,0.1,False,0,4.0,False,16.666666666666668,-3.4111647148527906,-4.1666666666666385,1.3758337235083866,1.31,-0.1,-0.1,8.333333333333334,8.333333333333334,16.666666666666668,107.28238478982296,105.56666666666634,-0.1714509912786646,-0.00999999999999579,-0.1,-0.1,8.333333333333334,8.333333333333334
20,0.2,False,0,4.0,True,16.666666666666668,-3.6908533729649617,-4.1666666666666385,1.0962389033303999,1.02,-0.2,-0.2,8.333333333333334,8.333333333333334,16.666666666666668,41.912233306255516,38.90000000000009,0.1957489631409164,-0.019999999999997353,-0.2,-0.2,8.333333333333334,8.333333333333334
20,0.30000000000000004,True,1,0.0,True,9.454402666666663,-0.2218649819699463,-4.289711933333339,0.4257613510174325,0.3699999999999992,-0.30000000000000004,-0.30000000000000004,8.333333333333334,8.333333333333334,9.454402666666663,-2.6130399460903417,-2.832321800000005,0.12871259784562694,-0.020000000000001572,-0.30000000000000004,-0.30000000000000004,8.333333333333334,8.333333333333334
20,0.4,False,0,1.6888177639427955,True,8.695108666666663,1.524930797242921,3.0273065333333493,0.5307596912833787,0.5599999999999996,-0.4,-0.4,8.333333333333334,8.333333333333334,4.1393446666666645,5.2407824988818605,7.759949666666661,0.07022312702575206,-6.661338147750939e-16,-0.4,-0.4,8.333333333333334,8.333333333333334
20,0.5,False,0,1.6000000000000005,True,8.695108666666663,4.545724057205814,6.360639866666678,0.6328695482541828,0.5,-0.5,-0.5,8.333333333333334,8.333333333333334,5.657932666666664,7.197210636844898,8.580464133333347,-0.12305957597003836,0.0,-0.5,-0.5,8.333333333333334,8.333333333333334
20,0.6000000000000001,False,0,1.2341447623980313,True,8.695108666666663,3.901492697559992,5.527306533333335,0.2574804961931436,0.22000000000000064,-0.6000000000000001,-0.6000000000000001,8.333333333333334,8.333333333333334,5.657932666666664,6.097934811714905,6.141890400000013,0.049329895675401136,-0.019999999999999574,-0.6000000000000001,-0.6000000000000001,8.333333333333334,8.333333333333334
20,0.7000000000000001,False,0,1.446970030365709,True,8.695108666666663,7.087597827646076,7.1939732000000065,0.01913268667298751,0.13000000000000078,-0.7000000000000001,-0.7000000000000001,8.333333333333334,8.333333333333334,7.176520666666663,4.737561081460211,7.349406333333339,0.1866575901899048,-0.009999999999999343,-0.7000000000000001,-0.7000000000000001,8.333333333333334,8.333333333333334
20,0.8,False,0,1.6670113981428503,True,8.695108666666663,8.131131507300214,8.860639866666663,0.22748490444192582,0.07999999999999963,-0.8,-0.8,8.333333333333334,8.333333333333334,7.935814666666663,7.457805821273621,8.900391733333333,0.040949007115844926,-2.220446049250313e-16,-0.8,-0.8,8.333333333333334,8.333333333333334
20,0.9,False,0,1.5569907142542794,True,8.695108666666663,7.29444408742047,8.027306533333334,0.129270414401931,-0.19999999999999996,-0.9,-0.9,8.333333333333334,8.333333333333334,10.213696666666664,6.5923333295743065,8.175590999999994,0.28248687375391857,-0.02000000000000024,-0.9,-0.9,8.333333333333334,8.333333333333334
20,1.0,False,0,1.7770320820314216,True,8.695108666666663,9.614578570922173,9.693973199999999,-0.30801664449015287,-0.19999999999999996,-1.0,-1.0,8.333333333333334,8.333333333333334,10.213696666666664,9.112357396745939,9.842257666666665,-0.05019276823607677,0.0,-1.0,-1.0,8.333333333333334,8.333333333333334
20,1.1,False,0,1.7770320820314216,True,8.695108666666663,8.024369118774022,9.693973199999999,-0.08635920943072195,-0.3799999999999999,-1.1,-1.1,8.333333333333334,8.333333333333334,10.972990666666664,9.532766107885752,10.030293999999994,0.09878627118894867,-0.0499999999999996,-1.1,-1.1,8.333333333333334,8.333333333333334
20,1.2000000000000002,False,0,1.7770320820314216,True,8.695108666666663,6.087891389197492,9.693973199999999,0.020275909636054967,-0.5599999999999992,-1.2000000000000002,-1.2000000000000002,8.333333333333334,8.333333333333334,11.732284666666665,10.418962599461093,10.29425973333333,-0.08388610052471779,-0.07999999999999963,-1.2000000000000002,-1.2000000000000002,8.333333333333334,8.333333333333334
20,1.3,False,0,1.6670113981428503,True,8.695108666666663,7.560285980154572,8.860639866666663,-0.5674415817762661,-0.8700000000000006,-1.3,-1.3,8.333333333333334,8.333333333333334,13.250872666666666,10.39390274386269,10.216646066666662,-0.1491408913221941,-0.09000000000000008,-1.3,-1.3,8.333333333333334,8.333333333333334
20,1.4000000000000001,False,0,1.7770320820314216,True,8.695108666666663,8.797339864668448,9.693973199999999,-0.6200060291020171,-0.919999999999999,-1.4000000000000001,-1.4000000000000001,8.333333333333334,8.333333333333334,13.250872666666666,7.799181058449759,11.049979399999994,0.4239801263019012,-0.08000000000000007,-1.4000000000000001,-1.4000000000000001,8.333333333333334,8.333333333333334
20,1.5,False,0,1.8870527659199923,True,8.695108666666663,7.955590849254979,10.527306533333334,-0.44871273558958347,-0.9499999999999997,-1.5,-1.5,8.333333333333334,8.333333333333334,13.250872666666666,11.192959052741102,11.883312733333334,0.12243582782190598,-0.04999999999999982,-1.5,-1.5,8.333333333333334,8.333333333333334
20,1.6,False,0,1.9970161138235236,True,8.695108666666663,10.406657538554338,11.32446233333334,-0.9131553826906893,-1.1200000000000006,-1.6,-1.6,8.333333333333334,8.333333333333334,12.491578666666665,12.53002778744969,12.300821533333334,0.1579031170475762,-0.1599999999999997,-1.6,-1.6,8.333333333333334,8.333333333333334
20,1.7000000000000002,False,0,1.9970161138235236,True,8.695108666666663,10.746585704065449,11.36063986666667,-0.9318460943759292,-1.1199999999999992,-1.7000000000000002,-1.7000000000000002,8.333333333333334,8.333333333333334,13.250872666666666,11.683095833706826,12.716646066666666,0.10564797765134326,-0.09999999999999964,-1.7000000000000002,-1.7000000000000002,8.333333333333334,8.333333333333334
21,0.0,False,0,4.0,False,16.666666666666668,-1.8567970556194409,-3.9999999999999742,1.851227270082465,1.6,0.0,0.0,8.333333333333334,8.333333333333334,,,,,,,,,
21,0.1,False,0,4.0,False,16.666666666666668,-3.8977294500816724,-3.9999999999999742,1.4701735761825931,1.2999999999999998,-0.1,-0.1,8.333333333333334,8.333333333333334,16.666666666666668,104.682042971667,104.56666666666634,-0.14083385100899126,-0.00999999999999579,-0.1,-0.1,8.333333333333334,8.333333333333334
21,0.2,False,0,4.0,True,16.666666666666668,-4.022391563556009,-3.9999999999999742,1.2531310260612627,0.9999999999999996,-0.2,-0.2,8.333333333333334,8.333333333333334,16.666666666666668,37.91258219137552,37.90000000000009,0.09622621287165511,-0.019999999999997353,-0.2,-0.2,8.333333333333334,8.333333333333334
21,0.30000000000000004,False,0,1.1333333333333313,True,8.695108666666663,-3.6332060767877037,-2.0302406666666526,0.6100489882218305,0.5499999999999998,-0.30000000000000004,-0.30000000000000004,8.333333333333334,8.333333333333334,1.861462666666664,6.597301087181823,7.532855199999962,0.0898801208577864,-0.020000000000001572,-0.30000000000000004,-0.30000000000000004,8.333333333333334,8.333333333333334
21,0.4,False,0,1.8999999999999995,True,8.695108666666663,3.056089426199269,4.860639866666678,0.7252874022868832,0.5999999999999996,-0.4,-0.4,8.333333333333334,8.333333333333334,4.898638666666664,6.463375790290994,9.17745846666666,0.1478832930813443,-6.661338147750939e-16,-0.4,-0.4,8.333333333333334,8.333333333333334
21,0.5,False,0,1.7999999999999998,True,8.695108666666663,7.359749230559868,8.193973200000006,0.3715239759618987,0.5500000000000003,-0.5,-0.5,8.333333333333334,8.333333333333334,6.4172266666666635,9.70926979450255,10.073902333333347,0.07858789368534058,0.0,-0.5,-0.5,8.333333333333334,8.333333333333334
21,0.6000000000000001,False,0,1.5789948510319942,True,8.695108666666663,7.32014513753747,8.193973200000006,0.41880950889461,0.3400000000000003,-0.6000000000000001,-0.6000000000000001,8.333333333333334,8.333333333333334,6.4172266666666635,7.24949221960883,9.115849000000015,0.3020930072674468,-0.019999999999999574,-0.6000000000000001,-0.6000000000000001,8.333333333333334,8.333333333333334
21,0.7000000000000001,False,0,1.4689741671434229,True,8.695108666666663,4.915434670171504,7.360639866666678,0.3519257157538198,0.06000000000000072,-0.7000000000000001,-0.7000000000000001,8.333333333333334,8.333333333333334,7.935814666666663,5.681268563056332,7.400391733333341,0.14595650794845527,-0.009999999999999343,-0.7000000000000001,-0.7000000000000001,8.333333333333334,8.333333333333334
21,0.8,False,0,1.6890155349205647,True,8.695108666666663,8.161553139958915,9.027306533333334,0.01971632774228782,-2.220446049250313e-16,-0.8,-0.8,8.333333333333334,8.333333333333334,8.695108666666663,8.161553139958915,9.027306533333334,0.01971632774228782,-2.220446049250313e-16,-0.8,-0.8,8.333333333333334,8.333333333333334
21,0.9,False,0,1.7990362188091356,True,8.695108666666663,9.851429596510041,9.860639866666663,0.09018471186448052,-0.1100000000000001,-0.9,-0.9,8.333333333333334,8.333333333333334,9.454402666666663,7.528528293692507,9.896817399999993,0.4100026197042932,-0.02000000000000024,-0.9,-0.9,8.333333333333334,8.333333333333334
21,1.0,False,0,1.7990362188091356,True,8.695108666666663,8.132559477805554,9.860639866666663,-0.24732417961381925,-0.2999999999999998,-1.0,-1.0,8.333333333333334,8.333333333333334,10.972990666666664,10.26834317164472,10.196960666666659,-0.049968676208224094,0.0,-1.0,-1.0,8.333333333333334,8.333333333333334
21,1.1,False,0,1.5789948510319942,True,8.695108666666663,8.086858268483983,8.193973200000006,-0.7758589747309377,-0.7100000000000004,-1.1,-1.1,8.333333333333334,8.333333333333334,13.250872666666666,7.865058100793935,9.549979399999994,0.34855108332880747,-0.0499999999999996,-1.1,-1.1,8.333333333333334,8.333333333333334
21,1.2000000000000002,False,0,1.7990362188091356,True,8.695108666666663,9.944536247141425,9.860639866666663,-0.7972669925366234,-0.6799999999999993,-1.2000000000000002,-1.2000000000000002,8.333333333333334,8.333333333333334,12.491578666666665,9.980497409015644,10.80082153333333,-0.13959993053427056,-0.07999999999999963,-1.2000000000000002,-1.2000000000000002,8.333333333333334,8.333333333333334
21,1.3,False,0,1.9090569026977071,True,8.695108666666663,8.058392014883776,10.693973199999999,-0.3365434698172298,-0.7400000000000007,-1.3,-1.3,8.333333333333334,8.333333333333334,12.491578666666665,9.07150755648388,11.634154866666663,0.6109628956369333,-0.09000000000000008,-1.3,-1.3,8.333333333333334,8.333333333333334
21,1.4000000000000001,False,0,1.9090569026977071,True,8.695108666666663,10.673643558068239,10.693973199999999,-0.7901858214117188,-0.919999999999999,-1.4000000000000001,-1.4000000000000001,8.333333333333334,8.333333333333334,13.250872666666666,8.757346144356102,12.049979399999994,0.6844844674456585,-0.08000000000000007,-1.4000000000000001,-1.4000000000000001,8.333333333333334,8.333333333333334
21,1.5,False,0,2.017970370680804,True,8.695108666666663,10.597460724769665,11.527306533333334,-0.6452917937639997,-0.9499999999999997,-1.5,-1.5,8.333333333333334,8.333333333333334,13.250872666666666,12.358208119745584,12.883312733333334,0.14354519529736143,-0.04999999999999982,-1.5,-1.5,8.333333333333334,8.333333333333334
21,1.6,False,0,2.017970370680804,True,8.695108666666663,10.680242419771506,11.527306533333334,-0.9706595175465661,-1.1200000000000006,-1.6,-1.6,8.333333333333334,8.333333333333334,13.250872666666666,11.89882672710818,12.883312733333334,0.08616839031609702,-0.1599999999999997,-1.6,-1.6,8.333333333333334,8.333333333333334
21,1.7000000000000002,False,0,2.017970370680804,True,8.695108666666663,9.626128263041533,11.527306533333334,-0.764785069351271,-1.2899999999999991,-1.7000000000000002,-1.7000000000000002,8.333333333333334,8.333333333333334,14.010166666666667,12.68961240935057,13.375066666666665,-0.12473139510535569,-0.09999999999999964,-1.7000000000000002,-1.7000000000000002,8.333333333333334,8.333333333333334
22,0.0,False,0,4.0,False,16.666666666666668,-1.4093772558641033,-3.933333333333361,1.7588950065198863,1.6,0.0,0.0,8.333333333333334,8.333333333333334,,,,,,,,,
22,0.1,False,0,4.0,False,16.666666666666668,-2.183781224814598,-3.933333333333361,1.058927761391688,1.2799999999999998,-0.1,-0.1,8.333333333333334,8.333333333333334,16.666666666666668,106.2669511047127,103.56666666666634,0.11789766814871472,-0.00999999999999579,-0.1,-0.1,8.333333333333334,8.333333333333334
22,0.2,False,0,4.0,True,16.287166666666668,-3.7478074810452737,-4.021883333333352,1.2632730229547335,0.9599999999999995,-0.2,-0.2,8.333333333333334,8.333333333333334,16.287166666666668,35.88087936083653,34.951899999999796,-0.12554515538489208,-0.019999999999997353,-0.2,-0.2,8.333333333333334,8.333333333333334
22,0.30000000000000004,False,0,2.433333333333333,True,8.695108666666663,0.06211697560716534,1.6939732000000278,0.7068815639143753,0.7000000000000002,-0.30000000000000004,-0.30000000000000004,8.333333333333334,8.333333333333334,3.3800506666666643,11.805659173100832,11.911404799999968,-0.10195398448195014,-0.020000000000001572,-0.30000000000000004,-0.30000000000000004,8.333333333333334,8.333333333333334
22,0.4,False,0,2.0999999999999996,True,8.695108666666663,5.534695270849082,6.693973200000014,0.4698768847276287,0.6399999999999997,-0.4,-0.4,8.333333333333334,8.333333333333334,5.657932666666664,8.233379500634836,10.519037866666661,0.16340955870727925,-6.661338147750939e-16,-0.4,-0.4,8.333333333333334,8.333333333333334
22,0.5,False,0,1.9000000000000004,True,8.695108666666663,8.558150534379717,9.193973200000006,0.5580700082639729,0.5500000000000003,-0.5,-0.5,8.333333333333334,8.333333333333334,6.4172266666666635,9.346217670461943,10.770184733333348,0.2175083190254683,0.0,-0.5,-0.5,8.333333333333334,8.333333333333334
22,0.6000000000000001,False,0,1.6009989878097082,True,8.695108666666663,7.019324770196296,8.360639866666677,0.702669134475308,0.2800000000000007,-0.6000000000000001,-0.6000000000000001,8.333333333333334,8.333333333333334,6.4172266666666635,8.975558605494914,9.090905000000017,-0.12734171117358062,-0.019999999999999574,-0.6000000000000001,-0.6000000000000001,8.333333333333334,8.333333333333334
22,0.7000000000000001,False,0,1.82104035558685,True,8.695108666666663,7.646107483352435,10.027306533333334,0.32971045692549517,0.20000000000000062,-0.7000000000000001,-0.7000000000000001,8.333333333333334,8.333333333333334,7.176520666666663,9.216454040102217,10.298420933333336,0.19209079694332543,-0.009999999999999343,-0.7000000000000001,-0.7000000000000001,8.333333333333334,8.333333333333334
22,0.8,False,0,1.82104035558685,True,8.695108666666663,9.285745299840858,10.027306533333334,-0.176827342245226,-2.220446049250313e-16,-0.8,-0.8,8.333333333333334,8.333333333333334,8.695108666666663,9.285745299840858,10.027306533333334,-0.176827342245226,-2.220446049250313e-16,-0.8,-0.8,8.333333333333334,8.333333333333334
22,0.9,False,0,1.82104035558685,True,8.695108666666663,10.130951035352421,10.027306533333334,-0.2662938988264387,-0.19999999999999996,-0.9,-0.9,8.333333333333334,8.333333333333334,10.213696666666664,8.419536351266121,10.175590999999994,0.08885824003612708,-0.02000000000000024,-0.9,-0.9,8.333333333333334,8.333333333333334
22,1.0,False,0,1.82104035558685,True,8.695108666666663,7.458579263421503,10.027306533333334,-0.010511380270533444,-0.3999999999999999,-1.0,-1.0,8.333333333333334,8.333333333333334,11.732284666666665,9.579372660848254,10.627593066666659,0.3820861313599586,0.0,-1.0,-1.0,8.333333333333334,8.333333333333334
22,1.1,False,0,1.931061039475421,True,8.695108666666663,9.352771943295497,10.860639866666663,-0.297143313636935,-0.4900000000000002,-1.1,-1.1,8.333333333333334,8.333333333333334,11.732284666666665,8.120118090741585,11.460926399999991,0.3472575471121919,-0.0499999999999996,-1.1,-1.1,8.333333333333334,8.333333333333334
22,1.2000000000000002,False,0,2.0389246275380843,True,8.695108666666663,10.222902294327273,11.657795666666669,-0.29401311728028023,-0.6799999999999993,-1.2000000000000002,-1.2000000000000002,8.333333333333334,8.333333333333334,11.732284666666665,10.862288558467146,12.29425973333333,0.16291273726826372,-0.07999999999999963,-1.2000000000000002,-1.2000000000000002,8.333333333333334,8.333333333333334
22,1.3,False,0,1.931061039475421,True,8.695108666666663,8.497974195701826,10.860639866666663,-0.5586450406674293,-0.8700000000000006,-1.3,-1.3,8.333333333333334,8.333333333333334,13.250872666666666,12.334107671982736,12.216646066666662,-0.2958401822605543,-0.09000000000000008,-1.3,-1.3,8.333333333333334,8.333333333333334
22,1.4000000000000001,False,0,2.0389246275380843,True,8.695108666666663,10.878008154892935,11.693973199999999,-0.6402153324450888,-0.919999999999999,-1.4000000000000001,-1.4000000000000001,8.333333333333334,8.333333333333334,13.250872666666666,12.965251797153055,13.049979399999994,0.2576110272880934,-0.08000000000000007,-1.4000000000000001,-1.4000000000000001,8.333333333333334,8.333333333333334
22,1.5,False,0,2.1436959118244876,True,8.695108666666663,11.544348051152621,12.491128999999997,-1.204516445202335,-1.1,-1.5,-1.5,8.333333333333334,8.333333333333334,13.250872666666666,13.158250468873966,13.883312733333334,0.04892909904850673,-0.04999999999999982,-1.5,-1.5,8.333333333333334,8.333333333333334
22,1.6,False,0,2.0389246275380843,True,8.695108666666663,10.748120878160133,11.657795666666669,-1.3009408677874714,-1.4400000000000008,-1.6,-1.6,8.333333333333334,8.333333333333334,14.010166666666667,11.812309518286106,13.541733333333333,0.2675730202339772,-0.1599999999999997,-1.6,-1.6,8.333333333333334,8.333333333333334
22,1.7000000000000002,False,0,2.0389246275380843,True,8.695108666666663,10.828440701885928,11.693973199999999,-1.3644915208356705,-1.459999999999999,-1.7000000000000002,-1.7000000000000002,8.333333333333334,8.333333333333334,14.769166666666667,13.592874827580363,14.109416666666664,0.14615937525948608,-0.09999999999999964,-1.7000000000000002,-1.7000000000000002,8.333333333333334,8.333333333333334
23,0.0,False,0,4.0,False,16.666666666666668,-3.156262435993585,-4.1000000000000325,1.3255624293738961,1.6,0.0,0.0,8.333333333333334,8.333333333333334,,,,,,,,,
23,0.1,False,0,4.0,False,16.666666666666668,-2.5996427649680767,-4.1000000000000325,1.6227441811681227,1.27,-0.1,-0.1,8.333333333333334,8.333333333333334,16.666666666666668,105.78345424529128,102.56666666666634,0.09329418257589484,-0.00999999999999579,-0.1,-0.1,8.333333333333334,8.333333333333334
23,0.2,False,0,4.0,True,15.907666666666668,-2.6339759858848266,-4.2265000000000255,1.0216236962480485,0.94,-0.2,-0.2,8.333333333333334,8.333333333333334,15.907666666666668,32.93098165723512,32.13029999999998,0.3020570684731423,-0.019999999999997353,-0.2,-0.2,8.333333333333334,8.333333333333334
23,0.30000000000000004,False,0,2.733333333333334,True,8.695108666666663,3.348955789984136,4.360639866666685,0.7073218857834656,0.7600000000000002,-0.30000000000000004,-0.30000000000000004,8.333333333333334,8.333333333333334,4.898638666666664,12.59183725753191,12.455622599999973,0.09848728896845893,-0.020000000000001572,-0.30000000000000004,-0.30000000000000004,8.333333333333334,8.333333333333334
23,0.4,False,0,1.9999999999999996,True,8.695108666666663,6.990680503508057,6.860639866666678,0.4937209903298121,0.5999999999999996,-0.4,-0.4,8.333333333333334,8.333333333333334,5.657932666666664,9.449611924302683,10.418164466666664,0.020160761883925682,-6.661338147750939e-16,-0.4,-0.4,8.333333333333334,8.333333333333334
23,0.5,False,0,1.8297682247831157,True,8.695108666666663,7.545809728034091,9.360639866666677,0.8531766586816056,0.5,-0.5,-0.5,8.333333333333334,8.333333333333334,6.4172266666666635,11.311869924915822,11.04895833333335,-0.09689407322233778,0.0,-0.5,-0.5,8.333333333333334,8.333333333333334
23,0.6000000000000001,False,0,1.843044492364565,True,8.695108666666663,8.598995283969177,10.193973200000006,0.45407329607033997,0.3400000000000003,-0.6000000000000001,-0.6000000000000001,8.333333333333334,8.333333333333334,6.4172266666666635,8.965034140138318,11.039919600000015,0.24758804155090575,-0.019999999999999574,-0.6000000000000001,-0.6000000000000001,8.333333333333334,8.333333333333334
23,0.7000000000000001,False,0,1.843044492364565,True,8.695108666666663,8.582355291704285,10.193973200000006,0.3867807648058612,0.13000000000000078,-0.7000000000000001,-0.7000000000000001,8.333333333333334,8.333333333333334,7.176520666666663,8.560229273549549,10.349406333333338,-0.02610927126405338,-0.009999999999999343,-0.7000000000000001,-0.7000000000000001,8.333333333333334,8.333333333333334
23,0.8,False,0,1.9530651762531355,True,8.695108666666663,10.707094578814175,11.027306533333334,-0.09024665099949147,-2.220446049250313e-16,-0.8,-0.8,8.333333333333334,8.333333333333334,8.695108666666663,10.707094578814175,11.027306533333334,-0.09024665099949147,-2.220446049250313e-16,-0.8,-0.8,8.333333333333334,8.333333333333334
23,0.9,False,0,1.9530651762531355,True,8.695108666666663,8.336272773961792,11.027306533333334,0.039743427974307854,-0.19999999999999996,-0.9,-0.9,8.333333333333334,8.333333333333334,10.213696666666664,11.32125169811707,11.175590999999994,0.0441999246104916,-0.02000000000000024,-0.9,-0.9,8.333333333333334,8.333333333333334
23,1.0,False,0,1.843044492364565,True,8.695108666666663,8.283320736833407,10.193973200000006,-0.6628323245309748,-0.5,-1.0,-1.0,8.333333333333334,8.333333333333334,12.491578666666665,9.237784712572228,11.134154866666663,0.3754417412179194,0.0,-1.0,-1.0,8.333333333333334,8.333333333333334
23,1.1,False,0,2.0598788843953653,True,8.695108666666663,9.251853240052544,11.860639866666663,-0.22530305862472444,-0.4900000000000002,-1.1,-1.1,8.333333333333334,8.333333333333334,11.732284666666665,11.59950074320863,12.460926399999991,-0.11763315631512494,-0.0499999999999996,-1.1,-1.1,8.333333333333334,8.333333333333334
23,1.2000000000000002,False,0,2.269421452968171,True,8.695108666666663,10.71307796953413,13.491128999999997,-0.09804016188456721,-0.5599999999999992,-1.2000000000000002,-1.2000000000000002,8.333333333333334,8.333333333333334,10.972990666666664,11.29809244712457,13.86362733333333,0.30237705191333486,-0.07999999999999963,-1.2000000000000002,-1.2000000000000002,8.333333333333334,8.333333333333334
23,1.3,False,0,2.0598788843953653,True,8.695108666666663,8.690437792403483,11.860639866666663,-0.4215115764232089,-0.8700000000000006,-1.3,-1.3,8.333333333333334,8.333333333333334,13.250872666666666,10.910802097188771,13.216646066666662,0.30597680372061564,-0.09000000000000008,-1.3,-1.3,8.333333333333334,8.333333333333334
23,1.4000000000000001,False,0,2.1646501686817676,True,8.695108666666663,9.24988089363045,12.513085533333342,-1.2597074242098096,-1.6199999999999988,-1.4000000000000001,-1.4000000000000001,8.333333333333334,8.333333333333334,13.250872666666666,13.22303896912749,14.049979399999994,-0.17046973561461054,-0.08000000000000007,-1.4000000000000001,-1.4000000000000001,8.333333333333334,8.333333333333334
23,1.5,False,0,2.0598788843953653,True,8.695108666666663,9.008682431119883,11.824462333333333,-1.1421447394705988,-1.4,-1.5,-1.5,8.333333333333334,8.333333333333334,14.769166666666667,13.394349756303129,14.276083333333332,0.016025991658592753,-0.04999999999999982,-1.5,-1.5,8.333333333333334,8.333333333333334
23,1.6,False,0,2.269421452968171,True,8.695108666666663,10.917952570025893,13.237886266666681,-1.6588695734385221,-1.879999999999999,-1.6,0.0,8.333333333333334,8.333333333333334,13.250872666666666,13.277351461365328,14.883312733333334,-0.33312278036897336,-0.1599999999999997,-1.6,-1.6,8.333333333333334,8.333333333333334
23,1.7000000000000002,False,0,2.478964021540976,True,8.695108666666663,11.37009128877327,14.068895333333355,-1.7820627114010372,-1.8300000000000005,0.0,0.0,8.333333333333334,8.333333333333334,12.491578666666665,16.133477703871247,16.134154866666666,-0.10797403334184374,-0.09999999999999964,-1.7000000000000002,-1.7000000000000002,8.333333333333334,8.333333333333334
24,0.0,False,0,4.0,False,16.666666666666668,-3.3069104442633828,-4.266666666666697,1.8672598083037948,1.6,0.0,0.0,8.333333333333334,8.333333333333334,,,,,,,,,
24,0.1,False,0,4.0,False,16.666666666666668,-3.3754303114527557,-4.266666666666697,1.285280220169506,1.2599999999999998,-0.1,-0.1,8.333333333333334,8.333333333333334,16.666666666666668,102.17326884366129,101.56666666666634,0.12783203202388949,-0.00999999999999579,-0.1,-0.1,8.333333333333334,8.333333333333334
24,0.2,False,0,3.899999999999999,True,14.769166666666667,-1.863854859645019,-4.141733333333337,0.9193244161611398,0.8999999999999999,-0.2,-0.2,8.333333333333334,8.333333333333334,14.769166666666667,27.20047418807229,25.463100000000022,0.1532112560903931,-0.019999999999997353,-0.2,-0.2,8.333333333333334,8.333333333333334
24,0.30000000000000004,False,0,2.233333333333333,True,8.695108666666663,1.1782303700116161,2.0652565333333515,0.6795675222845357,0.6400000000000001,-0.30000000000000004,-0.30000000000000004,8.333333333333334,8.333333333333334,3.3800506666666643,10.39949932799868,11.367960999999962,-0.1265033002110716,-0.020000000000001572,-0.30000000000000004,-0.30000000000000004,8.333333333333334,8.333333333333334
24,0.4,False,0,1.7999999999999994,True,8.695108666666663,5.990295949537729,6.193973200000021,0.3993921123922921,0.5199999999999996,-0.4,-0.4,8.333333333333334,8.333333333333334,4.898638666666664,8.20625336732419,9.823852866666666,-0.2612991596623322,-6.661338147750939e-16,-0.4,-0.4,8.333333333333334,8.333333333333334
24,0.5,False,0,1.9000000000000004,True,8.695108666666663,7.911027867646323,10.360639866666677,0.64484996384919,0.5,-0.5,-0.5,8.333333333333334,8.333333333333334,6.4172266666666635,8.690416318809742,11.593381933333351,0.30449691627643327,0.0,-0.5,-0.5,8.333333333333334,8.333333333333334
24,0.6000000000000001,False,0,1.9750693130308503,True,8.695108666666663,8.613716123101437,11.193973200000006,0.6738403706557392,0.3400000000000003,-0.6000000000000001,-0.6000000000000001,8.333333333333334,8.333333333333334,7.176520666666663,9.338583880220742,11.812131400000016,0.30721431901715635,-0.019999999999999574,-0.6000000000000001,-0.6000000000000001,8.333333333333334,8.333333333333334
24,0.7000000000000001,False,0,1.9750693130308503,True,8.695108666666663,10.391740206532585,11.193973200000006,0.11896899242516135,0.13000000000000078,-0.7000000000000001,-0.7000000000000001,8.333333333333334,8.333333333333334,7.935814666666663,9.772815920645005,11.273476933333338,0.39280981131588977,-0.009999999999999343,-0.7000000000000001,-0.7000000000000001,8.333333333333334,8.333333333333334
24,0.8,False,0,2.0808331412526453,True,8.695108666666663,10.549214104830615,12.027306533333334,0.30570136012518434,-2.220446049250313e-16,-0.8,-0.8,8.333333333333334,8.333333333333334,8.695108666666663,10.549214104830615,12.027306533333334,0.30570136012518434,-2.220446049250313e-16,-0.8,-0.8,8.333333333333334,8.333333333333334
24,0.9,False,0,2.185604425539049,True,8.695108666666663,8.706804619705128,12.824462333333333,0.36653178592099467,-0.19999999999999996,-0.9,-0.9,8.333333333333334,8.333333333333334,9.454402666666663,12.083781602873355,12.896817399999993,-0.14015353946608267,-0.02000000000000024,-0.9,-0.9,8.333333333333334,8.333333333333334
24,1.0,False,0,2.185604425539049,True,8.695108666666663,10.37084010455035,12.788284800000003,-0.23584685146007622,-0.5,-1.0,-1.0,8.333333333333334,8.333333333333334,10.972990666666664,12.64963349966084,13.196960666666659,0.28479741360390065,0.0,-1.0,-1.0,8.333333333333334,8.333333333333334
24,1.1,False,0,2.0808331412526453,True,8.695108666666663,10.28464437317528,12.027306533333334,-0.27058803517578256,-0.6000000000000001,-1.1,-1.1,8.333333333333334,8.333333333333334,12.491578666666665,11.161216548972298,12.967488199999991,0.13054230119562504,-0.0499999999999996,-1.1,-1.1,8.333333333333334,8.333333333333334
24,1.2000000000000002,False,0,2.185604425539049,True,8.695108666666663,11.14575402032047,12.571219600000017,-1.3252739036215817,-1.6399999999999992,-1.2000000000000002,-1.2000000000000002,8.333333333333334,8.333333333333334,12.491578666666665,13.222397542135088,13.80082153333333,0.2870492629203589,-0.07999999999999963,-1.2000000000000002,-1.2000000000000002,8.333333333333334,8.333333333333334
24,1.3,False,0,2.290375709825451,True,8.695108666666663,10.509861040373952,13.657795666666669,-0.5286097778726344,-0.8700000000000006,-1.3,-1.3,8.333333333333334,8.333333333333334,12.491578666666665,14.599204329786893,14.634154866666663,-0.19070808533554784,-0.09000000000000008,-1.3,-1.3,8.333333333333334,8.333333333333334
24,1.4000000000000001,False,0,2.290375709825451,True,8.695108666666663,10.939876302082023,13.54568873333334,-0.7765175960256889,-1.1999999999999988,-1.4000000000000001,-1.4000000000000001,8.333333333333334,8.333333333333334,13.250872666666666,12.300337311214339,15.049979399999994,0.2957523876377208,-0.08000000000000007,-1.4000000000000001,-1.4000000000000001,8.333333333333334,8.333333333333334
24,1.5,False,0,2.395146994111854,True,8.695108666666663,11.186232217310835,13.73140080000002,-1.5431154144041743,-1.7999999999999998,0.0,0.0,8.333333333333334,8.333333333333334,13.250872666666666,13.552544197306538,15.883312733333334,0.49686645850556754,-0.04999999999999982,-1.5,-1.5,8.333333333333334,8.333333333333334
24,1.6,False,0,2.395146994111854,True,8.695108666666663,11.167227557366697,13.981069200000025,-1.530131122171734,-1.879999999999999,0.0,0.0,8.333333333333334,8.333333333333334,13.250872666666666,15.045393691597035,15.883312733333334,0.10537842340874448,-0.1599999999999997,-1.6,-1.6,8.333333333333334,8.333333333333334
24,1.7000000000000002,False,0,2.499918278398257,True,8.695108666666663,10.120293847226488,14.890331933333368,-1.5800801291253956,-1.8300000000000005,0.0,0.0,8.333333333333334,8.333333333333334,13.250872666666666,15.925969515703908,16.716646066666666,0.026278925566493028,-0.09999999999999964,-1.7000000000000002,-1.7000000000000002,8.333333333333334,8.333333333333334
25,0.0,False,0,4.0,False,16.666666666666668,-3.521886738031202,-4.1666666666666385,1.5505923076278676,1.6,0.0,0.0,8.333333333333334,8.333333333333334,,,,,,,,,
25,0.1,False,0,4.0,True,16.666666666666668,-4.132184663656356,-4.1666666666666385,1.1821053869140368,1.25,-0.1,-0.1,8.333333333333334,8.333333333333334,16.666666666666668,101.46176499028935,100.56666666666634,0.14444704174918988,-0.00999999999999579,-0.1,-0.1,8.333333333333334,8.333333333333334
25,0.2,False,0,3.999999999999999,True,16.540166666666668,-3.6576276420689124,-4.141366666666637,1.0069330320985426,0.8999999999999999,-0.2,-0.2,8.333333333333334,8.333333333333334,16.540166666666668,35.92914672129693,33.29279999999986,0.04627069071801526,-0.019999999999997353,-0.2,-0.2,8.333333333333334,8.333333333333334
25,0.30000000000000004,False,0,2.6333333333333346,True,8.695108666666663,4.938061836779494,4.820473200000028,0.7948813495813312,0.7000000000000002,-0.30000000000000004,-0.30000000000000004,8.333333333333334,8.333333333333334,4.898638666666664,11.438852619481967,12.304446399999978,0.019599476588839426,-0.020000000000001572,-0.30000000000000004,-0.30000000000000004,8.333333333333334,8.333333333333334
25,0.4,False,0,1.9999999999999996,True,8.695108666666663,8.143816724573743,8.027306533333348,0.7331811062538289,0.5599999999999996,-0.4,-0.4,8.333333333333334,8.333333333333334,6.4172266666666635,10.279347527540732,10.48206766666667,0.030601005569049766,-6.661338147750939e-16,-0.4,-0.4,8.333333333333334,8.333333333333334
25,0.5,False,0,1.9000000000000004,True,8.695108666666663,7.258054901400951,10.527306533333334,0.7312535292839364,0.4500000000000002,-0.5,-0.5,8.333333333333334,8.333333333333334,7.176520666666663,9.988513990713631,11.492508533333346,0.2892716234819366,0.0,-0.5,-0.5,8.333333333333334,8.333333333333334
25,0.6000000000000001,False,0,2.101787398109926,True,8.695108666666663,11.028759616068523,12.193973200000006,0.38298394018020465,0.3400000000000003,-0.6000000000000001,-0.6000000000000001,8.333333333333334,8.333333333333334,7.935814666666663,10.840174657812934,12.432484400000018,-0.07446863441552165,-0.019999999999999574,-0.6000000000000001,-0.6000000000000001,8.333333333333334,8.333333333333334
25,0.7000000000000001,False,0,2.101787398109926,True,8.695108666666663,11.261193074181133,12.193973200000006,0.49065269674742673,0.13000000000000078,-0.7000000000000001,-0.7000000000000001,8.333333333333334,8.333333333333334,7.935814666666663,12.132015120607182,12.273476933333338,0.14452214825239595,-0.009999999999999343,-0.7000000000000001,-0.7000000000000001,8.333333333333334,8.333333333333334
25,0.8,False,0,2.2065586823963286,True,8.695108666666663,7.68706815484708,12.918773933333338,0.32381361808969,-0.24000000000000044,-0.8,-0.8,8.333333333333334,8.333333333333334,8.695108666666663,12.219409553822647,13.027306533333334,0.25073870274507826,-2.220446049250313e-16,-0.8,-0.8,8.333333333333334,8.333333333333334
25,0.9,False,0,2.101787398109926,True,8.695108666666663,9.627662252198423,12.193973200000006,0.058077461486370385,-0.2899999999999998,-0.9,-0.9,8.333333333333334,8.333333333333334,10.972990666666664,11.67824340633329,12.530293999999994,0.452294770978213,-0.02000000000000024,-0.9,-0.9,8.333333333333334,8.333333333333334
25,1.0,False,0,2.101787398109926,True,8.695108666666663,10.537640329054081,12.193973200000006,-0.11132820881262329,-0.5,-1.0,-1.0,8.333333333333334,8.333333333333334,12.491578666666665,12.316276706073943,13.134154866666663,0.02959592059116356,0.0,-1.0,-1.0,8.333333333333334,8.333333333333334
25,1.1,False,0,2.416101250969134,True,8.695108666666663,11.009607534447841,14.216516600000023,-1.1836386002129171,-1.3700000000000014,-1.1,-1.1,8.333333333333334,8.333333333333334,10.972990666666664,14.090323878568153,15.030293999999994,-0.17913791577332594,-0.0499999999999996,-1.1,-1.1,8.333333333333334,8.333333333333334
25,1.2000000000000002,False,0,2.3113299666827323,True,8.695108666666663,8.781240087571565,13.860639866666663,0.02085729878818854,-0.6799999999999993,-1.2000000000000002,-1.2000000000000002,8.333333333333334,8.333333333333334,12.491578666666665,13.044788017465468,14.80082153333333,0.38777867009378353,-0.07999999999999963,-1.2000000000000002,-1.2000000000000002,8.333333333333334,8.333333333333334
25,1.3,False,0,2.416101250969134,True,8.695108666666663,10.990187091074137,14.585440600000009,-0.7747530475000637,-1.1300000000000008,-1.3,-1.3,8.333333333333334,8.333333333333334,12.491578666666665,14.478699775408465,15.634154866666663,0.0395083450261462,-0.09000000000000008,-1.3,-1.3,8.333333333333334,8.333333333333334
25,1.4000000000000001,False,0,2.5208725352555374,True,8.695108666666663,10.786947551671151,14.250369866666677,-1.661227554425165,-1.8999999999999986,0.0,0.0,8.333333333333334,8.333333333333334,12.491578666666665,15.755227452516078,16.467488199999995,0.007282233312465802,-0.08000000000000007,-1.4000000000000001,-1.4000000000000001,8.333333333333334,8.333333333333334
25,1.5,False,0,2.5208725352555374,True,8.695108666666663,10.661305128228985,14.004275799999998,-1.810053479071276,-1.7999999999999998,0.0,0.0,8.333333333333334,8.333333333333334,13.250872666666666,14.323371881556554,16.883312733333334,0.44863343032845115,-0.04999999999999982,-1.5,-1.5,8.333333333333334,8.333333333333334
25,1.6,False,0,2.5208725352555374,True,8.695108666666663,10.74391131644406,14.503612600000022,-1.87617505222036,-1.879999999999999,0.0,0.0,8.333333333333334,8.333333333333334,13.250872666666666,15.172423828943757,16.883312733333334,0.20882985971310086,-0.1599999999999997,-1.6,-1.6,8.333333333333334,8.333333333333334
25,1.7000000000000002,False,0,2.7304151038283426,True,8.695108666666663,11.234109853778062,13.894668999999933,-1.8697615440172064,-1.8300000000000005,0.0,0.0,8.333333333333334,8.333333333333334,12.491578666666665,15.688797657075586,18.134154866666666,0.21713547396405675,-0.09999999999999964,-1.7000000000000002,-1.7000000000000002,8.333333333333334,8.333333333333334
26,0.0,False,0,4.0,False,16.666666666666668,-4.142080128641427,-3.9999999999999742,1.2637273380294243,1.6,0.0,0.0,8.333333333333334,8.333333333333334,,,,,,,,,
26,0.1,False,0,4.0,True,16.666666666666668,-3.6800821471390917,-3.9999999999999742,1.4572461782321033,1.2399999999999998,-0.1,-0.1,8.333333333333334,8.333333333333334,16.666666666666668,105.44757247820327,99.56666666666634,-0.05387165465254706,-0.00999999999999579,-0.1,-0.1,8.333333333333334,8.333333333333334
26,0.2,False,0,3.799999999999999,True,15.907666666666668,-3.1069392588320666,-4.044966666666684,0.875536213340677,0.8599999999999999,-0.2,-0.2,8.333333333333334,8.333333333333334,15.907666666666668,31.92370007769527,29.282099999999954,-0.03460230877525139,-0.019999999999997353,-0.2,-0.2,8.333333333333334,8.333333333333334
26,0.30000000000000004,False,0,2.233333333333333,True,8.695108666666663,2.6271709065315862,3.3204732000000208,0.6451554154207964,0.6099999999999999,-0.30000000000000004,-0.30000000000000004,8.333333333333334,8.333333333333334,3.3800506666666643,9.714836446671743,12.127849399999963,0.14221950305152165,-0.020000000000001572,-0.30000000000000004,-0.30000000000000004,8.333333333333334,8.333333333333334
26,0.4,False,0,2.1999999999999997,True,8.695108666666663,9.017828241747996,9.860639866666677,0.563367556340677,0.5999999999999996,-0.4,-0.4,8.333333333333334,8.333333333333334,6.4172266666666635,10.914468441006026,12.051435266666669,0.01658404921093659,-6.661338147750939e-16,-0.4,-0.4,8.333333333333334,8.333333333333334
26,0.5,False,0,2.1227416549672076,True,8.695108666666663,10.102648277478313,12.360639866666677,0.5986475601487151,0.5,-0.5,-0.5,8.333333333333334,8.333333333333334,7.176520666666663,13.344098995663398,13.365593733333352,-0.3918301945542362,0.0,-0.5,-0.5,8.333333333333334,8.333333333333334
26,0.6000000000000001,False,0,2.22751293925361,True,8.695108666666663,10.39145163079284,13.04926306666668,0.4305530814136116,0.10000000000000053,-0.6000000000000001,-0.6000000000000001,8.333333333333334,8.333333333333334,7.935814666666663,12.404840741606268,13.128766800000019,0.06489447344108212,-0.019999999999999574,-0.6000000000000001,-0.6000000000000001,8.333333333333334,8.333333333333334
26,0.7000000000000001,False,0,2.22751293925361,True,8.695108666666663,11.410544745366433,13.121618133333339,0.026913086456213486,-0.009999999999999343,-0.7000000000000001,-0.7000000000000001,8.333333333333334,8.333333333333334,8.695108666666663,11.410544745366433,13.121618133333339,0.026913086456213486,-0.009999999999999343,-0.7000000000000001,-0.7000000000000001,8.333333333333334,8.333333333333334
26,0.8,False,0,2.22751293925361,True,8.695108666666663,11.309211096753796,13.193973200000006,0.12184437553406813,-0.0800000000000003,-0.8,-0.8,8.333333333333334,8.333333333333334,9.454402666666663,9.062340699817003,13.230150733333335,0.12308559780934214,-2.220446049250313e-16,-0.8,-0.8,8.333333333333334,8.333333333333334
26,0.9,False,0,2.22751293925361,True,8.695108666666663,11.472105874767852,12.90455293333336,-0.7199413035696891,-1.0099999999999985,-0.9,-0.9,8.333333333333334,8.333333333333334,10.972990666666664,10.983198907784978,13.530293999999994,0.20694382588952154,-0.02000000000000024,-0.9,-0.9,8.333333333333334,8.333333333333334
26,1.0,False,0,2.22751293925361,True,8.695108666666663,11.373960445787095,13.01308553333335,-0.681670171530407,-1.0,-1.0,-1.0,8.333333333333334,8.333333333333334,12.491578666666665,12.588213666144561,14.134154866666663,0.10867799935309685,0.0,-1.0,-1.0,8.333333333333334,8.333333333333334
26,1.1,False,0,2.4370555078264156,True,8.695108666666663,11.066663113321372,14.354154400000024,-1.6013024929913457,-1.8799999999999981,-1.1,0.0,8.333333333333334,8.333333333333334,11.732284666666665,13.929205063104988,15.460926399999991,0.21981982102442688,-0.0499999999999996,-1.1,-1.1,8.333333333333334,8.333333333333334
26,1.2000000000000002,False,0,2.4370555078264156,True,8.695108666666663,11.346586543959898,14.643574666666677,-0.9865772442556798,-1.399999999999999,-1.2000000000000002,-1.2000000000000002,8.333333333333334,8.333333333333334,12.491578666666665,14.251370923710777,15.80082153333333,0.022102199207465034,-0.07999999999999963,-1.2000000000000002,-1.2000000000000002,8.333333333333334,8.333333333333334
26,1.3,False,0,2.4370555078264156,True,8.695108666666663,10.940296848703493,14.314402533333354,-1.7114968783818283,-1.8899999999999997,0.0,0.0,8.333333333333334,8.333333333333334,13.250872666666666,16.169115795942844,16.216646066666662,-0.48228467834859323,-0.09000000000000008,-1.3,-1.3,8.333333333333334,8.333333333333334
26,1.4000000000000001,False,0,2.5418267921128175,True,8.695108666666663,11.148422681292967,14.496540266666681,-1.8016386393611437,-1.8999999999999986,0.0,0.0,8.333333333333334,8.333333333333334,13.250872666666666,13.679767887164747,17.049979399999994,0.34458532950381304,-0.08000000000000007,-1.4000000000000001,-1.4000000000000001,8.333333333333334,8.333333333333334
26,1.5,False,0,2.5418267921128175,True,8.695108666666663,11.040951211173411,14.156645133333345,-1.6378343877055443,-1.7999999999999998,0.0,0.0,8.333333333333334,8.333333333333334,14.010166666666667,17.588766143275848,17.541733333333333,0.005929814482803275,-0.04999999999999982,-1.5,-1.5,8.333333333333334,8.333333333333334
26,1.6,False,0,2.5418267921128175,True,8.695108666666663,11.426072536313182,14.966848200000019,-1.8127723480001838,-1.879999999999999,0.0,0.0,8.333333333333334,8.333333333333334,14.010166666666667,17.70729869037526,17.541733333333333,-0.2966799478135209,-0.1599999999999997,-1.6,-1.6,8.333333333333334,8.333333333333334
26,1.7000000000000002,False,0,2.751369360685624,True,8.695108666666663,11.47004180074131,14.249806199999977,-1.8999148005052091,-1.8300000000000005,0.0,0.0,8.333333333333334,8.333333333333334,13.250872666666666,18.720608104103864,18.716646066666666,-0.2022538479977034,-0.09999999999999964,-1.7000000000000002,-1.7000000000000002,8.333333333333334,8.333333333333334
27,0.0,False,0,4.0,False,16.666666666666668,-3.2176045687133934,-3.933333333333368,1.674178266464776,1.6,0.0,0.0,8.333333333333334,8.333333333333334,,,,,,,,,
27,0.1,False,0,4.0,False,16.666666666666668,-3.1717011494544805,-3.933333333333368,1.444264866915963,1.2199999999999998,-0.1,-0.1,8.333333333333334,8.333333333333334,16.666666666666668,98.53917258415815,98.56666666666634,-0.1316193948976152,-0.00999999999999579,-0.1,-0.1,8.333333333333334,8.333333333333334
27,0.2,False,0,2.6000000000000045,True,8.695108666666663,-4.113371252862254,-3.3042543333333354,0.6801418159174024,0.7399999999999998,-0.2,-0.2,8.333333333333334,8.333333333333334,2.620756666666664,12.543729966696372,14.91078460000018,0.23845378678728935,-0.019999999999997353,-0.2,-0.2,8.333333333333334,8.333333333333334
27,0.30000000000000004,False,0,2.3092652306557886,True,8.695108666666663,3.331330679618124,4.193973200000021,0.9385241392899846,0.6099999999999999,-0.30000000000000004,-0.30000000000000004,8.333333333333334,8.333333333333334,4.1393446666666645,10.980638411061573,11.786478999999968,0.12553058002609419,-0.020000000000001572,-0.30000000000000004,-0.30000000000000004,8.333333333333334,8.333333333333334
27,0.4,False,0,2.238642435630192,True,8.695108666666663,8.243203826163128,10.860639866666677,0.3893821617146709,0.5999999999999996,-0.4,-0.4,8.333333333333334,8.333333333333334,7.176520666666663,10.962456654236195,12.444000066666671,0.047127851395698306,-6.661338147750939e-16,-0.4,-0.4,8.333333333333334,8.333333333333334
27,0.5,False,0,2.248467196110891,True,8.695108666666663,11.523102477928088,13.32446233333334,0.7659515313057037,0.4500000000000002,-0.5,-0.5,8.333333333333334,8.333333333333334,7.935814666666663,13.454682617638266,13.682229133333355,-0.25177884577015597,0.0,-0.5,-0.5,8.333333333333334,8.333333333333334
27,0.6000000000000001,False,0,2.248467196110891,True,8.695108666666663,10.959280307275915,13.360639866666677,0.13822437511325258,0.2800000000000007,-0.6000000000000001,-0.6000000000000001,8.333333333333334,8.333333333333334,7.935814666666663,13.702193276706144,13.55939920000002,-0.1514969830030657,-0.019999999999999574,-0.6000000000000001,-0.6000000000000001,8.333333333333334,8.333333333333334
27,0.7000000000000001,False,0,2.353238480397293,True,8.695108666666663,9.85542126568767,14.009511200000016,0.42026594251132154,-0.07999999999999918,-0.7000000000000001,-0.7000000000000001,8.333333333333334,8.333333333333334,8.695108666666663,12.175818087570743,14.04568873333334,0.327640746683588,-0.009999999999999343,-0.7000000000000001,-0.7000000000000001,8.333333333333334,8.333333333333334
27,0.8,False,0,2.562781048970099,True,8.695108666666663,11.484389151354979,15.643574666666677,-0.0401270848156805,-0.4000000000000008,-0.8,-0.8,8.333333333333334,8.333333333333334,8.695108666666663,15.096919803366571,15.824462333333333,0.1249699962870281,-2.220446049250313e-16,-0.8,-0.8,8.333333333333334,8.333333333333334
27,0.9,False,0,2.562781048970099,True,8.695108666666663,8.662506623870808,14.529654000000018,-1.0629689768260697,-1.8900000000000028,-0.9,-0.9,8.333333333333334,8.333333333333334,10.213696666666664,13.31300825639519,15.820887999999993,0.2531681607010583,-0.02000000000000024,-0.9,-0.9,8.333333333333334,8.333333333333334
27,1.0,False,0,2.458009764683695,True,8.695108666666663,10.427832613031871,14.661956866666682,-0.8721154923781851,-1.1999999999999997,-1.0,-1.0,8.333333333333334,8.333333333333334,11.732284666666665,16.03471780585934,15.627593066666659,-0.16799343373727327,0.0,-1.0,-1.0,8.333333333333334,8.333333333333334
27,1.1,False,0,2.6675523332565008,True,8.695108666666663,11.535344583994299,14.346442066666665,-1.7991862585768572,-1.8799999999999981,0.0,0.0,8.333333333333334,8.333333333333334,10.972990666666664,17.126635061120094,17.030293999999994,0.13617935155504401,-0.0499999999999996,-1.1,-1.1,8.333333333333334,8.333333333333334
27,1.2000000000000002,False,0,2.458009764683695,True,8.695108666666663,10.624790673503473,14.151897066666681,-1.5863851291189475,-1.7999999999999998,0.0,0.0,8.333333333333334,8.333333333333334,13.250872666666666,15.793373906627654,16.38331273333333,0.17058546512349304,-0.07999999999999963,-1.2000000000000002,-1.2000000000000002,8.333333333333334,8.333333333333334
27,1.3,False,0,2.6675523332565008,True,8.695108666666663,10.864225153558603,14.046298799999999,-1.7733990339128405,-1.8899999999999997,0.0,0.0,8.333333333333334,8.333333333333334,12.491578666666665,15.162349308586009,17.634154866666663,0.10382362160043135,-0.09000000000000008,-1.3,-1.3,8.333333333333334,8.333333333333334
27,1.4000000000000001,False,0,2.772323617542904,True,8.695108666666663,11.183703163519478,14.868909133333343,-1.7341621682549864,-1.8999999999999986,0.0,0.0,8.333333333333334,8.333333333333334,12.491578666666665,17.644115948474838,18.467488199999995,0.05433496439043917,-0.08000000000000007,-1.4000000000000001,-1.4000000000000001,8.333333333333334,8.333333333333334
27,1.5,False,0,2.562781048970099,True,8.695108666666663,11.425221906604168,13.914635933333333,-1.81187977678799,-1.7999999999999998,0.0,0.0,8.333333333333334,8.333333333333334,14.769166666666667,18.47139453858496,18.276083333333332,-0.1554471660525507,-0.04999999999999982,-1.5,-1.5,8.333333333333334,8.333333333333334
27,1.6,False,0,2.772323617542904,True,8.695108666666663,11.529733211876017,14.959570066666682,-1.858850562962021,-1.879999999999999,0.0,0.0,8.333333333333334,8.333333333333334,13.250872666666666,17.1726775803241,18.883312733333334,0.11460104213392253,-0.1599999999999997,-1.6,-1.6,8.333333333333334,8.333333333333334
27,1.7000000000000002,False,0,2.772323617542904,True,8.695108666666663,11.368602050214054,15.248990333333364,-1.8802554304542332,-1.8300000000000005,0.0,0.0,8.333333333333334,8.333333333333334,14.010166666666667,17.908018706913854,19.375066666666665,0.20916067594587107,-0.09999999999999964,-1.7000000000000002,-1.7000000000000002,8.333333333333334,8.333333333333334
28,0.0,False,0,4.0,False,16.666666666666668,-4.162939983717581,-4.100000000000011,1.5539956286896777,1.6,0.0,0.0,8.333333333333334,8.333333333333334,,,,,,,,,
28,0.1,False,0,4.0,True,16.666666666666668,-3.723091799865119,-4.100000000000011,1.0433118075266852,1.21,-0.1,-0.1,8.333333333333334,8.333333333333334,16.666666666666668,99.10510216642912,97.56666666666634,0.1724089757728331,-0.00999999999999579,-0.1,-0.1,8.333333333333334,8.333333333333334
28,0.2,False,0,2.9000000000000026,True,12.491578666666665,-2.626311869655555,-4.281669666666647,0.7418293211277169,0.7799999999999998,-0.2,-0.2,8.333333333333334,8.333333333333334,12.491578666666665,13.127186323598163,12.314650999999838,0.019134141667904725,-0.019999999999997353,-0.2,-0.2,8.333333333333334,8.333333333333334
28,0.30000000000000004,False,0,2.833333333333333,True,8.695108666666663,7.457771844926801,8.527306533333356,0.6961359356667001,0.73,-0.30000000000000004,-0.30000000000000004,8.333333333333334,8.333333333333334,6.4172266666666635,12.911863377148446,13.089784999999974,-0.10670536626634108,-0.020000000000001572,-0.30000000000000004,-0.30000000000000004,8.333333333333334,8.333333333333334
28,0.4,False,0,2.0999999999999996,True,8.695108666666663,10.19619409193147,10.193973200000013,0.7747256757484413,0.5199999999999996,-0.4,-0.4,8.333333333333334,8.333333333333334,7.176520666666663,10.995508600376926,11.621900266666675,0.10666370005056391,-6.661338147750939e-16,-0.4,-0.4,8.333333333333334,8.333333333333334
28,0.5,False,0,2.3741927372545732,True,8.695108666666663,11.379629806986518,14.071219600000024,0.26066245173532154,0.10000000000000009,-0.5,-0.5,8.333333333333334,8.333333333333334,7.935814666666663,13.19353288740935,14.15072333333335,0.1138201919270565,0.0,-0.5,-0.5,8.333333333333334,8.333333333333334
28,0.6000000000000001,False,0,2.3741927372545732,True,8.695108666666663,10.784817363046134,14.071219600000024,-0.09434461807413874,-0.19999999999999996,-0.6000000000000001,-0.6000000000000001,8.333333333333334,8.333333333333334,8.695108666666663,12.50794955444876,14.179752200000014,0.17525218306286794,-0.019999999999999574,-0.6000000000000001,-0.6000000000000001,8.333333333333334,8.333333333333334
28,0.7000000000000001,False,0,2.4789640215409756,True,8.695108666666663,11.086976281934351,14.470422533333345,-1.0062303841756899,-1.2699999999999982,-0.7000000000000001,-0.7000000000000001,8.333333333333334,8.333333333333334,8.695108666666663,15.204364367822986,15.121618133333339,0.025710819982792676,-0.009999999999999343,-0.7000000000000001,-0.7000000000000001,8.333333333333334,8.333333333333334
28,0.8,False,0,2.5837353058273784,True,8.695108666666663,11.551908215651633,15.770489466666678,-0.008100915810543174,-0.4000000000000008,-0.8,-0.8,8.333333333333334,8.333333333333334,9.454402666666663,13.430564294970214,15.951377133333335,0.2463484681821817,-2.220446049250313e-16,-0.8,-0.8,8.333333333333334,8.333333333333334
28,0.9,False,0,2.4789640215409756,True,8.695108666666663,10.432455678547246,14.64416153333335,-0.8224165419382152,-1.279999999999998,-0.9,-0.9,8.333333333333334,8.333333333333334,10.972990666666664,14.648021735822386,15.530293999999994,0.016141717255312216,-0.02000000000000024,-0.9,-0.9,8.333333333333334,8.333333333333334
28,1.0,False,0,2.5837353058273784,True,8.695108666666663,10.819295485734028,14.10274859999998,-1.8355680098329996,-1.7999999999999998,0.0,0.0,8.333333333333334,8.333333333333334,11.732284666666665,14.32625130206753,16.627593066666652,0.3433083552492904,0.0,-1.0,-1.0,8.333333333333334,8.333333333333334
28,1.1,False,0,2.5837353058273784,True,8.695108666666663,10.291332979812314,14.580205199999998,-1.7101428585853247,-1.8799999999999981,0.0,0.0,8.333333333333334,8.333333333333334,12.491578666666665,15.660913908884872,16.96748819999999,0.2590040746659539,-0.0499999999999996,-1.1,-1.1,8.333333333333334,8.333333333333334
28,1.2000000000000002,False,0,2.6885065901137812,True,8.695108666666663,10.697059613122928,13.978028599999984,-1.8159252032645363,-1.7999999999999998,0.0,0.0,8.333333333333334,8.333333333333334,12.491578666666665,17.768711086295152,17.800821533333323,-0.13080372535037577,-0.07999999999999963,-1.2000000000000002,-1.2000000000000002,8.333333333333334,8.333333333333334
28,1.3,False,0,2.7932778744001845,True,8.695108666666663,10.761262444045155,14.858696666666685,-1.7355478123002497,-1.8899999999999997,0.0,0.0,8.333333333333334,8.333333333333334,12.491578666666665,17.73974506416444,18.634154866666655,0.039491349771689555,-0.09000000000000008,-1.3,-1.3,8.333333333333334,8.333333333333334
28,1.4000000000000001,False,0,2.8980491586865864,True,8.695108666666663,11.222013820480083,14.736682599999948,-1.783223709778862,-1.8999999999999986,0.0,0.0,8.333333333333334,8.333333333333334,12.491578666666665,17.231811076739536,19.467488199999995,0.3819206360278482,-0.08000000000000007,-1.4000000000000001,-1.4000000000000001,8.333333333333334,8.333333333333334
28,1.5,False,0,2.6885065901137812,True,8.695108666666663,11.273009172613268,14.621641333333312,-1.6249157226742934,-1.7999999999999998,0.0,0.0,8.333333333333334,8.333333333333334,14.769166666666667,19.294427776667206,19.276083333333325,0.14265641576224697,-0.04999999999999982,-1.5,-1.5,8.333333333333334,8.333333333333334
28,1.6,False,0,2.8980491586865864,True,8.695108666666663,11.332768147488434,14.837632333333257,-1.7830534205741537,-1.879999999999999,0.0,0.0,8.333333333333334,8.333333333333334,13.250872666666666,16.50478488454172,19.883312733333327,0.5001109107046124,-0.1599999999999997,-1.6,-1.6,8.333333333333334,8.333333333333334
28,1.7000000000000002,False,0,2.7932778744001845,True,8.695108666666663,11.406213754074013,15.617990666666682,-1.7642332609722517,-1.8300000000000005,0.0,0.0,8.333333333333334,8.333333333333334,14.769166666666667,20.165249275155016,20.109416666666657,0.09072818449435194,-0.09999999999999964,-1.7000000000000002,-1.7000000000000002,8.333333333333334,8.333333333333334
29,0.0,False,0,4.0,False,16.666666666666668,-2.6237254015164835,-4.266666666666683,1.7332148136636878,1.6,0.0,0.0,8.333333333333334,8.333333333333334,,,,,,,,,
29,0.1,False,0,4.0,False,16.666666666666668,-2.6301400179722547,-4.266666666666683,1.0910818151858215,1.1999999999999997,-0.1,-0.1,8.333333333333334,8.333333333333334,16.666666666666668,98.05276620114542,96.56666666666634,0.22831163078974148,-0.00999999999999579,-0.1,-0.1,8.333333333333334,8.333333333333334
29,0.2,False,0,2.9000000000000026,True,8.695108666666663,-3.93970990810445,-2.25146706666668,0.4156743310632707,0.7200000000000002,-0.2,-0.2,8.333333333333334,8.333333333333334,1.861462666666664,18.20058872122193,18.960996000000005,-0.21569375698979365,-0.019999999999997353,-0.2,-0.2,8.333333333333334,8.333333333333334
29,0.30000000000000004,False,0,2.933333333333334,True,8.695108666666663,8.070771564110434,9.527306533333356,0.9631998365885139,0.73,-0.30000000000000004,-0.30000000000000004,8.333333333333334,8.333333333333334,6.4172266666666635,13.18433889998666,14.013855599999975,0.045897012457993824,-0.020000000000001572,-0.30000000000000004,-0.30000000000000004,8.333333333333334,8.333333333333334
29,0.4,False,0,2.5,True,8.695108666666663,10.080727836909741,13.657795666666676,0.7376752630096846,0.5999999999999996,-0.4,-0.4,8.333333333333334,8.333333333333334,7.176520666666663,11.69894596372016,15.16522646666667,0.08431207300073296,-6.661338147750939e-16,-0.4,-0.4,8.333333333333334,8.333333333333334
29,0.5,False,0,2.395146994111854,True,8.695108666666663,9.568291033217537,14.266915133333338,0.32924128032692446,0.30000000000000027,-0.5,-0.5,8.333333333333334,8.333333333333334,7.935814666666663,12.038933256242775,14.505426333333343,0.21789645418593784,0.0,-0.5,-0.5,8.333333333333334,8.333333333333334
29,0.6000000000000001,False,0,2.709460846971062,True,8.695108666666663,11.409394307618182,14.108083533333268,-1.7226748464271688,-1.8599999999999959,0.0,0.0,8.333333333333334,8.333333333333334,8.695108666666663,13.46280855802323,16.242558000000013,0.11234313564235388,-0.019999999999999574,-0.6000000000000001,-0.6000000000000001,8.333333333333334,8.333333333333334
29,0.7000000000000001,False,0,2.709460846971062,True,8.695108666666663,10.000929029548626,14.849505866666615,-1.835946074762693,-1.899999999999999,0.0,0.0,8.333333333333334,8.333333333333334,8.695108666666663,15.738099406200885,16.766915133333338,0.2746626965562422,-0.009999999999999343,-0.7000000000000001,-0.7000000000000001,8.333333333333334,8.333333333333334
29,0.8,False,0,2.709460846971062,True,8.695108666666663,10.985983581016523,14.683783933333341,-1.8275355757162184,-1.8799999999999994,-0.8,0.0,8.333333333333334,8.333333333333334,9.454402666666663,16.06942071804546,16.951377133333335,0.06333197839753857,-2.220446049250313e-16,-0.8,-0.8,8.333333333333334,8.333333333333334
29,0.9,False,0,2.709460846971062,True,8.695108666666663,11.06833435916285,14.351037466666671,-1.839142280778935,-1.8900000000000028,0.0,0.0,8.333333333333334,8.333333333333334,10.213696666666664,15.507242065224755,17.175590999999994,0.3207341626898521,-0.02000000000000024,-0.9,-0.9,8.333333333333334,8.333333333333334
29,1.0,False,0,2.709460846971062,True,8.695108666666663,11.425999613077654,14.832068400000015,-1.7484650152864134,-1.7999999999999998,0.0,0.0,8.333333333333334,8.333333333333334,11.732284666666665,14.925840961445235,17.627593066666652,0.24599703148213115,0.0,-1.0,-1.0,8.333333333333334,8.333333333333334
29,1.1,False,0,2.9190034155438678,True,8.695108666666663,10.647291311910873,15.808221800000016,-1.881037647224067,-1.8799999999999981,0.0,0.0,8.333333333333334,8.333333333333334,10.972990666666664,19.257626585105523,19.030293999999994,-0.014976503376818773,-0.0499999999999996,-1.1,-1.1,8.333333333333334,8.333333333333334
29,1.2000000000000002,False,0,2.8142321312574645,True,8.695108666666663,11.542771671735377,14.055718599999945,-1.8901179495935316,-1.7999999999999998,0.0,0.0,8.333333333333334,8.333333333333334,12.491578666666665,18.739494787820934,18.800821533333323,-0.04992919296851395,-0.07999999999999963,-1.2000000000000002,-1.2000000000000002,8.333333333333334,8.333333333333334
29,1.3,False,0,3.0237746998302697,True,8.695108666666663,11.556685501709051,15.11895860000001,-1.6969374886129496,-1.8899999999999997,0.0,0.0,8.333333333333334,8.333333333333334,11.732284666666665,20.234471323422582,20.127593066666655,-0.16111389429380618,-0.09000000000000008,-1.3,-1.3,8.333333333333334,8.333333333333334
29,1.4000000000000001,False,0,3.0237746998302697,True,8.695108666666663,11.39654538031834,13.874625133333279,-1.8009891220487795,-1.8999999999999986,0.0,0.0,8.333333333333334,8.333333333333334,12.491578666666665,18.853205393185267,20.467488199999995,0.1547502969154313,-0.08000000000000007,-1.4000000000000001,-1.4000000000000001,8.333333333333334,8.333333333333334
29,1.5,False,0,3.0237746998302697,True,8.695108666666663,11.236307894682863,14.540118066666647,-1.8311161004422505,-1.7999999999999998,0.0,0.0,8.333333333333334,8.333333333333334,13.250872666666666,19.17292954350299,20.883312733333327,0.3436464633973513,-0.04999999999999982,-1.5,-1.5,8.333333333333334,8.333333333333334
29,1.6,False,0,2.9190034155438678,True,8.695108666666663,10.888965795178212,14.357980333333348,-1.8489866357753855,-1.879999999999999,0.0,0.0,8.333333333333334,8.333333333333334,14.010166666666667,20.710127484418543,20.541733333333326,-0.03563115598536437,-0.1599999999999997,-1.6,-1.6,8.333333333333334,8.333333333333334
29,1.7000000000000002,False,0,3.128545984116673,True,8.695108666666663,10.819870086595312,14.46944726666663,-1.8571030778211828,-1.8300000000000005,0.0,0.0,8.333333333333334,8.333333333333334,13.250872666666666,20.752394123841068,21.71664606666666,0.0991345065992586,-0.09999999999999964,-1.7000000000000002,-1.7000000000000002,8.333333333333334,8.333333333333334
30,0.0,False,0,4.0,False,16.666666666666668,-4.266278543018646,-4.16666666666666,1.7262286329871035,1.6,0.0,0.0,8.333333333333334,8.333333333333334,,,,,,,,,
30,0.1,False,0,4.0,True,16.666666666666668,-2.444194013233715,-4.16666666666666,0.9382094377839088,1.19,-0.1,-0.1,8.333333333333334,8.333333333333334,16.666666666666668,98.953395449036,95.56666666666634,-0.04628535981016446,-0.00999999999999579,-0.1,-0.1,8.333333333333334,8.333333333333334
30,0.2,False,0,2.7000000000000024,True,8.695108666666663,-3.647929230505386,-2.1209779333333385,0.8838822534106838,0.6800000000000002,-0.2,-0.2,8.333333333333334,8.333333333333334,2.620756666666664,13.658731983664378,15.443299600000213,-0.0429636692191131,-0.019999999999997353,-0.2,-0.2,8.333333333333334,8.333333333333334
30,0.30000000000000004,False,0,2.5383102670686504,True,8.695108666666663,5.712337488192905,8.027306533333341,0.9299913275134646,0.6400000000000001,-0.30000000000000004,-0.30000000000000004,8.333333333333334,8.333333333333334,5.657932666666664,11.576425434897597,13.305752799999961,0.16392030654831213,-0.020000000000001572,-0.30000000000000004,-0.30000000000000004,8.333333333333334,8.333333333333334
30,0.4,False,0,2.4,True,8.695108666666663,11.411555853113558,13.873289866666678,0.6799271656523072,0.5999999999999996,-0.4,-0.4,8.333333333333334,8.333333333333334,7.935814666666663,13.74331154129467,14.469567866666676,0.02746350622799376,-6.661338147750939e-16,-0.4,-0.4,8.333333333333334,8.333333333333334
30,0.5,False,0,2.730415103828342,True,8.695108666666663,11.230954320872737,13.902686066666629,-1.8198035601348002,-1.9,-0.5,-0.5,8.333333333333334,8.333333333333334,9.454402666666663,14.359201275807695,15.733008733333353,0.15089123957205652,0.0,-0.5,-0.5,8.333333333333334,8.333333333333334
30,0.6000000000000001,False,0,2.5208725352555374,True,8.695108666666663,9.617624070258731,14.507186933333333,-0.6425532242100267,-1.2200000000000024,-0.6000000000000001,-0.6000000000000001,8.333333333333334,8.333333333333334,8.695108666666663,15.196385448123753,15.230737600000008,0.18038851709566517,-0.019999999999999574,-0.6000000000000001,-0.6000000000000001,8.333333333333334,8.333333333333334
30,0.7000000000000001,False,0,2.62564381954194,True,8.695108666666663,11.532968731735625,14.714779199999999,-1.6849152096532152,-1.899999999999999,0.0,0.0,8.333333333333334,8.333333333333334,9.454402666666663,15.759090723544741,16.09667413333334,0.12839823048663535,-0.009999999999999343,-0.7000000000000001,-0.7000000000000001,8.333333333333334,8.333333333333334
30,0.8,False,0,2.8351863881147454,True,8.695108666666663,10.896523002370724,15.017856799999944,-1.822845085146805,-1.8799999999999994,0.0,0.0,8.333333333333334,8.333333333333334,10.213696666666664,16.18554675312144,17.799518333333335,0.21850277671883456,-2.220446049250313e-16,-0.8,-0.8,8.333333333333334,8.333333333333334
30,0.9,False,0,2.939957672401148,True,8.695108666666663,10.643125942988828,15.066875799999988,-1.8973836960086707,-1.8900000000000028,0.0,0.0,8.333333333333334,8.333333333333334,10.972990666666664,16.848142537520165,18.669029199999994,-0.12453359966759159,-0.02000000000000024,-0.9,-0.9,8.333333333333334,8.333333333333334
30,1.0,False,0,2.8351863881147454,True,8.695108666666663,10.138442262862807,14.323769199999955,-1.7303332414154167,-1.7999999999999998,0.0,0.0,8.333333333333334,8.333333333333334,11.732284666666665,17.64766153884487,18.627593066666652,0.009724093982002913,0.0,-1.0,-1.0,8.333333333333334,8.333333333333334
30,1.1,False,0,2.8351863881147454,True,8.695108666666663,11.384438377278496,14.851700666666627,-1.822167798745419,-1.8799999999999981,0.0,0.0,8.333333333333334,8.333333333333334,12.491578666666665,15.706193044668815,18.96748819999999,0.41839165942003165,-0.0499999999999996,-1.1,-1.1,8.333333333333334,8.333333333333334
30,1.2000000000000002,False,0,2.939957672401148,True,8.695108666666663,10.578061019432862,14.755141133333236,-1.6981478454438164,-1.7999999999999998,0.0,0.0,8.333333333333334,8.333333333333334,12.491578666666665,18.924473482585224,19.800821533333323,-0.03298849036201501,-0.07999999999999963,-1.2000000000000002,-1.2000000000000002,8.333333333333334,8.333333333333334
30,1.3,False,0,3.044728956687551,True,8.695108666666663,11.144395842546029,14.511599733333295,-1.8597227310623494,-1.8899999999999997,0.0,0.0,8.333333333333334,8.333333333333334,12.491578666666665,19.67758924879626,20.634154866666655,0.2998324018443834,-0.09000000000000008,-1.3,-1.3,8.333333333333334,8.333333333333334
30,1.4000000000000001,False,0,3.044728956687551,True,8.695108666666663,10.6646656861714,14.196724933333282,-1.734360262538024,-1.8999999999999986,0.0,0.0,8.333333333333334,8.333333333333334,13.250872666666666,20.0923058960843,21.049979399999994,-0.20341059894243774,-0.08000000000000007,-1.4000000000000001,-1.4000000000000001,8.333333333333334,8.333333333333334
30,1.5,False,0,2.8351863881147454,True,8.695108666666663,9.733669277474629,13.762800333333242,-1.7715236069554612,-1.7999999999999998,0.0,0.0,8.333333333333334,8.333333333333334,15.401666666666667,19.602445442501644,21.086333333333325,0.5197190348609095,-0.04999999999999982,-1.5,-1.5,8.333333333333334,8.333333333333334
30,1.6,False,0,3.250866148128592,True,8.695108666666663,11.19108609002846,14.48907953333325,-1.694776803759181,-1.879999999999999,0.0,0.0,8.333333333333334,8.333333333333334,12.491578666666665,20.659647726558987,22.300821533333327,0.48053515422553694,-0.1599999999999997,-1.6,-1.6,8.333333333333334,8.333333333333334
30,1.7000000000000002,False,0,3.1493247497004524,True,8.695108666666663,10.870893630000577,15.131007999999905,-1.7162336851011255,-1.8300000000000005,0.0,0.0,8.333333333333334,8.333333333333334,14.010166666666667,19.82535426606655,22.375066666666658,0.45760216688944144,-0.09999999999999964,-1.7000000000000002,-1.7000000000000002,8.333333333333334,8.333333333333334
31,0.0,False,0,4.0,False,16.666666666666668,-3.469312505835549,-4.000000000000003,1.7568713353063292,1.6,0.0,0.0,8.333333333333334,8.333333333333334,,,,,,,,,
31,0.1,False,0,4.0,True,16.666666666666668,-4.0370027722163,-4.000000000000003,1.2722382025153252,1.1800000000000002,-0.1,-0.1,8.333333333333334,8.333333333333334,16.666666666666668,95.14791170647088,94.56666666666634,0.03811139110102202,-0.00999999999999579,-0.1,-0.1,8.333333333333334,8.333333333333334
31,0.2,False,0,2.200000000000004,True,8.695108666666663,-3.090193941935186,-3.0913622000000087,0.4381500385581347,0.6400000000000001,-0.2,-0.2,8.333333333333334,8.333333333333334,1.102168666666664,14.122820833579748,16.139787800000146,-0.027509243536858907,-0.019999999999997353,-0.2,-0.2,8.333333333333334,8.333333333333334
31,0.30000000000000004,False,0,2.5333333333333337,True,8.695108666666663,6.571525367478981,8.193973200000013,0.8277734529674423,0.6099999999999999,-0.30000000000000004,-0.30000000000000004,8.333333333333334,8.333333333333334,6.4172266666666635,9.382162010262387,11.990008999999969,0.13432064142029976,-0.020000000000001572,-0.30000000000000004,-0.30000000000000004,8.333333333333334,8.333333333333334
31,0.4,False,0,2.4,True,8.695108666666663,11.255897686004875,13.846418866666685,0.6129274961548963,0.35999999999999943,-0.4,-0.4,8.333333333333334,8.333333333333334,7.935814666666663,13.16715521494935,14.204185666666678,0.1388774643845112,-6.661338147750939e-16,-0.4,-0.4,8.333333333333334,8.333333333333334
31,0.5,False,0,2.6465980763992207,True,8.695108666666663,9.254957505546908,14.248556133333292,-1.3575516055610302,-1.65,-0.5,-0.5,8.333333333333334,8.333333333333334,8.695108666666663,13.139203404901433,15.442414733333347,0.16807546637151205,0.0,-0.5,-0.5,8.333333333333334,8.333333333333334
31,0.6000000000000001,False,0,2.8561406449720255,True,8.695108666666663,10.565389722556656,14.121077666666562,-1.8435564036541359,-1.8599999999999959,0.0,0.0,8.333333333333334,8.333333333333334,9.454402666666663,15.431277912616562,16.913896400000016,-0.02207598713081893,-0.019999999999999574,-0.6000000000000001,-0.6000000000000001,8.333333333333334,8.333333333333334
31,0.7000000000000001,False,0,2.8561406449720255,True,8.695108666666663,10.847313550917175,14.208164266666582,-1.7192122690080522,-1.899999999999999,0.0,0.0,8.333333333333334,8.333333333333334,9.454402666666663,17.031493084819306,17.66604173333334,0.02789012375033173,-0.009999999999999343,-0.7000000000000001,-0.7000000000000001,8.333333333333334,8.333333333333334
31,0.8,False,0,3.065683213544831,True,8.695108666666663,11.5455067244454,14.772501666666653,-1.8631811818535655,-1.8799999999999994,0.0,0.0,8.333333333333334,8.333333333333334,10.213696666666664,17.242728066735612,19.141097733333336,0.12440309565866547,-2.220446049250313e-16,-0.8,-0.8,8.333333333333334,8.333333333333334
31,0.9,False,0,2.9609119292584287,True,8.695108666666663,11.226608247305006,14.452368266666621,-1.6118960750549185,-1.8900000000000028,0.0,0.0,8.333333333333334,8.333333333333334,10.972990666666664,18.858915457951905,19.099661599999994,0.1346418090314696,-0.02000000000000024,-0.9,-0.9,8.333333333333334,8.333333333333334
31,1.0,False,0,3.065683213544831,True,8.695108666666663,10.781508236715336,14.812253533333301,-1.7405081351090015,-1.7999999999999998,0.0,0.0,8.333333333333334,8.333333333333334,10.972990666666664,18.43442452694845,20.19696066666665,0.21547991407409528,0.0,-1.0,-1.0,8.333333333333334,8.333333333333334
31,1.1,False,0,3.1696330293860804,True,8.695108666666663,10.002565901989112,15.052448999999978,-1.8539703432274426,-1.8799999999999981,0.0,0.0,8.333333333333334,8.333333333333334,11.732284666666665,18.34170212309933,20.95436459999999,0.441011990519681,-0.0499999999999996,-1.1,-1.1,8.333333333333334,8.333333333333334
31,1.2000000000000002,False,0,3.065683213544831,True,8.695108666666663,11.315183476878499,14.663100666666562,-1.8276537122563155,-1.7999999999999998,0.0,0.0,8.333333333333334,8.333333333333334,12.491578666666665,19.600216867406527,20.800821533333323,0.061298115748557924,-0.07999999999999963,-1.2000000000000002,-1.2000000000000002,8.333333333333334,8.333333333333334
31,1.3,False,0,3.065683213544831,True,8.695108666666663,11.517593818667418,15.542518666666634,-1.7402826511879712,-1.8899999999999997,0.0,0.0,8.333333333333334,8.333333333333334,13.250872666666666,20.255892538080865,21.216646066666655,0.05907082528442098,-0.09000000000000008,-1.3,-1.3,8.333333333333334,8.333333333333334
31,1.4000000000000001,False,0,3.1696330293860804,True,8.695108666666663,10.394952748806968,15.334720600000008,-1.8454652624294978,-1.8999999999999986,0.0,0.0,8.333333333333334,8.333333333333334,13.250872666666666,21.20369014588356,22.049979399999994,0.025296852413181803,-0.08000000000000007,-1.4000000000000001,-1.4000000000000001,8.333333333333334,8.333333333333334
31,1.5,False,0,3.372715826242359,True,8.695108666666663,11.42396052291637,14.820880666666636,-1.7796070355536644,-1.7999999999999998,0.0,0.0,8.333333333333334,8.333333333333334,12.491578666666665,19.76328052843273,23.300821533333327,0.47547161408824845,-0.04999999999999982,-1.5,-1.5,8.333333333333334,8.333333333333334
31,1.6,False,0,3.271174427814219,True,8.695108666666663,10.301295025505137,15.093450933333255,-1.83339007127204,-1.879999999999999,0.0,0.0,8.333333333333334,8.333333333333334,13.250872666666666,21.21408928842162,22.883312733333327,0.2769440956346574,-0.1599999999999997,-1.6,-1.6,8.333333333333334,8.333333333333334
31,1.7000000000000002,False,0,3.271174427814219,True,8.695108666666663,9.956695701683511,14.182298133333244,-1.866064122737312,-1.8300000000000005,0.0,0.0,8.333333333333334,8.333333333333334,14.010166666666667,21.923650442760323,23.375066666666658,0.2671517349713901,-0.09999999999999964,-1.7000000000000002,-1.7000000000000002,8.333333333333334,8.333333333333334
32,0.0,False,0,4.0,False,16.666666666666668,-2.307272461344783,-3.9333333333333114,1.6132746999327288,1.6,0.0,0.0,8.333333333333334,8.333333333333334,,,,,,,,,
32,0.1,False,0,4.0,True,16.666666666666668,-4.04776625710102,-3.9333333333333114,1.3328555644167217,1.1600000000000001,-0.1,-0.1,8.333333333333334,8.333333333333334,16.666666666666668,93.45545249698255,93.56666666666634,0.042282447517207666,-0.00999999999999579,-0.1,-0.1,8.333333333333334,8.333333333333334
32,0.2,False,0,3.699999999999999,True,8.695108666666663,-1.056396456380969,0.8606398666666708,0.9683498749455923,0.7399999999999998,-0.2,-0.2,8.333333333333334,8.333333333333334,3.3800506666666643,17.39922494610833,18.01266720000002,0.03249423663395401,-0.019999999999997353,-0.2,-0.2,8.333333333333334,8.333333333333334
32,0.30000000000000004,False,0,2.933333333333334,True,8.695108666666663,10.611970482991435,11.693973200000027,0.8549283605217703,0.7000000000000002,-0.30000000000000004,-0.30000000000000004,8.333333333333334,8.333333333333334,7.176520666666663,13.527697453487672,14.318464799999983,0.19343794630511946,-0.020000000000001572,-0.30000000000000004,-0.30000000000000004,8.333333333333334,8.333333333333334
32,0.4,False,0,2.481164458918276,True,8.695108666666663,11.35869144486961,14.556998600000004,0.17504463604056264,0.03999999999999915,-0.4,-0.4,8.333333333333334,8.333333333333334,7.935814666666663,14.65388461103166,14.59675046666668,0.03159603368320152,-6.661338147750939e-16,-0.4,-0.4,8.333333333333334,8.333333333333334
32,0.5,False,0,2.6675523332565003,True,8.695108666666663,11.065388879734794,14.58896179999999,-1.1400328154073311,-1.25,-0.5,-0.5,8.333333333333334,8.333333333333334,9.454402666666663,15.476226947020681,15.645258933333348,-0.02968306326156278,0.0,-0.5,-0.5,8.333333333333334,8.333333333333334
32,0.6000000000000001,False,0,2.877094901829307,True,8.695108666666663,11.363565445688433,16.194430600000015,-0.5232165187505013,-0.9200000000000017,-0.6000000000000001,-0.6000000000000001,8.333333333333334,8.333333333333334,9.454402666666663,14.884307365608418,17.344528800000017,0.15648673590897477,-0.019999999999999574,-0.6000000000000001,-0.6000000000000001,8.333333333333334,8.333333333333334
32,0.7000000000000001,False,0,2.9818661861157088,True,8.695108666666663,11.263510271457147,14.206784733333262,-1.8382168308155535,-1.899999999999999,0.0,0.0,8.333333333333334,8.333333333333334,9.454402666666663,15.226319610721564,18.66604173333334,0.16193313624363048,-0.009999999999999343,-0.7000000000000001,-0.7000000000000001,8.333333333333334,8.333333333333334
32,0.8,False,0,2.9818661861157088,True,8.695108666666663,10.05959533589132,15.570373800000002,-1.859284899337686,-1.8799999999999994,0.0,0.0,8.333333333333334,8.333333333333334,10.972990666666664,17.96645725011935,19.002362533333336,0.25244841623426373,-2.220446049250313e-16,-0.8,-0.8,8.333333333333334,8.333333333333334
32,0.9,False,0,2.9818661861157088,True,8.695108666666663,10.818112441376453,14.984384599999952,-1.7192515673875837,-1.8900000000000028,0.0,0.0,8.333333333333334,8.333333333333334,10.972990666666664,17.777955864224065,19.530293999999994,0.42434460867077073,-0.02000000000000024,-0.9,-0.9,8.333333333333334,8.333333333333334
32,1.0,False,0,2.9818661861157088,True,8.695108666666663,10.202202448556331,15.436386666666646,-1.7280271349257084,-1.7999999999999998,0.0,0.0,8.333333333333334,8.333333333333334,12.491578666666665,18.346998134475527,20.134154866666655,0.17414629169145268,0.0,-1.0,-1.0,8.333333333333334,8.333333333333334
32,1.1,False,0,3.1899413090717084,True,8.695108666666663,11.539297561125547,14.151661333333191,-1.583820964412443,-1.8799999999999981,0.0,0.0,8.333333333333334,8.333333333333334,11.732284666666665,20.496523267784347,21.46092639999999,0.11697270430881712,-0.0499999999999996,-1.1,-1.1,8.333333333333334,8.333333333333334
32,1.2000000000000002,False,0,3.1899413090717084,True,8.695108666666663,9.74052183149416,14.68360133333324,-1.6377686548151598,-1.7999999999999998,0.0,0.0,8.333333333333334,8.333333333333334,12.491578666666665,21.0506903387022,21.800821533333323,-0.058732641145827325,-0.07999999999999963,-1.2000000000000002,-1.2000000000000002,8.333333333333334,8.333333333333334
32,1.3,False,0,3.1899413090717084,True,8.695108666666663,11.499743805636097,14.806865466666618,-1.6766706522773562,-1.8899999999999997,0.0,0.0,8.333333333333334,8.333333333333334,13.250872666666666,21.42859752450689,22.216646066666655,-0.1702123763581056,-0.09000000000000008,-1.3,-1.3,8.333333333333334,8.333333333333334
32,1.4000000000000001,False,0,3.2914827074998474,True,8.695108666666663,10.046440349504362,14.001920999999907,-1.7971705532569728,-1.8999999999999986,0.0,0.0,8.333333333333334,8.333333333333334,13.250872666666666,23.0900212955549,23.049979399999994,-0.09639632365406547,-0.08000000000000007,-1.4000000000000001,-1.4000000000000001,8.333333333333334,8.333333333333334
32,1.5,False,0,3.2914827074998474,True,8.695108666666663,10.400941829687593,15.470468333333312,-1.521779327654804,-1.7999999999999998,0.0,0.0,8.333333333333334,8.333333333333334,14.010166666666667,23.667364083608312,23.541733333333326,0.058566560321011485,-0.04999999999999982,-1.5,-1.5,8.333333333333334,8.333333333333334
32,1.6,False,0,3.393024105927986,True,8.695108666666663,10.650601582723649,14.908043599999953,-1.8013913402978194,-1.879999999999999,0.0,0.0,8.333333333333334,8.333333333333334,13.250872666666666,22.14769440260924,23.883312733333327,0.1463131951748844,-0.1599999999999997,-1.6,-1.6,8.333333333333334,8.333333333333334
32,1.7000000000000002,False,0,3.393024105927986,True,8.695108666666663,11.137321700855733,14.353789199999863,-1.7015176102769751,-1.8300000000000005,0.0,0.0,8.333333333333334,8.333333333333334,14.010166666666667,22.786674628825065,24.375066666666658,0.298032272011151,-0.09999999999999964,-1.7000000000000002,-1.7000000000000002,8.333333333333334,8.333333333333334
33,0.0,False,0,4.0,False,16.666666666666668,-1.3461295056002482,-4.099999999999983,1.6092836632198497,1.6,0.0,0.0,8.333333333333334,8.333333333333334,,,,,,,,,
33,0.1,False,0,4.0,True,16.666666666666668,-3.206039180737366,-4.099999999999983,0.9831368637398805,1.15,-0.1,-0.1,8.333333333333334,8.333333333333334,16.666666666666668,92.56579759057074,92.56666666666634,-0.11786391290757003,-0.00999999999999579,-0.1,-0.1,8.333333333333334,8.333333333333334
33,0.2,False,0,3.999999999999999,True,8.695108666666663,3.559086812989638,3.5273065333333493,0.9401299559430432,0.7799999999999998,-0.2,-0.2,8.333333333333334,8.333333333333334,4.1393446666666645,18.465341021170612,18.936532000000252,0.12557358974275834,-0.019999999999997353,-0.2,-0.2,8.333333333333334,8.333333333333334
33,0.30000000000000004,False,0,2.833333333333333,True,8.695108666666663,10.986428468492779,11.860639866666684,0.6379209194392179,0.6699999999999999,-0.30000000000000004,-0.30000000000000004,8.333333333333334,8.333333333333334,7.176520666666663,14.496915693676893,14.445379599999978,0.11333930525312663,-0.020000000000001572,-0.30000000000000004,-0.30000000000000004,8.333333333333334,8.333333333333334
33,0.4,False,0,2.5837353058273784,True,8.695108666666663,11.284220607605771,14.030393533333235,-1.3026062178762334,-1.4799999999999955,-0.4,-0.4,8.333333333333334,8.333333333333334,8.695108666666663,14.087567871617264,15.368962266666681,-0.25024501982055747,-6.661338147750939e-16,-0.4,-0.4,8.333333333333334,8.333333333333334
33,0.5,False,0,3.00282044297299,True,8.695108666666663,11.393730498894524,14.119774466666538,-1.6373636428122078,-1.85,0.0,0.0,8.333333333333334,8.333333333333334,9.454402666666663,17.436871364591024,17.404347133333356,0.012357755170111284,0.0,-0.5,-0.5,8.333333333333334,8.333333333333334
33,0.6000000000000001,False,0,3.2102495887573355,True,8.695108666666663,10.933482277453077,15.085639066666612,-1.875065397900284,-1.8599999999999959,0.0,0.0,8.333333333333334,8.333333333333334,10.213696666666664,17.7311913753075,19.483264000000016,0.08957087213093651,-0.019999999999999574,-0.6000000000000001,-0.6000000000000001,8.333333333333334,8.333333333333334
33,0.7000000000000001,False,0,3.2102495887573355,True,8.695108666666663,10.782637202772104,14.991837999999998,-1.6229011913544733,-1.899999999999999,0.0,0.0,8.333333333333334,8.333333333333334,10.972990666666664,19.00655878381284,19.779832933333342,0.21529608696099034,-0.009999999999999343,-0.7000000000000001,-0.7000000000000001,8.333333333333334,8.333333333333334
33,0.8,False,0,3.2102495887573355,True,8.695108666666663,10.694970154287258,14.0909739999999,-1.771848318234076,-1.8799999999999994,0.0,0.0,8.333333333333334,8.333333333333334,10.972990666666664,19.51577420568862,20.49580073333333,0.035901651554249625,-2.220446049250313e-16,-0.8,-0.8,8.333333333333334,8.333333333333334
33,0.9,False,0,3.2102495887573355,True,8.695108666666663,11.50268455187533,14.672954666666552,-1.771472896666922,-1.8900000000000028,0.0,0.0,8.333333333333334,8.333333333333334,11.732284666666665,17.51670424905298,20.947802799999987,0.07864806851925432,-0.02000000000000024,-0.9,-0.9,8.333333333333334,8.333333333333334
33,1.0,False,0,3.00282044297299,True,8.695108666666663,11.495686847521892,14.80400746666663,-1.8948100232089427,-1.7999999999999998,0.0,0.0,8.333333333333334,8.333333333333334,13.250872666666666,18.82360025203717,20.71664606666666,0.18253442046688662,0.0,-1.0,-1.0,8.333333333333334,8.333333333333334
33,1.1,False,0,3.4133323856136144,True,8.695108666666663,11.201887450916924,13.873268799999831,-1.7305036019445277,-1.8799999999999981,0.0,0.0,8.333333333333334,8.333333333333334,11.732284666666665,21.4640936785069,22.95436459999999,0.20462941205108143,-0.0499999999999996,-1.1,-1.1,8.333333333333334,8.333333333333334
33,1.2000000000000002,False,0,3.4133323856136144,True,8.695108666666663,10.093289344762407,14.213598133333274,-1.666293389560503,-1.7999999999999998,0.0,0.0,8.333333333333334,8.333333333333334,11.732284666666665,21.45223708660966,23.294259733333323,0.04499884217339645,-0.07999999999999963,-1.2000000000000002,-1.2000000000000002,8.333333333333334,8.333333333333334
33,1.3,False,0,3.3117909871854754,True,8.695108666666663,11.264196146154159,14.577263533333248,-1.5557772442049795,-1.8899999999999997,0.0,0.0,8.333333333333334,8.333333333333334,13.250872666666666,22.364493944766757,23.216646066666655,-0.22358326242182835,-0.09000000000000008,-1.3,-1.3,8.333333333333334,8.333333333333334
33,1.4000000000000001,False,0,3.3117909871854754,True,8.695108666666663,10.92575573204753,14.841229266666584,-1.8320216887355585,-1.8999999999999986,0.0,0.0,8.333333333333334,8.333333333333334,14.010166666666667,19.52926601802842,23.708399999999994,0.8012272542141017,-0.08000000000000007,-1.4000000000000001,-1.4000000000000001,8.333333333333334,8.333333333333334
33,1.5,False,0,3.4133323856136144,True,8.695108666666663,11.217927255010576,14.6329969999999,-1.8503101100838002,-1.7999999999999998,0.0,0.0,8.333333333333334,8.333333333333334,14.010166666666667,23.471698766972537,24.541733333333326,0.280625465297772,-0.04999999999999982,-1.5,-1.5,8.333333333333334,8.333333333333334
33,1.6,False,0,3.514873784041753,True,8.695108666666663,11.41071091255554,14.714619199999913,-1.8341537939763481,-1.879999999999999,0.0,0.0,8.333333333333334,8.333333333333334,13.250872666666666,24.191898322080988,24.883312733333327,0.07195585419020278,-0.1599999999999997,-1.6,-1.6,8.333333333333334,8.333333333333334
33,1.7000000000000002,False,0,3.6164151824698925,True,8.695108666666663,11.559890662575906,14.108434066666558,-1.685727794762022,-1.8300000000000005,0.0,0.0,8.333333333333334,8.333333333333334,13.250872666666666,24.838174795101676,25.71664606666666,0.09680019296634446,-0.09999999999999964,-1.7000000000000002,-1.7000000000000002,8.333333333333334,8.333333333333334
34,0.0,False,0,4.0,False,16.666666666666668,-3.532154543717854,-4.26666666666664,1.6667142677753302,1.6,0.0,0.0,8.333333333333334,8.333333333333334,,,,,,,,,
34,0.1,False,0,4.0,True,16.666666666666668,-3.3023374051867505,-4.26666666666664,1.0056767564810896,1.1400000000000001,-0.1,-0.1,8.333333333333334,8.333333333333334,16.666666666666668,92.4524955267472,91.56666666666634,0.33795962720003603,-0.00999999999999579,-0.1,-0.1,8.333333333333334,8.333333333333334
34,0.2,False,0,3.5101154860383126,True,8.695108666666663,-0.4263015642660859,1.2698731999999895,0.5835778418982014,0.7000000000000002,-0.2,-0.2,8.333333333333334,8.333333333333334,4.1393446666666645,15.218012129903965,15.229291400000232,0.021051734579069947,-0.019999999999997353,-0.2,-0.2,8.333333333333334,8.333333333333334
34,0.30000000000000004,False,0,2.8910081044598344,True,8.695108666666663,10.452707218222411,12.824462333333347,0.5315778180123636,0.6400000000000001,-0.30000000000000004,-0.30000000000000004,8.333333333333334,8.333333333333334,7.176520666666663,12.662342747755186,14.913873799999973,-0.31662387517080814,-0.020000000000001572,-0.30000000000000004,-0.30000000000000004,8.333333333333334,8.333333333333334
34,0.4,False,0,2.8142321312574645,True,8.695108666666663,11.372055721574622,15.328646733333269,-0.9229942466298631,-1.3599999999999959,-0.4,-0.4,8.333333333333334,8.333333333333334,8.695108666666663,14.996053999573729,16.558682866666683,0.08106997674485106,-6.661338147750939e-16,-0.4,-0.4,8.333333333333334,8.333333333333334
34,0.5,False,0,3.0237746998302706,True,8.695108666666663,11.168608886547243,14.572721266666587,-1.8230894719209139,-1.85,0.0,0.0,8.333333333333334,8.333333333333334,9.454402666666663,17.060249187112102,17.98683833333335,0.14478370579575683,0.0,-0.5,-0.5,8.333333333333334,8.333333333333334
34,0.6000000000000001,False,0,3.1285459841166734,True,8.695108666666663,11.384097114332203,14.791470733333295,-1.816496281440267,-1.8599999999999959,0.0,0.0,8.333333333333334,8.333333333333334,10.213696666666664,18.41794840465479,19.116740600000018,-0.11849220198625643,-0.019999999999999574,-0.6000000000000001,-0.6000000000000001,8.333333333333334,8.333333333333334
34,0.7000000000000001,False,0,3.230557868442964,True,8.695108666666663,11.110425004840305,14.300966866666538,-1.884807423665424,-1.899999999999999,0.0,0.0,8.333333333333334,8.333333333333334,10.972990666666664,18.458020598256045,20.134535933333336,0.04634036779598261,-0.009999999999999343,-0.7000000000000001,-0.7000000000000001,8.333333333333334,8.333333333333334
34,0.8,False,0,3.3320992668711025,True,8.695108666666663,11.236991628095748,13.666187066666549,-1.7978336590180388,-1.8799999999999994,0.0,0.0,8.333333333333334,8.333333333333334,10.972990666666664,21.39287522309294,21.41987133333333,0.28752075967214497,-2.220446049250313e-16,-0.8,-0.8,8.333333333333334,8.333333333333334
34,0.9,False,0,3.433640665299242,True,8.695108666666663,11.55903385560185,14.086835999999831,-1.761686069515952,-1.8900000000000028,0.0,0.0,8.333333333333334,8.333333333333334,10.972990666666664,21.593360464023977,22.517170399999987,-0.07678559480321812,-0.02000000000000024,-0.9,-0.9,8.333333333333334,8.333333333333334
34,1.0,False,0,3.3320992668711025,True,8.695108666666663,11.471307984725481,14.885065999999906,-1.555483183029184,-1.7999999999999998,0.0,0.0,8.333333333333334,8.333333333333334,11.732284666666665,22.903265153577525,22.627593066666652,0.044738499223533124,0.0,-1.0,-1.0,8.333333333333334,8.333333333333334
34,1.1,False,0,3.63672346215552,True,8.695108666666663,11.531279178339044,15.682450199999987,-1.6772858960164563,-1.8799999999999981,0.0,0.0,8.333333333333334,8.333333333333334,11.732284666666665,23.29790733831232,24.220014599999992,0.3321387009577115,-0.0499999999999996,-1.1,-1.1,8.333333333333334,8.333333333333334
34,1.2000000000000002,False,0,3.433640665299242,True,8.695108666666663,11.095767287223222,14.333364266666646,-1.7247677066311264,-1.7999999999999998,0.0,0.0,8.333333333333334,8.333333333333334,12.491578666666665,22.24713412303372,23.800821533333323,0.13550546745801206,-0.07999999999999963,-1.2000000000000002,-1.2000000000000002,8.333333333333334,8.333333333333334
34,1.3,False,0,3.63672346215552,True,8.695108666666663,10.686788113560976,14.444396999999736,-1.7564679934831573,-1.8899999999999997,0.0,0.0,8.333333333333334,8.333333333333334,13.250872666666666,23.936306047021155,24.899804866666656,-0.19466194889181532,-0.09000000000000008,-1.3,-1.3,8.333333333333334,8.333333333333334
34,1.4000000000000001,False,0,3.63672346215552,True,8.695108666666663,11.560276651801995,14.112084733333187,-1.8562419088622166,-1.8999999999999986,0.0,0.0,8.333333333333334,8.333333333333334,12.491578666666665,23.95699431335333,25.467488199999995,-0.01932905244976002,-0.08000000000000007,-1.4000000000000001,-1.4000000000000001,8.333333333333334,8.333333333333334
34,1.5,False,0,3.5351820637273814,True,8.695108666666663,10.731750422202321,15.065747866666566,-1.7036688748166653,-1.7999999999999998,0.0,0.0,8.333333333333334,8.333333333333334,14.010166666666667,23.078390748360015,25.541733333333326,0.3818869215334346,-0.04999999999999982,-1.5,-1.5,8.333333333333334,8.333333333333334
34,1.6,False,0,3.5351820637273814,True,8.695108666666663,10.48391243843896,15.546344599999895,-1.8152217348191837,-1.879999999999999,0.0,0.0,8.333333333333334,8.333333333333334,14.010166666666667,24.8820263817371,25.541733333333326,0.456497452389824,-0.1599999999999997,-1.6,-1.6,8.333333333333334,8.333333333333334
34,1.7000000000000002,False,0,3.63672346215552,True,8.695108666666663,11.158544873157137,14.470285733333181,-1.84932140134036,-1.8300000000000005,0.0,0.0,8.333333333333334,8.333333333333334,14.010166666666667,25.564961457478855,26.375066666666658,0.016952857481632222,-0.09999999999999964,-1.7000000000000002,-1.7000000000000002,8.333333333333334,8.333333333333334
35,0.0,False,0,4.0,False,16.666666666666668,-3.716648237911218,-4.1666666666667025,1.7456975057828417,1.6,0.0,0.0,8.333333333333334,8.333333333333334,,,,,,,,,
35,0.1,False,0,4.0,True,16.666666666666668,-3.489838641033219,-4.1666666666667025,1.1639281521046811,1.1300000000000003,-0.1,-0.1,8.333333333333334,8.333333333333334,16.666666666666668,91.35208787304994,90.56666666666634,0.005555903586288435,-0.00999999999999579,-0.1,-0.1,8.333333333333334,8.333333333333334
35,0.2,False,0,3.699999999999999,True,8.695108666666663,2.4221155523241835,3.0399565333333216,0.7981919361748369,0.7200000000000002,-0.2,-0.2,8.333333333333334,8.333333333333334,4.1393446666666645,17.376721630540583,17.418773600000247,0.0753078235965432,-0.019999999999997353,-0.2,-0.2,8.333333333333334,8.333333333333334
35,0.30000000000000004,False,0,2.733333333333334,True,8.695108666666663,9.94114137323999,12.19397320000002,0.49173087351130107,0.6099999999999999,-0.30000000000000004,-0.30000000000000004,8.333333333333334,8.333333333333334,7.176520666666663,13.27887057884767,14.243632799999954,0.08460646934562388,-0.020000000000001572,-0.30000000000000004,-0.30000000000000004,8.333333333333334,8.333333333333334
35,0.4,False,0,3.0447289566875506,True,8.695108666666663,10.108595247276963,14.31240619999988,-1.6560389531530118,-1.880000000000006,-0.4,0.0,8.333333333333334,8.333333333333334,9.454402666666663,16.825767701881684,16.989109466666687,0.03003418019783033,-6.661338147750939e-16,-0.4,-0.4,8.333333333333334,8.333333333333334
35,0.5,False,0,3.352407546556731,True,8.695108666666663,11.44442669340695,13.890043066666362,-1.6712785853463012,-1.85,0.0,0.0,8.333333333333334,8.333333333333334,10.213696666666664,18.735644667858413,18.758844333333347,0.019509713074943313,0.0,-0.5,-0.5,8.333333333333334,8.333333333333334
35,0.6000000000000001,False,0,3.2508661481285914,True,8.695108666666663,11.531167985041929,15.610583066666575,-1.8268506982157067,-1.8599999999999959,0.0,0.0,8.333333333333334,8.333333333333334,10.213696666666664,17.145845116426738,19.737093600000012,0.13299924999521995,-0.019999999999999574,-0.6000000000000001,-0.6000000000000001,8.333333333333334,8.333333333333334
35,0.7000000000000001,False,0,3.4539489449848695,True,8.695108666666663,10.804058167050822,15.082445799999928,-1.8177551750109153,-1.899999999999999,0.0,0.0,8.333333333333334,8.333333333333334,11.732284666666665,21.23954986301732,21.248327133333323,-0.06546928862939905,-0.009999999999999343,-0.7000000000000001,-0.7000000000000001,8.333333333333334,8.333333333333334
35,0.8,False,0,3.4539489449848695,True,8.695108666666663,11.535577895017592,13.826955133333154,-1.7492576335808623,-1.8799999999999994,0.0,0.0,8.333333333333334,8.333333333333334,11.732284666666665,22.190396649795364,22.192083133333323,0.1537632605505319,-2.220446049250313e-16,-0.8,-0.8,8.333333333333334,8.333333333333334
35,0.9,False,0,3.4539489449848695,True,8.695108666666663,11.319666941993727,14.525485466666662,-1.7071008068555926,-1.8900000000000028,0.0,0.0,8.333333333333334,8.333333333333334,11.732284666666665,22.802249444785733,22.947802799999987,0.02408464879759098,-0.02000000000000024,-0.9,-0.9,8.333333333333334,8.333333333333334
35,1.0,False,0,3.555490343413009,True,8.695108666666663,11.556314541540669,14.82016433333332,-1.5909503426597005,-1.7999999999999998,0.0,0.0,8.333333333333334,8.333333333333334,12.491578666666665,19.840514608958213,23.969172466666652,0.45695858891738883,0.0,-1.0,-1.0,8.333333333333334,8.333333333333334
35,1.1,False,0,3.6570317418411484,True,8.695108666666663,9.629965432110108,15.545399266666632,-1.8768515771058463,-1.8799999999999981,0.0,0.0,8.333333333333334,8.333333333333334,12.491578666666665,23.699348231572287,24.80250579999999,-0.18683560525715226,-0.0499999999999996,-1.1,-1.1,8.333333333333334,8.333333333333334
35,1.2000000000000002,False,0,3.555490343413009,True,8.695108666666663,11.170011139933305,14.262769799999912,-1.794225349467897,-1.7999999999999998,0.0,0.0,8.333333333333334,8.333333333333334,12.491578666666665,24.68360021308605,24.800821533333323,0.023744345247615817,-0.07999999999999963,-1.2000000000000002,-1.2000000000000002,8.333333333333334,8.333333333333334
35,1.3,False,0,3.555490343413009,True,8.695108666666663,9.768574907853118,15.63394173333327,-1.899638739623194,-1.8899999999999997,0.0,0.0,8.333333333333334,8.333333333333334,13.250872666666666,24.583456612744918,25.216646066666655,-0.3062781990314072,-0.09000000000000008,-1.3,-1.3,8.333333333333334,8.333333333333334
35,1.4000000000000001,False,0,3.6570317418411484,True,8.695108666666663,11.026428220101021,15.165318066666625,-1.8825152546941655,-1.8999999999999986,0.0,0.0,8.333333333333334,8.333333333333334,13.250872666666666,25.15114339223602,26.049979399999994,0.3020810761380823,-0.08000000000000007,-1.4000000000000001,-1.4000000000000001,8.333333333333334,8.333333333333334
35,1.5,False,0,3.758573140269287,True,8.695108666666663,10.70584104036254,14.924482599999916,-1.6407062292666115,-1.7999999999999998,0.0,0.0,8.333333333333334,8.333333333333334,13.250872666666666,27.05033577878371,26.883312733333327,-0.3843093265440609,-0.04999999999999982,-1.5,-1.5,8.333333333333334,8.333333333333334
35,1.6,False,0,3.555490343413009,True,8.695108666666663,11.249357058236225,14.700474533333203,-1.785938878442186,-1.879999999999999,0.0,0.0,8.333333333333334,8.333333333333334,14.769166666666667,22.907024131833808,26.276083333333325,0.27300974761580976,-0.1599999999999997,-1.6,-1.6,8.333333333333334,8.333333333333334
35,1.7000000000000002,False,0,3.6570317418411484,True,8.695108666666663,11.556809105261305,14.828563066666515,-1.6669887177075537,-1.8300000000000005,0.0,0.0,8.333333333333334,8.333333333333334,14.769166666666667,26.157650444255037,27.109416666666657,0.21481730089464346,-0.09999999999999964,-1.7000000000000002,-1.7000000000000002,8.333333333333334,8.333333333333334
36,0.0,False,0,4.0,False,16.666666666666668,-3.61669981842181,-4.000000000000031,1.7032720956078924,1.6,0.0,0.0,8.333333333333334,8.333333333333334,,,,,,,,,
36,0.1,False,0,4.0,True,16.666666666666668,-3.5105652050478424,-4.000000000000031,1.0206510865879697,1.12,-0.1,-0.1,8.333333333333334,8.333333333333334,16.666666666666668,91.53614302367042,89.56666666666634,-0.10463359409389783,-0.00999999999999579,-0.1,-0.1,8.333333333333334,8.333333333333334
36,0.2,False,0,3.600000000000001,True,8.695108666666663,2.4973048335466617,3.8898701999999874,0.7311611394534436,0.7000000000000002,-0.2,-0.2,8.333333333333334,8.333333333333334,4.898638666666664,14.921004003450303,15.495477000000019,0.0035951063499906066,-0.019999999999997353,-0.2,-0.2,8.333333333333334,8.333333333333334
36,0.30000000000000004,False,0,3.2333333333333334,True,8.695108666666663,11.033555990888043,14.458038466666547,-0.8735579773229234,-0.8600000000000034,-0.30000000000000004,-0.30000000000000004,8.333333333333334,8.333333333333334,8.695108666666663,14.521470347752707,15.471009399999982,0.038383540352000756,-0.020000000000001572,-0.30000000000000004,-0.30000000000000004,8.333333333333334,8.333333333333334
36,0.4,False,0,2.9609119292584287,True,8.695108666666663,11.121473095878965,14.451499866666463,-1.816694059283697,-1.880000000000006,0.0,0.0,8.333333333333334,8.333333333333334,8.695108666666663,16.44335225590517,17.381880066666685,0.10081484305167665,-6.661338147750939e-16,-0.4,-0.4,8.333333333333334,8.333333333333334
36,0.5,False,0,3.3727158262423584,True,8.695108666666663,11.339284630903162,15.410444199999969,-1.0643822480151748,-1.5499999999999998,-0.5,-0.5,8.333333333333334,8.333333333333334,10.213696666666664,18.80082454420643,19.037617933333348,-0.0018729422110841387,0.0,-0.5,-0.5,8.333333333333334,8.333333333333334
36,0.6000000000000001,False,0,3.5757986230986365,True,8.695108666666663,9.294335824912306,15.073483399999883,-1.7997246932611461,-1.8599999999999959,0.0,0.0,8.333333333333334,8.333333333333334,10.972990666666664,19.12879485831407,21.0406054,0.14521223374179915,-0.019999999999999574,-0.6000000000000001,-0.6000000000000001,8.333333333333334,8.333333333333334
36,0.7000000000000001,False,0,3.474257224670498,True,8.695108666666663,11.260219629096252,14.673846266666526,-1.765917997429408,-1.899999999999999,0.0,0.0,8.333333333333334,8.333333333333334,11.732284666666665,19.86956453793113,21.75488893333333,0.45404041527394856,-0.009999999999999343,-0.7000000000000001,-0.7000000000000001,8.333333333333334,8.333333333333334
36,0.8,False,0,3.5757986230986365,True,8.695108666666663,9.937860266289842,13.963137066666572,-1.6701351993451956,-1.8799999999999994,0.0,0.0,8.333333333333334,8.333333333333334,11.732284666666665,23.22747441430141,23.116153733333324,-0.07228557224359511,-2.220446049250313e-16,-0.8,-0.8,8.333333333333334,8.333333333333334
36,0.9,False,0,3.5757986230986365,True,8.695108666666663,10.647192354967,14.8997443999999,-1.899037760982094,-1.8900000000000028,0.0,0.0,8.333333333333334,8.333333333333334,11.732284666666665,23.075000425002326,23.947802799999987,0.24764588492120732,-0.02000000000000024,-0.9,-0.9,8.333333333333334,8.333333333333334
36,1.0,False,0,3.5757986230986365,True,8.695108666666663,10.227252952329206,14.346358399999854,-1.8762864332399023,-1.7999999999999998,0.0,0.0,8.333333333333334,8.333333333333334,12.491578666666665,22.77306412666709,24.475734266666652,0.3468055228996816,0.0,-1.0,-1.0,8.333333333333334,8.333333333333334
36,1.1,False,0,3.677340021526776,True,8.695108666666663,10.182605854470662,15.067584799999846,-1.8725735508904644,-1.8799999999999981,0.0,0.0,8.333333333333334,8.333333333333334,12.491578666666665,24.60385423525588,25.38499699999999,0.09232705351844306,-0.0499999999999996,-1.1,-1.1,8.333333333333334,8.333333333333334
36,1.2000000000000002,False,0,3.5757986230986365,True,8.695108666666663,11.337616451182921,14.697410733333239,-1.686178295050656,-1.7999999999999998,0.0,0.0,8.333333333333334,8.333333333333334,13.250872666666666,25.475081836717987,25.383312733333323,-0.06158842779804363,-0.07999999999999963,-1.2000000000000002,-1.2000000000000002,8.333333333333334,8.333333333333334
36,1.3,False,0,3.677340021526776,True,8.695108666666663,11.212217388687971,15.277935533333345,-1.4672080627421238,-1.8899999999999997,0.0,0.0,8.333333333333334,8.333333333333334,13.250872666666666,24.63693170102019,26.216646066666655,0.194849982798603,-0.09000000000000008,-1.3,-1.3,8.333333333333334,8.333333333333334
36,1.4000000000000001,False,0,3.5757986230986365,True,8.695108666666663,11.350798088395731,14.607184000000029,-1.713763986668743,-1.8999999999999986,0.0,0.0,8.333333333333334,8.333333333333334,14.769166666666667,24.184714633306474,26.442749999999993,0.5460048552316104,-0.08000000000000007,-1.4000000000000001,-1.4000000000000001,8.333333333333334,8.333333333333334
36,1.5,False,0,3.5757986230986365,True,8.695108666666663,11.14053688047792,14.339643933333317,-1.608236642184247,-1.7999999999999998,0.0,0.0,8.333333333333334,8.333333333333334,15.401666666666667,26.36865896692822,27.086333333333325,0.0881881236415274,-0.04999999999999982,-1.5,-1.5,8.333333333333334,8.333333333333334
36,1.6,False,0,3.677340021526776,True,8.695108666666663,10.208215093090654,15.989894799999885,-1.5701396291533345,-1.879999999999999,0.0,0.0,8.333333333333334,8.333333333333334,14.769166666666667,26.48923056090593,27.276083333333325,0.026064613437108974,-0.1599999999999997,-1.6,-1.6,8.333333333333334,8.333333333333334
36,1.7000000000000002,False,0,3.7788814199549154,True,8.695108666666663,11.53434325043676,15.029951399999884,-1.7428920612211116,-1.8300000000000005,0.0,0.0,8.333333333333334,8.333333333333334,14.769166666666667,24.639794602331666,28.109416666666657,0.4995698271849691,-0.09999999999999964,-1.7000000000000002,-1.7000000000000002,8.333333333333334,8.333333333333334
37,0.0,False,0,4.0,False,16.666666666666668,-1.0867234037036324,-3.933333333333283,1.5345552293210307,1.6,0.0,0.0,8.333333333333334,8.333333333333334,,,,,,,,,
37,0.1,False,0,4.0,True,16.666666666666668,-0.4717199800974923,-3.933333333333283,1.1784001115539642,1.1,-0.1,-0.1,8.333333333333334,8.333333333333334,16.666666666666668,89.70862582827543,88.56666666666634,0.3372532044936021,-0.00999999999999579,-0.1,-0.1,8.333333333333334,8.333333333333334
37,0.2,False,0,3.999999999999999,True,8.695108666666663,5.711230917834837,6.693973199999999,0.5557237708644425,0.7599999999999998,-0.2,-0.2,8.333333333333334,8.333333333333334,4.898638666666664,19.104659796413582,19.17812960000003,-0.29461877636211975,-0.019999999999997353,-0.2,-0.2,8.333333333333334,8.333333333333334
37,0.30000000000000004,False,0,3.033333333333335,True,8.695108666666663,11.473297683239846,15.676177866666674,0.6731401360105442,0.5799999999999996,-0.30000000000000004,-0.30000000000000004,8.333333333333334,8.333333333333334,7.935814666666663,14.703149415143425,16.471215199999985,-0.07476295481898299,-0.020000000000001572,-0.30000000000000004,-0.30000000000000004,8.333333333333334,8.333333333333334
37,0.4,False,0,3.1899413090717075,True,8.695108666666663,11.039572373008948,15.204818333333304,-1.066391856128674,-1.1199999999999966,-0.4,-0.4,8.333333333333334,8.333333333333334,9.454402666666663,16.175973572862492,17.66044786666669,-0.0028583274732751907,-6.661338147750939e-16,-0.4,-0.4,8.333333333333334,8.333333333333334
37,0.5,False,0,3.596106902784265,True,8.695108666666663,11.535356776283674,14.936432466666542,-1.7010251158099812,-1.85,0.0,0.0,8.333333333333334,8.333333333333334,10.972990666666664,19.889299467233062,19.99955033333335,-0.17266946049917586,0.0,-0.5,-0.5,8.333333333333334,8.333333333333334
37,0.6000000000000001,False,0,3.596106902784265,True,8.695108666666663,11.370739815480658,14.83548273333339,-1.8050582108086957,-1.8599999999999959,0.0,0.0,8.333333333333334,8.333333333333334,10.972990666666664,20.610765652605505,21.24344960000001,-0.07987262894423175,-0.019999999999999574,-0.6000000000000001,-0.6000000000000001,8.333333333333334,8.333333333333334
37,0.7000000000000001,False,0,3.4945655043561255,True,8.695108666666663,10.621771774117473,14.844521466666603,-1.7458523496080467,-1.899999999999999,0.0,0.0,8.333333333333334,8.333333333333334,11.732284666666665,21.18490889844959,22.18552133333333,0.027901430547661477,-0.009999999999999343,-0.7000000000000001,-0.7000000000000001,8.333333333333334,8.333333333333334
37,0.8,False,0,3.596106902784265,True,8.695108666666663,11.090571591640835,15.250873066666554,-1.8644060301135832,-1.8799999999999994,0.0,0.0,8.333333333333334,8.333333333333334,11.732284666666665,23.638166865459134,23.546786133333327,-0.18340691761014094,-2.220446049250313e-16,-0.8,-0.8,8.333333333333334,8.333333333333334
37,0.9,False,0,3.6976483012124035,True,8.695108666666663,11.199196723665917,14.456651599999812,-1.8520276682549528,-1.8900000000000028,0.0,0.0,8.333333333333334,8.333333333333334,11.732284666666665,23.285427022334193,24.72001459999999,0.19036091397719002,-0.02000000000000024,-0.9,-0.9,8.333333333333334,8.333333333333334
37,1.0,False,0,3.596106902784265,True,8.695108666666663,11.013596774488857,14.451392999999822,-1.727572910877922,-1.7999999999999998,0.0,0.0,8.333333333333334,8.333333333333334,12.491578666666665,24.044748960207023,25.134154866666655,-0.18202387942762188,0.0,-1.0,-1.0,8.333333333333334,8.333333333333334
37,1.1,False,0,3.596106902784265,True,8.695108666666663,11.297778534949781,15.240150066666555,-1.8568226494328246,-1.8799999999999981,0.0,0.0,8.333333333333334,8.333333333333334,13.250872666666666,23.718645575789356,25.549979399999994,0.21269301250036277,-0.0499999999999996,-1.1,-1.1,8.333333333333334,8.333333333333334
37,1.2000000000000002,False,0,3.6976483012124035,True,8.695108666666663,10.70692623641565,14.106033466666613,-1.774915805098494,-1.7999999999999998,0.0,0.0,8.333333333333334,8.333333333333334,13.250872666666666,25.246220177196474,26.383312733333323,0.2417140391082544,-0.07999999999999963,-1.2000000000000002,-1.2000000000000002,8.333333333333334,8.333333333333334
37,1.3,False,0,3.6976483012124035,True,8.695108666666663,11.012992198555619,15.093984066666646,-1.804185994508263,-1.8899999999999997,0.0,0.0,8.333333333333334,8.333333333333334,14.010166666666667,27.084480163057457,26.875066666666655,-0.1013727002518765,-0.09000000000000008,-1.3,-1.3,8.333333333333334,8.333333333333334
37,1.4000000000000001,False,0,3.6976483012124035,True,8.695108666666663,10.104945435703808,14.90193919999994,-1.8984858164854632,-1.8999999999999986,0.0,0.0,8.333333333333334,8.333333333333334,14.769166666666667,25.68511818122396,27.442749999999993,0.2537960543269415,-0.08000000000000007,-1.4000000000000001,-1.4000000000000001,8.333333333333334,8.333333333333334
37,1.5,False,0,3.799189699640543,True,8.695108666666663,11.37099780374086,14.860297266666617,-1.596007670446845,-1.7999999999999998,0.0,0.0,8.333333333333334,8.333333333333334,14.769166666666667,26.527598122964136,28.27608333333333,0.050879756204760485,-0.04999999999999982,-1.5,-1.5,8.333333333333334,8.333333333333334
37,1.6,False,0,3.6976483012124035,True,8.695108666666663,10.283284734031422,14.522292199999978,-1.6820757409884917,-1.879999999999999,0.0,0.0,8.333333333333334,8.333333333333334,15.401666666666667,24.764614070987538,28.086333333333325,0.6770914202507177,-0.1599999999999997,-1.6,-1.6,8.333333333333334,8.333333333333334
37,1.7000000000000002,False,0,3.799189699640543,True,8.695108666666663,9.54165336244952,14.885751799999976,-1.8497005797597343,-1.8300000000000005,0.0,0.0,8.333333333333334,8.333333333333334,15.401666666666667,28.102086611207124,28.919666666666654,0.11989994378190127,-0.09999999999999964,-1.7000000000000002,-1.7000000000000002,8.333333333333334,8.333333333333334
38,0.0,False,0,4.0,False,16.666666666666668,-3.2240677847975006,-4.09999999999994,1.685593954390146,1.6,0.0,0.0,8.333333333333334,8.333333333333334,,,,,,,,,
38,0.1,False,0,4.0,False,16.666666666666668,-2.9952851937791136,-4.09999999999994,0.9438739553742623,1.0900000000000003,-0.1,-0.1,8.333333333333334,8.333333333333334,16.666666666666668,88.56251475268296,87.56666666666634,-0.053155894985958074,-0.00999999999999579,-0.1,-0.1,8.333333333333334,8.333333333333334
38,0.2,False,0,3.799999999999999,True,8.695108666666663,6.100439200484797,6.027306533333328,0.8090448109369119,0.7200000000000002,-0.2,-0.2,8.333333333333334,8.333333333333334,5.657932666666664,13.680028007908003,15.47071260000028,-0.09916771177614137,-0.019999999999997353,-0.2,-0.2,8.333333333333334,8.333333333333334
38,0.30000000000000004,False,0,3.033333333333335,True,8.695108666666663,10.42924847403317,13.8730703333332,-0.7280971783617605,-0.8000000000000034,-0.30000000000000004,-0.30000000000000004,8.333333333333334,8.333333333333334,8.695108666666663,13.218250642156104,14.81368619999996,-0.08456937464870196,-0.020000000000001572,-0.30000000000000004,-0.30000000000000004,8.333333333333334,8.333333333333334
38,0.4,False,0,3.3117909871854745,True,8.695108666666663,11.402488284309225,13.96581979999986,-1.7802880575860551,-1.880000000000006,0.0,0.0,8.333333333333334,8.333333333333334,10.213696666666664,18.021095679302416,17.977083266666693,0.09348058815909255,-6.661338147750939e-16,-0.4,-0.4,8.333333333333334,8.333333333333334
38,0.5,False,0,3.514873784041754,True,8.695108666666663,11.005488125079463,15.083543199999934,-1.8759323364316023,-1.85,0.0,0.0,8.333333333333334,8.333333333333334,10.972990666666664,19.722657148573443,19.860815133333357,0.020495354454971082,0.0,-0.5,-0.5,8.333333333333334,8.333333333333334
38,0.6000000000000001,False,0,3.6164151824698925,True,8.695108666666663,10.96535966796564,15.399668066666646,-1.7718170679304337,-1.8599999999999959,0.0,0.0,8.333333333333334,8.333333333333334,10.972990666666664,17.79068105350687,21.901870200000015,0.26881268757872334,-0.019999999999999574,-0.6000000000000001,-0.6000000000000001,8.333333333333334,8.333333333333334
38,0.7000000000000001,False,0,3.514873784041754,True,8.695108666666663,11.401473272163923,14.725342199999925,-1.8899117447040756,-1.899999999999999,0.0,0.0,8.333333333333334,8.333333333333334,11.732284666666665,21.867444007139394,22.540224333333338,-0.23354043821642811,-0.009999999999999343,-0.7000000000000001,-0.7000000000000001,8.333333333333334,8.333333333333334
38,0.8,False,0,3.6164151824698925,True,8.695108666666663,10.192030085840482,15.25138359999995,-1.8432572408012284,-1.8799999999999994,0.0,0.0,8.333333333333334,8.333333333333334,11.732284666666665,22.664221629928758,24.20520673333333,-0.18563422909926497,-2.220446049250313e-16,-0.8,-0.8,8.333333333333334,8.333333333333334
38,0.9,False,0,3.717956580898032,True,8.695108666666663,8.262350993879704,14.72513639999995,-1.775077887115939,-1.8900000000000028,0.0,0.0,8.333333333333334,8.333333333333334,12.491578666666665,23.749994587914138,25.30250579999999,0.1644839994823477,-0.02000000000000024,-0.9,-0.9,8.333333333333334,8.333333333333334
38,1.0,False,0,3.8194979793261705,True,8.695108666666663,11.373704083462538,15.413759599999931,-1.617230459446933,-1.7999999999999998,0.0,0.0,8.333333333333334,8.333333333333334,13.250872666666666,25.111781143988413,26.399804866666653,0.12465411875996413,0.0,-1.0,-1.0,8.333333333333334,8.333333333333334
38,1.1,False,0,3.6164151824698925,True,8.695108666666663,10.694006143689062,15.79047226666665,-1.897194571317624,-1.8799999999999981,0.0,0.0,8.333333333333334,8.333333333333334,14.010166666666667,23.582891738262916,26.208399999999997,0.16478395285779035,-0.0499999999999996,-1.1,-1.1,8.333333333333334,8.333333333333334
38,1.2000000000000002,False,0,3.8194979793261705,True,8.695108666666663,11.281330854890793,15.471817333333245,-1.7249947272617718,-1.7999999999999998,0.0,0.0,8.333333333333334,8.333333333333334,13.250872666666666,27.399139527052366,27.383312733333323,-0.05464511180956122,-0.07999999999999963,-1.2000000000000002,-1.2000000000000002,8.333333333333334,8.333333333333334
38,1.3,False,0,3.717956580898032,True,8.695108666666663,11.035691470825324,15.350877466666613,-1.839453333240936,-1.8899999999999997,0.0,0.0,8.333333333333334,8.333333333333334,14.769166666666667,27.192631898705688,27.609416666666657,0.07403835769370337,-0.09000000000000008,-1.3,-1.3,8.333333333333334,8.333333333333334
38,1.4000000000000001,False,0,3.6164151824698925,True,8.695108666666663,10.77403500442146,13.901223466665964,-1.585395839585398,-1.8999999999999986,0.0,0.0,8.333333333333334,8.333333333333334,15.907666666666668,27.16362239318194,28.126500000000004,0.23035595184143842,-0.08000000000000007,-1.4000000000000001,-1.4000000000000001,8.333333333333334,8.333333333333334
38,1.5,False,0,3.717956580898032,True,8.695108666666663,10.507546731497921,13.892618933332994,-1.8341612444979103,-1.7999999999999998,0.0,0.0,8.333333333333334,8.333333333333334,15.907666666666668,28.752191334415894,28.959833333333332,-0.045020285381867975,-0.04999999999999982,-1.5,-1.5,8.333333333333334,8.333333333333334
38,1.6,False,0,3.717956580898032,True,8.695108666666663,10.651230952974498,13.183799799999615,-1.8790769593775252,-1.879999999999999,0.0,0.0,8.333333333333334,8.333333333333334,15.907666666666668,27.52681175467277,28.959833333333332,0.09481048394129576,-0.1599999999999997,-1.6,-1.6,8.333333333333334,8.333333333333334
38,1.7000000000000002,False,0,3.92103937775431,True,8.695108666666663,10.548287590786781,14.406481466666602,-1.6594137611311566,-1.8300000000000005,0.0,0.0,8.333333333333334,8.333333333333334,15.401666666666667,30.00217788036846,29.919666666666654,0.144348472953038,-0.09999999999999964,-1.7000000000000002,-1.7000000000000002,8.333333333333334,8.333333333333334
39,0.0,False,0,4.0,False,16.666666666666668,-3.264410279425337,-4.266666666666597,1.6209528780647413,1.6,0.0,0.0,8.333333333333334,8.333333333333334,,,,,,,,,
39,0.1,False,0,4.0,True,16.666666666666668,-3.443008606613719,-4.266666666666597,1.0177652721916552,1.0800000000000005,-0.1,-0.1,8.333333333333334,8.333333333333334,16.666666666666668,89.02050491736607,86.56666666666634,0.19570843777925262,-0.00999999999999579,-0.1,-0.1,8.333333333333334,8.333333333333334
39,0.2,False,0,3.899999999999999,True,8.695108666666663,6.540445862129428,7.444815333333321,0.8378118682124098,0.7200000000000002,-0.2,-0.2,8.333333333333334,8.333333333333334,5.657932666666664,16.151448624511357,16.888221400000273,0.02236863481231932,-0.019999999999997353,-0.2,-0.2,8.333333333333334,8.333333333333334
39,0.30000000000000004,False,0,3.2333333333333334,True,8.695108666666663,10.608483513362312,15.800638933333243,-0.20744633634972587,-0.4400000000000026,-0.30000000000000004,-0.30000000000000004,8.333333333333334,8.333333333333334,8.695108666666663,14.760446638354477,16.307124399999974,-0.2141399084407547,-0.020000000000001572,-0.30000000000000004,-0.30000000000000004,8.333333333333334,8.333333333333334
39,0.4,False,0,3.433640665299242,True,8.695108666666663,11.445894725607484,14.065824199999962,-1.8456157584603,-1.880000000000006,0.0,0.0,8.333333333333334,8.333333333333334,10.213696666666664,17.15108039841279,18.749295066666694,0.03002579131552041,-6.661338147750939e-16,-0.4,-0.4,8.333333333333334,8.333333333333334
39,0.5,False,0,3.636723462155521,True,8.695108666666663,11.448622378763783,14.788734866666612,-1.8302564651660713,-1.85,0.0,0.0,8.333333333333334,8.333333333333334,10.213696666666664,19.055136342914796,20.936744533333357,-0.06632934547279179,0.0,-0.5,-0.5,8.333333333333334,8.333333333333334
39,0.6000000000000001,False,0,3.7382648605836595,True,8.695108666666663,10.880328664010843,15.134322800000017,-1.7222019626599474,-1.8599999999999959,0.0,0.0,8.333333333333334,8.333333333333334,10.972990666666664,22.364709383949975,22.446293800000024,0.23381144566953305,-0.019999999999999574,-0.6000000000000001,-0.6000000000000001,8.333333333333334,8.333333333333334
39,0.7000000000000001,False,0,3.7382648605836595,True,8.695108666666663,11.523593697730288,15.021347466666466,-1.7159091241166637,-1.899999999999999,0.0,0.0,8.333333333333334,8.333333333333334,12.491578666666665,21.25243927615193,23.729944933333332,0.28538780763523075,-0.009999999999999343,-0.7000000000000001,-0.7000000000000001,8.333333333333334,8.333333333333334
39,0.8,False,0,3.5351820637273814,True,8.695108666666663,10.490670041036406,15.553927466666604,-1.7748041394716696,-1.8799999999999994,0.0,0.0,8.333333333333334,8.333333333333334,12.491578666666665,23.257116862878096,24.21833033333333,0.026874186302828784,-2.220446049250313e-16,-0.8,-0.8,8.333333333333334,8.333333333333334
39,0.9,False,0,3.839806259011799,True,8.695108666666663,10.066430355870349,15.034188933333251,-1.814507039811724,-1.8900000000000028,0.0,0.0,8.333333333333334,8.333333333333334,12.491578666666665,26.126116897302886,26.226576399999992,-0.0659420435670095,-0.02000000000000024,-0.9,-0.9,8.333333333333334,8.333333333333334
39,1.0,False,0,3.7382648605836595,True,8.695108666666663,11.441216158974893,15.676117399999892,-1.8898302819883608,-1.7999999999999998,0.0,0.0,8.333333333333334,8.333333333333334,13.250872666666666,25.037691189239307,26.71664606666666,0.10175905524628481,0.0,-1.0,-1.0,8.333333333333334,8.333333333333334
39,1.1,False,0,3.839806259011799,True,8.695108666666663,10.296174819885945,16.203027200000005,-1.6434026877468324,-1.8799999999999981,0.0,0.0,8.333333333333334,8.333333333333334,13.250872666666666,25.94756728402245,27.549979399999994,0.06722123039447703,-0.0499999999999996,-1.1,-1.1,8.333333333333334,8.333333333333334
39,1.2000000000000002,False,0,3.839806259011799,True,8.695108666666663,10.363583920774314,15.233816666666666,-1.6315549721976055,-1.7999999999999998,0.0,0.0,8.333333333333334,8.333333333333334,14.010166666666667,28.01552976619855,28.041733333333323,-0.28969808187283386,-0.07999999999999963,-1.2000000000000002,-1.2000000000000002,8.333333333333334,8.333333333333334
39,1.3,False,0,3.7382648605836595,True,8.695108666666663,10.513024436749145,13.92172413333294,-1.7905827884423153,-1.8899999999999997,0.0,0.0,8.333333333333334,8.333333333333334,15.401666666666667,28.364918202178277,28.41966666666666,0.0062793422311422376,-0.09000000000000008,-1.3,-1.3,8.333333333333334,8.333333333333334
39,1.4000000000000001,False,0,3.7382648605836595,True,8.695108666666663,10.580784856387421,14.124926199999916,-1.8285035530949658,-1.8999999999999986,0.0,0.0,8.333333333333334,8.333333333333334,15.907666666666668,28.344468367305065,29.126500000000004,0.16342067830698026,-0.08000000000000007,-1.4000000000000001,-1.4000000000000001,8.333333333333334,8.333333333333334
39,1.5,False,0,3.839806259011799,True,8.695108666666663,11.550907341924098,14.177519533333378,-1.4554473329196023,-1.7999999999999998,0.0,0.0,8.333333333333334,8.333333333333334,15.907666666666668,29.95532400861803,29.959833333333332,0.0283747934771148,-0.04999999999999982,-1.5,-1.5,8.333333333333334,8.333333333333334
39,1.6,False,0,3.7382648605836595,True,8.695108666666663,11.1024168839655,15.250004066666616,-1.7051796598447981,-1.879999999999999,0.0,0.0,8.333333333333334,8.333333333333334,16.287166666666668,28.265939373013534,29.883933333333328,-0.08860819264754238,-0.1599999999999997,-1.6,-1.6,8.333333333333334,8.333333333333334
39,1.7000000000000002,False,0,3.636723462155521,True,8.695108666666663,11.35659071515779,15.610095133333342,-1.7916086865834162,-1.8300000000000005,0.0,0.0,8.333333333333334,8.333333333333334,16.666666666666668,29.687791576199754,30.66666666666666,-0.0460998347961461,-0.09999999999999964,-1.7000000000000002,-1.7000000000000002,8.333333333333334,8.333333333333334
40,0.0,False,0,4.0,False,16.666666666666668,-3.545896802958455,-4.166666666666731,1.8679097839851644,1.6,0.0,0.0,8.333333333333334,8.333333333333334,,,,,,,,,
40,0.1,False,0,4.0,True,16.666666666666668,-0.3311203390907336,-4.166666666666731,1.3002437685593486,1.0700000000000003,-0.1,-0.1,8.333333333333334,8.333333333333334,16.666666666666668,86.35832741071046,85.56666666666634,0.02643331484013256,-0.00999999999999579,-0.1,-0.1,8.333333333333334,8.333333333333334
40,0.2,False,0,3.999999999999999,True,8.695108666666663,7.147492820645792,8.86063986666667,0.6847470741921815,0.7399999999999998,-0.2,-0.2,8.333333333333334,8.333333333333334,6.4172266666666635,13.315767930298431,15.762198200000025,0.007366324332547247,-0.019999999999997353,-0.2,-0.2,8.333333333333334,8.333333333333334
40,0.30000000000000004,False,0,3.133333333333334,True,8.695108666666663,11.308222068060896,15.439374133333214,-0.4146909799887315,-0.5300000000000029,-0.30000000000000004,-0.30000000000000004,8.333333333333334,8.333333333333334,8.695108666666663,16.06462932494328,16.054392199999963,-0.08175472826622743,-0.020000000000001572,-0.30000000000000004,-0.30000000000000004,8.333333333333334,8.333333333333334
40,0.4,False,0,3.555490343413009,True,8.695108666666663,10.843870790309506,14.302955866666718,-1.6698686522383652,-1.880000000000006,0.0,0.0,8.333333333333334,8.333333333333334,10.213696666666664,19.22458496941928,19.369648066666695,0.33140919025144866,-6.661338147750939e-16,-0.4,-0.4,8.333333333333334,8.333333333333334
40,0.5,False,0,3.6570317418411484,True,8.695108666666663,10.876322350398294,14.369846533333313,-1.7107987394704582,-1.85,0.0,0.0,8.333333333333334,8.333333333333334,10.972990666666664,20.156356941148562,21.13958873333336,0.029181745943671178,0.0,-0.5,-0.5,8.333333333333334,8.333333333333334
40,0.6000000000000001,False,0,3.6570317418411484,True,8.695108666666663,9.461746407010278,14.568605866666626,-1.7347178149341635,-1.8599999999999959,0.0,0.0,8.333333333333334,8.333333333333334,11.732284666666665,21.636724886338282,22.535346800000024,0.06646905909491307,-0.019999999999999574,-0.6000000000000001,-0.6000000000000001,8.333333333333334,8.333333333333334
40,0.7000000000000001,False,0,3.758573140269288,True,8.695108666666663,10.606428389441742,14.558698733333056,-1.8751959604603796,-1.899999999999999,0.0,0.0,8.333333333333334,8.333333333333334,12.491578666666665,23.209990354169758,24.23650673333334,0.1938301986421731,-0.009999999999999343,-0.7000000000000001,-0.7000000000000001,8.333333333333334,8.333333333333334
40,0.8,False,0,3.6570317418411484,True,8.695108666666663,10.993735288333664,15.121991866666672,-1.5500097412618796,-1.8799999999999994,0.0,0.0,8.333333333333334,8.333333333333334,12.491578666666665,25.307942791251794,25.14240093333333,-0.06876360886806965,-2.220446049250313e-16,-0.8,-0.8,8.333333333333334,8.333333333333334
40,0.9,False,0,3.6570317418411484,True,8.695108666666663,10.249515936847626,13.801294799999805,-1.7410368074660423,-1.8900000000000028,0.0,0.0,8.333333333333334,8.333333333333334,13.250872666666666,24.262380481935143,26.049979399999994,0.1049202902305959,-0.02000000000000024,-0.9,-0.9,8.333333333333334,8.333333333333334
40,1.0,False,0,3.758573140269288,True,8.695108666666663,9.264740795810962,14.284444199999964,-1.87276269963113,-1.7999999999999998,0.0,0.0,8.333333333333334,8.333333333333334,14.010166666666667,24.81460995554463,27.375066666666658,0.5109353456484222,0.0,-1.0,-1.0,8.333333333333334,8.333333333333334
40,1.1,False,0,3.555490343413009,True,8.695108666666663,11.540926587852436,15.673693600000004,-1.5912666507964208,-1.8799999999999981,0.0,0.0,8.333333333333334,8.333333333333334,15.907666666666668,26.8437779904547,27.626499999999997,-0.04568757329079687,-0.0499999999999996,-1.1,-1.1,8.333333333333334,8.333333333333334
40,1.2000000000000002,False,0,3.758573140269288,True,8.695108666666663,11.094424251187615,14.349650599999972,-1.861367965355519,-1.7999999999999998,0.0,0.0,8.333333333333334,8.333333333333334,15.401666666666667,28.49471539685288,28.586333333333325,-0.21148596093536365,-0.07999999999999963,-1.2000000000000002,-1.2000000000000002,8.333333333333334,8.333333333333334
40,1.3,False,0,3.758573140269288,True,8.695108666666663,10.919295539210463,14.143308399999977,-1.846989948249855,-1.8899999999999997,0.0,0.0,8.333333333333334,8.333333333333334,15.907666666666668,28.325575349384682,29.29316666666666,0.10163006772938576,-0.09000000000000008,-1.3,-1.3,8.333333333333334,8.333333333333334
40,1.4000000000000001,False,0,3.555490343413009,True,8.695108666666663,11.53305180336326,14.914399600000035,-1.8098878865811387,-1.8999999999999986,0.0,0.0,8.333333333333334,8.333333333333334,16.666666666666668,29.908267120558666,29.999999999999996,0.029828072226872893,-0.08000000000000007,-1.4000000000000001,-1.4000000000000001,8.333333333333334,8.333333333333334
40,1.5,False,0,3.758573140269288,True,8.695108666666663,10.588640065542815,15.073201266666711,-1.8981226066089176,-1.7999999999999998,0.0,0.0,8.333333333333334,8.333333333333334,16.540166666666668,30.12728315455419,30.845983333333333,-0.059565474703216825,-0.04999999999999982,-1.5,-1.5,8.333333333333334,8.333333333333334
40,1.6,False,0,3.6570317418411484,True,8.695108666666663,10.804500224030402,14.322511799999955,-1.7365295240367742,-1.879999999999999,0.0,0.0,8.333333333333334,8.333333333333334,16.666666666666668,30.03066488852289,30.833333333333325,-0.1421394455545968,-0.1599999999999997,-1.6,-1.6,8.333333333333334,8.333333333333334
40,1.7000000000000002,False,0,3.8601145386974265,True,8.695108666666663,11.411577252520441,13.855572399999925,-1.800269326896471,-1.8300000000000005,0.0,0.0,8.333333333333334,8.333333333333334,16.540166666666668,31.581649268080884,31.67931666666666,-0.1875532807168443,-0.09999999999999964,-1.7000000000000002,-1.7000000000000002,8.333333333333334,8.333333333333334
41,0.0,False,0,4.0,False,16.666666666666668,-3.626742951008853,-4.000000000000088,1.635183600855723,1.6,0.0,0.0,8.333333333333334,8.333333333333334,,,,,,,,,
41,0.1,False,0,4.0,True,16.666666666666668,-2.953230177078072,-4.000000000000088,1.0174452381571046,1.0600000000000005,-0.1,-0.1,8.333333333333334,8.333333333333334,16.666666666666668,85.22520630398371,84.56666666666634,0.2808095024288124,-0.00999999999999579,-0.1,-0.1,8.333333333333334,8.333333333333334
41,0.2,False,0,3.699999999999999,True,8.695108666666663,6.661765180530478,7.360639866666657,0.8405630251572678,0.6800000000000002,-0.2,-0.2,8.333333333333334,8.333333333333334,5.657932666666664,15.40000637003578,16.268965800000256,-0.059828567903395635,-0.019999999999997353,-0.2,-0.2,8.333333333333334,8.333333333333334
41,0.30000000000000004,False,0,3.124687573685451,True,8.695108666666663,10.783749904860198,14.936973533333198,-0.49793713533102757,-0.8000000000000034,-0.30000000000000004,-0.30000000000000004,8.333333333333334,8.333333333333334,8.695108666666663,14.092179309479686,15.877589399999959,-0.06006817791719721,-0.020000000000001572,-0.30000000000000004,-0.30000000000000004,8.333333333333334,8.333333333333334
41,0.4,False,0,3.5757986230986365,True,8.695108666666663,11.082633980093899,14.288734866666669,-1.8957300290080137,-1.880000000000006,0.0,0.0,8.333333333333334,8.333333333333334,10.213696666666664,18.355791947320622,19.268774666666697,0.046535689306426375,-6.661338147750939e-16,-0.4,-0.4,8.333333333333334,8.333333333333334
41,0.5,False,0,3.677340021526776,True,8.695108666666663,11.062133350468951,14.517773133333304,-1.5367804937004845,-1.85,0.0,0.0,8.333333333333334,8.333333333333334,10.972990666666664,20.905792854408705,21.798009333333358,0.10530235818739664,0.0,-0.5,-0.5,8.333333333333334,8.333333333333334
41,0.6000000000000001,False,0,3.5757986230986365,True,8.695108666666663,10.084612014360015,14.128858999999675,-1.849471160195982,-1.8599999999999959,0.0,0.0,8.333333333333334,8.333333333333334,11.732284666666665,20.863227634044048,22.700329200000024,0.22353156909265337,-0.019999999999999574,-0.6000000000000001,-0.6000000000000001,8.333333333333334,8.333333333333334
41,0.7000000000000001,False,0,3.880422818383055,True,8.695108666666663,11.004353723282062,14.384448600000066,-1.7776508189034117,-1.899999999999999,0.0,0.0,8.333333333333334,8.333333333333334,12.491578666666665,24.978267508905613,25.08464793333334,0.2695306143279863,-0.009999999999999343,-0.7000000000000001,-0.7000000000000001,8.333333333333334,8.333333333333334
41,0.8,False,0,3.677340021526776,True,8.695108666666663,11.345987895340794,14.742421199999907,-1.8803113240181868,-1.8799999999999994,0.0,0.0,8.333333333333334,8.333333333333334,12.491578666666665,26.245507167157573,25.80082153333333,-0.015592899131366744,-2.220446049250313e-16,-0.8,-0.8,8.333333333333334,8.333333333333334
41,0.9,False,0,3.5757986230986365,True,8.695108666666663,11.22141498195641,14.140016199999888,-1.8420507074358918,-1.8900000000000028,0.0,0.0,8.333333333333334,8.333333333333334,14.769166666666667,23.899509667155673,26.442749999999993,-0.04596655105344727,-0.02000000000000024,-0.9,-0.9,8.333333333333334,8.333333333333334
41,1.0,False,0,3.677340021526776,True,8.695108666666663,9.594575836469385,15.599958999999952,-1.8906872298441666,-1.7999999999999998,0.0,0.0,8.333333333333334,8.333333333333334,15.401666666666667,25.542580295561287,27.919666666666654,0.4308828364229784,0.0,-1.0,-1.0,8.333333333333334,8.333333333333334
41,1.1,False,0,3.7788814199549154,True,8.695108666666663,11.176990647854435,15.188958866666592,-1.8210853611951607,-1.8799999999999981,0.0,0.0,8.333333333333334,8.333333333333334,15.401666666666667,25.3800358443174,28.752999999999997,0.3809902028173773,-0.0499999999999996,-1.1,-1.1,8.333333333333334,8.333333333333334
41,1.2000000000000002,False,0,3.677340021526776,True,8.695108666666663,11.442548332592747,14.832213733333088,-1.84738026664753,-1.7999999999999998,0.0,0.0,8.333333333333334,8.333333333333334,16.287166666666668,27.695277721456723,29.383933333333328,-0.021384454255818586,-0.07999999999999963,-1.2000000000000002,-1.2000000000000002,8.333333333333334,8.333333333333334
41,1.3,False,0,3.677340021526776,True,8.695108666666663,10.22226146839095,14.572256533333341,-1.837513557730316,-1.8899999999999997,0.0,0.0,8.333333333333334,8.333333333333334,16.540166666666668,27.739979759982983,30.17931666666666,0.09462609110070175,-0.09000000000000008,-1.3,-1.3,8.333333333333334,8.333333333333334
41,1.4000000000000001,False,0,3.677340021526776,True,8.695108666666663,9.440620279362914,14.800044733333234,-1.8187199187701348,-1.8999999999999986,0.0,0.0,8.333333333333334,8.333333333333334,16.666666666666668,29.12999805996535,30.999999999999996,0.023483806526384265,-0.08000000000000007,-1.4000000000000001,-1.4000000000000001,8.333333333333334,8.333333333333334
41,1.5,False,0,3.677340021526776,True,8.695108666666663,11.384631080888095,14.976923866666436,-1.7137279367492866,-1.7999999999999998,0.0,0.0,8.333333333333334,8.333333333333334,16.666666666666668,31.05426202825326,31.833333333333325,0.11051709537488508,-0.04999999999999982,-1.5,-1.5,8.333333333333334,8.333333333333334
41,1.6,False,0,3.5757986230986365,True,8.695108666666663,11.230635385664225,15.26866839999995,-1.8471250151388732,-1.879999999999999,0.0,0.0,8.333333333333334,8.333333333333334,16.666666666666668,30.198451154898674,31.833333333333325,0.26551079462331595,-0.1599999999999997,-1.6,-1.6,8.333333333333334,8.333333333333334
41,1.7000000000000002,False,0,3.7788814199549154,True,8.695108666666663,11.377285501124145,14.769125799999852,-1.7786971585323492,-1.8300000000000005,0.0,0.0,8.333333333333334,8.333333333333334,16.666666666666668,31.795653149521026,32.666666666666664,0.05062621777660592,-0.09999999999999964,-1.7000000000000002,-1.7000000000000002,8.333333333333334,8.333333333333334
42,0.0,False,0,4.0,False,16.666666666666668,-2.354164064900675,-3.9333333333332403,1.6366152171329982,1.6,0.0,0.0,8.333333333333334,8.333333333333334,,,,,,,,,
42,0.1,False,0,4.0,True,16.666666666666668,-1.4066272672291573,-3.9333333333332403,1.2111989928761817,1.0400000000000005,-0.1,-0.1,8.333333333333334,8.333333333333334,16.666666666666668,83.57942927242682,83.56666666666634,-0.17562597096653243,-0.00999999999999579,-0.1,-0.1,8.333333333333334,8.333333333333334
42,0.2,False,0,3.926126017366912,True,8.695108666666663,8.13994867629982,10.027306533333327,0.7769140768133274,0.7200000000000002,-0.2,-0.2,8.333333333333334,8.333333333333334,6.4172266666666635,15.92652837469738,16.661324800000028,-0.24905830197485312,-0.019999999999997353,-0.2,-0.2,8.333333333333334,8.333333333333334
42,0.30000000000000004,False,0,3.141288562249701,True,8.695108666666663,11.516739055754055,15.614950066666506,-0.8872483490304839,-1.1300000000000043,-0.30000000000000004,-0.30000000000000004,8.333333333333334,8.333333333333334,8.695108666666663,16.85872481070089,16.95351879999995,-0.02332144295673455,-0.020000000000001572,-0.30000000000000004,-0.30000000000000004,8.333333333333334,8.333333333333334
42,0.4,False,0,3.4945655043561246,True,8.695108666666663,11.384586498469655,14.587704400000046,-1.8938463582240506,-1.880000000000006,-0.4,0.0,8.333333333333334,8.333333333333334,10.213696666666664,18.476876522421666,19.0541100666667,-0.21807079565421184,-6.661338147750939e-16,-0.4,-0.4,8.333333333333334,8.333333333333334
42,0.5,False,0,3.799189699640543,True,8.695108666666663,11.072459126057051,14.473067399999987,-1.6748011926950366,-1.85,0.0,0.0,8.333333333333334,8.333333333333334,11.732284666666665,20.730924948066903,22.49429173333336,0.26177386360047183,0.0,-0.5,-0.5,8.333333333333334,8.333333333333334
42,0.6000000000000001,False,0,3.6976483012124035,True,8.695108666666663,11.053132800300627,15.78449733333333,-1.5729235110665218,-1.8599999999999959,0.0,0.0,8.333333333333334,8.333333333333334,11.732284666666665,21.90792240812976,23.548470400000024,0.09732422449881417,-0.019999999999999574,-0.6000000000000001,-0.6000000000000001,8.333333333333334,8.333333333333334
42,0.7000000000000001,False,0,3.6976483012124035,True,8.695108666666663,10.862173664775849,15.010037599999901,-1.8500588054304592,-1.899999999999999,0.0,0.0,8.333333333333334,8.333333333333334,12.491578666666665,25.014083801779744,25.05990973333334,-0.0574531059002692,-0.009999999999999343,-0.7000000000000001,-0.7000000000000001,8.333333333333334,8.333333333333334
42,0.8,False,0,3.9007310980686825,True,8.695108666666663,11.550274705675246,14.127707866666622,-1.8343799509914616,-1.8799999999999994,0.0,0.0,8.333333333333334,8.333333333333334,13.250872666666666,26.945862701752826,26.99054213333333,0.24534456214378642,-2.220446049250313e-16,-0.8,-0.8,8.333333333333334,8.333333333333334
42,0.9,False,0,3.6976483012124035,True,8.695108666666663,11.23251537966797,15.321338066666552,-1.6972356985781287,-1.8900000000000028,0.0,0.0,8.333333333333334,8.333333333333334,14.769166666666667,24.161810279913833,27.442749999999993,0.3114016989249513,-0.02000000000000024,-0.9,-0.9,8.333333333333334,8.333333333333334
42,1.0,False,0,3.799189699640543,True,8.695108666666663,11.216896707389449,14.80938819999994,-1.8592962733163712,-1.7999999999999998,0.0,0.0,8.333333333333334,8.333333333333334,15.401666666666667,27.734918997113862,28.919666666666654,0.05137416929723493,0.0,-1.0,-1.0,8.333333333333334,8.333333333333334
42,1.1,False,0,3.6976483012124035,True,8.695108666666663,11.22535981559896,14.930533866666604,-1.819097899122958,-1.8799999999999981,0.0,0.0,8.333333333333334,8.333333333333334,16.287166666666668,27.174502754780605,29.5506,0.18452721123928262,-0.0499999999999996,-1.1,-1.1,8.333333333333334,8.333333333333334
42,1.2000000000000002,False,0,3.799189699640543,True,8.695108666666663,9.862544429095419,13.963441800000066,-1.800732541418706,-1.7999999999999998,0.0,0.0,8.333333333333334,8.333333333333334,16.287166666666668,28.642584065358246,30.383933333333328,0.007186222357381089,-0.07999999999999963,-1.2000000000000002,-1.2000000000000002,8.333333333333334,8.333333333333334
42,1.3,False,0,3.596106902784264,True,8.695108666666663,11.268586464976817,15.157506200000025,-1.8397616316768142,-1.8899999999999997,0.0,0.0,8.333333333333334,8.333333333333334,16.666666666666668,30.128905751093523,31.166666666666654,0.0027384696992966973,-0.09000000000000008,-1.3,-1.3,8.333333333333334,8.333333333333334
42,1.4000000000000001,False,0,3.9007310980686825,True,8.695108666666663,10.710601303954942,15.1295215999999,-1.8224954416606627,-1.8999999999999986,0.0,0.0,8.333333333333334,8.333333333333334,16.540166666666668,31.810238557611097,32.01265,0.1591949667840602,-0.08000000000000007,-1.4000000000000001,-1.4000000000000001,8.333333333333334,8.333333333333334
42,1.5,False,0,3.9007310980686825,True,8.695108666666663,10.99236006990689,14.413119599999913,-1.8810784158884557,-1.7999999999999998,0.0,0.0,8.333333333333334,8.333333333333334,16.666666666666668,31.07629514673533,32.83333333333333,0.1612889685752874,-0.04999999999999982,-1.5,-1.5,8.333333333333334,8.333333333333334
42,1.6,False,0,3.799189699640543,True,8.695108666666663,10.669458196092318,14.929077999999986,-1.8532409312789262,-1.879999999999999,0.0,0.0,8.333333333333334,8.333333333333334,16.666666666666668,31.187681998462818,32.83333333333333,0.07674358480236299,-0.1599999999999997,-1.6,-1.6,8.333333333333334,8.333333333333334
42,1.7000000000000002,False,0,3.799189699640543,True,8.695108666666663,11.295401883577934,15.251101466666665,-1.7906977798833188,-1.8300000000000005,0.0,0.0,8.333333333333334,8.333333333333334,16.666666666666668,31.87734727636546,33.666666666666664,-0.06663625825938757,-0.09999999999999964,-1.7000000000000002,-1.7000000000000002,8.333333333333334,8.333333333333334
43,0.0,False,0,4.0,False,16.666666666666668,-3.0258301918271426,-4.0999999999998975,1.740063516735654,1.6,0.0,0.0,8.333333333333334,8.333333333333334,,,,,,,,,
43,0.1,False,0,4.0,True,16.666666666666668,-2.282135098340791,-4.0999999999998975,0.8417641459658594,1.0300000000000007,-0.1,-0.1,8.333333333333334,8.333333333333334,16.666666666666668,82.82647909803175,82.56666666666634,0.12797736002242166,-0.00999999999999579,-0.1,-0.1,8.333333333333334,8.333333333333334
43,0.2,False,0,3.699999999999999,True,8.695108666666663,6.805558777918091,9.360639866666656,0.8390657124306493,0.6800000000000002,-0.2,-0.2,8.333333333333334,8.333333333333334,6.4172266666666635,14.18793232472289,15.763295600000031,0.16642574858555692,-0.019999999999997353,-0.2,-0.2,8.333333333333334,8.333333333333334
43,0.30000000000000004,False,0,3.2333333333333334,True,8.695108666666663,10.426974145053858,14.557273399999897,-1.5701601387950532,-1.6400000000000046,-0.30000000000000004,-0.30000000000000004,8.333333333333334,8.333333333333334,9.454402666666663,15.289245020522909,17.042365999999998,0.1484756590237888,-0.020000000000001572,-0.30000000000000004,-0.30000000000000004,8.333333333333334,8.333333333333334
43,0.4,False,0,3.6164151824698916,True,8.695108666666663,11.07624096581139,15.417539733333225,-1.8964960199353744,-1.880000000000006,0.0,0.0,8.333333333333334,8.333333333333334,10.972990666666664,19.651194039184592,19.7503924666667,0.14287044294418294,-6.661338147750939e-16,-0.4,-0.4,8.333333333333334,8.333333333333334
43,0.5,False,0,3.717956580898031,True,8.695108666666663,11.33521552493897,13.86803280000009,-1.8220061666470337,-1.85,0.0,0.0,8.333333333333334,8.333333333333334,11.732284666666665,22.54878962965147,22.50741533333336,-0.2896734949454185,0.0,-0.5,-0.5,8.333333333333334,8.333333333333334
43,0.6000000000000001,False,0,3.717956580898031,True,8.695108666666663,11.383606883996759,14.696107533333372,-1.8322490280258275,-1.8599999999999959,0.0,0.0,8.333333333333334,8.333333333333334,12.491578666666665,23.032537153729134,24.055032200000024,0.06601080241616031,-0.019999999999999574,-0.6000000000000001,-0.6000000000000001,8.333333333333334,8.333333333333334
43,0.7000000000000001,False,0,3.717956580898031,True,8.695108666666663,11.535334194703676,14.085098000000013,-1.7535167567720749,-1.899999999999999,0.0,0.0,8.333333333333334,8.333333333333334,12.491578666666665,24.85848497438384,25.718330333333338,-0.12880552516611887,-0.009999999999999343,-0.7000000000000001,-0.7000000000000001,8.333333333333334,8.333333333333334
43,0.8,False,0,3.6164151824698916,True,8.695108666666663,11.140646160184755,14.422874666666527,-1.677556245211915,-1.8799999999999994,0.0,0.0,8.333333333333334,8.333333333333334,14.769166666666667,26.5313357710198,26.77608333333333,-0.02258374746056635,-2.220446049250313e-16,-0.8,-0.8,8.333333333333334,8.333333333333334
43,0.9,False,0,3.92103937775431,True,8.695108666666663,11.470717821457054,13.939747866666504,-1.7560995099833379,-1.8900000000000028,0.0,0.0,8.333333333333334,8.333333333333334,14.010166666666667,27.014747158774544,28.708399999999994,0.01489909202788331,-0.02000000000000024,-0.9,-0.9,8.333333333333334,8.333333333333334
43,1.0,False,0,3.6164151824698916,True,8.695108666666663,9.347638282550047,14.531841466666702,-1.85733981201211,-1.7999999999999998,0.0,0.0,8.333333333333334,8.333333333333334,16.540166666666668,26.295477779913515,29.679316666666654,0.5468626822478164,0.0,-1.0,-1.0,8.333333333333334,8.333333333333334
43,1.1,False,0,3.717956580898031,True,8.695108666666663,10.324277936493484,15.347303133333352,-1.7356861506846815,-1.8799999999999981,0.0,0.0,8.333333333333334,8.333333333333334,16.540166666666668,30.352956385174547,30.51264999999999,-0.050534064292304226,-0.0499999999999996,-1.1,-1.1,8.333333333333334,8.333333333333334
43,1.2000000000000002,False,0,3.717956580898031,True,8.695108666666663,11.486427034050674,14.880569533333269,-1.745003494451522,-1.7999999999999998,0.0,0.0,8.333333333333334,8.333333333333334,16.666666666666668,30.357064453354145,31.333333333333325,0.03036549460084581,-0.07999999999999963,-1.2000000000000002,-1.2000000000000002,8.333333333333334,8.333333333333334
43,1.3,False,0,3.92103937775431,True,8.695108666666663,11.235132295497419,14.721356266666742,-1.8791552818163246,-1.8899999999999997,0.0,0.0,8.333333333333334,8.333333333333334,16.540166666666668,30.619466918183956,32.179316666666665,0.2780783957286008,-0.09000000000000008,-1.3,-1.3,8.333333333333334,8.333333333333334
43,1.4000000000000001,False,0,3.717956580898031,True,8.695108666666663,11.311931006197664,14.840817666666606,-1.6815909034604897,-1.8999999999999986,0.0,0.0,8.333333333333334,8.333333333333334,16.666666666666668,30.9798043212211,33.0,0.13732580126185567,-0.08000000000000007,-1.4000000000000001,-1.4000000000000001,8.333333333333334,8.333333333333334
43,1.5,False,0,3.717956580898031,True,8.695108666666663,11.397644103298784,14.731850866666559,-1.595262673811024,-1.7999999999999998,0.0,0.0,8.333333333333334,8.333333333333334,16.666666666666668,33.19954127288297,33.83333333333333,-0.2212873953174337,-0.04999999999999982,-1.5,-1.5,8.333333333333334,8.333333333333334
43,1.6,False,0,3.8194979793261705,True,8.695108666666663,10.880436521092843,14.230623999999704,-1.8469869540342845,-1.879999999999999,0.0,0.0,8.333333333333334,8.333333333333334,16.666666666666668,32.98713383257814,33.83333333333333,-0.15753413303124297,-0.1599999999999997,-1.6,-1.6,8.333333333333334,8.333333333333334
43,1.7000000000000002,False,0,3.6164151824698916,True,8.695108666666663,11.040584589185837,14.672543066666545,-1.8879054471850205,-1.8300000000000005,0.0,0.0,8.333333333333334,8.333333333333334,16.666666666666668,34.82104192693875,34.666666666666664,-0.13923927123836877,-0.09999999999999964,-1.7000000000000002,-1.7000000000000002,8.333333333333334,8.333333333333334
44,0.0,False,0,4.0,False,16.666666666666668,-1.665005628559217,-4.266666666666569,1.7217940658559816,1.6,0.0,0.0,8.333333333333334,8.333333333333334,,,,,,,,,
44,0.1,False,0,4.0,True,16.666666666666668,-2.455552860181572,-4.266666666666569,1.0723657123562065,1.0200000000000005,-0.1,-0.1,8.333333333333334,8.333333333333334,16.666666666666668,82.35697186486105,81.56666666666634,-0.25303259867750905,-0.00999999999999579,-0.1,-0.1,8.333333333333334,8.333333333333334
44,0.2,False,0,4.0,True,8.695108666666663,11.523876261961146,13.851090599999974,0.837226554632585,0.7000000000000002,-0.2,-0.2,8.333333333333334,8.333333333333334,7.935814666666663,15.005299063107241,15.282157800000046,0.17631583927177363,-0.019999999999997353,-0.2,-0.2,8.333333333333334,8.333333333333334
44,0.30000000000000004,False,0,3.636723462155519,True,8.695108666666663,10.210215735767303,14.249646199999841,-1.398164111531495,-1.8899999999999975,-0.30000000000000004,0.0,8.333333333333334,8.333333333333334,10.213696666666664,17.988321876432064,17.928163199999968,-0.19230691500754427,-0.020000000000001572,-0.30000000000000004,-0.30000000000000004,8.333333333333334,8.333333333333334
44,0.4,False,0,3.7382648605836586,True,8.695108666666663,10.730481504090985,15.000335666666682,-1.6497467360123825,-1.880000000000006,0.0,0.0,8.333333333333334,8.333333333333334,10.972990666666664,16.19271283934557,20.6744630666667,0.4073131833315067,-6.661338147750939e-16,-0.4,-0.4,8.333333333333334,8.333333333333334
44,0.5,False,0,3.839806259011798,True,8.695108666666663,10.885324765810804,15.10340386666665,-1.8736171223493918,-1.85,0.0,0.0,8.333333333333334,8.333333333333334,11.732284666666665,21.36097663539959,22.97590953333336,0.1591834130860481,0.0,-0.5,-0.5,8.333333333333334,8.333333333333334
44,0.6000000000000001,False,0,3.839806259011798,True,8.695108666666663,11.267146680476127,13.75411213333329,-1.7842561965595136,-1.8599999999999959,0.0,0.0,8.333333333333334,8.333333333333334,12.491578666666665,23.295492680955764,24.979102800000025,0.20585256833383037,-0.019999999999999574,-0.6000000000000001,-0.6000000000000001,8.333333333333334,8.333333333333334
44,0.7000000000000001,False,0,3.7382648605836586,True,8.695108666666663,10.6054764967547,16.3742135333332,-1.7369881723175205,-1.899999999999999,0.0,0.0,8.333333333333334,8.333333333333334,12.491578666666665,25.365179094750022,26.300821533333337,-0.03860708016254555,-0.009999999999999343,-0.7000000000000001,-0.7000000000000001,8.333333333333334,8.333333333333334
44,0.8,False,0,3.7382648605836586,True,8.695108666666663,11.288281466254613,14.041848133333342,-1.8007691705786355,-1.8799999999999994,0.0,0.0,8.333333333333334,8.333333333333334,14.769166666666667,27.80707360355724,27.77608333333333,0.14722210123456136,-2.220446049250313e-16,-0.8,-0.8,8.333333333333334,8.333333333333334
44,0.9,False,0,3.636723462155519,True,8.695108666666663,11.155873331674965,14.46671139999992,-1.848754200169399,-1.8900000000000028,0.0,0.0,8.333333333333334,8.333333333333334,16.287166666666668,27.3345608002324,29.050599999999992,-0.024611858168782863,-0.02000000000000024,-0.9,-0.9,8.333333333333334,8.333333333333334
44,1.0,False,0,3.7382648605836586,True,8.695108666666663,10.58617000494031,14.833745333333194,-1.8054497019427,-1.7999999999999998,0.0,0.0,8.333333333333334,8.333333333333334,16.540166666666668,29.65612876198234,30.679316666666654,0.01632426408688592,0.0,-1.0,-1.0,8.333333333333334,8.333333333333334
44,1.1,False,0,3.7382648605836586,True,8.695108666666663,10.973767985203576,15.156202999999959,-1.7655802990363598,-1.8799999999999981,0.0,0.0,8.333333333333334,8.333333333333334,16.666666666666668,30.54297174116736,31.499999999999996,-0.41906288970117145,-0.0499999999999996,-1.1,-1.1,8.333333333333334,8.333333333333334
44,1.2000000000000002,False,0,3.7382648605836586,True,8.695108666666663,11.39110356782329,14.960149599999806,-1.6636344607109343,-1.7999999999999998,0.0,0.0,8.333333333333334,8.333333333333334,16.666666666666668,29.614507028571243,32.33333333333333,0.35937191751754405,-0.07999999999999963,-1.2000000000000002,-1.2000000000000002,8.333333333333334,8.333333333333334
44,1.3,False,0,3.839806259011798,True,8.695108666666663,11.550661510349382,14.954685199999911,-1.633400643546438,-1.8899999999999997,0.0,0.0,8.333333333333334,8.333333333333334,16.666666666666668,31.57780785478398,33.16666666666666,-0.007641970123110298,-0.09000000000000008,-1.3,-1.3,8.333333333333334,8.333333333333334
44,1.4000000000000001,False,0,3.9413476574399375,True,8.695108666666663,11.342297336235884,15.560664533333249,-1.8756362063394445,-1.8999999999999986,0.0,0.0,8.333333333333334,8.333333333333334,16.666666666666668,34.01692830697385,34.0,-0.22858215684009742,-0.08000000000000007,-1.4000000000000001,-1.4000000000000001,8.333333333333334,8.333333333333334
44,1.5,False,0,3.839806259011798,True,8.695108666666663,10.773999790804165,14.347249999999942,-1.6882679333965183,-1.7999999999999998,0.0,0.0,8.333333333333334,8.333333333333334,16.666666666666668,32.41046269618066,34.83333333333333,0.3881706286628668,-0.04999999999999982,-1.5,-1.5,8.333333333333334,8.333333333333334
44,1.6,False,0,3.7382648605836586,True,8.695108666666663,11.374042417737027,14.801142133333197,-1.8668101602497729,-1.879999999999999,0.0,0.0,8.333333333333334,8.333333333333334,16.666666666666668,34.267712227929636,34.83333333333333,-0.038144762185643,-0.1599999999999997,-1.6,-1.6,8.333333333333334,8.333333333333334
44,1.7000000000000002,False,0,3.7382648605836586,True,8.695108666666663,10.941639837736258,14.974881133333351,-1.8375659398849356,-1.8300000000000005,0.0,0.0,8.333333333333334,8.333333333333334,16.666666666666668,33.98536905906928,35.666666666666664,0.2209614009212708,-0.09999999999999964,-1.7000000000000002,-1.7000000000000002,8.333333333333334,8.333333333333334
45,0.0,False,0,4.0,False,16.666666666666668,-4.179384703014651,-4.166666666666788,1.903021790681851,1.6,0.0,0.0,8.333333333333334,8.333333333333334,,,,,,,,,
45,0.1,False,0,4.0,True,16.666666666666668,-4.132892823618849,-4.166666666666788,1.1151979227983873,1.0100000000000007,-0.1,-0.1,8.333333333333334,8.333333333333334,16.666666666666668,82.26444951777539,80.56666666666634,0.12169908414614561,-0.00999999999999579,-0.1,-0.1,8.333333333333334,8.333333333333334
45,0.2,False,0,4.0,True,8.695108666666663,10.300788216850815,14.634025399999938,0.5721347578099576,0.5800000000000005,-0.2,-0.2,8.333333333333334,8.333333333333334,7.935814666666663,15.030999572683893,15.82658140000002,-0.05451688605703264,-0.019999999999997353,-0.2,-0.2,8.333333333333334,8.333333333333334
45,0.30000000000000004,False,0,3.3638140938331595,True,8.695108666666663,10.304139477677548,14.601503066666563,-1.7434171327066381,-1.3100000000000045,-0.30000000000000004,-0.30000000000000004,8.333333333333334,8.333333333333334,9.454402666666663,16.309365764224946,16.99236039999995,0.08922033221583514,-0.020000000000001572,-0.30000000000000004,-0.30000000000000004,8.333333333333334,8.333333333333334
45,0.4,False,0,3.758573140269286,True,8.695108666666663,11.157848429390949,15.564520999999868,-1.7397553957671834,-1.880000000000006,0.0,0.0,8.333333333333334,8.333333333333334,10.972990666666664,20.91626904477425,21.1810248666667,-0.06664758051562258,-6.661338147750939e-16,-0.4,-0.4,8.333333333333334,8.333333333333334
45,0.5,False,0,3.8601145386974256,True,8.695108666666663,10.777207625460218,15.06372833333327,-1.8632220829637465,-1.85,0.0,0.0,8.333333333333334,8.333333333333334,10.972990666666664,23.575656262783486,23.55840073333336,-0.027877445064926842,0.0,-0.5,-0.5,8.333333333333334,8.333333333333334
45,0.6000000000000001,False,0,3.758573140269286,True,8.695108666666663,10.601768081316575,14.856136066666632,-1.6964240937204462,-1.8599999999999959,0.0,0.0,8.333333333333334,8.333333333333334,12.491578666666665,22.528148762257626,25.220014600000024,0.5136506312120614,-0.019999999999999574,-0.6000000000000001,-0.6000000000000001,8.333333333333334,8.333333333333334
45,0.7000000000000001,False,0,3.6570317418411475,True,8.695108666666663,11.51546006573994,15.85626553333331,-1.6223228811698767,-1.899999999999999,0.0,0.0,8.333333333333334,8.333333333333334,14.010166666666667,25.54607486563479,26.541733333333337,0.08767763569862486,-0.009999999999999343,-0.7000000000000001,-0.7000000000000001,8.333333333333334,8.333333333333334
45,0.8,False,0,3.758573140269286,True,8.695108666666663,11.41610467916507,15.690925266666536,-1.8146183660968012,-1.8799999999999994,0.0,0.0,8.333333333333334,8.333333333333334,15.401666666666667,27.01920169791794,28.586333333333332,0.04130560881928291,-2.220446049250313e-16,-0.8,-0.8,8.333333333333334,8.333333333333334
45,0.9,False,0,3.758573140269286,True,8.695108666666663,11.338438627964546,13.962420733333271,-1.827868396176228,-1.8900000000000028,0.0,0.0,8.333333333333334,8.333333333333334,16.287166666666668,27.502979092143395,30.050599999999992,0.15711327935445496,-0.02000000000000024,-0.9,-0.9,8.333333333333334,8.333333333333334
45,1.0,False,0,3.6570317418411475,True,8.695108666666663,11.488381053001145,15.584716933333265,-1.7019130407048983,-1.7999999999999998,0.0,0.0,8.333333333333334,8.333333333333334,16.666666666666668,31.64091392780176,31.666666666666654,0.18403279837340847,0.0,-1.0,-1.0,8.333333333333334,8.333333333333334
45,1.1,False,0,3.8601145386974256,True,8.695108666666663,10.80889886595656,14.976641733333306,-1.7808833032490274,-1.8799999999999981,0.0,0.0,8.333333333333334,8.333333333333334,16.666666666666668,29.268983258208376,32.5,0.1661976279425863,-0.0499999999999996,-1.1,-1.1,8.333333333333334,8.333333333333334
45,1.2000000000000002,False,0,3.6570317418411475,True,8.695108666666663,10.987508221837142,14.648109600000023,-1.6258971981967703,-1.7999999999999998,0.0,0.0,8.333333333333334,8.333333333333334,16.666666666666668,33.45365854868067,33.33333333333333,-0.03129607701762427,-0.07999999999999963,-1.2000000000000002,-1.2000000000000002,8.333333333333334,8.333333333333334
45,1.3,False,0,3.758573140269286,True,8.695108666666663,10.511550985037626,14.8985938666663,-1.8939025920858843,-1.8899999999999997,0.0,0.0,8.333333333333334,8.333333333333334,16.666666666666668,31.676115916502237,34.16666666666666,0.370114497747581,-0.09000000000000008,-1.3,-1.3,8.333333333333334,8.333333333333334
45,1.4000000000000001,False,0,3.758573140269286,True,8.695108666666663,10.51756654177208,14.631487999999873,-1.8166575109579535,-1.8999999999999986,0.0,0.0,8.333333333333334,8.333333333333334,16.666666666666668,35.116651220742014,35.0,-0.034980079549667975,-0.08000000000000007,-1.4000000000000001,-1.4000000000000001,8.333333333333334,8.333333333333334
45,1.5,False,0,3.8601145386974256,True,8.695108666666663,11.065195485450896,14.282119933333075,-1.6558530803947675,-1.7999999999999998,0.0,0.0,8.333333333333334,8.333333333333334,16.666666666666668,34.96074570346093,35.83333333333333,0.25889056260938004,-0.04999999999999982,-1.5,-1.5,8.333333333333334,8.333333333333334
45,1.6,False,0,3.758573140269286,True,8.695108666666663,10.366396120356693,14.744029133333353,-1.7100310547163344,-1.879999999999999,0.0,0.0,8.333333333333334,8.333333333333334,16.666666666666668,34.086209811849045,35.83333333333333,-0.09661646454592931,-0.1599999999999997,-1.6,-1.6,8.333333333333334,8.333333333333334
45,1.7000000000000002,False,0,3.6570317418411475,True,8.695108666666663,10.906767774976043,14.948252866666632,-1.857638944428953,-1.8300000000000005,0.0,0.0,8.333333333333334,8.333333333333334,16.666666666666668,35.976161272366205,36.666666666666664,0.1711640623480588,-0.09999999999999964,-1.7000000000000002,-1.7000000000000002,8.333333333333334,8.333333333333334
46,0.0,False,0,4.0,False,16.666666666666668,-4.119560118657293,-4.000000000000116,1.481750246983856,1.6,0.0,0.0,8.333333333333334,8.333333333333334,,,,,,,,,
46,0.1,False,0,4.0,True,16.540166666666668,-3.795250801219299,-3.9873500000001085,0.9719788592473289,1.0000000000000004,-0.1,-0.1,8.333333333333334,8.333333333333334,16.540166666666668,80.02983834622269,78.2763666666677,-0.15054384533828635,-0.00999999999999579,-0.1,-0.1,8.333333333333334,8.333333333333334
46,0.2,False,0,3.999999999999999,True,8.695108666666663,10.458371447873002,13.08544059999998,0.6949837969121702,0.6400000000000001,-0.2,-0.2,8.333333333333334,8.333333333333334,7.935814666666663,12.83632272707639,14.39725220000005,-0.12752592491912562,-0.019999999999997353,-0.2,-0.2,8.333333333333334,8.333333333333334
46,0.30000000000000004,False,0,3.474257224670497,True,8.695108666666663,11.49559680110276,14.980703999999786,-1.7170240525388227,-1.8899999999999975,0.0,0.0,8.333333333333334,8.333333333333334,9.454402666666663,16.878318389570875,18.485916200000002,0.269755803072369,-0.020000000000001572,-0.30000000000000004,-0.30000000000000004,8.333333333333334,8.333333333333334
46,0.4,False,0,3.677340021526774,True,8.695108666666663,11.035668756260417,14.35876566666651,-1.590118949585953,-1.880000000000006,0.0,0.0,8.333333333333334,8.333333333333334,10.972990666666664,19.613555562429145,21.042289666666694,0.26896438909901166,-6.661338147750939e-16,-0.4,-0.4,8.333333333333334,8.333333333333334
46,0.5,False,0,3.7788814199549146,True,8.695108666666663,10.92414793362148,14.950447666666587,-1.7689426655551392,-1.85,0.0,0.0,8.333333333333334,8.333333333333334,11.732284666666665,21.63526864148795,23.64745373333336,-0.08493733005769388,0.0,-0.5,-0.5,8.333333333333334,8.333333333333334
46,0.6000000000000001,False,0,3.7788814199549146,True,8.695108666666663,10.770652212598744,15.644969466666648,-1.6944272094072872,-1.8599999999999959,0.0,0.0,8.333333333333334,8.333333333333334,12.491578666666665,25.024632034463874,25.726576400000024,-0.07749408187424822,-0.019999999999999574,-0.6000000000000001,-0.6000000000000001,8.333333333333334,8.333333333333334
46,0.7000000000000001,False,0,3.7788814199549146,True,8.695108666666663,11.264252928297179,14.6319985333332,-1.8981306467519143,-1.899999999999999,0.0,0.0,8.333333333333334,8.333333333333334,14.010166666666667,25.8597686615615,27.541733333333337,0.20003060677366813,-0.009999999999999343,-0.7000000000000001,-0.7000000000000001,8.333333333333334,8.333333333333334
46,0.8,False,0,3.7788814199549146,True,8.695108666666663,10.194461110337155,14.867369600000043,-1.8164041958442017,-1.8799999999999994,0.0,0.0,8.333333333333334,8.333333333333334,15.907666666666668,27.009869130292156,29.459833333333332,0.32571682388247547,-2.220446049250313e-16,-0.8,-0.8,8.333333333333334,8.333333333333334
46,0.9,False,0,3.677340021526774,True,8.695108666666663,11.250423254565572,14.745995533333211,-1.8101532318774303,-1.8900000000000028,0.0,0.0,8.333333333333334,8.333333333333334,16.666666666666668,29.149190908170613,30.99999999999999,0.29322263272806337,-0.02000000000000024,-0.9,-0.9,8.333333333333334,8.333333333333334
46,1.0,False,0,3.7788814199549146,True,8.695108666666663,11.510152360377997,14.179562266666391,-1.6694642236648802,-1.7999999999999998,0.0,0.0,8.333333333333334,8.333333333333334,16.666666666666668,31.108768192486988,32.66666666666666,0.25785014949652973,0.0,-1.0,-1.0,8.333333333333334,8.333333333333334
46,1.1,False,0,3.5757986230986365,True,8.695108666666663,9.295350782748567,14.403981933333096,-1.8206447880382783,-1.8799999999999981,0.0,0.0,8.333333333333334,8.333333333333334,16.666666666666668,31.873661222420036,33.5,0.19440065328981726,-0.0499999999999996,-1.1,-1.1,8.333333333333334,8.333333333333334
46,1.2000000000000002,False,0,3.880422818383055,True,8.695108666666663,10.970537563569263,13.685484066666145,-1.7903308942603895,-1.7999999999999998,0.0,0.0,8.333333333333334,8.333333333333334,16.666666666666668,33.69938973798263,34.33333333333333,0.0919616610654499,-0.07999999999999963,-1.2000000000000002,-1.2000000000000002,8.333333333333334,8.333333333333334
46,1.3,False,0,3.7788814199549146,True,8.695108666666663,11.488704145172232,14.88123273333316,-1.8432281743335681,-1.8899999999999997,0.0,0.0,8.333333333333334,8.333333333333334,16.666666666666668,33.76867605122524,35.16666666666666,0.0653951529907546,-0.09000000000000008,-1.3,-1.3,8.333333333333334,8.333333333333334
46,1.4000000000000001,False,0,3.677340021526774,True,8.695108666666663,10.36922796375519,15.346716266666657,-1.8829193855856408,-1.8999999999999986,0.0,0.0,8.333333333333334,8.333333333333334,16.666666666666668,34.292716529661625,36.0,0.10060491773065694,-0.08000000000000007,-1.4000000000000001,-1.4000000000000001,8.333333333333334,8.333333333333334
46,1.5,False,0,3.880422818383055,True,8.695108666666663,11.309382546479053,13.924429466666322,-1.723912561012927,-1.7999999999999998,0.0,0.0,8.333333333333334,8.333333333333334,16.666666666666668,36.9917444005729,36.83333333333333,-0.13319703683097117,-0.04999999999999982,-1.5,-1.5,8.333333333333334,8.333333333333334
46,1.6,False,0,3.7788814199549146,True,8.695108666666663,11.359105854190855,14.838340733333336,-1.7730962964754482,-1.879999999999999,0.0,0.0,8.333333333333334,8.333333333333334,16.666666666666668,36.57107558722197,36.83333333333333,-0.232002304656155,-0.1599999999999997,-1.6,-1.6,8.333333333333334,8.333333333333334
46,1.7000000000000002,False,0,3.677340021526774,True,8.695108666666663,11.279116954310663,15.527603933333378,-1.8929242312468573,-1.8300000000000005,0.0,0.0,8.333333333333334,8.333333333333334,16.666666666666668,37.689461117623445,37.666666666666664,-0.06652815546906776,-0.09999999999999964,-1.7000000000000002,-1.7000000000000002,8.333333333333334,8.333333333333334
47,0.0,False,0,4.0,False,16.666666666666668,-3.0919364777918785,-3.9333333333331977,1.621230233335261,1.6,0.0,0.0,8.333333333333334,8.333333333333334,,,,,,,,,
47,0.1,False,0,4.0,True,16.666666666666668,-2.257066650092585,-3.9333333333331977,1.1550653908447828,0.9800000000000009,-0.1,-0.1,8.333333333333334,8.333333333333334,16.666666666666668,80.17703177689414,78.56666666666634,0.04169719732136867,-0.00999999999999579,-0.1,-0.1,8.333333333333334,8.333333333333334
47,0.2,False,0,3.899999999999999,True,8.695108666666663,11.465984258139766,13.143574666666606,0.597713516951039,0.5600000000000005,-0.2,-0.2,8.333333333333334,8.333333333333334,7.935814666666663,11.903153638832688,14.296378800000024,0.053076972637210895,-0.019999999999997353,-0.2,-0.2,8.333333333333334,8.333333333333334
47,0.30000000000000004,False,0,3.291482707499849,True,8.695108666666663,10.902184758616468,15.1086929999999,-0.938883824235899,-1.100000000000004,-0.30000000000000004,-0.30000000000000004,8.333333333333334,8.333333333333334,10.213696666666664,16.419990674779935,17.398166399999933,0.060525788514904644,-0.020000000000001572,-0.30000000000000004,-0.30000000000000004,8.333333333333334,8.333333333333334
47,0.4,False,0,3.6976483012124035,True,8.695108666666663,11.518448706256105,14.250743599999975,-1.7238279832971746,-1.880000000000006,0.0,0.0,8.333333333333334,8.333333333333334,11.732284666666665,19.550921310120454,21.09327506666669,0.07581308451048852,-6.661338147750939e-16,-0.4,-0.4,8.333333333333334,8.333333333333334
47,0.5,False,0,3.6976483012124035,True,8.695108666666663,10.586664761762133,14.934542399999966,-1.5903126028631962,-1.85,0.0,0.0,8.333333333333334,8.333333333333334,11.732284666666665,21.448610084238165,24.116153733333345,0.03740080535716728,0.0,-0.5,-0.5,8.333333333333334,8.333333333333334
47,0.6000000000000001,False,0,3.799189699640541,True,8.695108666666663,11.35618743688671,14.863871599999936,-1.7643107727786376,-1.8599999999999959,0.0,0.0,8.333333333333334,8.333333333333334,12.491578666666665,23.861705484991706,26.233138200000017,0.2243055778814469,-0.019999999999999574,-0.6000000000000001,-0.6000000000000001,8.333333333333334,8.333333333333334
47,0.7000000000000001,False,0,3.9007310980686816,True,8.695108666666663,11.352222746510332,14.800349466666571,-1.835115522065404,-1.899999999999999,0.0,0.0,8.333333333333334,8.333333333333334,14.010166666666667,26.68228875325806,28.541733333333337,-0.15260027944201937,-0.009999999999999343,-0.7000000000000001,-0.7000000000000001,8.333333333333334,8.333333333333334
47,0.8,False,0,3.6976483012124035,True,8.695108666666663,11.106188558951555,14.57276706666671,-1.7594203862786493,-1.8799999999999994,0.0,0.0,8.333333333333334,8.333333333333334,16.540166666666668,30.412840348496534,30.345983333333326,0.06219203538321394,-2.220446049250313e-16,-0.8,-0.8,8.333333333333334,8.333333333333334
47,0.9,False,0,3.9007310980686816,True,8.695108666666663,11.027418725125298,14.435434000000026,-1.6486246445119956,-1.8900000000000028,0.0,0.0,8.333333333333334,8.333333333333334,16.540166666666668,31.948396961456393,32.012649999999994,0.026926629938879287,-0.02000000000000024,-0.9,-0.9,8.333333333333334,8.333333333333334
47,1.0,False,0,3.799189699640541,True,8.695108666666663,11.066005539795167,14.42974119999992,-1.4946607334696767,-1.7999999999999998,0.0,0.0,8.333333333333334,8.333333333333334,16.666666666666668,33.62133243812082,33.66666666666666,0.11443010009038668,0.0,-1.0,-1.0,8.333333333333334,8.333333333333334
47,1.1,False,0,3.6976483012124035,True,8.695108666666663,10.435365613180704,13.917562933332857,-1.6474328466763974,-1.8799999999999981,0.0,0.0,8.333333333333334,8.333333333333334,16.666666666666668,33.63184372772962,34.5,0.06511327086479812,-0.0499999999999996,-1.1,-1.1,8.333333333333334,8.333333333333334
47,1.2000000000000002,False,0,3.6976483012124035,True,8.695108666666663,11.275808433568084,14.630390599999895,-1.7470656756762326,-1.7999999999999998,0.0,0.0,8.333333333333334,8.333333333333334,16.666666666666668,34.26958325266298,35.33333333333333,-0.3240036762418297,-0.07999999999999963,-1.2000000000000002,-1.2000000000000002,8.333333333333334,8.333333333333334
47,1.3,False,0,3.799189699640541,True,8.695108666666663,10.93376686927672,15.14928333333324,-1.70596548383343,-1.8899999999999997,0.0,0.0,8.333333333333334,8.333333333333334,16.666666666666668,35.238348349963914,36.16666666666666,0.16350871435338465,-0.09000000000000008,-1.3,-1.3,8.333333333333334,8.333333333333334
47,1.4000000000000001,False,0,3.9007310980686816,True,8.695108666666663,10.695126999102452,14.221943133333323,-1.788737350777089,-1.8999999999999986,0.0,0.0,8.333333333333334,8.333333333333334,16.666666666666668,35.36044857477112,37.0,-0.029975370547045577,-0.08000000000000007,-1.4000000000000001,-1.4000000000000001,8.333333333333334,8.333333333333334
47,1.5,False,0,3.6976483012124035,True,8.695108666666663,11.349769744255436,14.558469733333279,-1.880852358373474,-1.7999999999999998,0.0,0.0,8.333333333333334,8.333333333333334,16.666666666666668,35.37048426015835,37.83333333333333,0.25844307981506986,-0.04999999999999982,-1.5,-1.5,8.333333333333334,8.333333333333334
47,1.6,False,0,3.6976483012124035,True,8.695108666666663,10.531495427760756,14.590204533332848,-1.893274094152191,-1.879999999999999,0.0,0.0,8.333333333333334,8.333333333333334,16.666666666666668,35.06234014530223,37.83333333333333,0.38165836969029465,-0.1599999999999997,-1.6,-1.6,8.333333333333334,8.333333333333334
47,1.7000000000000002,False,0,3.6976483012124035,True,8.695108666666663,10.764875172870813,14.652270799999808,-1.8891264785205568,-1.8300000000000005,0.0,0.0,8.333333333333334,8.333333333333334,16.666666666666668,38.74758337645711,38.666666666666664,-0.28499635596752193,-0.09999999999999964,-1.7000000000000002,-1.7000000000000002,8.333333333333334,8.333333333333334
48,0.0,False,0,4.0,False,16.666666666666668,-2.476389372748815,-4.099999999999869,1.6870329355744365,1.6,0.0,0.0,8.333333333333334,8.333333333333334,,,,,,,,,
48,0.1,False,0,4.0,True,16.540166666666668,-3.7121218452417564,-4.125299999999885,0.7931435133708811,0.9700000000000006,-0.1,-0.1,8.333333333333334,8.333333333333334,16.540166666666668,76.37447643341925,76.30166666666771,-0.24445272552196817,-0.00999999999999579,-0.1,-0.1,8.333333333333334,8.333333333333334
48,0.2,False,0,4.0,True,8.695108666666663,10.819916948859213,14.098136999999763,-0.7472011858336751,-0.9199999999999942,-0.2,-0.2,8.333333333333334,8.333333333333334,8.695108666666663,14.178321572939776,15.72612599999989,0.43058898621184927,-0.019999999999997353,-0.2,-0.2,8.333333333333334,8.333333333333334
48,0.30000000000000004,False,0,3.6164151824698916,True,8.695108666666663,11.35150245051221,15.555535399999965,-0.4775299635546304,-0.7400000000000033,-0.30000000000000004,-0.30000000000000004,8.333333333333334,8.333333333333334,10.213696666666664,17.426223210629242,18.246101799999945,-0.10154021864989526,-0.020000000000001572,-0.30000000000000004,-0.30000000000000004,8.333333333333334,8.333333333333334
48,0.4,False,0,3.717956580898031,True,8.695108666666663,11.378779024844118,15.62870633333328,-1.8469775397340942,-1.880000000000006,0.0,0.0,8.333333333333334,8.333333333333334,10.972990666666664,20.00257952135023,21.675766266666688,0.035697551782818415,-6.661338147750939e-16,-0.4,-0.4,8.333333333333334,8.333333333333334
48,0.5,False,0,3.717956580898031,True,8.695108666666663,10.644489791121895,14.858689333333142,-1.7315328839817439,-1.85,0.0,0.0,8.333333333333334,8.333333333333334,12.491578666666665,23.52303923731986,24.470856733333346,0.11625628157740353,0.0,-0.5,-0.5,8.333333333333334,8.333333333333334
48,0.6000000000000001,False,0,3.717956580898031,True,8.695108666666663,11.531122453207882,15.097200533333233,-1.8540683729848388,-1.8599999999999959,0.0,0.0,8.333333333333334,8.333333333333334,13.250872666666666,26.569315669091875,26.54997940000001,-0.1369085068711433,-0.019999999999999574,-0.6000000000000001,-0.6000000000000001,8.333333333333334,8.333333333333334
48,0.7000000000000001,False,0,3.6164151824698916,True,8.695108666666663,11.280160650323491,15.312581466666582,-1.734004109522966,-1.899999999999999,0.0,0.0,8.333333333333334,8.333333333333334,16.287166666666668,26.41470820929987,28.883933333333328,0.12856357054093515,-0.009999999999999343,-0.7000000000000001,-0.7000000000000001,8.333333333333334,8.333333333333334
48,0.8,False,0,3.8194979793261705,True,8.695108666666663,10.943667246578226,14.545932999999987,-1.7486214642184572,-1.8799999999999994,0.0,0.0,8.333333333333334,8.333333333333334,16.540166666666668,30.62840617524478,31.345983333333326,0.254280424440096,-2.220446049250313e-16,-0.8,-0.8,8.333333333333334,8.333333333333334
48,0.9,False,0,3.717956580898031,True,8.695108666666663,10.160637572004457,15.162841133333284,-1.7824053666538648,-1.8900000000000028,0.0,0.0,8.333333333333334,8.333333333333334,16.666666666666668,31.02497767588034,32.99999999999999,0.11371443278074356,-0.02000000000000024,-0.9,-0.9,8.333333333333334,8.333333333333334
48,1.0,False,0,3.717956580898031,True,8.695108666666663,11.156789919866934,14.786334266666511,-1.8428712231781206,-1.7999999999999998,0.0,0.0,8.333333333333334,8.333333333333334,16.666666666666668,32.75386527924138,34.66666666666666,0.18912433693724173,0.0,-1.0,-1.0,8.333333333333334,8.333333333333334
48,1.1,False,0,3.717956580898031,True,8.695108666666663,10.164627827401201,14.587574933333254,-1.6740799363498118,-1.8799999999999981,0.0,0.0,8.333333333333334,8.333333333333334,16.666666666666668,35.50214868338182,35.5,0.09843042027056548,-0.0499999999999996,-1.1,-1.1,8.333333333333334,8.333333333333334
48,1.2000000000000002,False,0,3.8194979793261705,True,8.695108666666663,11.390488631190475,15.019815266666722,-1.6080437095424558,-1.7999999999999998,0.0,0.0,8.333333333333334,8.333333333333334,16.666666666666668,35.62665774212276,36.33333333333333,-0.05674449507989143,-0.07999999999999963,-1.2000000000000002,-1.2000000000000002,8.333333333333334,8.333333333333334
48,1.3,False,0,3.6164151824698916,True,8.695108666666663,10.90902633583978,14.47735806666655,-1.849311272520643,-1.8899999999999997,0.0,0.0,8.333333333333334,8.333333333333334,16.666666666666668,36.47993872118023,37.16666666666666,-0.0257735155581289,-0.09000000000000008,-1.3,-1.3,8.333333333333334,8.333333333333334
48,1.4000000000000001,False,0,3.8194979793261705,True,8.695108666666663,11.063289377207393,15.312809866666537,-1.7440030614426316,-1.8999999999999986,0.0,0.0,8.333333333333334,8.333333333333334,16.666666666666668,37.29356668745429,38.0,0.05214866906220905,-0.08000000000000007,-1.4000000000000001,-1.4000000000000001,8.333333333333334,8.333333333333334
48,1.5,False,0,3.717956580898031,True,8.695108666666663,10.659488271056158,14.725136400000007,-1.895290911152344,-1.7999999999999998,0.0,0.0,8.333333333333334,8.333333333333334,16.666666666666668,37.73707670176812,38.83333333333333,-0.16713454469716682,-0.04999999999999982,-1.5,-1.5,8.333333333333334,8.333333333333334
48,1.6,False,0,3.717956580898031,True,8.695108666666663,10.285080222909581,15.42680686666662,-1.563459686934218,-1.879999999999999,0.0,0.0,8.333333333333334,8.333333333333334,16.666666666666668,36.23086248938351,38.83333333333333,0.14028774487588747,-0.1599999999999997,-1.6,-1.6,8.333333333333334,8.333333333333334
48,1.7000000000000002,False,0,3.6164151824698916,True,8.695108666666663,11.372777092140478,14.853430733333294,-1.7873062170723215,-1.8300000000000005,0.0,0.0,8.333333333333334,8.333333333333334,16.666666666666668,38.014174110788204,39.666666666666664,0.2332904378497478,-0.09999999999999964,-1.7000000000000002,-1.7000000000000002,8.333333333333334,8.333333333333334
49,0.0,False,0,4.0,False,16.666666666666668,-3.433337640767209,-4.2666666666665405,1.6329196026690793,1.6,0.0,0.0,8.333333333333334,8.333333333333334,,,,,,,,,
49,0.1,False,0,4.0,True,16.287166666666668,-4.173407515606743,-4.282733333333442,0.8384347845828133,0.9600000000000009,-0.1,-0.1,8.333333333333334,8.333333333333334,15.907666666666668,70.24430448617134,69.15376666666675,-0.0793199965876572,-0.00999999999999579,-0.1,-0.1,8.333333333333334,8.333333333333334
49,0.2,False,0,3.799999999999999,True,8.695108666666663,11.076873416476243,14.382596399999965,0.8542254152392226,0.5800000000000005,-0.2,-0.2,8.333333333333334,8.333333333333334,7.935814666666663,15.799960619081926,15.575152400000047,-0.1492464647024696,-0.019999999999997353,-0.2,-0.2,8.333333333333334,8.333333333333334
49,0.30000000000000004,False,0,3.535182063727383,True,8.695108666666663,11.258182247779484,14.475750133333161,-1.8770600980119505,-1.8899999999999975,0.0,0.0,8.333333333333334,8.333333333333334,10.213696666666664,17.44028773143948,18.107366599999988,0.06355883821208974,-0.020000000000001572,-0.30000000000000004,-0.30000000000000004,8.333333333333334,8.333333333333334
49,0.4,False,0,3.839806259011798,True,8.695108666666663,11.351387191766658,14.622372933333363,-1.893187556495232,-1.880000000000006,0.0,0.0,8.333333333333334,8.333333333333334,11.732284666666665,20.908605897405945,22.751695666666688,-0.06254870937501766,-6.661338147750939e-16,-0.4,-0.4,8.333333333333334,8.333333333333334
49,0.5,False,0,3.636723462155521,True,8.695108666666663,10.625833628225845,14.66233059999993,-1.6428658532291143,-1.85,0.0,0.0,8.333333333333334,8.333333333333334,12.491578666666665,21.299366625794665,24.559909733333345,0.3681497827096183,0.0,-0.5,-0.5,8.333333333333334,8.333333333333334
49,0.6000000000000001,False,0,3.636723462155521,True,8.695108666666663,11.37808588038639,14.043738199999876,-1.857116301564341,-1.8599999999999959,0.0,0.0,8.333333333333334,8.333333333333334,14.769166666666667,22.786203331808583,26.942750000000007,0.11450207862919637,-0.019999999999999574,-0.6000000000000001,-0.6000000000000001,8.333333333333334,8.333333333333334
49,0.7000000000000001,False,0,3.636723462155521,True,8.695108666666663,11.032381069747228,15.36042673333321,-1.683946266425171,-1.899999999999999,0.0,0.0,8.333333333333334,8.333333333333334,16.540166666666668,28.396387993015747,29.845983333333333,0.24876657030958294,-0.009999999999999343,-0.7000000000000001,-0.7000000000000001,8.333333333333334,8.333333333333334
49,0.8,False,0,3.7382648605836586,True,8.695108666666663,10.97858107760133,15.951674533333257,-1.7370147687673338,-1.8799999999999994,0.0,0.0,8.333333333333334,8.333333333333334,16.666666666666668,31.188925942343698,32.33333333333333,0.09327723173623559,-2.220446049250313e-16,-0.8,-0.8,8.333333333333334,8.333333333333334
49,0.9,False,0,3.7382648605836586,True,8.695108666666663,10.733505171655008,14.229884466666629,-1.835787709438696,-1.8900000000000028,0.0,0.0,8.333333333333334,8.333333333333334,16.666666666666668,29.760448597084523,33.99999999999999,0.6334318001190424,-0.02000000000000024,-0.9,-0.9,8.333333333333334,8.333333333333334
49,1.0,False,0,3.7382648605836586,True,8.695108666666663,10.66451705994147,15.937377199999954,-1.703246634716196,-1.7999999999999998,0.0,0.0,8.333333333333334,8.333333333333334,16.666666666666668,32.307098638175056,35.66666666666666,0.26421819534072366,0.0,-1.0,-1.0,8.333333333333334,8.333333333333334
49,1.1,False,0,3.7382648605836586,True,8.695108666666663,10.344894556375163,14.768973133333343,-1.7003500376505811,-1.8799999999999981,0.0,0.0,8.333333333333334,8.333333333333334,16.666666666666668,33.28411651041685,36.5,0.40956266318372725,-0.0499999999999996,-1.1,-1.1,8.333333333333334,8.333333333333334
49,1.2000000000000002,False,0,3.7382648605836586,True,8.695108666666663,9.543463651939572,16.146859533333295,-1.6555012321808764,-1.7999999999999998,0.0,0.0,8.333333333333334,8.333333333333334,16.666666666666668,35.81391237032878,37.333333333333336,0.16996805689769356,-0.07999999999999963,-1.2000000000000002,-1.2000000000000002,8.333333333333334,8.333333333333334
49,1.3,False,0,3.7382648605836586,True,8.695108666666663,10.6359009791456,14.812299333333225,-1.8686076861899177,-1.8899999999999997,0.0,0.0,8.333333333333334,8.333333333333334,16.666666666666668,38.05201195592181,38.16666666666666,-0.1411748398539001,-0.09000000000000008,-1.3,-1.3,8.333333333333334,8.333333333333334
49,1.4000000000000001,False,0,3.7382648605836586,True,8.695108666666663,11.490580400833078,13.95833586666647,-1.8158463445047652,-1.8999999999999986,0.0,0.0,8.333333333333334,8.333333333333334,16.666666666666668,38.150864922874504,39.0,-0.27424574895558473,-0.08000000000000007,-1.4000000000000001,-1.4000000000000001,8.333333333333334,8.333333333333334
49,1.5,False,0,3.839806259011798,True,8.695108666666663,11.236356235382129,15.33119206666667,-1.8208790639686439,-1.7999999999999998,0.0,0.0,8.333333333333334,8.333333333333334,16.666666666666668,38.333365084094964,39.83333333333333,0.37433885908648135,-0.04999999999999982,-1.5,-1.5,8.333333333333334,8.333333333333334
49,1.6,False,0,3.7382648605836586,True,8.695108666666663,11.32596652026798,15.488515266666564,-1.6492204141895557,-1.879999999999999,0.0,0.0,8.333333333333334,8.333333333333334,16.666666666666668,38.975056705160014,39.83333333333333,-0.14456358519712964,-0.1599999999999997,-1.6,-1.6,8.333333333333334,8.333333333333334
49,1.7000000000000002,False,0,3.636723462155521,True,8.695108666666663,11.544526322648363,14.9660482,-1.753968342276299,-1.8300000000000005,0.0,0.0,8.333333333333334,8.333333333333334,16.666666666666668,40.58608197807732,40.666666666666664,-0.1415490039261149,-0.09999999999999964,-1.7000000000000002,-1.7000000000000002,8.333333333333334,8.333333333333334
50,0.0,False,0,4.0,False,16.666666666666668,-1.8936017527772746,-4.166666666666802,1.572933447590822,1.6,0.0,0.0,8.333333333333334,8.333333333333334,,,,,,,,,
50,0.1,False,0,4.0,True,16.666666666666668,-2.972568592075521,-4.166666666666802,0.9300312036963172,0.9500000000000006,-0.1,-0.1,8.333333333333334,8.333333333333334,16.666666666666668,76.33417519797946,75.56666666666634,-0.10618924007657116,-0.00999999999999579,-0.1,-0.1,8.333333333333334,8.333333333333334
50,0.2,False,0,3.759796167229518,True,8.695108666666663,10.457511650549048,14.039203266666558,0.3653575954495487,0.3200000000000016,-0.2,-0.2,8.333333333333334,8.333333333333334,7.935814666666663,14.58401247528364,14.714984999999967,-0.15928961065153935,-0.019999999999997353,-0.2,-0.2,8.333333333333334,8.333333333333334
50,0.30000000000000004,False,0,3.758573140269288,True,8.695108666666663,10.890229846578091,15.206754199999875,-1.477816034675078,-1.4600000000000048,-0.30000000000000004,-0.30000000000000004,8.333333333333334,8.333333333333334,10.213696666666664,18.588578305525584,18.689651999999963,-0.11397918631008497,-0.020000000000001572,-0.30000000000000004,-0.30000000000000004,8.333333333333334,8.333333333333334
50,0.4,False,0,3.758573140269288,True,8.695108666666663,10.705740467444482,14.928491133333377,-1.8380637921509195,-1.880000000000006,0.0,0.0,8.333333333333334,8.333333333333334,11.732284666666665,18.30706158094262,22.38517226666669,0.29659268568245567,-6.661338147750939e-16,-0.4,-0.4,8.333333333333334,8.333333333333334
50,0.5,False,0,3.8601145386974256,True,8.695108666666663,11.427329092543555,13.837266533332961,-1.6542626562323877,-1.85,0.0,0.0,8.333333333333334,8.333333333333334,12.491578666666665,23.171071788432133,25.749630333333346,0.04812369450014775,0.0,-0.5,-0.5,8.333333333333334,8.333333333333334
50,0.6000000000000001,False,0,3.758573140269288,True,8.695108666666663,10.484406913913613,14.754752133333323,-1.8787469992868933,-1.8599999999999959,0.0,0.0,8.333333333333334,8.333333333333334,14.769166666666667,25.41843347489632,27.942750000000007,0.17146658058846986,-0.019999999999999574,-0.6000000000000001,-0.6000000000000001,8.333333333333334,8.333333333333334
50,0.7000000000000001,False,0,3.65703174184115,True,8.695108666666663,11.461671756650485,14.87232346666654,-1.803485384731985,-1.899999999999999,0.0,0.0,8.333333333333334,8.333333333333334,16.666666666666668,30.856390625497983,30.833333333333332,0.08070134950253105,-0.009999999999999343,-0.7000000000000001,-0.7000000000000001,8.333333333333334,8.333333333333334
50,0.8,False,0,3.65703174184115,True,8.695108666666663,10.743480061544101,14.221562066666717,-1.714632211775258,-1.8799999999999994,0.0,0.0,8.333333333333334,8.333333333333334,16.666666666666668,33.474725541488084,33.33333333333333,-0.2745185236805596,-2.220446049250313e-16,-0.8,-0.8,8.333333333333334,8.333333333333334
50,0.9,False,0,3.5554903434130107,True,8.695108666666663,8.94400672819604,15.63394173333334,-1.7233446388479883,-1.8900000000000028,0.0,0.0,8.333333333333334,8.333333333333334,16.666666666666668,34.2231544377232,34.99999999999999,0.21334689938162965,-0.02000000000000024,-0.9,-0.9,8.333333333333334,8.333333333333334
50,1.0,False,0,3.65703174184115,True,8.695108666666663,10.987278337032944,14.38771819999992,-1.8079438542171569,-1.7999999999999998,0.0,0.0,8.333333333333334,8.333333333333334,16.666666666666668,32.63788205800585,36.66666666666666,0.5641668543672878,0.0,-1.0,-1.0,8.333333333333334,8.333333333333334
50,1.1,False,0,3.65703174184115,True,8.695108666666663,11.270650455695726,14.626663600000011,-1.8571416395462792,-1.8799999999999981,0.0,0.0,8.333333333333334,8.333333333333334,16.666666666666668,36.57787551641091,37.5,0.09694834340331315,-0.0499999999999996,-1.1,-1.1,8.333333333333334,8.333333333333334
50,1.2000000000000002,False,0,3.5554903434130107,True,8.695108666666663,11.419159931451102,15.579892533333318,-1.8143633005666808,-1.7999999999999998,0.0,0.0,8.333333333333334,8.333333333333334,16.666666666666668,37.38796980455076,38.333333333333336,0.3058470395045001,-0.07999999999999963,-1.2000000000000002,-1.2000000000000002,8.333333333333334,8.333333333333334
50,1.3,False,0,3.65703174184115,True,8.695108666666663,9.786409263789036,14.988438933333367,-1.6910808959778114,-1.8899999999999997,0.0,0.0,8.333333333333334,8.333333333333334,16.666666666666668,38.35894364232165,39.16666666666666,-0.062045653712446525,-0.09000000000000008,-1.3,-1.3,8.333333333333334,8.333333333333334
50,1.4000000000000001,False,0,3.758573140269288,True,8.695108666666663,11.111858954882944,15.271526399999924,-1.6693618723912138,-1.8999999999999986,0.0,0.0,8.333333333333334,8.333333333333334,16.666666666666668,37.65728226049695,40.0,0.5600970084656693,-0.08000000000000007,-1.4000000000000001,-1.4000000000000001,8.333333333333334,8.333333333333334
50,1.5,False,0,3.758573140269288,True,8.695108666666663,10.902851863786008,14.236675266666037,-1.8793398808678503,-1.7999999999999998,0.0,0.0,8.333333333333334,8.333333333333334,16.666666666666668,39.24823565085339,40.83333333333333,0.1679631495584255,-0.04999999999999982,-1.5,-1.5,8.333333333333334,8.333333333333334
50,1.6,False,0,3.65703174184115,True,8.695108666666663,10.853854333768748,15.801782133333358,-1.8835605044632089,-1.879999999999999,0.0,0.0,8.333333333333334,8.333333333333334,16.666666666666668,39.124282246461775,40.83333333333333,0.009950178598292725,-0.1599999999999997,-1.6,-1.6,8.333333333333334,8.333333333333334
50,1.7000000000000002,False,0,3.8601145386974256,True,8.695108666666663,11.458299401082225,15.827030866666629,-1.8653349683710336,-1.8300000000000005,0.0,0.0,8.333333333333334,8.333333333333334,16.666666666666668,40.632945156082286,41.666666666666664,0.1872287209906065,-0.09999999999999964,-1.7000000000000002,-1.7000000000000002,8.333333333333334,8.333333333333334
51,0.0,False,0,4.0,False,16.666666666666668,-2.832375405877772,-4.000000000000145,1.4567760098776188,1.6,0.0,0.0,8.333333333333334,8.333333333333334,,,,,,,,,
51,0.1,False,0,4.0,True,16.666666666666668,-2.1996782430119906,-4.000000000000145,1.1704380388689346,0.9400000000000008,-0.1,-0.1,8.333333333333334,8.333333333333334,16.666666666666668,76.37522710679987,74.56666666666634,0.24301461816862568,-0.00999999999999579,-0.1,-0.1,8.333333333333334,8.333333333333334
51,0.2,False,0,4.0,True,8.695108666666663,8.980001494755452,14.906054599999958,-0.020988394268755428,-0.3199999999999963,-0.2,-0.2,8.333333333333334,8.333333333333334,8.695108666666663,12.860186964495579,15.448717600000005,-0.024841567107753315,-0.019999999999997353,-0.2,-0.2,8.333333333333334,8.333333333333334
51,0.30000000000000004,False,0,3.5757986230986383,True,8.695108666666663,11.127098573141634,14.918050266666622,-1.086564311799189,-1.490000000000005,-0.30000000000000004,-0.30000000000000004,8.333333333333334,8.333333333333334,10.213696666666664,16.78381877555955,18.96863139999999,0.27843615733543636,-0.020000000000001572,-0.30000000000000004,-0.30000000000000004,8.333333333333334,8.333333333333334
51,0.4,False,0,3.778881419954917,True,8.695108666666663,10.355169183407536,14.389913000000018,-1.8823858547032424,-1.880000000000006,0.0,0.0,8.333333333333334,8.333333333333334,11.732284666666665,21.23865302059966,22.89173406666669,0.058027967164965055,-6.661338147750939e-16,-0.4,-0.4,8.333333333333334,8.333333333333334
51,0.5,False,0,3.5757986230986383,True,8.695108666666663,11.094821617622483,14.689827866666473,-1.771970723203954,-1.85,0.0,0.0,8.333333333333334,8.333333333333334,13.250872666666666,24.641183147174846,25.383312733333344,0.11187975002733186,0.0,-0.5,-0.5,8.333333333333334,8.333333333333334
51,0.6000000000000001,False,0,3.6773400215267777,True,8.695108666666663,10.717084956275425,14.948329199999915,-1.8462691146875518,-1.8599999999999959,0.0,0.0,8.333333333333334,8.333333333333334,15.907666666666668,27.14179978321012,28.62650000000001,0.3851929089123045,-0.019999999999999574,-0.6000000000000001,-0.6000000000000001,8.333333333333334,8.333333333333334
51,0.7000000000000001,False,0,3.6773400215267777,True,8.695108666666663,10.504059907170454,14.663351666666667,-1.6163869875678851,-1.899999999999999,0.0,0.0,8.333333333333334,8.333333333333334,16.666666666666668,29.469227256004604,31.833333333333332,0.14340873478530503,-0.009999999999999343,-0.7000000000000001,-0.7000000000000001,8.333333333333334,8.333333333333334
51,0.8,False,0,3.6773400215267777,True,8.695108666666663,10.883282397472978,15.053721666666686,-1.5667052053961985,-1.8799999999999994,0.0,0.0,8.333333333333334,8.333333333333334,16.666666666666668,30.917379514228625,34.33333333333333,0.45687382654014064,-2.220446049250313e-16,-0.8,-0.8,8.333333333333334,8.333333333333334
51,0.9,False,0,3.778881419954917,True,8.695108666666663,11.448291371968462,14.83433219999996,-1.4948892361124555,-1.8900000000000028,0.0,0.0,8.333333333333334,8.333333333333334,16.666666666666668,34.45742062501221,35.99999999999999,0.12689207215773113,-0.02000000000000024,-0.9,-0.9,8.333333333333334,8.333333333333334
51,1.0,False,0,3.778881419954917,True,8.695108666666663,11.34996207182827,14.878092600000041,-1.6607282263293597,-1.7999999999999998,0.0,0.0,8.333333333333334,8.333333333333334,16.666666666666668,37.01907395135916,37.66666666666666,0.3802465934096113,0.0,-1.0,-1.0,8.333333333333334,8.333333333333334
51,1.1,False,0,3.6773400215267777,True,8.695108666666663,10.90154261663292,15.03541579999995,-1.7513668536204734,-1.8799999999999981,0.0,0.0,8.333333333333334,8.333333333333334,16.666666666666668,36.830304078321205,38.5,0.22150934072737272,-0.0499999999999996,-1.1,-1.1,8.333333333333334,8.333333333333334
51,1.2000000000000002,False,0,3.778881419954917,True,8.695108666666663,11.022782752737381,16.136723400000005,-1.8120591798386916,-1.7999999999999998,0.0,0.0,8.333333333333334,8.333333333333334,16.666666666666668,38.426566761108695,39.333333333333336,0.06338978917567006,-0.07999999999999963,-1.2000000000000002,-1.2000000000000002,8.333333333333334,8.333333333333334
51,1.3,False,0,3.778881419954917,True,8.695108666666663,10.684342561008304,13.919170866666416,-1.8425024554030758,-1.8899999999999997,0.0,0.0,8.333333333333334,8.333333333333334,16.666666666666668,40.264265551859836,40.16666666666666,-0.24874536200153874,-0.09000000000000008,-1.3,-1.3,8.333333333333334,8.333333333333334
51,1.4000000000000001,False,0,3.778881419954917,True,8.695108666666663,10.086215960694656,14.531048800000033,-1.7293402515343073,-1.8999999999999986,0.0,0.0,8.333333333333334,8.333333333333334,16.666666666666668,41.05116913280111,41.0,-0.11546460360655808,-0.08000000000000007,-1.4000000000000001,-1.4000000000000001,8.333333333333334,8.333333333333334
51,1.5,False,0,3.6773400215267777,True,8.695108666666663,11.257810341540615,15.133225400000125,-1.8352145137822926,-1.7999999999999998,0.0,0.0,8.333333333333334,8.333333333333334,16.666666666666668,40.86487052599057,41.83333333333334,0.0616943486967525,-0.04999999999999982,-1.5,-1.5,8.333333333333334,8.333333333333334
51,1.6,False,0,3.6773400215267777,True,8.695108666666663,11.351340769047038,14.015296199999863,-1.73948799373439,-1.879999999999999,0.0,0.0,8.333333333333334,8.333333333333334,16.666666666666668,40.90881680566805,41.83333333333334,-0.11675171908545501,-0.1599999999999997,-1.6,-1.6,8.333333333333334,8.333333333333334
51,1.7000000000000002,False,0,3.778881419954917,True,8.695108666666663,10.785643411475558,15.177367466666322,-1.6425562808609053,-1.8300000000000005,0.0,0.0,8.333333333333334,8.333333333333334,16.666666666666668,41.66503545103846,42.666666666666664,0.060064816009875344,-0.09999999999999964,-1.7000000000000002,-1.7000000000000002,8.333333333333334,8.333333333333334
52,0.0,False,0,4.0,False,16.666666666666668,-3.147360984291356,-3.9333333333331977,1.7242254372622323,1.6,0.0,0.0,8.333333333333334,8.333333333333334,,,,,,,,,
52,0.1,False,0,4.0,True,16.666666666666668,-2.3717116324307055,-3.9333333333331977,0.9788085305755931,0.9200000000000008,-0.1,-0.1,8.333333333333334,8.333333333333334,16.666666666666668,73.63230090121168,73.56666666666634,0.03603660008456955,-0.00999999999999579,-0.1,-0.1,8.333333333333334,8.333333333333334
52,0.2,False,0,4.0,True,8.695108666666663,10.834823303591588,15.15751299999992,-0.4814191005727879,-0.43999999999999595,-0.2,-0.2,8.333333333333334,8.333333333333334,8.695108666666663,13.162986603940677,15.917241199999975,0.10206738602910281,-0.019999999999997353,-0.2,-0.2,8.333333333333334,8.333333333333334
52,0.30000000000000004,False,0,3.6976483012124053,True,8.695108666666663,10.670246944005026,14.862187333333264,-1.1746428729083993,-1.6100000000000052,-0.30000000000000004,-0.30000000000000004,8.333333333333334,8.333333333333334,10.972990666666664,18.23935348177829,19.057478599999992,0.1531645476641743,-0.020000000000001572,-0.30000000000000004,-0.30000000000000004,8.333333333333334,8.333333333333334
52,0.4,False,0,3.7991896996405448,True,8.695108666666663,11.43833266921055,14.516827799999955,-1.715889358982603,-1.880000000000006,0.0,0.0,8.333333333333334,8.333333333333334,11.732284666666665,22.66188281288598,23.39829586666669,-0.024751664447103527,-6.661338147750939e-16,-0.4,-0.4,8.333333333333334,8.333333333333334
52,0.5,False,0,3.6976483012124053,True,8.695108666666663,11.449871615407073,14.012232399999998,-1.796859081731688,-1.85,0.0,0.0,8.333333333333334,8.333333333333334,13.250872666666666,25.042161618195127,26.383312733333344,0.049353013213385255,0.0,-0.5,-0.5,8.333333333333334,8.333333333333334
52,0.6000000000000001,False,0,3.6976483012124053,True,8.695108666666663,11.339531966338154,14.818426933333125,-1.8691018349037603,-1.8599999999999959,0.0,0.0,8.333333333333334,8.333333333333334,16.287166666666668,27.511426562800107,29.550600000000014,0.2642587002240968,-0.019999999999999574,-0.6000000000000001,-0.6000000000000001,8.333333333333334,8.333333333333334
52,0.7000000000000001,False,0,3.7991896996405448,True,8.695108666666663,10.657185868003705,14.899614933333122,-1.867287266176312,-1.899999999999999,0.0,0.0,8.333333333333334,8.333333333333334,16.666666666666668,32.02441149146916,32.833333333333336,0.051709256292466144,-0.009999999999999343,-0.7000000000000001,-0.7000000000000001,8.333333333333334,8.333333333333334
52,0.8,False,0,3.6976483012124053,True,8.695108666666663,10.857776694328262,14.830018333333268,-1.7935704227806317,-1.8799999999999994,0.0,0.0,8.333333333333334,8.333333333333334,16.666666666666668,34.347131773649835,35.33333333333333,0.2734279801195849,-2.220446049250313e-16,-0.8,-0.8,8.333333333333334,8.333333333333334
52,0.9,False,0,3.7991896996405448,True,8.695108666666663,11.461934593520507,15.684797666666608,-1.874387010497455,-1.8900000000000028,0.0,0.0,8.333333333333334,8.333333333333334,16.666666666666668,36.9329063434267,36.99999999999999,-0.2582285859152147,-0.02000000000000024,-0.9,-0.9,8.333333333333334,8.333333333333334
52,1.0,False,0,3.6976483012124053,True,8.695108666666663,11.230020478050744,14.543738199999904,-1.8785114807299126,-1.7999999999999998,0.0,0.0,8.333333333333334,8.333333333333334,16.666666666666668,35.29896731063316,38.66666666666666,0.363427885997448,0.0,-1.0,-1.0,8.333333333333334,8.333333333333334
52,1.1,False,0,3.6976483012124053,True,8.695108666666663,11.165531323198007,16.72067046666653,-1.7689844158826307,-1.8799999999999981,0.0,0.0,8.333333333333334,8.333333333333334,16.666666666666668,38.89662938128028,39.5,0.13500087755861667,-0.0499999999999996,-1.1,-1.1,8.333333333333334,8.333333333333334
52,1.2000000000000002,False,0,3.7991896996405448,True,8.695108666666663,11.267865543143028,15.323456533333225,-1.7934833349018682,-1.7999999999999998,0.0,0.0,8.333333333333334,8.333333333333334,16.666666666666668,38.85025325464806,40.333333333333336,-0.010017350458637164,-0.07999999999999963,-1.2000000000000002,-1.2000000000000002,8.333333333333334,8.333333333333334
52,1.3,False,0,3.6976483012124053,True,8.695108666666663,11.344856563073403,14.0591329333332,-1.844303113593975,-1.8899999999999997,0.0,0.0,8.333333333333334,8.333333333333334,16.666666666666668,39.462510206046005,41.16666666666666,0.12995516462404577,-0.09000000000000008,-1.3,-1.3,8.333333333333334,8.333333333333334
52,1.4000000000000001,False,0,3.6976483012124053,True,8.695108666666663,11.556069843054086,14.869770200000072,-1.8515905300146003,-1.8999999999999986,0.0,0.0,8.333333333333334,8.333333333333334,16.666666666666668,40.15880067565712,42.0,0.16473823447203095,-0.08000000000000007,-1.4000000000000001,-1.4000000000000001,8.333333333333334,8.333333333333334
52,1.5,False,0,3.5961069027842676,True,8.695108666666663,11.481570245141935,15.63095426666656,-1.671311310610628,-1.7999999999999998,0.0,0.0,8.333333333333334,8.333333333333334,16.666666666666668,40.50316274286456,42.83333333333334,0.39941075108076296,-0.04999999999999982,-1.5,-1.5,8.333333333333334,8.333333333333334
52,1.6,False,0,3.7991896996405448,True,8.695108666666663,9.991565567183994,14.277448199999593,-1.7736795667590577,-1.879999999999999,0.0,0.0,8.333333333333334,8.333333333333334,16.666666666666668,42.95989112809566,42.83333333333334,-0.06793247101141353,-0.1599999999999997,-1.6,-1.6,8.333333333333334,8.333333333333334
52,1.7000000000000002,False,0,3.6976483012124053,True,8.695108666666663,11.019762583321903,14.261466599999874,-1.7502565670476353,-1.8300000000000005,0.0,0.0,8.333333333333334,8.333333333333334,16.666666666666668,43.7102145871599,43.666666666666664,0.05045182900354428,-0.09999999999999964,-1.7000000000000002,-1.7000000000000002,8.333333333333334,8.333333333333334
53,0.0,False,0,4.0,False,16.666666666666668,-3.2700814155273887,-4.099999999999869,1.8150999392170566,1.6,0.0,0.0,8.333333333333334,8.333333333333334,,,,,,,,,
53,0.1,False,0,4.0,True,16.666666666666668,-4.284170015861238,-4.099999999999869,1.035137467014235,0.910000000000001,-0.1,-0.1,8.333333333333334,8.333333333333334,16.666666666666668,74.26428958465699,72.56666666666634,-0.32507859351624613,-0.00999999999999579,-0.1,-0.1,8.333333333333334,8.333333333333334
53,0.2,False,0,4.0,True,8.695108666666663,11.506826653984984,14.825453466666556,0.07261192872803823,-0.3999999999999959,-0.2,-0.2,8.333333333333334,8.333333333333334,8.695108666666663,14.784597929174023,15.512826599999922,0.03935517238150221,-0.019999999999997353,-0.2,-0.2,8.333333333333334,8.333333333333334
53,0.30000000000000004,False,0,3.8194979793261723,True,8.695108666666663,11.336001866932872,14.726386466666394,-1.8596534317747426,-1.8899999999999975,0.0,0.0,8.333333333333334,8.333333333333334,10.972990666666664,18.12440199829808,19.75376099999998,0.28682251016622295,-0.020000000000001572,-0.30000000000000004,-0.30000000000000004,8.333333333333334,8.333333333333334
53,0.4,False,0,3.7179565808980346,True,8.695108666666663,11.284118724863799,14.53623166666615,-1.654213997673881,-1.880000000000006,0.0,0.0,8.333333333333334,8.333333333333334,12.491578666666665,22.509538524958504,23.56327826666669,-0.06370888897567051,-6.661338147750939e-16,-0.4,-0.4,8.333333333333334,8.333333333333334
53,0.5,False,0,3.7179565808980346,True,8.695108666666663,11.36525379668576,14.700116066666691,-1.6132908672625368,-1.85,0.0,0.0,8.333333333333334,8.333333333333334,14.010166666666667,26.924837009159706,27.041733333333344,-0.20595165566946916,0.0,-0.5,-0.5,8.333333333333334,8.333333333333334
53,0.6000000000000001,False,0,3.7179565808980346,True,8.695108666666663,8.076758736378661,15.74883033333344,-1.8522890875826967,-1.8599999999999959,0.0,0.0,8.333333333333334,8.333333333333334,16.540166666666668,27.282199269969592,30.51265000000002,-0.1339395616727599,-0.019999999999999574,-0.6000000000000001,-0.6000000000000001,8.333333333333334,8.333333333333334
53,0.7000000000000001,False,0,3.8194979793261723,True,8.695108666666663,11.149836545929684,14.581676333332961,-1.776300520321667,-1.899999999999999,0.0,0.0,8.333333333333334,8.333333333333334,16.666666666666668,32.82543326022033,33.833333333333336,-0.03914711010533822,-0.009999999999999343,-0.7000000000000001,-0.7000000000000001,8.333333333333334,8.333333333333334
53,0.8,False,0,3.7179565808980346,True,8.695108666666663,10.863137786236319,14.496913999999787,-1.8291107569189489,-1.8799999999999994,0.0,0.0,8.333333333333334,8.333333333333334,16.666666666666668,36.27844622644446,36.33333333333333,-0.15700520883608426,-2.220446049250313e-16,-0.8,-0.8,8.333333333333334,8.333333333333334
53,0.9,False,0,3.8194979793261723,True,8.695108666666663,11.275606698243688,13.637920333333096,-1.8524464256456457,-1.8900000000000028,0.0,0.0,8.333333333333334,8.333333333333334,16.666666666666668,37.13544695938857,37.99999999999999,0.10167419824928992,-0.02000000000000024,-0.9,-0.9,8.333333333333334,8.333333333333334
53,1.0,False,0,3.8194979793261723,True,8.695108666666663,11.072088121968317,14.654031399999734,-1.7878305300098645,-1.7999999999999998,0.0,0.0,8.333333333333334,8.333333333333334,16.666666666666668,38.690474955468616,39.66666666666666,0.0838408424545265,0.0,-1.0,-1.0,8.333333333333334,8.333333333333334
53,1.1,False,0,3.9210393777543118,True,8.695108666666663,11.499263801816323,14.12778419999982,-1.8884979212378175,-1.8799999999999981,0.0,0.0,8.333333333333334,8.333333333333334,16.666666666666668,38.79018140334699,40.5,0.21497851894670905,-0.0499999999999996,-1.1,-1.1,8.333333333333334,8.333333333333334
53,1.2000000000000002,False,0,3.8194979793261723,True,8.695108666666663,11.443129591404595,14.853224933333262,-1.6644482088127075,-1.7999999999999998,0.0,0.0,8.333333333333334,8.333333333333334,16.666666666666668,40.418165648617524,41.333333333333336,0.20391649349258145,-0.07999999999999963,-1.2000000000000002,-1.2000000000000002,8.333333333333334,8.333333333333334
53,1.3,False,0,3.7179565808980346,True,8.695108666666663,10.752106396850262,15.798870999999917,-1.843562687699222,-1.8899999999999997,0.0,0.0,8.333333333333334,8.333333333333334,16.666666666666668,41.4288632886732,42.16666666666666,0.03260075186961786,-0.09000000000000008,-1.3,-1.3,8.333333333333334,8.333333333333334
53,1.4000000000000001,False,0,3.616415182469895,True,8.695108666666663,11.528441702236261,15.128553666666772,-1.8930795383915917,-1.8999999999999986,0.0,0.0,8.333333333333334,8.333333333333334,16.666666666666668,42.15048657549595,43.0,0.31516411194287075,-0.08000000000000007,-1.4000000000000001,-1.4000000000000001,8.333333333333334,8.333333333333334
53,1.5,False,0,3.7179565808980346,True,8.695108666666663,10.75504653362584,14.081523666666623,-1.6711530502000511,-1.7999999999999998,0.0,0.0,8.333333333333334,8.333333333333334,16.666666666666668,43.07472395134356,43.83333333333334,0.2584408502949893,-0.04999999999999982,-1.5,-1.5,8.333333333333334,8.333333333333334
53,1.6,False,0,3.7179565808980346,True,8.695108666666663,11.083601247063907,14.714413400000065,-1.746961059735786,-1.879999999999999,0.0,0.0,8.333333333333334,8.333333333333334,16.666666666666668,42.4102523523527,43.83333333333334,0.26554036789703295,-0.1599999999999997,-1.6,-1.6,8.333333333333334,8.333333333333334
53,1.7000000000000002,False,0,3.7179565808980346,True,8.695108666666663,11.516754691620331,14.033754733333051,-1.7775868787705698,-1.8300000000000005,0.0,0.0,8.333333333333334,8.333333333333334,16.666666666666668,43.774926942179924,44.666666666666664,0.04266109223340675,-0.09999999999999964,-1.7000000000000002,-1.7000000000000002,8.333333333333334,8.333333333333334
54,0.0,False,0,4.0,False,16.666666666666668,-1.6454884286660585,-4.266666666666526,1.5381901225604087,1.6,0.0,0.0,8.333333333333334,8.333333333333334,,,,,,,,,
54,0.1,False,0,4.0,True,16.666666666666668,-1.6984502158745611,-4.266666666666526,0.9384600974601178,0.9000000000000008,-0.1,-0.1,8.333333333333334,8.333333333333334,16.666666666666668,71.40196638136534,71.56666666666634,0.054772043782424396,-0.00999999999999579,-0.1,-0.1,8.333333333333334,8.333333333333334
54,0.2,False,0,3.899999999999999,True,8.695108666666663,10.000317530820976,15.164174866666624,-0.27108716256227794,-0.21999999999999664,-0.2,-0.2,8.333333333333334,8.333333333333334,8.695108666666663,13.765134241555895,15.525950199999993,-0.11503443444143713,-0.019999999999997353,-0.2,-0.2,8.333333333333334,8.333333333333334
54,0.30000000000000004,False,0,3.738264860583662,True,8.695108666666663,11.141735963505095,14.30581386666655,-1.6933783720054463,-1.8899999999999975,-0.30000000000000004,0.0,8.333333333333334,8.333333333333334,10.972990666666664,18.46403266691443,19.99467279999997,-0.22085634948809907,-0.020000000000001572,-0.30000000000000004,-0.30000000000000004,8.333333333333334,8.333333333333334
54,0.4,False,0,3.8398062590118016,True,8.695108666666663,11.269273675282175,14.60049273333318,-1.8967261574127334,-1.880000000000006,0.0,0.0,8.333333333333334,8.333333333333334,12.491578666666665,23.018735898514645,24.48734886666669,0.2919037053643945,-6.661338147750939e-16,-0.4,-0.4,8.333333333333334,8.333333333333334
54,0.5,False,0,3.8398062590118016,True,8.695108666666663,10.259579638617776,14.43032806666643,-1.656243609989203,-1.85,0.0,0.0,8.333333333333334,8.333333333333334,14.010166666666667,27.29707288072463,28.041733333333344,-0.02974565917348726,0.0,-0.5,-0.5,8.333333333333334,8.333333333333334
54,0.6000000000000001,False,0,3.738264860583662,True,8.695108666666663,11.367024537690593,15.35496233333323,-1.8530152187885551,-1.8599999999999959,0.0,0.0,8.333333333333334,8.333333333333334,16.666666666666668,29.12997034729145,31.500000000000018,0.3749330233389836,-0.019999999999999574,-0.6000000000000001,-0.6000000000000001,8.333333333333334,8.333333333333334
54,0.7000000000000001,False,0,3.6367234621555227,True,8.695108666666663,10.48471076788179,16.28988539999997,-1.6468185542096112,-1.899999999999999,0.0,0.0,8.333333333333334,8.333333333333334,16.666666666666668,32.47461820189897,34.833333333333336,0.14770236440346718,-0.009999999999999343,-0.7000000000000001,-0.7000000000000001,8.333333333333334,8.333333333333334
54,0.8,False,0,3.6367234621555227,True,8.695108666666663,11.352875258309194,14.730677133333199,-1.809104770168556,-1.8799999999999994,0.0,0.0,8.333333333333334,8.333333333333334,16.666666666666668,35.619017101696244,37.33333333333333,0.15750263214944704,-2.220446049250313e-16,-0.8,-0.8,8.333333333333334,8.333333333333334
54,0.9,False,0,3.8398062590118016,True,8.695108666666663,11.504631055793435,14.035949533332978,-1.873966495457972,-1.8900000000000028,0.0,0.0,8.333333333333334,8.333333333333334,16.666666666666668,38.26901592979156,38.99999999999999,0.07077257486475919,-0.02000000000000024,-0.9,-0.9,8.333333333333334,8.333333333333334
54,1.0,False,0,3.9413476574399393,True,8.695108666666663,10.580669843013407,16.446797,-1.849725182146391,-1.7999999999999998,0.0,0.0,8.333333333333334,8.333333333333334,16.666666666666668,37.31708330328908,40.66666666666666,0.48386818831935186,0.0,-1.0,-1.0,8.333333333333334,8.333333333333334
54,1.1,False,0,3.738264860583662,True,8.695108666666663,10.83219920888514,14.20843846666666,-1.734130393608813,-1.8799999999999981,0.0,0.0,8.333333333333334,8.333333333333334,16.666666666666668,40.44717063127506,41.5,-0.09733814565575138,-0.0499999999999996,-1.1,-1.1,8.333333333333334,8.333333333333334
54,1.2000000000000002,False,0,3.6367234621555227,True,8.695108666666663,11.362988774151699,14.57881833333327,-1.6014497254102165,-1.7999999999999998,0.0,0.0,8.333333333333334,8.333333333333334,16.666666666666668,42.30804231628152,42.333333333333336,0.047504476729274936,-0.07999999999999963,-1.2000000000000002,-1.2000000000000002,8.333333333333334,8.333333333333334
54,1.3,False,0,3.738264860583662,True,8.695108666666663,11.03432994774472,15.430457533333264,-1.8636552978401442,-1.8899999999999997,0.0,0.0,8.333333333333334,8.333333333333334,16.666666666666668,43.335181427105766,43.16666666666666,-0.03053390728147698,-0.09000000000000008,-1.3,-1.3,8.333333333333334,8.333333333333334
54,1.4000000000000001,False,0,3.738264860583662,True,8.695108666666663,11.43784009777762,16.44342846666667,-1.6995284317491075,-1.8999999999999986,0.0,0.0,8.333333333333334,8.333333333333334,16.666666666666668,42.206074012911046,44.0,0.3001115976583346,-0.08000000000000007,-1.4000000000000001,-1.4000000000000001,8.333333333333334,8.333333333333334
54,1.5,False,0,3.738264860583662,True,8.695108666666663,10.5231448982649,14.330834199999725,-1.6545158021820427,-1.7999999999999998,0.0,0.0,8.333333333333334,8.333333333333334,16.666666666666668,43.82763053634716,44.83333333333334,0.15951859961221038,-0.04999999999999982,-1.5,-1.5,8.333333333333334,8.333333333333334
54,1.6,False,0,3.738264860583662,True,8.695108666666663,10.192042932734164,14.356288733333184,-1.8793545728091037,-1.879999999999999,0.0,0.0,8.333333333333334,8.333333333333334,16.666666666666668,43.17295677446663,44.83333333333334,0.14192085786928166,-0.1599999999999997,-1.6,-1.6,8.333333333333334,8.333333333333334
54,1.7000000000000002,False,0,3.738264860583662,True,8.695108666666663,11.346216329253064,14.652857666666602,-1.8011920712481628,-1.8300000000000005,0.0,0.0,8.333333333333334,8.333333333333334,16.666666666666668,43.10069508168255,45.666666666666664,0.44666011709437603,-0.09999999999999964,-1.7000000000000002,-1.7000000000000002,8.333333333333334,8.333333333333334
55,0.0,False,0,4.0,False,16.666666666666668,-3.497740045129606,-4.166666666666816,1.6471999253517828,1.6,0.0,0.0,8.333333333333334,8.333333333333334,,,,,,,,,
55,0.1,False,0,4.0,True,15.401666666666667,-3.252296834806418,-3.9794999999998906,0.9696870114273182,0.8800000000000012,-0.1,-0.1,8.333333333333334,8.333333333333334,15.401666666666667,59.48685353144684,58.92866666666664,0.031014602917851075,-0.00999999999999579,-0.1,-0.1,8.333333333333334,8.333333333333334
55,0.2,False,0,3.899999999999999,True,8.695108666666663,10.530211981647977,15.227567533333268,-0.3737704795205339,-0.3599999999999961,-0.2,-0.2,8.333333333333334,8.333333333333334,8.695108666666663,14.976836386690376,15.842585599999975,0.14706250234095464,-0.019999999999997353,-0.2,-0.2,8.333333333333334,8.333333333333334
55,0.30000000000000004,False,0,3.7585731402692897,True,8.695108666666663,11.349289475287986,14.0097554666667,-1.8481449010889552,-1.8899999999999975,-0.30000000000000004,0.0,8.333333333333334,8.333333333333334,10.972990666666664,18.626912168864703,20.27344639999995,-0.16384288928953494,-0.020000000000001572,-0.30000000000000004,-0.30000000000000004,8.333333333333334,8.333333333333334
55,0.4,False,0,3.7585731402692897,True,8.695108666666663,11.293035430908969,13.850313799999793,-1.7094494544124827,-1.880000000000006,0.0,0.0,8.333333333333334,8.333333333333334,12.491578666666665,21.85648354073054,24.57640186666669,0.07987195013082249,-6.661338147750939e-16,-0.4,-0.4,8.333333333333334,8.333333333333334
55,0.5,False,0,3.7585731402692897,True,8.695108666666663,10.704476595242834,15.850801133333302,-1.6219209949872888,-1.85,0.0,0.0,8.333333333333334,8.333333333333334,15.401666666666667,26.854510462680725,28.586333333333346,-0.05280890589532827,0.0,-0.5,-0.5,8.333333333333334,8.333333333333334
55,0.6000000000000001,False,0,3.860114538697429,True,8.695108666666663,10.534639721418397,15.516164599999978,-1.8782912723397385,-1.8599999999999959,0.0,0.0,8.333333333333334,8.333333333333334,16.666666666666668,30.786227063957643,32.50000000000002,-0.027744594881804918,-0.019999999999999574,-0.6000000000000001,-0.6000000000000001,8.333333333333334,8.333333333333334
55,0.7000000000000001,False,0,3.657031741841152,True,8.695108666666663,11.335871251456876,14.716890333333321,-1.729844549122608,-1.899999999999999,0.0,0.0,8.333333333333334,8.333333333333334,16.666666666666668,35.90973618616297,35.833333333333336,-0.08556379572698036,-0.009999999999999343,-0.7000000000000001,-0.7000000000000001,8.333333333333334,8.333333333333334
55,0.8,False,0,3.7585731402692897,True,8.695108666666663,11.466568233041112,15.137973466666647,-1.681112416835193,-1.8799999999999994,0.0,0.0,8.333333333333334,8.333333333333334,16.666666666666668,35.75488828520375,38.33333333333333,0.4672888855197308,-2.220446049250313e-16,-0.8,-0.8,8.333333333333334,8.333333333333334
55,0.9,False,0,3.657031741841152,True,8.695108666666663,11.139470511894825,14.286334266666625,-1.78886358190001,-1.8900000000000028,0.0,0.0,8.333333333333334,8.333333333333334,16.666666666666668,38.54973028479059,39.99999999999999,-0.02407426896951037,-0.02000000000000024,-0.9,-0.9,8.333333333333334,8.333333333333334
55,1.0,False,0,3.657031741841152,True,8.695108666666663,10.350226498819477,13.866935399999942,-1.804450062166392,-1.7999999999999998,0.0,0.0,8.333333333333334,8.333333333333334,16.666666666666668,40.00003637978074,41.66666666666666,0.2827099460786635,0.0,-1.0,-1.0,8.333333333333334,8.333333333333334
55,1.1,False,0,4.0,True,8.695108666666663,10.928957742753976,14.329248866666585,-1.8778383005958221,-1.8799999999999981,0.0,0.0,8.333333333333334,8.333333333333334,16.666666666666668,41.24843275547694,42.5,0.19414837423315312,-0.0499999999999996,-1.1,-1.1,8.333333333333334,8.333333333333334
55,1.2000000000000002,False,0,3.7585731402692897,True,8.695108666666663,10.99407309174698,15.940593666666597,-1.797704753038012,-1.7999999999999998,0.0,0.0,8.333333333333334,8.333333333333334,16.666666666666668,42.40612823213423,43.333333333333336,0.06756570853703492,-0.07999999999999963,-1.2000000000000002,-1.2000000000000002,8.333333333333334,8.333333333333334
55,1.3,False,0,3.7585731402692897,True,8.695108666666663,10.683985459966973,15.582826866666519,-1.7739012798509013,-1.8899999999999997,0.0,0.0,8.333333333333334,8.333333333333334,16.666666666666668,42.52750465787905,44.16666666666666,0.00508123189781351,-0.09000000000000008,-1.3,-1.3,8.333333333333334,8.333333333333334
55,1.4000000000000001,False,0,3.7585731402692897,True,8.695108666666663,10.458705023215355,13.950829333332575,-1.7044441600592501,-1.8999999999999986,0.0,0.0,8.333333333333334,8.333333333333334,16.666666666666668,43.32017152042451,45.0,0.2330141053373911,-0.08000000000000007,-1.4000000000000001,-1.4000000000000001,8.333333333333334,8.333333333333334
55,1.5,False,0,3.657031741841152,True,8.695108666666663,10.926087625020994,14.235859399999963,-1.8188955740387969,-1.7999999999999998,0.0,0.0,8.333333333333334,8.333333333333334,16.666666666666668,45.1621986993772,45.83333333333334,-0.057143369954252066,-0.04999999999999982,-1.5,-1.5,8.333333333333334,8.333333333333334
55,1.6,False,0,3.7585731402692897,True,8.695108666666663,11.428943769031289,15.673487799999972,-1.8731705644631558,-1.879999999999999,0.0,0.0,8.333333333333334,8.333333333333334,16.666666666666668,44.96805726786329,45.83333333333334,-0.16832929260386242,-0.1599999999999997,-1.6,-1.6,8.333333333333334,8.333333333333334
55,1.7000000000000002,False,0,3.860114538697429,True,8.695108666666663,11.028093303711,14.37678939999996,-1.8639790901019042,-1.8300000000000005,0.0,0.0,8.333333333333334,8.333333333333334,16.666666666666668,46.818231015512346,46.666666666666664,0.02776400459287398,-0.09999999999999964,-1.7000000000000002,-1.7000000000000002,8.333333333333334,8.333333333333334
56,0.0,False,0,4.0,False,16.666666666666668,-1.980418031206642,-4.000000000000145,1.604516695576201,1.6,0.0,0.0,8.333333333333334,8.333333333333334,,,,,,,,,
56,0.1,False,0,4.0,True,15.401666666666667,-4.2452941478515696,-4.251433333333412,0.820216847384843,0.870000000000001,-0.1,-0.1,8.333333333333334,8.333333333333334,14.769166666666667,52.347719486544506,52.28676666666574,-0.06316389472860728,-0.00999999999999579,-0.1,-0.1,8.333333333333334,8.333333333333334
56,0.2,False,0,4.0,True,8.695108666666663,11.093915998042558,15.22197366666661,-0.32420345675721474,-0.5799999999999952,-0.2,-0.2,8.333333333333334,8.333333333333334,8.695108666666663,16.315222966870262,16.234944600000016,0.04894410264048332,-0.019999999999997353,-0.2,-0.2,8.333333333333334,8.333333333333334
56,0.30000000000000004,False,0,3.778881419954919,True,8.695108666666663,11.52684336106024,15.821848599999964,-1.4840501117950868,-1.5500000000000052,-0.30000000000000004,-0.30000000000000004,8.333333333333334,8.333333333333334,10.213696666666664,17.56993213283206,20.780008199999966,0.09196817599387663,-0.020000000000001572,-0.30000000000000004,-0.30000000000000004,8.333333333333334,8.333333333333334
56,0.4,False,0,3.8804228183830567,True,8.695108666666663,10.405625294564157,14.630108466666666,-1.7703830081379273,-1.880000000000006,0.0,0.0,8.333333333333334,8.333333333333334,12.491578666666665,23.23922286436729,25.65233126666669,0.21859420500645355,-6.661338147750939e-16,-0.4,-0.4,8.333333333333334,8.333333333333334
56,0.5,False,0,3.778881419954919,True,8.695108666666663,11.52087515085962,14.722225266666452,-1.785932435590831,-1.85,0.0,0.0,8.333333333333334,8.333333333333334,15.907666666666668,26.960213292837775,29.459833333333346,-0.07352128164023419,0.0,-0.5,-0.5,8.333333333333334,8.333333333333334
56,0.6000000000000001,False,0,3.6773400215267795,True,8.695108666666663,11.018492868198177,14.666491799999886,-1.8850931563097517,-1.8599999999999959,0.0,0.0,8.333333333333334,8.333333333333334,16.666666666666668,30.786409802905343,33.50000000000002,0.37872805281380684,-0.019999999999999574,-0.6000000000000001,-0.6000000000000001,8.333333333333334,8.333333333333334
56,0.7000000000000001,False,0,3.6773400215267795,True,8.695108666666663,11.100747852403327,14.702669333333187,-1.873920234790812,-1.899999999999999,0.0,0.0,8.333333333333334,8.333333333333334,16.666666666666668,35.635871324592706,36.833333333333336,0.10158688810069716,-0.009999999999999343,-0.7000000000000001,-0.7000000000000001,8.333333333333334,8.333333333333334
56,0.8,False,0,3.6773400215267795,True,8.695108666666663,11.240099359147376,13.888457733332796,-1.7344870238383525,-1.8799999999999994,0.0,0.0,8.333333333333334,8.333333333333334,16.666666666666668,39.224111172355464,39.33333333333333,-0.09566940155543557,-2.220446049250313e-16,-0.8,-0.8,8.333333333333334,8.333333333333334
56,0.9,False,0,3.57579862309864,True,8.695108666666663,11.378517664181597,15.934161333333147,-1.8669853502683202,-1.8900000000000028,0.0,0.0,8.333333333333334,8.333333333333334,16.666666666666668,40.978187893980255,40.99999999999999,0.05228331023955124,-0.02000000000000024,-0.9,-0.9,8.333333333333334,8.333333333333334
56,1.0,False,0,3.6773400215267795,True,8.695108666666663,11.494101296384297,15.458823199999966,-1.7683393814323463,-1.7999999999999998,0.0,0.0,8.333333333333334,8.333333333333334,16.666666666666668,41.8703961990729,42.66666666666666,0.33800062589248503,0.0,-1.0,-1.0,8.333333333333334,8.333333333333334
56,1.1,False,0,3.8804228183830567,True,8.695108666666663,11.188567903755892,14.778827133333447,-1.7139388160388078,-1.8799999999999981,0.0,0.0,8.333333333333334,8.333333333333334,16.666666666666668,42.42142024027065,43.5,0.2779859704550103,-0.0499999999999996,-1.1,-1.1,8.333333333333334,8.333333333333334
56,1.2000000000000002,False,0,3.778881419954919,True,8.695108666666663,11.550970605844764,15.004496866666653,-1.5535225083326447,-1.7999999999999998,0.0,0.0,8.333333333333334,8.333333333333334,16.666666666666668,43.77353500735014,44.333333333333336,0.06855260396070362,-0.07999999999999963,-1.2000000000000002,-1.2000000000000002,8.333333333333334,8.333333333333334
56,1.3,False,0,3.6773400215267795,True,8.695108666666663,11.18781950842357,13.80895399999967,-1.802328833858585,-1.8899999999999997,0.0,0.0,8.333333333333334,8.333333333333334,16.666666666666668,45.19802657901114,45.16666666666666,-0.010447332764819128,-0.09000000000000008,-1.3,-1.3,8.333333333333334,8.333333333333334
56,1.4000000000000001,False,0,3.6773400215267795,True,8.695108666666663,8.780914689695987,14.612008399999763,-1.7786645912099832,-1.8999999999999986,0.0,0.0,8.333333333333334,8.333333333333334,16.666666666666668,43.30086511609133,46.0,0.18392028151508377,-0.08000000000000007,-1.4000000000000001,-1.4000000000000001,8.333333333333334,8.333333333333334
56,1.5,False,0,3.8804228183830567,True,8.695108666666663,10.38261617804103,14.752938399999959,-1.570367619849468,-1.7999999999999998,0.0,0.0,8.333333333333334,8.333333333333334,16.666666666666668,44.226811265045725,46.83333333333334,0.34795859159796594,-0.04999999999999982,-1.5,-1.5,8.333333333333334,8.333333333333334
56,1.6,False,0,3.778881419954919,True,8.695108666666663,11.264680299247427,16.292156533333294,-1.6989295645133669,-1.879999999999999,0.0,0.0,8.333333333333334,8.333333333333334,16.666666666666668,44.59923692934433,46.83333333333334,0.19994254179366466,-0.1599999999999997,-1.6,-1.6,8.333333333333334,8.333333333333334
56,1.7000000000000002,False,0,3.778881419954919,True,8.695108666666663,10.778934987276283,14.136236066666395,-1.7675517680925803,-1.8300000000000005,0.0,0.0,8.333333333333334,8.333333333333334,16.666666666666668,47.611464692085725,47.666666666666664,-0.08967130036110449,-0.09999999999999964,-1.7000000000000002,-1.7000000000000002,8.333333333333334,8.333333333333334
57,0.0,False,0,4.0,False,16.666666666666668,-3.894613662710472,-3.9333333333331977,1.6424371367345278,1.6,0.0,0.0,8.333333333333334,8.333333333333334,,,,,,,,,
57,0.1,False,0,4.0,True,8.695108666666663,-3.28132169682367,-0.9308425333334069,0.786571113395039,0.8400000000000012,-0.1,-0.1,8.333333333333334,8.333333333333334,3.3800506666666643,38.10793848815247,38.81824873333416,-0.020205437104585888,-0.00999999999999579,-0.1,-0.1,8.333333333333334,8.333333333333334
57,0.2,False,0,3.899999999999999,True,8.695108666666663,11.543717339160917,13.978790733333408,-0.4659205779003246,-0.5399999999999956,-0.2,-0.2,8.333333333333334,8.333333333333334,9.454402666666663,14.185121910903089,15.602771200000046,0.036287655289969134,-0.019999999999997353,-0.2,-0.2,8.333333333333334,8.333333333333334
57,0.30000000000000004,False,0,3.697648301212407,True,8.695108666666663,11.164334652385872,14.48568046666649,-1.8920347495784804,-1.8899999999999975,0.0,0.0,8.333333333333334,8.333333333333334,10.213696666666664,20.87913043484792,21.62835519999994,0.13577240757456943,-0.020000000000001572,-0.30000000000000004,-0.30000000000000004,8.333333333333334,8.333333333333334
57,0.4,False,0,3.697648301212407,True,8.695108666666663,11.01318320018397,15.343218266666536,-1.8465621633126903,-1.880000000000006,0.0,0.0,8.333333333333334,8.333333333333334,12.491578666666665,24.46743079494122,25.475734266666688,0.3148658120933039,-6.661338147750939e-16,-0.4,-0.4,8.333333333333334,8.333333333333334
57,0.5,False,0,3.697648301212407,True,8.695108666666663,10.85462413760224,14.901939199999997,-1.874664610870356,-1.85,0.0,0.0,8.333333333333334,8.333333333333334,16.540166666666668,30.311360888674518,30.345983333333354,-0.07117267357021917,0.0,-0.5,-0.5,8.333333333333334,8.333333333333334
57,0.6000000000000001,False,0,3.7991896996405465,True,8.695108666666663,11.336190540732684,14.806248066666722,-1.8286614606475387,-1.8599999999999959,0.0,0.0,8.333333333333334,8.333333333333334,16.666666666666668,31.840055606449017,34.50000000000002,0.35810670449700144,-0.019999999999999574,-0.6000000000000001,-0.6000000000000001,8.333333333333334,8.333333333333334
57,0.7000000000000001,False,0,3.697648301212407,True,8.695108666666663,11.033442951913226,15.296317733333321,-1.7676720999993656,-1.899999999999999,0.0,0.0,8.333333333333334,8.333333333333334,16.666666666666668,37.75734289332389,37.833333333333336,-0.04635376927842838,-0.009999999999999343,-0.7000000000000001,-0.7000000000000001,8.333333333333334,8.333333333333334
57,0.8,False,0,3.697648301212407,True,8.695108666666663,11.553205869754873,15.166339133333377,-1.8726856227774948,-1.8799999999999994,0.0,0.0,8.333333333333334,8.333333333333334,16.666666666666668,38.19095767661682,40.33333333333333,0.06934707772054116,-2.220446049250313e-16,-0.8,-0.8,8.333333333333334,8.333333333333334
57,0.9,False,0,3.900731098068686,True,8.695108666666663,10.369114223585012,14.087521799999603,-1.8112262451272239,-1.8900000000000028,0.0,0.0,8.333333333333334,8.333333333333334,16.666666666666668,38.72547305042503,41.99999999999999,0.20262383521495897,-0.02000000000000024,-0.9,-0.9,8.333333333333334,8.333333333333334
57,1.0,False,0,3.697648301212407,True,8.695108666666663,10.479111976391888,15.444602200000102,-1.8252673216112096,-1.7999999999999998,0.0,0.0,8.333333333333334,8.333333333333334,16.666666666666668,43.733888695457125,43.66666666666666,0.07558972678467324,0.0,-1.0,-1.0,8.333333333333334,8.333333333333334
57,1.1,False,0,3.697648301212407,True,8.695108666666663,10.279490308383824,14.992600133333408,-1.830432356413414,-1.8799999999999981,0.0,0.0,8.333333333333334,8.333333333333334,16.666666666666668,44.65346527297818,44.5,-0.3028431293144773,-0.0499999999999996,-1.1,-1.1,8.333333333333334,8.333333333333334
57,1.2000000000000002,False,0,3.7991896996405465,True,8.695108666666663,11.320317591758236,16.335993266666645,-1.7612191314071537,-1.7999999999999998,0.0,0.0,8.333333333333334,8.333333333333334,16.666666666666668,41.793855786717835,45.333333333333336,0.4787828744394438,-0.07999999999999963,-1.2000000000000002,-1.2000000000000002,8.333333333333334,8.333333333333334
57,1.3,False,0,3.900731098068686,True,8.695108666666663,11.55984825735457,13.938803133332566,-1.7808868134804627,-1.8899999999999997,0.0,0.0,8.333333333333334,8.333333333333334,16.666666666666668,42.53098740716753,46.16666666666666,0.4990166056207044,-0.09000000000000008,-1.3,-1.3,8.333333333333334,8.333333333333334
57,1.4000000000000001,False,0,3.7991896996405465,True,8.695108666666663,10.49560309746347,14.534265266666335,-1.8062937468478475,-1.8999999999999986,0.0,0.0,8.333333333333334,8.333333333333334,16.666666666666668,43.45983200956982,47.0,0.6098226042501662,-0.08000000000000007,-1.4000000000000001,-1.4000000000000001,8.333333333333334,8.333333333333334
57,1.5,False,0,3.7991896996405465,True,8.695108666666663,10.941375711130785,13.724062199999576,-1.6543563078560986,-1.7999999999999998,0.0,0.0,8.333333333333334,8.333333333333334,16.666666666666668,45.398345694872845,47.83333333333334,0.34654853806225727,-0.04999999999999982,-1.5,-1.5,8.333333333333334,8.333333333333334
57,1.6,False,0,3.900731098068686,True,8.695108666666663,9.841873118733456,14.001303599999982,-1.7139147477852648,-1.879999999999999,0.0,0.0,8.333333333333334,8.333333333333334,16.666666666666668,44.38686541854209,47.83333333333334,0.2944120634179468,-0.1599999999999997,-1.6,-1.6,8.333333333333334,8.333333333333334
57,1.7000000000000002,False,0,3.900731098068686,True,8.695108666666663,10.813360663617853,16.540011199999835,-1.6232442896468742,-1.8300000000000005,0.0,0.0,8.333333333333334,8.333333333333334,16.666666666666668,44.518218645266195,48.666666666666664,0.6878205795541201,-0.09999999999999964,-1.7000000000000002,-1.7000000000000002,8.333333333333334,8.333333333333334
58,0.0,False,0,4.0,False,16.666666666666668,-3.650335001423332,-4.099999999999855,1.8457326446605578,1.6,0.0,0.0,8.333333333333334,8.333333333333334,,,,,,,,,
58,0.1,False,0,4.0,True,13.250872666666666,-3.998739423424186,-4.090542133333261,0.9290621405802182,0.8300000000000014,-0.1,-0.1,8.333333333333334,8.333333333333334,13.250872666666666,37.23330594285157,37.216788266666,0.02832398400899372,-0.00999999999999579,-0.1,-0.1,8.333333333333334,8.333333333333334
58,0.2,False,0,3.999999999999999,True,8.695108666666663,11.37386382883501,14.0103960666661,-1.3680452237207361,-1.5999999999999917,-0.2,-0.2,8.333333333333334,8.333333333333334,9.454402666666663,12.674474284605605,16.86842120000004,0.0616115514819362,-0.019999999999997353,-0.2,-0.2,8.333333333333334,8.333333333333334
58,0.30000000000000004,False,0,3.7179565808980364,True,8.695108666666663,10.505580779206706,15.625566199999906,-1.209350949502629,-1.6400000000000046,-0.30000000000000004,-0.30000000000000004,8.333333333333334,8.333333333333334,11.732284666666665,19.080711317387735,20.768187799999975,-0.153376837717756,-0.020000000000001572,-0.30000000000000004,-0.30000000000000004,8.333333333333334,8.333333333333334
58,0.4,False,0,3.819497979326174,True,8.695108666666663,10.9920075633767,15.226157466666631,-1.595619426827962,-1.880000000000006,0.0,0.0,8.333333333333334,8.333333333333334,13.250872666666666,24.563095219262262,26.39980486666668,0.2956416858859936,-6.661338147750939e-16,-0.4,-0.4,8.333333333333334,8.333333333333334
58,0.5,False,0,3.7179565808980364,True,8.695108666666663,11.198619003735484,14.44286479999992,-1.7986644466354424,-1.85,0.0,0.0,8.333333333333334,8.333333333333334,16.666666666666668,30.38349198450413,31.333333333333353,0.10476157826232768,0.0,-0.5,-0.5,8.333333333333334,8.333333333333334
58,0.6000000000000001,False,0,3.7179565808980364,True,8.695108666666663,10.489169180413324,14.710839066666704,-1.7613248958484247,-1.8599999999999959,0.0,0.0,8.333333333333334,8.333333333333334,16.666666666666668,34.73051280563147,35.50000000000002,0.038966604913684755,-0.019999999999999574,-0.6000000000000001,-0.6000000000000001,8.333333333333334,8.333333333333334
58,0.7000000000000001,False,0,3.7179565808980364,True,8.695108666666663,11.17188616947173,14.713979199999908,-1.790608269107187,-1.899999999999999,0.0,0.0,8.333333333333334,8.333333333333334,16.666666666666668,37.117961317722326,38.833333333333336,0.11226066191158512,-0.009999999999999343,-0.7000000000000001,-0.7000000000000001,8.333333333333334,8.333333333333334
58,0.8,False,0,3.7179565808980364,True,8.695108666666663,11.498462389699636,15.683623933333319,-1.696707216132376,-1.8799999999999994,0.0,0.0,8.333333333333334,8.333333333333334,16.666666666666668,40.5116935925753,41.33333333333333,-0.12035903397336245,-2.220446049250313e-16,-0.8,-0.8,8.333333333333334,8.333333333333334
58,0.9,False,0,3.7179565808980364,True,8.695108666666663,10.667688823145891,14.76846259999986,-1.7648592714649471,-1.8900000000000028,0.0,0.0,8.333333333333334,8.333333333333334,16.666666666666668,43.15108652425072,42.99999999999999,-0.09908093990587807,-0.02000000000000024,-0.9,-0.9,8.333333333333334,8.333333333333334
58,1.0,False,0,3.7179565808980364,True,8.695108666666663,11.145275508542749,14.960073266666637,-1.630044468651298,-1.7999999999999998,0.0,0.0,8.333333333333334,8.333333333333334,16.666666666666668,43.804836052108314,44.66666666666666,0.21001048606407524,0.0,-1.0,-1.0,8.333333333333334,8.333333333333334
58,1.1,False,0,3.819497979326174,True,8.695108666666663,11.302013013945082,15.547312533333251,-1.7622616217513145,-1.8799999999999981,0.0,0.0,8.333333333333334,8.333333333333334,16.666666666666668,44.822439391082,45.5,0.03490171665456776,-0.0499999999999996,-1.1,-1.1,8.333333333333334,8.333333333333334
58,1.2000000000000002,False,0,3.616415182469895,True,8.695108666666663,11.39567167455031,13.862774199999944,-1.6508642402334268,-1.7999999999999998,0.0,0.0,8.333333333333334,8.333333333333334,16.666666666666668,45.56643455927901,46.333333333333336,0.15622766576016156,-0.07999999999999963,-1.2000000000000002,-1.2000000000000002,8.333333333333334,8.333333333333334
58,1.3,False,0,3.7179565808980364,True,8.695108666666663,9.9161825111545,14.110118333333116,-1.724301769529168,-1.8899999999999997,0.0,0.0,8.333333333333334,8.333333333333334,16.666666666666668,44.675174326250726,47.16666666666666,0.4757369639642901,-0.09000000000000008,-1.3,-1.3,8.333333333333334,8.333333333333334
58,1.4000000000000001,False,0,3.616415182469895,True,8.695108666666663,10.931928569863427,15.070930133333402,-1.8279060728464247,-1.8999999999999986,0.0,0.0,8.333333333333334,8.333333333333334,16.666666666666668,45.52149671935747,48.0,0.43351122299787637,-0.08000000000000007,-1.4000000000000001,-1.4000000000000001,8.333333333333334,8.333333333333334
58,1.5,False,0,3.819497979326174,True,8.695108666666663,11.463226850095037,13.80093633333318,-1.6744758504642654,-1.7999999999999998,0.0,0.0,8.333333333333334,8.333333333333334,16.666666666666668,46.46506749211254,48.83333333333334,0.43548829218707397,-0.04999999999999982,-1.5,-1.5,8.333333333333334,8.333333333333334
58,1.6,False,0,3.819497979326174,True,8.695108666666663,10.917492423851979,15.001075199999672,-1.820173101894344,-1.879999999999999,0.0,0.0,8.333333333333334,8.333333333333334,16.666666666666668,48.65404989641242,48.83333333333334,-0.34442945643021305,-0.1599999999999997,-1.6,-1.6,8.333333333333334,8.333333333333334
58,1.7000000000000002,False,0,3.819497979326174,True,8.695108666666663,10.28442351348728,14.527627133333151,-1.66450061724219,-1.8300000000000005,0.0,0.0,8.333333333333334,8.333333333333334,16.666666666666668,49.648620290732474,49.666666666666664,-0.07388945222810528,-0.09999999999999964,-1.7000000000000002,-1.7000000000000002,8.333333333333334,8.333333333333334
59,0.0,False,0,4.0,False,16.666666666666668,-4.207782736450969,-4.266666666666512,1.7867126712775185,1.6,0.0,0.0,8.333333333333334,8.333333333333334,,,,,,,,,
59,0.1,False,0,4.0,True,8.695108666666663,2.074275892868667,2.981462133333264,0.6696181792425104,0.8300000000000014,-0.1,-0.1,8.333333333333334,8.333333333333334,4.1393446666666645,35.70863170488893,36.616449533333665,-0.14131570821697048,-0.00999999999999579,-0.1,-0.1,8.333333333333334,8.333333333333334
59,0.2,False,0,4.0,True,8.695108666666663,11.36133816929377,16.28587686666658,-0.6472903185746985,-0.5799999999999952,-0.2,-0.2,8.333333333333334,8.333333333333334,8.695108666666663,16.547395661283087,17.298847799999987,-0.1158376876247873,-0.019999999999997353,-0.2,-0.2,8.333333333333334,8.333333333333334
59,0.30000000000000004,False,0,3.738264860583662,True,8.695108666666663,11.16950456389183,13.69036159999926,-1.655735937340741,-1.8899999999999975,0.0,0.0,8.333333333333334,8.333333333333334,10.972990666666664,20.69909082949084,21.502537799999953,0.016614009668298513,-0.020000000000001572,-0.30000000000000004,-0.30000000000000004,8.333333333333334,8.333333333333334
59,0.4,False,0,3.738264860583662,True,8.695108666666663,10.73281344262524,14.8377538666666,-1.7498381320589134,-1.880000000000006,0.0,0.0,8.333333333333334,8.333333333333334,13.250872666666666,26.81751337398205,26.71664606666668,-0.16380478492409267,-6.661338147750939e-16,-0.4,-0.4,8.333333333333334,8.333333333333334
59,0.5,False,0,3.6367234621555244,True,8.695108666666663,10.837240432465375,14.234480466665882,-1.7600133441798016,-1.85,0.0,0.0,8.333333333333334,8.333333333333334,16.666666666666668,31.3329530762887,32.33333333333336,0.13424640673786037,0.0,-0.5,-0.5,8.333333333333334,8.333333333333334
59,0.6000000000000001,False,0,3.738264860583662,True,8.695108666666663,10.660363041626379,15.5537216666667,-1.699701385045886,-1.8599999999999959,0.0,0.0,8.333333333333334,8.333333333333334,16.666666666666668,36.6306251707988,36.50000000000002,-0.006820917849757802,-0.019999999999999574,-0.6000000000000001,-0.6000000000000001,8.333333333333334,8.333333333333334
59,0.7000000000000001,False,0,3.738264860583662,True,8.695108666666663,11.011358154649212,15.148620133333292,-1.6827352791152004,-1.899999999999999,0.0,0.0,8.333333333333334,8.333333333333334,16.666666666666668,38.72191444000176,39.833333333333336,-0.0052280217840441345,-0.009999999999999343,-0.7000000000000001,-0.7000000000000001,8.333333333333334,8.333333333333334
59,0.8,False,0,3.738264860583662,True,8.695108666666663,9.984376545509047,14.349140066666546,-1.85043518566999,-1.8799999999999994,0.0,0.0,8.333333333333334,8.333333333333334,16.666666666666668,40.004999056321594,42.33333333333333,0.33549159278785545,-2.220446049250313e-16,-0.8,-0.8,8.333333333333334,8.333333333333334
59,0.9,False,0,3.8398062590118034,True,8.695108666666663,10.84747731420553,15.081523666666651,-1.849072934939921,-1.8900000000000028,0.0,0.0,8.333333333333334,8.333333333333334,16.666666666666668,43.21538438272612,43.99999999999999,0.2137200738380911,-0.02000000000000024,-0.9,-0.9,8.333333333333334,8.333333333333334
59,1.0,False,0,3.6367234621555244,True,8.695108666666663,10.559127028035203,14.745408666666645,-1.8971308427781424,-1.7999999999999998,0.0,0.0,8.333333333333334,8.333333333333334,16.666666666666668,43.79837263932153,45.66666666666666,0.4091614757530735,0.0,-1.0,-1.0,8.333333333333334,8.333333333333334
59,1.1,False,0,3.8398062590118034,True,8.695108666666663,11.464462085010819,14.763074533333178,-1.8234600904202014,-1.8799999999999981,0.0,0.0,8.333333333333334,8.333333333333334,16.666666666666668,44.69936942296006,46.5,0.07514818264028378,-0.0499999999999996,-1.1,-1.1,8.333333333333334,8.333333333333334
59,1.2000000000000002,False,0,3.8398062590118034,True,8.695108666666663,11.052889640700965,14.42003926666673,-1.7270747608451154,-1.7999999999999998,0.0,0.0,8.333333333333334,8.333333333333334,16.666666666666668,45.59648152955125,47.333333333333336,0.3854209210846644,-0.07999999999999963,-1.2000000000000002,-1.2000000000000002,8.333333333333334,8.333333333333334
59,1.3,False,0,3.738264860583662,True,8.695108666666663,11.494320121540863,15.676551599999879,-1.892394198681378,-1.8899999999999997,0.0,0.0,8.333333333333334,8.333333333333334,16.666666666666668,44.92929823605955,48.16666666666666,0.6290974598830315,-0.09000000000000008,-1.3,-1.3,8.333333333333334,8.333333333333334
59,1.4000000000000001,False,0,3.738264860583662,True,8.695108666666663,11.003761501466851,15.119591266666628,-1.7379304952326418,-1.8999999999999986,0.0,0.0,8.333333333333334,8.333333333333334,16.666666666666668,48.3564329428262,49.0,0.2313182413713175,-0.08000000000000007,-1.4000000000000001,-1.4000000000000001,8.333333333333334,8.333333333333334
59,1.5,False,0,3.738264860583662,True,8.695108666666663,10.756721615113616,15.723886333333308,-1.571761919214076,-1.7999999999999998,0.0,0.0,8.333333333333334,8.333333333333334,16.666666666666668,48.79028199437501,49.83333333333334,-0.12989402473020695,-0.04999999999999982,-1.5,-1.5,8.333333333333334,8.333333333333334
59,1.6,False,0,3.8398062590118034,True,8.695108666666663,11.495978964060026,15.671087199999885,-1.8629304774214746,-1.879999999999999,0.0,0.0,8.333333333333334,8.333333333333334,16.666666666666668,47.24258214462998,49.83333333333334,0.2308283593719529,-0.1599999999999997,-1.6,-1.6,8.333333333333334,8.333333333333334
59,1.7000000000000002,False,0,3.738264860583662,True,8.695108666666663,11.48635976020675,14.72163839999983,-1.6433086887855737,-1.8300000000000005,0.0,0.0,8.333333333333334,8.333333333333334,16.666666666666668,50.092951432405506,50.666666666666664,0.07595781412331637,-0.09999999999999964,-1.7000000000000002,-1.7000000000000002,8.333333333333334,8.333333333333334
