long_dist,lat_vel,Crash,Crash type,minTTC,reacted,ego_speed,perceived_gap,true_gap,perceived_lat_gap,true_lat_gap,perceived_lat_speed,true_lat_speed,perceived_speed,true_speed,entry_ego_speed,entry_perceived_gap,entry_true_gap,entry_perceived_lat_gap,entry_true_lat_gap,entry_perceived_lat_speed,entry_true_lat_speed,entry_perceived_speed,entry_true_speed
1,0.0,False,0,4.0,False,11.11111111111111,-1.9295117620501818,-4.277777777777774,1.8718275097609989,1.6,0.0,0.0,8.333333333333334,8.333333333333334,,,,,,,,,
1,0.1,False,0,4.0,False,11.11111111111111,-4.014724895783803,-4.277777777777774,2.555450100083434,1.4100000000000001,-0.1,-0.1,8.333333333333334,8.333333333333334,11.11111111111111,35.928973391844394,35.1222222222227,-0.6181928122585383,-0.00999999999999579,-0.1,-0.1,8.333333333333334,8.333333333333334
1,0.2,False,0,4.0,False,11.11111111111111,-0.8422046490086847,-4.277777777777774,1.349577787728022,1.2200000000000002,-0.2,-0.2,8.333333333333334,8.333333333333334,11.11111111111111,14.067597560744485,12.90000000000013,0.16828312421464808,-0.019999999999997353,-0.2,-0.2,8.333333333333334,8.333333333333334
1,0.30000000000000004,False,0,1.9333333333333318,False,11.11111111111111,-4.151091187842776,-4.277777777777774,0.4825850712833839,1.0300000000000002,-0.30000000000000004,-0.30000000000000004,8.333333333333334,8.333333333333334,11.11111111111111,6.614393994070039,5.40000000000011,-0.4859574475533135,-0.020000000000001572,-0.30000000000000004,-0.30000000000000004,8.333333333333334,8.333333333333334
1,0.4,False,0,0.5999999999999983,False,11.11111111111111,0.46359363937499243,-4.277777777777774,0.9429432187606901,0.8399999999999999,-0.4,-0.4,8.333333333333334,8.333333333333334,11.11111111111111,4.098136364100275,1.5111111111111457,-0.16325154086680937,-6.661338147750939e-16,-0.4,-0.4,8.333333333333334,8.333333333333334
1,0.5,True,1,0.0,False,11.11111111111111,-2.8165753970779397,-4.277777777777774,0.9194481162044994,0.6499999999999999,-0.5,-0.5,8.333333333333334,8.333333333333334,11.11111111111111,-0.5754036711504744,-0.7111111111111184,-0.12712605391064136,0.0,-0.5,-0.5,8.333333333333334,8.333333333333334
1,0.6000000000000001,True,1,0.0,True,11.031111111111112,-3.935268364016781,-4.257777777777778,0.8992751373537491,0.4600000000000004,-0.6000000000000001,-0.6000000000000001,8.333333333333334,8.333333333333334,11.031111111111112,-2.46845757558389,-2.1840000000000037,-0.05467176891262859,-0.019999999999999574,-0.6000000000000001,-0.6000000000000001,8.333333333333334,8.333333333333334
1,0.7000000000000001,True,1,0.0,True,11.031111111111112,-4.182172047465648,-4.225777777777778,0.5844697694585612,0.27000000000000046,-0.7000000000000001,-0.7000000000000001,8.333333333333334,8.333333333333334,11.031111111111112,-1.6547615347618239,-3.2951111111111144,0.5022492577502753,-0.009999999999999343,-0.7000000000000001,-0.7000000000000001,8.333333333333334,8.333333333333334
1,0.8,True,1,0.0,True,11.071111111111112,-1.3573568083654584,-4.265777777777774,0.3201689322644703,0.07999999999999963,-0.8,-0.8,8.333333333333334,8.333333333333334,11.071111111111112,-3.327029592793923,-4.060444444444452,-0.06096840671317105,-2.220446049250313e-16,-0.8,-0.8,8.333333333333334,8.333333333333334
1,0.9,True,2,0.0,True,11.031111111111112,-3.9819781416672724,-4.237777777777775,0.10704545992547443,-0.1100000000000001,-0.9,-0.9,8.333333333333334,8.333333333333334,11.031111111111112,-2.5526803694348024,-3.9679999999999955,-0.13274700233885528,-0.02000000000000024,-0.9,-0.9,8.333333333333334,8.333333333333334
1,1.0,True,2,0.0,True,11.031111111111112,-3.575523088723627,-4.265777777777774,-0.18910287396972913,-0.2999999999999998,-1.0,-1.0,8.333333333333334,8.333333333333334,11.11111111111111,-2.3058143123280823,-3.444444444444442,0.5111626625489594,0.0,-1.0,-1.0,8.333333333333334,8.333333333333334
1,1.1,True,2,0.0,True,10.951111111111114,-3.3505000198032198,-4.173777777777782,-0.04908583273121958,-0.4900000000000002,-1.1,-1.1,8.333333333333334,8.333333333333334,10.991111111111113,-3.0025065626942817,-3.126666666666668,-0.2739516067647274,-0.0499999999999996,-1.1,-1.1,8.333333333333334,8.333333333333334
1,1.2000000000000002,True,2,0.0,True,10.991111111111113,-3.1673858520018916,-4.241777777777776,-0.8062363279748346,-0.6799999999999993,-1.2000000000000002,-1.2000000000000002,8.333333333333334,8.333333333333334,11.11111111111111,-3.7373304915765404,-2.8888888888888866,-0.16927794012647546,-0.07999999999999963,-1.2000000000000002,-1.2000000000000002,8.333333333333334,8.333333333333334
1,1.3,True,2,0.0,True,11.071111111111112,-3.1684378791591206,-4.249777777777768,-1.146511812959026,-0.8700000000000006,-1.3,-1.3,8.333333333333334,8.333333333333334,11.071111111111112,-4.191135380671617,-2.6071111111111085,-0.6040799360563853,-0.09000000000000008,-1.3,-1.3,8.333333333333334,8.333333333333334
1,1.4000000000000001,True,2,0.0,True,10.951111111111114,-3.277617504917905,-4.229777777777776,-1.2250741059600645,-1.0599999999999992,-1.4000000000000001,-1.4000000000000001,8.333333333333334,8.333333333333334,11.11111111111111,-4.02849635921942,-2.333333333333333,0.9157633632108628,-0.08000000000000007,-1.4000000000000001,-1.4000000000000001,8.333333333333334,8.333333333333334
1,1.5,True,2,0.0,True,10.831111111111117,-4.144425511604676,-4.232444444444442,-1.1764094669044463,-1.4,-1.5,-1.5,8.333333333333334,8.333333333333334,11.031111111111112,-2.048960626536295,-2.031555555555557,0.30328349485140116,-0.04999999999999982,-1.5,-1.5,8.333333333333334,8.333333333333334
1,1.6,True,2,0.0,True,10.871111111111116,-3.3232231867058486,-4.228444444444437,-1.4281861262052475,-1.6000000000000005,-1.6,-1.6,8.333333333333334,8.333333333333334,11.071111111111112,-2.9451639286642477,-2.0475555555555554,-0.39590121079928187,-0.1599999999999997,-1.6,-1.6,8.333333333333334,8.333333333333334
1,1.7000000000000002,True,2,0.0,True,10.911111111111115,-1.6090056952557488,-4.21644444444444,-1.0809443326707762,-1.7999999999999994,-1.7000000000000002,-1.7000000000000002,8.333333333333334,8.333333333333334,11.071111111111112,-4.293151356210751,-1.749777777777779,0.747799176086748,-0.09999999999999964,-1.7000000000000002,-1.7000000000000002,8.333333333333334,8.333333333333334
2,0.0,False,0,4.0,False,11.11111111111111,-2.1437930003184418,-4.211111111111122,1.1376499101011537,1.6,0.0,0.0,8.333333333333334,8.333333333333334,,,,,,,,,
2,0.1,False,0,4.0,False,11.11111111111111,-2.9984488623243193,-4.211111111111122,1.499336881394433,1.37,-0.1,-0.1,8.333333333333334,8.333333333333334,11.11111111111111,36.21966286410368,34.1222222222227,0.49926201200831555,-0.00999999999999579,-0.1,-0.1,8.333333333333334,8.333333333333334
2,0.2,False,0,4.0,False,11.11111111111111,-1.8631400591381455,-4.211111111111122,0.932197765291424,1.1400000000000001,-0.2,-0.2,8.333333333333334,8.333333333333334,11.11111111111111,12.422822329321402,11.90000000000013,0.33561610026834066,-0.019999999999997353,-0.2,-0.2,8.333333333333334,8.333333333333334
2,0.30000000000000004,False,0,1.5333333333333314,False,11.11111111111111,-3.9257673196239145,-4.211111111111122,1.4024426104651448,0.9100000000000006,-0.30000000000000004,-0.30000000000000004,8.333333333333334,8.333333333333334,11.11111111111111,6.088438878846998,4.40000000000011,-0.3436023866463018,-0.020000000000001572,-0.30000000000000004,-0.30000000000000004,8.333333333333334,8.333333333333334
2,0.4,False,0,0.19999999999999796,False,11.11111111111111,-2.3204714014539674,-4.211111111111122,0.19179039120267172,0.6799999999999997,-0.4,-0.4,8.333333333333334,8.333333333333334,11.11111111111111,1.9930323193299673,0.5111111111111457,-0.5444316556214237,-6.661338147750939e-16,-0.4,-0.4,8.333333333333334,8.333333333333334
2,0.5,True,1,0.0,False,11.11111111111111,-3.9961035759500474,-4.211111111111122,1.2575731282982918,0.4500000000000002,-0.5,-0.5,8.333333333333334,8.333333333333334,11.11111111111111,-0.28978277288234633,-1.7111111111111184,0.4120702749754357,0.0,-0.5,-0.5,8.333333333333334,8.333333333333334
2,0.6000000000000001,True,1,0.0,False,11.11111111111111,-3.87728012324106,-4.211111111111122,-0.182125180002221,0.22000000000000064,-0.6000000000000001,-0.6000000000000001,8.333333333333334,8.333333333333334,11.11111111111111,-2.4782845987371926,-3.1000000000000147,0.013660571332769766,-0.019999999999999574,-0.6000000000000001,-0.6000000000000001,8.333333333333334,8.333333333333334
2,0.7000000000000001,True,1,0.0,True,11.031111111111112,-3.6835225359766985,-4.255111111111126,-0.12116484282879969,-0.009999999999999343,-0.7000000000000001,-0.7000000000000001,8.333333333333334,8.333333333333334,11.031111111111112,-3.6835225359766985,-4.255111111111126,-0.12116484282879969,-0.009999999999999343,-0.7000000000000001,-0.7000000000000001,8.333333333333334,8.333333333333334
2,0.8,True,2,0.0,True,11.071111111111112,-0.8256804787014991,-4.24711111111113,0.733909544156488,-0.24000000000000044,-0.8,-0.8,8.333333333333334,8.333333333333334,11.071111111111112,-3.4360467526272513,-3.5315555555555447,0.19771725917890137,-2.220446049250313e-16,-0.8,-0.8,8.333333333333334,8.333333333333334
2,0.9,True,2,0.0,True,10.951111111111114,-1.8029137203568544,-4.295111111111118,-0.05455294773514985,-0.4699999999999993,-0.9,-0.9,8.333333333333334,8.333333333333334,11.031111111111112,-4.243407276370884,-2.9839999999999938,0.47101327650277414,-0.02000000000000024,-0.9,-0.9,8.333333333333334,8.333333333333334
2,1.0,True,2,0.0,True,10.991111111111113,-2.912044448296906,-4.287111111111126,-1.3268449067608337,-0.6999999999999997,-1.0,-1.0,8.333333333333334,8.333333333333334,11.071111111111112,-2.7937230329119442,-2.432444444444438,1.0171407984984833,0.0,-1.0,-1.0,8.333333333333334,8.333333333333334
2,1.1,True,2,0.0,True,10.951111111111114,-3.3030698542890766,-4.292888888888885,-0.5594695607915672,-0.9300000000000006,-1.1,-1.1,8.333333333333334,8.333333333333334,11.11111111111111,-1.875984269693947,-2.166666666666667,-0.16011914150289308,-0.0499999999999996,-1.1,-1.1,8.333333333333334,8.333333333333334
2,1.2000000000000002,True,2,0.0,True,10.911111111111115,-3.749455179212865,-4.2951111111111215,-1.2332027786076565,-1.1599999999999988,-1.2000000000000002,-1.2000000000000002,8.333333333333334,8.333333333333334,11.11111111111111,-2.680456216382411,-1.8888888888888866,-0.07211344905290873,-0.07999999999999963,-1.2000000000000002,-1.2000000000000002,8.333333333333334,8.333333333333334
2,1.3,True,2,0.0,True,10.831111111111117,-3.301114817131455,-4.177333333333336,-1.1039902444311622,-1.520000000000001,-1.3,-1.3,8.333333333333334,8.333333333333334,11.031111111111112,-2.5467681698066817,-1.5911111111111103,0.13831011605848653,-0.09000000000000008,-1.3,-1.3,8.333333333333334,8.333333333333334
2,1.4000000000000001,True,2,0.0,True,10.791111111111118,-3.983203246300575,-4.2413333333333325,-0.6248746253230095,-1.7599999999999985,-1.4000000000000001,-1.4000000000000001,8.333333333333334,8.333333333333334,11.031111111111112,-1.1850964020787247,-1.3013333333333366,0.30425494861567115,-0.08000000000000007,-1.4000000000000001,-1.4000000000000001,8.333333333333334,8.333333333333334
2,1.5,True,2,0.0,True,10.831111111111117,-1.3512884126492812,-4.197333333333332,-1.788680356124318,-1.7999999999999998,-1.5,-1.5,8.333333333333334,8.333333333333334,11.11111111111111,-3.469236815372466,-1.0555555555555545,-0.025822022321432936,-0.04999999999999982,-1.5,-1.5,8.333333333333334,8.333333333333334
2,1.6,True,2,0.0,True,10.624611111111118,-2.5324440457087425,-4.298016666666672,-1.5343621749805687,-1.879999999999999,-1.6,0.0,8.333333333333334,8.333333333333334,10.991111111111113,-1.3386830183801601,-1.0115555555555593,0.11371674216965433,-0.1599999999999997,-1.6,-1.6,8.333333333333334,8.333333333333334
2,1.7000000000000002,True,2,0.0,True,10.791111111111118,-2.6783761257787715,-4.237333333333342,-1.7556497794089505,-1.8300000000000005,0.0,0.0,8.333333333333334,8.333333333333334,11.071111111111112,-2.109636442703164,-0.7657777777777772,0.5300148870457964,-0.09999999999999964,-1.7000000000000002,-1.7000000000000002,8.333333333333334,8.333333333333334
3,0.0,False,0,4.0,False,11.11111111111111,-0.87277463517876,-4.222222222222206,0.6206707332640127,1.6,0.0,0.0,8.333333333333334,8.333333333333334,,,,,,,,,
3,0.1,False,0,4.0,False,11.11111111111111,-2.9102039069661094,-4.222222222222206,1.7380113992705564,1.3399999999999999,-0.1,-0.1,8.333333333333334,8.333333333333334,11.11111111111111,32.77459578072906,33.1222222222227,-0.04110625000568624,-0.00999999999999579,-0.1,-0.1,8.333333333333334,8.333333333333334
3,0.2,False,0,3.899999999999999,False,11.11111111111111,-3.146520071959695,-4.222222222222206,1.1381848290768213,1.0799999999999996,-0.2,-0.2,8.333333333333334,8.333333333333334,11.11111111111111,10.390203117686479,10.90000000000013,0.26674650153240087,-0.019999999999997353,-0.2,-0.2,8.333333333333334,8.333333333333334
3,0.30000000000000004,False,0,1.2333333333333305,False,11.11111111111111,-2.0450436768012734,-4.222222222222206,1.4027764164998584,0.8200000000000003,-0.30000000000000004,-0.30000000000000004,8.333333333333334,8.333333333333334,11.11111111111111,3.6932844273325616,3.4000000000001096,0.33131451560894076,-0.020000000000001572,-0.30000000000000004,-0.30000000000000004,8.333333333333334,8.333333333333334
3,0.4,True,1,0.0,False,11.11111111111111,-3.1319664241298915,-4.222222222222206,1.0244789703696777,0.5599999999999996,-0.4,-0.4,8.333333333333334,8.333333333333334,11.11111111111111,-0.2532585402594618,-0.4888888888888543,0.27708533844834404,-6.661338147750939e-16,-0.4,-0.4,8.333333333333334,8.333333333333334
3,0.5,True,1,0.0,False,11.11111111111111,-3.7197371713117766,-4.222222222222206,0.11377575037553456,0.30000000000000027,-0.5,-0.5,8.333333333333334,8.333333333333334,11.11111111111111,-1.836685170055051,-2.7111111111111184,0.2699193542271434,0.0,-0.5,-0.5,8.333333333333334,8.333333333333334
3,0.6000000000000001,True,1,0.0,True,11.071111111111112,-3.4182572164953475,-4.210222222222202,0.5022952434461239,0.0400000000000007,-0.6000000000000001,-0.6000000000000001,8.333333333333334,8.333333333333334,11.071111111111112,-2.4394063950687075,-4.11600000000002,-0.22050810003281396,-0.019999999999999574,-0.6000000000000001,-0.6000000000000001,8.333333333333334,8.333333333333334
3,0.7000000000000001,True,2,0.0,True,11.031111111111112,-3.018314585918943,-4.18000000000002,-0.24380723547803984,-0.28999999999999915,-0.7000000000000001,-0.7000000000000001,8.333333333333334,8.333333333333334,11.031111111111112,-2.487959297259642,-3.340888888888869,0.22100113813531763,-0.009999999999999343,-0.7000000000000001,-0.7000000000000001,8.333333333333334,8.333333333333334
3,0.8,True,2,0.0,True,10.911111111111115,-3.2534304590662293,-4.268000000000003,-0.3689138601955033,-0.5600000000000009,-0.8,-0.8,8.333333333333334,8.333333333333334,10.951111111111114,-3.392320568761085,-2.4475555555555593,0.2537640279778346,-2.220446049250313e-16,-0.8,-0.8,8.333333333333334,8.333333333333334
3,0.9,True,2,0.0,True,10.831111111111117,-2.8371360711759115,-4.296000000000006,-0.9149573154426082,-0.8299999999999987,-0.9,-0.9,8.333333333333334,8.333333333333334,11.031111111111112,-3.704123877235399,-1.9719999999999969,-0.05248154104243796,-0.02000000000000024,-0.9,-0.9,8.333333333333334,8.333333333333334
3,1.0,True,2,0.0,True,10.831111111111117,-3.3294000793976997,-4.240000000000012,-1.0811264832742964,-1.1,-1.0,-1.0,8.333333333333334,8.333333333333334,11.11111111111111,-1.5326650078855044,-1.444444444444442,-0.8102496090760509,0.0,-1.0,-1.0,8.333333333333334,8.333333333333334
3,1.1,True,2,0.0,True,10.911111111111115,-3.825566283681808,-4.248000000000007,-1.741867922723266,-1.3700000000000014,-1.1,-1.1,8.333333333333334,8.333333333333334,11.11111111111111,-3.0835027043223446,-1.166666666666667,0.8493255594023932,-0.0499999999999996,-1.1,-1.1,8.333333333333334,8.333333333333334
3,1.2000000000000002,True,2,0.0,True,10.791111111111118,-3.410218544469287,-4.25999999999999,-1.391709914927712,-1.6399999999999992,-1.2000000000000002,-1.2000000000000002,8.333333333333334,8.333333333333334,11.071111111111112,-4.291707077529526,-0.8848888888888871,0.23475003944426076,-0.07999999999999963,-1.2000000000000002,-1.2000000000000002,8.333333333333334,8.333333333333334
3,1.3,True,2,0.0,True,10.831111111111117,0.9438981052249789,-4.223999999999999,-0.38282120588884894,-1.8899999999999997,-1.3,-1.3,8.333333333333334,8.333333333333334,11.071111111111112,-2.4782081536233376,-0.6071111111111085,0.25313756955704436,-0.09000000000000008,-1.3,-1.3,8.333333333333334,8.333333333333334
3,1.4000000000000001,True,2,0.0,True,10.624611111111118,-4.1696530116597605,-4.285877777777777,-1.568937673614719,-1.8999999999999986,0.0,0.0,8.333333333333334,8.333333333333334,11.071111111111112,-0.7848042899612286,-0.3293333333333335,-0.7849178368108634,-0.08000000000000007,-1.4000000000000001,-1.4000000000000001,8.333333333333334,8.333333333333334
3,1.5,True,2,0.0,True,9.91211111111112,-4.2107970478473495,-3.236166666666665,-1.5314502571772897,-1.7999999999999998,-1.5,-1.5,8.333333333333334,8.333333333333334,11.031111111111112,-1.9081620445243006,-0.03955555555555623,0.6935288323160438,-0.04999999999999982,-1.5,-1.5,8.333333333333334,8.333333333333334
3,1.6,True,2,0.0,True,9.36611111111112,-3.7482510155035227,-3.3354444444444473,-1.7356644814985385,-1.879999999999999,0.0,0.0,8.333333333333334,8.333333333333334,11.071111111111112,-0.8669583967423344,-0.03955555555555623,0.3315301854597954,-0.1599999999999997,-1.6,-1.6,8.333333333333334,8.333333333333334
3,1.7000000000000002,True,2,0.0,True,9.91211111111112,-3.520504003647779,-2.966388888888889,-1.8615070660595383,-1.8300000000000005,0.0,0.0,8.333333333333334,8.333333333333334,11.11111111111111,0.2426110413370699,0.2222222222222241,0.21378594563581865,-0.09999999999999964,-1.7000000000000002,-1.7000000000000002,8.333333333333334,8.333333333333334
4,0.0,False,0,4.0,False,11.11111111111111,-3.871154916476466,-4.266666666666683,1.0592019299310653,1.6,0.0,0.0,8.333333333333334,8.333333333333334,,,,,,,,,
4,0.1,False,0,4.0,False,11.11111111111111,-3.083537107744344,-4.266666666666683,1.5738826581049987,1.2999999999999998,-0.1,-0.1,8.333333333333334,8.333333333333334,11.11111111111111,32.090557181113994,32.1222222222227,-0.7100889908245065,-0.00999999999999579,-0.1,-0.1,8.333333333333334,8.333333333333334
4,0.2,False,0,3.500000000000001,False,11.11111111111111,-3.9367559701775034,-4.266666666666683,0.3533737967219599,0.9999999999999996,-0.2,-0.2,8.333333333333334,8.333333333333334,11.11111111111111,12.736103506382005,9.90000000000013,0.3425105312598915,-0.019999999999997353,-0.2,-0.2,8.333333333333334,8.333333333333334
4,0.30000000000000004,False,0,0.8333333333333303,True,11.071111111111112,-0.9167754819466074,-4.245333333333295,-0.06383364702716543,0.7000000000000002,-0.30000000000000004,-0.30000000000000004,8.333333333333334,8.333333333333334,11.071111111111112,2.8606636725144385,2.215999999999963,1.1631577659603702,-0.020000000000001572,-0.30000000000000004,-0.30000000000000004,8.333333333333334,8.333333333333334
4,0.4,True,1,0.0,False,11.11111111111111,-4.147948182632493,-4.266666666666683,0.867628986445983,0.39999999999999947,-0.4,-0.4,8.333333333333334,8.333333333333334,11.11111111111111,-1.3385513741351387,-1.4888888888888543,0.0928702649158224,-6.661338147750939e-16,-0.4,-0.4,8.333333333333334,8.333333333333334
4,0.5,True,1,0.0,True,11.071111111111112,-3.806102230589164,-4.282666666666688,0.10177807009728346,0.10000000000000009,-0.5,-0.5,8.333333333333334,8.333333333333334,11.071111111111112,-2.5199142713500207,-3.7351111111111335,-0.5016608402938405,0.0,-0.5,-0.5,8.333333333333334,8.333333333333334
4,0.6000000000000001,True,2,0.0,True,10.991111111111113,-2.3043082865090083,-4.237333333333313,-0.6468570642196667,-0.19999999999999996,-0.6000000000000001,-0.6000000000000001,8.333333333333334,8.333333333333334,10.991111111111113,-1.6132092527162731,-3.4399999999999826,0.8321629925167886,-0.019999999999999574,-0.6000000000000001,-0.6000000000000001,8.333333333333334,8.333333333333334
4,0.7000000000000001,True,2,0.0,True,10.911111111111115,-2.268929519061671,-4.1933333333333165,-0.3372610218721086,-0.49999999999999867,-0.7000000000000001,-0.7000000000000001,8.333333333333334,8.333333333333334,11.031111111111112,-3.098148419262258,-2.3768888888888773,-0.49644954828454857,-0.009999999999999343,-0.7000000000000001,-0.7000000000000001,8.333333333333334,8.333333333333334
4,0.8,True,2,0.0,True,10.991111111111113,-3.2198372222450145,-4.273333333333322,-0.8111074528350408,-0.8000000000000012,-0.8,-0.8,8.333333333333334,8.333333333333334,11.11111111111111,-2.8249075395476906,-1.5555555555555491,0.29452623121101773,-2.220446049250313e-16,-0.8,-0.8,8.333333333333334,8.333333333333334
4,0.9,True,2,0.0,True,10.624611111111118,-3.832035510771223,-4.289538888888887,-0.9886367020817736,-1.1899999999999982,-0.9,-0.9,8.333333333333334,8.333333333333334,11.11111111111111,-0.8340212841445824,-0.9999999999999956,-0.04516208041630532,-0.02000000000000024,-0.9,-0.9,8.333333333333334,8.333333333333334
4,1.0,True,2,0.0,True,10.331611111111119,-4.244856318753505,-3.123449999999994,-0.8546650472809876,-1.1,-1.0,-1.0,8.333333333333334,8.333333333333334,11.031111111111112,-1.7351290025544328,-0.4324444444444415,0.5784298391023679,0.0,-1.0,-1.0,8.333333333333334,8.333333333333334
4,1.1,True,2,0.0,True,9.91211111111112,-3.558603260265758,-3.7728833333333354,-1.780650999386131,-1.7000000000000015,-1.1,-1.1,8.333333333333334,8.333333333333334,11.031111111111112,-0.26469657700524873,-0.13066666666666915,0.27857484438257707,-0.0499999999999996,-1.1,-1.1,8.333333333333334,8.333333333333334
4,1.2000000000000002,True,2,0.0,True,9.91211111111112,-3.8399121337272453,-2.2441666666666675,-0.8668316852153592,-1.279999999999999,-1.2000000000000002,-1.2000000000000002,8.333333333333334,8.333333333333334,11.031111111111112,-0.37812028686761234,0.14711111111110942,0.39839488299184245,-0.07999999999999963,-1.2000000000000002,-1.2000000000000002,8.333333333333334,8.333333333333334
4,1.3,True,2,0.0,True,9.91211111111112,-3.8501717443242987,-2.47199444444444,-1.7260161270420435,-1.6500000000000008,-1.3,-1.3,8.333333333333334,8.333333333333334,11.071111111111112,-1.4943529847777794,0.3928888888888915,0.32579555739193866,-0.09000000000000008,-1.3,-1.3,8.333333333333334,8.333333333333334
4,1.4000000000000001,True,2,0.0,True,9.91211111111112,-3.429648146841955,-2.529944444444438,-0.7848480394932871,-1.8999999999999986,-1.4000000000000001,-1.4000000000000001,8.333333333333334,8.333333333333334,11.11111111111111,1.2734154382970138,0.666666666666667,-0.3344213247413912,-0.08000000000000007,-1.4000000000000001,-1.4000000000000001,8.333333333333334,8.333333333333334
4,1.5,True,2,0.0,True,9.91211111111112,-3.8381576247906812,-2.8150000000000075,-1.2739425294594557,-1.7999999999999998,0.0,0.0,8.333333333333334,8.333333333333334,11.071111111111112,-0.6454681664159496,0.9484444444444486,0.06322564016302512,-0.04999999999999982,-1.5,-1.5,8.333333333333334,8.333333333333334
4,1.6,True,2,0.0,True,9.36611111111112,-2.105681415656991,-1.2563333333333366,-1.680963235834211,-1.7600000000000007,-1.6,-1.6,8.333333333333334,8.333333333333334,11.031111111111112,0.6416433064190263,0.9684444444444464,-0.014706852620940847,-0.1599999999999997,-1.6,-1.6,8.333333333333334,8.333333333333334
4,1.7000000000000002,True,2,0.0,True,9.91211111111112,-4.072640307952301,-1.9903888888888899,-1.2006784458955626,-1.8300000000000005,-1.7000000000000002,0.0,8.333333333333334,8.333333333333334,11.11111111111111,-0.3478605537530113,1.222222222222224,-0.07270270608565133,-0.09999999999999964,-1.7000000000000002,-1.7000000000000002,8.333333333333334,8.333333333333334
5,0.0,False,0,4.0,False,11.11111111111111,-3.809728651828155,-4.16666666666666,1.8228473454190222,1.6,0.0,0.0,8.333333333333334,8.333333333333334,,,,,,,,,
5,0.1,False,0,4.0,False,11.11111111111111,-2.1526714194535996,-4.16666666666666,0.96541202807034,1.27,-0.1,-0.1,8.333333333333334,8.333333333333334,11.11111111111111,31.743928921202762,31.1222222222227,0.15099051703434618,-0.00999999999999579,-0.1,-0.1,8.333333333333334,8.333333333333334
5,0.2,False,0,3.2000000000000006,False,11.11111111111111,-2.965114605771137,-4.16666666666666,0.6925622029404583,0.94,-0.2,-0.2,8.333333333333334,8.333333333333334,11.11111111111111,9.31141818663816,8.90000000000013,-0.7003996896024067,-0.019999999999997353,-0.2,-0.2,8.333333333333334,8.333333333333334
5,0.30000000000000004,False,0,0.43333333333332846,True,11.071111111111112,-3.678709094554942,-4.183555555555581,0.7066204516193659,0.5799999999999996,-0.30000000000000004,-0.30000000000000004,8.333333333333334,8.333333333333334,11.071111111111112,1.7695128795174968,1.2919999999999776,-0.7478391109992815,-0.020000000000001572,-0.30000000000000004,-0.30000000000000004,8.333333333333334,8.333333333333334
5,0.4,True,1,0.0,True,11.031111111111112,-3.8041420701862334,-4.251555555555565,0.8840088745875256,0.23999999999999932,-0.4,-0.4,8.333333333333334,8.333333333333334,11.031111111111112,-1.4513837823968272,-2.632888888888881,-0.1250050007438157,-6.661338147750939e-16,-0.4,-0.4,8.333333333333334,8.333333333333334
5,0.5,True,2,0.0,True,11.071111111111112,-3.4678071585776378,-4.179555555555576,-0.3597486730983417,-0.09999999999999987,-0.5,-0.5,8.333333333333334,8.333333333333334,11.071111111111112,-3.9950904062301005,-3.872888888888869,0.946840668564565,0.0,-0.5,-0.5,8.333333333333334,8.333333333333334
5,0.6000000000000001,True,2,0.0,True,11.031111111111112,-2.1125992802879905,-4.235555555555574,-0.16636606846226631,-0.4400000000000004,-0.6000000000000001,-0.6000000000000001,8.333333333333334,8.333333333333334,11.071111111111112,-3.8267454012209923,-2.471999999999979,0.8343892029946214,-0.019999999999999574,-0.6000000000000001,-0.6000000000000001,8.333333333333334,8.333333333333334
5,0.7000000000000001,True,2,0.0,True,10.831111111111117,-3.2845927784985376,-4.1804444444444355,-0.608073242218341,-0.7799999999999985,-0.7000000000000001,-0.7000000000000001,8.333333333333334,8.333333333333334,11.031111111111112,-2.536610312065789,-1.3528888888888835,0.41772264218784017,-0.009999999999999343,-0.7000000000000001,-0.7000000000000001,8.333333333333334,8.333333333333334
5,0.8,True,2,0.0,True,10.831111111111117,-4.29328014259455,-4.220444444444435,-1.4672010046135888,-1.1200000000000014,-0.8,-0.8,8.333333333333334,8.333333333333334,11.071111111111112,-2.8692644122480884,-0.54755555555555,0.17711010242377645,-2.220446049250313e-16,-0.8,-0.8,8.333333333333334,8.333333333333334
5,0.9,True,2,0.0,True,10.331611111111119,-1.3602101838398424,-4.231000000000011,-1.6999012602924637,-1.6399999999999975,-0.9,-0.9,8.333333333333334,8.333333333333334,11.071111111111112,0.25557936923797886,0.00800000000000356,-0.7351706105328524,-0.02000000000000024,-0.9,-0.9,8.333333333333334,8.333333333333334
5,1.0,True,2,0.0,True,10.331611111111119,-4.269319095745902,-3.971172222222232,-1.7687533604735632,-1.9,-1.0,-1.0,8.333333333333334,8.333333333333334,11.071111111111112,0.05808126431206606,0.5635555555555571,-0.08553241180803939,0.0,-1.0,-1.0,8.333333333333334,8.333333333333334
5,1.1,True,2,0.0,True,9.91211111111112,-4.088520490553004,-2.7909333333333235,-1.8856033482115007,-1.7000000000000015,-1.1,-1.1,8.333333333333334,8.333333333333334,11.071111111111112,0.3482507283509486,0.8533333333333326,0.5818425628017754,-0.0499999999999996,-1.1,-1.1,8.333333333333334,8.333333333333334
5,1.2000000000000002,True,2,0.0,True,9.36611111111112,-3.3824304389846516,-2.8396111111111066,-1.6003968636327714,-1.7999999999999998,-1.2000000000000002,0.0,8.333333333333334,8.333333333333334,11.11111111111111,0.6610958163764549,1.1111111111111134,0.14609687251171222,-0.07999999999999963,-1.2000000000000002,-1.2000000000000002,8.333333333333334,8.333333333333334
5,1.3,True,2,0.0,True,9.36611111111112,-3.3671054538080183,-2.8149888888888865,-1.271749314889119,-1.8899999999999997,0.0,0.0,8.333333333333334,8.333333333333334,11.11111111111111,0.8395817851295027,1.388888888888892,0.5342401064901559,-0.09000000000000008,-1.3,-1.3,8.333333333333334,8.333333333333334
5,1.4000000000000001,True,2,0.0,True,9.91211111111112,-4.2083921484363485,-2.90683333333332,-1.5953153840319945,-1.8999999999999986,0.0,0.0,8.333333333333334,8.333333333333334,11.11111111111111,-0.07280809441126568,1.666666666666667,0.2111239720316318,-0.08000000000000007,-1.4000000000000001,-1.4000000000000001,8.333333333333334,8.333333333333334
5,1.5,True,2,0.0,True,9.36611111111112,-3.20941478819337,-1.9149999999999947,-0.7592990621983695,-1.7999999999999998,0.0,0.0,8.333333333333334,8.333333333333334,11.11111111111111,1.9500694121680402,1.944444444444449,0.31213963482000073,-0.04999999999999982,-1.5,-1.5,8.333333333333334,8.333333333333334
5,1.6,True,2,0.0,True,9.36611111111112,-3.0659660636253063,-1.0936666666666666,-1.1370472219432486,-1.879999999999999,-1.6,0.0,8.333333333333334,8.333333333333334,11.11111111111111,0.1990697606598344,1.944444444444449,-0.03718341307044626,-0.1599999999999997,-1.6,-1.6,8.333333333333334,8.333333333333334
5,1.7000000000000002,True,2,0.0,True,9.91211111111112,-3.9157613823115467,-1.2681666666666613,-1.851054264248038,-1.8300000000000005,-1.7000000000000002,0.0,8.333333333333334,8.333333333333334,11.11111111111111,1.661805473336197,2.222222222222224,0.15169737833032926,-0.09999999999999964,-1.7000000000000002,-1.7000000000000002,8.333333333333334,8.333333333333334
6,0.0,False,0,4.0,False,11.11111111111111,-3.353859161547713,-4.277777777777795,2.010410063017442,1.6,0.0,0.0,8.333333333333334,8.333333333333334,,,,,,,,,
6,0.1,False,0,4.0,False,11.11111111111111,-3.403253978687455,-4.277777777777795,1.1343761833627064,1.23,-0.1,-0.1,8.333333333333334,8.333333333333334,11.11111111111111,31.207967947465544,30.1222222222227,0.01735099544637775,-0.00999999999999579,-0.1,-0.1,8.333333333333334,8.333333333333334
6,0.2,False,0,2.8000000000000025,False,11.11111111111111,-4.032889869255317,-4.277777777777795,0.5891015893640712,0.8599999999999999,-0.2,-0.2,8.333333333333334,8.333333333333334,11.11111111111111,9.57102148374663,7.900000000000131,0.06392723168211023,-0.019999999999997353,-0.2,-0.2,8.333333333333334,8.333333333333334
6,0.30000000000000004,False,0,0.13333333333332825,True,11.071111111111112,-2.8795274829525352,-4.2417777777777586,0.7285886222630018,0.48999999999999977,-0.30000000000000004,-0.30000000000000004,8.333333333333334,8.333333333333334,11.071111111111112,2.5979785674261793,0.2959999999999825,0.21962411748302202,-0.020000000000001572,-0.30000000000000004,-0.30000000000000004,8.333333333333334,8.333333333333334
6,0.4,True,1,0.0,True,11.031111111111112,-1.309764530420618,-4.224444444444447,0.3456977886377035,0.07999999999999918,-0.4,-0.4,8.333333333333334,8.333333333333334,11.031111111111112,-1.5511599632495061,-3.6848888888888807,-0.9772718067512403,-6.661338147750939e-16,-0.4,-0.4,8.333333333333334,8.333333333333334
6,0.5,True,2,0.0,True,10.951111111111114,-3.2863868509983076,-4.25244444444446,-0.1953790151480912,-0.2999999999999998,-0.5,-0.5,8.333333333333334,8.333333333333334,10.991111111111113,-3.545049662443172,-2.7768888888888794,-0.336320506176631,0.0,-0.5,-0.5,8.333333333333334,8.333333333333334
6,0.6000000000000001,True,2,0.0,True,10.871111111111116,-3.448304659419601,-4.296444444444449,-0.2388356779984444,-0.680000000000001,-0.6000000000000001,-0.6000000000000001,8.333333333333334,8.333333333333334,10.991111111111113,-2.7984372460317273,-1.4679999999999813,-0.1291374597761319,-0.019999999999999574,-0.6000000000000001,-0.6000000000000001,8.333333333333334,8.333333333333334
6,0.7000000000000001,True,2,0.0,True,10.331611111111119,-4.201105139584622,-2.824066666666641,-0.46062706922918273,-0.7099999999999986,-0.7000000000000001,-0.7000000000000001,8.333333333333334,8.333333333333334,11.071111111111112,-2.9984446768572495,-0.33288888888886614,-0.10949730337391728,-0.009999999999999343,-0.7000000000000001,-0.7000000000000001,8.333333333333334,8.333333333333334
6,0.8,True,2,0.0,True,9.91211111111112,-3.265347232450007,-2.838044444444445,-1.746322150689613,-1.1200000000000014,-0.8,-0.8,8.333333333333334,8.333333333333334,11.031111111111112,0.11890685272308676,0.4764444444444509,0.2760576895100373,-2.220446049250313e-16,-0.8,-0.8,8.333333333333334,8.333333333333334
6,0.9,True,2,0.0,True,8.693611111111121,-2.6740056819864675,-1.7643611111111026,-1.1022263451619798,-1.1899999999999982,-0.9,-0.9,8.333333333333334,8.333333333333334,11.031111111111112,0.9552393896410942,1.0280000000000067,-0.4126108195690623,-0.02000000000000024,-0.9,-0.9,8.333333333333334,8.333333333333334
6,1.0,True,2,0.0,True,9.91211111111112,-3.6533947473648416,-1.563105555555544,-1.2829965078957413,-1.2999999999999998,-1.0,-1.0,8.333333333333334,8.333333333333334,11.071111111111112,0.7373767640474407,1.5595555555555594,-0.46915045174902303,0.0,-1.0,-1.0,8.333333333333334,8.333333333333334
6,1.1,True,2,0.0,True,9.91211111111112,-3.165079987301829,-1.0734999999999948,-1.5164203259846727,-1.3700000000000014,-1.1,-1.1,8.333333333333334,8.333333333333334,11.031111111111112,0.06086931663927064,1.8453333333333335,0.40918161273188813,-0.0499999999999996,-1.1,-1.1,8.333333333333334,8.333333333333334
6,1.2000000000000002,True,2,0.0,True,8.693611111111121,-0.04534094114030207,-0.9230277777777749,-1.538976444114137,-1.7599999999999993,-1.2000000000000002,-1.2000000000000002,8.333333333333334,8.333333333333334,11.031111111111112,1.3641974177939664,2.1351111111111107,0.1460996956567726,-0.07999999999999963,-1.2000000000000002,-1.2000000000000002,8.333333333333334,8.333333333333334
6,1.3,True,2,0.0,True,8.693611111111121,-1.3480932020380605,-0.137694444444441,-1.4838619889826277,-1.6500000000000008,-1.3,-1.3,8.333333333333334,8.333333333333334,11.071111111111112,0.9773636399993721,2.3928888888888915,-0.8389616589611097,-0.09000000000000008,-1.3,-1.3,8.333333333333334,8.333333333333334
6,1.4000000000000001,True,2,0.0,True,8.693611111111121,0.4860205840251135,-0.10569444444444454,-1.5479565907221784,-1.8999999999999986,-1.4000000000000001,-1.4000000000000001,8.333333333333334,8.333333333333334,11.031111111111112,0.9908969032294275,2.694666666666664,0.683336332596133,-0.08000000000000007,-1.4000000000000001,-1.4000000000000001,8.333333333333334,8.333333333333334
6,1.5,False,0,0.0,True,9.36611111111112,-2.5282609524935564,0.17611111111110933,-1.0845485518422626,-1.85,-1.5,-1.5,8.333333333333334,8.333333333333334,11.11111111111111,2.60446974906544,2.944444444444449,-0.30819591105359434,-0.04999999999999982,-1.5,-1.5,8.333333333333334,8.333333333333334
6,1.6,True,2,0.0,True,8.693611111111121,-1.9922602863831242,-0.13369444444444323,-1.3868304137736347,-1.879999999999999,-1.6,0.0,8.333333333333334,8.333333333333334,11.11111111111111,2.666469762398939,2.944444444444449,-0.3831017400515373,-0.1599999999999997,-1.6,-1.6,8.333333333333334,8.333333333333334
6,1.7000000000000002,False,0,0.0,True,8.693611111111121,0.4535133119053336,0.695638888888884,-1.181121562086001,-1.8300000000000005,0.0,0.0,8.333333333333334,8.333333333333334,11.071111111111112,3.441293712478349,3.2262222222222237,-0.06858199746499793,-0.09999999999999964,-1.7000000000000002,-1.7000000000000002,8.333333333333334,8.333333333333334
7,0.0,False,0,4.0,False,11.11111111111111,-3.518682285440181,-4.211111111111069,1.6763498767860434,1.6,0.0,0.0,8.333333333333334,8.333333333333334,,,,,,,,,
7,0.1,False,0,4.0,False,11.11111111111111,-2.9238236603218892,-4.211111111111069,0.7165415419720591,1.19,-0.1,-0.1,8.333333333333334,8.333333333333334,11.11111111111111,29.726545563615257,29.1222222222227,0.19546543581892362,-0.00999999999999579,-0.1,-0.1,8.333333333333334,8.333333333333334
7,0.2,False,0,2.4000000000000044,False,11.11111111111111,-3.5673149728461224,-4.211111111111069,1.193265895520315,0.7799999999999998,-0.2,-0.2,8.333333333333334,8.333333333333334,11.11111111111111,6.738255683040333,6.900000000000131,-0.14337122813218306,-0.019999999999997353,-0.2,-0.2,8.333333333333334,8.333333333333334
7,0.30000000000000004,True,1,0.0,False,11.11111111111111,-2.8190065598143645,-4.211111111111069,0.691578333903005,0.3699999999999992,-0.30000000000000004,-0.30000000000000004,8.333333333333334,8.333333333333334,11.11111111111111,0.24593324839000008,-0.5999999999998975,-0.03344712235558811,-0.020000000000001572,-0.30000000000000004,-0.30000000000000004,8.333333333333334,8.333333333333334
7,0.4,True,2,0.0,False,11.11111111111111,-2.640112778827226,-4.211111111111069,0.8929333482798505,-0.04000000000000048,-0.4,-0.4,8.333333333333334,8.333333333333334,11.11111111111111,-3.503368186223457,-4.111111111111145,0.3461583497629577,-6.661338147750939e-16,-0.4,-0.4,8.333333333333334,8.333333333333334
7,0.5,True,2,0.0,True,10.991111111111113,-2.3607055244833175,-4.295111111111093,-0.28791488274655075,-0.44999999999999973,-0.5,-0.5,8.333333333333334,8.333333333333334,11.071111111111112,-1.3057671359983472,-1.8848888888888764,0.27837894773340466,0.0,-0.5,-0.5,8.333333333333334,8.333333333333334
7,0.6000000000000001,True,2,0.0,True,10.831111111111117,-4.257171260002582,-4.286666666666664,-0.9883671626603284,-0.9200000000000017,-0.6000000000000001,-0.6000000000000001,8.333333333333334,8.333333333333334,11.031111111111112,-1.7167023917582567,-0.4679999999999849,-0.10664457480701484,-0.019999999999999574,-0.6000000000000001,-0.6000000000000001,8.333333333333334,8.333333333333334
7,0.7000000000000001,True,2,0.0,True,8.693611111111121,-1.3661300158569345,-2.0852499999999976,-1.151074616017059,-0.9199999999999986,-0.7000000000000001,-0.7000000000000001,8.333333333333334,8.333333333333334,10.991111111111113,0.32964067595935465,0.6791111111111272,0.2200770841426749,-0.009999999999999343,-0.7000000000000001,-0.7000000000000001,8.333333333333334,8.333333333333334
7,0.8,True,2,0.0,True,9.36611111111112,-3.8917224269536232,-2.2910999999999957,-1.0271021565369778,-1.2800000000000016,-0.8,-0.8,8.333333333333334,8.333333333333334,11.071111111111112,1.3634267756687786,1.4484444444444522,0.12333259299674726,-2.220446049250313e-16,-0.8,-0.8,8.333333333333334,8.333333333333334
7,0.9,True,2,0.0,True,8.693611111111121,-2.575112005450701,-0.7283611111111084,-1.1962920015411622,-1.1899999999999982,-0.9,-0.9,8.333333333333334,8.333333333333334,10.991111111111113,-0.17387475340660696,2.0400000000000036,-0.6609220920330274,-0.02000000000000024,-0.9,-0.9,8.333333333333334,8.333333333333334
7,1.0,True,2,0.0,True,9.36611111111112,-3.4024072427414707,-1.0381111111111023,-1.5424224746840234,-1.5,-1.0,-1.0,8.333333333333334,8.333333333333334,11.11111111111111,2.4956348063257083,2.555555555555558,0.20516095867500805,0.0,-1.0,-1.0,8.333333333333334,8.333333333333334
7,1.1,True,2,0.0,True,9.36611111111112,-3.0919943541815966,-0.7483333333333162,-1.087438268368846,-1.7000000000000015,-1.1,-1.1,8.333333333333334,8.333333333333334,11.11111111111111,0.18465108360148097,2.833333333333333,-0.06341037202658573,-0.0499999999999996,-1.1,-1.1,8.333333333333334,8.333333333333334
7,1.2000000000000002,False,0,0.0,True,8.693611111111121,0.7214649978134213,0.33475000000000765,-1.697711099358906,-1.6399999999999992,-1.2000000000000002,-1.2000000000000002,8.333333333333334,8.333333333333334,11.031111111111112,1.36513102533113,3.1351111111111107,0.17434536625677755,-0.07999999999999963,-1.2000000000000002,-1.2000000000000002,8.333333333333334,8.333333333333334
7,1.3,True,2,0.0,True,8.693611111111121,-1.4446840016935125,-0.5185833333333347,-1.2552662464899473,-1.8899999999999997,0.0,0.0,8.333333333333334,8.333333333333334,11.11111111111111,1.6310182388489194,3.388888888888892,0.3584914794169425,-0.09000000000000008,-1.3,-1.3,8.333333333333334,8.333333333333334
7,1.4000000000000001,False,0,0.0,True,8.693611111111121,-0.2260874647578488,0.8903055555555577,-1.54462625218568,-1.8999999999999986,-1.4000000000000001,-1.4000000000000001,8.333333333333334,8.333333333333334,11.031111111111112,2.785062318422878,3.6786666666666656,0.8017670774818249,-0.08000000000000007,-1.4000000000000001,-1.4000000000000001,8.333333333333334,8.333333333333334
7,1.5,False,0,0.0,True,8.693611111111121,-1.688072171237983,0.8703055555555546,-0.7821189842373175,-1.7999999999999998,-1.5,0.0,8.333333333333334,8.333333333333334,11.071111111111112,3.15442273489331,3.9484444444444486,0.3076695616208647,-0.04999999999999982,-1.5,-1.5,8.333333333333334,8.333333333333334
7,1.6,False,0,0.0,True,8.693611111111121,0.47138790547207865,0.6245277777777796,-0.5743812756425388,-1.879999999999999,0.0,0.0,8.333333333333334,8.333333333333334,11.071111111111112,1.0967610614630958,3.9564444444444478,1.0721033272164182,-0.1599999999999997,-1.6,-1.6,8.333333333333334,8.333333333333334
7,1.7000000000000002,False,0,0.0,True,8.693611111111121,0.3521745140530621,0.8703055555555546,-1.2471168447480179,-1.8300000000000005,0.0,0.0,8.333333333333334,8.333333333333334,11.11111111111111,3.607393125016375,4.222222222222224,-0.8630838877625586,-0.09999999999999964,-1.7000000000000002,-1.7000000000000002,8.333333333333334,8.333333333333334
8,0.0,False,0,4.0,False,11.11111111111111,-3.8948100196621835,-4.222222222222274,1.736520030798609,1.6,0.0,0.0,8.333333333333334,8.333333333333334,,,,,,,,,
8,0.1,False,0,4.0,False,11.11111111111111,-4.005838277440918,-4.222222222222274,1.7586494047105665,1.1600000000000001,-0.1,-0.1,8.333333333333334,8.333333333333334,11.11111111111111,28.07113165618254,28.1222222222227,0.6295919513276318,-0.00999999999999579,-0.1,-0.1,8.333333333333334,8.333333333333334
8,0.2,False,0,2.1000000000000063,False,11.11111111111111,-3.7675025845366887,-4.222222222222274,1.0309134317566526,0.7200000000000002,-0.2,-0.2,8.333333333333334,8.333333333333334,11.11111111111111,6.39766921327485,5.900000000000131,-0.8522804120335281,-0.019999999999997353,-0.2,-0.2,8.333333333333334,8.333333333333334
8,0.30000000000000004,True,1,0.0,True,10.951111111111114,-2.9512662788025734,-4.243999999999988,0.07781551240258167,0.2499999999999991,-0.30000000000000004,-0.30000000000000004,8.333333333333334,8.333333333333334,10.951111111111114,0.28747411797570965,-2.000000000000017,0.5650418953597458,-0.020000000000001572,-0.30000000000000004,-0.30000000000000004,8.333333333333334,8.333333333333334
8,0.4,True,2,0.0,True,10.911111111111115,-3.5269469040020835,-4.2839999999999945,0.4512427855831338,-0.19999999999999996,-0.4,-0.4,8.333333333333334,8.333333333333334,10.991111111111113,-3.0089667677941803,-3.015111111111106,-0.3188913392276269,-6.661338147750939e-16,-0.4,-0.4,8.333333333333334,8.333333333333334
8,0.5,True,2,0.0,True,10.831111111111117,-2.6965715914684507,-4.198222222222216,-0.7243774505820642,-0.6999999999999997,-0.5,-0.5,8.333333333333334,8.333333333333334,11.031111111111112,-2.1323504132636115,-0.828888888888879,0.6386539282057808,0.0,-0.5,-0.5,8.333333333333334,8.333333333333334
8,0.6000000000000001,True,2,0.0,True,9.91211111111112,-3.4199482092878197,-3.1521944444444427,-0.2155718348491109,-0.9800000000000018,-0.6000000000000001,-0.6000000000000001,8.333333333333334,8.333333333333334,10.991111111111113,0.9630443170098042,0.5280000000000209,0.13756002450587346,-0.019999999999999574,-0.6000000000000001,-0.6000000000000001,8.333333333333334,8.333333333333334
8,0.7000000000000001,True,2,0.0,True,9.91211111111112,-4.061609109124059,-1.7312777777777795,-1.5752753829072081,-0.9899999999999984,-0.7000000000000001,-0.7000000000000001,8.333333333333334,8.333333333333334,10.991111111111113,1.8045036870723346,1.6631111111111219,-0.22236249823260001,-0.009999999999999343,-0.7000000000000001,-0.7000000000000001,8.333333333333334,8.333333333333334
8,0.8,True,2,0.0,True,9.36611111111112,-2.205231112094441,-1.141222222222221,-0.9672357729914874,-1.2000000000000015,-0.8,-0.8,8.333333333333334,8.333333333333334,11.11111111111111,-0.7747551292200283,2.444444444444451,0.8076343951121001,-2.220446049250313e-16,-0.8,-0.8,8.333333333333334,8.333333333333334
8,0.9,True,2,0.0,True,8.693611111111121,-2.1091591821274944,-0.04613888888887896,-1.757342246084265,-1.279999999999998,-0.9,-0.9,8.333333333333334,8.333333333333334,11.071111111111112,1.735731400901284,3.024000000000009,-0.05245509458723263,-0.02000000000000024,-0.9,-0.9,8.333333333333334,8.333333333333334
8,1.0,False,0,0.0,True,8.693611111111121,-1.5545799551824073,0.25163888888889563,-1.7234385819213176,-1.5,-1.0,-1.0,8.333333333333334,8.333333333333334,11.031111111111112,3.3156604737883315,3.5675555555555585,0.08061471901897166,0.0,-1.0,-1.0,8.333333333333334,8.333333333333334
8,1.1,False,0,0.0,False,11.11111111111111,5.9975169023256845,5.500000000000003,-0.17136913445943103,0.6100000000000003,-1.1,-1.1,8.333333333333334,8.333333333333334,,,,,,,,,
8,1.2000000000000002,False,0,0.0,True,8.693611111111121,0.487288214028589,1.3107500000000067,-1.710453231908273,-1.6399999999999992,-1.2000000000000002,-1.2000000000000002,8.333333333333334,8.333333333333334,11.071111111111112,1.637415494787871,4.115111111111113,0.4374118880438398,-0.07999999999999963,-1.2000000000000002,-1.2000000000000002,8.333333333333334,8.333333333333334
8,1.3,False,0,0.0,True,8.693611111111121,0.2490779728760808,0.771194444444455,-1.4760814889099303,-1.8899999999999997,0.0,0.0,8.333333333333334,8.333333333333334,11.11111111111111,4.078062876447244,4.388888888888892,-0.606286601301794,-0.09000000000000008,-1.3,-1.3,8.333333333333334,8.333333333333334
8,1.4000000000000001,False,0,0.0,True,8.693611111111121,1.3834964900884907,1.3147500000000045,-1.5385746385574814,-1.8999999999999986,0.0,0.0,8.333333333333334,8.333333333333334,11.11111111111111,3.436627956389521,4.666666666666667,-0.17237163706733738,-0.08000000000000007,-1.4000000000000001,-1.4000000000000001,8.333333333333334,8.333333333333334
8,1.5,False,0,0.0,True,8.693611111111121,-0.5395848776999435,1.0289722222222233,-1.0158273943857403,-1.7999999999999998,0.0,0.0,8.333333333333334,8.333333333333334,11.11111111111111,4.170764236899799,4.944444444444449,0.2500707323411828,-0.04999999999999982,-1.5,-1.5,8.333333333333334,8.333333333333334
8,1.6,False,0,0.0,True,11.071111111111112,5.729561053655407,5.512000000000001,-0.5378645728646556,0.16000000000000014,-1.6,-1.6,8.333333333333334,8.333333333333334,,,,,,,,,
8,1.7000000000000002,False,0,0.0,True,8.693611111111121,0.7572184043174,1.592527777777783,-1.0292344454695594,-1.8300000000000005,0.0,0.0,8.333333333333334,8.333333333333334,11.11111111111111,5.278619470184178,5.222222222222224,0.3485283517543416,-0.09999999999999964,-1.7000000000000002,-1.7000000000000002,8.333333333333334,8.333333333333334
9,0.0,False,0,4.0,False,11.11111111111111,-1.9028449826911027,-4.266666666666597,0.9590595820873551,1.6,0.0,0.0,8.333333333333334,8.333333333333334,,,,,,,,,
9,0.1,False,0,4.0,True,11.071111111111112,-3.272552151952122,-4.293333333333353,1.2156310889813016,1.12,-0.1,-0.1,8.333333333333334,8.333333333333334,11.071111111111112,29.505028434658964,26.630222222222766,0.19264514257861043,-0.00999999999999579,-0.1,-0.1,8.333333333333334,8.333333333333334
9,0.2,False,0,1.700000000000006,False,11.11111111111111,-4.2016952586743015,-4.266666666666597,0.8178364489590493,0.6400000000000001,-0.2,-0.2,8.333333333333334,8.333333333333334,11.11111111111111,5.478894660049147,4.900000000000131,0.7432072482705196,-0.019999999999997353,-0.2,-0.2,8.333333333333334,8.333333333333334
9,0.30000000000000004,True,1,0.0,True,11.071111111111112,-4.165095669930724,-4.201333333333291,-0.12243566391933891,0.1599999999999988,-0.30000000000000004,-0.30000000000000004,8.333333333333334,8.333333333333334,11.071111111111112,-0.3250424743978,-2.7560000000000384,0.18160856455712127,-0.020000000000001572,-0.30000000000000004,-0.30000000000000004,8.333333333333334,8.333333333333334
9,0.4,True,2,0.0,True,11.071111111111112,-3.191148273084745,-4.290666666666627,-0.3460422543778148,-0.3199999999999994,-0.4,-0.4,8.333333333333334,8.333333333333334,11.11111111111111,-3.5467358672058706,-2.1111111111111454,0.4318266052511217,-6.661338147750939e-16,-0.4,-0.4,8.333333333333334,8.333333333333334
9,0.5,True,2,0.0,True,9.36611111111112,-2.815951613057382,-2.017666666666673,-0.7955304071142575,-0.5,-0.5,-0.5,8.333333333333334,8.333333333333334,10.951111111111114,-1.0820210450152485,0.19111111111113122,0.1634203794176714,0.0,-0.5,-0.5,8.333333333333334,8.333333333333334
9,0.6000000000000001,True,2,0.0,True,9.91211111111112,-3.234554381014081,-1.6646111111111095,-0.3077780573893496,-0.8000000000000012,-0.6000000000000001,-0.6000000000000001,8.333333333333334,8.333333333333334,11.11111111111111,-0.4945237860642946,1.5000000000000187,-0.32235427566354513,-0.019999999999999574,-0.6000000000000001,-0.6000000000000001,8.333333333333334,8.333333333333334
9,0.7000000000000001,True,2,0.0,True,9.91211111111112,-3.7423594475520146,-1.4108333333333247,-1.1125177852564119,-1.1299999999999981,-0.7000000000000001,-0.7000000000000001,8.333333333333334,8.333333333333334,11.071111111111112,0.27891281083239594,2.623111111111119,0.17287956954022476,-0.009999999999999343,-0.7000000000000001,-0.7000000000000001,8.333333333333334,8.333333333333334
9,0.8,False,0,0.0,True,8.693611111111121,-0.6321438694981181,0.3983055555555639,-1.6884829857716956,-1.1200000000000014,-0.8,-0.8,8.333333333333334,8.333333333333334,11.071111111111112,3.3603917399031227,3.4644444444444575,-0.1636342743167929,-2.220446049250313e-16,-0.8,-0.8,8.333333333333334,8.333333333333334
9,0.9,False,0,0.0,True,8.693611111111121,0.5995740267734435,0.7040833333333412,-0.9351076356347472,-1.3699999999999979,-0.9,-0.9,8.333333333333334,8.333333333333334,11.071111111111112,3.802673931864999,4.016000000000006,0.06948906016055978,-0.02000000000000024,-0.9,-0.9,8.333333333333334,8.333333333333334
9,1.0,False,0,0.0,True,8.693611111111121,-0.8111901327138282,0.38630555555554924,-1.4759872122788857,-1.7999999999999998,-1.0,-1.0,8.333333333333334,8.333333333333334,11.11111111111111,4.146803278889313,4.555555555555558,0.8408113963385695,0.0,-1.0,-1.0,8.333333333333334,8.333333333333334
9,1.1,False,0,0.0,True,8.693611111111121,1.0066891430783729,1.4934166666666728,-1.7950961532303287,-1.7000000000000015,-1.1,-1.1,8.333333333333334,8.333333333333334,11.071111111111112,2.3943615616205998,4.8453333333333335,0.2530524282035085,-0.0499999999999996,-1.1,-1.1,8.333333333333334,8.333333333333334
9,1.2000000000000002,False,0,0.0,True,8.693611111111121,-1.0827693560235643,1.5134166666666689,-1.442915606334167,-1.7999999999999998,-1.2000000000000002,-1.2000000000000002,8.333333333333334,8.333333333333334,11.11111111111111,4.4638056819687675,5.111111111111113,-0.32809144891817077,-0.07999999999999963,-1.2000000000000002,-1.2000000000000002,8.333333333333334,8.333333333333334
9,1.3,False,0,0.0,True,8.693611111111121,-0.010389047863980316,2.3347500000000077,-1.5657106876034557,-1.8899999999999997,-1.3,-1.3,8.333333333333334,8.333333333333334,11.071111111111112,4.449399699774724,5.400888888888891,0.7355441951896009,-0.09000000000000008,-1.3,-1.3,8.333333333333334,8.333333333333334
9,1.4000000000000001,False,0,0.0,False,11.11111111111111,6.649246210896048,6.500000000000003,-0.18308388735487968,0.33999999999999986,-1.4000000000000001,-1.4000000000000001,8.333333333333334,8.333333333333334,,,,,,,,,
9,1.5,False,0,0.0,True,9.36611111111112,2.2282696609752017,2.3427777777777843,-1.7425843667506595,-1.7999999999999998,0.0,0.0,8.333333333333334,8.333333333333334,11.11111111111111,5.229704096945446,5.944444444444449,0.37451833169251714,-0.04999999999999982,-1.5,-1.5,8.333333333333334,8.333333333333334
9,1.6,False,0,0.0,True,10.991111111111113,5.570488392722283,4.857333333333334,-0.9416107713798711,-0.8000000000000003,-1.6,-1.6,8.333333333333334,8.333333333333334,11.11111111111111,2.3410912285445518,5.944444444444449,0.27493245123858356,-0.1599999999999997,-1.6,-1.6,8.333333333333334,8.333333333333334
9,1.7000000000000002,False,0,0.0,False,11.11111111111111,5.655468327526292,5.944444444444449,-0.578210032222203,-0.2699999999999996,-1.7000000000000002,-1.7000000000000002,8.333333333333334,8.333333333333334,11.11111111111111,1.2085880436231902,6.222222222222224,0.538946862294488,-0.09999999999999964,-1.7000000000000002,-1.7000000000000002,8.333333333333334,8.333333333333334
10,0.0,False,0,4.0,False,11.11111111111111,-3.999247958388561,-4.166666666666759,1.2119401844140305,1.6,0.0,0.0,8.333333333333334,8.333333333333334,,,,,,,,,
10,0.1,False,0,4.0,True,11.071111111111112,-3.5618696147706173,-4.227555555555543,1.4369402530592703,1.0800000000000005,-0.1,-0.1,8.333333333333334,8.333333333333334,11.071111111111112,26.12698670716794,25.614222222222747,-0.7460598904062001,-0.00999999999999579,-0.1,-0.1,8.333333333333334,8.333333333333334
10,0.2,False,0,1.400000000000008,False,11.11111111111111,-2.473487954625173,-4.166666666666759,0.10895121978335442,0.5800000000000005,-0.2,-0.2,8.333333333333334,8.333333333333334,11.11111111111111,7.322834356706591,3.900000000000131,0.21928432547816135,-0.019999999999997353,-0.2,-0.2,8.333333333333334,8.333333333333334
10,0.30000000000000004,True,1,0.0,True,10.991111111111113,-3.348043610254055,-4.267555555555499,-0.24603445565469384,0.03999999999999848,-0.30000000000000004,-0.30000000000000004,8.333333333333334,8.333333333333334,10.991111111111113,-3.516072923174195,-3.735999999999943,0.5150962905597081,-0.020000000000001572,-0.30000000000000004,-0.30000000000000004,8.333333333333334,8.333333333333334
10,0.4,True,2,0.0,True,10.624611111111118,-1.2169560519788574,-4.255077777777781,-0.9834499426384993,-0.5199999999999987,-0.4,-0.4,8.333333333333334,8.333333333333334,11.071111111111112,-3.37557756286608,-1.0471111111110885,-0.04101071451718785,-6.661338147750939e-16,-0.4,-0.4,8.333333333333334,8.333333333333334
10,0.5,True,2,0.0,True,9.91211111111112,-3.355724031439226,-2.247277777777799,-1.4852760002479046,-0.6999999999999997,-0.5,-0.5,8.333333333333334,8.333333333333334,10.951111111111114,1.1809542721505837,1.151111111111125,0.5552008756848466,0.0,-0.5,-0.5,8.333333333333334,8.333333333333334
10,0.6000000000000001,True,2,0.0,True,8.693611111111121,-2.537545510364235,-0.22836111111111546,-0.30156976431207205,-0.8000000000000012,-0.6000000000000001,-0.6000000000000001,8.333333333333334,8.333333333333334,10.991111111111113,2.4011248363278392,2.548000000000017,0.23095479684279185,-0.019999999999999574,-0.6000000000000001,-0.6000000000000001,8.333333333333334,8.333333333333334
10,0.7000000000000001,False,0,0.0,True,8.693611111111121,-1.8537165653732215,0.0054166666666732866,-0.722318809009239,-1.1299999999999981,-0.7000000000000001,-0.7000000000000001,8.333333333333334,8.333333333333334,11.071111111111112,1.6824414420700338,3.631111111111122,0.7276293885527552,-0.009999999999999343,-0.7000000000000001,-0.7000000000000001,8.333333333333334,8.333333333333334
10,0.8,False,0,0.0,True,8.693611111111121,1.431528737043938,1.1165277777777805,-1.1541305240056343,-1.2000000000000015,-0.8,-0.8,8.333333333333334,8.333333333333334,11.071111111111112,2.0742018819080856,4.448444444444452,0.8013506044880114,-2.220446049250313e-16,-0.8,-0.8,8.333333333333334,8.333333333333334
10,0.9,False,0,0.0,False,11.11111111111111,5.896074087463279,6.944444444444449,-0.22856707485602268,0.6099999999999999,-0.9,-0.9,8.333333333333334,8.333333333333334,,,,,,,,,
10,1.0,False,0,0.0,True,8.693611111111121,0.9014471980633205,2.5214166666666644,-1.7806073355125387,-1.4,-1.0,-1.0,8.333333333333334,8.333333333333334,11.031111111111112,5.026484227457414,5.5675555555555585,-0.13905865359176572,0.0,-1.0,-1.0,8.333333333333334,8.333333333333334
10,1.1,False,0,0.0,False,11.11111111111111,5.759657381625883,5.833333333333333,-0.2866293967198388,-0.0499999999999996,-1.1,-1.1,8.333333333333334,8.333333333333334,11.11111111111111,5.759657381625883,5.833333333333333,-0.2866293967198388,-0.0499999999999996,-1.1,-1.1,8.333333333333334,8.333333333333334
10,1.2000000000000002,False,0,0.0,False,11.11111111111111,6.165562979011326,6.944444444444449,-0.7198892700026849,0.28000000000000025,-1.2000000000000002,-1.2000000000000002,8.333333333333334,8.333333333333334,,,,,,,,,
10,1.3,False,0,0.0,False,11.11111111111111,6.378189192300396,7.222222222222224,-0.19114190488041505,0.2999999999999998,-1.3,-1.3,8.333333333333334,8.333333333333334,,,,,,,,,
10,1.4000000000000001,False,0,0.0,False,11.11111111111111,5.903647682025478,6.666666666666667,-0.12425816892348429,-0.08000000000000007,-1.4000000000000001,-1.4000000000000001,8.333333333333334,8.333333333333334,11.11111111111111,5.903647682025478,6.666666666666667,-0.12425816892348429,-0.08000000000000007,-1.4000000000000001,-1.4000000000000001,8.333333333333334,8.333333333333334
10,1.5,False,0,0.0,False,11.11111111111111,5.848553142744083,7.222222222222224,-0.2602738059554526,0.10000000000000009,-1.5,-1.5,8.333333333333334,8.333333333333334,,,,,,,,,
10,1.6,False,0,0.0,False,11.11111111111111,6.706127755363521,7.222222222222224,-0.4591879395202565,2.220446049250313e-16,-1.6,-1.6,8.333333333333334,8.333333333333334,,,,,,,,,
10,1.7000000000000002,False,0,0.0,True,11.071111111111112,5.485185194835645,6.948444444444449,-0.3948305364995077,-0.2699999999999996,-1.7000000000000002,-1.7000000000000002,8.333333333333334,8.333333333333334,11.11111111111111,5.550361482036087,7.222222222222224,-0.568908877330712,-0.09999999999999964,-1.7000000000000002,-1.7000000000000002,8.333333333333334,8.333333333333334
11,0.0,False,0,4.0,False,11.11111111111111,-3.691909312054878,-4.277777777777888,1.3270537039736783,1.6,0.0,0.0,8.333333333333334,8.333333333333334,,,,,,,,,
11,0.1,False,0,4.0,False,11.11111111111111,-2.578978148635964,-4.277777777777888,0.9878828951576692,1.0500000000000003,-0.1,-0.1,8.333333333333334,8.333333333333334,11.11111111111111,25.179624127445134,25.1222222222227,-0.8182410273099421,-0.00999999999999579,-0.1,-0.1,8.333333333333334,8.333333333333334
11,0.2,False,0,0.9000000000000097,True,11.071111111111112,-3.2290144005233072,-4.208444444444477,0.7751502083026347,0.48000000000000087,-0.2,-0.2,8.333333333333334,8.333333333333334,11.071111111111112,3.1842374267237092,2.635999999999865,0.21427819587596275,-0.019999999999997353,-0.2,-0.2,8.333333333333334,8.333333333333334
11,0.30000000000000004,True,2,0.0,True,10.951111111111114,-3.598033704613381,-4.200444444444382,-0.23809910919922062,-0.08000000000000185,-0.30000000000000004,-0.30000000000000004,8.333333333333334,8.333333333333334,10.951111111111114,-4.095632741970536,-3.876000000000057,-0.3278919765078143,-0.020000000000001572,-0.30000000000000004,-0.30000000000000004,8.333333333333334,8.333333333333334
11,0.4,True,2,0.0,True,10.624611111111118,-2.8667912521335124,-4.258083333333377,-0.8464968332667082,-0.6799999999999984,-0.4,-0.4,8.333333333333334,8.333333333333334,11.031111111111112,-2.9874736771525034,-0.08311111111111824,-0.40558476843251445,-6.661338147750939e-16,-0.4,-0.4,8.333333333333334,8.333333333333334
11,0.5,True,2,0.0,True,8.693611111111121,-0.1080721778741589,-0.0056944444444395614,-0.42963975042179436,-0.5499999999999998,-0.5,-0.5,8.333333333333334,8.333333333333334,10.911111111111115,2.5462499689710585,2.2311111111111375,0.3819799296237578,0.0,-0.5,-0.5,8.333333333333334,8.333333333333334
11,0.6000000000000001,False,0,0.0,True,8.693611111111121,-1.6239362263559327,0.47386111111110285,-0.06975322712109167,-0.8600000000000017,-0.6000000000000001,-0.6000000000000001,8.333333333333334,8.333333333333334,11.031111111111112,2.470660849608845,3.512000000000019,-0.5622113628976373,-0.019999999999999574,-0.6000000000000001,-0.6000000000000001,8.333333333333334,8.333333333333334
11,0.7000000000000001,False,0,0.0,False,11.11111111111111,5.640112900242138,5.444444444444451,-0.5921797500798327,0.20000000000000062,-0.7000000000000001,-0.7000000000000001,8.333333333333334,8.333333333333334,,,,,,,,,
11,0.8,False,0,0.0,True,9.36611111111112,-3.0896304418675014,1.3472222222222259,-1.4015323420144725,-1.3600000000000017,-0.8,-0.8,8.333333333333334,8.333333333333334,11.071111111111112,4.754090633958115,5.448444444444452,0.37893920666794845,-2.220446049250313e-16,-0.8,-0.8,8.333333333333334,8.333333333333334
11,0.9,False,0,0.0,False,11.11111111111111,7.5004054075601045,7.944444444444449,-0.5131537222881761,0.6099999999999999,-0.9,-0.9,8.333333333333334,8.333333333333334,,,,,,,,,
11,1.0,False,0,0.0,False,11.11111111111111,7.890956292504462,7.944444444444449,-0.23074573521645192,0.5,-1.0,-1.0,8.333333333333334,8.333333333333334,,,,,,,,,
11,1.1,False,0,0.0,False,11.11111111111111,5.991586377987109,6.833333333333333,-0.12954703267082457,-0.0499999999999996,-1.1,-1.1,8.333333333333334,8.333333333333334,11.11111111111111,5.991586377987109,6.833333333333333,-0.12954703267082457,-0.0499999999999996,-1.1,-1.1,8.333333333333334,8.333333333333334
11,1.2000000000000002,False,0,0.0,False,11.11111111111111,7.814599835047765,8.500000000000004,-0.28272696596505353,0.52,-1.2000000000000002,-1.2000000000000002,8.333333333333334,8.333333333333334,,,,,,,,,
11,1.3,False,0,0.0,True,10.911111111111115,5.382070209076859,5.520444444444448,-1.808105195345351,-1.0000000000000004,-1.3,-1.3,8.333333333333334,8.333333333333334,11.11111111111111,4.281017306423105,7.388888888888892,-0.4140667854365718,-0.09000000000000008,-1.3,-1.3,8.333333333333334,8.333333333333334
11,1.4000000000000001,False,0,0.0,False,11.11111111111111,6.208376268187492,8.500000000000004,-0.19872065141489936,0.33999999999999986,-1.4000000000000001,-1.4000000000000001,8.333333333333334,8.333333333333334,,,,,,,,,
11,1.5,False,0,0.0,True,11.071111111111112,5.98639116225126,6.853333333333333,-0.37788341680018656,-0.6499999999999999,-1.5,-1.5,8.333333333333334,8.333333333333334,11.071111111111112,5.821204483060893,7.948444444444449,0.6727807501644896,-0.04999999999999982,-1.5,-1.5,8.333333333333334,8.333333333333334
11,1.6,False,0,0.0,False,11.11111111111111,7.077927544211366,8.222222222222225,-0.571813126795659,2.220446049250313e-16,-1.6,-1.6,8.333333333333334,8.333333333333334,,,,,,,,,
11,1.7000000000000002,False,0,0.0,False,11.11111111111111,9.491910518227371,9.333333333333336,-0.24726678363651833,0.5800000000000001,-1.7000000000000002,-1.7000000000000002,8.333333333333334,8.333333333333334,,,,,,,,,
12,0.0,False,0,4.0,False,11.11111111111111,-3.7774315838965604,-4.211111111110983,2.315907353729305,1.6,0.0,0.0,8.333333333333334,8.333333333333334,,,,,,,,,
12,0.1,False,0,4.0,False,11.11111111111111,-2.963751358227145,-4.211111111110983,0.4865334299387598,1.0100000000000007,-0.1,-0.1,8.333333333333334,8.333333333333334,11.11111111111111,25.241258403785547,24.1222222222227,0.3296745211466545,-0.00999999999999579,-0.1,-0.1,8.333333333333334,8.333333333333334
12,0.2,False,0,0.6000000000000116,True,11.071111111111112,-4.25823104111885,-4.275111111111062,0.14460987295596395,0.42000000000000126,-0.2,-0.2,8.333333333333334,8.333333333333334,11.071111111111112,2.4418733401150634,1.7479999999999452,-0.2003371460385046,-0.019999999999997353,-0.2,-0.2,8.333333333333334,8.333333333333334
12,0.30000000000000004,True,2,0.0,True,10.911111111111115,-3.616438799118586,-4.248888888888973,0.08766557462549995,-0.17000000000000193,-0.30000000000000004,-0.30000000000000004,8.333333333333334,8.333333333333334,10.991111111111113,-2.2636282468046103,-2.9400000000000643,0.11658264657028106,-0.020000000000001572,-0.30000000000000004,-0.30000000000000004,8.333333333333334,8.333333333333334
12,0.4,True,2,0.0,True,8.693611111111121,-2.213537127169462,-1.1373166666666945,-0.16859779110537687,-0.43999999999999906,-0.4,-0.4,8.333333333333334,8.333333333333334,10.911111111111115,0.08257104474919874,1.0208888888888952,-0.34469224120735564,-6.661338147750939e-16,-0.4,-0.4,8.333333333333334,8.333333333333334
12,0.5,False,0,0.0,False,11.11111111111111,6.81705095930752,6.166666666666676,-0.034948699298497976,0.5500000000000003,-0.5,-0.5,8.333333333333334,8.333333333333334,,,,,,,,,
12,0.6000000000000001,False,0,0.0,True,8.693611111111121,1.2296830579750422,1.429861111111106,-1.317082080222594,-0.8600000000000017,-0.6000000000000001,-0.6000000000000001,8.333333333333334,8.333333333333334,11.071111111111112,3.03406625939611,4.508000000000021,0.9058611549725115,-0.019999999999999574,-0.6000000000000001,-0.6000000000000001,8.333333333333334,8.333333333333334
12,0.7000000000000001,False,0,0.0,False,11.11111111111111,5.659572251811604,7.277777777777783,-0.509388866875276,0.4100000000000006,-0.7000000000000001,-0.7000000000000001,8.333333333333334,8.333333333333334,,,,,,,,,
12,0.8,False,0,0.0,True,11.031111111111112,5.536760479568476,5.9088888888889,-0.10870169665657059,-0.16000000000000036,-0.8,-0.8,8.333333333333334,8.333333333333334,11.071111111111112,4.422246872711708,6.45244444444445,0.5745267633826816,-2.220446049250313e-16,-0.8,-0.8,8.333333333333334,8.333333333333334
12,0.9,False,0,0.0,False,11.11111111111111,7.073836370093637,8.111111111111114,-0.06102038935865561,0.33999999999999986,-0.9,-0.9,8.333333333333334,8.333333333333334,,,,,,,,,
12,1.0,False,0,0.0,False,11.11111111111111,7.721570350883414,9.222222222222225,-0.1839726961613517,0.6000000000000001,-1.0,-1.0,8.333333333333334,8.333333333333334,,,,,,,,,
12,1.1,False,0,0.0,False,11.11111111111111,8.184697468283666,8.94444444444445,-0.27980267707839657,0.3900000000000001,-1.1,-1.1,8.333333333333334,8.333333333333334,,,,,,,,,
12,1.2000000000000002,False,0,0.0,False,11.11111111111111,7.646944476063818,8.111111111111114,-0.6661773460421767,-0.07999999999999963,-1.2000000000000002,-1.2000000000000002,8.333333333333334,8.333333333333334,11.11111111111111,7.646944476063818,8.111111111111114,-0.6661773460421767,-0.07999999999999963,-1.2000000000000002,-1.2000000000000002,8.333333333333334,8.333333333333334
12,1.3,False,0,0.0,False,11.11111111111111,8.162691159891232,8.388888888888893,-0.7735299498930548,-0.09000000000000008,-1.3,-1.3,8.333333333333334,8.333333333333334,11.11111111111111,8.162691159891232,8.388888888888893,-0.7735299498930548,-0.09000000000000008,-1.3,-1.3,8.333333333333334,8.333333333333334
12,1.4000000000000001,False,0,0.0,False,11.11111111111111,7.611867323719291,8.666666666666668,-0.6923975408814551,-0.08000000000000007,-1.4000000000000001,-1.4000000000000001,8.333333333333334,8.333333333333334,11.11111111111111,7.611867323719291,8.666666666666668,-0.6923975408814551,-0.08000000000000007,-1.4000000000000001,-1.4000000000000001,8.333333333333334,8.333333333333334
12,1.5,False,0,0.0,False,11.11111111111111,9.503891913242004,9.222222222222225,-0.368740953405462,0.10000000000000009,-1.5,-1.5,8.333333333333334,8.333333333333334,,,,,,,,,
12,1.6,False,0,0.0,False,11.11111111111111,10.113023463179946,9.222222222222225,-0.19585038110717257,2.220446049250313e-16,-1.6,-1.6,8.333333333333334,8.333333333333334,,,,,,,,,
12,1.7000000000000002,False,0,0.0,False,11.11111111111111,6.938998881082461,8.94444444444445,-0.2559355353348076,-0.2699999999999996,-1.7000000000000002,-1.7000000000000002,8.333333333333334,8.333333333333334,11.11111111111111,7.845111391939343,9.222222222222225,1.2235162065724459,-0.09999999999999964,-1.7000000000000002,-1.7000000000000002,8.333333333333334,8.333333333333334
13,0.0,False,0,4.0,False,11.11111111111111,-3.3465065949347546,-4.222222222222373,1.8482572280955796,1.6,0.0,0.0,8.333333333333334,8.333333333333334,,,,,,,,,
13,0.1,False,0,4.0,False,11.11111111111111,-4.004551721102589,-4.222222222222373,0.23332209477646826,0.9800000000000009,-0.1,-0.1,8.333333333333334,8.333333333333334,11.11111111111111,23.970927746131576,23.1222222222227,0.6148536234093189,-0.00999999999999579,-0.1,-0.1,8.333333333333334,8.333333333333334
13,0.2,False,0,0.2000000000000124,True,11.031111111111112,-3.295915140336464,-4.191999999999953,0.5708586788858541,0.3400000000000012,-0.2,-0.2,8.333333333333334,8.333333333333334,11.031111111111112,1.8664417837538823,0.6639999999998567,0.13525544512254273,-0.019999999999997353,-0.2,-0.2,8.333333333333334,8.333333333333334
13,0.30000000000000004,True,2,0.0,True,10.831111111111117,-0.5473134694810566,-4.198222222222188,0.6244364888694651,-0.3200000000000023,-0.30000000000000004,-0.30000000000000004,8.333333333333334,8.333333333333334,10.951111111111114,-3.430334056820608,-1.872000000000038,0.8431841877275517,-0.020000000000001572,-0.30000000000000004,-0.30000000000000004,8.333333333333334,8.333333333333334
13,0.4,False,0,0.0,False,11.11111111111111,7.888669972542094,8.833333333333332,-0.23243327148580617,1.0,-0.4,-0.4,8.333333333333334,8.333333333333334,,,,,,,,,
13,0.5,True,2,0.0,True,8.693611111111121,-2.2184640812139618,-0.30391666666671124,-1.839494700792204,-0.9499999999999997,-0.5,-0.5,8.333333333333334,8.333333333333334,11.11111111111111,-0.5843703871625889,4.111111111111119,0.08222542447560288,0.0,-0.5,-0.5,8.333333333333334,8.333333333333334
13,0.6000000000000001,False,0,0.0,False,11.11111111111111,8.01920761620434,7.444444444444451,-0.6385646355702321,0.40000000000000036,-0.6000000000000001,-0.6000000000000001,8.333333333333334,8.333333333333334,,,,,,,,,
13,0.7000000000000001,False,0,0.0,False,11.11111111111111,5.7884063769641445,8.833333333333332,-0.08477917285119307,0.5500000000000003,-0.7000000000000001,-0.7000000000000001,8.333333333333334,8.333333333333334,,,,,,,,,
13,0.8,False,0,0.0,False,11.11111111111111,7.636797316841336,8.277777777777782,-0.1798809366107219,0.23999999999999977,-0.8,-0.8,8.333333333333334,8.333333333333334,,,,,,,,,
13,0.9,False,0,0.0,False,11.11111111111111,8.124602312439318,8.277777777777782,-0.8375491104296531,0.06999999999999962,-0.9,-0.9,8.333333333333334,8.333333333333334,,,,,,,,,
13,1.0,False,0,0.0,False,11.11111111111111,8.692790281108042,8.833333333333332,-0.5386834288732958,0.10000000000000009,-1.0,-1.0,8.333333333333334,8.333333333333334,,,,,,,,,
13,1.1,False,0,0.0,False,11.11111111111111,8.638651136217177,9.666666666666668,-0.2991562677342403,0.28000000000000025,-1.1,-1.1,8.333333333333334,8.333333333333334,,,,,,,,,
13,1.2000000000000002,False,0,0.0,False,11.11111111111111,10.915330135985329,9.94444444444445,-0.20789855684720981,0.28000000000000025,-1.2000000000000002,-1.2000000000000002,8.333333333333334,8.333333333333334,,,,,,,,,
13,1.3,False,0,0.0,False,11.11111111111111,7.77201803373413,10.222222222222225,-0.09252317298447199,0.2999999999999998,-1.3,-1.3,8.333333333333334,8.333333333333334,,,,,,,,,
13,1.4000000000000001,False,0,0.0,False,11.11111111111111,10.4667388057292,10.777777777777782,-0.39063036243463456,0.48,-1.4000000000000001,-1.4000000000000001,8.333333333333334,8.333333333333334,,,,,,,,,
13,1.5,False,0,0.0,False,11.11111111111111,8.958379250083091,10.777777777777782,-0.15123457654553119,0.3999999999999999,-1.5,-1.5,8.333333333333334,8.333333333333334,,,,,,,,,
13,1.6,False,0,0.0,False,11.11111111111111,7.656086719841105,9.666666666666668,-0.44747908198196296,-0.31999999999999984,-1.6,-1.6,8.333333333333334,8.333333333333334,11.11111111111111,9.370586393022641,9.94444444444445,0.7150500623040217,-0.1599999999999997,-1.6,-1.6,8.333333333333334,8.333333333333334
13,1.7000000000000002,False,0,0.0,False,11.11111111111111,9.4907904645967,10.222222222222225,-0.3074551258497349,-0.09999999999999964,-1.7000000000000002,-1.7000000000000002,8.333333333333334,8.333333333333334,11.11111111111111,9.4907904645967,10.222222222222225,-0.3074551258497349,-0.09999999999999964,-1.7000000000000002,-1.7000000000000002,8.333333333333334,8.333333333333334
14,0.0,False,0,4.0,False,11.11111111111111,-2.775706006811137,-4.266666666666526,1.594193995960992,1.6,0.0,0.0,8.333333333333334,8.333333333333334,,,,,,,,,
14,0.1,False,0,4.0,False,11.11111111111111,-1.4241509807245931,-4.266666666666526,1.8265157421528513,0.9400000000000008,-0.1,-0.1,8.333333333333334,8.333333333333334,11.11111111111111,24.20944225914023,22.1222222222227,1.2691504552645054,-0.00999999999999579,-0.1,-0.1,8.333333333333334,8.333333333333334
14,0.2,True,1,0.0,True,10.951111111111114,-3.7637224896989663,-4.295111111111129,0.3607237261395668,0.26000000000000156,-0.2,-0.2,8.333333333333334,8.333333333333334,10.951111111111114,0.6409097427325721,-0.6400000000000743,-0.1693411687646449,-0.019999999999997353,-0.2,-0.2,8.333333333333334,8.333333333333334
14,0.30000000000000004,True,2,0.0,True,9.91211111111112,-3.2014514165574353,-4.254344444444459,-0.5803686866963369,-0.5000000000000027,-0.30000000000000004,-0.30000000000000004,8.333333333333334,8.333333333333334,10.911111111111115,-0.6385369484286754,-0.7840000000000016,0.11785814539941031,-0.020000000000001572,-0.30000000000000004,-0.30000000000000004,8.333333333333334,8.333333333333334
14,0.4,True,2,0.0,True,8.693611111111121,-1.6178826734110698,-0.38578333333340264,-0.44903027740274126,-0.6799999999999984,-0.4,-0.4,8.333333333333334,8.333333333333334,10.991111111111113,3.5844456678801224,2.9208888888888653,0.18929515217671122,-6.661338147750939e-16,-0.4,-0.4,8.333333333333334,8.333333333333334
14,0.5,False,0,0.0,True,9.36611111111112,2.3183351073396112,1.6899944444444204,-1.106162541209112,-0.75,-0.5,-0.5,8.333333333333334,8.333333333333334,11.071111111111112,5.159978830849913,5.1191111111111285,0.32090938057427376,0.0,-0.5,-0.5,8.333333333333334,8.333333333333334
14,0.6000000000000001,False,0,0.0,False,11.11111111111111,7.219098085968356,6.777777777777794,-0.7203930502285247,0.0400000000000007,-0.6000000000000001,-0.6000000000000001,8.333333333333334,8.333333333333334,,,,,,,,,
14,0.7000000000000001,False,0,0.0,False,11.11111111111111,11.235903193100398,10.666666666666668,-0.3086446821042581,0.7600000000000002,-0.7000000000000001,-0.7000000000000001,8.333333333333334,8.333333333333334,,,,,,,,,
14,0.8,False,0,0.0,False,11.11111111111111,9.762606374957041,9.277777777777782,-0.11967651690913206,0.23999999999999977,-0.8,-0.8,8.333333333333334,8.333333333333334,,,,,,,,,
14,0.9,False,0,0.0,False,11.11111111111111,8.84181556627291,8.722222222222225,-0.5920196966949507,-0.1100000000000001,-0.9,-0.9,8.333333333333334,8.333333333333334,11.11111111111111,8.430931256005849,9.0,0.6530824233105945,-0.02000000000000024,-0.9,-0.9,8.333333333333334,8.333333333333334
14,1.0,False,0,0.0,False,11.11111111111111,11.482854715144502,12.055555555555554,-0.0721140379567291,0.8999999999999999,-1.0,-1.0,8.333333333333334,8.333333333333334,,,,,,,,,
14,1.1,False,0,0.0,False,11.11111111111111,9.170108843357092,10.388888888888893,-0.3158646711711026,0.17000000000000037,-1.1,-1.1,8.333333333333334,8.333333333333334,,,,,,,,,
14,1.2000000000000002,False,0,0.0,False,11.11111111111111,10.23090656149284,10.111111111111114,-0.2962137013047179,-0.07999999999999963,-1.2000000000000002,-1.2000000000000002,8.333333333333334,8.333333333333334,11.11111111111111,10.23090656149284,10.111111111111114,-0.2962137013047179,-0.07999999999999963,-1.2000000000000002,-1.2000000000000002,8.333333333333334,8.333333333333334
14,1.3,False,0,0.0,False,11.11111111111111,11.179427908135832,11.500000000000004,-0.02552781490568501,0.43000000000000016,-1.3,-1.3,8.333333333333334,8.333333333333334,,,,,,,,,
14,1.4000000000000001,False,0,0.0,False,11.11111111111111,10.03202750561281,12.055555555555554,-0.2597343783103676,0.6200000000000001,-1.4000000000000001,-1.4000000000000001,8.333333333333334,8.333333333333334,,,,,,,,,
14,1.5,False,0,0.0,False,11.11111111111111,11.676206171349836,11.222222222222225,-0.47715868558391916,0.10000000000000009,-1.5,-1.5,8.333333333333334,8.333333333333334,,,,,,,,,
14,1.6,False,0,0.0,False,11.11111111111111,9.820777285302235,10.666666666666668,-0.9559590137067933,-0.31999999999999984,-1.6,-1.6,8.333333333333334,8.333333333333334,11.11111111111111,10.529793923345682,10.94444444444445,0.1041375998846572,-0.1599999999999997,-1.6,-1.6,8.333333333333334,8.333333333333334
14,1.7000000000000002,False,0,0.0,False,11.11111111111111,9.986366211813575,10.388888888888893,-0.3836467348787662,-0.6099999999999994,-1.7000000000000002,-1.7000000000000002,8.333333333333334,8.333333333333334,11.11111111111111,9.013940584120864,11.222222222222225,0.5764105463151696,-0.09999999999999964,-1.7000000000000002,-1.7000000000000002,8.333333333333334,8.333333333333334
15,0.0,False,0,4.0,False,11.11111111111111,-3.6995981232812936,-4.166666666666802,1.9990471223189386,1.6,0.0,0.0,8.333333333333334,8.333333333333334,,,,,,,,,
15,0.1,False,0,4.0,True,11.071111111111112,-4.219497038899763,-4.2115555555554804,1.3522490689985007,0.9000000000000008,-0.1,-0.1,8.333333333333334,8.333333333333334,11.071111111111112,21.83100515498462,20.702222222222854,0.7120880833320911,-0.00999999999999579,-0.1,-0.1,8.333333333333334,8.333333333333334
15,0.2,True,1,0.0,True,11.071111111111112,-3.6914527219109514,-4.183555555555446,-0.4789541776695725,0.20000000000000195,-0.2,-0.2,8.333333333333334,8.333333333333334,11.071111111111112,0.035853999805010695,-1.171999999999957,-0.2378791368715305,-0.019999999999997353,-0.2,-0.2,8.333333333333334,8.333333333333334
15,0.30000000000000004,False,0,0.0,False,11.11111111111111,5.6607203620380036,5.5555555555555545,-0.3774703355618638,0.5799999999999996,-0.30000000000000004,-0.30000000000000004,8.333333333333334,8.333333333333334,,,,,,,,,
15,0.4,False,0,0.0,True,8.693611111111121,1.183540348065006,1.27314999999997,-0.7742830788340775,-0.5599999999999987,-0.4,-0.4,8.333333333333334,8.333333333333334,10.951111111111114,3.5416845927024356,4.036888888888886,-0.22250361210414304,-6.661338147750939e-16,-0.4,-0.4,8.333333333333334,8.333333333333334
15,0.5,False,0,0.0,False,11.11111111111111,7.120210456823348,9.166666666666675,-0.10973012556477979,0.5500000000000003,-0.5,-0.5,8.333333333333334,8.333333333333334,,,,,,,,,
15,0.6000000000000001,False,0,0.0,False,11.11111111111111,10.161450305371751,9.44444444444445,-0.3810629490984936,0.40000000000000036,-0.6000000000000001,-0.6000000000000001,8.333333333333334,8.333333333333334,,,,,,,,,
15,0.7000000000000001,False,0,0.0,False,11.11111111111111,11.01742332202629,11.388888888888893,-0.7592733308615671,0.69,-0.7000000000000001,-0.7000000000000001,8.333333333333334,8.333333333333334,,,,,,,,,
15,0.8,False,0,0.0,False,11.11111111111111,6.9462288275385164,9.722222222222225,-0.2229474570496599,0.07999999999999963,-0.8,-0.8,8.333333333333334,8.333333333333334,,,,,,,,,
15,0.9,False,0,0.0,False,11.11111111111111,10.410231976501048,10.277777777777782,-0.829717938576243,0.06999999999999962,-0.9,-0.9,8.333333333333334,8.333333333333334,,,,,,,,,
15,1.0,False,0,0.0,False,11.11111111111111,11.237364764680908,11.388888888888893,-0.30499922702947946,0.30000000000000027,-1.0,-1.0,8.333333333333334,8.333333333333334,,,,,,,,,
15,1.1,False,0,0.0,False,11.11111111111111,9.275815869352073,11.111111111111114,-0.3250459761871378,0.0600000000000005,-1.1,-1.1,8.333333333333334,8.333333333333334,,,,,,,,,
15,1.2000000000000002,False,0,0.0,False,11.11111111111111,11.842213897894151,12.777777777777782,-0.07449719531920573,0.6400000000000001,-1.2000000000000002,-1.2000000000000002,8.333333333333334,8.333333333333334,,,,,,,,,
15,1.3,False,0,0.0,False,11.11111111111111,11.554362899971352,11.944444444444446,-0.25094810559404745,0.16999999999999993,-1.3,-1.3,8.333333333333334,8.333333333333334,,,,,,,,,
15,1.4000000000000001,False,0,0.0,False,11.11111111111111,11.028414754250843,12.777777777777782,-0.1484215648873235,0.48,-1.4000000000000001,-1.4000000000000001,8.333333333333334,8.333333333333334,,,,,,,,,
15,1.5,False,0,0.0,False,11.11111111111111,9.715285016761623,12.222222222222225,-0.3686041216526883,0.10000000000000009,-1.5,-1.5,8.333333333333334,8.333333333333334,,,,,,,,,
15,1.6,False,0,0.0,False,11.11111111111111,11.378690354229796,11.944444444444446,-0.03501658457893675,-0.1599999999999997,-1.6,-1.6,8.333333333333334,8.333333333333334,11.11111111111111,11.378690354229796,11.944444444444446,-0.03501658457893675,-0.1599999999999997,-1.6,-1.6,8.333333333333334,8.333333333333334
15,1.7000000000000002,False,0,0.0,False,11.11111111111111,14.109111179509792,13.055555555555554,-0.09825851738694547,0.41000000000000014,-1.7000000000000002,-1.7000000000000002,8.333333333333334,8.333333333333334,,,,,,,,,
16,0.0,False,0,4.0,False,11.11111111111111,-1.5489585516204611,-4.277777777777916,1.4344598770321753,1.6,0.0,0.0,8.333333333333334,8.333333333333334,,,,,,,,,
16,0.1,False,0,4.0,False,11.11111111111111,-4.1466823120741365,-4.277777777777916,1.4392830857468346,0.870000000000001,-0.1,-0.1,8.333333333333334,8.333333333333334,11.11111111111111,20.693539368707587,20.1222222222227,0.12251038931043512,-0.00999999999999579,-0.1,-0.1,8.333333333333334,8.333333333333334
16,0.2,True,1,0.0,True,11.031111111111112,-1.8297180241548743,-4.185777777777804,0.05540051961313108,0.1400000000000019,-0.2,-0.2,8.333333333333334,8.333333333333334,11.031111111111112,-2.3813534981081146,-2.2560000000000597,0.43293302143910983,-0.019999999999997353,-0.2,-0.2,8.333333333333334,8.333333333333334
16,0.30000000000000004,False,0,0.0,False,11.11111111111111,8.391637928201643,8.500000000000018,-0.012688130074499426,0.7900000000000005,-0.30000000000000004,-0.30000000000000004,8.333333333333334,8.333333333333334,,,,,,,,,
16,0.4,False,0,0.0,False,11.11111111111111,6.430391200660602,8.222222222222236,-0.05741038595952119,0.47999999999999954,-0.4,-0.4,8.333333333333334,8.333333333333334,,,,,,,,,
16,0.5,False,0,0.0,False,11.11111111111111,8.33125885277692,10.44444444444445,-0.3051416819616819,0.6000000000000001,-0.5,-0.5,8.333333333333334,8.333333333333334,,,,,,,,,
16,0.6000000000000001,False,0,0.0,False,11.11111111111111,9.90609686873617,11.0,-0.13899864956664976,0.5200000000000005,-0.6000000000000001,-0.6000000000000001,8.333333333333334,8.333333333333334,,,,,,,,,
16,0.7000000000000001,False,0,0.0,False,11.11111111111111,10.605193315258006,11.555555555555557,-0.09532043168712767,0.4800000000000004,-0.7000000000000001,-0.7000000000000001,8.333333333333334,8.333333333333334,,,,,,,,,
16,0.8,False,0,0.0,False,11.11111111111111,9.564702441344647,11.833333333333332,-0.10759063807433966,0.3999999999999999,-0.8,-0.8,8.333333333333334,8.333333333333334,,,,,,,,,
16,0.9,False,0,0.0,False,11.11111111111111,9.838260365505278,11.555555555555557,-0.10382720748574625,0.1599999999999997,-0.9,-0.9,8.333333333333334,8.333333333333334,,,,,,,,,
16,1.0,False,0,0.0,False,11.11111111111111,10.405427647221334,11.277777777777782,-0.11311154973304705,-0.09999999999999987,-1.0,-1.0,8.333333333333334,8.333333333333334,11.11111111111111,11.038113426176125,11.555555555555557,0.18773226556891132,0.0,-1.0,-1.0,8.333333333333334,8.333333333333334
16,1.1,False,0,0.0,False,11.11111111111111,12.731530147545659,12.11111111111111,-0.3562467336517592,0.0600000000000005,-1.1,-1.1,8.333333333333334,8.333333333333334,,,,,,,,,
16,1.2000000000000002,False,0,0.0,False,11.11111111111111,12.195386169532906,12.38888888888889,-0.15206244311558215,0.04000000000000026,-1.2000000000000002,-1.2000000000000002,8.333333333333334,8.333333333333334,,,,,,,,,
16,1.3,False,0,0.0,False,11.11111111111111,11.276412703489669,13.500000000000004,-0.7032237934655452,0.43000000000000016,-1.3,-1.3,8.333333333333334,8.333333333333334,,,,,,,,,
16,1.4000000000000001,False,0,0.0,False,11.11111111111111,13.178218513271506,13.222222222222225,-0.6084749580649924,0.19999999999999973,-1.4000000000000001,-1.4000000000000001,8.333333333333334,8.333333333333334,,,,,,,,,
16,1.5,False,0,0.0,False,11.11111111111111,12.127794386702103,12.666666666666668,-0.1758034346277455,-0.19999999999999996,-1.5,-1.5,8.333333333333334,8.333333333333334,11.11111111111111,10.486124393764204,12.944444444444446,0.7040412670610317,-0.04999999999999982,-1.5,-1.5,8.333333333333334,8.333333333333334
16,1.6,False,0,0.0,False,11.11111111111111,12.600732410179464,13.222222222222225,-0.2885586135610616,2.220446049250313e-16,-1.6,-1.6,8.333333333333334,8.333333333333334,,,,,,,,,
16,1.7000000000000002,False,0,0.0,False,11.11111111111111,13.279862974891753,14.333333333333332,-0.7231249720459936,0.5800000000000001,-1.7000000000000002,-1.7000000000000002,8.333333333333334,8.333333333333334,,,,,,,,,
17,0.0,False,0,4.0,False,11.11111111111111,-3.1936254045731145,-4.211111111110969,1.3285705901868137,1.6,0.0,0.0,8.333333333333334,8.333333333333334,,,,,,,,,
17,0.1,False,0,4.0,True,11.071111111111112,-4.168090919599879,-4.268888888888884,0.952903702933777,0.8300000000000014,-0.1,-0.1,8.333333333333334,8.333333333333334,11.071111111111112,20.77604522293272,18.666222222222796,-0.33629373492352643,-0.00999999999999579,-0.1,-0.1,8.333333333333334,8.333333333333334
17,0.2,True,1,0.0,True,11.031111111111112,-4.299156503331832,-4.196888888888796,0.12180315789290086,0.060000000000002274,-0.2,-0.2,8.333333333333334,8.333333333333334,11.031111111111112,-1.4187462894188512,-3.324000000000143,0.27127180828068465,-0.019999999999997353,-0.2,-0.2,8.333333333333334,8.333333333333334
17,0.30000000000000004,False,0,0.0,False,11.11111111111111,9.439359367806066,10.055555555555568,-0.513453209759805,0.8500000000000001,-0.30000000000000004,-0.30000000000000004,8.333333333333334,8.333333333333334,,,,,,,,,
17,0.4,False,0,0.0,False,11.11111111111111,6.8037704086428095,7.83333333333334,-0.49164127667909097,0.27999999999999936,-0.4,-0.4,8.333333333333334,8.333333333333334,,,,,,,,,
17,0.5,False,0,0.0,False,11.11111111111111,9.877947574650264,10.33333333333335,-0.2590341848893143,0.3999999999999999,-0.5,-0.5,8.333333333333334,8.333333333333334,,,,,,,,,
17,0.6000000000000001,False,0,0.0,False,11.11111111111111,12.807682098884097,13.38888888888889,-0.18342078393711225,0.8200000000000003,-0.6000000000000001,-0.6000000000000001,8.333333333333334,8.333333333333334,,,,,,,,,
17,0.7000000000000001,False,0,0.0,False,11.11111111111111,9.800838956113317,12.0,-0.05959201924891966,0.3400000000000003,-0.7000000000000001,-0.7000000000000001,8.333333333333334,8.333333333333334,,,,,,,,,
17,0.8,False,0,0.0,False,11.11111111111111,10.229815542206243,11.166666666666675,-0.056559937686828876,-0.0800000000000003,-0.8,-0.8,8.333333333333334,8.333333333333334,11.11111111111111,9.627675734835677,11.44444444444445,0.0014857950365321226,-2.220446049250313e-16,-0.8,-0.8,8.333333333333334,8.333333333333334
17,0.9,False,0,0.0,False,11.11111111111111,11.539702435456505,12.0,-0.19407808928352144,-0.02000000000000024,-0.9,-0.9,8.333333333333334,8.333333333333334,11.11111111111111,11.539702435456505,12.0,-0.19407808928352144,-0.02000000000000024,-0.9,-0.9,8.333333333333334,8.333333333333334
17,1.0,False,0,0.0,False,11.11111111111111,12.996366187370601,13.666666666666668,-0.167808155584507,0.3999999999999999,-1.0,-1.0,8.333333333333334,8.333333333333334,,,,,,,,,
17,1.1,False,0,0.0,False,11.11111111111111,13.243463770963157,13.944444444444446,-0.04335894091669745,0.3900000000000001,-1.1,-1.1,8.333333333333334,8.333333333333334,,,,,,,,,
17,1.2000000000000002,False,0,0.0,False,11.11111111111111,12.59405385693979,13.666666666666668,-0.13224011418437165,0.16000000000000014,-1.2000000000000002,-1.2000000000000002,8.333333333333334,8.333333333333334,,,,,,,,,
17,1.3,False,0,0.0,False,11.11111111111111,13.41932083345053,13.666666666666668,-0.29600325440569764,0.039999999999999813,-1.3,-1.3,8.333333333333334,8.333333333333334,,,,,,,,,
17,1.4000000000000001,False,0,0.0,False,11.11111111111111,12.188122422891087,14.222222222222225,-0.2018507172010846,0.19999999999999973,-1.4000000000000001,-1.4000000000000001,8.333333333333334,8.333333333333334,,,,,,,,,
17,1.5,False,0,0.0,False,11.11111111111111,12.21859402485266,14.222222222222225,-0.10432670530017552,0.10000000000000009,-1.5,-1.5,8.333333333333334,8.333333333333334,,,,,,,,,
17,1.6,False,0,0.0,False,11.11111111111111,12.340476632026625,13.666666666666668,-0.08179521409663315,-0.31999999999999984,-1.6,-1.6,8.333333333333334,8.333333333333334,11.11111111111111,13.625078155558729,13.944444444444446,0.12268532875526184,-0.1599999999999997,-1.6,-1.6,8.333333333333334,8.333333333333334
17,1.7000000000000002,False,0,0.0,False,11.11111111111111,14.712865441297733,15.055555555555554,-0.12951945990321923,0.41000000000000014,-1.7000000000000002,-1.7000000000000002,8.333333333333334,8.333333333333334,,,,,,,,,
18,0.0,False,0,4.0,False,11.11111111111111,-4.132801461984246,-4.222222222222359,1.1765286289360741,1.6,0.0,0.0,8.333333333333334,8.333333333333334,,,,,,,,,
18,0.1,False,0,4.0,False,11.11111111111111,-4.239445771136221,-4.222222222222359,1.4467403380267854,0.8000000000000012,-0.1,-0.1,8.333333333333334,8.333333333333334,11.11111111111111,18.693633277142464,18.1222222222227,-0.14255780590971856,-0.00999999999999579,-0.1,-0.1,8.333333333333334,8.333333333333334
18,0.2,True,2,0.0,True,10.871111111111116,-3.055035172726323,-4.27422222222211,-0.9387463635773448,-0.03999999999999737,-0.2,-0.2,8.333333333333334,8.333333333333334,10.871111111111116,-1.077089973439885,-4.072000000000105,0.47989376491102,-0.019999999999997353,-0.2,-0.2,8.333333333333334,8.333333333333334
18,0.30000000000000004,False,0,0.0,False,11.11111111111111,8.99564826292572,10.222222222222236,-0.2142284839108648,0.7600000000000002,-0.30000000000000004,-0.30000000000000004,8.333333333333334,8.333333333333334,,,,,,,,,
18,0.4,False,0,0.0,False,11.11111111111111,15.39016298778208,14.944444444444446,-0.2252587590055264,1.1600000000000001,-0.4,-0.4,8.333333333333334,8.333333333333334,,,,,,,,,
18,0.5,False,0,0.0,False,11.11111111111111,12.155335081590067,13.555555555555557,-0.535429354108895,0.8000000000000003,-0.5,-0.5,8.333333333333334,8.333333333333334,,,,,,,,,
18,0.6000000000000001,False,0,0.0,False,11.11111111111111,13.059708497238486,12.722222222222225,-0.5572403915338644,0.4600000000000004,-0.6000000000000001,-0.6000000000000001,8.333333333333334,8.333333333333334,,,,,,,,,
18,0.7000000000000001,False,0,0.0,False,11.11111111111111,10.766110273906225,12.166666666666675,-0.1602007556229872,0.13000000000000078,-0.7000000000000001,-0.7000000000000001,8.333333333333334,8.333333333333334,,,,,,,,,
18,0.8,False,0,0.0,False,11.11111111111111,13.287203707347633,14.38888888888889,-0.18119517761624104,0.56,-0.8,-0.8,8.333333333333334,8.333333333333334,,,,,,,,,
18,0.9,False,0,0.0,False,11.11111111111111,13.66988045666201,14.666666666666668,-0.2801616514701488,0.52,-0.9,-0.9,8.333333333333334,8.333333333333334,,,,,,,,,
18,1.0,False,0,0.0,False,11.11111111111111,14.72867609447751,13.833333333333332,-0.6866963911358299,0.10000000000000009,-1.0,-1.0,8.333333333333334,8.333333333333334,,,,,,,,,
18,1.1,False,0,0.0,False,11.11111111111111,14.717070763889414,14.38888888888889,-0.3183228395229849,0.17000000000000037,-1.1,-1.1,8.333333333333334,8.333333333333334,,,,,,,,,
18,1.2000000000000002,False,0,0.0,False,11.11111111111111,12.236209751427037,13.833333333333332,-0.43899324227174685,-0.1999999999999995,-1.2000000000000002,-1.2000000000000002,8.333333333333334,8.333333333333334,11.11111111111111,12.868246766565921,14.111111111111118,0.4023122223730602,-0.07999999999999963,-1.2000000000000002,-1.2000000000000002,8.333333333333334,8.333333333333334
18,1.3,False,0,0.0,False,11.11111111111111,14.004472300871715,14.944444444444446,-0.18472698723524594,0.16999999999999993,-1.3,-1.3,8.333333333333334,8.333333333333334,,,,,,,,,
18,1.4000000000000001,False,0,0.0,False,11.11111111111111,14.112534969343525,15.222222222222225,-0.2542039775427771,0.19999999999999973,-1.4000000000000001,-1.4000000000000001,8.333333333333334,8.333333333333334,,,,,,,,,
18,1.5,False,0,0.0,False,11.11111111111111,14.058168832247144,15.222222222222225,-0.22208573588742997,0.10000000000000009,-1.5,-1.5,8.333333333333334,8.333333333333334,,,,,,,,,
18,1.6,False,0,0.0,False,11.11111111111111,13.669480729540798,14.944444444444446,-0.2839346408911221,-0.1599999999999997,-1.6,-1.6,8.333333333333334,8.333333333333334,11.11111111111111,13.669480729540798,14.944444444444446,-0.2839346408911221,-0.1599999999999997,-1.6,-1.6,8.333333333333334,8.333333333333334
18,1.7000000000000002,False,0,0.0,False,11.11111111111111,12.866444167805039,14.666666666666668,-0.9393971462162383,-0.4399999999999995,-1.7000000000000002,-1.7000000000000002,8.333333333333334,8.333333333333334,11.11111111111111,13.75537480066772,15.222222222222225,0.7619521435342107,-0.09999999999999964,-1.7000000000000002,-1.7000000000000002,8.333333333333334,8.333333333333334
19,0.0,False,0,4.0,False,11.11111111111111,-2.9916835293727955,-4.266666666666526,1.3090481982930275,1.6,0.0,0.0,8.333333333333334,8.333333333333334,,,,,,,,,
19,0.1,False,0,4.0,False,11.11111111111111,0.1583667325158844,-4.266666666666526,0.9555146989152923,0.7600000000000016,-0.1,-0.1,8.333333333333334,8.333333333333334,11.11111111111111,19.782608491290215,17.1222222222227,-0.3184490047878912,-0.00999999999999579,-0.1,-0.1,8.333333333333334,8.333333333333334
19,0.2,True,2,0.0,True,10.624611111111118,-2.2179549271765238,-4.271761111111107,-0.32880169456351127,-0.119999999999997,-0.2,-0.2,8.333333333333334,8.333333333333334,10.831111111111117,-3.7181155368119674,-3.1160000000000023,-0.16153462846458044,-0.019999999999997353,-0.2,-0.2,8.333333333333334,8.333333333333334
19,0.30000000000000004,False,0,0.0,False,11.11111111111111,13.209913899732992,15.944444444444446,-0.19758805940777724,1.27,-0.30000000000000004,-0.30000000000000004,8.333333333333334,8.333333333333334,,,,,,,,,
19,0.4,False,0,0.0,False,11.11111111111111,11.688453507292444,11.777777777777793,-0.06885585637577019,0.5599999999999996,-0.4,-0.4,8.333333333333334,8.333333333333334,,,,,,,,,
19,0.5,False,0,0.0,False,11.11111111111111,10.663760889715686,11.500000000000018,-0.16177016081934847,0.25,-0.5,-0.5,8.333333333333334,8.333333333333334,,,,,,,,,
19,0.6000000000000001,False,0,0.0,False,11.11111111111111,9.632843784870776,12.055555555555568,-0.06966804160094031,0.10000000000000053,-0.6000000000000001,-0.6000000000000001,8.333333333333334,8.333333333333334,,,,,,,,,
19,0.7000000000000001,False,0,0.0,False,11.11111111111111,13.506342116436809,15.944444444444446,-0.19462748899191773,0.8300000000000001,-0.7000000000000001,-0.7000000000000001,8.333333333333334,8.333333333333334,,,,,,,,,
19,0.8,False,0,0.0,False,11.11111111111111,11.965928867374014,14.277777777777782,-0.8656795907374255,0.23999999999999977,-0.8,-0.8,8.333333333333334,8.333333333333334,,,,,,,,,
19,0.9,False,0,0.0,False,11.11111111111111,15.183761673058893,14.833333333333332,-0.3668941806518533,0.24999999999999956,-0.9,-0.9,8.333333333333334,8.333333333333334,,,,,,,,,
19,1.0,False,0,0.0,False,11.11111111111111,15.65708373609139,16.222222222222225,-0.5755923275588868,0.6000000000000001,-1.0,-1.0,8.333333333333334,8.333333333333334,,,,,,,,,
19,1.1,False,0,0.0,False,11.11111111111111,14.983663668471824,15.111111111111118,-0.14578036685263562,0.0600000000000005,-1.1,-1.1,8.333333333333334,8.333333333333334,,,,,,,,,
19,1.2000000000000002,False,0,0.0,False,11.11111111111111,17.66965539756252,17.055555555555554,-0.2055580802218222,0.7599999999999998,-1.2000000000000002,-1.2000000000000002,8.333333333333334,8.333333333333334,,,,,,,,,
19,1.3,False,0,0.0,False,11.11111111111111,15.178754837782588,16.777777777777782,-0.23912495711647552,0.56,-1.3,-1.3,8.333333333333334,8.333333333333334,,,,,,,,,
19,1.4000000000000001,False,0,0.0,False,11.11111111111111,13.650879038148172,15.666666666666668,-0.3659636859537625,-0.08000000000000007,-1.4000000000000001,-1.4000000000000001,8.333333333333334,8.333333333333334,11.11111111111111,13.650879038148172,15.666666666666668,-0.3659636859537625,-0.08000000000000007,-1.4000000000000001,-1.4000000000000001,8.333333333333334,8.333333333333334
19,1.5,False,0,0.0,False,11.11111111111111,16.872470556498254,16.500000000000004,-0.4728069557310759,0.25,-1.5,-1.5,8.333333333333334,8.333333333333334,,,,,,,,,
19,1.6,False,0,0.0,False,11.11111111111111,15.499963623174256,16.222222222222225,-0.21486413919150738,2.220446049250313e-16,-1.6,-1.6,8.333333333333334,8.333333333333334,,,,,,,,,
19,1.7000000000000002,False,0,0.0,False,11.11111111111111,14.961216520336745,16.222222222222225,-0.5362500766654024,-0.09999999999999964,-1.7000000000000002,-1.7000000000000002,8.333333333333334,8.333333333333334,11.11111111111111,14.961216520336745,16.222222222222225,-0.5362500766654024,-0.09999999999999964,-1.7000000000000002,-1.7000000000000002,8.333333333333334,8.333333333333334
20,0.0,False,0,4.0,False,11.11111111111111,-4.016047640221518,-4.166666666666802,1.5772379506045602,1.6,0.0,0.0,8.333333333333334,8.333333333333334,,,,,,,,,
20,0.1,False,0,4.0,False,11.11111111111111,-4.161194205240238,-4.166666666666802,0.31912310441254155,0.7300000000000018,-0.1,-0.1,8.333333333333334,8.333333333333334,11.11111111111111,17.712782110535397,16.1222222222227,-0.17974701799535797,-0.00999999999999579,-0.1,-0.1,8.333333333333334,8.333333333333334
20,0.2,False,0,0.0,True,11.071111111111112,5.883708097518945,5.845333333333255,-0.0025909234404135617,0.5800000000000005,-0.2,-0.2,8.333333333333334,8.333333333333334,,,,,,,,,
20,0.30000000000000004,False,0,0.0,False,11.11111111111111,7.072323502017899,7.4999999999999405,-0.19207675064826857,0.2499999999999991,-0.30000000000000004,-0.30000000000000004,8.333333333333334,8.333333333333334,,,,,,,,,
20,0.4,False,0,0.0,False,11.11111111111111,13.157759584517034,13.055555555555568,-0.3104244551275208,0.5999999999999996,-0.4,-0.4,8.333333333333334,8.333333333333334,,,,,,,,,
20,0.5,False,0,0.0,False,11.11111111111111,6.909930716124788,11.666666666666682,-0.029723948425787405,0.10000000000000009,-0.5,-0.5,8.333333333333334,8.333333333333334,,,,,,,,,
20,0.6000000000000001,False,0,0.0,False,11.11111111111111,13.112289553078416,13.055555555555568,-0.19919583890784232,0.10000000000000053,-0.6000000000000001,-0.6000000000000001,8.333333333333334,8.333333333333334,,,,,,,,,
20,0.7000000000000001,False,0,0.0,False,11.11111111111111,15.274088306177457,15.277777777777782,-0.008618037197287265,0.4100000000000006,-0.7000000000000001,-0.7000000000000001,8.333333333333334,8.333333333333334,,,,,,,,,
20,0.8,False,0,0.0,False,11.11111111111111,11.338554402081357,14.44444444444445,-0.2583954615777908,-2.220446049250313e-16,-0.8,-0.8,8.333333333333334,8.333333333333334,11.11111111111111,11.338554402081357,14.44444444444445,-0.2583954615777908,-2.220446049250313e-16,-0.8,-0.8,8.333333333333334,8.333333333333334
20,0.9,False,0,0.0,False,11.11111111111111,14.852552212416203,16.666666666666668,-0.24128122351670145,0.52,-0.9,-0.9,8.333333333333334,8.333333333333334,,,,,,,,,
20,1.0,False,0,0.0,False,11.11111111111111,14.320092487002253,15.277777777777782,-0.23073451035595594,-0.09999999999999987,-1.0,-1.0,8.333333333333334,8.333333333333334,11.11111111111111,13.082959406346532,15.555555555555557,0.2712647349357913,0.0,-1.0,-1.0,8.333333333333334,8.333333333333334
20,1.1,False,0,0.0,False,11.11111111111111,16.017962113509835,15.833333333333332,-0.847408744908202,-0.0499999999999996,-1.1,-1.1,8.333333333333334,8.333333333333334,11.11111111111111,16.017962113509835,15.833333333333332,-0.847408744908202,-0.0499999999999996,-1.1,-1.1,8.333333333333334,8.333333333333334
20,1.2000000000000002,False,0,0.0,False,11.11111111111111,13.724086546283534,14.722222222222225,-1.0313970739776694,-0.6799999999999993,-1.2000000000000002,-1.2000000000000002,8.333333333333334,8.333333333333334,11.11111111111111,14.48001804096084,16.111111111111118,0.9569405562240463,-0.07999999999999963,-1.2000000000000002,-1.2000000000000002,8.333333333333334,8.333333333333334
20,1.3,False,0,0.0,False,11.11111111111111,17.33368147396568,18.333333333333332,-0.03344966690868878,0.8199999999999998,-1.3,-1.3,8.333333333333334,8.333333333333334,,,,,,,,,
20,1.4000000000000001,False,0,0.0,False,11.11111111111111,16.10217109177047,16.944444444444446,-0.5454069143899987,0.05999999999999983,-1.4000000000000001,-1.4000000000000001,8.333333333333334,8.333333333333334,,,,,,,,,
20,1.5,False,0,0.0,False,11.11111111111111,17.480577765341646,18.055555555555554,-0.5598004532131113,0.5500000000000003,-1.5,-1.5,8.333333333333334,8.333333333333334,,,,,,,,,
20,1.6,False,0,0.0,False,11.11111111111111,17.154326402794343,16.944444444444446,-0.6417781953169879,-0.1599999999999997,-1.6,-1.6,8.333333333333334,8.333333333333334,11.11111111111111,17.154326402794343,16.944444444444446,-0.6417781953169879,-0.1599999999999997,-1.6,-1.6,8.333333333333334,8.333333333333334
20,1.7000000000000002,False,0,0.0,False,11.11111111111111,17.003346641460976,17.500000000000004,-0.6416320197329564,0.07000000000000028,-1.7000000000000002,-1.7000000000000002,8.333333333333334,8.333333333333334,,,,,,,,,
21,0.0,False,0,4.0,False,11.11111111111111,-2.8748469558903507,-4.277777777777902,1.416988244314942,1.6,0.0,0.0,8.333333333333334,8.333333333333334,,,,,,,,,
21,0.1,False,0,4.0,True,11.071111111111112,-3.9820526038318347,-4.17777777777778,0.30125952285055124,0.6900000000000017,-0.1,-0.1,8.333333333333334,8.333333333333334,11.071111111111112,15.05584852285092,14.742222222222903,0.05769337001066699,-0.00999999999999579,-0.1,-0.1,8.333333333333334,8.333333333333334
21,0.2,False,0,0.0,False,11.11111111111111,11.663370076190123,13.500000000000018,-0.3359973645465253,1.06,-0.2,-0.2,8.333333333333334,8.333333333333334,,,,,,,,,
21,0.30000000000000004,False,0,0.0,False,11.11111111111111,9.890326822315448,9.888888888888854,-0.5940849795298326,0.39999999999999947,-0.30000000000000004,-0.30000000000000004,8.333333333333334,8.333333333333334,,,,,,,,,
21,0.4,False,0,0.0,False,11.11111111111111,17.343651864915405,17.944444444444446,-0.027813256830655053,1.1600000000000001,-0.4,-0.4,8.333333333333334,8.333333333333334,,,,,,,,,
21,0.5,False,0,0.0,False,11.11111111111111,13.220285141312182,14.8888888888889,-0.3210866224796529,0.5,-0.5,-0.5,8.333333333333334,8.333333333333334,,,,,,,,,
21,0.6000000000000001,False,0,0.0,False,11.11111111111111,14.565673668360827,15.166666666666675,-0.006946094117457946,0.3400000000000003,-0.6000000000000001,-0.6000000000000001,8.333333333333334,8.333333333333334,,,,,,,,,
21,0.7000000000000001,False,0,0.0,False,11.11111111111111,15.992532097128223,16.833333333333332,-0.1388987118967464,0.5500000000000003,-0.7000000000000001,-0.7000000000000001,8.333333333333334,8.333333333333334,,,,,,,,,
21,0.8,False,0,0.0,False,11.11111111111111,15.871018643622559,16.833333333333332,-0.48268577388582923,0.3999999999999999,-0.8,-0.8,8.333333333333334,8.333333333333334,,,,,,,,,
21,0.9,False,0,0.0,False,11.11111111111111,13.514423186918904,16.555555555555557,-0.3206272475476033,0.1599999999999997,-0.9,-0.9,8.333333333333334,8.333333333333334,,,,,,,,,
21,1.0,False,0,0.0,False,11.11111111111111,13.94896007225746,16.277777777777782,-0.5723753822524711,-0.09999999999999987,-1.0,-1.0,8.333333333333334,8.333333333333334,11.11111111111111,13.918802134009539,16.555555555555557,0.3657798163899577,0.0,-1.0,-1.0,8.333333333333334,8.333333333333334
21,1.1,False,0,0.0,False,11.11111111111111,16.439682785953035,17.666666666666668,-0.1494893644883244,0.28000000000000025,-1.1,-1.1,8.333333333333334,8.333333333333334,,,,,,,,,
21,1.2000000000000002,False,0,0.0,False,11.11111111111111,16.01615927057148,16.833333333333332,-0.12196956521881996,-0.1999999999999995,-1.2000000000000002,-1.2000000000000002,8.333333333333334,8.333333333333334,11.11111111111111,16.421659394115427,17.111111111111118,0.46632283850149037,-0.07999999999999963,-1.2000000000000002,-1.2000000000000002,8.333333333333334,8.333333333333334
21,1.3,False,0,0.0,False,11.11111111111111,18.12873106932825,18.222222222222225,-0.21033016705579866,0.2999999999999998,-1.3,-1.3,8.333333333333334,8.333333333333334,,,,,,,,,
21,1.4000000000000001,False,0,0.0,False,11.11111111111111,13.713781992091295,17.666666666666668,-0.08843877355719032,-0.08000000000000007,-1.4000000000000001,-1.4000000000000001,8.333333333333334,8.333333333333334,11.11111111111111,13.713781992091295,17.666666666666668,-0.08843877355719032,-0.08000000000000007,-1.4000000000000001,-1.4000000000000001,8.333333333333334,8.333333333333334
21,1.5,False,0,0.0,False,11.11111111111111,12.99916400106341,17.38888888888889,-0.1794864738568256,-0.34999999999999987,-1.5,-1.5,8.333333333333334,8.333333333333334,11.11111111111111,17.077439899181623,17.944444444444446,0.2980686508356336,-0.04999999999999982,-1.5,-1.5,8.333333333333334,8.333333333333334
21,1.6,False,0,0.0,False,11.11111111111111,16.303561488005858,17.666666666666668,-0.2161298266086913,-0.31999999999999984,-1.6,-1.6,8.333333333333334,8.333333333333334,11.11111111111111,16.091463416955246,17.944444444444446,0.6985979240947877,-0.1599999999999997,-1.6,-1.6,8.333333333333334,8.333333333333334
21,1.7000000000000002,False,0,0.0,False,11.11111111111111,17.19765472448228,18.499999999999996,-0.11520440474386673,0.07000000000000028,-1.7000000000000002,-1.7000000000000002,8.333333333333334,8.333333333333334,,,,,,,,,
22,0.0,False,0,4.0,False,11.11111111111111,-4.179395865900406,-4.211111111110983,1.8494896987365905,1.6,0.0,0.0,8.333333333333334,8.333333333333334,,,,,,,,,
22,0.1,False,0,4.0,False,11.11111111111111,-3.4594719692376854,-4.211111111110983,0.6071382122169755,0.6500000000000017,-0.1,-0.1,8.333333333333334,8.333333333333334,11.11111111111111,15.25988641058036,14.1222222222227,-0.5907324652942676,-0.00999999999999579,-0.1,-0.1,8.333333333333334,8.333333333333334
22,0.2,False,0,0.0,False,11.11111111111111,6.901788954137271,7.555555555555455,-0.02724035381357348,0.5600000000000005,-0.2,-0.2,8.333333333333334,8.333333333333334,,,,,,,,,
22,0.30000000000000004,False,0,0.0,False,11.11111111111111,8.688855212202885,12.83333333333334,-0.1572541094547497,0.6099999999999999,-0.30000000000000004,-0.30000000000000004,8.333333333333334,8.333333333333334,,,,,,,,,
22,0.4,False,0,0.0,False,11.11111111111111,17.406092719417778,17.555555555555557,-0.5284359821144873,0.96,-0.4,-0.4,8.333333333333334,8.333333333333334,,,,,,,,,
22,0.5,False,0,0.0,False,11.11111111111111,15.684634302154969,15.8888888888889,-0.021757545597418604,0.5,-0.5,-0.5,8.333333333333334,8.333333333333334,,,,,,,,,
22,0.6000000000000001,False,0,0.0,False,11.11111111111111,14.958442512251281,15.8888888888889,-0.36235538743258067,0.2800000000000007,-0.6000000000000001,-0.6000000000000001,8.333333333333334,8.333333333333334,,,,,,,,,
22,0.7000000000000001,False,0,0.0,False,11.11111111111111,15.70266362601874,16.44444444444445,-0.1902143389323976,0.20000000000000062,-0.7000000000000001,-0.7000000000000001,8.333333333333334,8.333333333333334,,,,,,,,,
22,0.8,False,0,0.0,False,11.11111111111111,17.582662736178033,18.666666666666668,-0.4437585604194265,0.6400000000000001,-0.8,-0.8,8.333333333333334,8.333333333333334,,,,,,,,,
22,0.9,False,0,0.0,False,11.11111111111111,17.90121888899194,17.555555555555557,-0.19884373338481054,0.1599999999999997,-0.9,-0.9,8.333333333333334,8.333333333333334,,,,,,,,,
22,1.0,False,0,0.0,False,11.11111111111111,18.190544024003767,17.833333333333332,-0.11782167768518859,0.10000000000000009,-1.0,-1.0,8.333333333333334,8.333333333333334,,,,,,,,,
22,1.1,False,0,0.0,False,11.11111111111111,16.80734303854178,17.0,-0.44222342157413874,-0.3799999999999999,-1.1,-1.1,8.333333333333334,8.333333333333334,11.11111111111111,16.188476828856007,17.833333333333332,0.14852633697722428,-0.0499999999999996,-1.1,-1.1,8.333333333333334,8.333333333333334
22,1.2000000000000002,False,0,0.0,False,11.11111111111111,18.381411072973652,18.944444444444446,-0.3517097593083722,0.28000000000000025,-1.2000000000000002,-1.2000000000000002,8.333333333333334,8.333333333333334,,,,,,,,,
22,1.3,False,0,0.0,False,11.11111111111111,16.11897240730868,18.38888888888889,-0.21032174361402922,-0.09000000000000008,-1.3,-1.3,8.333333333333334,8.333333333333334,11.11111111111111,16.11897240730868,18.38888888888889,-0.21032174361402922,-0.09000000000000008,-1.3,-1.3,8.333333333333334,8.333333333333334
22,1.4000000000000001,False,0,0.0,False,11.11111111111111,19.85753531697007,19.499999999999996,-0.42368176541713565,0.33999999999999986,-1.4000000000000001,-1.4000000000000001,8.333333333333334,8.333333333333334,,,,,,,,,
22,1.5,False,0,0.0,False,11.11111111111111,16.9527543234103,18.666666666666668,-0.5087004979332197,-0.19999999999999996,-1.5,-1.5,8.333333333333334,8.333333333333334,11.11111111111111,18.01272378908418,18.944444444444446,0.2263715390757146,-0.04999999999999982,-1.5,-1.5,8.333333333333334,8.333333333333334
22,1.6,False,0,0.0,False,11.11111111111111,16.53135860569446,18.666666666666668,-0.08101616988316485,-0.31999999999999984,-1.6,-1.6,8.333333333333334,8.333333333333334,11.11111111111111,18.21111638960635,18.944444444444446,0.13640038592809267,-0.1599999999999997,-1.6,-1.6,8.333333333333334,8.333333333333334
22,1.7000000000000002,False,0,0.0,False,11.11111111111111,20.30554194873294,19.499999999999996,-0.31184965345797977,0.07000000000000028,-1.7000000000000002,-1.7000000000000002,8.333333333333334,8.333333333333334,,,,,,,,,
23,0.0,False,0,4.0,False,11.11111111111111,-1.3665808494308918,-4.222222222222345,1.3135711688441263,1.6,0.0,0.0,8.333333333333334,8.333333333333334,,,,,,,,,
23,0.1,False,0,4.0,True,11.071111111111112,-4.259413686037862,-4.214222222222335,0.36386278510833536,0.6200000000000019,-0.1,-0.1,8.333333333333334,8.333333333333334,11.071111111111112,13.021981166604245,12.86222222222305,0.11981890385799376,-0.00999999999999579,-0.1,-0.1,8.333333333333334,8.333333333333334
23,0.2,False,0,0.0,False,11.11111111111111,14.63329441787149,15.777777777777793,-0.331439309756157,1.0799999999999996,-0.2,-0.2,8.333333333333334,8.333333333333334,,,,,,,,,
23,0.30000000000000004,False,0,0.0,False,11.11111111111111,10.167579237473856,10.49999999999994,-0.21710997310549685,0.2499999999999991,-0.30000000000000004,-0.30000000000000004,8.333333333333334,8.333333333333334,,,,,,,,,
23,0.4,False,0,0.0,False,11.11111111111111,15.071913405216801,16.611111111111118,-0.07570244493388967,0.6799999999999997,-0.4,-0.4,8.333333333333334,8.333333333333334,,,,,,,,,
23,0.5,False,0,0.0,False,11.11111111111111,16.9776414078201,16.8888888888889,-0.09217131874165752,0.5,-0.5,-0.5,8.333333333333334,8.333333333333334,,,,,,,,,
23,0.6000000000000001,False,0,0.0,False,11.11111111111111,16.08700582493169,16.611111111111118,-0.08271832757967457,0.22000000000000064,-0.6000000000000001,-0.6000000000000001,8.333333333333334,8.333333333333334,,,,,,,,,
23,0.7000000000000001,False,0,0.0,False,11.11111111111111,18.247183083215173,18.833333333333332,-0.0368775122411793,0.5500000000000003,-0.7000000000000001,-0.7000000000000001,8.333333333333334,8.333333333333334,,,,,,,,,
23,0.8,False,0,0.0,False,11.11111111111111,20.090019868352126,20.499999999999996,-0.035169017652514345,0.8800000000000003,-0.8,-0.8,8.333333333333334,8.333333333333334,,,,,,,,,
23,0.9,False,0,0.0,False,11.11111111111111,17.228717601620943,18.555555555555557,-0.14833888357925784,0.1599999999999997,-0.9,-0.9,8.333333333333334,8.333333333333334,,,,,,,,,
23,1.0,False,0,0.0,False,11.11111111111111,18.094170715089113,18.0,-0.629071106925843,-0.19999999999999996,-1.0,-1.0,8.333333333333334,8.333333333333334,11.11111111111111,16.662054352931037,18.555555555555557,0.31035667721092475,0.0,-1.0,-1.0,8.333333333333334,8.333333333333334
23,1.1,False,0,0.0,False,11.11111111111111,20.45555257362712,20.222222222222225,-0.013047079151192076,0.5000000000000004,-1.1,-1.1,8.333333333333334,8.333333333333334,,,,,,,,,
23,1.2000000000000002,False,0,0.0,False,11.11111111111111,17.828381297764775,19.666666666666668,-0.12476483196841359,0.16000000000000014,-1.2000000000000002,-1.2000000000000002,8.333333333333334,8.333333333333334,,,,,,,,,
23,1.3,False,0,0.0,False,11.11111111111111,17.548035931590345,20.222222222222225,-0.27294677131553513,0.2999999999999998,-1.3,-1.3,8.333333333333334,8.333333333333334,,,,,,,,,
23,1.4000000000000001,False,0,0.0,False,11.11111111111111,18.65354090140126,19.944444444444446,-0.4756922780629278,0.05999999999999983,-1.4000000000000001,-1.4000000000000001,8.333333333333334,8.333333333333334,,,,,,,,,
23,1.5,False,0,0.0,False,11.11111111111111,19.657444362377117,20.777777777777782,-0.39475681173906807,0.3999999999999999,-1.5,-1.5,8.333333333333334,8.333333333333334,,,,,,,,,
23,1.6,False,0,0.0,False,11.11111111111111,19.063382363284706,19.944444444444446,-0.47506259213670154,-0.1599999999999997,-1.6,-1.6,8.333333333333334,8.333333333333334,11.11111111111111,19.063382363284706,19.944444444444446,-0.47506259213670154,-0.1599999999999997,-1.6,-1.6,8.333333333333334,8.333333333333334
23,1.7000000000000002,False,0,0.0,False,11.11111111111111,20.28658625554068,20.777777777777782,-0.5267523143144748,0.2400000000000002,-1.7000000000000002,-1.7000000000000002,8.333333333333334,8.333333333333334,,,,,,,,,
24,0.0,False,0,4.0,False,11.11111111111111,-1.4196399829772899,-4.2666666666665405,0.6229973289975685,1.6,0.0,0.0,8.333333333333334,8.333333333333334,,,,,,,,,
24,0.1,False,0,4.0,False,11.11111111111111,-3.339754556462668,-4.2666666666665405,0.9436175957892141,0.5800000000000023,-0.1,-0.1,8.333333333333334,8.333333333333334,11.11111111111111,13.207002351768704,12.1222222222227,-0.795809234689318,-0.00999999999999579,-0.1,-0.1,8.333333333333334,8.333333333333334
24,0.2,False,0,0.0,False,11.11111111111111,6.724610767380267,6.777777777777627,-0.031027693278529167,0.3600000000000012,-0.2,-0.2,8.333333333333334,8.333333333333334,,,,,,,,,
24,0.30000000000000004,False,0,0.0,False,11.11111111111111,9.56232047040039,10.388888888888811,-0.6311523099639755,0.12999999999999856,-0.30000000000000004,-0.30000000000000004,8.333333333333334,8.333333333333334,,,,,,,,,
24,0.4,False,0,0.0,False,11.11111111111111,15.777116667894362,16.222222222222236,-0.09704388778907402,0.47999999999999954,-0.4,-0.4,8.333333333333334,8.333333333333334,,,,,,,,,
24,0.5,False,0,0.0,False,11.11111111111111,13.02571253323801,14.555555555555554,-0.049979557403660335,-0.09999999999999987,-0.5,-0.5,8.333333333333334,8.333333333333334,11.11111111111111,13.31365489478291,15.111111111111118,0.42433501634189996,0.0,-0.5,-0.5,8.333333333333334,8.333333333333334
24,0.6000000000000001,False,0,0.0,False,11.11111111111111,19.530634512294146,21.222222222222225,-0.08942984194014048,1.0,-0.6000000000000001,-0.6000000000000001,8.333333333333334,8.333333333333334,,,,,,,,,
24,0.7000000000000001,False,0,0.0,False,11.11111111111111,18.198101425677162,18.722222222222225,-0.1370057645060252,0.27000000000000046,-0.7000000000000001,-0.7000000000000001,8.333333333333334,8.333333333333334,,,,,,,,,
24,0.8,False,0,0.0,False,11.11111111111111,19.221108708689723,20.944444444444446,-0.581939027073572,0.7200000000000002,-0.8,-0.8,8.333333333333334,8.333333333333334,,,,,,,,,
24,0.9,False,0,0.0,False,11.11111111111111,17.222357851725004,19.277777777777782,-0.05615179197873443,0.06999999999999962,-0.9,-0.9,8.333333333333334,8.333333333333334,,,,,,,,,
24,1.0,False,0,0.0,False,11.11111111111111,19.00570679308532,19.833333333333332,-0.14446612500739686,0.10000000000000009,-1.0,-1.0,8.333333333333334,8.333333333333334,,,,,,,,,
24,1.1,False,0,0.0,False,11.11111111111111,18.219550090430854,19.277777777777782,-0.15558125315606164,-0.2699999999999998,-1.1,-1.1,8.333333333333334,8.333333333333334,11.11111111111111,15.982059434061636,19.833333333333332,0.36515056328120554,-0.0499999999999996,-1.1,-1.1,8.333333333333334,8.333333333333334
24,1.2000000000000002,False,0,0.0,False,11.11111111111111,20.4225468183328,20.666666666666668,-0.10842053937015006,0.16000000000000014,-1.2000000000000002,-1.2000000000000002,8.333333333333334,8.333333333333334,,,,,,,,,
24,1.3,False,0,0.0,False,11.11111111111111,18.877553336922997,20.38888888888889,-0.7141756596506137,-0.09000000000000008,-1.3,-1.3,8.333333333333334,8.333333333333334,11.11111111111111,18.877553336922997,20.38888888888889,-0.7141756596506137,-0.09000000000000008,-1.3,-1.3,8.333333333333334,8.333333333333334
24,1.4000000000000001,False,0,0.0,False,11.11111111111111,20.268141923945645,21.777777777777782,-0.2502258959331036,0.48,-1.4000000000000001,-1.4000000000000001,8.333333333333334,8.333333333333334,,,,,,,,,
24,1.5,False,0,0.0,False,11.11111111111111,21.77820185353605,22.055555555555554,-0.20207434564379811,0.5500000000000003,-1.5,-1.5,8.333333333333334,8.333333333333334,,,,,,,,,
24,1.6,False,0,0.0,False,11.11111111111111,18.940839951477546,20.944444444444446,-0.47170386699742384,-0.1599999999999997,-1.6,-1.6,8.333333333333334,8.333333333333334,11.11111111111111,18.940839951477546,20.944444444444446,-0.47170386699742384,-0.1599999999999997,-1.6,-1.6,8.333333333333334,8.333333333333334
24,1.7000000000000002,False,0,0.0,False,11.11111111111111,20.722201295952342,21.222222222222225,-0.6350715798860689,-0.09999999999999964,-1.7000000000000002,-1.7000000000000002,8.333333333333334,8.333333333333334,11.11111111111111,20.722201295952342,21.222222222222225,-0.6350715798860689,-0.09999999999999964,-1.7000000000000002,-1.7000000000000002,8.333333333333334,8.333333333333334
25,0.0,False,0,4.0,False,11.11111111111111,-3.227436464687588,-4.166666666666788,1.6791199811040287,1.6,0.0,0.0,8.333333333333334,8.333333333333334,,,,,,,,,
25,0.1,False,0,3.900000000000028,True,11.071111111111112,-3.3846340878318157,-4.271555555555582,1.000811135341833,0.5400000000000023,-0.1,-0.1,8.333333333333334,8.333333333333334,11.071111111111112,12.392341092553504,10.786222222222943,-1.0522969484243414,-0.00999999999999579,-0.1,-0.1,8.333333333333334,8.333333333333334
25,0.2,False,0,0.0,False,11.11111111111111,12.356888496313747,13.611111111111068,-0.03429256974897843,0.7799999999999998,-0.2,-0.2,8.333333333333334,8.333333333333334,,,,,,,,,
25,0.30000000000000004,False,0,0.0,False,11.11111111111111,15.8937570083345,15.555555555555554,-0.1064282269906407,0.5799999999999996,-0.30000000000000004,-0.30000000000000004,8.333333333333334,8.333333333333334,,,,,,,,,
25,0.4,False,0,0.0,False,11.11111111111111,18.07651504274014,18.8888888888889,-0.005515151064555912,0.7199999999999998,-0.4,-0.4,8.333333333333334,8.333333333333334,,,,,,,,,
25,0.5,False,0,0.0,False,11.11111111111111,14.863377686944887,17.222222222222236,-0.5062462717535421,0.20000000000000018,-0.5,-0.5,8.333333333333334,8.333333333333334,,,,,,,,,
25,0.6000000000000001,False,0,0.0,False,11.11111111111111,15.361649989212925,18.611111111111118,-0.052282593021572676,0.22000000000000064,-0.6000000000000001,-0.6000000000000001,8.333333333333334,8.333333333333334,,,,,,,,,
25,0.7000000000000001,False,0,0.0,False,11.11111111111111,20.246915199203396,20.277777777777782,-0.602642732361506,0.4100000000000006,-0.7000000000000001,-0.7000000000000001,8.333333333333334,8.333333333333334,,,,,,,,,
25,0.8,False,0,0.0,False,11.11111111111111,19.973749849605525,20.0,-0.011711712099227833,0.1599999999999997,-0.8,-0.8,8.333333333333334,8.333333333333334,,,,,,,,,
25,0.9,False,0,0.0,False,11.11111111111111,19.60107728756986,20.277777777777782,-0.4332783990979341,0.06999999999999962,-0.9,-0.9,8.333333333333334,8.333333333333334,,,,,,,,,
25,1.0,False,0,0.0,False,11.11111111111111,18.297287494364152,19.722222222222225,-0.09671923079329048,-0.2999999999999998,-1.0,-1.0,8.333333333333334,8.333333333333334,11.11111111111111,18.44263633537232,20.555555555555557,0.5770843238075676,0.0,-1.0,-1.0,8.333333333333334,8.333333333333334
25,1.1,False,0,0.0,False,11.11111111111111,20.67821707796377,21.666666666666668,-0.2892001961241666,0.28000000000000025,-1.1,-1.1,8.333333333333334,8.333333333333334,,,,,,,,,
25,1.2000000000000002,False,0,0.0,False,11.11111111111111,20.73860063607916,20.833333333333332,-0.3521143273082592,-0.1999999999999995,-1.2000000000000002,-1.2000000000000002,8.333333333333334,8.333333333333334,11.11111111111111,17.847192347467878,21.111111111111118,0.054964888430721004,-0.07999999999999963,-1.2000000000000002,-1.2000000000000002,8.333333333333334,8.333333333333334
25,1.3,False,0,0.0,False,11.11111111111111,21.842219753445445,21.944444444444446,-0.06447539497995569,0.16999999999999993,-1.3,-1.3,8.333333333333334,8.333333333333334,,,,,,,,,
25,1.4000000000000001,False,0,0.0,False,11.11111111111111,20.73044888157928,21.944444444444446,-0.6631225590977103,0.05999999999999983,-1.4000000000000001,-1.4000000000000001,8.333333333333334,8.333333333333334,,,,,,,,,
25,1.5,False,0,0.0,False,11.11111111111111,21.41804482470039,21.666666666666668,-0.31189840960165216,-0.19999999999999996,-1.5,-1.5,8.333333333333334,8.333333333333334,11.11111111111111,22.129255238034684,21.944444444444446,0.47063830044946053,-0.04999999999999982,-1.5,-1.5,8.333333333333334,8.333333333333334
25,1.6,False,0,0.0,False,11.11111111111111,21.135021007067383,22.222222222222225,-0.4632117814704273,2.220446049250313e-16,-1.6,-1.6,8.333333333333334,8.333333333333334,,,,,,,,,
25,1.7000000000000002,False,0,0.0,False,11.11111111111111,19.269000723874218,21.944444444444446,-0.3580650674197776,-0.2699999999999996,-1.7000000000000002,-1.7000000000000002,8.333333333333334,8.333333333333334,11.11111111111111,21.342750178231608,22.222222222222225,0.48041496868494127,-0.09999999999999964,-1.7000000000000002,-1.7000000000000002,8.333333333333334,8.333333333333334
26,0.0,False,0,4.0,False,11.11111111111111,-3.9026542898359535,-4.277777777777902,0.6815246263039456,1.6,0.0,0.0,8.333333333333334,8.333333333333334,,,,,,,,,
26,0.1,False,0,3.60000000000003,True,11.071111111111112,-3.0176758894286904,-4.253777777777873,1.2682430552324395,0.5100000000000025,-0.1,-0.1,8.333333333333334,8.333333333333334,11.071111111111112,11.4474700290023,9.89022222222307,0.7782084773927593,-0.00999999999999579,-0.1,-0.1,8.333333333333334,8.333333333333334
26,0.2,False,0,0.0,False,11.11111111111111,8.681937353829138,10.444444444444326,-0.03781961541467149,0.48000000000000087,-0.2,-0.2,8.333333333333334,8.333333333333334,,,,,,,,,
26,0.30000000000000004,False,0,0.0,False,11.11111111111111,16.19451704860926,18.500000000000018,-0.120591892034984,0.7900000000000005,-0.30000000000000004,-0.30000000000000004,8.333333333333334,8.333333333333334,,,,,,,,,
26,0.4,False,0,0.0,False,11.11111111111111,15.459103858311511,16.277777777777768,-0.13883449444917195,0.1999999999999993,-0.4,-0.4,8.333333333333334,8.333333333333334,,,,,,,,,
26,0.5,False,0,0.0,False,11.11111111111111,18.649752680999097,19.611111111111118,-0.07906317846715827,0.4500000000000002,-0.5,-0.5,8.333333333333334,8.333333333333334,,,,,,,,,
26,0.6000000000000001,False,0,0.0,False,11.11111111111111,19.84009011161607,20.44444444444445,-0.09787227350531724,0.40000000000000036,-0.6000000000000001,-0.6000000000000001,8.333333333333334,8.333333333333334,,,,,,,,,
26,0.7000000000000001,False,0,0.0,False,11.11111111111111,21.35863040507118,21.0,-0.10951716729639971,0.3400000000000003,-0.7000000000000001,-0.7000000000000001,8.333333333333334,8.333333333333334,,,,,,,,,
26,0.8,False,0,0.0,False,11.11111111111111,21.143377034884885,21.555555555555557,-0.03452053682444678,0.31999999999999984,-0.8,-0.8,8.333333333333334,8.333333333333334,,,,,,,,,
26,0.9,False,0,0.0,False,11.11111111111111,21.55712686951711,21.833333333333332,-0.07471685777754034,0.24999999999999956,-0.9,-0.9,8.333333333333334,8.333333333333334,,,,,,,,,
26,1.0,False,0,0.0,False,11.11111111111111,21.29540521129601,20.722222222222225,-0.1715582574470813,-0.2999999999999998,-1.0,-1.0,8.333333333333334,8.333333333333334,11.11111111111111,21.06171206181925,21.555555555555557,0.7421253219654922,0.0,-1.0,-1.0,8.333333333333334,8.333333333333334
26,1.1,False,0,0.0,False,11.11111111111111,19.3018598901574,22.111111111111118,-0.04511498472806874,0.0600000000000005,-1.1,-1.1,8.333333333333334,8.333333333333334,,,,,,,,,
26,1.2000000000000002,False,0,0.0,False,11.11111111111111,24.409219435332805,24.33333333333334,-0.10499293938495402,0.8799999999999999,-1.2000000000000002,-1.2000000000000002,8.333333333333334,8.333333333333334,,,,,,,,,
26,1.3,False,0,0.0,False,11.11111111111111,21.660041708072416,22.666666666666668,-0.1324385492382847,0.039999999999999813,-1.3,-1.3,8.333333333333334,8.333333333333334,,,,,,,,,
26,1.4000000000000001,False,0,0.0,False,11.11111111111111,20.138182093650027,22.666666666666668,-0.04488135889580214,-0.08000000000000007,-1.4000000000000001,-1.4000000000000001,8.333333333333334,8.333333333333334,11.11111111111111,20.138182093650027,22.666666666666668,-0.04488135889580214,-0.08000000000000007,-1.4000000000000001,-1.4000000000000001,8.333333333333334,8.333333333333334
26,1.5,False,0,0.0,False,11.11111111111111,22.65148834395806,23.499999999999996,-0.059086208856979905,0.25,-1.5,-1.5,8.333333333333334,8.333333333333334,,,,,,,,,
26,1.6,False,0,0.0,False,11.11111111111111,22.388459621993366,24.055555555555554,-0.15590227655528155,0.48,-1.6,-1.6,8.333333333333334,8.333333333333334,,,,,,,,,
26,1.7000000000000002,False,0,0.0,False,11.11111111111111,21.73450190015996,22.944444444444446,-0.5913376104918759,-0.2699999999999996,-1.7000000000000002,-1.7000000000000002,8.333333333333334,8.333333333333334,11.11111111111111,23.010892614773137,23.222222222222225,0.3398346218532198,-0.09999999999999964,-1.7000000000000002,-1.7000000000000002,8.333333333333334,8.333333333333334
27,0.0,False,0,4.0,False,11.11111111111111,-4.174033238403015,-4.211111111110998,2.296635658841358,1.6,0.0,0.0,8.333333333333334,8.333333333333334,,,,,,,,,
27,0.1,False,0,2.9000000000000314,True,10.911111111111115,-3.0870565663316,-4.21155555555558,0.9048493449253252,0.4500000000000024,-0.1,-0.1,8.333333333333334,8.333333333333334,10.911111111111115,11.169288590744724,7.646222222222105,-0.02796085232010692,-0.00999999999999579,-0.1,-0.1,8.333333333333334,8.333333333333334
27,0.2,False,0,0.0,False,11.11111111111111,11.957127210660797,15.055555555555511,-0.09652028978785365,0.7399999999999998,-0.2,-0.2,8.333333333333334,8.333333333333334,,,,,,,,,
27,0.30000000000000004,False,0,0.0,False,11.11111111111111,14.828424265803374,16.722222222222204,-0.32683830726322993,0.48999999999999977,-0.30000000000000004,-0.30000000000000004,8.333333333333334,8.333333333333334,,,,,,,,,
27,0.4,False,0,0.0,False,11.11111111111111,14.147254532752068,16.444444444444425,-0.7933848063393292,0.07999999999999918,-0.4,-0.4,8.333333333333334,8.333333333333334,,,,,,,,,
27,0.5,False,0,0.0,False,11.11111111111111,20.91333875434077,20.8888888888889,-0.6032733479527186,0.5,-0.5,-0.5,8.333333333333334,8.333333333333334,,,,,,,,,
27,0.6000000000000001,False,0,0.0,False,11.11111111111111,20.21416493910755,20.611111111111118,-0.037429035834626756,0.22000000000000064,-0.6000000000000001,-0.6000000000000001,8.333333333333334,8.333333333333334,,,,,,,,,
27,0.7000000000000001,False,0,0.0,False,11.11111111111111,22.718892507061984,24.499999999999996,-0.34832582408560153,0.9700000000000002,-0.7000000000000001,-0.7000000000000001,8.333333333333334,8.333333333333334,,,,,,,,,
27,0.8,False,0,0.0,False,11.11111111111111,24.37725465316468,24.222222222222225,-0.15730543096261052,0.8000000000000003,-0.8,-0.8,8.333333333333334,8.333333333333334,,,,,,,,,
27,0.9,False,0,0.0,False,11.11111111111111,21.86244298256654,22.555555555555557,-0.1674950241464983,0.1599999999999997,-0.9,-0.9,8.333333333333334,8.333333333333334,,,,,,,,,
27,1.0,False,0,0.0,False,11.11111111111111,21.79176714288683,23.111111111111118,-0.7321605803606184,0.20000000000000018,-1.0,-1.0,8.333333333333334,8.333333333333334,,,,,,,,,
27,1.1,False,0,0.0,False,11.11111111111111,20.50436886334573,22.833333333333332,-0.06613233766416582,-0.0499999999999996,-1.1,-1.1,8.333333333333334,8.333333333333334,11.11111111111111,20.50436886334573,22.833333333333332,-0.06613233766416582,-0.0499999999999996,-1.1,-1.1,8.333333333333334,8.333333333333334
27,1.2000000000000002,False,0,0.0,False,11.11111111111111,23.5135767174533,23.944444444444446,-0.5102733320188051,0.28000000000000025,-1.2000000000000002,-1.2000000000000002,8.333333333333334,8.333333333333334,,,,,,,,,
27,1.3,False,0,0.0,False,11.11111111111111,22.641260173322866,23.666666666666668,-0.12288158659404136,0.039999999999999813,-1.3,-1.3,8.333333333333334,8.333333333333334,,,,,,,,,
27,1.4000000000000001,False,0,0.0,False,11.11111111111111,24.23290568091033,23.944444444444446,-0.17525516049222767,0.05999999999999983,-1.4000000000000001,-1.4000000000000001,8.333333333333334,8.333333333333334,,,,,,,,,
27,1.5,False,0,0.0,False,11.11111111111111,22.383583938796622,23.944444444444446,-0.027270656759131207,-0.04999999999999982,-1.5,-1.5,8.333333333333334,8.333333333333334,11.11111111111111,22.383583938796622,23.944444444444446,-0.027270656759131207,-0.04999999999999982,-1.5,-1.5,8.333333333333334,8.333333333333334
27,1.6,False,0,0.0,False,11.11111111111111,23.797343897373185,24.222222222222225,-0.25900374241842705,2.220446049250313e-16,-1.6,-1.6,8.333333333333334,8.333333333333334,,,,,,,,,
27,1.7000000000000002,False,0,0.0,False,11.11111111111111,23.29695921608968,24.222222222222225,-0.24207014763982326,-0.09999999999999964,-1.7000000000000002,-1.7000000000000002,8.333333333333334,8.333333333333334,11.11111111111111,23.29695921608968,24.222222222222225,-0.24207014763982326,-0.09999999999999964,-1.7000000000000002,-1.7000000000000002,8.333333333333334,8.333333333333334
28,0.0,False,0,4.0,False,11.11111111111111,-3.4050021237229826,-4.222222222222331,1.1384620831688452,1.6,0.0,0.0,8.333333333333334,8.333333333333334,,,,,,,,,
28,0.1,False,0,2.7000000000000313,True,10.951111111111114,-3.055667105115435,-4.183999999999929,0.48935116977182824,0.4300000000000028,-0.1,-0.1,8.333333333333334,8.333333333333334,10.951111111111114,10.656711011388932,7.102222222222918,0.47956615651091283,-0.00999999999999579,-0.1,-0.1,8.333333333333334,8.333333333333334
28,0.2,False,0,0.0,False,11.11111111111111,21.97743936109752,22.722222222222225,-0.006363535265814679,1.2200000000000002,-0.2,-0.2,8.333333333333334,8.333333333333334,,,,,,,,,
28,0.30000000000000004,False,0,0.0,False,11.11111111111111,20.131740693629016,20.50000000000001,-0.05143332356254482,0.7900000000000005,-0.30000000000000004,-0.30000000000000004,8.333333333333334,8.333333333333334,,,,,,,,,
28,0.4,False,0,0.0,False,11.11111111111111,21.052618617279343,21.333333333333343,-0.27540909793363677,0.6399999999999997,-0.4,-0.4,8.333333333333334,8.333333333333334,,,,,,,,,
28,0.5,False,0,0.0,False,11.11111111111111,21.057659215276885,21.888888888888893,-0.18976713034674297,0.5,-0.5,-0.5,8.333333333333334,8.333333333333334,,,,,,,,,
28,0.6000000000000001,False,0,0.0,False,11.11111111111111,19.8137307107598,21.333333333333343,-0.1381991198196455,0.1600000000000006,-0.6000000000000001,-0.6000000000000001,8.333333333333334,8.333333333333334,,,,,,,,,
28,0.7000000000000001,False,0,0.0,False,11.11111111111111,21.290360657436466,22.44444444444445,-0.9831335591827777,0.20000000000000062,-0.7000000000000001,-0.7000000000000001,8.333333333333334,8.333333333333334,,,,,,,,,
28,0.8,False,0,0.0,False,11.11111111111111,21.678164568908684,23.0,-0.2626564629895656,0.1599999999999997,-0.8,-0.8,8.333333333333334,8.333333333333334,,,,,,,,,
28,0.9,False,0,0.0,False,11.11111111111111,21.762473804707923,23.0,-0.08236820328858796,-0.02000000000000024,-0.9,-0.9,8.333333333333334,8.333333333333334,11.11111111111111,21.762473804707923,23.0,-0.08236820328858796,-0.02000000000000024,-0.9,-0.9,8.333333333333334,8.333333333333334
28,1.0,False,0,0.0,False,11.11111111111111,23.457496356793015,23.55555555555555,-0.5973532013157126,0.0,-1.0,-1.0,8.333333333333334,8.333333333333334,11.11111111111111,23.457496356793015,23.55555555555555,-0.5973532013157126,0.0,-1.0,-1.0,8.333333333333334,8.333333333333334
28,1.1,False,0,0.0,False,11.11111111111111,23.890618562877687,24.11111111111111,-1.187175531708264,0.0600000000000005,-1.1,-1.1,8.333333333333334,8.333333333333334,,,,,,,,,
28,1.2000000000000002,False,0,0.0,False,11.11111111111111,24.472004985810994,25.222222222222218,-0.20958465453709696,0.3999999999999999,-1.2000000000000002,-1.2000000000000002,8.333333333333334,8.333333333333334,,,,,,,,,
28,1.3,False,0,0.0,False,11.11111111111111,23.198546616293566,24.666666666666668,-0.05051919785445991,0.039999999999999813,-1.3,-1.3,8.333333333333334,8.333333333333334,,,,,,,,,
28,1.4000000000000001,False,0,0.0,False,11.11111111111111,22.514675280272204,25.499999999999996,-0.28776945432658607,0.33999999999999986,-1.4000000000000001,-1.4000000000000001,8.333333333333334,8.333333333333334,,,,,,,,,
28,1.5,False,0,0.0,False,11.11111111111111,25.441718521935403,25.222222222222218,-0.623504650684342,0.10000000000000009,-1.5,-1.5,8.333333333333334,8.333333333333334,,,,,,,,,
28,1.6,False,0,0.0,False,11.11111111111111,25.16292899927505,26.055555555555554,-0.1905247827740384,0.48,-1.6,-1.6,8.333333333333334,8.333333333333334,,,,,,,,,
28,1.7000000000000002,False,0,0.0,False,11.11111111111111,25.351336368834115,25.222222222222218,-0.0033140741615751423,-0.09999999999999964,-1.7000000000000002,-1.7000000000000002,8.333333333333334,8.333333333333334,11.11111111111111,25.351336368834115,25.222222222222218,-0.0033140741615751423,-0.09999999999999964,-1.7000000000000002,-1.7000000000000002,8.333333333333334,8.333333333333334
29,0.0,False,0,4.0,False,11.11111111111111,-2.6368441065051966,-4.266666666666583,1.9565401674104765,1.6,0.0,0.0,8.333333333333334,8.333333333333334,,,,,,,,,
29,0.1,False,0,2.400000000000033,True,11.031111111111112,-3.7126226667323463,-4.217333333333289,0.32154931276153675,0.4000000000000026,-0.1,-0.1,8.333333333333334,8.333333333333334,11.031111111111112,9.329987339986825,6.678222222222172,-0.5393664671395348,-0.00999999999999579,-0.1,-0.1,8.333333333333334,8.333333333333334
29,0.2,False,0,0.0,False,11.11111111111111,18.321967635885297,18.722222222222197,-0.24164539944283292,0.8599999999999999,-0.2,-0.2,8.333333333333334,8.333333333333334,,,,,,,,,
29,0.30000000000000004,False,0,0.0,False,11.11111111111111,18.28132242495479,18.444444444444425,-0.19413354211141032,0.4599999999999995,-0.30000000000000004,-0.30000000000000004,8.333333333333334,8.333333333333334,,,,,,,,,
29,0.4,False,0,0.0,False,11.11111111111111,18.732969362628918,20.94444444444446,-0.12876624568258244,0.4399999999999995,-0.4,-0.4,8.333333333333334,8.333333333333334,,,,,,,,,
29,0.5,False,0,0.0,False,11.11111111111111,18.8209197315588,20.666666666666682,-0.017321812875180864,0.10000000000000009,-0.5,-0.5,8.333333333333334,8.333333333333334,,,,,,,,,
29,0.6000000000000001,False,0,0.0,False,11.11111111111111,22.591312028625204,22.888888888888893,-0.39553202748043836,0.2800000000000007,-0.6000000000000001,-0.6000000000000001,8.333333333333334,8.333333333333334,,,,,,,,,
29,0.7000000000000001,False,0,0.0,False,11.11111111111111,25.40128357241497,24.833333333333332,-0.023962587524447354,0.5500000000000003,-0.7000000000000001,-0.7000000000000001,8.333333333333334,8.333333333333334,,,,,,,,,
29,0.8,False,0,0.0,False,11.11111111111111,23.521292738858143,24.55555555555555,-0.2788490852895522,0.31999999999999984,-0.8,-0.8,8.333333333333334,8.333333333333334,,,,,,,,,
29,0.9,False,0,0.0,False,11.11111111111111,22.59366750894945,22.888888888888893,-0.5916769759829301,-0.37999999999999967,-0.9,-0.9,8.333333333333334,8.333333333333334,11.11111111111111,23.6031110512727,24.0,0.48064956105825507,-0.02000000000000024,-0.9,-0.9,8.333333333333334,8.333333333333334
29,1.0,False,0,0.0,False,11.11111111111111,25.497963014289578,25.11111111111111,-0.14398838896363197,0.20000000000000018,-1.0,-1.0,8.333333333333334,8.333333333333334,,,,,,,,,
29,1.1,False,0,0.0,False,11.11111111111111,25.922607256193228,26.222222222222218,-0.2929129470110099,0.5000000000000004,-1.1,-1.1,8.333333333333334,8.333333333333334,,,,,,,,,
29,1.2000000000000002,False,0,0.0,False,11.11111111111111,24.58574234430341,25.388888888888882,-0.1257228213873749,0.04000000000000026,-1.2000000000000002,-1.2000000000000002,8.333333333333334,8.333333333333334,,,,,,,,,
29,1.3,False,0,0.0,False,11.11111111111111,24.704301140139943,24.833333333333332,-0.5091145391123608,-0.3500000000000003,-1.3,-1.3,8.333333333333334,8.333333333333334,11.11111111111111,25.769749510756842,25.388888888888882,0.015957260607349477,-0.09000000000000008,-1.3,-1.3,8.333333333333334,8.333333333333334
29,1.4000000000000001,False,0,0.0,False,11.11111111111111,26.242321599721567,26.222222222222218,-0.2351570287396243,0.19999999999999973,-1.4000000000000001,-1.4000000000000001,8.333333333333334,8.333333333333334,,,,,,,,,
29,1.5,False,0,0.0,False,11.11111111111111,23.95640456150368,25.666666666666668,-0.10336087629605606,-0.19999999999999996,-1.5,-1.5,8.333333333333334,8.333333333333334,11.11111111111111,25.72210911901045,25.94444444444444,0.6043394779790927,-0.04999999999999982,-1.5,-1.5,8.333333333333334,8.333333333333334
29,1.6,False,0,0.0,False,11.11111111111111,25.909893422693482,27.333333333333332,-0.03497250573601751,0.6400000000000001,-1.6,-1.6,8.333333333333334,8.333333333333334,,,,,,,,,
29,1.7000000000000002,False,0,0.0,False,11.11111111111111,23.077071171785658,25.11111111111111,-0.6153525897545662,-0.7799999999999994,-1.7000000000000002,-1.7000000000000002,8.333333333333334,8.333333333333334,11.11111111111111,23.862148187248945,26.222222222222218,0.9065036202492913,-0.09999999999999964,-1.7000000000000002,-1.7000000000000002,8.333333333333334,8.333333333333334
30,0.0,False,0,4.0,False,11.11111111111111,-2.718943517429909,-4.166666666666759,1.7619338380278728,1.6,0.0,0.0,8.333333333333334,8.333333333333334,,,,,,,,,
30,0.1,False,0,2.200000000000033,False,11.11111111111111,11.339775650517705,12.777777777777626,-0.1404768756423691,0.9800000000000009,-0.1,-0.1,8.333333333333334,8.333333333333334,,,,,,,,,
30,0.2,False,0,0.0,False,11.11111111111111,18.32057026126098,19.999999999999982,-0.027838359646069843,0.8799999999999994,-0.2,-0.2,8.333333333333334,8.333333333333334,,,,,,,,,
30,0.30000000000000004,False,0,0.0,False,11.11111111111111,15.90692336601111,19.444444444444425,-0.43360907684528316,0.4599999999999995,-0.30000000000000004,-0.30000000000000004,8.333333333333334,8.333333333333334,,,,,,,,,
30,0.4,False,0,0.0,False,11.11111111111111,24.134330699211066,24.166666666666668,-0.5132619568834824,0.7599999999999998,-0.4,-0.4,8.333333333333334,8.333333333333334,,,,,,,,,
30,0.5,False,0,0.0,False,11.11111111111111,22.01138424954603,23.055555555555568,-0.2355314869668419,0.3500000000000001,-0.5,-0.5,8.333333333333334,8.333333333333334,,,,,,,,,
30,0.6000000000000001,False,0,0.0,False,11.11111111111111,24.091921526765177,24.44444444444445,-0.16434768802577926,0.40000000000000036,-0.6000000000000001,-0.6000000000000001,8.333333333333334,8.333333333333334,,,,,,,,,
30,0.7000000000000001,False,0,0.0,False,11.11111111111111,23.86385090419081,24.722222222222225,-0.7795813022828502,0.27000000000000046,-0.7000000000000001,-0.7000000000000001,8.333333333333334,8.333333333333334,,,,,,,,,
30,0.8,False,0,0.0,False,11.11111111111111,26.89061541308715,27.222222222222218,-0.16995433577000152,0.8000000000000003,-0.8,-0.8,8.333333333333334,8.333333333333334,,,,,,,,,
30,0.9,False,0,0.0,False,11.11111111111111,26.51363883802725,26.388888888888882,-0.10954820737848436,0.4299999999999997,-0.9,-0.9,8.333333333333334,8.333333333333334,,,,,,,,,
30,1.0,False,0,0.0,False,11.11111111111111,22.290946320367055,25.0,-0.03948935069332915,-0.19999999999999996,-1.0,-1.0,8.333333333333334,8.333333333333334,11.11111111111111,19.186646125313423,25.55555555555555,0.841233575579917,0.0,-1.0,-1.0,8.333333333333334,8.333333333333334
30,1.1,False,0,0.0,False,11.11111111111111,24.42176288500544,26.388888888888882,-0.004417886215942968,0.17000000000000037,-1.1,-1.1,8.333333333333334,8.333333333333334,,,,,,,,,
30,1.2000000000000002,False,0,0.0,False,11.11111111111111,25.03842956921711,27.222222222222218,-0.051770882015098385,0.3999999999999999,-1.2000000000000002,-1.2000000000000002,8.333333333333334,8.333333333333334,,,,,,,,,
30,1.3,False,0,0.0,False,11.11111111111111,23.804976463540914,26.666666666666668,-0.322255800047929,0.039999999999999813,-1.3,-1.3,8.333333333333334,8.333333333333334,,,,,,,,,
30,1.4000000000000001,False,0,0.0,False,11.11111111111111,26.04575863674817,26.666666666666668,-0.34674939925180515,-0.08000000000000007,-1.4000000000000001,-1.4000000000000001,8.333333333333334,8.333333333333334,11.11111111111111,26.04575863674817,26.666666666666668,-0.34674939925180515,-0.08000000000000007,-1.4000000000000001,-1.4000000000000001,8.333333333333334,8.333333333333334
30,1.5,False,0,0.0,False,11.11111111111111,26.532910257374905,26.666666666666668,-0.04451734994619749,-0.19999999999999996,-1.5,-1.5,8.333333333333334,8.333333333333334,11.11111111111111,23.42921018020945,26.94444444444444,0.18066672212982438,-0.04999999999999982,-1.5,-1.5,8.333333333333334,8.333333333333334
30,1.6,False,0,0.0,False,11.11111111111111,26.755014166062804,27.222222222222218,-0.1354661937988373,2.220446049250313e-16,-1.6,-1.6,8.333333333333334,8.333333333333334,,,,,,,,,
30,1.7000000000000002,False,0,0.0,False,11.11111111111111,26.242527668415537,27.222222222222218,-0.7622127169317592,-0.09999999999999964,-1.7000000000000002,-1.7000000000000002,8.333333333333334,8.333333333333334,11.11111111111111,26.242527668415537,27.222222222222218,-0.7622127169317592,-0.09999999999999964,-1.7000000000000002,-1.7000000000000002,8.333333333333334,8.333333333333334
31,0.0,False,0,4.0,False,11.11111111111111,-4.101742680012609,-4.277777777777902,1.2702630313076768,1.6,0.0,0.0,8.333333333333334,8.333333333333334,,,,,,,,,
31,0.1,False,0,1.8000000000000371,False,11.11111111111111,14.370557026221928,16.277777777777683,-0.23622243663566156,1.0700000000000003,-0.1,-0.1,8.333333333333334,8.333333333333334,,,,,,,,,
31,0.2,False,0,0.0,False,11.11111111111111,12.509200922834548,14.055555555555411,-0.19046568950498433,0.3800000000000012,-0.2,-0.2,8.333333333333334,8.333333333333334,,,,,,,,,
31,0.30000000000000004,False,0,0.0,False,11.11111111111111,18.46750120562852,19.888888888888854,-0.15977501727115762,0.39999999999999947,-0.30000000000000004,-0.30000000000000004,8.333333333333334,8.333333333333334,,,,,,,,,
31,0.4,False,0,0.0,False,11.11111111111111,19.96590104905739,20.166666666666625,-0.012477296865359033,0.03999999999999915,-0.4,-0.4,8.333333333333334,8.333333333333334,,,,,,,,,
31,0.5,False,0,0.0,False,11.11111111111111,24.094577483735904,24.888888888888893,-0.3936150279049768,0.5,-0.5,-0.5,8.333333333333334,8.333333333333334,,,,,,,,,
31,0.6000000000000001,False,0,0.0,False,11.11111111111111,23.791658803930307,24.055555555555568,-0.03766736455160724,0.10000000000000053,-0.6000000000000001,-0.6000000000000001,8.333333333333334,8.333333333333334,,,,,,,,,
31,0.7000000000000001,False,0,0.0,False,11.11111111111111,24.796569372736503,26.277777777777775,-0.5069497773096074,0.4100000000000006,-0.7000000000000001,-0.7000000000000001,8.333333333333334,8.333333333333334,,,,,,,,,
31,0.8,False,0,0.0,False,11.11111111111111,26.41751439337857,27.388888888888882,-0.34270782184987203,0.56,-0.8,-0.8,8.333333333333334,8.333333333333334,,,,,,,,,
31,0.9,False,0,0.0,False,11.11111111111111,27.23554790710929,27.11111111111111,-0.3659789528271684,0.33999999999999986,-0.9,-0.9,8.333333333333334,8.333333333333334,,,,,,,,,
31,1.0,False,0,0.0,False,11.11111111111111,24.53191957278283,26.277777777777775,-0.08974597959227615,-0.09999999999999987,-1.0,-1.0,8.333333333333334,8.333333333333334,11.11111111111111,26.061733699601227,26.55555555555555,0.6457992602093823,0.0,-1.0,-1.0,8.333333333333334,8.333333333333334
31,1.1,False,0,0.0,False,11.11111111111111,23.487669966583926,26.277777777777775,-0.528854611762362,-0.2699999999999998,-1.1,-1.1,8.333333333333334,8.333333333333334,11.11111111111111,24.896767400126354,26.833333333333332,0.051617257727393895,-0.0499999999999996,-1.1,-1.1,8.333333333333334,8.333333333333334
31,1.2000000000000002,False,0,0.0,False,11.11111111111111,25.16075757906925,27.94444444444444,-0.01128608261523456,0.28000000000000025,-1.2000000000000002,-1.2000000000000002,8.333333333333334,8.333333333333334,,,,,,,,,
31,1.3,False,0,0.0,False,11.11111111111111,27.853462100533637,27.94444444444444,-0.27239518013980146,0.16999999999999993,-1.3,-1.3,8.333333333333334,8.333333333333334,,,,,,,,,
31,1.4000000000000001,False,0,0.0,False,11.11111111111111,28.321406252856942,28.222222222222218,-0.2794314946914076,0.19999999999999973,-1.4000000000000001,-1.4000000000000001,8.333333333333334,8.333333333333334,,,,,,,,,
31,1.5,False,0,0.0,False,11.11111111111111,28.745919649895068,27.94444444444444,-0.08738090188654235,-0.04999999999999982,-1.5,-1.5,8.333333333333334,8.333333333333334,11.11111111111111,28.745919649895068,27.94444444444444,-0.08738090188654235,-0.04999999999999982,-1.5,-1.5,8.333333333333334,8.333333333333334
31,1.6,False,0,0.0,False,11.11111111111111,27.560915973939604,28.777777777777775,-0.18994210584675297,0.3200000000000003,-1.6,-1.6,8.333333333333334,8.333333333333334,,,,,,,,,
31,1.7000000000000002,False,0,0.0,False,11.11111111111111,28.202589707930596,27.94444444444444,-0.4858764700066589,-0.2699999999999996,-1.7000000000000002,-1.7000000000000002,8.333333333333334,8.333333333333334,11.11111111111111,27.58136540286475,28.222222222222218,0.14148653950072676,-0.09999999999999964,-1.7000000000000002,-1.7000000000000002,8.333333333333334,8.333333333333334
32,0.0,False,0,4.0,False,11.11111111111111,-1.6160488064826266,-4.2111111111109265,1.0815101486421543,1.6,0.0,0.0,8.333333333333334,8.333333333333334,,,,,,,,,
32,0.1,False,0,1.0000000000000364,True,10.831111111111117,-1.4985129125362446,-4.256444444444628,0.12149708430304784,0.2700000000000031,-0.1,-0.1,8.333333333333334,8.333333333333334,10.831111111111117,3.5764357711360732,2.6502222222229195,-0.4686824753280254,-0.00999999999999579,-0.1,-0.1,8.333333333333334,8.333333333333334
32,0.2,False,0,0.0,False,11.11111111111111,17.372856765416454,17.83333333333324,-0.5977395281960669,0.5800000000000005,-0.2,-0.2,8.333333333333334,8.333333333333334,,,,,,,,,
32,0.30000000000000004,False,0,0.0,False,11.11111111111111,22.490789864802363,24.50000000000001,-0.20825162349758108,0.7900000000000005,-0.30000000000000004,-0.30000000000000004,8.333333333333334,8.333333333333334,,,,,,,,,
32,0.4,False,0,0.0,False,11.11111111111111,20.607109415669246,22.277777777777768,-0.07411080613088261,0.1999999999999993,-0.4,-0.4,8.333333333333334,8.333333333333334,,,,,,,,,
32,0.5,False,0,0.0,False,11.11111111111111,22.957547561516158,25.333333333333343,-0.4692176397752148,0.3999999999999999,-0.5,-0.5,8.333333333333334,8.333333333333334,,,,,,,,,
32,0.6000000000000001,False,0,0.0,False,11.11111111111111,26.02114102515897,26.44444444444445,-0.08943296527362854,0.40000000000000036,-0.6000000000000001,-0.6000000000000001,8.333333333333334,8.333333333333334,,,,,,,,,
32,0.7000000000000001,False,0,0.0,False,11.11111111111111,28.858224219787378,28.388888888888882,-0.019170021104525814,0.69,-0.7000000000000001,-0.7000000000000001,8.333333333333334,8.333333333333334,,,,,,,,,
32,0.8,False,0,0.0,False,11.11111111111111,28.937699089929733,29.499999999999996,-0.24123995052970093,0.8800000000000003,-0.8,-0.8,8.333333333333334,8.333333333333334,,,,,,,,,
32,0.9,False,0,0.0,False,11.11111111111111,26.128610509059182,27.833333333333332,-0.016778174517014355,0.24999999999999956,-0.9,-0.9,8.333333333333334,8.333333333333334,,,,,,,,,
32,1.0,False,0,0.0,False,11.11111111111111,25.87402714831772,28.388888888888882,-0.5583040712238616,0.30000000000000027,-1.0,-1.0,8.333333333333334,8.333333333333334,,,,,,,,,
32,1.1,False,0,0.0,False,11.11111111111111,27.493478908496655,27.0,-0.6101093326864264,-0.3799999999999999,-1.1,-1.1,8.333333333333334,8.333333333333334,11.11111111111111,25.461092392201426,27.833333333333332,0.3472563987070907,-0.0499999999999996,-1.1,-1.1,8.333333333333334,8.333333333333334
32,1.2000000000000002,False,0,0.0,False,11.11111111111111,26.15473247291983,28.388888888888882,-0.22785136838724362,0.04000000000000026,-1.2000000000000002,-1.2000000000000002,8.333333333333334,8.333333333333334,,,,,,,,,
32,1.3,False,0,0.0,False,11.11111111111111,28.839003751233587,28.94444444444444,-0.06941114367819323,0.16999999999999993,-1.3,-1.3,8.333333333333334,8.333333333333334,,,,,,,,,
32,1.4000000000000001,False,0,0.0,False,11.11111111111111,25.377708348591977,28.388888888888882,-0.12598915295194413,-0.21999999999999975,-1.4000000000000001,-1.4000000000000001,8.333333333333334,8.333333333333334,11.11111111111111,27.693068488087174,28.666666666666668,0.09379633724394454,-0.08000000000000007,-1.4000000000000001,-1.4000000000000001,8.333333333333334,8.333333333333334
32,1.5,False,0,0.0,False,11.11111111111111,29.131340005728294,29.222222222222218,-0.24011150839933326,0.10000000000000009,-1.5,-1.5,8.333333333333334,8.333333333333334,,,,,,,,,
32,1.6,False,0,0.0,False,11.11111111111111,26.976028289980736,28.666666666666668,-0.32043466720640934,-0.31999999999999984,-1.6,-1.6,8.333333333333334,8.333333333333334,11.11111111111111,27.023221341957456,28.94444444444444,1.1823045693201646,-0.1599999999999997,-1.6,-1.6,8.333333333333334,8.333333333333334
32,1.7000000000000002,False,0,0.0,False,11.11111111111111,27.956367428006626,29.777777777777775,-0.10715234527209438,0.2400000000000002,-1.7000000000000002,-1.7000000000000002,8.333333333333334,8.333333333333334,,,,,,,,,
33,0.0,False,0,4.0,False,11.11111111111111,-3.4061729322211987,-4.222222222222444,1.3793274377530587,1.6,0.0,0.0,8.333333333333334,8.333333333333334,,,,,,,,,
33,0.1,False,0,1.1000000000000387,False,11.11111111111111,16.615772603858783,17.72222222222211,-0.15253231115888943,1.0500000000000003,-0.1,-0.1,8.333333333333334,8.333333333333334,,,,,,,,,
33,0.2,False,0,0.0,False,11.11111111111111,13.591088504794566,14.111111111110969,-0.4286964847990271,0.24000000000000155,-0.2,-0.2,8.333333333333334,8.333333333333334,,,,,,,,,
33,0.30000000000000004,False,0,0.0,False,11.11111111111111,25.335881088676878,25.222222222222236,-0.4223045274290065,0.7600000000000002,-0.30000000000000004,-0.30000000000000004,8.333333333333334,8.333333333333334,,,,,,,,,
33,0.4,False,0,0.0,False,11.11111111111111,21.818703394810196,22.166666666666625,-0.24588314577236559,0.03999999999999915,-0.4,-0.4,8.333333333333334,8.333333333333334,,,,,,,,,
33,0.5,False,0,0.0,False,11.11111111111111,26.343526055941883,27.722222222222225,-0.09328711263792111,0.6499999999999999,-0.5,-0.5,8.333333333333334,8.333333333333334,,,,,,,,,
33,0.6000000000000001,False,0,0.0,False,11.11111111111111,27.380265426603096,28.555555555555554,-0.009665702672087662,0.6400000000000001,-0.6000000000000001,-0.6000000000000001,8.333333333333334,8.333333333333334,,,,,,,,,
33,0.7000000000000001,False,0,0.0,False,11.11111111111111,28.705730678572333,29.11111111111111,-0.015138620992946938,0.6200000000000001,-0.7000000000000001,-0.7000000000000001,8.333333333333334,8.333333333333334,,,,,,,,,
33,0.8,False,0,0.0,False,11.11111111111111,28.032664277189834,28.555555555555554,-0.025673953972787933,0.31999999999999984,-0.8,-0.8,8.333333333333334,8.333333333333334,,,,,,,,,
33,0.9,False,0,0.0,False,11.11111111111111,27.72750341162293,29.388888888888882,-0.5831767413531137,0.4299999999999997,-0.9,-0.9,8.333333333333334,8.333333333333334,,,,,,,,,
33,1.0,False,0,0.0,False,11.11111111111111,26.27260366840717,27.44444444444445,-1.709362600198524,-0.3999999999999999,-1.0,-1.0,8.333333333333334,8.333333333333334,11.11111111111111,27.001680399853186,28.555555555555554,0.5600089605130769,0.0,-1.0,-1.0,8.333333333333334,8.333333333333334
33,1.1,False,0,0.0,False,11.11111111111111,28.104568240361804,29.11111111111111,-0.4178167947190501,0.0600000000000005,-1.1,-1.1,8.333333333333334,8.333333333333334,,,,,,,,,
33,1.2000000000000002,False,0,0.0,False,11.11111111111111,26.918192386118026,28.833333333333332,-0.38314672777018477,-0.1999999999999995,-1.2000000000000002,-1.2000000000000002,8.333333333333334,8.333333333333334,11.11111111111111,27.952772761181787,29.11111111111111,0.5622021535230406,-0.07999999999999963,-1.2000000000000002,-1.2000000000000002,8.333333333333334,8.333333333333334
33,1.3,False,0,0.0,False,11.11111111111111,28.7870309762865,30.222222222222218,-0.054469219433807226,0.2999999999999998,-1.3,-1.3,8.333333333333334,8.333333333333334,,,,,,,,,
33,1.4000000000000001,False,0,0.0,False,11.11111111111111,26.660126532909256,28.833333333333332,-0.8617155087038542,-0.49999999999999956,-1.4000000000000001,-1.4000000000000001,8.333333333333334,8.333333333333334,11.11111111111111,28.58127464788439,29.666666666666668,0.43481925580661684,-0.08000000000000007,-1.4000000000000001,-1.4000000000000001,8.333333333333334,8.333333333333334
33,1.5,False,0,0.0,False,11.11111111111111,27.80972470641972,29.94444444444444,-0.7456703594247793,-0.04999999999999982,-1.5,-1.5,8.333333333333334,8.333333333333334,11.11111111111111,27.80972470641972,29.94444444444444,-0.7456703594247793,-0.04999999999999982,-1.5,-1.5,8.333333333333334,8.333333333333334
33,1.6,False,0,0.0,False,11.11111111111111,29.909841872771633,30.222222222222218,-0.2203375496335136,2.220446049250313e-16,-1.6,-1.6,8.333333333333334,8.333333333333334,,,,,,,,,
33,1.7000000000000002,False,0,0.0,False,11.11111111111111,29.557099339810673,31.055555555555554,-0.07402280439822606,0.41000000000000014,-1.7000000000000002,-1.7000000000000002,8.333333333333334,8.333333333333334,,,,,,,,,
34,0.0,False,0,4.0,False,11.11111111111111,-3.280512216319681,-4.266666666666413,2.1762652088383345,1.6,0.0,0.0,8.333333333333334,8.333333333333334,,,,,,,,,
34,0.1,False,0,0.7000000000000384,False,11.11111111111111,10.526600590344426,11.499999999999869,-0.21318184130663287,0.7900000000000014,-0.1,-0.1,8.333333333333334,8.333333333333334,,,,,,,,,
34,0.2,False,0,0.0,False,11.11111111111111,20.499932801018158,21.77777777777771,-0.08057837410833457,0.7200000000000002,-0.2,-0.2,8.333333333333334,8.333333333333334,,,,,,,,,
34,0.30000000000000004,False,0,0.0,False,11.11111111111111,21.816507444425195,23.166666666666625,-0.026162512563939977,0.42999999999999927,-0.30000000000000004,-0.30000000000000004,8.333333333333334,8.333333333333334,,,,,,,,,
34,0.4,False,0,0.0,False,11.11111111111111,25.025606724877004,24.55555555555554,-0.019725029502145386,0.23999999999999932,-0.4,-0.4,8.333333333333334,8.333333333333334,,,,,,,,,
34,0.5,False,0,0.0,False,11.11111111111111,24.840788479250886,25.388888888888896,-0.09972464112983737,0.050000000000000044,-0.5,-0.5,8.333333333333334,8.333333333333334,,,,,,,,,
34,0.6000000000000001,False,0,0.0,False,11.11111111111111,28.640164468850134,30.388888888888882,-0.6252474028914838,0.8200000000000003,-0.6000000000000001,-0.6000000000000001,8.333333333333334,8.333333333333334,,,,,,,,,
34,0.7000000000000001,False,0,0.0,False,11.11111111111111,28.213888457988393,32.05555555555556,-0.3784380474736566,1.1099999999999999,-0.7000000000000001,-0.7000000000000001,8.333333333333334,8.333333333333334,,,,,,,,,
34,0.8,False,0,0.0,False,11.11111111111111,27.555665741770543,29.277777777777775,-0.30759139513157274,0.23999999999999977,-0.8,-0.8,8.333333333333334,8.333333333333334,,,,,,,,,
34,0.9,False,0,0.0,False,11.11111111111111,29.2253645870131,28.999999999999996,-0.40195841763381246,-0.02000000000000024,-0.9,-0.9,8.333333333333334,8.333333333333334,11.11111111111111,29.2253645870131,28.999999999999996,-0.40195841763381246,-0.02000000000000024,-0.9,-0.9,8.333333333333334,8.333333333333334
34,1.0,False,0,0.0,False,11.11111111111111,26.324327786632843,28.999999999999996,-0.10522923514829086,-0.19999999999999996,-1.0,-1.0,8.333333333333334,8.333333333333334,11.11111111111111,26.518648363127888,29.555555555555554,1.0912368679884872,0.0,-1.0,-1.0,8.333333333333334,8.333333333333334
34,1.1,False,0,0.0,False,11.11111111111111,30.122992419858573,30.11111111111111,-0.00894589137626478,0.0600000000000005,-1.1,-1.1,8.333333333333334,8.333333333333334,,,,,,,,,
34,1.2000000000000002,False,0,0.0,False,11.11111111111111,29.554846402082237,30.666666666666668,-0.22300405045052818,0.16000000000000014,-1.2000000000000002,-1.2000000000000002,8.333333333333334,8.333333333333334,,,,,,,,,
34,1.3,False,0,0.0,False,11.11111111111111,30.958488201506118,30.388888888888882,-0.12600845158711604,-0.09000000000000008,-1.3,-1.3,8.333333333333334,8.333333333333334,11.11111111111111,30.958488201506118,30.388888888888882,-0.12600845158711604,-0.09000000000000008,-1.3,-1.3,8.333333333333334,8.333333333333334
34,1.4000000000000001,False,0,0.0,False,11.11111111111111,29.33333518598145,31.222222222222218,-0.005728421836707742,0.19999999999999973,-1.4000000000000001,-1.4000000000000001,8.333333333333334,8.333333333333334,,,,,,,,,
34,1.5,False,0,0.0,False,11.11111111111111,28.951321476736883,30.11111111111111,-0.40219194815620307,-0.5,-1.5,-1.5,8.333333333333334,8.333333333333334,11.11111111111111,29.535676186671953,30.94444444444444,0.06316525690212349,-0.04999999999999982,-1.5,-1.5,8.333333333333334,8.333333333333334
34,1.6,False,0,0.0,False,11.11111111111111,29.71035969957531,30.666666666666668,-0.34677968845572904,-0.31999999999999984,-1.6,-1.6,8.333333333333334,8.333333333333334,11.11111111111111,30.12435519067866,30.94444444444444,0.7343147789930966,-0.1599999999999997,-1.6,-1.6,8.333333333333334,8.333333333333334
34,1.7000000000000002,False,0,0.0,False,11.11111111111111,33.16422456865281,32.88888888888889,-0.05821747614850503,0.9199999999999999,-1.7000000000000002,-1.7000000000000002,8.333333333333334,8.333333333333334,,,,,,,,,
35,0.0,False,0,4.0,False,11.11111111111111,-1.5786355461562094,-4.166666666666958,1.4306093315910693,1.6,0.0,0.0,8.333333333333334,8.333333333333334,,,,,,,,,
35,0.1,False,0,0.4000000000000403,False,11.11111111111111,6.987632283331107,8.888888888888754,-0.43972620554101405,0.6600000000000019,-0.1,-0.1,8.333333333333334,8.333333333333334,,,,,,,,,
35,0.2,False,0,0.0,False,11.11111111111111,27.48536685951124,28.055555555555568,-0.13099563814607773,1.1,-0.2,-0.2,8.333333333333334,8.333333333333334,,,,,,,,,
35,0.30000000000000004,False,0,0.0,False,11.11111111111111,22.718669772391177,24.166666666666625,-0.013345130688158235,0.42999999999999927,-0.30000000000000004,-0.30000000000000004,8.333333333333334,8.333333333333334,,,,,,,,,
35,0.4,False,0,0.0,False,11.11111111111111,31.307234009323626,31.94444444444444,-0.026429821141626064,1.1600000000000001,-0.4,-0.4,8.333333333333334,8.333333333333334,,,,,,,,,
35,0.5,False,0,0.0,False,11.11111111111111,27.940172488225198,28.888888888888896,-0.04753884311399248,0.5,-0.5,-0.5,8.333333333333334,8.333333333333334,,,,,,,,,
35,0.6000000000000001,False,0,0.0,False,11.11111111111111,29.107006527564078,29.444444444444454,-0.6465766500961274,0.40000000000000036,-0.6000000000000001,-0.6000000000000001,8.333333333333334,8.333333333333334,,,,,,,,,
35,0.7000000000000001,False,0,0.0,False,11.11111111111111,28.07569151163271,29.444444444444454,-0.09318824759647493,0.20000000000000062,-0.7000000000000001,-0.7000000000000001,8.333333333333334,8.333333333333334,,,,,,,,,
35,0.8,False,0,0.0,False,11.11111111111111,26.585848267939188,29.722222222222225,-0.01747772258419622,0.07999999999999963,-0.8,-0.8,8.333333333333334,8.333333333333334,,,,,,,,,
35,0.9,False,0,0.0,False,11.11111111111111,30.977587378038212,32.77777777777778,-0.06716568240152299,0.8799999999999999,-0.9,-0.9,8.333333333333334,8.333333333333334,,,,,,,,,
35,1.0,False,0,0.0,False,11.11111111111111,29.376146005341834,30.555555555555554,-0.21214971497075008,0.0,-1.0,-1.0,8.333333333333334,8.333333333333334,11.11111111111111,29.376146005341834,30.555555555555554,-0.21214971497075008,0.0,-1.0,-1.0,8.333333333333334,8.333333333333334
35,1.1,False,0,0.0,False,11.11111111111111,29.021485977144845,29.444444444444454,-0.09037809594851742,-0.6000000000000001,-1.1,-1.1,8.333333333333334,8.333333333333334,11.11111111111111,29.906404767917703,30.833333333333332,0.23805113344104178,-0.0499999999999996,-1.1,-1.1,8.333333333333334,8.333333333333334
35,1.2000000000000002,False,0,0.0,False,11.11111111111111,30.0619294591795,31.11111111111111,-0.04208074048109922,-0.07999999999999963,-1.2000000000000002,-1.2000000000000002,8.333333333333334,8.333333333333334,11.11111111111111,30.0619294591795,31.11111111111111,-0.04208074048109922,-0.07999999999999963,-1.2000000000000002,-1.2000000000000002,8.333333333333334,8.333333333333334
35,1.3,False,0,0.0,False,11.11111111111111,26.983943717232933,30.555555555555554,-0.19493735556482106,-0.4800000000000004,-1.3,-1.3,8.333333333333334,8.333333333333334,11.11111111111111,29.198976615499756,31.388888888888882,0.604243190830422,-0.09000000000000008,-1.3,-1.3,8.333333333333334,8.333333333333334
35,1.4000000000000001,False,0,0.0,False,11.11111111111111,31.12367781248766,32.5,-0.3530715318471431,0.33999999999999986,-1.4000000000000001,-1.4000000000000001,8.333333333333334,8.333333333333334,,,,,,,,,
35,1.5,False,0,0.0,False,11.11111111111111,30.444945908408645,31.94444444444444,-0.06483383097329565,-0.04999999999999982,-1.5,-1.5,8.333333333333334,8.333333333333334,11.11111111111111,30.444945908408645,31.94444444444444,-0.06483383097329565,-0.04999999999999982,-1.5,-1.5,8.333333333333334,8.333333333333334
35,1.6,False,0,0.0,False,11.11111111111111,31.173485192034374,31.94444444444444,-0.416568865252712,-0.1599999999999997,-1.6,-1.6,8.333333333333334,8.333333333333334,11.11111111111111,31.173485192034374,31.94444444444444,-0.416568865252712,-0.1599999999999997,-1.6,-1.6,8.333333333333334,8.333333333333334
35,1.7000000000000002,False,0,0.0,False,11.11111111111111,31.82056692313918,31.94444444444444,-0.3968862745345443,-0.2699999999999996,-1.7000000000000002,-1.7000000000000002,8.333333333333334,8.333333333333334,11.11111111111111,29.021286594450213,32.22222222222222,0.43194213854769004,-0.09999999999999964,-1.7000000000000002,-1.7000000000000002,8.333333333333334,8.333333333333334
36,0.0,False,0,4.0,False,11.11111111111111,-4.2396185232029096,-4.277777777778129,2.073464683938304,1.6,0.0,0.0,8.333333333333334,8.333333333333334,,,,,,,,,
36,0.1,False,0,4.218847493575595e-14,False,11.11111111111111,8.73703755856027,12.111111111110983,-0.7679416217198571,0.7400000000000015,-0.1,-0.1,8.333333333333334,8.333333333333334,,,,,,,,,
36,0.2,False,0,0.0,False,11.11111111111111,19.197042127257415,19.88888888888877,-0.10177898825933984,0.44000000000000083,-0.2,-0.2,8.333333333333334,8.333333333333334,,,,,,,,,
36,0.30000000000000004,False,0,0.0,False,11.11111111111111,24.773910038047685,26.277777777777768,-0.11919131657655657,0.5499999999999998,-0.30000000000000004,-0.30000000000000004,8.333333333333334,8.333333333333334,,,,,,,,,
36,0.4,False,0,0.0,False,11.11111111111111,26.721296994730675,27.666666666666682,-0.05807280072124854,0.39999999999999947,-0.4,-0.4,8.333333333333334,8.333333333333334,,,,,,,,,
36,0.5,False,0,0.0,False,11.11111111111111,29.824880879946786,31.277777777777775,-0.19865888702640744,0.75,-0.5,-0.5,8.333333333333334,8.333333333333334,,,,,,,,,
36,0.6000000000000001,False,0,0.0,False,11.11111111111111,28.17745320580318,32.388888888888886,-0.04189673023945062,0.8200000000000003,-0.6000000000000001,-0.6000000000000001,8.333333333333334,8.333333333333334,,,,,,,,,
36,0.7000000000000001,False,0,0.0,False,11.11111111111111,30.284537456112897,29.888888888888896,-0.0056476924828543495,0.06000000000000072,-0.7000000000000001,-0.7000000000000001,8.333333333333334,8.333333333333334,,,,,,,,,
36,0.8,False,0,0.0,False,11.11111111111111,32.71070615646754,33.77777777777778,-0.060304634567254434,0.9600000000000004,-0.8,-0.8,8.333333333333334,8.333333333333334,,,,,,,,,
36,0.9,False,0,0.0,False,11.11111111111111,32.01163849283308,31.833333333333332,-0.14845260403152416,0.24999999999999956,-0.9,-0.9,8.333333333333334,8.333333333333334,,,,,,,,,
36,1.0,False,0,0.0,False,11.11111111111111,30.432530495898217,31.277777777777775,-0.3660626957080011,-0.09999999999999987,-1.0,-1.0,8.333333333333334,8.333333333333334,11.11111111111111,29.29826878145823,31.555555555555554,0.49689013393076076,0.0,-1.0,-1.0,8.333333333333334,8.333333333333334
36,1.1,False,0,0.0,False,11.11111111111111,32.641631019718055,32.94444444444444,-0.044732553596267266,0.3900000000000001,-1.1,-1.1,8.333333333333334,8.333333333333334,,,,,,,,,
36,1.2000000000000002,False,0,0.0,False,11.11111111111111,30.880861568376385,33.5,-0.08556822732922953,0.52,-1.2000000000000002,-1.2000000000000002,8.333333333333334,8.333333333333334,,,,,,,,,
36,1.3,False,0,0.0,False,11.11111111111111,32.5315274004059,32.94444444444444,-0.07077180004340011,0.16999999999999993,-1.3,-1.3,8.333333333333334,8.333333333333334,,,,,,,,,
36,1.4000000000000001,False,0,0.0,False,11.11111111111111,31.98856067588039,32.111111111111114,-0.3516429294640213,-0.35999999999999965,-1.4000000000000001,-1.4000000000000001,8.333333333333334,8.333333333333334,11.11111111111111,33.153582751687686,32.66666666666667,0.20558623883704152,-0.08000000000000007,-1.4000000000000001,-1.4000000000000001,8.333333333333334,8.333333333333334
36,1.5,False,0,0.0,False,11.11111111111111,31.98206388049937,32.66666666666667,-0.09012655956861293,-0.19999999999999996,-1.5,-1.5,8.333333333333334,8.333333333333334,11.11111111111111,30.87991990072386,32.94444444444444,0.3892728271289445,-0.04999999999999982,-1.5,-1.5,8.333333333333334,8.333333333333334
36,1.6,False,0,0.0,False,11.11111111111111,32.866147447953914,33.5,-0.27597286427293555,0.16000000000000014,-1.6,-1.6,8.333333333333334,8.333333333333334,,,,,,,,,
36,1.7000000000000002,False,0,0.0,False,11.11111111111111,32.53887008550619,33.5,-0.44391751209238195,0.07000000000000028,-1.7000000000000002,-1.7000000000000002,8.333333333333334,8.333333333333334,,,,,,,,,
37,0.0,False,0,4.0,False,11.11111111111111,-2.3666351404120176,-4.211111111110728,1.3182433391703485,1.6,0.0,0.0,8.333333333333334,8.333333333333334,,,,,,,,,
37,0.1,False,0,0.0,False,11.11111111111111,16.673826462347346,18.38888888888874,-0.34040014992429835,0.930000000000001,-0.1,-0.1,8.333333333333334,8.333333333333334,,,,,,,,,
37,0.2,False,0,0.0,False,11.11111111111111,22.004394040190416,23.666666666666597,-0.12885578849990442,0.6400000000000001,-0.2,-0.2,8.333333333333334,8.333333333333334,,,,,,,,,
37,0.30000000000000004,False,0,0.0,False,11.11111111111111,31.346156133341264,31.444444444444454,-0.09011852172859425,1.0000000000000004,-0.30000000000000004,-0.30000000000000004,8.333333333333334,8.333333333333334,,,,,,,,,
37,0.4,False,0,0.0,False,11.11111111111111,28.705948887583308,29.50000000000001,-0.281167467355528,0.5199999999999996,-0.4,-0.4,8.333333333333334,8.333333333333334,,,,,,,,,
37,0.5,False,0,0.0,False,11.11111111111111,31.156307179680535,31.999999999999996,-0.08809405970803064,0.7000000000000002,-0.5,-0.5,8.333333333333334,8.333333333333334,,,,,,,,,
37,0.6000000000000001,False,0,0.0,False,11.11111111111111,28.757817604771848,30.055555555555568,-0.2832294020263899,0.10000000000000053,-0.6000000000000001,-0.6000000000000001,8.333333333333334,8.333333333333334,,,,,,,,,
37,0.7000000000000001,False,0,0.0,False,11.11111111111111,31.73523177261676,32.27777777777778,-0.3810547486156537,0.4100000000000006,-0.7000000000000001,-0.7000000000000001,8.333333333333334,8.333333333333334,,,,,,,,,
37,0.8,False,0,0.0,False,11.11111111111111,32.22704785686251,33.111111111111114,-0.003347531329076947,0.48,-0.8,-0.8,8.333333333333334,8.333333333333334,,,,,,,,,
37,0.9,False,0,0.0,False,11.11111111111111,33.13224096234863,33.66666666666667,-0.04452848438277046,0.52,-0.9,-0.9,8.333333333333334,8.333333333333334,,,,,,,,,
37,1.0,False,0,0.0,False,11.11111111111111,31.95825571045989,33.111111111111114,-0.25585987381742425,0.20000000000000018,-1.0,-1.0,8.333333333333334,8.333333333333334,,,,,,,,,
37,1.1,False,0,0.0,False,11.11111111111111,31.837830034649254,32.55555555555556,-0.14308950508430462,-0.1599999999999997,-1.1,-1.1,8.333333333333334,8.333333333333334,11.11111111111111,30.763672051065942,32.833333333333336,0.5040592677935813,-0.0499999999999996,-1.1,-1.1,8.333333333333334,8.333333333333334
37,1.2000000000000002,False,0,0.0,False,11.11111111111111,30.40236111190597,33.111111111111114,-0.2600245071494842,-0.07999999999999963,-1.2000000000000002,-1.2000000000000002,8.333333333333334,8.333333333333334,11.11111111111111,30.40236111190597,33.111111111111114,-0.2600245071494842,-0.07999999999999963,-1.2000000000000002,-1.2000000000000002,8.333333333333334,8.333333333333334
37,1.3,False,0,0.0,False,11.11111111111111,33.15001006385326,33.388888888888886,-0.4732280379022149,-0.09000000000000008,-1.3,-1.3,8.333333333333334,8.333333333333334,11.11111111111111,33.15001006385326,33.388888888888886,-0.4732280379022149,-0.09000000000000008,-1.3,-1.3,8.333333333333334,8.333333333333334
37,1.4000000000000001,False,0,0.0,False,11.11111111111111,35.231046842646066,34.5,-0.003085733408880298,0.33999999999999986,-1.4000000000000001,-1.4000000000000001,8.333333333333334,8.333333333333334,,,,,,,,,
37,1.5,False,0,0.0,False,11.11111111111111,32.36097005178974,34.77777777777778,-0.178576802246176,0.3999999999999999,-1.5,-1.5,8.333333333333334,8.333333333333334,,,,,,,,,
37,1.6,False,0,0.0,False,11.11111111111111,35.69342715996773,35.333333333333336,-0.09862410598500837,0.6400000000000001,-1.6,-1.6,8.333333333333334,8.333333333333334,,,,,,,,,
37,1.7000000000000002,False,0,0.0,False,11.11111111111111,33.62227824457086,33.66666666666667,-0.33550565139434907,-0.4399999999999995,-1.7000000000000002,-1.7000000000000002,8.333333333333334,8.333333333333334,11.11111111111111,33.64543439931211,34.22222222222222,1.3128956043615956,-0.09999999999999964,-1.7000000000000002,-1.7000000000000002,8.333333333333334,8.333333333333334
38,0.0,False,0,4.0,False,11.11111111111111,-2.5944355313541108,-4.222222222222615,2.020613285519984,1.6,0.0,0.0,8.333333333333334,8.333333333333334,,,,,,,,,
38,0.1,False,0,0.0,False,11.11111111111111,27.035583163586576,27.444444444444425,-0.08797535488085662,1.2199999999999998,-0.1,-0.1,8.333333333333334,8.333333333333334,,,,,,,,,
38,0.2,False,0,0.0,False,11.11111111111111,18.574860954890877,20.777777777777626,-0.6016086650729808,0.3600000000000012,-0.2,-0.2,8.333333333333334,8.333333333333334,,,,,,,,,
38,0.30000000000000004,False,0,0.0,False,11.11111111111111,25.962504035626974,27.166666666666625,-0.2797169016626011,0.42999999999999927,-0.30000000000000004,-0.30000000000000004,8.333333333333334,8.333333333333334,,,,,,,,,
38,0.4,False,0,0.0,False,11.11111111111111,32.94521191518804,33.0,-0.09488769115440854,0.8799999999999999,-0.4,-0.4,8.333333333333334,8.333333333333334,,,,,,,,,
38,0.5,False,0,0.0,False,11.11111111111111,31.065064224644228,31.33333333333334,-0.5255990594655597,0.3999999999999999,-0.5,-0.5,8.333333333333334,8.333333333333334,,,,,,,,,
38,0.6000000000000001,False,0,0.0,False,11.11111111111111,30.72987406947244,31.611111111111118,-0.2684645508175578,0.22000000000000064,-0.6000000000000001,-0.6000000000000001,8.333333333333334,8.333333333333334,,,,,,,,,
38,0.7000000000000001,False,0,0.0,False,11.11111111111111,32.4195585296836,34.111111111111114,-0.041871833984399975,0.6200000000000001,-0.7000000000000001,-0.7000000000000001,8.333333333333334,8.333333333333334,,,,,,,,,
38,0.8,False,0,0.0,False,11.11111111111111,32.69581585353967,32.44444444444446,-0.27296233864201325,-2.220446049250313e-16,-0.8,-0.8,8.333333333333334,8.333333333333334,11.11111111111111,32.69581585353967,32.44444444444446,-0.27296233864201325,-2.220446049250313e-16,-0.8,-0.8,8.333333333333334,8.333333333333334
38,0.9,False,0,0.0,False,11.11111111111111,33.92170108824972,35.22222222222222,-0.39670851438771093,0.6999999999999997,-0.9,-0.9,8.333333333333334,8.333333333333334,,,,,,,,,
38,1.0,False,0,0.0,False,11.11111111111111,33.93451001866963,34.111111111111114,-1.2528856372621837,0.20000000000000018,-1.0,-1.0,8.333333333333334,8.333333333333334,,,,,,,,,
38,1.1,False,0,0.0,False,11.11111111111111,33.408066992122585,33.833333333333336,-0.37703257082385044,-0.0499999999999996,-1.1,-1.1,8.333333333333334,8.333333333333334,11.11111111111111,33.408066992122585,33.833333333333336,-0.37703257082385044,-0.0499999999999996,-1.1,-1.1,8.333333333333334,8.333333333333334
38,1.2000000000000002,False,0,0.0,False,11.11111111111111,32.85523523218434,33.55555555555556,-0.13881893174624071,-0.3199999999999994,-1.2000000000000002,-1.2000000000000002,8.333333333333334,8.333333333333334,11.11111111111111,33.00488832354831,34.111111111111114,0.6953965287991499,-0.07999999999999963,-1.2000000000000002,-1.2000000000000002,8.333333333333334,8.333333333333334
38,1.3,False,0,0.0,False,11.11111111111111,35.81180166396155,35.5,-0.22266162274728396,0.43000000000000016,-1.3,-1.3,8.333333333333334,8.333333333333334,,,,,,,,,
38,1.4000000000000001,False,0,0.0,False,11.11111111111111,32.52036728001328,34.94444444444444,-0.15839877650949186,0.05999999999999983,-1.4000000000000001,-1.4000000000000001,8.333333333333334,8.333333333333334,,,,,,,,,
38,1.5,False,0,0.0,False,11.11111111111111,33.80350925638002,34.94444444444444,-0.12634497340904205,-0.04999999999999982,-1.5,-1.5,8.333333333333334,8.333333333333334,11.11111111111111,33.80350925638002,34.94444444444444,-0.12634497340904205,-0.04999999999999982,-1.5,-1.5,8.333333333333334,8.333333333333334
38,1.6,False,0,0.0,False,11.11111111111111,35.879478423828274,35.77777777777778,-0.3919518521870762,0.3200000000000003,-1.6,-1.6,8.333333333333334,8.333333333333334,,,,,,,,,
38,1.7000000000000002,False,0,0.0,False,11.11111111111111,35.543355363714795,34.94444444444444,-0.25093438826717085,-0.2699999999999996,-1.7000000000000002,-1.7000000000000002,8.333333333333334,8.333333333333334,11.11111111111111,32.137633688456475,35.22222222222222,1.093166381714458,-0.09999999999999964,-1.7000000000000002,-1.7000000000000002,8.333333333333334,8.333333333333334
39,0.0,False,0,4.0,False,11.11111111111111,30.467819101934293,32.61111111111112,-0.02274762443552758,1.6,0.0,0.0,8.333333333333334,8.333333333333334,,,,,,,,,
39,0.1,False,0,0.0,False,11.11111111111111,24.977384135360577,25.111111111111025,-0.011768383981214159,1.1,-0.1,-0.1,8.333333333333334,8.333333333333334,,,,,,,,,
39,0.2,False,0,0.0,False,11.11111111111111,27.478473297901925,27.611111111111068,-0.15696547809387718,0.7799999999999998,-0.2,-0.2,8.333333333333334,8.333333333333334,,,,,,,,,
39,0.30000000000000004,False,0,0.0,False,11.11111111111111,27.07349666149089,28.999999999999982,-0.19241767424638367,0.5199999999999996,-0.30000000000000004,-0.30000000000000004,8.333333333333334,8.333333333333334,,,,,,,,,
39,0.4,False,0,0.0,False,11.11111111111111,29.14950732539209,29.55555555555554,-0.4200750916860898,0.23999999999999932,-0.4,-0.4,8.333333333333334,8.333333333333334,,,,,,,,,
39,0.5,False,0,0.0,False,11.11111111111111,28.92657727449419,31.500000000000018,-0.3124076092349557,0.25,-0.5,-0.5,8.333333333333334,8.333333333333334,,,,,,,,,
39,0.6000000000000001,False,0,0.0,False,11.11111111111111,32.85416894954553,33.72222222222223,-0.1893931904091546,0.4600000000000004,-0.6000000000000001,-0.6000000000000001,8.333333333333334,8.333333333333334,,,,,,,,,
39,0.7000000000000001,False,0,0.0,False,11.11111111111111,31.42761349165796,32.33333333333334,-0.08694053863721107,-0.07999999999999918,-0.7000000000000001,-0.7000000000000001,8.333333333333334,8.333333333333334,11.11111111111111,29.301464580643273,32.61111111111112,0.8278592343633315,-0.009999999999999343,-0.7000000000000001,-0.7000000000000001,8.333333333333334,8.333333333333334
39,0.8,False,0,0.0,False,11.11111111111111,32.509370295824965,34.0,-0.3374785270721552,0.1599999999999997,-0.8,-0.8,8.333333333333334,8.333333333333334,,,,,,,,,
39,0.9,False,0,0.0,False,11.11111111111111,33.57856865059311,34.833333333333336,-0.05277873145325218,0.24999999999999956,-0.9,-0.9,8.333333333333334,8.333333333333334,,,,,,,,,
39,1.0,False,0,0.0,False,11.11111111111111,33.35510353510692,34.27777777777778,-0.3671101209680865,-0.09999999999999987,-1.0,-1.0,8.333333333333334,8.333333333333334,11.11111111111111,32.30291137572287,34.55555555555556,0.06773124276392806,0.0,-1.0,-1.0,8.333333333333334,8.333333333333334
39,1.1,False,0,0.0,False,11.11111111111111,33.62727629024664,35.111111111111114,-0.5444687873701333,0.0600000000000005,-1.1,-1.1,8.333333333333334,8.333333333333334,,,,,,,,,
39,1.2000000000000002,False,0,0.0,False,11.11111111111111,34.64108936081679,35.94444444444444,-0.36902993911525117,0.28000000000000025,-1.2000000000000002,-1.2000000000000002,8.333333333333334,8.333333333333334,,,,,,,,,
39,1.3,False,0,0.0,False,11.11111111111111,34.702207806931014,35.66666666666667,-0.3001337957815291,0.039999999999999813,-1.3,-1.3,8.333333333333334,8.333333333333334,,,,,,,,,
39,1.4000000000000001,False,0,0.0,False,11.11111111111111,34.6828481844336,35.111111111111114,-0.19015845907572748,-0.35999999999999965,-1.4000000000000001,-1.4000000000000001,8.333333333333334,8.333333333333334,11.11111111111111,34.964297495389815,35.66666666666667,0.038000265876020345,-0.08000000000000007,-1.4000000000000001,-1.4000000000000001,8.333333333333334,8.333333333333334
39,1.5,False,0,0.0,False,11.11111111111111,35.1132561389699,35.66666666666667,-0.47940134353828645,-0.19999999999999996,-1.5,-1.5,8.333333333333334,8.333333333333334,11.11111111111111,33.95892879922702,35.94444444444444,0.6892393450096548,-0.04999999999999982,-1.5,-1.5,8.333333333333334,8.333333333333334
39,1.6,False,0,0.0,False,11.11111111111111,37.004656620794286,36.22222222222222,-0.2900895311488416,2.220446049250313e-16,-1.6,-1.6,8.333333333333334,8.333333333333334,,,,,,,,,
39,1.7000000000000002,False,0,0.0,False,11.11111111111111,32.666645994311665,35.111111111111114,-0.36430849609729266,-0.7799999999999994,-1.7000000000000002,-1.7000000000000002,8.333333333333334,8.333333333333334,11.11111111111111,34.86777199925676,36.22222222222222,0.38469806072594803,-0.09999999999999964,-1.7000000000000002,-1.7000000000000002,8.333333333333334,8.333333333333334
40,0.0,False,0,4.0,False,11.11111111111111,-4.228230128893148,-4.166666666667157,1.338675664614302,1.6,0.0,0.0,8.333333333333334,8.333333333333334,,,,,,,,,
40,0.1,False,0,0.0,False,11.11111111111111,9.06821620689075,11.944444444444311,-0.11551564281131022,0.5900000000000021,-0.1,-0.1,8.333333333333334,8.333333333333334,,,,,,,,,
40,0.2,False,0,0.0,False,11.11111111111111,26.000072889065418,27.49999999999994,-0.051487028171557814,0.7000000000000002,-0.2,-0.2,8.333333333333334,8.333333333333334,,,,,,,,,
40,0.30000000000000004,False,0,0.0,False,11.11111111111111,25.44299432976258,27.77777777777771,-0.32509491538875235,0.2799999999999989,-0.30000000000000004,-0.30000000000000004,8.333333333333334,8.333333333333334,,,,,,,,,
40,0.4,False,0,0.0,False,11.11111111111111,36.21846691185061,35.55555555555556,-0.12658892257881527,0.96,-0.4,-0.4,8.333333333333334,8.333333333333334,,,,,,,,,
40,0.5,False,0,0.0,False,11.11111111111111,29.634762828818307,32.22222222222224,-0.29499295350118504,0.20000000000000018,-0.5,-0.5,8.333333333333334,8.333333333333334,,,,,,,,,
40,0.6000000000000001,False,0,0.0,False,11.11111111111111,32.46252113016804,33.8888888888889,-0.335917782462096,0.2800000000000007,-0.6000000000000001,-0.6000000000000001,8.333333333333334,8.333333333333334,,,,,,,,,
40,0.7000000000000001,False,0,0.0,False,11.11111111111111,34.85386816855017,35.27777777777778,-0.2811542006459362,0.4100000000000006,-0.7000000000000001,-0.7000000000000001,8.333333333333334,8.333333333333334,,,,,,,,,
40,0.8,False,0,0.0,False,11.11111111111111,34.69744321434098,36.94444444444444,-0.00248480042909649,0.7200000000000002,-0.8,-0.8,8.333333333333334,8.333333333333334,,,,,,,,,
40,0.9,False,0,0.0,False,11.11111111111111,35.736986415024475,36.388888888888886,-0.024651965436923495,0.4299999999999997,-0.9,-0.9,8.333333333333334,8.333333333333334,,,,,,,,,
40,1.0,False,0,0.0,False,11.11111111111111,35.672429262576,36.94444444444444,-0.4220217825443213,0.5,-1.0,-1.0,8.333333333333334,8.333333333333334,,,,,,,,,
40,1.1,False,0,0.0,False,11.11111111111111,34.84904611375568,36.111111111111114,-0.8046604072626675,0.0600000000000005,-1.1,-1.1,8.333333333333334,8.333333333333334,,,,,,,,,
40,1.2000000000000002,False,0,0.0,False,11.11111111111111,30.489292273147772,35.833333333333336,-0.057581360085039,-0.1999999999999995,-1.2000000000000002,-1.2000000000000002,8.333333333333334,8.333333333333334,11.11111111111111,35.0764402075602,36.111111111111114,0.6478131868477615,-0.07999999999999963,-1.2000000000000002,-1.2000000000000002,8.333333333333334,8.333333333333334
40,1.3,False,0,0.0,False,11.11111111111111,36.99947502382508,36.111111111111114,-0.20948657672039128,-0.2200000000000002,-1.3,-1.3,8.333333333333334,8.333333333333334,11.11111111111111,34.912665601192344,36.388888888888886,0.5066104346862619,-0.09000000000000008,-1.3,-1.3,8.333333333333334,8.333333333333334
40,1.4000000000000001,False,0,0.0,False,11.11111111111111,36.185828945605294,37.22222222222222,-0.41178412810123577,0.19999999999999973,-1.4000000000000001,-1.4000000000000001,8.333333333333334,8.333333333333334,,,,,,,,,
40,1.5,False,0,0.0,False,11.11111111111111,36.492364999922444,36.94444444444444,-0.13836408146889667,-0.04999999999999982,-1.5,-1.5,8.333333333333334,8.333333333333334,11.11111111111111,36.492364999922444,36.94444444444444,-0.13836408146889667,-0.04999999999999982,-1.5,-1.5,8.333333333333334,8.333333333333334
40,1.6,False,0,0.0,False,11.11111111111111,37.09298698263127,38.05555555555556,-0.12490123039908929,0.48,-1.6,-1.6,8.333333333333334,8.333333333333334,,,,,,,,,
40,1.7000000000000002,False,0,0.0,False,11.11111111111111,35.046941520167564,37.77777777777778,-0.34422529062155816,0.2400000000000002,-1.7000000000000002,-1.7000000000000002,8.333333333333334,8.333333333333334,,,,,,,,,
41,0.0,False,0,4.0,False,11.11111111111111,-2.3995821794542165,-4.2777777777783,2.0110913929309087,1.6,0.0,0.0,8.333333333333334,8.333333333333334,,,,,,,,,
41,0.1,False,0,0.0,True,9.91211111111112,-3.5951961207617726,-2.2837444444448236,-0.3586339853099143,4.218847493575595e-15,-0.1,-0.1,8.333333333333334,8.333333333333334,,,,,,,,,
41,0.2,False,0,0.0,False,11.11111111111111,28.689992092971135,29.05555555555551,-0.44670942451374906,0.7399999999999998,-0.2,-0.2,8.333333333333334,8.333333333333334,,,,,,,,,
41,0.30000000000000004,False,0,0.0,False,11.11111111111111,31.280239634599805,32.666666666666686,-0.03017304634303697,0.7000000000000002,-0.30000000000000004,-0.30000000000000004,8.333333333333334,8.333333333333334,,,,,,,,,
41,0.4,False,0,0.0,False,11.11111111111111,32.29144853433744,33.50000000000002,-0.5647044034061663,0.5199999999999996,-0.4,-0.4,8.333333333333334,8.333333333333334,,,,,,,,,
41,0.5,False,0,0.0,False,11.11111111111111,33.75819621832963,33.777777777777786,-0.3871289076678752,0.30000000000000027,-0.5,-0.5,8.333333333333334,8.333333333333334,,,,,,,,,
41,0.6000000000000001,False,0,0.0,False,11.11111111111111,35.91649266999427,35.16666666666667,-0.19404829197180984,0.3400000000000003,-0.6000000000000001,-0.6000000000000001,8.333333333333334,8.333333333333334,,,,,,,,,
41,0.7000000000000001,False,0,0.0,False,11.11111111111111,33.963406691395036,36.0,-0.23351174953011777,0.3400000000000003,-0.7000000000000001,-0.7000000000000001,8.333333333333334,8.333333333333334,,,,,,,,,
41,0.8,False,0,0.0,False,11.11111111111111,36.34169652944889,36.27777777777778,-0.39601373303624055,0.23999999999999977,-0.8,-0.8,8.333333333333334,8.333333333333334,,,,,,,,,
41,0.9,False,0,0.0,False,11.11111111111111,33.89404084884508,35.44444444444446,-0.8933236210782676,-0.19999999999999996,-0.9,-0.9,8.333333333333334,8.333333333333334,11.11111111111111,35.40715071300103,36.0,0.3707924301597538,-0.02000000000000024,-0.9,-0.9,8.333333333333334,8.333333333333334
41,1.0,False,0,0.0,False,11.11111111111111,36.40299549600432,36.27777777777778,-0.6617322426095924,-0.09999999999999987,-1.0,-1.0,8.333333333333334,8.333333333333334,11.11111111111111,36.21263530173559,36.55555555555556,0.7769331210434771,0.0,-1.0,-1.0,8.333333333333334,8.333333333333334
41,1.1,False,0,0.0,False,11.11111111111111,37.56129008976299,38.5,-0.048956626371976064,0.6100000000000003,-1.1,-1.1,8.333333333333334,8.333333333333334,,,,,,,,,
41,1.2000000000000002,False,0,0.0,False,11.11111111111111,38.309210665798794,39.05555555555556,-0.020037216041857153,0.7599999999999998,-1.2000000000000002,-1.2000000000000002,8.333333333333334,8.333333333333334,,,,,,,,,
41,1.3,False,0,0.0,False,11.11111111111111,37.96143098649329,38.22222222222222,-0.3966969574768855,0.2999999999999998,-1.3,-1.3,8.333333333333334,8.333333333333334,,,,,,,,,
41,1.4000000000000001,False,0,0.0,False,11.11111111111111,37.21233454382525,37.388888888888886,-0.1338343561207549,-0.21999999999999975,-1.4000000000000001,-1.4000000000000001,8.333333333333334,8.333333333333334,11.11111111111111,37.75701284554255,37.66666666666667,0.5604539177098697,-0.08000000000000007,-1.4000000000000001,-1.4000000000000001,8.333333333333334,8.333333333333334
41,1.5,False,0,0.0,False,11.11111111111111,39.04559187559366,39.333333333333336,-0.2969598317236062,0.7000000000000002,-1.5,-1.5,8.333333333333334,8.333333333333334,,,,,,,,,
41,1.6,False,0,0.0,False,11.11111111111111,38.26781044633504,38.77777777777778,-0.020557897786096957,0.3200000000000003,-1.6,-1.6,8.333333333333334,8.333333333333334,,,,,,,,,
41,1.7000000000000002,False,0,0.0,False,11.11111111111111,38.15205878920903,38.5,-0.06412039457734875,0.07000000000000028,-1.7000000000000002,-1.7000000000000002,8.333333333333334,8.333333333333334,,,,,,,,,
42,0.0,False,0,4.0,False,11.11111111111111,-3.8408083612588824,-4.211111111110557,1.143482737910833,1.6,0.0,0.0,8.333333333333334,8.333333333333334,,,,,,,,,
42,0.1,False,0,0.0,False,11.11111111111111,19.12862101165575,19.49999999999987,-0.16071441069615933,0.7900000000000014,-0.1,-0.1,8.333333333333334,8.333333333333334,,,,,,,,,
42,0.2,False,0,0.0,False,11.11111111111111,24.582913632668433,29.222222222222154,-0.07781396892614767,0.6800000000000002,-0.2,-0.2,8.333333333333334,8.333333333333334,,,,,,,,,
42,0.30000000000000004,False,0,0.0,False,11.11111111111111,32.19884156146253,32.83333333333334,-0.006906278848293201,0.6099999999999999,-0.30000000000000004,-0.30000000000000004,8.333333333333334,8.333333333333334,,,,,,,,,
42,0.4,False,0,0.0,False,11.11111111111111,34.22748933321779,35.05555555555557,-0.16789293600590915,0.5999999999999996,-0.4,-0.4,8.333333333333334,8.333333333333334,,,,,,,,,
42,0.5,False,0,0.0,False,11.11111111111111,35.0056505612283,35.61111111111112,-0.5353804182947284,0.4500000000000002,-0.5,-0.5,8.333333333333334,8.333333333333334,,,,,,,,,
42,0.6000000000000001,False,0,0.0,False,11.11111111111111,32.622049190510296,35.61111111111112,-0.9596592425944785,0.22000000000000064,-0.6000000000000001,-0.6000000000000001,8.333333333333334,8.333333333333334,,,,,,,,,
42,0.7000000000000001,False,0,0.0,False,11.11111111111111,33.74782146348769,36.16666666666667,-0.42021374660838706,0.13000000000000078,-0.7000000000000001,-0.7000000000000001,8.333333333333334,8.333333333333334,,,,,,,,,
42,0.8,False,0,0.0,False,11.11111111111111,35.865358538522045,37.55555555555556,-0.03134349031698047,0.31999999999999984,-0.8,-0.8,8.333333333333334,8.333333333333334,,,,,,,,,
42,0.9,False,0,0.0,False,11.11111111111111,37.48870329746087,38.94444444444444,-0.0850040147256581,0.6099999999999999,-0.9,-0.9,8.333333333333334,8.333333333333334,,,,,,,,,
42,1.0,False,0,0.0,False,11.11111111111111,37.68832731133552,38.66666666666667,-0.03290312568814446,0.3999999999999999,-1.0,-1.0,8.333333333333334,8.333333333333334,,,,,,,,,
42,1.1,False,0,0.0,False,11.11111111111111,38.17709765342476,38.66666666666667,-0.3806695077177591,0.28000000000000025,-1.1,-1.1,8.333333333333334,8.333333333333334,,,,,,,,,
42,1.2000000000000002,False,0,0.0,False,11.11111111111111,37.9104771512811,38.66666666666667,-0.4402954192107136,0.16000000000000014,-1.2000000000000002,-1.2000000000000002,8.333333333333334,8.333333333333334,,,,,,,,,
42,1.3,False,0,0.0,False,11.11111111111111,36.92716576436267,39.22222222222222,-0.05092744171689878,0.2999999999999998,-1.3,-1.3,8.333333333333334,8.333333333333334,,,,,,,,,
42,1.4000000000000001,False,0,0.0,False,11.11111111111111,39.22509865875347,40.05555555555556,-0.1781464388392946,0.6200000000000001,-1.4000000000000001,-1.4000000000000001,8.333333333333334,8.333333333333334,,,,,,,,,
42,1.5,False,0,0.0,False,11.11111111111111,37.823404386649,38.111111111111114,-0.10772983291973315,-0.5,-1.5,-1.5,8.333333333333334,8.333333333333334,11.11111111111111,36.66564696675168,38.94444444444444,0.3591918082438301,-0.04999999999999982,-1.5,-1.5,8.333333333333334,8.333333333333334
42,1.6,False,0,0.0,False,11.11111111111111,37.499795088429146,38.94444444444444,-0.31642090333078254,-0.1599999999999997,-1.6,-1.6,8.333333333333334,8.333333333333334,11.11111111111111,37.499795088429146,38.94444444444444,-0.31642090333078254,-0.1599999999999997,-1.6,-1.6,8.333333333333334,8.333333333333334
42,1.7000000000000002,False,0,0.0,False,11.11111111111111,37.75609563456101,38.94444444444444,-0.5139700574738282,-0.2699999999999996,-1.7000000000000002,-1.7000000000000002,8.333333333333334,8.333333333333334,11.11111111111111,39.40801529778616,39.22222222222222,0.5232106552440561,-0.09999999999999964,-1.7000000000000002,-1.7000000000000002,8.333333333333334,8.333333333333334
43,0.0,False,0,4.0,False,11.11111111111111,-3.4253688284980965,-4.222222222222842,1.6043727161685166,1.6,0.0,0.0,8.333333333333334,8.333333333333334,,,,,,,,,
43,0.1,False,0,0.0,False,11.11111111111111,28.345747438116884,28.83333333333324,-0.19915653838548675,1.0900000000000003,-0.1,-0.1,8.333333333333334,8.333333333333334,,,,,,,,,
43,0.2,False,0,0.0,False,11.11111111111111,23.902520550912637,26.88888888888877,-0.06422585237643608,0.44000000000000083,-0.2,-0.2,8.333333333333334,8.333333333333334,,,,,,,,,
43,0.30000000000000004,False,0,0.0,False,11.11111111111111,31.82293128161039,33.27777777777777,-0.49545612776085957,0.5499999999999998,-0.30000000000000004,-0.30000000000000004,8.333333333333334,8.333333333333334,,,,,,,,,
43,0.4,False,0,0.0,False,11.11111111111111,31.521679829573838,33.27777777777777,-0.15502135068256617,0.1999999999999993,-0.4,-0.4,8.333333333333334,8.333333333333334,,,,,,,,,
43,0.5,False,0,0.0,False,11.11111111111111,37.58195254715305,37.44444444444446,-0.0674064814487969,0.6000000000000001,-0.5,-0.5,8.333333333333334,8.333333333333334,,,,,,,,,
43,0.6000000000000001,False,0,0.0,False,11.11111111111111,38.64583444875908,38.833333333333336,-0.28387547559477877,0.7000000000000002,-0.6000000000000001,-0.6000000000000001,8.333333333333334,8.333333333333334,,,,,,,,,
43,0.7000000000000001,False,0,0.0,False,11.11111111111111,36.50195087882358,37.72222222222223,-0.0788131563458152,0.27000000000000046,-0.7000000000000001,-0.7000000000000001,8.333333333333334,8.333333333333334,,,,,,,,,
43,0.8,False,0,0.0,False,11.11111111111111,37.32514169050209,38.0,-0.35675438524362235,0.1599999999999997,-0.8,-0.8,8.333333333333334,8.333333333333334,,,,,,,,,
43,0.9,False,0,0.0,False,11.11111111111111,38.512904209503695,39.111111111111114,-0.10560183581693416,0.33999999999999986,-0.9,-0.9,8.333333333333334,8.333333333333334,,,,,,,,,
43,1.0,False,0,0.0,False,11.11111111111111,39.08377347992567,39.388888888888886,-0.7032342534877107,0.30000000000000027,-1.0,-1.0,8.333333333333334,8.333333333333334,,,,,,,,,
43,1.1,False,0,0.0,False,11.11111111111111,38.75463564382139,38.833333333333336,-0.2332027377877668,-0.0499999999999996,-1.1,-1.1,8.333333333333334,8.333333333333334,11.11111111111111,38.75463564382139,38.833333333333336,-0.2332027377877668,-0.0499999999999996,-1.1,-1.1,8.333333333333334,8.333333333333334
43,1.2000000000000002,False,0,0.0,False,11.11111111111111,41.02932244291084,40.77777777777778,-0.1323275879466541,0.6400000000000001,-1.2000000000000002,-1.2000000000000002,8.333333333333334,8.333333333333334,,,,,,,,,
43,1.3,False,0,0.0,False,11.11111111111111,38.25461039894082,39.388888888888886,-0.7761859341355384,-0.09000000000000008,-1.3,-1.3,8.333333333333334,8.333333333333334,11.11111111111111,38.25461039894082,39.388888888888886,-0.7761859341355384,-0.09000000000000008,-1.3,-1.3,8.333333333333334,8.333333333333334
43,1.4000000000000001,False,0,0.0,False,11.11111111111111,39.81331015716729,40.22222222222222,-0.15174792650829527,0.19999999999999973,-1.4000000000000001,-1.4000000000000001,8.333333333333334,8.333333333333334,,,,,,,,,
43,1.5,False,0,0.0,False,11.11111111111111,38.341918221439,39.94444444444444,-0.03704012925691624,-0.04999999999999982,-1.5,-1.5,8.333333333333334,8.333333333333334,11.11111111111111,38.341918221439,39.94444444444444,-0.03704012925691624,-0.04999999999999982,-1.5,-1.5,8.333333333333334,8.333333333333334
43,1.6,False,0,0.0,False,11.11111111111111,39.18804691392453,39.66666666666667,-0.4713963009850062,-0.31999999999999984,-1.6,-1.6,8.333333333333334,8.333333333333334,11.11111111111111,37.963445290793274,39.94444444444444,0.3711971946712129,-0.1599999999999997,-1.6,-1.6,8.333333333333334,8.333333333333334
43,1.7000000000000002,False,0,0.0,False,11.11111111111111,41.12619978819725,40.5,-0.4476453816985222,0.07000000000000028,-1.7000000000000002,-1.7000000000000002,8.333333333333334,8.333333333333334,,,,,,,,,
44,0.0,False,0,4.0,False,11.11111111111111,-2.0742705405661637,-4.266666666666015,1.3745770277588458,1.6,0.0,0.0,8.333333333333334,8.333333333333334,,,,,,,,,
44,0.1,False,0,0.0,False,11.11111111111111,27.215877280354416,28.444444444444326,-0.17065138971399008,1.0400000000000005,-0.1,-0.1,8.333333333333334,8.333333333333334,,,,,,,,,
44,0.2,False,0,0.0,False,11.11111111111111,31.801637950885247,32.61111111111107,-0.14207039918684217,0.7799999999999998,-0.2,-0.2,8.333333333333334,8.333333333333334,,,,,,,,,
44,0.30000000000000004,False,0,0.0,False,11.11111111111111,36.23525085582564,39.0,-0.26427168557009506,1.06,-0.30000000000000004,-0.30000000000000004,8.333333333333334,8.333333333333334,,,,,,,,,
44,0.4,False,0,0.0,False,11.11111111111111,33.997706933298645,36.22222222222224,-0.11484590596972044,0.47999999999999954,-0.4,-0.4,8.333333333333334,8.333333333333334,,,,,,,,,
44,0.5,False,0,0.0,False,11.11111111111111,35.74172749850156,37.05555555555557,-0.08869829746472702,0.3500000000000001,-0.5,-0.5,8.333333333333334,8.333333333333334,,,,,,,,,
44,0.6000000000000001,False,0,0.0,False,11.11111111111111,36.83880106583702,38.44444444444446,-0.023857701040527424,0.40000000000000036,-0.6000000000000001,-0.6000000000000001,8.333333333333334,8.333333333333334,,,,,,,,,
44,0.7000000000000001,False,0,0.0,False,11.11111111111111,38.50120217465289,39.0,-0.09678889954233671,0.3400000000000003,-0.7000000000000001,-0.7000000000000001,8.333333333333334,8.333333333333334,,,,,,,,,
44,0.8,False,0,0.0,False,11.11111111111111,39.568965574838046,40.94444444444444,-0.28053288365664586,0.7200000000000002,-0.8,-0.8,8.333333333333334,8.333333333333334,,,,,,,,,
44,0.9,False,0,0.0,False,11.11111111111111,38.492566264861544,40.111111111111114,-0.2188236437774833,0.33999999999999986,-0.9,-0.9,8.333333333333334,8.333333333333334,,,,,,,,,
44,1.0,False,0,0.0,False,11.11111111111111,35.85613706997863,38.72222222222222,-0.08726544152903881,-0.2999999999999998,-1.0,-1.0,8.333333333333334,8.333333333333334,11.11111111111111,36.79090106598467,39.55555555555556,0.3350722433783244,0.0,-1.0,-1.0,8.333333333333334,8.333333333333334
44,1.1,False,0,0.0,False,11.11111111111111,40.14738067066186,40.111111111111114,-0.7169906604073164,0.0600000000000005,-1.1,-1.1,8.333333333333334,8.333333333333334,,,,,,,,,
44,1.2000000000000002,False,0,0.0,False,11.11111111111111,38.95199003968335,39.833333333333336,-0.28657525607370204,-0.1999999999999995,-1.2000000000000002,-1.2000000000000002,8.333333333333334,8.333333333333334,11.11111111111111,37.77344911588424,40.111111111111114,0.4149663530648584,-0.07999999999999963,-1.2000000000000002,-1.2000000000000002,8.333333333333334,8.333333333333334
44,1.3,False,0,0.0,False,11.11111111111111,41.92916963352983,42.333333333333336,-0.26632853426876535,0.8199999999999998,-1.3,-1.3,8.333333333333334,8.333333333333334,,,,,,,,,
44,1.4000000000000001,False,0,0.0,False,11.11111111111111,40.18770222823291,40.388888888888886,-0.8932729053956572,-0.21999999999999975,-1.4000000000000001,-1.4000000000000001,8.333333333333334,8.333333333333334,11.11111111111111,39.26207099669929,40.66666666666667,0.21536447743658949,-0.08000000000000007,-1.4000000000000001,-1.4000000000000001,8.333333333333334,8.333333333333334
44,1.5,False,0,0.0,False,11.11111111111111,38.46082297561776,39.55555555555556,-0.24255471090442327,-0.7999999999999998,-1.5,-1.5,8.333333333333334,8.333333333333334,11.11111111111111,41.34105276808023,40.94444444444444,0.006323594618372841,-0.04999999999999982,-1.5,-1.5,8.333333333333334,8.333333333333334
44,1.6,False,0,0.0,False,11.11111111111111,42.57947770930848,42.88888888888889,-0.31516179989312976,0.96,-1.6,-1.6,8.333333333333334,8.333333333333334,,,,,,,,,
44,1.7000000000000002,False,0,0.0,False,11.11111111111111,42.15739248655717,42.05555555555556,-0.03221158598262286,0.41000000000000014,-1.7000000000000002,-1.7000000000000002,8.333333333333334,8.333333333333334,,,,,,,,,
45,0.0,False,0,4.0,False,11.11111111111111,-1.6284597076552414,-4.166666666667328,1.1614489095097849,1.6,0.0,0.0,8.333333333333334,8.333333333333334,,,,,,,,,
45,0.1,False,0,0.0,False,11.11111111111111,19.107782790970955,21.111111111110983,-0.00211817337405229,0.7400000000000015,-0.1,-0.1,8.333333333333334,8.333333333333334,,,,,,,,,
45,0.2,False,0,0.0,False,11.11111111111111,30.89863371474011,32.49999999999994,-0.07299803516893588,0.7000000000000002,-0.2,-0.2,8.333333333333334,8.333333333333334,,,,,,,,,
45,0.30000000000000004,False,0,0.0,False,11.11111111111111,34.07490856786012,33.61111111111107,-0.2676140190451144,0.3699999999999992,-0.30000000000000004,-0.30000000000000004,8.333333333333334,8.333333333333334,,,,,,,,,
45,0.4,False,0,0.0,False,11.11111111111111,37.14003872593055,38.888888888888886,-0.5347398238276677,0.7199999999999998,-0.4,-0.4,8.333333333333334,8.333333333333334,,,,,,,,,
45,0.5,False,0,0.0,False,11.11111111111111,37.09209402776,40.0,-0.1744729445758071,0.7000000000000002,-0.5,-0.5,8.333333333333334,8.333333333333334,,,,,,,,,
45,0.6000000000000001,False,0,0.0,False,11.11111111111111,34.11096642640997,36.666666666666686,-0.4568581499155946,-0.19999999999999996,-0.6000000000000001,-0.6000000000000001,8.333333333333334,8.333333333333334,11.11111111111111,37.2316038943649,37.50000000000002,0.3277373575100597,-0.019999999999999574,-0.6000000000000001,-0.6000000000000001,8.333333333333334,8.333333333333334
45,0.7000000000000001,False,0,0.0,False,11.11111111111111,41.16037428335027,41.388888888888886,-0.13556096815336804,0.69,-0.7000000000000001,-0.7000000000000001,8.333333333333334,8.333333333333334,,,,,,,,,
45,0.8,False,0,0.0,False,11.11111111111111,39.40647038832489,40.833333333333336,-0.815825189175188,0.3999999999999999,-0.8,-0.8,8.333333333333334,8.333333333333334,,,,,,,,,
45,0.9,False,0,0.0,False,11.11111111111111,38.462359230375526,40.55555555555556,-0.3312333446469411,0.1599999999999997,-0.9,-0.9,8.333333333333334,8.333333333333334,,,,,,,,,
45,1.0,False,0,0.0,False,11.11111111111111,42.00801077081449,42.22222222222222,-0.386998689388238,0.6000000000000001,-1.0,-1.0,8.333333333333334,8.333333333333334,,,,,,,,,
45,1.1,False,0,0.0,False,11.11111111111111,41.72934017843636,42.5,-0.22103447183376002,0.6100000000000003,-1.1,-1.1,8.333333333333334,8.333333333333334,,,,,,,,,
45,1.2000000000000002,False,0,0.0,False,11.11111111111111,41.09271453699905,41.94444444444444,-0.003924998791817513,0.28000000000000025,-1.2000000000000002,-1.2000000000000002,8.333333333333334,8.333333333333334,,,,,,,,,
45,1.3,False,0,0.0,False,11.11111111111111,42.01080797737732,41.66666666666667,-0.24340776420560362,0.039999999999999813,-1.3,-1.3,8.333333333333334,8.333333333333334,,,,,,,,,
45,1.4000000000000001,False,0,0.0,False,11.11111111111111,41.03168915412734,42.22222222222222,-0.194305913159474,0.19999999999999973,-1.4000000000000001,-1.4000000000000001,8.333333333333334,8.333333333333334,,,,,,,,,
45,1.5,False,0,0.0,False,11.11111111111111,41.92146340124414,41.94444444444444,-1.2249365468779023,-0.04999999999999982,-1.5,-1.5,8.333333333333334,8.333333333333334,11.11111111111111,41.92146340124414,41.94444444444444,-1.2249365468779023,-0.04999999999999982,-1.5,-1.5,8.333333333333334,8.333333333333334
45,1.6,False,0,0.0,False,11.11111111111111,42.04503573039324,42.22222222222222,-0.6530083357215908,2.220446049250313e-16,-1.6,-1.6,8.333333333333334,8.333333333333334,,,,,,,,,
45,1.7000000000000002,False,0,0.0,False,11.11111111111111,41.154492288763514,41.94444444444444,-0.22433011937674685,-0.2699999999999996,-1.7000000000000002,-1.7000000000000002,8.333333333333334,8.333333333333334,11.11111111111111,39.652396535314494,42.22222222222222,1.2564180956362803,-0.09999999999999964,-1.7000000000000002,-1.7000000000000002,8.333333333333334,8.333333333333334
46,0.0,False,0,4.0,False,11.11111111111111,-4.044648276658154,-4.2777777777784705,1.7429361893277298,1.6,0.0,0.0,8.333333333333334,8.333333333333334,,,,,,,,,
46,0.1,False,0,0.0,False,11.11111111111111,21.696473671758948,24.333333333333197,-0.12440557002966601,0.8200000000000012,-0.1,-0.1,8.333333333333334,8.333333333333334,,,,,,,,,
46,0.2,False,0,0.0,False,11.11111111111111,30.030491602705734,32.3888888888888,-0.25195876320536126,0.6200000000000006,-0.2,-0.2,8.333333333333334,8.333333333333334,,,,,,,,,
46,0.30000000000000004,False,0,0.0,False,11.11111111111111,37.46177605384135,37.111111111111114,-0.32814370368655466,0.6400000000000001,-0.30000000000000004,-0.30000000000000004,8.333333333333334,8.333333333333334,,,,,,,,,
46,0.4,False,0,0.0,False,11.11111111111111,38.781923413117745,39.61111111111112,-0.10837444040937605,0.6799999999999997,-0.4,-0.4,8.333333333333334,8.333333333333334,,,,,,,,,
46,0.5,False,0,0.0,False,11.11111111111111,41.32120843363333,41.0,-0.16497190531579076,0.7000000000000002,-0.5,-0.5,8.333333333333334,8.333333333333334,,,,,,,,,
46,0.6000000000000001,False,0,0.0,False,11.11111111111111,38.86956936117398,39.61111111111112,-0.096549152715943,0.22000000000000064,-0.6000000000000001,-0.6000000000000001,8.333333333333334,8.333333333333334,,,,,,,,,
46,0.7000000000000001,False,0,0.0,False,11.11111111111111,38.60276198783916,39.05555555555557,-0.4827748022748384,-0.14999999999999925,-0.7000000000000001,-0.7000000000000001,8.333333333333334,8.333333333333334,11.11111111111111,38.64814776409214,39.61111111111112,0.6324361059556418,-0.009999999999999343,-0.7000000000000001,-0.7000000000000001,8.333333333333334,8.333333333333334
46,0.8,False,0,0.0,False,11.11111111111111,40.46513793301849,40.72222222222222,-0.13984738860602208,0.07999999999999963,-0.8,-0.8,8.333333333333334,8.333333333333334,,,,,,,,,
46,0.9,False,0,0.0,False,11.11111111111111,41.85202481572557,41.55555555555556,-0.13338410338367268,0.1599999999999997,-0.9,-0.9,8.333333333333334,8.333333333333334,,,,,,,,,
46,1.0,False,0,0.0,False,11.11111111111111,41.8036447750084,41.833333333333336,-0.22251473895468843,0.10000000000000009,-1.0,-1.0,8.333333333333334,8.333333333333334,,,,,,,,,
46,1.1,False,0,0.0,False,11.11111111111111,40.571582511859525,42.388888888888886,-0.21178198610776633,0.17000000000000037,-1.1,-1.1,8.333333333333334,8.333333333333334,,,,,,,,,
46,1.2000000000000002,False,0,0.0,False,11.11111111111111,40.51942167763804,42.66666666666667,-0.01755147809881885,0.16000000000000014,-1.2000000000000002,-1.2000000000000002,8.333333333333334,8.333333333333334,,,,,,,,,
46,1.3,False,0,0.0,False,11.11111111111111,41.245231168181604,41.55555555555556,-0.7220025997088046,-0.4800000000000004,-1.3,-1.3,8.333333333333334,8.333333333333334,11.11111111111111,39.701373928121214,42.388888888888886,0.3602806628401649,-0.09000000000000008,-1.3,-1.3,8.333333333333334,8.333333333333334
46,1.4000000000000001,False,0,0.0,False,11.11111111111111,44.12112398716485,43.77777777777778,-0.057052690005379825,0.48,-1.4000000000000001,-1.4000000000000001,8.333333333333334,8.333333333333334,,,,,,,,,
46,1.5,False,0,0.0,False,11.11111111111111,41.868226715594226,42.94444444444444,-0.40462602945238246,-0.04999999999999982,-1.5,-1.5,8.333333333333334,8.333333333333334,11.11111111111111,41.868226715594226,42.94444444444444,-0.40462602945238246,-0.04999999999999982,-1.5,-1.5,8.333333333333334,8.333333333333334
46,1.6,False,0,0.0,False,11.11111111111111,39.83629262567062,43.22222222222222,-0.36366456321897545,2.220446049250313e-16,-1.6,-1.6,8.333333333333334,8.333333333333334,,,,,,,,,
46,1.7000000000000002,False,0,0.0,False,11.11111111111111,42.0097156847187,42.94444444444444,-0.5370912782498909,-0.2699999999999996,-1.7000000000000002,-1.7000000000000002,8.333333333333334,8.333333333333334,11.11111111111111,41.29098307747589,43.22222222222222,1.070495959052165,-0.09999999999999964,-1.7000000000000002,-1.7000000000000002,8.333333333333334,8.333333333333334
47,0.0,False,0,4.0,False,11.11111111111111,8.565629785993291,10.333333333333155,-0.10757847667117182,1.6,0.0,0.0,8.333333333333334,8.333333333333334,,,,,,,,,
47,0.1,False,0,0.0,False,11.11111111111111,24.357457348944674,24.49999999999987,-0.054473899686891425,0.7900000000000014,-0.1,-0.1,8.333333333333334,8.333333333333334,,,,,,,,,
47,0.2,False,0,0.0,False,11.11111111111111,30.416100062959952,31.16666666666654,-0.08232680757059896,0.46000000000000085,-0.2,-0.2,8.333333333333334,8.333333333333334,,,,,,,,,
47,0.30000000000000004,False,0,0.0,False,11.11111111111111,36.43961867308197,37.27777777777777,-0.245682146693889,0.5499999999999998,-0.30000000000000004,-0.30000000000000004,8.333333333333334,8.333333333333334,,,,,,,,,
47,0.4,False,0,0.0,False,11.11111111111111,36.83015410061509,37.83333333333334,-0.18862684687169118,0.27999999999999936,-0.4,-0.4,8.333333333333334,8.333333333333334,,,,,,,,,
47,0.5,False,0,0.0,False,11.11111111111111,38.551452835956596,38.666666666666686,-0.519789635624277,0.10000000000000009,-0.5,-0.5,8.333333333333334,8.333333333333334,,,,,,,,,
47,0.6000000000000001,False,0,0.0,False,11.11111111111111,42.576895284054494,43.111111111111114,-0.1468897902865991,0.7600000000000002,-0.6000000000000001,-0.6000000000000001,8.333333333333334,8.333333333333334,,,,,,,,,
47,0.7000000000000001,False,0,0.0,False,11.11111111111111,39.59119123284028,40.61111111111112,-0.3947014576247001,-0.009999999999999343,-0.7000000000000001,-0.7000000000000001,8.333333333333334,8.333333333333334,11.11111111111111,39.59119123284028,40.61111111111112,-0.3947014576247001,-0.009999999999999343,-0.7000000000000001,-0.7000000000000001,8.333333333333334,8.333333333333334
47,0.8,False,0,0.0,False,11.11111111111111,39.676127755219845,41.72222222222222,-0.8647792170266484,0.07999999999999963,-0.8,-0.8,8.333333333333334,8.333333333333334,,,,,,,,,
47,0.9,False,0,0.0,False,11.11111111111111,43.60351956358121,44.22222222222222,-0.24132554610235024,0.6999999999999997,-0.9,-0.9,8.333333333333334,8.333333333333334,,,,,,,,,
47,1.0,False,0,0.0,False,11.11111111111111,42.48156317831334,44.77777777777778,-0.08473075883325754,0.8000000000000003,-1.0,-1.0,8.333333333333334,8.333333333333334,,,,,,,,,
47,1.1,False,0,0.0,False,11.11111111111111,42.77688104145136,43.111111111111114,-0.37266184607022623,0.0600000000000005,-1.1,-1.1,8.333333333333334,8.333333333333334,,,,,,,,,
47,1.2000000000000002,False,0,0.0,False,11.11111111111111,43.006056588063224,42.833333333333336,-0.9053503018209245,-0.1999999999999995,-1.2000000000000002,-1.2000000000000002,8.333333333333334,8.333333333333334,11.11111111111111,41.704199113755145,43.111111111111114,0.7493227695646518,-0.07999999999999963,-1.2000000000000002,-1.2000000000000002,8.333333333333334,8.333333333333334
47,1.3,False,0,0.0,False,11.11111111111111,41.80752248618212,43.388888888888886,-0.5269521453475128,-0.09000000000000008,-1.3,-1.3,8.333333333333334,8.333333333333334,11.11111111111111,41.80752248618212,43.388888888888886,-0.5269521453475128,-0.09000000000000008,-1.3,-1.3,8.333333333333334,8.333333333333334
47,1.4000000000000001,False,0,0.0,False,11.11111111111111,41.95654471862807,43.66666666666667,-0.05166557228335611,-0.08000000000000007,-1.4000000000000001,-1.4000000000000001,8.333333333333334,8.333333333333334,11.11111111111111,41.95654471862807,43.66666666666667,-0.05166557228335611,-0.08000000000000007,-1.4000000000000001,-1.4000000000000001,8.333333333333334,8.333333333333334
47,1.5,False,0,0.0,False,11.11111111111111,43.98813814783081,44.77777777777778,-0.05946820359196847,0.3999999999999999,-1.5,-1.5,8.333333333333334,8.333333333333334,,,,,,,,,
47,1.6,False,0,0.0,False,11.11111111111111,44.54250836625999,44.22222222222222,-0.4008148421936095,2.220446049250313e-16,-1.6,-1.6,8.333333333333334,8.333333333333334,,,,,,,,,
47,1.7000000000000002,False,0,0.0,False,11.11111111111111,42.7835919114449,43.66666666666667,-0.16754018931251746,-0.4399999999999995,-1.7000000000000002,-1.7000000000000002,8.333333333333334,8.333333333333334,11.11111111111111,43.73946256196697,44.22222222222222,0.5366367694351495,-0.09999999999999964,-1.7000000000000002,-1.7000000000000002,8.333333333333334,8.333333333333334
48,0.0,False,0,4.0,False,11.11111111111111,-3.3776106911715997,-4.222222222223013,1.055645726786293,1.6,0.0,0.0,8.333333333333334,8.333333333333334,,,,,,,,,
48,0.1,False,0,0.0,False,11.11111111111111,25.755710496200034,25.222222222222083,-0.3088090007791666,0.7800000000000016,-0.1,-0.1,8.333333333333334,8.333333333333334,,,,,,,,,
48,0.2,False,0,0.0,False,11.11111111111111,36.476655128806385,38.83333333333334,-0.19404519261177322,0.94,-0.2,-0.2,8.333333333333334,8.333333333333334,,,,,,,,,
48,0.30000000000000004,False,0,0.0,False,11.11111111111111,39.892774019226565,40.22222222222224,-0.0879956738314398,0.7600000000000002,-0.30000000000000004,-0.30000000000000004,8.333333333333334,8.333333333333334,,,,,,,,,
48,0.4,False,0,0.0,False,11.11111111111111,40.70675511140534,41.05555555555557,-0.15428570067274094,0.5999999999999996,-0.4,-0.4,8.333333333333334,8.333333333333334,,,,,,,,,
48,0.5,False,0,0.0,False,11.11111111111111,39.1289751736946,41.888888888888886,-0.2663494074212509,0.5,-0.5,-0.5,8.333333333333334,8.333333333333334,,,,,,,,,
48,0.6000000000000001,False,0,0.0,False,11.11111111111111,40.95703531764019,43.55555555555556,-0.08555716228741561,0.6400000000000001,-0.6000000000000001,-0.6000000000000001,8.333333333333334,8.333333333333334,,,,,,,,,
48,0.7000000000000001,False,0,0.0,False,11.11111111111111,41.89099412798207,43.0,-0.20017785735368054,0.3400000000000003,-0.7000000000000001,-0.7000000000000001,8.333333333333334,8.333333333333334,,,,,,,,,
48,0.8,False,0,0.0,False,11.11111111111111,43.225963228674885,44.388888888888886,-0.11142557640121309,0.56,-0.8,-0.8,8.333333333333334,8.333333333333334,,,,,,,,,
48,0.9,False,0,0.0,False,11.11111111111111,44.540307746210836,44.388888888888886,-0.07687289044897794,0.4299999999999997,-0.9,-0.9,8.333333333333334,8.333333333333334,,,,,,,,,
48,1.0,False,0,0.0,False,11.11111111111111,42.90903305599303,44.66666666666667,-0.17530194779398167,0.3999999999999999,-1.0,-1.0,8.333333333333334,8.333333333333334,,,,,,,,,
48,1.1,False,0,0.0,False,11.11111111111111,40.60266470758401,43.0,-0.2099469388997932,-0.3799999999999999,-1.1,-1.1,8.333333333333334,8.333333333333334,11.11111111111111,42.325216280159076,43.833333333333336,0.11905234606335569,-0.0499999999999996,-1.1,-1.1,8.333333333333334,8.333333333333334
48,1.2000000000000002,False,0,0.0,False,11.11111111111111,44.56206738904547,44.66666666666667,-0.16190736050389276,0.16000000000000014,-1.2000000000000002,-1.2000000000000002,8.333333333333334,8.333333333333334,,,,,,,,,
48,1.3,False,0,0.0,False,11.11111111111111,42.430567729369585,43.55555555555556,-0.25199884900750225,-0.4800000000000004,-1.3,-1.3,8.333333333333334,8.333333333333334,11.11111111111111,43.84258458498826,44.388888888888886,0.940383295546567,-0.09000000000000008,-1.3,-1.3,8.333333333333334,8.333333333333334
48,1.4000000000000001,False,0,0.0,False,11.11111111111111,43.930445453238534,44.66666666666667,-0.3981262568048276,-0.08000000000000007,-1.4000000000000001,-1.4000000000000001,8.333333333333334,8.333333333333334,11.11111111111111,43.930445453238534,44.66666666666667,-0.3981262568048276,-0.08000000000000007,-1.4000000000000001,-1.4000000000000001,8.333333333333334,8.333333333333334
48,1.5,False,0,0.0,False,11.11111111111111,45.09975138317505,44.94444444444444,-0.14488329353700768,-0.04999999999999982,-1.5,-1.5,8.333333333333334,8.333333333333334,11.11111111111111,45.09975138317505,44.94444444444444,-0.14488329353700768,-0.04999999999999982,-1.5,-1.5,8.333333333333334,8.333333333333334
48,1.6,False,0,0.0,False,11.11111111111111,45.088802712333255,44.66666666666667,-0.25772777935082236,-0.31999999999999984,-1.6,-1.6,8.333333333333334,8.333333333333334,11.11111111111111,43.986511514031655,44.94444444444444,0.5938020608066004,-0.1599999999999997,-1.6,-1.6,8.333333333333334,8.333333333333334
48,1.7000000000000002,False,0,0.0,False,11.11111111111111,45.65151144541009,45.22222222222222,-0.032634847477708506,-0.09999999999999964,-1.7000000000000002,-1.7000000000000002,8.333333333333334,8.333333333333334,11.11111111111111,45.65151144541009,45.22222222222222,-0.032634847477708506,-0.09999999999999964,-1.7000000000000002,-1.7000000000000002,8.333333333333334,8.333333333333334
49,0.0,False,0,4.0,False,11.11111111111111,-3.0413363594590974,-4.266666666665844,1.7646942102162066,1.6,0.0,0.0,8.333333333333334,8.333333333333334,,,,,,,,,
49,0.1,False,0,0.0,False,11.11111111111111,29.16908886921922,30.11111111111097,-0.08934979302919444,0.9200000000000008,-0.1,-0.1,8.333333333333334,8.333333333333334,,,,,,,,,
49,0.2,False,0,0.0,False,11.11111111111111,32.29460064668153,32.61111111111097,-0.04908271707839029,0.42000000000000126,-0.2,-0.2,8.333333333333334,8.333333333333334,,,,,,,,,
49,0.30000000000000004,False,0,0.0,False,11.11111111111111,40.081478847299195,39.55555555555554,-0.2752911309584962,0.5799999999999996,-0.30000000000000004,-0.30000000000000004,8.333333333333334,8.333333333333334,,,,,,,,,
49,0.4,False,0,0.0,False,11.11111111111111,39.79596142504248,42.05555555555557,-0.6899385039555772,0.5999999999999996,-0.4,-0.4,8.333333333333334,8.333333333333334,,,,,,,,,
49,0.5,False,0,0.0,False,11.11111111111111,42.696487440878556,43.16666666666667,-0.060790882601613916,0.5500000000000003,-0.5,-0.5,8.333333333333334,8.333333333333334,,,,,,,,,
49,0.6000000000000001,False,0,0.0,False,11.11111111111111,45.61363654240771,45.11111111111112,-0.07302300914888105,0.7600000000000002,-0.6000000000000001,-0.6000000000000001,8.333333333333334,8.333333333333334,,,,,,,,,
49,0.7000000000000001,False,0,0.0,False,11.11111111111111,43.589478272136745,44.0,-0.17271982731606483,0.3400000000000003,-0.7000000000000001,-0.7000000000000001,8.333333333333334,8.333333333333334,,,,,,,,,
49,0.8,False,0,0.0,False,11.11111111111111,41.74119467863275,43.44444444444446,-0.2777482975182237,-2.220446049250313e-16,-0.8,-0.8,8.333333333333334,8.333333333333334,11.11111111111111,41.74119467863275,43.44444444444446,-0.2777482975182237,-2.220446049250313e-16,-0.8,-0.8,8.333333333333334,8.333333333333334
49,0.9,False,0,0.0,False,11.11111111111111,44.09721555919933,44.277777777777786,-0.5680760901567055,0.06999999999999962,-0.9,-0.9,8.333333333333334,8.333333333333334,,,,,,,,,
49,1.0,False,0,0.0,False,11.11111111111111,42.9974729279604,44.0,-0.3788141547932282,-0.19999999999999996,-1.0,-1.0,8.333333333333334,8.333333333333334,11.11111111111111,44.22511456039476,44.55555555555556,0.43384623394882205,0.0,-1.0,-1.0,8.333333333333334,8.333333333333334
49,1.1,False,0,0.0,False,11.11111111111111,44.90092313828108,44.833333333333336,-0.2720946963614259,-0.0499999999999996,-1.1,-1.1,8.333333333333334,8.333333333333334,11.11111111111111,44.90092313828108,44.833333333333336,-0.2720946963614259,-0.0499999999999996,-1.1,-1.1,8.333333333333334,8.333333333333334
49,1.2000000000000002,False,0,0.0,False,11.11111111111111,44.851258488575034,45.388888888888886,-0.0520217576928772,0.04000000000000026,-1.2000000000000002,-1.2000000000000002,8.333333333333334,8.333333333333334,,,,,,,,,
49,1.3,False,0,0.0,False,11.11111111111111,43.29132595638194,45.388888888888886,-0.13323785016085643,-0.09000000000000008,-1.3,-1.3,8.333333333333334,8.333333333333334,11.11111111111111,43.29132595638194,45.388888888888886,-0.13323785016085643,-0.09000000000000008,-1.3,-1.3,8.333333333333334,8.333333333333334
49,1.4000000000000001,False,0,0.0,False,11.11111111111111,44.4381216064926,45.94444444444444,-0.076953704297122,0.05999999999999983,-1.4000000000000001,-1.4000000000000001,8.333333333333334,8.333333333333334,,,,,,,,,
49,1.5,False,0,0.0,False,11.11111111111111,45.43913904545534,45.66666666666667,-0.38051594420123314,-0.19999999999999996,-1.5,-1.5,8.333333333333334,8.333333333333334,11.11111111111111,44.85683350132543,45.94444444444444,0.4416633272025612,-0.04999999999999982,-1.5,-1.5,8.333333333333334,8.333333333333334
49,1.6,False,0,0.0,False,11.11111111111111,45.44290021759804,46.5,-0.5338874047379503,0.16000000000000014,-1.6,-1.6,8.333333333333334,8.333333333333334,,,,,,,,,
49,1.7000000000000002,False,0,0.0,False,11.11111111111111,47.386977315922216,47.05555555555556,-0.20947254811422056,0.41000000000000014,-1.7000000000000002,-1.7000000000000002,8.333333333333334,8.333333333333334,,,,,,,,,
50,0.0,False,0,4.0,False,11.11111111111111,-4.2798798901607595,-4.166666666667555,1.9123031647125672,1.6,0.0,0.0,8.333333333333334,8.333333333333334,,,,,,,,,
50,0.1,False,0,0.0,False,11.11111111111111,21.82040921203355,23.333333333333197,-0.1378241750669016,0.6400000000000019,-0.1,-0.1,8.333333333333334,8.333333333333334,,,,,,,,,
50,0.2,False,0,0.0,False,11.11111111111111,31.66601095325704,32.77777777777763,-0.6804241518762859,0.3600000000000012,-0.2,-0.2,8.333333333333334,8.333333333333334,,,,,,,,,
50,0.30000000000000004,False,0,0.0,False,11.11111111111111,36.22436099770721,37.22222222222216,-0.5138485857137023,0.21999999999999886,-0.30000000000000004,-0.30000000000000004,8.333333333333334,8.333333333333334,,,,,,,,,
50,0.4,False,0,0.0,False,11.11111111111111,35.470827432677254,38.88888888888886,-0.08947792755853423,-6.661338147750939e-16,-0.4,-0.4,8.333333333333334,8.333333333333334,11.11111111111111,35.470827432677254,38.88888888888886,-0.08947792755853423,-6.661338147750939e-16,-0.4,-0.4,8.333333333333334,8.333333333333334
50,0.5,False,0,0.0,False,11.11111111111111,45.60106543465746,46.94444444444444,-0.0587793548913802,1.0500000000000003,-0.5,-0.5,8.333333333333334,8.333333333333334,,,,,,,,,
50,0.6000000000000001,False,0,0.0,False,11.11111111111111,42.28863206709015,44.16666666666667,-0.10081782439377474,0.3400000000000003,-0.6000000000000001,-0.6000000000000001,8.333333333333334,8.333333333333334,,,,,,,,,
50,0.7000000000000001,False,0,0.0,False,11.11111111111111,41.56022024192124,43.05555555555557,-0.20140218798766307,-0.14999999999999925,-0.7000000000000001,-0.7000000000000001,8.333333333333334,8.333333333333334,11.11111111111111,42.50377255507281,43.61111111111112,0.3690893713273051,-0.009999999999999343,-0.7000000000000001,-0.7000000000000001,8.333333333333334,8.333333333333334
50,0.8,False,0,0.0,False,11.11111111111111,41.86295115254791,44.16666666666667,-0.3469722650805478,-0.0800000000000003,-0.8,-0.8,8.333333333333334,8.333333333333334,11.11111111111111,42.648484512556834,44.44444444444446,0.37284744712794904,-2.220446049250313e-16,-0.8,-0.8,8.333333333333334,8.333333333333334
50,0.9,False,0,0.0,False,11.11111111111111,46.998825954920235,46.388888888888886,-0.20162102771246282,0.4299999999999997,-0.9,-0.9,8.333333333333334,8.333333333333334,,,,,,,,,
50,1.0,False,0,0.0,False,11.11111111111111,43.57197169687953,45.277777777777786,-0.2207418012075042,-0.09999999999999987,-1.0,-1.0,8.333333333333334,8.333333333333334,11.11111111111111,45.54766170647966,45.55555555555556,0.34432047392228604,0.0,-1.0,-1.0,8.333333333333334,8.333333333333334
50,1.1,False,0,0.0,False,11.11111111111111,45.86347920379889,46.94444444444444,-0.14575508898643763,0.3900000000000001,-1.1,-1.1,8.333333333333334,8.333333333333334,,,,,,,,,
50,1.2000000000000002,False,0,0.0,False,11.11111111111111,46.60059085607373,46.94444444444444,-0.39956330989507816,0.28000000000000025,-1.2000000000000002,-1.2000000000000002,8.333333333333334,8.333333333333334,,,,,,,,,
50,1.3,False,0,0.0,False,11.11111111111111,46.67975475286279,46.66666666666667,-0.5038804382529256,0.039999999999999813,-1.3,-1.3,8.333333333333334,8.333333333333334,,,,,,,,,
50,1.4000000000000001,False,0,0.0,False,11.11111111111111,46.80488000192392,47.22222222222222,-0.2238400199007513,0.19999999999999973,-1.4000000000000001,-1.4000000000000001,8.333333333333334,8.333333333333334,,,,,,,,,
50,1.5,False,0,0.0,False,11.11111111111111,42.036227399144224,46.11111111111112,-0.10295816212580378,-0.5,-1.5,-1.5,8.333333333333334,8.333333333333334,11.11111111111111,45.939768024528064,46.94444444444444,0.5334240208018719,-0.04999999999999982,-1.5,-1.5,8.333333333333334,8.333333333333334
50,1.6,False,0,0.0,False,11.11111111111111,47.49276762936988,47.22222222222222,-0.41786595779483116,2.220446049250313e-16,-1.6,-1.6,8.333333333333334,8.333333333333334,,,,,,,,,
50,1.7000000000000002,False,0,0.0,False,11.11111111111111,46.249527359682844,47.5,-0.7698276375691329,0.07000000000000028,-1.7000000000000002,-1.7000000000000002,8.333333333333334,8.333333333333334,,,,,,,,,
51,0.0,False,0,4.0,False,11.11111111111111,-1.076775322347646,-4.277777777778698,0.965862449695511,1.6,0.0,0.0,8.333333333333334,8.333333333333334,,,,,,,,,
51,0.1,False,0,0.0,False,11.11111111111111,26.859144574736302,29.05555555555541,-0.15424364624892029,0.8100000000000014,-0.1,-0.1,8.333333333333334,8.333333333333334,,,,,,,,,
51,0.2,False,0,0.0,False,11.11111111111111,35.600162449907444,36.55555555555546,-0.00811044048113696,0.5600000000000005,-0.2,-0.2,8.333333333333334,8.333333333333334,,,,,,,,,
51,0.30000000000000004,False,0,0.0,False,11.11111111111111,39.090942001966,40.7222222222222,-0.12301455595314659,0.48999999999999977,-0.30000000000000004,-0.30000000000000004,8.333333333333334,8.333333333333334,,,,,,,,,
51,0.4,False,0,0.0,False,11.11111111111111,43.58665159064582,44.61111111111112,-0.20431120784439827,0.6799999999999997,-0.4,-0.4,8.333333333333334,8.333333333333334,,,,,,,,,
51,0.5,False,0,0.0,False,11.11111111111111,48.06188046624604,48.77777777777778,-0.20078533975972368,1.2000000000000002,-0.5,-0.5,8.333333333333334,8.333333333333334,,,,,,,,,
51,0.6000000000000001,False,0,0.0,False,11.11111111111111,43.47661330255937,46.0,-0.21268435113920847,0.5200000000000005,-0.6000000000000001,-0.6000000000000001,8.333333333333334,8.333333333333334,,,,,,,,,
51,0.7000000000000001,False,0,0.0,False,11.11111111111111,47.66630428025115,46.833333333333336,-0.05917032872736239,0.5500000000000003,-0.7000000000000001,-0.7000000000000001,8.333333333333334,8.333333333333334,,,,,,,,,
51,0.8,False,0,0.0,False,11.11111111111111,44.80549188131293,45.16666666666667,-0.00040883885759734895,-0.0800000000000003,-0.8,-0.8,8.333333333333334,8.333333333333334,11.11111111111111,45.31188875057964,45.44444444444446,0.4449190350485459,-2.220446049250313e-16,-0.8,-0.8,8.333333333333334,8.333333333333334
51,0.9,False,0,0.0,False,11.11111111111111,46.6816447870126,47.94444444444445,-0.12210101214341673,0.6099999999999999,-0.9,-0.9,8.333333333333334,8.333333333333334,,,,,,,,,
51,1.0,False,0,0.0,False,11.11111111111111,46.40399174218119,47.388888888888886,-0.29043439186112274,0.30000000000000027,-1.0,-1.0,8.333333333333334,8.333333333333334,,,,,,,,,
51,1.1,False,0,0.0,False,11.11111111111111,47.144154773447774,47.11111111111112,-0.07094064913804932,0.0600000000000005,-1.1,-1.1,8.333333333333334,8.333333333333334,,,,,,,,,
51,1.2000000000000002,False,0,0.0,False,11.11111111111111,47.127455909800695,47.11111111111112,-0.2567508913826444,-0.07999999999999963,-1.2000000000000002,-1.2000000000000002,8.333333333333334,8.333333333333334,11.11111111111111,47.127455909800695,47.11111111111112,-0.2567508913826444,-0.07999999999999963,-1.2000000000000002,-1.2000000000000002,8.333333333333334,8.333333333333334
51,1.3,False,0,0.0,False,11.11111111111111,48.3439491957085,49.05555555555556,-0.10047496199919337,0.69,-1.3,-1.3,8.333333333333334,8.333333333333334,,,,,,,,,
51,1.4000000000000001,False,0,0.0,False,11.11111111111111,49.180658358070325,49.88888888888889,-0.15108151242746182,1.04,-1.4000000000000001,-1.4000000000000001,8.333333333333334,8.333333333333334,,,,,,,,,
51,1.5,False,0,0.0,False,11.11111111111111,47.28519522362105,47.94444444444445,-0.6043729107441946,-0.04999999999999982,-1.5,-1.5,8.333333333333334,8.333333333333334,11.11111111111111,47.28519522362105,47.94444444444445,-0.6043729107441946,-0.04999999999999982,-1.5,-1.5,8.333333333333334,8.333333333333334
51,1.6,False,0,0.0,False,11.11111111111111,48.815152639019814,48.5,-0.1599333591535581,0.16000000000000014,-1.6,-1.6,8.333333333333334,8.333333333333334,,,,,,,,,
51,1.7000000000000002,False,0,0.0,False,11.11111111111111,47.96871087433168,48.77777777777778,-0.1584407173601945,0.2400000000000002,-1.7000000000000002,-1.7000000000000002,8.333333333333334,8.333333333333334,,,,,,,,,
52,0.0,False,0,4.0,False,11.11111111111111,-2.840740458177936,-4.211111111110159,0.6514507765328501,1.6,0.0,0.0,8.333333333333334,8.333333333333334,,,,,,,,,
52,0.1,False,0,0.0,False,11.11111111111111,33.137263142899755,33.388888888888744,-0.13169364583782883,0.930000000000001,-0.1,-0.1,8.333333333333334,8.333333333333334,,,,,,,,,
52,0.2,False,0,0.0,False,11.11111111111111,36.15506805993691,38.94444444444437,-0.07946726152620487,0.6600000000000001,-0.2,-0.2,8.333333333333334,8.333333333333334,,,,,,,,,
52,0.30000000000000004,False,0,0.0,False,11.11111111111111,39.47769502759748,40.055555555555515,-0.08596847585223966,0.30999999999999917,-0.30000000000000004,-0.30000000000000004,8.333333333333334,8.333333333333334,,,,,,,,,
52,0.4,False,0,0.0,False,11.11111111111111,45.100203746468225,44.777777777777786,-0.4449756949962864,0.5599999999999996,-0.4,-0.4,8.333333333333334,8.333333333333334,,,,,,,,,
52,0.5,False,0,0.0,False,11.11111111111111,43.613184451619674,45.888888888888886,-0.1311009517307209,0.5,-0.5,-0.5,8.333333333333334,8.333333333333334,,,,,,,,,
52,0.6000000000000001,False,0,0.0,False,11.11111111111111,45.4189962814429,47.55555555555556,-0.05982672377462661,0.6400000000000001,-0.6000000000000001,-0.6000000000000001,8.333333333333334,8.333333333333334,,,,,,,,,
52,0.7000000000000001,False,0,0.0,False,11.11111111111111,45.88606753093719,46.72222222222222,-0.07262038309692609,0.27000000000000046,-0.7000000000000001,-0.7000000000000001,8.333333333333334,8.333333333333334,,,,,,,,,
52,0.8,False,0,0.0,False,11.11111111111111,44.46419276934332,46.72222222222222,-0.7761497410080727,0.07999999999999963,-0.8,-0.8,8.333333333333334,8.333333333333334,,,,,,,,,
52,0.9,False,0,0.0,False,11.11111111111111,47.038674269951635,48.11111111111112,-0.7268513239614787,0.33999999999999986,-0.9,-0.9,8.333333333333334,8.333333333333334,,,,,,,,,
52,1.0,False,0,0.0,False,11.11111111111111,46.6672033359888,48.66666666666667,-0.07495232570232968,0.3999999999999999,-1.0,-1.0,8.333333333333334,8.333333333333334,,,,,,,,,
52,1.1,False,0,0.0,False,11.11111111111111,47.44332304810122,47.277777777777786,-0.648773545473301,-0.2699999999999998,-1.1,-1.1,8.333333333333334,8.333333333333334,11.11111111111111,45.25811834425085,47.833333333333336,0.3101811510893211,-0.0499999999999996,-1.1,-1.1,8.333333333333334,8.333333333333334
52,1.2000000000000002,False,0,0.0,False,11.11111111111111,47.718094999103705,48.11111111111112,-1.2858191761103737,-0.07999999999999963,-1.2000000000000002,-1.2000000000000002,8.333333333333334,8.333333333333334,11.11111111111111,47.718094999103705,48.11111111111112,-1.2858191761103737,-0.07999999999999963,-1.2000000000000002,-1.2000000000000002,8.333333333333334,8.333333333333334
52,1.3,False,0,0.0,False,11.11111111111111,49.236562088833665,49.77777777777778,-0.08454666361428131,0.56,-1.3,-1.3,8.333333333333334,8.333333333333334,,,,,,,,,
52,1.4000000000000001,False,0,0.0,False,11.11111111111111,49.12151467025517,48.94444444444445,-0.6646987992725979,0.05999999999999983,-1.4000000000000001,-1.4000000000000001,8.333333333333334,8.333333333333334,,,,,,,,,
52,1.5,False,0,0.0,False,11.11111111111111,48.6907559934413,48.66666666666667,-0.3228905321850535,-0.19999999999999996,-1.5,-1.5,8.333333333333334,8.333333333333334,11.11111111111111,44.597678936900095,48.94444444444445,0.21507879337899505,-0.04999999999999982,-1.5,-1.5,8.333333333333334,8.333333333333334
52,1.6,False,0,0.0,False,11.11111111111111,47.556342390587204,49.5,-0.510053221886082,0.16000000000000014,-1.6,-1.6,8.333333333333334,8.333333333333334,,,,,,,,,
52,1.7000000000000002,False,0,0.0,False,11.11111111111111,48.97597449962583,49.22222222222222,-0.3307392295672551,-0.09999999999999964,-1.7000000000000002,-1.7000000000000002,8.333333333333334,8.333333333333334,11.11111111111111,48.97597449962583,49.22222222222222,-0.3307392295672551,-0.09999999999999964,-1.7000000000000002,-1.7000000000000002,8.333333333333334,8.333333333333334
53,0.0,False,0,4.0,False,11.11111111111111,-4.003676568003743,-4.222222222223183,1.5891468016760375,1.6,0.0,0.0,8.333333333333334,8.333333333333334,,,,,,,,,
53,0.1,False,0,0.0,False,11.11111111111111,31.430238322027034,32.99999999999986,-0.014336654174098129,0.8800000000000012,-0.1,-0.1,8.333333333333334,8.333333333333334,,,,,,,,,
53,0.2,False,0,0.0,False,11.11111111111111,42.48903313012049,42.44444444444443,-0.11932025326925255,0.8399999999999994,-0.2,-0.2,8.333333333333334,8.333333333333334,,,,,,,,,
53,0.30000000000000004,False,0,0.0,False,11.11111111111111,43.3596782084733,44.111111111111114,-0.11821822079818323,0.6400000000000001,-0.30000000000000004,-0.30000000000000004,8.333333333333334,8.333333333333334,,,,,,,,,
53,0.4,False,0,0.0,False,11.11111111111111,47.22199881060848,47.44444444444446,-0.019552364042549897,0.7999999999999998,-0.4,-0.4,8.333333333333334,8.333333333333334,,,,,,,,,
53,0.5,False,0,0.0,False,11.11111111111111,46.27251361078051,46.33333333333336,-0.43296125582617107,0.3999999999999999,-0.5,-0.5,8.333333333333334,8.333333333333334,,,,,,,,,
53,0.6000000000000001,False,0,0.0,False,11.11111111111111,45.06284514423805,46.61111111111112,-0.5223497701349156,0.22000000000000064,-0.6000000000000001,-0.6000000000000001,8.333333333333334,8.333333333333334,,,,,,,,,
53,0.7000000000000001,False,0,0.0,False,11.11111111111111,46.81303827402875,49.11111111111112,-0.0413361906095191,0.6200000000000001,-0.7000000000000001,-0.7000000000000001,8.333333333333334,8.333333333333334,,,,,,,,,
53,0.8,False,0,0.0,False,11.11111111111111,49.401997536395015,50.77777777777778,-0.01858432415789313,0.9600000000000004,-0.8,-0.8,8.333333333333334,8.333333333333334,,,,,,,,,
53,0.9,False,0,0.0,False,11.11111111111111,47.70765442745626,48.55555555555556,-0.35918457677030746,0.1599999999999997,-0.9,-0.9,8.333333333333334,8.333333333333334,,,,,,,,,
53,1.0,False,0,0.0,False,11.11111111111111,47.77802926058644,48.833333333333336,-0.004053801445886851,0.10000000000000009,-1.0,-1.0,8.333333333333334,8.333333333333334,,,,,,,,,
53,1.1,False,0,0.0,False,11.11111111111111,47.589409519674675,49.388888888888886,-0.012930404876024149,0.17000000000000037,-1.1,-1.1,8.333333333333334,8.333333333333334,,,,,,,,,
53,1.2000000000000002,False,0,0.0,False,11.11111111111111,47.52641357558447,49.66666666666667,-0.06679254443854576,0.16000000000000014,-1.2000000000000002,-1.2000000000000002,8.333333333333334,8.333333333333334,,,,,,,,,
53,1.3,False,0,0.0,False,11.11111111111111,49.39318844580516,49.94444444444445,-0.5026208297375696,0.16999999999999993,-1.3,-1.3,8.333333333333334,8.333333333333334,,,,,,,,,
53,1.4000000000000001,False,0,0.0,False,11.11111111111111,49.55202656581414,49.94444444444445,-0.8076175245683848,0.05999999999999983,-1.4000000000000001,-1.4000000000000001,8.333333333333334,8.333333333333334,,,,,,,,,
53,1.5,False,0,0.0,False,11.11111111111111,49.97043397234119,49.94444444444445,-0.02315028667745822,-0.04999999999999982,-1.5,-1.5,8.333333333333334,8.333333333333334,11.11111111111111,49.97043397234119,49.94444444444445,-0.02315028667745822,-0.04999999999999982,-1.5,-1.5,8.333333333333334,8.333333333333334
53,1.6,False,0,0.0,False,11.11111111111111,49.94100101420911,50.5,-0.12945442211496805,0.16000000000000014,-1.6,-1.6,8.333333333333334,8.333333333333334,,,,,,,,,
53,1.7000000000000002,False,0,0.0,False,11.11111111111111,48.82514183984415,49.388888888888886,-1.052875213517732,-0.6099999999999994,-1.7000000000000002,-1.7000000000000002,8.333333333333334,8.333333333333334,11.11111111111111,47.7782657956761,50.22222222222222,0.059414109840177254,-0.09999999999999964,-1.7000000000000002,-1.7000000000000002,8.333333333333334,8.333333333333334
54,0.0,False,0,4.0,False,11.11111111111111,-1.5579623068428985,-4.266666666665617,2.025727878185987,1.6,0.0,0.0,8.333333333333334,8.333333333333334,,,,,,,,,
54,0.1,False,0,0.0,False,11.11111111111111,39.12036544440927,39.55555555555546,-0.07640641493570399,1.0800000000000005,-0.1,-0.1,8.333333333333334,8.333333333333334,,,,,,,,,
54,0.2,False,0,0.0,False,11.11111111111111,39.101605808007236,40.6666666666666,-0.4694890714105333,0.6400000000000001,-0.2,-0.2,8.333333333333334,8.333333333333334,,,,,,,,,
54,0.30000000000000004,False,0,0.0,False,11.11111111111111,38.397093477827056,42.333333333333286,-0.2552209470955318,0.3399999999999994,-0.30000000000000004,-0.30000000000000004,8.333333333333334,8.333333333333334,,,,,,,,,
54,0.4,False,0,0.0,False,11.11111111111111,44.381320230095895,45.111111111111114,-0.004371066742363983,0.3199999999999994,-0.4,-0.4,8.333333333333334,8.333333333333334,,,,,,,,,
54,0.5,False,0,0.0,False,11.11111111111111,47.99243202725351,48.72222222222222,-0.09048039735100355,0.6499999999999999,-0.5,-0.5,8.333333333333334,8.333333333333334,,,,,,,,,
54,0.6000000000000001,False,0,0.0,False,11.11111111111111,47.83861808204753,48.16666666666667,-0.17794178978724884,0.3400000000000003,-0.6000000000000001,-0.6000000000000001,8.333333333333334,8.333333333333334,,,,,,,,,
54,0.7000000000000001,False,0,0.0,False,11.11111111111111,47.85826212800315,48.16666666666667,-0.1727248082405053,0.13000000000000078,-0.7000000000000001,-0.7000000000000001,8.333333333333334,8.333333333333334,,,,,,,,,
54,0.8,False,0,0.0,False,11.11111111111111,46.27722112355972,47.61111111111112,-0.1579561474354123,-0.24000000000000044,-0.8,-0.8,8.333333333333334,8.333333333333334,11.11111111111111,47.40844652916195,48.44444444444446,0.09161931388306144,-2.220446049250313e-16,-0.8,-0.8,8.333333333333334,8.333333333333334
54,0.9,False,0,0.0,False,11.11111111111111,45.71205477093562,47.888888888888886,-0.5860886581335616,-0.37999999999999967,-0.9,-0.9,8.333333333333334,8.333333333333334,11.11111111111111,47.124665742870604,49.0,1.1319548649852464,-0.02000000000000024,-0.9,-0.9,8.333333333333334,8.333333333333334
54,1.0,False,0,0.0,False,11.11111111111111,48.378010548151366,49.0,-0.7099044455094132,-0.19999999999999996,-1.0,-1.0,8.333333333333334,8.333333333333334,11.11111111111111,49.1990111905216,49.55555555555556,0.23131763692473584,0.0,-1.0,-1.0,8.333333333333334,8.333333333333334
54,1.1,False,0,0.0,False,11.11111111111111,50.28377867136942,50.388888888888886,-0.2397493244695017,0.17000000000000037,-1.1,-1.1,8.333333333333334,8.333333333333334,,,,,,,,,
54,1.2000000000000002,False,0,0.0,False,11.11111111111111,49.70913497828758,50.66666666666667,-0.5146504961033533,0.16000000000000014,-1.2000000000000002,-1.2000000000000002,8.333333333333334,8.333333333333334,,,,,,,,,
54,1.3,False,0,0.0,False,11.11111111111111,52.271463217617885,52.05555555555555,-0.28251969881535244,0.69,-1.3,-1.3,8.333333333333334,8.333333333333334,,,,,,,,,
54,1.4000000000000001,False,0,0.0,False,11.11111111111111,50.900301742470106,51.5,-0.3339000019931073,0.33999999999999986,-1.4000000000000001,-1.4000000000000001,8.333333333333334,8.333333333333334,,,,,,,,,
54,1.5,False,0,0.0,False,11.11111111111111,50.16252423122359,50.94444444444445,-0.18509745645728448,-0.04999999999999982,-1.5,-1.5,8.333333333333334,8.333333333333334,11.11111111111111,50.16252423122359,50.94444444444445,-0.18509745645728448,-0.04999999999999982,-1.5,-1.5,8.333333333333334,8.333333333333334
54,1.6,False,0,0.0,False,11.11111111111111,49.89981521845883,51.22222222222222,-0.16207489941462172,2.220446049250313e-16,-1.6,-1.6,8.333333333333334,8.333333333333334,,,,,,,,,
54,1.7000000000000002,False,0,0.0,False,11.11111111111111,48.65779169735755,50.66666666666667,-0.1094759143561157,-0.4399999999999995,-1.7000000000000002,-1.7000000000000002,8.333333333333334,8.333333333333334,11.11111111111111,47.624322369507944,51.22222222222222,0.7875239185220506,-0.09999999999999964,-1.7000000000000002,-1.7000000000000002,8.333333333333334,8.333333333333334
55,0.0,False,0,4.0,False,11.11111111111111,-4.157411332919781,-4.166666666667726,1.3231092311087922,1.6,0.0,0.0,8.333333333333334,8.333333333333334,,,,,,,,,
55,0.1,False,0,0.0,False,11.11111111111111,22.191320804419828,23.88888888888877,-0.745555180460056,0.48000000000000265,-0.1,-0.1,8.333333333333334,8.333333333333334,,,,,,,,,
55,0.2,False,0,0.0,False,11.11111111111111,38.620709607230054,41.11111111111103,-0.2360355673531216,0.6000000000000005,-0.2,-0.2,8.333333333333334,8.333333333333334,,,,,,,,,
55,0.30000000000000004,False,0,0.0,False,11.11111111111111,45.74655627227153,45.83333333333334,-0.05156548330186994,0.6099999999999999,-0.30000000000000004,-0.30000000000000004,8.333333333333334,8.333333333333334,,,,,,,,,
55,0.4,False,0,0.0,False,11.11111111111111,47.02091088171824,46.666666666666686,-0.004180337535350631,0.39999999999999947,-0.4,-0.4,8.333333333333334,8.333333333333334,,,,,,,,,
55,0.5,False,0,0.0,False,11.11111111111111,49.31513199385651,49.44444444444446,-0.09681264347503094,0.6000000000000001,-0.5,-0.5,8.333333333333334,8.333333333333334,,,,,,,,,
55,0.6000000000000001,False,0,0.0,False,11.11111111111111,47.10087166445696,47.22222222222224,-0.07406810956815058,-0.07999999999999963,-0.6000000000000001,-0.6000000000000001,8.333333333333334,8.333333333333334,11.11111111111111,48.17923828320101,47.50000000000002,0.25501433257179595,-0.019999999999999574,-0.6000000000000001,-0.6000000000000001,8.333333333333334,8.333333333333334
55,0.7000000000000001,False,0,0.0,False,11.11111111111111,48.85103852817363,50.0,-0.14497529435732148,0.3400000000000003,-0.7000000000000001,-0.7000000000000001,8.333333333333334,8.333333333333334,,,,,,,,,
55,0.8,False,0,0.0,False,11.11111111111111,48.95278594935294,49.44444444444446,-0.2677557184701953,-2.220446049250313e-16,-0.8,-0.8,8.333333333333334,8.333333333333334,11.11111111111111,48.95278594935294,49.44444444444446,-0.2677557184701953,-2.220446049250313e-16,-0.8,-0.8,8.333333333333334,8.333333333333334
55,0.9,False,0,0.0,False,11.11111111111111,50.050472581486304,51.388888888888886,-0.23824492177711454,0.4299999999999997,-0.9,-0.9,8.333333333333334,8.333333333333334,,,,,,,,,
55,1.0,False,0,0.0,False,11.11111111111111,50.673700560946166,51.11111111111112,-0.5505591809617094,0.20000000000000018,-1.0,-1.0,8.333333333333334,8.333333333333334,,,,,,,,,
55,1.1,False,0,0.0,False,11.11111111111111,50.36941446597177,50.55555555555556,-0.07022934581665541,-0.1599999999999997,-1.1,-1.1,8.333333333333334,8.333333333333334,11.11111111111111,49.11328298355371,50.833333333333336,1.0089860339636254,-0.0499999999999996,-1.1,-1.1,8.333333333333334,8.333333333333334
55,1.2000000000000002,False,0,0.0,False,11.11111111111111,50.18716195722376,50.833333333333336,-0.3152890393007517,-0.1999999999999995,-1.2000000000000002,-1.2000000000000002,8.333333333333334,8.333333333333334,11.11111111111111,48.70843470667396,51.11111111111112,0.6675201835215887,-0.07999999999999963,-1.2000000000000002,-1.2000000000000002,8.333333333333334,8.333333333333334
55,1.3,False,0,0.0,False,11.11111111111111,49.49558501382367,51.66666666666667,-0.061522136689166285,0.039999999999999813,-1.3,-1.3,8.333333333333334,8.333333333333334,,,,,,,,,
55,1.4000000000000001,False,0,0.0,False,11.11111111111111,49.22192152484616,51.11111111111112,-0.6507964559315504,-0.35999999999999965,-1.4000000000000001,-1.4000000000000001,8.333333333333334,8.333333333333334,11.11111111111111,50.61263220959002,51.66666666666667,0.12632794240289202,-0.08000000000000007,-1.4000000000000001,-1.4000000000000001,8.333333333333334,8.333333333333334
55,1.5,False,0,0.0,False,11.11111111111111,53.840610530756386,53.61111111111111,-0.25047450359592305,0.8500000000000001,-1.5,-1.5,8.333333333333334,8.333333333333334,,,,,,,,,
55,1.6,False,0,0.0,False,11.11111111111111,51.82152023571455,52.22222222222222,-0.39238770736806106,2.220446049250313e-16,-1.6,-1.6,8.333333333333334,8.333333333333334,,,,,,,,,
55,1.7000000000000002,False,0,0.0,False,11.11111111111111,52.47470286126377,52.22222222222222,-0.6392219190548416,-0.09999999999999964,-1.7000000000000002,-1.7000000000000002,8.333333333333334,8.333333333333334,11.11111111111111,52.47470286126377,52.22222222222222,-0.6392219190548416,-0.09999999999999964,-1.7000000000000002,-1.7000000000000002,8.333333333333334,8.333333333333334
56,0.0,False,0,4.0,False,11.11111111111111,-1.7557247642676144,-4.277777777778868,1.486025820037269,1.6,0.0,0.0,8.333333333333334,8.333333333333334,,,,,,,,,
56,0.1,False,0,0.0,False,11.11111111111111,27.23636978671112,29.88888888888874,-0.2343588997985817,0.6600000000000019,-0.1,-0.1,8.333333333333334,8.333333333333334,,,,,,,,,
56,0.2,False,0,0.0,False,11.11111111111111,41.75727660176133,43.22222222222216,-0.1544713492636225,0.6800000000000002,-0.2,-0.2,8.333333333333334,8.333333333333334,,,,,,,,,
56,0.30000000000000004,False,0,0.0,False,11.11111111111111,46.946166313326856,47.666666666666686,-0.04918547428460651,0.7000000000000002,-0.30000000000000004,-0.30000000000000004,8.333333333333334,8.333333333333334,,,,,,,,,
56,0.4,False,0,0.0,False,11.11111111111111,49.61530217170449,50.72222222222222,-0.40728696761292604,0.8399999999999999,-0.4,-0.4,8.333333333333334,8.333333333333334,,,,,,,,,
56,0.5,False,0,0.0,False,11.11111111111111,49.769195668528674,50.72222222222222,-0.10569997096441375,0.6499999999999999,-0.5,-0.5,8.333333333333334,8.333333333333334,,,,,,,,,
56,0.6000000000000001,False,0,0.0,False,11.11111111111111,50.66121957053533,52.11111111111112,-0.044861475412752316,0.7600000000000002,-0.6000000000000001,-0.6000000000000001,8.333333333333334,8.333333333333334,,,,,,,,,
56,0.7000000000000001,False,0,0.0,False,11.11111111111111,47.13726420730188,48.777777777777786,-0.03176732423317241,-0.21999999999999909,-0.7000000000000001,-0.7000000000000001,8.333333333333334,8.333333333333334,11.11111111111111,46.15032662193358,49.61111111111112,0.9748171113348127,-0.009999999999999343,-0.7000000000000001,-0.7000000000000001,8.333333333333334,8.333333333333334
56,0.8,False,0,0.0,False,11.11111111111111,49.88089411591029,52.11111111111112,-0.07551529781954969,0.48,-0.8,-0.8,8.333333333333334,8.333333333333334,,,,,,,,,
56,0.9,False,0,0.0,False,11.11111111111111,52.103305080821904,52.11111111111112,-0.45294884866031593,0.33999999999999986,-0.9,-0.9,8.333333333333334,8.333333333333334,,,,,,,,,
56,1.0,False,0,0.0,False,11.11111111111111,49.800333147133934,51.833333333333336,-0.16189827178959226,0.10000000000000009,-1.0,-1.0,8.333333333333334,8.333333333333334,,,,,,,,,
56,1.1,False,0,0.0,False,11.11111111111111,52.13145657475141,52.66666666666667,-0.052296353757815606,0.28000000000000025,-1.1,-1.1,8.333333333333334,8.333333333333334,,,,,,,,,
56,1.2000000000000002,False,0,0.0,False,11.11111111111111,51.994616417342606,52.94444444444445,-0.2761279578960383,0.28000000000000025,-1.2000000000000002,-1.2000000000000002,8.333333333333334,8.333333333333334,,,,,,,,,
56,1.3,False,0,0.0,False,11.11111111111111,53.32574423134453,53.5,-0.10383041162576245,0.43000000000000016,-1.3,-1.3,8.333333333333334,8.333333333333334,,,,,,,,,
56,1.4000000000000001,False,0,0.0,False,11.11111111111111,50.987364719835305,52.94444444444445,-0.6209743423439533,0.05999999999999983,-1.4000000000000001,-1.4000000000000001,8.333333333333334,8.333333333333334,,,,,,,,,
56,1.5,False,0,0.0,False,11.11111111111111,53.2079478715222,52.94444444444445,-0.0027105943027949664,-0.04999999999999982,-1.5,-1.5,8.333333333333334,8.333333333333334,11.11111111111111,53.2079478715222,52.94444444444445,-0.0027105943027949664,-0.04999999999999982,-1.5,-1.5,8.333333333333334,8.333333333333334
56,1.6,False,0,0.0,False,11.11111111111111,53.494563609054424,53.5,-0.41504724050300723,0.16000000000000014,-1.6,-1.6,8.333333333333334,8.333333333333334,,,,,,,,,
56,1.7000000000000002,False,0,0.0,False,11.11111111111111,52.93870537485172,53.777777777777786,-0.0067489957256827715,0.2400000000000002,-1.7000000000000002,-1.7000000000000002,8.333333333333334,8.333333333333334,,,,,,,,,
57,0.0,False,0,4.0,False,11.11111111111111,-4.0923890587019,-4.211111111109989,1.8882872393112122,1.6,0.0,0.0,8.333333333333334,8.333333333333334,,,,,,,,,
57,0.1,False,0,0.0,False,11.11111111111111,29.697511700842565,29.777777777777654,-0.03934156421451229,0.6200000000000019,-0.1,-0.1,8.333333333333334,8.333333333333334,,,,,,,,,
57,0.2,False,0,0.0,False,11.11111111111111,44.7690978547724,45.055555555555515,-0.165383784308335,0.7399999999999998,-0.2,-0.2,8.333333333333334,8.333333333333334,,,,,,,,,
57,0.30000000000000004,False,0,0.0,False,11.11111111111111,48.98777732285491,48.666666666666686,-0.2276017261402572,0.7000000000000002,-0.30000000000000004,-0.30000000000000004,8.333333333333334,8.333333333333334,,,,,,,,,
57,0.4,False,0,0.0,False,11.11111111111111,47.82489410273905,48.94444444444446,-0.7527113889240169,0.4399999999999995,-0.4,-0.4,8.333333333333334,8.333333333333334,,,,,,,,,
57,0.5,False,0,0.0,False,11.11111111111111,49.78748002242456,52.55555555555556,-0.026905463125127094,0.8000000000000003,-0.5,-0.5,8.333333333333334,8.333333333333334,,,,,,,,,
57,0.6000000000000001,False,0,0.0,False,11.11111111111111,50.807214851012716,50.888888888888886,-0.0549161351647669,0.2800000000000007,-0.6000000000000001,-0.6000000000000001,8.333333333333334,8.333333333333334,,,,,,,,,
57,0.7000000000000001,False,0,0.0,False,11.11111111111111,49.18104991139541,50.61111111111112,-0.46373400226341577,-0.009999999999999343,-0.7000000000000001,-0.7000000000000001,8.333333333333334,8.333333333333334,11.11111111111111,49.18104991139541,50.61111111111112,-0.46373400226341577,-0.009999999999999343,-0.7000000000000001,-0.7000000000000001,8.333333333333334,8.333333333333334
57,0.8,False,0,0.0,False,11.11111111111111,50.32500492752993,51.44444444444446,-0.09086215223091987,-2.220446049250313e-16,-0.8,-0.8,8.333333333333334,8.333333333333334,11.11111111111111,50.32500492752993,51.44444444444446,-0.09086215223091987,-2.220446049250313e-16,-0.8,-0.8,8.333333333333334,8.333333333333334
57,0.9,False,0,0.0,False,11.11111111111111,52.862449917425145,52.833333333333336,-0.0405651120278927,0.24999999999999956,-0.9,-0.9,8.333333333333334,8.333333333333334,,,,,,,,,
57,1.0,False,0,0.0,False,11.11111111111111,52.66285423318905,53.388888888888886,-0.005049621108184299,0.30000000000000027,-1.0,-1.0,8.333333333333334,8.333333333333334,,,,,,,,,
57,1.1,False,0,0.0,False,11.11111111111111,55.517980585144876,55.333333333333336,-0.24188293864674804,0.94,-1.1,-1.1,8.333333333333334,8.333333333333334,,,,,,,,,
57,1.2000000000000002,False,0,0.0,False,11.11111111111111,53.57793999405883,54.22222222222222,-0.06077823473599575,0.3999999999999999,-1.2000000000000002,-1.2000000000000002,8.333333333333334,8.333333333333334,,,,,,,,,
57,1.3,False,0,0.0,False,11.11111111111111,53.69308140286689,55.05555555555555,-0.08802532631150473,0.69,-1.3,-1.3,8.333333333333334,8.333333333333334,,,,,,,,,
57,1.4000000000000001,False,0,0.0,False,11.11111111111111,53.25798629187673,54.5,-0.47307030371447656,0.33999999999999986,-1.4000000000000001,-1.4000000000000001,8.333333333333334,8.333333333333334,,,,,,,,,
57,1.5,False,0,0.0,False,11.11111111111111,53.423006263793916,55.05555555555555,-0.5118173329567297,0.5500000000000003,-1.5,-1.5,8.333333333333334,8.333333333333334,,,,,,,,,
57,1.6,False,0,0.0,False,11.11111111111111,53.96581612624452,53.66666666666667,-0.2724587689603575,-0.31999999999999984,-1.6,-1.6,8.333333333333334,8.333333333333334,11.11111111111111,51.97466107316448,53.94444444444445,0.02489272107721252,-0.1599999999999997,-1.6,-1.6,8.333333333333334,8.333333333333334
57,1.7000000000000002,False,0,0.0,False,11.11111111111111,54.608730338522015,55.888888888888886,-0.021963809716545102,0.9199999999999999,-1.7000000000000002,-1.7000000000000002,8.333333333333334,8.333333333333334,,,,,,,,,
58,0.0,False,0,4.0,False,11.11111111111111,0.27560388231365796,-4.222222222223411,0.5545549620832126,1.6,0.0,0.0,8.333333333333334,8.333333333333334,,,,,,,,,
58,0.1,False,0,0.0,False,11.11111111111111,27.922216686749916,29.94444444444431,-0.18481564556818997,0.5900000000000021,-0.1,-0.1,8.333333333333334,8.333333333333334,,,,,,,,,
58,0.2,False,0,0.0,False,11.11111111111111,39.493492768369336,39.666666666666515,-0.4259545224129111,0.2800000000000016,-0.2,-0.2,8.333333333333334,8.333333333333334,,,,,,,,,
58,0.30000000000000004,False,0,0.0,False,11.11111111111111,52.75122332425266,51.888888888888886,-0.07754490267562919,0.9400000000000004,-0.30000000000000004,-0.30000000000000004,8.333333333333334,8.333333333333334,,,,,,,,,
58,0.4,False,0,0.0,False,11.11111111111111,48.033180668957115,48.55555555555554,-0.3151423232461086,0.23999999999999932,-0.4,-0.4,8.333333333333334,8.333333333333334,,,,,,,,,
58,0.5,False,0,0.0,False,11.11111111111111,50.043724180198154,51.888888888888886,-0.20769849102967752,0.5,-0.5,-0.5,8.333333333333334,8.333333333333334,,,,,,,,,
58,0.6000000000000001,False,0,0.0,False,11.11111111111111,50.18228577852449,51.33333333333336,-0.48804964435842124,0.1600000000000006,-0.6000000000000001,-0.6000000000000001,8.333333333333334,8.333333333333334,,,,,,,,,
58,0.7000000000000001,False,0,0.0,False,11.11111111111111,53.5127463603837,53.0,-0.12977128285575112,0.3400000000000003,-0.7000000000000001,-0.7000000000000001,8.333333333333334,8.333333333333334,,,,,,,,,
58,0.8,False,0,0.0,False,11.11111111111111,52.61432562640274,54.11111111111112,-0.440343347296126,0.48,-0.8,-0.8,8.333333333333334,8.333333333333334,,,,,,,,,
58,0.9,False,0,0.0,False,11.11111111111111,54.03958493625413,54.66666666666667,-0.2146429751319905,0.52,-0.9,-0.9,8.333333333333334,8.333333333333334,,,,,,,,,
58,1.0,False,0,0.0,False,11.11111111111111,52.071296118046234,53.0,-0.3557440580249316,-0.19999999999999996,-1.0,-1.0,8.333333333333334,8.333333333333334,11.11111111111111,52.498100112940364,53.55555555555556,0.2947823909841527,0.0,-1.0,-1.0,8.333333333333334,8.333333333333334
58,1.1,False,0,0.0,False,11.11111111111111,54.39267206971565,54.94444444444445,-0.4448761599637583,0.3900000000000001,-1.1,-1.1,8.333333333333334,8.333333333333334,,,,,,,,,
58,1.2000000000000002,False,0,0.0,False,11.11111111111111,55.5891400681968,55.5,-0.20539871159093126,0.52,-1.2000000000000002,-1.2000000000000002,8.333333333333334,8.333333333333334,,,,,,,,,
58,1.3,False,0,0.0,False,11.11111111111111,52.18999467180559,54.66666666666667,-0.45279350461390067,0.039999999999999813,-1.3,-1.3,8.333333333333334,8.333333333333334,,,,,,,,,
58,1.4000000000000001,False,0,0.0,False,11.11111111111111,53.41257710853458,54.66666666666667,-0.4894882903537239,-0.08000000000000007,-1.4000000000000001,-1.4000000000000001,8.333333333333334,8.333333333333334,11.11111111111111,53.41257710853458,54.66666666666667,-0.4894882903537239,-0.08000000000000007,-1.4000000000000001,-1.4000000000000001,8.333333333333334,8.333333333333334
58,1.5,False,0,0.0,False,11.11111111111111,52.435892974656575,55.22222222222222,-0.026711821256344415,0.10000000000000009,-1.5,-1.5,8.333333333333334,8.333333333333334,,,,,,,,,
58,1.6,False,0,0.0,False,11.11111111111111,56.66850819954781,56.05555555555555,-0.21645605009419588,0.48,-1.6,-1.6,8.333333333333334,8.333333333333334,,,,,,,,,
58,1.7000000000000002,False,0,0.0,False,11.11111111111111,53.257448421412896,55.22222222222222,-1.1693492134036807,-0.09999999999999964,-1.7000000000000002,-1.7000000000000002,8.333333333333334,8.333333333333334,11.11111111111111,53.257448421412896,55.22222222222222,-1.1693492134036807,-0.09999999999999964,-1.7000000000000002,-1.7000000000000002,8.333333333333334,8.333333333333334
59,0.0,False,0,4.0,False,11.11111111111111,-3.169016350186399,-4.266666666665446,1.647747165186606,1.6,0.0,0.0,8.333333333333334,8.333333333333334,,,,,,,,,
59,0.1,False,0,0.0,False,11.11111111111111,46.93461499921507,47.88888888888886,-0.23560368550550614,1.1999999999999997,-0.1,-0.1,8.333333333333334,8.333333333333334,,,,,,,,,
59,0.2,False,0,0.0,False,11.11111111111111,43.40545957935814,44.83333333333324,-0.17737061452484149,0.5800000000000005,-0.2,-0.2,8.333333333333334,8.333333333333334,,,,,,,,,
59,0.30000000000000004,False,0,0.0,False,11.11111111111111,46.68517132523435,47.333333333333286,-0.4217014998073849,0.3399999999999994,-0.30000000000000004,-0.30000000000000004,8.333333333333334,8.333333333333334,,,,,,,,,
59,0.4,False,0,0.0,False,11.11111111111111,46.159830118372284,50.111111111111114,-0.37193555761526964,0.3199999999999994,-0.4,-0.4,8.333333333333334,8.333333333333334,,,,,,,,,
59,0.5,False,0,0.0,False,11.11111111111111,50.45816415629261,50.94444444444446,-0.0963924090068069,0.1499999999999999,-0.5,-0.5,8.333333333333334,8.333333333333334,,,,,,,,,
59,0.6000000000000001,False,0,0.0,False,11.11111111111111,54.25821832632063,54.55555555555556,-0.2879441283349702,0.6400000000000001,-0.6000000000000001,-0.6000000000000001,8.333333333333334,8.333333333333334,,,,,,,,,
59,0.7000000000000001,False,0,0.0,False,11.11111111111111,51.43047790553997,52.05555555555557,-0.24748054664367647,-0.14999999999999925,-0.7000000000000001,-0.7000000000000001,8.333333333333334,8.333333333333334,11.11111111111111,50.29972720138698,52.61111111111112,0.03412326865589299,-0.009999999999999343,-0.7000000000000001,-0.7000000000000001,8.333333333333334,8.333333333333334
59,0.8,False,0,0.0,False,11.11111111111111,51.41963237377997,53.72222222222222,-0.19549915495681902,0.07999999999999963,-0.8,-0.8,8.333333333333334,8.333333333333334,,,,,,,,,
59,0.9,False,0,0.0,False,11.11111111111111,55.30596691810152,55.66666666666667,-0.17227173478437097,0.52,-0.9,-0.9,8.333333333333334,8.333333333333334,,,,,,,,,
59,1.0,False,0,0.0,False,11.11111111111111,54.681353893787865,56.22222222222222,-0.13723962016024327,0.6000000000000001,-1.0,-1.0,8.333333333333334,8.333333333333334,,,,,,,,,
59,1.1,False,0,0.0,False,11.11111111111111,56.760459665388005,56.22222222222222,-0.038797310443709376,0.5000000000000004,-1.1,-1.1,8.333333333333334,8.333333333333334,,,,,,,,,
59,1.2000000000000002,False,0,0.0,False,11.11111111111111,54.670415339352765,55.11111111111112,-0.039379956901107516,-0.07999999999999963,-1.2000000000000002,-1.2000000000000002,8.333333333333334,8.333333333333334,11.11111111111111,54.670415339352765,55.11111111111112,-0.039379956901107516,-0.07999999999999963,-1.2000000000000002,-1.2000000000000002,8.333333333333334,8.333333333333334
59,1.3,False,0,0.0,False,11.11111111111111,51.421678920682325,55.66666666666667,-0.062371678752147774,0.039999999999999813,-1.3,-1.3,8.333333333333334,8.333333333333334,,,,,,,,,
59,1.4000000000000001,False,0,0.0,False,11.11111111111111,54.84883284151994,55.94444444444445,-0.020279693067995153,0.05999999999999983,-1.4000000000000001,-1.4000000000000001,8.333333333333334,8.333333333333334,,,,,,,,,
59,1.5,False,0,0.0,False,11.11111111111111,54.87983605518943,56.777777777777786,-0.3929097649794213,0.3999999999999999,-1.5,-1.5,8.333333333333334,8.333333333333334,,,,,,,,,
59,1.6,False,0,0.0,False,11.11111111111111,55.00935538836832,56.5,-0.011123322438767014,0.16000000000000014,-1.6,-1.6,8.333333333333334,8.333333333333334,,,,,,,,,
59,1.7000000000000002,False,0,0.0,False,11.11111111111111,55.315211513016855,55.94444444444445,-0.7498045212337252,-0.2699999999999996,-1.7000000000000002,-1.7000000000000002,8.333333333333334,8.333333333333334,11.11111111111111,54.75879481261432,56.22222222222222,0.3164824864848157,-0.09999999999999964,-1.7000000000000002,-1.7000000000000002,8.333333333333334,8.333333333333334
