long_dist,lat_vel,Crash,Crash type,minTTC,reacted,ego_speed,perceived_gap,true_gap,perceived_lat_gap,true_lat_gap,perceived_lat_speed,true_lat_speed,perceived_speed,true_speed,entry_ego_speed,entry_perceived_gap,entry_true_gap,entry_perceived_lat_gap,entry_true_lat_gap,entry_perceived_lat_speed,entry_true_lat_speed,entry_perceived_speed,entry_true_speed
1,0.0,False,0,4.0,False,25.0,-3.873634775989988,-3.4444444444444446,1.56226784304416,1.6,0.0,0.0,2.7777777777777777,2.7777777777777777,,,,,,,,,
1,0.1,False,0,4.0,False,25.0,-4.270013664220443,-3.4444444444444446,1.7353076105211005,1.58,0.0,-0.1,2.7777777777777777,2.7777777777777777,25.0,347.9378003011,348.17777777777786,-0.24103903872362942,-0.00999999999999579,-0.1,-0.1,2.7777777777777777,2.7777777777777777
1,0.2,False,0,4.0,False,25.0,-3.466100978415919,-3.4444444444444446,1.4310077583856433,1.56,-0.2,-0.2,2.7777777777777777,2.7777777777777777,25.0,171.54556572996145,170.40000000000003,0.1493247193918621,-0.019999999999997353,-0.2,-0.2,2.7777777777777777,2.7777777777777777
1,0.30000000000000004,False,0,4.0,False,25.0,-3.7104401567863654,-3.4444444444444446,1.519474273362392,1.54,-0.30000000000000004,-0.30000000000000004,2.7777777777777777,2.7777777777777777,25.0,111.27245111164586,110.40000000000002,-0.007840233459348811,-0.020000000000001572,-0.30000000000000004,-0.30000000000000004,2.7777777777777777,2.7777777777777777
1,0.4,False,0,3.599999999999999,False,25.0,-3.4259995117128783,-3.4444444444444446,1.4662486059632864,1.52,-0.4,-0.4,2.7777777777777777,2.7777777777777777,25.0,80.45186871903117,79.2888888888889,0.253029668533872,-6.661338147750939e-16,-0.4,-0.4,2.7777777777777777,2.7777777777777777
1,0.5,False,0,2.7999999999999994,False,25.0,-3.4577643971177583,-3.4444444444444446,1.6312072658801147,1.5,-0.5,-0.5,2.7777777777777777,2.7777777777777777,25.0,61.76905338910876,61.51111111111112,-0.1449512440218379,0.0,-0.5,-0.5,2.7777777777777777,2.7777777777777777
1,0.6000000000000001,False,0,2.2666666666666657,False,25.0,-4.039620059651849,-3.4444444444444446,1.772592819866483,1.48,-0.6,-0.6000000000000001,2.7777777777777777,2.7777777777777777,25.0,51.03288759657022,50.400000000000006,0.2329273998557011,-0.019999999999999574,-0.6000000000000001,-0.6000000000000001,2.7777777777777777,2.7777777777777777
1,0.7000000000000001,False,0,1.885714285714285,False,25.0,-3.4930669701076393,-3.4444444444444446,1.547283614007342,1.46,-0.7000000000000001,-0.7000000000000001,2.7777777777777777,2.7777777777777777,25.0,42.10173837131147,41.51111111111111,0.2972290543659968,-0.009999999999999343,-0.7000000000000001,-0.7000000000000001,2.7777777777777777,2.7777777777777777
1,0.8,False,0,1.6000000000000005,False,25.0,-3.833252838317546,-3.4444444444444446,1.4614686874111293,1.44,-0.8,-0.8,2.7777777777777777,2.7777777777777777,25.0,35.05755897087784,34.84444444444445,0.07146724597727538,-2.220446049250313e-16,-0.8,-0.8,2.7777777777777777,2.7777777777777777
1,0.9,False,0,1.3777777777777782,False,25.0,-3.505492864992874,-3.4444444444444446,1.3435519437165118,1.42,-0.9,-0.9,2.7777777777777777,2.7777777777777777,25.0,31.30908895694854,30.400000000000002,0.12613062790023077,-0.02000000000000024,-0.9,-0.9,2.7777777777777777,2.7777777777777777
1,1.0,False,0,1.2000000000000004,False,25.0,-3.985188667519691,-3.4444444444444446,1.865461851282848,1.4,-0.75,-1.0,2.7777777777777777,2.7777777777777777,25.0,27.15088551930734,25.955555555555556,0.1621499220583016,0.0,-1.0,-1.0,2.7777777777777777,2.7777777777777777
1,1.1,False,0,1.054545454545455,False,25.0,-3.2381075836294215,-3.4444444444444446,1.2301807786815995,1.38,-1.1,-1.1,2.7777777777777777,2.7777777777777777,25.0,23.985955602535093,23.73333333333333,-0.03226453031455767,-0.0499999999999996,-1.1,-1.1,2.7777777777777777,2.7777777777777777
1,1.2000000000000002,False,0,0.9333333333333335,False,25.0,-3.3230346574636025,-3.4444444444444446,1.2567547141573545,1.3599999999999999,-1.2000000000000002,-1.2000000000000002,2.7777777777777777,2.7777777777777777,25.0,21.852417671031485,21.51111111111111,0.0010569611705069093,-0.07999999999999963,-1.2000000000000002,-1.2000000000000002,2.7777777777777777,2.7777777777777777
1,1.3,False,0,0.8307692307692309,False,25.0,-3.8269462740318163,-3.4444444444444446,1.7166363465003358,1.3400000000000003,-1.3,-1.3,2.7777777777777777,2.7777777777777777,25.0,19.69634797029607,19.288888888888888,0.12409201745251774,-0.09000000000000008,-1.3,-1.3,2.7777777777777777,2.7777777777777777
1,1.4000000000000001,False,0,0.7428571428571428,False,25.0,-4.121454393598003,-3.4444444444444446,1.7928734408623535,1.3199999999999998,-1.4000000000000001,-1.4000000000000001,2.7777777777777777,2.7777777777777777,25.0,17.890045186381244,17.066666666666666,0.3525420534571171,-0.08000000000000007,-1.4000000000000001,-1.4000000000000001,2.7777777777777777,2.7777777777777777
1,1.5,False,0,0.6666666666666666,False,25.0,-3.8642702553717783,-3.4444444444444446,1.498042618202608,1.3000000000000003,-1.5,-1.5,2.7777777777777777,2.7777777777777777,25.0,15.977274260882762,14.844444444444445,0.6709906593600081,-0.04999999999999982,-1.5,-1.5,2.7777777777777777,2.7777777777777777
1,1.6,False,0,0.6,False,25.0,-3.938097427004653,-3.4444444444444446,1.4481501316288186,1.2800000000000002,-1.6,-1.6,2.7777777777777777,2.7777777777777777,25.0,14.855872167595361,14.844444444444445,0.005677426202056912,-0.1599999999999997,-1.6,-1.6,2.7777777777777777,2.7777777777777777
1,1.7000000000000002,False,0,0.5411764705882351,False,25.0,-4.07137254269533,-3.4444444444444446,1.5493703921073858,1.2600000000000002,-1.7000000000000002,-1.7000000000000002,2.7777777777777777,2.7777777777777777,25.0,13.126617952696282,12.622222222222224,0.1307047836742936,-0.09999999999999964,-1.7000000000000002,-1.7000000000000002,2.7777777777777777,2.7777777777777777
3,0.0,False,0,4.0,False,25.0,-4.020028165748511,-3.666666666666667,1.797435780783101,1.6,0.0,0.0,2.7777777777777777,2.7777777777777777,,,,,,,,,
3,0.1,False,0,4.0,False,25.0,-4.262219207347546,-3.666666666666667,1.6261129960908112,1.5700000000000003,-0.1,-0.1,2.7777777777777777,2.7777777777777777,25.0,346.3033517989368,346.17777777777786,-0.11587386402795641,-0.00999999999999579,-0.1,-0.1,2.7777777777777777,2.7777777777777777
3,0.2,False,0,4.0,False,25.0,-4.1591077127966845,-3.666666666666667,1.5587579535170155,1.54,-0.2,-0.2,2.7777777777777777,2.7777777777777777,25.0,169.4693822610072,168.40000000000003,-0.05881069789643778,-0.019999999999997353,-0.2,-0.2,2.7777777777777777,2.7777777777777777
3,0.30000000000000004,False,0,4.0,False,25.0,-4.263549674741954,-3.666666666666667,1.5817138795290684,1.5100000000000002,-0.30000000000000004,-0.30000000000000004,2.7777777777777777,2.7777777777777777,25.0,109.1982631975878,108.40000000000002,0.24135859866701947,-0.020000000000001572,-0.30000000000000004,-0.30000000000000004,2.7777777777777777,2.7777777777777777
3,0.4,False,0,3.499999999999999,False,25.0,-3.7518571144557997,-3.666666666666667,1.4407980525624908,1.48,-0.4,-0.4,2.7777777777777777,2.7777777777777777,25.0,77.60210171735308,77.2888888888889,0.37884387772936634,-6.661338147750939e-16,-0.4,-0.4,2.7777777777777777,2.7777777777777777
3,0.5,False,0,2.6999999999999997,False,25.0,-3.547094757789524,-3.666666666666667,1.5072739173560001,1.4500000000000002,-0.5,-0.5,2.7777777777777777,2.7777777777777777,25.0,60.299643562795055,59.51111111111112,0.018700151170156776,0.0,-0.5,-0.5,2.7777777777777777,2.7777777777777777
3,0.6000000000000001,False,0,2.1666666666666665,False,25.0,-4.138820064620357,-3.666666666666667,1.3784467806458238,1.42,-0.6000000000000001,-0.6000000000000001,2.7777777777777777,2.7777777777777777,25.0,48.37558819066201,48.400000000000006,-0.24302382874618345,-0.019999999999999574,-0.6000000000000001,-0.6000000000000001,2.7777777777777777,2.7777777777777777
3,0.7000000000000001,False,0,1.7857142857142858,False,25.0,-4.2183517661849255,-3.666666666666667,1.3969664338698182,1.3900000000000001,-0.7000000000000001,-0.7000000000000001,2.7777777777777777,2.7777777777777777,25.0,39.67838209553939,39.51111111111111,0.0380961284670982,-0.009999999999999343,-0.7000000000000001,-0.7000000000000001,2.7777777777777777,2.7777777777777777
3,0.8,False,0,1.5000000000000004,False,25.0,-3.8812748574611087,-3.666666666666667,1.5974267526125168,1.3599999999999999,-0.8,-0.8,2.7777777777777777,2.7777777777777777,25.0,33.351363019903516,32.84444444444445,0.14416947555386894,-2.220446049250313e-16,-0.8,-0.8,2.7777777777777777,2.7777777777777777
3,0.9,False,0,1.2777777777777775,False,25.0,-3.913029369834825,-3.666666666666667,1.7855741206345437,1.33,-0.75,-0.9,2.7777777777777777,2.7777777777777777,25.0,28.956841010658867,28.400000000000002,-0.02827233772146509,-0.02000000000000024,-0.9,-0.9,2.7777777777777777,2.7777777777777777
3,1.0,False,0,1.0999999999999999,False,25.0,-4.026703634721124,-3.666666666666667,1.4634663542802047,1.3000000000000003,-1.0,-1.0,2.7777777777777777,2.7777777777777777,25.0,24.14576227716506,23.955555555555556,-0.16310441388596186,0.0,-1.0,-1.0,2.7777777777777777,2.7777777777777777
3,1.1,False,0,0.9545454545454545,False,25.0,-3.4653836825400868,-3.666666666666667,1.364954761463069,1.27,-1.1,-1.1,2.7777777777777777,2.7777777777777777,25.0,21.243030797737372,21.73333333333333,0.047864093350693526,-0.0499999999999996,-1.1,-1.1,2.7777777777777777,2.7777777777777777
3,1.2000000000000002,False,0,0.8333333333333333,False,25.0,-3.6187048276646374,-3.666666666666667,1.1770327468949238,1.2400000000000002,-1.2000000000000002,-1.2000000000000002,2.7777777777777777,2.7777777777777777,25.0,19.888198158796442,19.51111111111111,-0.010812672694666903,-0.07999999999999963,-1.2000000000000002,-1.2000000000000002,2.7777777777777777,2.7777777777777777
3,1.3,False,0,0.7307692307692308,False,25.0,-4.071754617647877,-3.666666666666667,1.505675170765874,1.21,-1.3,-1.3,2.7777777777777777,2.7777777777777777,25.0,17.822177811570295,17.288888888888888,0.044434064330481915,-0.09000000000000008,-1.3,-1.3,2.7777777777777777,2.7777777777777777
3,1.4000000000000001,False,0,0.6428571428571427,False,25.0,-4.109145740009121,-3.666666666666667,1.6085212604562718,1.1800000000000002,-1.4000000000000001,-1.4000000000000001,2.7777777777777777,2.7777777777777777,25.0,15.323429476106472,15.066666666666666,0.2258421749826227,-0.08000000000000007,-1.4000000000000001,-1.4000000000000001,2.7777777777777777,2.7777777777777777
3,1.5,False,0,0.5666666666666668,False,25.0,-3.7721242581202032,-3.666666666666667,1.4308987048228143,1.15,-1.5,-1.5,2.7777777777777777,2.7777777777777777,25.0,12.706622408387009,12.844444444444445,-0.18361681902930904,-0.04999999999999982,-1.5,-1.5,2.7777777777777777,2.7777777777777777
3,1.6,False,0,0.5000000000000001,False,25.0,-3.6428766197007905,-3.666666666666667,1.1023018011995802,1.12,-1.6,-1.6,2.7777777777777777,2.7777777777777777,25.0,13.323112069529131,12.844444444444445,0.12377581505665747,-0.1599999999999997,-1.6,-1.6,2.7777777777777777,2.7777777777777777
3,1.7000000000000002,False,0,0.4411764705882352,False,25.0,-3.841132401452249,-3.666666666666667,1.1262407161918628,1.0900000000000003,-1.7000000000000002,-1.7000000000000002,2.7777777777777777,2.7777777777777777,25.0,11.06448399374419,10.622222222222224,0.09783536590901831,-0.09999999999999964,-1.7000000000000002,-1.7000000000000002,2.7777777777777777,2.7777777777777777
5,0.0,False,0,4.0,False,25.0,-4.295169665701196,-3.8888888888888884,1.5258169529235874,1.6,0.0,0.0,2.7777777777777777,2.7777777777777777,,,,,,,,,
5,0.1,False,0,4.0,False,25.0,-3.9654155566329328,-3.8888888888888884,1.787656548827775,1.56,-0.1,-0.1,2.7777777777777777,2.7777777777777777,25.0,344.1788003202299,344.17777777777786,-0.1547906934747889,-0.00999999999999579,-0.1,-0.1,2.7777777777777777,2.7777777777777777
5,0.2,False,0,4.0,False,25.0,-4.100910178901288,-3.8888888888888884,1.401404247639758,1.52,-0.2,-0.2,2.7777777777777777,2.7777777777777777,25.0,166.8285182303169,166.40000000000003,-0.05026418715451508,-0.019999999999997353,-0.2,-0.2,2.7777777777777777,2.7777777777777777
5,0.30000000000000004,False,0,4.0,False,25.0,-4.171347323517101,-3.8888888888888884,1.4235551499176102,1.48,-0.30000000000000004,-0.30000000000000004,2.7777777777777777,2.7777777777777777,25.0,106.98526021090417,106.40000000000002,0.0174675460057665,-0.020000000000001572,-0.30000000000000004,-0.30000000000000004,2.7777777777777777,2.7777777777777777
5,0.4,False,0,3.399999999999999,False,25.0,-3.748558521232094,-3.8888888888888884,1.8426050678698416,1.44,-0.4,-0.4,2.7777777777777777,2.7777777777777777,25.0,75.58977377427115,75.2888888888889,0.004499957861405779,-6.661338147750939e-16,-0.4,-0.4,2.7777777777777777,2.7777777777777777
5,0.5,False,0,2.6,False,25.0,-4.160138832319583,-3.8888888888888884,1.4128081779107888,1.4,-0.5,-0.5,2.7777777777777777,2.7777777777777777,25.0,58.04723157788734,57.51111111111112,0.2493673135688277,0.0,-0.5,-0.5,2.7777777777777777,2.7777777777777777
5,0.6000000000000001,False,0,2.066666666666667,False,25.0,-4.143232354180747,-3.8888888888888884,1.3905052781852003,1.3599999999999999,-0.6000000000000001,-0.6000000000000001,2.7777777777777777,2.7777777777777777,25.0,46.870681353639156,46.400000000000006,0.10488949228249167,-0.019999999999999574,-0.6000000000000001,-0.6000000000000001,2.7777777777777777,2.7777777777777777
5,0.7000000000000001,False,0,1.6857142857142855,False,25.0,-4.26513335673899,-3.8888888888888884,1.3595374246584342,1.3199999999999998,-0.7000000000000001,-0.7000000000000001,2.7777777777777777,2.7777777777777777,25.0,37.79585770646734,37.51111111111111,-0.10558065101011316,-0.009999999999999343,-0.7000000000000001,-0.7000000000000001,2.7777777777777777,2.7777777777777777
5,0.8,False,0,1.4000000000000004,False,25.0,-3.865059821700256,-3.8888888888888884,1.4057527506679652,1.2800000000000002,-0.8,-0.8,2.7777777777777777,2.7777777777777777,25.0,31.174676205659072,30.844444444444445,0.03308925770118587,-2.220446049250313e-16,-0.8,-0.8,2.7777777777777777,2.7777777777777777
5,0.9,False,0,1.1777777777777776,False,25.0,-3.872625598530022,-3.8888888888888884,1.3251235186629255,1.2400000000000002,-0.9,-0.9,2.7777777777777777,2.7777777777777777,25.0,26.63328662587659,26.4,0.11328485280616363,-0.02000000000000024,-0.9,-0.9,2.7777777777777777,2.7777777777777777
5,1.0,False,0,1.0,False,25.0,-3.9835377961236658,-3.8888888888888884,1.2084257121862896,1.2000000000000002,-1.0,-1.0,2.7777777777777777,2.7777777777777777,25.0,22.56376105605928,21.955555555555552,0.42542738990056383,0.0,-1.0,-1.0,2.7777777777777777,2.7777777777777777
5,1.1,False,0,0.8545454545454544,False,25.0,-4.149815740850316,-3.8888888888888884,1.568077906270862,1.1600000000000001,-1.1,-1.1,2.7777777777777777,2.7777777777777777,25.0,19.828846403872266,19.73333333333333,-0.012129106557622116,-0.0499999999999996,-1.1,-1.1,2.7777777777777777,2.7777777777777777
5,1.2000000000000002,False,0,0.7333333333333332,False,25.0,-3.90237609536793,-3.8888888888888884,1.3862801265528102,1.12,-1.2000000000000002,-1.2000000000000002,2.7777777777777777,2.7777777777777777,25.0,18.573206650417752,17.51111111111111,0.3924664828124178,-0.07999999999999963,-1.2000000000000002,-1.2000000000000002,2.7777777777777777,2.7777777777777777
5,1.3,False,0,0.6307692307692306,False,25.0,-3.990028681391867,-3.8888888888888884,1.6414065531874371,1.08,-1.3,-1.3,2.7777777777777777,2.7777777777777777,25.0,16.502023643551087,15.288888888888888,0.3048359940723042,-0.09000000000000008,-1.3,-1.3,2.7777777777777777,2.7777777777777777
5,1.4000000000000001,False,0,0.5428571428571429,False,25.0,-3.7075935190539484,-3.8888888888888884,1.118778193791278,1.04,-1.4000000000000001,-1.4000000000000001,2.7777777777777777,2.7777777777777777,25.0,13.927796013587756,13.066666666666666,-0.11812391976558323,-0.08000000000000007,-1.4000000000000001,-1.4000000000000001,2.7777777777777777,2.7777777777777777
5,1.5,False,0,0.4666666666666668,False,25.0,-4.178745484783854,-3.8888888888888884,1.2863689147404678,1.0,-1.5,-1.5,2.7777777777777777,2.7777777777777777,25.0,12.022649460017451,10.844444444444441,0.5651551020237018,-0.04999999999999982,-1.5,-1.5,2.7777777777777777,2.7777777777777777
5,1.6,False,0,0.4000000000000001,False,25.0,-3.906141895706777,-3.8888888888888884,1.2875795115008417,0.96,-1.6,-1.6,2.7777777777777777,2.7777777777777777,25.0,10.889912091091361,10.844444444444441,0.0064010397122129525,-0.1599999999999997,-1.6,-1.6,2.7777777777777777,2.7777777777777777
5,1.7000000000000002,False,0,0.3411764705882353,False,25.0,-3.6396143923403192,-3.8888888888888884,1.2967090100137284,0.9199999999999999,-1.7000000000000002,-1.7000000000000002,2.7777777777777777,2.7777777777777777,25.0,8.882844534176495,8.62222222222222,0.13045348762290665,-0.09999999999999964,-1.7000000000000002,-1.7000000000000002,2.7777777777777777,2.7777777777777777
7,0.0,False,0,4.0,False,25.0,-4.11828781198579,-4.11111111111111,1.4681418936967359,1.6,0.0,0.0,2.7777777777777777,2.7777777777777777,,,,,,,,,
7,0.1,False,0,4.0,False,25.0,-4.088334793881988,-4.11111111111111,1.519391268640343,1.5500000000000003,-0.1,-0.1,2.7777777777777777,2.7777777777777777,25.0,343.23498650701913,342.17777777777786,-0.13059663100547847,-0.00999999999999579,-0.1,-0.1,2.7777777777777777,2.7777777777777777
7,0.2,False,0,4.0,False,25.0,-4.088974339223673,-4.11111111111111,1.676178172500983,1.5,-0.2,-0.2,2.7777777777777777,2.7777777777777777,25.0,164.74470093158047,164.40000000000003,-0.022038556911617047,-0.019999999999997353,-0.2,-0.2,2.7777777777777777,2.7777777777777777
7,0.30000000000000004,False,0,4.0,False,25.0,-4.233529368369234,-4.11111111111111,1.4155065538088363,1.4500000000000002,-0.30000000000000004,-0.30000000000000004,2.7777777777777777,2.7777777777777777,25.0,104.38821235122506,104.40000000000002,-0.1149539773071604,-0.020000000000001572,-0.30000000000000004,-0.30000000000000004,2.7777777777777777,2.7777777777777777
7,0.4,False,0,3.300000000000001,False,25.0,-3.8714925723562237,-4.11111111111111,1.562110740332935,1.4,-0.4,-0.4,2.7777777777777777,2.7777777777777777,25.0,74.56998495354851,73.2888888888889,-0.010747953170916702,-6.661338147750939e-16,-0.4,-0.4,2.7777777777777777,2.7777777777777777
7,0.5,False,0,2.5000000000000004,False,25.0,-4.164477012132077,-4.11111111111111,1.42223802607056,1.35,-0.5,-0.5,2.7777777777777777,2.7777777777777777,25.0,56.30552420808978,55.51111111111112,0.1141605415827831,0.0,-0.5,-0.5,2.7777777777777777,2.7777777777777777
7,0.6000000000000001,False,0,1.9666666666666663,False,25.0,-4.070029415441897,-4.11111111111111,1.5469487212206854,1.3000000000000003,-0.6000000000000001,-0.6000000000000001,2.7777777777777777,2.7777777777777777,25.0,44.90601859602312,44.400000000000006,0.1136747917401868,-0.019999999999999574,-0.6000000000000001,-0.6000000000000001,2.7777777777777777,2.7777777777777777
7,0.7000000000000001,False,0,1.585714285714285,False,25.0,-3.8612506301037586,-4.11111111111111,1.5765719647195593,1.25,-0.7000000000000001,-0.7000000000000001,2.7777777777777777,2.7777777777777777,25.0,35.541352217853486,35.51111111111111,0.0980819973489182,-0.009999999999999343,-0.7000000000000001,-0.7000000000000001,2.7777777777777777,2.7777777777777777
7,0.8,False,0,1.3,False,25.0,-3.1202752761945485,-4.11111111111111,1.646533615492133,1.2000000000000002,-0.8,-0.8,2.7777777777777777,2.7777777777777777,25.0,29.418585953147808,28.844444444444445,0.30696201984690763,-2.220446049250313e-16,-0.8,-0.8,2.7777777777777777,2.7777777777777777
7,0.9,False,0,1.077777777777778,False,25.0,-3.8749572822735603,-4.11111111111111,1.2934756447649929,1.15,-0.9,-0.9,2.7777777777777777,2.7777777777777777,25.0,24.49463666191621,24.4,0.24140792948466494,-0.02000000000000024,-0.9,-0.9,2.7777777777777777,2.7777777777777777
7,1.0,False,0,0.8999999999999999,False,25.0,-4.003896744395587,-4.11111111111111,1.2620704195061285,1.1,-1.0,-1.0,2.7777777777777777,2.7777777777777777,25.0,20.353535326647542,19.955555555555552,-0.03470117776792714,0.0,-1.0,-1.0,2.7777777777777777,2.7777777777777777
7,1.1,False,0,0.7545454545454545,False,25.0,-4.152263894440014,-4.11111111111111,0.8588444292034749,1.0500000000000003,-1.1,-1.1,2.7777777777777777,2.7777777777777777,25.0,18.202126457465692,17.73333333333333,0.14611251279785842,-0.0499999999999996,-1.1,-1.1,2.7777777777777777,2.7777777777777777
7,1.2000000000000002,False,0,0.6333333333333331,False,25.0,-4.058339942520699,-4.11111111111111,1.4374266995718696,1.0,-1.2000000000000002,-1.2000000000000002,2.7777777777777777,2.7777777777777777,25.0,15.551384000779304,15.51111111111111,-0.13728756101977213,-0.07999999999999963,-1.2000000000000002,-1.2000000000000002,2.7777777777777777,2.7777777777777777
7,1.3,False,0,0.5307692307692307,False,25.0,-4.1273538082966565,-4.11111111111111,1.5181990583262053,0.9500000000000002,-1.3,-1.3,2.7777777777777777,2.7777777777777777,25.0,13.578095082739711,13.288888888888888,0.017801435875872018,-0.09000000000000008,-1.3,-1.3,2.7777777777777777,2.7777777777777777
7,1.4000000000000001,False,0,0.4428571428571429,False,25.0,-3.820899930198798,-4.11111111111111,0.9905634538325749,0.8999999999999999,-1.4000000000000001,-1.4000000000000001,2.7777777777777777,2.7777777777777777,25.0,12.03675947424826,11.066666666666666,0.4098486994366839,-0.08000000000000007,-1.4000000000000001,-1.4000000000000001,2.7777777777777777,2.7777777777777777
7,1.5,False,0,0.36666666666666686,False,25.0,-4.21166323989793,-4.11111111111111,1.1163478160797062,0.8500000000000001,-1.5,-1.5,2.7777777777777777,2.7777777777777777,25.0,9.148871100532567,8.844444444444441,0.13101888199726908,-0.04999999999999982,-1.5,-1.5,2.7777777777777777,2.7777777777777777
7,1.6,False,0,0.3,False,25.0,-4.239790876762387,-4.11111111111111,0.8781868666297021,0.8000000000000003,-1.6,-1.6,2.7777777777777777,2.7777777777777777,25.0,9.402542512227122,8.844444444444441,-0.024182571671199415,-0.1599999999999997,-1.6,-1.6,2.7777777777777777,2.7777777777777777
7,1.7000000000000002,False,0,0.24117647058823535,False,25.0,-3.8905933585096326,-4.11111111111111,0.7995377690516077,0.75,-1.7000000000000002,-1.7000000000000002,2.7777777777777777,2.7777777777777777,25.0,6.796388354667731,6.622222222222221,0.03837497024455794,-0.09999999999999964,-1.7000000000000002,-1.7000000000000002,2.7777777777777777,2.7777777777777777
9,0.0,False,0,4.0,False,25.0,-4.251011291524889,-4.266666666666667,2.012399709840024,1.6,0.0,0.0,2.7777777777777777,2.7777777777777777,,,,,,,,,
9,0.1,False,0,4.0,False,25.0,-3.5220799685786686,-4.266666666666667,1.953965020343499,1.54,-0.1,-0.1,2.7777777777777777,2.7777777777777777,25.0,341.1470884271095,340.17777777777786,0.018498138583737278,-0.00999999999999579,-0.1,-0.1,2.7777777777777777,2.7777777777777777
9,0.2,False,0,4.0,False,25.0,-2.9751403883012975,-4.266666666666667,1.6461571956114955,1.48,-0.2,-0.2,2.7777777777777777,2.7777777777777777,25.0,163.24442143993238,162.40000000000003,0.04123360461044001,-0.019999999999997353,-0.2,-0.2,2.7777777777777777,2.7777777777777777
9,0.30000000000000004,False,0,4.0,False,25.0,-3.7682063630184297,-4.266666666666667,1.3219391132981189,1.42,-0.30000000000000004,-0.30000000000000004,2.7777777777777777,2.7777777777777777,25.0,102.53136127902228,102.40000000000002,0.22265879735787886,-0.020000000000001572,-0.30000000000000004,-0.30000000000000004,2.7777777777777777,2.7777777777777777
9,0.4,False,0,3.300000000000001,False,25.0,-4.143361295829149,-4.266666666666667,1.4409244871243336,1.3599999999999999,-0.4,-0.4,2.7777777777777777,2.7777777777777777,25.0,71.62900861530473,71.2888888888889,0.15215286104184544,-6.661338147750939e-16,-0.4,-0.4,2.7777777777777777,2.7777777777777777
9,0.5,False,0,2.5000000000000004,False,25.0,-4.251605162108469,-4.266666666666667,1.2981082777114463,1.3000000000000003,-0.5,-0.5,2.7777777777777777,2.7777777777777777,25.0,54.165141143603265,53.51111111111112,0.12632757625918511,0.0,-0.5,-0.5,2.7777777777777777,2.7777777777777777
9,0.6000000000000001,False,0,1.9666666666666663,False,25.0,-4.014098357886131,-4.266666666666667,1.282728738932275,1.2400000000000002,-0.6000000000000001,-0.6000000000000001,2.7777777777777777,2.7777777777777777,25.0,42.35435850896812,42.400000000000006,0.010883900836300864,-0.019999999999999574,-0.6000000000000001,-0.6000000000000001,2.7777777777777777,2.7777777777777777
9,0.7000000000000001,False,0,1.585714285714285,False,25.0,-3.730957785294522,-4.266666666666667,1.1986943019560083,1.1800000000000002,-0.7000000000000001,-0.7000000000000001,2.7777777777777777,2.7777777777777777,25.0,34.252088557520366,33.51111111111111,0.11763815210398931,-0.009999999999999343,-0.7000000000000001,-0.7000000000000001,2.7777777777777777,2.7777777777777777
9,0.8,False,0,1.3,False,25.0,-4.168633607299136,-4.266666666666667,1.0999944208669534,1.12,-0.8,-0.8,2.7777777777777777,2.7777777777777777,25.0,27.30140456432096,26.84444444444444,0.06288450670909951,-2.220446049250313e-16,-0.8,-0.8,2.7777777777777777,2.7777777777777777
9,0.9,False,0,1.077777777777778,False,25.0,-4.001109195630407,-4.266666666666667,1.1304431013198935,1.06,-0.9,-0.9,2.7777777777777777,2.7777777777777777,25.0,22.35427615519157,22.4,0.08101270624443879,-0.02000000000000024,-0.9,-0.9,2.7777777777777777,2.7777777777777777
9,1.0,False,0,0.8999999999999999,False,25.0,-3.852796505564302,-4.266666666666667,1.0563109605487901,1.0,-1.0,-1.0,2.7777777777777777,2.7777777777777777,25.0,18.45313647155133,17.955555555555552,0.1785370145001588,0.0,-1.0,-1.0,2.7777777777777777,2.7777777777777777
9,1.1,False,0,0.7545454545454545,False,25.0,-3.3727725204533447,-4.266666666666667,1.4221944006846283,0.94,-1.1,-1.1,2.7777777777777777,2.7777777777777777,25.0,16.242091157802058,15.73333333333333,-0.0009826119974107872,-0.0499999999999996,-1.1,-1.1,2.7777777777777777,2.7777777777777777
9,1.2000000000000002,False,0,0.6333333333333331,False,25.0,-4.100686345946326,-4.266666666666667,0.7988069647430414,0.8799999999999999,-1.2000000000000002,-1.2000000000000002,2.7777777777777777,2.7777777777777777,25.0,13.364531968479547,13.51111111111111,-0.0033992537130800304,-0.07999999999999963,-1.2000000000000002,-1.2000000000000002,2.7777777777777777,2.7777777777777777
9,1.3,False,0,0.5307692307692307,False,25.0,-3.598603815740801,-4.266666666666667,1.109152995275036,0.8199999999999998,-1.3,-1.3,2.7777777777777777,2.7777777777777777,25.0,11.84044454893364,11.288888888888888,0.4106602182990988,-0.09000000000000008,-1.3,-1.3,2.7777777777777777,2.7777777777777777
9,1.4000000000000001,False,0,0.4428571428571429,False,25.0,-4.186857618515078,-4.266666666666667,0.7988128983443308,0.7600000000000002,-1.4000000000000001,-1.4000000000000001,2.7777777777777777,2.7777777777777777,25.0,10.011601009504492,9.066666666666666,0.6817091355952782,-0.08000000000000007,-1.4000000000000001,-1.4000000000000001,2.7777777777777777,2.7777777777777777
9,1.5,False,0,0.36666666666666686,False,25.0,-4.056488979556232,-4.266666666666667,1.1145971562176542,0.7000000000000002,-1.5,-1.5,2.7777777777777777,2.7777777777777777,25.0,7.672289325284274,6.844444444444442,0.45909695120255956,-0.04999999999999982,-1.5,-1.5,2.7777777777777777,2.7777777777777777
9,1.6,False,0,0.3,False,25.0,-3.961646346883936,-4.266666666666667,0.6874657751426385,0.6400000000000001,-1.6,-1.6,2.7777777777777777,2.7777777777777777,25.0,7.843117208304348,6.844444444444442,0.35088952482544133,-0.1599999999999997,-1.6,-1.6,2.7777777777777777,2.7777777777777777
9,1.7000000000000002,False,0,0.24117647058823535,False,25.0,-4.188853103350831,-4.266666666666667,0.23588495711111834,0.5800000000000001,-1.7000000000000002,-1.7000000000000002,2.7777777777777777,2.7777777777777777,25.0,5.068695921687561,4.622222222222221,0.20939810252886604,-0.09999999999999964,-1.7000000000000002,-1.7000000000000002,2.7777777777777777,2.7777777777777777
11,0.0,False,0,4.0,False,25.0,-3.707417792506443,-4.044444444444447,1.5836938044464501,1.6,0.0,0.0,2.7777777777777777,2.7777777777777777,,,,,,,,,
11,0.1,False,0,4.0,False,25.0,-3.405974517084796,-4.044444444444447,1.4673286871984543,1.5300000000000002,-0.1,-0.1,2.7777777777777777,2.7777777777777777,25.0,338.4582600433573,338.17777777777786,0.05049784685714953,-0.00999999999999579,-0.1,-0.1,2.7777777777777777,2.7777777777777777
11,0.2,False,0,4.0,False,25.0,-3.1578146570737564,-4.044444444444447,1.6025677182649636,1.46,-0.2,-0.2,2.7777777777777777,2.7777777777777777,25.0,161.30045026155864,160.40000000000003,-0.0306062379130565,-0.019999999999997353,-0.2,-0.2,2.7777777777777777,2.7777777777777777
11,0.30000000000000004,False,0,4.0,False,25.0,-3.184789848307708,-4.044444444444447,1.4853018726657186,1.3900000000000001,-0.30000000000000004,-0.30000000000000004,2.7777777777777777,2.7777777777777777,25.0,100.32028152240794,100.40000000000002,-0.08112466903486082,-0.020000000000001572,-0.30000000000000004,-0.30000000000000004,2.7777777777777777,2.7777777777777777
11,0.4,False,0,3.200000000000001,False,25.0,-3.239308170723752,-4.044444444444447,1.5631282691478554,1.3200000000000003,-0.4,-0.4,2.7777777777777777,2.7777777777777777,25.0,69.5232351832282,69.2888888888889,-0.05098848978833326,-6.661338147750939e-16,-0.4,-0.4,2.7777777777777777,2.7777777777777777
11,0.5,False,0,2.400000000000001,False,25.0,-2.5658479482048877,-4.044444444444447,1.5912530003424452,1.25,-0.5,-0.5,2.7777777777777777,2.7777777777777777,25.0,51.77142659078615,51.51111111111112,-0.006424075017892106,0.0,-0.5,-0.5,2.7777777777777777,2.7777777777777777
11,0.6000000000000001,False,0,1.866666666666667,False,25.0,-3.635401727588664,-4.044444444444447,1.256536917804575,1.1800000000000002,-0.6000000000000001,-0.6000000000000001,2.7777777777777777,2.7777777777777777,25.0,40.86248170641727,40.400000000000006,-0.17079784532866094,-0.019999999999999574,-0.6000000000000001,-0.6000000000000001,2.7777777777777777,2.7777777777777777
11,0.7000000000000001,False,0,1.4857142857142855,False,25.0,-4.075130787051182,-4.044444444444447,1.1159917435814601,1.1099999999999999,-0.7000000000000001,-0.7000000000000001,2.7777777777777777,2.7777777777777777,25.0,32.064237980100465,31.51111111111111,0.017552234209122997,-0.009999999999999343,-0.7000000000000001,-0.7000000000000001,2.7777777777777777,2.7777777777777777
11,0.8,False,0,1.2000000000000004,False,25.0,-3.396385555585158,-4.044444444444447,1.2138251919996992,1.04,-0.8,-0.8,2.7777777777777777,2.7777777777777777,25.0,25.538016026278175,24.84444444444444,-0.09746763542534831,-2.220446049250313e-16,-0.8,-0.8,2.7777777777777777,2.7777777777777777
11,0.9,False,0,0.9777777777777776,False,25.0,-3.6452844310797436,-4.044444444444447,1.3578479929911285,0.9700000000000002,-0.9,-0.9,2.7777777777777777,2.7777777777777777,25.0,21.52913738359705,20.4,0.03902611713046755,-0.02000000000000024,-0.9,-0.9,2.7777777777777777,2.7777777777777777
11,1.0,False,0,0.8000000000000003,False,25.0,-4.075917756710477,-4.044444444444447,1.1948532131844867,0.8999999999999999,-1.0,-1.0,2.7777777777777777,2.7777777777777777,25.0,15.896557596873272,15.955555555555552,-0.002684600861179165,0.0,-1.0,-1.0,2.7777777777777777,2.7777777777777777
11,1.1,False,0,0.6545454545454547,False,25.0,-4.266443836781337,-4.044444444444447,0.7848391702968462,0.8300000000000001,-1.1,-1.1,2.7777777777777777,2.7777777777777777,25.0,14.547322974302062,13.73333333333333,0.38073546565615457,-0.0499999999999996,-1.1,-1.1,2.7777777777777777,2.7777777777777777
11,1.2000000000000002,False,0,0.5333333333333333,False,25.0,-3.548960723159815,-4.044444444444447,0.9233163476921771,0.7599999999999998,-1.2000000000000002,-1.2000000000000002,2.7777777777777777,2.7777777777777777,25.0,12.35028899194145,11.51111111111111,0.2739311672819844,-0.07999999999999963,-1.2000000000000002,-1.2000000000000002,2.7777777777777777,2.7777777777777777
11,1.3,False,0,0.4307692307692308,False,25.0,-3.9527627122426763,-4.044444444444447,0.6790744222382474,0.69,-1.3,-1.3,2.7777777777777777,2.7777777777777777,25.0,10.023426757571432,9.288888888888888,0.24716690375625872,-0.09000000000000008,-1.3,-1.3,2.7777777777777777,2.7777777777777777
11,1.4000000000000001,False,0,0.3428571428571428,False,25.0,-3.670871956610937,-4.044444444444447,0.6800930052771226,0.6200000000000001,-1.4000000000000001,-1.4000000000000001,2.7777777777777777,2.7777777777777777,25.0,7.899555753526649,7.066666666666667,0.42623063542815,-0.08000000000000007,-1.4000000000000001,-1.4000000000000001,2.7777777777777777,2.7777777777777777
11,1.5,False,0,0.2666666666666666,False,25.0,-4.04409148906474,-4.044444444444447,0.6229396318306324,0.5500000000000003,-1.5,-1.5,2.7777777777777777,2.7777777777777777,25.0,4.877665471841216,4.844444444444442,-0.06309244242107459,-0.04999999999999982,-1.5,-1.5,2.7777777777777777,2.7777777777777777
11,1.6,False,0,0.20000000000000018,False,25.0,-2.562825662496638,-4.044444444444447,1.1732659229222469,0.48,-1.6,-1.6,2.7777777777777777,2.7777777777777777,25.0,5.068611798753548,4.844444444444442,-0.018241320057299948,-0.1599999999999997,-1.6,-1.6,2.7777777777777777,2.7777777777777777
11,1.7000000000000002,False,0,0.1411764705882354,False,25.0,-3.6929136778398393,-4.044444444444447,0.724395427361705,0.41000000000000014,-1.7000000000000002,-1.7000000000000002,2.7777777777777777,2.7777777777777777,25.0,3.025938063142264,2.622222222222221,0.33540496180738044,-0.09999999999999964,-1.7000000000000002,-1.7000000000000002,2.7777777777777777,2.7777777777777777
13,0.0,False,0,4.0,False,25.0,-3.071176371240653,-3.822222222222222,1.7892550773467288,1.6,0.0,0.0,2.7777777777777777,2.7777777777777777,,,,,,,,,
13,0.1,False,0,4.0,False,25.0,-3.6112462506870875,-3.822222222222222,1.672253801273674,1.52,-0.1,-0.1,2.7777777777777777,2.7777777777777777,25.0,336.6088854220563,336.17777777777786,0.1389611253973717,-0.00999999999999579,-0.1,-0.1,2.7777777777777777,2.7777777777777777
13,0.2,False,0,4.0,False,25.0,-3.021031780092687,-3.822222222222222,1.5433085219585472,1.44,-0.2,-0.2,2.7777777777777777,2.7777777777777777,25.0,159.4591765106682,158.40000000000003,0.032327206509733086,-0.019999999999997353,-0.2,-0.2,2.7777777777777777,2.7777777777777777
13,0.30000000000000004,False,0,4.0,False,25.0,-3.329024511850448,-3.822222222222222,1.5949359832605428,1.3599999999999999,-0.30000000000000004,-0.30000000000000004,2.7777777777777777,2.7777777777777777,25.0,99.04785529663862,98.40000000000002,0.1396741109553039,-0.020000000000001572,-0.30000000000000004,-0.30000000000000004,2.7777777777777777,2.7777777777777777
13,0.4,False,0,3.100000000000001,False,25.0,-3.5187034703884477,-3.822222222222222,1.4567714452516975,1.2800000000000002,-0.4,-0.4,2.7777777777777777,2.7777777777777777,25.0,68.80282145811759,67.2888888888889,0.3895546074880989,-6.661338147750939e-16,-0.4,-0.4,2.7777777777777777,2.7777777777777777
13,0.5,False,0,2.2999999999999994,False,25.0,-3.5122560110642302,-3.822222222222222,1.2073484916341228,1.2000000000000002,-0.5,-0.5,2.7777777777777777,2.7777777777777777,25.0,50.23825099076994,49.51111111111112,0.10878276938996212,0.0,-0.5,-0.5,2.7777777777777777,2.7777777777777777
13,0.6000000000000001,False,0,1.7666666666666662,False,25.0,-2.993534700973771,-3.822222222222222,1.345989855130961,1.12,-0.6000000000000001,-0.6000000000000001,2.7777777777777777,2.7777777777777777,25.0,38.84352064369878,38.400000000000006,0.08629845585526752,-0.019999999999999574,-0.6000000000000001,-0.6000000000000001,2.7777777777777777,2.7777777777777777
13,0.7000000000000001,False,0,1.385714285714286,False,25.0,-3.741425647775201,-3.822222222222222,0.7291924679650696,1.04,-0.7000000000000001,-0.7000000000000001,2.7777777777777777,2.7777777777777777,25.0,30.073862473432154,29.51111111111111,-0.20461276705612907,-0.009999999999999343,-0.7000000000000001,-0.7000000000000001,2.7777777777777777,2.7777777777777777
13,0.8,False,0,1.1000000000000003,False,25.0,-3.303476181541728,-3.822222222222222,0.849924215352583,0.9600000000000004,-0.8,-0.8,2.7777777777777777,2.7777777777777777,25.0,22.694881796298123,22.84444444444444,-0.13024086381867184,-2.220446049250313e-16,-0.8,-0.8,2.7777777777777777,2.7777777777777777
13,0.9,False,0,0.8777777777777778,False,25.0,-3.0204603761925304,-3.822222222222222,1.0368389944654437,0.8799999999999999,-0.9,-0.9,2.7777777777777777,2.7777777777777777,25.0,18.859597646332972,18.4,0.14541794622302984,-0.02000000000000024,-0.9,-0.9,2.7777777777777777,2.7777777777777777
13,1.0,False,0,0.7000000000000002,False,25.0,-3.1862791897506986,-3.822222222222222,0.9103358919091122,0.8000000000000003,-1.0,-1.0,2.7777777777777777,2.7777777777777777,25.0,14.865245773552598,13.955555555555552,-8.991767226373959e-05,0.0,-1.0,-1.0,2.7777777777777777,2.7777777777777777
13,1.1,False,0,0.5545454545454548,False,25.0,-3.781268420923783,-3.822222222222222,0.8650858415048255,0.7200000000000002,-1.1,-1.1,2.7777777777777777,2.7777777777777777,25.0,11.900187215186364,11.73333333333333,-0.06280856565032056,-0.0499999999999996,-1.1,-1.1,2.7777777777777777,2.7777777777777777
13,1.2000000000000002,False,0,0.4333333333333333,False,25.0,-3.396253467980684,-3.822222222222222,0.9968706967154155,0.6400000000000001,-1.2000000000000002,-1.2000000000000002,2.7777777777777777,2.7777777777777777,25.0,9.709800862902377,9.51111111111111,-0.15070723034319466,-0.07999999999999963,-1.2000000000000002,-1.2000000000000002,2.7777777777777777,2.7777777777777777
13,1.3,False,0,0.33076923076923087,False,25.0,-3.6262087251453385,-3.822222222222222,0.8442803201655105,0.56,-1.3,-1.3,2.7777777777777777,2.7777777777777777,25.0,7.349747152955723,7.288888888888889,0.04322170469930264,-0.09000000000000008,-1.3,-1.3,2.7777777777777777,2.7777777777777777
13,1.4000000000000001,False,0,0.24285714285714274,False,25.0,-3.046446418899097,-3.822222222222222,0.7811518887864879,0.48,-1.4000000000000001,-1.4000000000000001,2.7777777777777777,2.7777777777777777,25.0,5.657448551097532,5.066666666666667,0.10400219062248928,-0.08000000000000007,-1.4000000000000001,-1.4000000000000001,2.7777777777777777,2.7777777777777777
13,1.5,False,0,0.16666666666666666,True,25.0,-4.174313987533625,-3.822222222222222,0.29652210595444917,0.3999999999999999,-1.5,-1.5,2.7777777777777777,2.7777777777777777,25.0,4.1390603123857135,2.8444444444444423,0.6789335506529874,-0.04999999999999982,-1.5,-1.5,2.7777777777777777,2.7777777777777777
13,1.6,False,0,0.10000000000000009,False,25.0,-3.9152075270476727,-3.822222222222222,0.24772453145407614,0.3200000000000003,-1.6,-1.6,2.7777777777777777,2.7777777777777777,25.0,3.109053829416532,2.8444444444444423,-0.06361824377444858,-0.1599999999999997,-1.6,-1.6,2.7777777777777777,2.7777777777777777
13,1.7000000000000002,False,0,0.04117647058823546,True,25.0,-3.7798524560247904,-3.822222222222222,0.34433829129898585,0.2400000000000002,-1.7000000000000002,-1.7000000000000002,2.7777777777777777,2.7777777777777777,25.0,0.8637904264206755,0.6222222222222209,-0.08814007085770492,-0.09999999999999964,-1.7000000000000002,-1.7000000000000002,2.7777777777777777,2.7777777777777777
15,0.0,False,0,4.0,False,25.0,-3.2594078815706906,-3.6000000000000005,1.756694020932232,1.6,0.0,0.0,2.7777777777777777,2.7777777777777777,,,,,,,,,
15,0.1,False,0,4.0,False,25.0,-2.8397116323495437,-3.6000000000000005,1.5417475325393917,1.5100000000000002,-0.1,-0.1,2.7777777777777777,2.7777777777777777,25.0,334.5252740429046,334.17777777777786,0.1449534229470797,-0.00999999999999579,-0.1,-0.1,2.7777777777777777,2.7777777777777777
15,0.2,False,0,4.0,False,25.0,-3.418542956605111,-3.6000000000000005,1.5233582268945183,1.42,-0.2,-0.2,2.7777777777777777,2.7777777777777777,25.0,156.7100401299644,156.40000000000003,-0.10945622260230659,-0.019999999999997353,-0.2,-0.2,2.7777777777777777,2.7777777777777777
15,0.30000000000000004,False,0,4.0,False,25.0,-3.351336795049419,-3.6000000000000005,1.155545934878214,1.33,-0.30000000000000004,-0.30000000000000004,2.7777777777777777,2.7777777777777777,25.0,96.46567134427006,96.40000000000002,0.1774167875433421,-0.020000000000001572,-0.30000000000000004,-0.30000000000000004,2.7777777777777777,2.7777777777777777
15,0.4,False,0,3.000000000000001,False,25.0,-3.2671727690495507,-3.6000000000000005,1.043977335563889,1.2400000000000002,-0.4,-0.4,2.7777777777777777,2.7777777777777777,25.0,65.31631442789266,65.2888888888889,-0.0015731493212494119,-6.661338147750939e-16,-0.4,-0.4,2.7777777777777777,2.7777777777777777
15,0.5,False,0,2.1999999999999997,False,25.0,-3.817737706842631,-3.6000000000000005,1.336882424669966,1.15,-0.5,-0.5,2.7777777777777777,2.7777777777777777,25.0,47.9371628613373,47.51111111111112,0.1186973366550852,0.0,-0.5,-0.5,2.7777777777777777,2.7777777777777777
15,0.6000000000000001,False,0,1.6666666666666665,False,25.0,-3.1557553785035344,-3.6000000000000005,1.0619062899738525,1.06,-0.6000000000000001,-0.6000000000000001,2.7777777777777777,2.7777777777777777,25.0,36.66491519398048,36.400000000000006,0.12762543772626112,-0.019999999999999574,-0.6000000000000001,-0.6000000000000001,2.7777777777777777,2.7777777777777777
15,0.7000000000000001,False,0,1.2857142857142854,False,25.0,-2.652008589625381,-3.6000000000000005,1.4639958523323062,0.9700000000000002,-0.7000000000000001,-0.7000000000000001,2.7777777777777777,2.7777777777777777,25.0,28.19697636219062,27.51111111111111,0.05934313294490967,-0.009999999999999343,-0.7000000000000001,-0.7000000000000001,2.7777777777777777,2.7777777777777777
15,0.8,False,0,1.0000000000000002,False,25.0,-3.0136260163479838,-3.6000000000000005,1.1548972681499388,0.8800000000000003,-0.8,-0.8,2.7777777777777777,2.7777777777777777,25.0,20.99475564925907,20.84444444444444,-0.01699841285894954,-2.220446049250313e-16,-0.8,-0.8,2.7777777777777777,2.7777777777777777
15,0.9,False,0,0.7777777777777775,False,25.0,-3.23222042939605,-3.6000000000000005,1.187736754334893,0.79,-0.9,-0.9,2.7777777777777777,2.7777777777777777,25.0,16.31862240493108,16.4,-0.15535820406502565,-0.02000000000000024,-0.9,-0.9,2.7777777777777777,2.7777777777777777
15,1.0,False,0,0.6000000000000001,False,25.0,-3.155267877777873,-3.6000000000000005,0.7955803217240622,0.7000000000000002,-1.0,-1.0,2.7777777777777777,2.7777777777777777,25.0,12.008870134601953,11.955555555555552,0.0710316241618727,0.0,-1.0,-1.0,2.7777777777777777,2.7777777777777777
15,1.1,False,0,0.4545454545454549,False,25.0,-3.045561141843801,-3.6000000000000005,0.7247739535483002,0.6100000000000003,-1.1,-1.1,2.7777777777777777,2.7777777777777777,25.0,10.047412638049654,9.73333333333333,-0.08966450941048554,-0.0499999999999996,-1.1,-1.1,2.7777777777777777,2.7777777777777777
15,1.2000000000000002,False,0,0.3333333333333332,False,25.0,-3.7578823015184133,-3.6000000000000005,0.6889961345316697,0.52,-1.2000000000000002,-1.2000000000000002,2.7777777777777777,2.7777777777777777,25.0,7.5502625137656105,7.51111111111111,-0.04083345396238469,-0.07999999999999963,-1.2000000000000002,-1.2000000000000002,2.7777777777777777,2.7777777777777777
15,1.3,False,0,0.23076923076923062,False,25.0,-2.960596613561683,-3.6000000000000005,0.6096669886665222,0.43000000000000016,-1.3,-1.3,2.7777777777777777,2.7777777777777777,25.0,5.274449830176537,5.288888888888889,-0.09315653989699091,-0.09000000000000008,-1.3,-1.3,2.7777777777777777,2.7777777777777777
15,1.4000000000000001,False,0,0.14285714285714265,False,25.0,-3.663216261610553,-3.6000000000000005,0.40610500948685546,0.33999999999999986,-1.4000000000000001,-1.4000000000000001,2.7777777777777777,2.7777777777777777,25.0,3.518726998164653,3.0666666666666673,-0.14039954564487234,-0.08000000000000007,-1.4000000000000001,-1.4000000000000001,2.7777777777777777,2.7777777777777777
15,1.5,False,0,0.06666666666666672,True,25.0,-3.605952466415739,-3.6000000000000005,0.28063123215161534,0.25,-1.5,-1.5,2.7777777777777777,2.7777777777777777,25.0,2.151385990257393,0.8444444444444423,0.4087770564663349,-0.04999999999999982,-1.5,-1.5,2.7777777777777777,2.7777777777777777
15,1.6,False,0,1.3877787807814457e-16,False,25.0,-2.6430588695967776,-3.6000000000000005,0.7566870569068049,0.16000000000000014,-1.6,-1.6,2.7777777777777777,2.7777777777777777,25.0,0.8008379359279845,0.8444444444444423,-0.3286140947007561,-0.1599999999999997,-1.6,-1.6,2.7777777777777777,2.7777777777777777
15,1.7000000000000002,True,1,0.0,True,25.0,-2.977948651203568,-3.6000000000000005,0.4722804067198494,0.07000000000000028,-1.7000000000000002,-1.7000000000000002,2.7777777777777777,2.7777777777777777,25.0,-0.22615579096950977,-1.377777777777779,0.7004173781446883,-0.09999999999999964,-1.7000000000000002,-1.7000000000000002,2.7777777777777777,2.7777777777777777
17,0.0,False,0,4.0,False,25.0,-2.607013496338726,-3.377777777777779,1.6582700678055082,1.6,0.0,0.0,2.7777777777777777,2.7777777777777777,,,,,,,,,
17,0.1,False,0,4.0,False,25.0,-2.9089979038105183,-3.377777777777779,1.580404489422515,1.5,-0.1,-0.1,2.7777777777777777,2.7777777777777777,25.0,332.26729885113866,332.17777777777786,-0.17398755834142499,-0.00999999999999579,-0.1,-0.1,2.7777777777777777,2.7777777777777777
17,0.2,False,0,4.0,False,25.0,-3.248630722865385,-3.377777777777779,1.4186187722000123,1.4,-0.2,-0.2,2.7777777777777777,2.7777777777777777,25.0,154.85203581030044,154.40000000000003,-0.18383326091797936,-0.019999999999997353,-0.2,-0.2,2.7777777777777777,2.7777777777777777
17,0.30000000000000004,False,0,4.0,False,25.0,-2.34822741216746,-3.377777777777779,1.0984574225249282,1.3000000000000003,-0.30000000000000004,-0.30000000000000004,2.7777777777777777,2.7777777777777777,25.0,94.56204451435848,94.40000000000002,0.19388317492826568,-0.020000000000001572,-0.30000000000000004,-0.30000000000000004,2.7777777777777777,2.7777777777777777
17,0.4,False,0,2.900000000000001,False,25.0,-2.922884017563873,-3.377777777777779,1.1305790606840458,1.2000000000000002,-0.4,-0.4,2.7777777777777777,2.7777777777777777,25.0,64.33458127016857,63.288888888888906,0.29188344927241205,-6.661338147750939e-16,-0.4,-0.4,2.7777777777777777,2.7777777777777777
17,0.5,False,0,2.1,False,25.0,-2.7187174177419804,-3.377777777777779,1.374956773835987,1.1,-0.5,-0.5,2.7777777777777777,2.7777777777777777,25.0,46.60445512583661,45.51111111111112,0.14972695588582408,0.0,-0.5,-0.5,2.7777777777777777,2.7777777777777777
17,0.6000000000000001,False,0,1.5666666666666664,False,25.0,-3.0174283113966025,-3.377777777777779,1.0093055557680923,1.0,-0.6000000000000001,-0.6000000000000001,2.7777777777777777,2.7777777777777777,25.0,34.81146675725192,34.400000000000006,-0.08830319442329104,-0.019999999999999574,-0.6000000000000001,-0.6000000000000001,2.7777777777777777,2.7777777777777777
17,0.7000000000000001,False,0,1.1857142857142857,False,25.0,-3.2898152042137943,-3.377777777777779,0.9095554027939254,0.8999999999999999,-0.7000000000000001,-0.7000000000000001,2.7777777777777777,2.7777777777777777,25.0,26.08006615815544,25.51111111111111,-0.28858718805262584,-0.009999999999999343,-0.7000000000000001,-0.7000000000000001,2.7777777777777777,2.7777777777777777
17,0.8,False,0,0.9000000000000002,False,25.0,-3.316206664010248,-3.377777777777779,0.8347500466725766,0.8000000000000003,-0.8,-0.8,2.7777777777777777,2.7777777777777777,25.0,19.31005706766935,18.84444444444444,0.09791852497374354,-2.220446049250313e-16,-0.8,-0.8,2.7777777777777777,2.7777777777777777
17,0.9,False,0,0.6777777777777776,False,25.0,-3.3737742413798015,-3.377777777777779,0.856251245376932,0.6999999999999997,-0.9,-0.9,2.7777777777777777,2.7777777777777777,25.0,14.960383225665158,14.399999999999999,0.39778270687801554,-0.02000000000000024,-0.9,-0.9,2.7777777777777777,2.7777777777777777
17,1.0,False,0,0.5,False,25.0,-3.2922267681684003,-3.377777777777779,0.3978327168484226,0.6000000000000001,-1.0,-1.0,2.7777777777777777,2.7777777777777777,25.0,10.378037131489371,9.955555555555552,-0.004621342222565605,0.0,-1.0,-1.0,2.7777777777777777,2.7777777777777777
17,1.1,False,0,0.3545454545454546,True,25.0,-2.572708864695673,-3.377777777777779,0.9738379062004285,0.5000000000000004,-1.1,-1.1,2.7777777777777777,2.7777777777777777,25.0,8.103224281841488,7.733333333333332,0.30030450628562155,-0.0499999999999996,-1.1,-1.1,2.7777777777777777,2.7777777777777777
17,1.2000000000000002,False,0,0.2333333333333335,False,25.0,-2.9801002569785764,-3.377777777777779,0.7909480904812467,0.3999999999999999,-1.2000000000000002,-1.2000000000000002,2.7777777777777777,2.7777777777777777,25.0,5.770925137844775,5.51111111111111,0.04055973111789335,-0.07999999999999963,-1.2000000000000002,-1.2000000000000002,2.7777777777777777,2.7777777777777777
17,1.3,False,0,0.13076923076923072,False,25.0,-3.001818002192052,-3.377777777777779,0.4431297221750574,0.2999999999999998,-1.3,-1.3,2.7777777777777777,2.7777777777777777,25.0,3.5372898449921104,3.2888888888888888,0.2421002928422773,-0.09000000000000008,-1.3,-1.3,2.7777777777777777,2.7777777777777777
17,1.4000000000000001,False,0,0.04285714285714273,False,25.0,-2.974079183148759,-3.377777777777779,0.2581998907192635,0.19999999999999973,-1.4000000000000001,-1.4000000000000001,2.7777777777777777,2.7777777777777777,25.0,1.423031036759192,1.0666666666666673,0.22905242971630946,-0.08000000000000007,-1.4000000000000001,-1.4000000000000001,2.7777777777777777,2.7777777777777777
17,1.5,True,1,0.0,False,25.0,-2.6106239047893416,-3.377777777777779,0.2973133836688229,0.10000000000000009,-1.5,-1.5,2.7777777777777777,2.7777777777777777,25.0,-0.7105970149460594,-1.1555555555555577,0.0722394792035741,-0.04999999999999982,-1.5,-1.5,2.7777777777777777,2.7777777777777777
17,1.6,True,1,0.0,True,25.0,-3.3567803788135455,-3.377777777777779,0.06044009350196,2.220446049250313e-16,-1.6,-1.6,2.7777777777777777,2.7777777777777777,25.0,-0.8398037684844111,-1.1555555555555577,-0.17060188422052858,-0.1599999999999997,-1.6,-1.6,2.7777777777777777,2.7777777777777777
17,1.7000000000000002,True,1,0.0,True,25.0,-3.2196213797931703,-3.377777777777779,-0.3559712928883143,-0.09999999999999964,-1.7000000000000002,-1.7000000000000002,2.7777777777777777,2.7777777777777777,25.0,-3.2196213797931703,-3.377777777777779,-0.3559712928883143,-0.09999999999999964,-1.7000000000000002,-1.7000000000000002,2.7777777777777777,2.7777777777777777
19,0.0,False,0,4.0,False,25.0,-4.292638421175503,-3.2222222222222205,1.1912338648582255,1.6,0.0,0.0,2.7777777777777777,2.7777777777777777,,,,,,,,,
19,0.1,False,0,4.0,False,25.0,-3.596248473544203,-3.2222222222222205,1.5198672868673526,1.5,-0.1,-0.1,2.7777777777777777,2.7777777777777777,25.0,330.6525248359063,330.17777777777786,0.015828693422432982,-0.00999999999999579,-0.1,-0.1,2.7777777777777777,2.7777777777777777
19,0.2,False,0,4.0,False,25.0,-3.8516899484325675,-3.2222222222222205,1.4375941784182582,1.4,-0.2,-0.2,2.7777777777777777,2.7777777777777777,25.0,153.14708768873476,152.40000000000003,-0.010962530366256162,-0.019999999999997353,-0.2,-0.2,2.7777777777777777,2.7777777777777777
19,0.30000000000000004,False,0,4.0,False,25.0,-3.8022606014367275,-3.2222222222222205,1.2100635715389645,1.3000000000000003,-0.30000000000000004,-0.30000000000000004,2.7777777777777777,2.7777777777777777,25.0,92.31382104439297,92.40000000000002,0.019191398001534576,-0.020000000000001572,-0.30000000000000004,-0.30000000000000004,2.7777777777777777,2.7777777777777777
19,0.4,False,0,2.8000000000000007,False,25.0,-3.7260709023858025,-3.2222222222222205,1.2363546332284763,1.2000000000000002,-0.4,-0.4,2.7777777777777777,2.7777777777777777,25.0,61.71983167386246,61.288888888888906,-0.015393492252299357,-6.661338147750939e-16,-0.4,-0.4,2.7777777777777777,2.7777777777777777
19,0.5,False,0,2.0,False,25.0,-3.6740622101080893,-3.2222222222222205,1.0848104104061944,1.1,-0.5,-0.5,2.7777777777777777,2.7777777777777777,25.0,43.56624403367846,43.51111111111112,-0.26032209982815635,0.0,-0.5,-0.5,2.7777777777777777,2.7777777777777777
19,0.6000000000000001,False,0,1.466666666666667,False,25.0,-3.969978565110952,-3.2222222222222205,1.4770880030762905,1.0,-0.6000000000000001,-0.6000000000000001,2.7777777777777777,2.7777777777777777,25.0,33.06550795754714,32.400000000000006,0.2805789592920629,-0.019999999999999574,-0.6000000000000001,-0.6000000000000001,2.7777777777777777,2.7777777777777777
19,0.7000000000000001,False,0,1.0857142857142859,False,25.0,-3.471362561593188,-3.2222222222222205,1.1780498583822663,0.8999999999999999,-0.7000000000000001,-0.7000000000000001,2.7777777777777777,2.7777777777777777,25.0,24.7607516555041,23.51111111111111,0.1094959861316549,-0.009999999999999343,-0.7000000000000001,-0.7000000000000001,2.7777777777777777,2.7777777777777777
19,0.8,False,0,0.8000000000000002,False,25.0,-4.217711941883304,-3.2222222222222205,1.1441118524226415,0.8000000000000003,-0.8,-0.8,2.7777777777777777,2.7777777777777777,25.0,17.268474350162997,16.84444444444444,0.31009493087518836,-2.220446049250313e-16,-0.8,-0.8,2.7777777777777777,2.7777777777777777
19,0.9,False,0,0.5777777777777778,False,25.0,-4.155890481465852,-3.2222222222222205,0.7874098953976905,0.6999999999999997,-0.9,-0.9,2.7777777777777777,2.7777777777777777,25.0,12.930518322784216,12.399999999999999,0.24683957377353893,-0.02000000000000024,-0.9,-0.9,2.7777777777777777,2.7777777777777777
19,1.0,False,0,0.3999999999999999,False,25.0,-3.3013574214890857,-3.2222222222222205,0.6077930950636379,0.6000000000000001,-1.0,-1.0,2.7777777777777777,2.7777777777777777,25.0,8.202884979998462,7.955555555555553,0.2736223257805692,0.0,-1.0,-1.0,2.7777777777777777,2.7777777777777777
19,1.1,False,0,0.25454545454545474,False,25.0,-4.0524626234168215,-3.2222222222222205,0.891128016170958,0.5000000000000004,-1.1,-1.1,2.7777777777777777,2.7777777777777777,25.0,5.613684838740025,5.733333333333332,-0.04991959232883403,-0.0499999999999996,-1.1,-1.1,2.7777777777777777,2.7777777777777777
19,1.2000000000000002,False,0,0.13333333333333344,False,25.0,-4.008150078955658,-3.2222222222222205,1.0325429046448709,0.3999999999999999,-1.2000000000000002,-1.2000000000000002,2.7777777777777777,2.7777777777777777,25.0,3.7845799079992135,3.51111111111111,0.16508670962403293,-0.07999999999999963,-1.2000000000000002,-1.2000000000000002,2.7777777777777777,2.7777777777777777
19,1.3,False,0,0.030769230769230625,True,25.0,-3.4597127190687997,-3.2222222222222205,0.23843514897131612,0.2999999999999998,-1.3,-1.3,2.7777777777777777,2.7777777777777777,25.0,2.0704329530993713,1.2888888888888888,0.28169733705737166,-0.09000000000000008,-1.3,-1.3,2.7777777777777777,2.7777777777777777
19,1.4000000000000001,True,1,0.0,False,25.0,-4.147195858610192,-3.2222222222222205,0.5751039570470238,0.19999999999999973,-1.4000000000000001,-1.4000000000000001,2.7777777777777777,2.7777777777777777,25.0,-0.2933212040761779,-0.9333333333333327,-0.00870881198940232,-0.08000000000000007,-1.4000000000000001,-1.4000000000000001,2.7777777777777777,2.7777777777777777
19,1.5,True,1,0.0,True,25.0,-3.214800493476562,-3.2222222222222205,0.37845944903916706,0.10000000000000009,-1.5,-1.5,2.7777777777777777,2.7777777777777777,25.0,-3.0622889874365553,-3.1555555555555577,-0.08534813342831948,-0.04999999999999982,-1.5,-1.5,2.7777777777777777,2.7777777777777777
19,1.6,True,1,0.0,True,25.0,-3.9749621646576285,-3.2222222222222205,0.267958104137636,2.220446049250313e-16,-1.6,-1.6,2.7777777777777777,2.7777777777777777,25.0,-2.800651074902315,-3.1555555555555577,-0.07199827965162431,-0.1599999999999997,-1.6,-1.6,2.7777777777777777,2.7777777777777777
19,1.7000000000000002,True,2,0.0,True,25.0,-3.7448065728667848,-3.2222222222222205,0.24485253582474042,-0.09999999999999964,-1.7000000000000002,-1.7000000000000002,2.7777777777777777,2.7777777777777777,25.0,-3.7448065728667848,-3.2222222222222205,0.24485253582474042,-0.09999999999999964,-1.7000000000000002,-1.7000000000000002,2.7777777777777777,2.7777777777777777
21,0.0,False,0,4.0,False,25.0,-3.775030017685757,-3.444444444444442,1.3980950990787195,1.6,0.0,0.0,2.7777777777777777,2.7777777777777777,,,,,,,,,
21,0.1,False,0,4.0,False,25.0,-4.248177218193571,-3.444444444444442,1.5963104973759998,1.4900000000000002,-0.1,-0.1,2.7777777777777777,2.7777777777777777,25.0,328.2126254653072,328.17777777777786,-0.08301789769091039,-0.00999999999999579,-0.1,-0.1,2.7777777777777777,2.7777777777777777
21,0.2,False,0,4.0,False,25.0,-4.096738241798174,-3.444444444444442,1.7195026956027517,1.3800000000000003,-0.2,-0.2,2.7777777777777777,2.7777777777777777,25.0,150.99128805060815,150.40000000000003,0.024670393902415544,-0.019999999999997353,-0.2,-0.2,2.7777777777777777,2.7777777777777777
21,0.30000000000000004,False,0,4.0,False,25.0,-4.153091600804475,-3.444444444444442,1.5333493361162231,1.27,-0.30000000000000004,-0.30000000000000004,2.7777777777777777,2.7777777777777777,25.0,90.9189387718589,90.40000000000002,0.1601710125725626,-0.020000000000001572,-0.30000000000000004,-0.30000000000000004,2.7777777777777777,2.7777777777777777
21,0.4,False,0,2.7000000000000006,False,25.0,-3.7304999700179584,-3.444444444444442,1.015855713482272,1.1600000000000001,-0.4,-0.4,2.7777777777777777,2.7777777777777777,25.0,60.01356706469308,59.2888888888889,0.05734546321375,-6.661338147750939e-16,-0.4,-0.4,2.7777777777777777,2.7777777777777777
21,0.5,False,0,1.9000000000000004,False,25.0,-3.494936633513471,-3.444444444444442,1.0833409146285944,1.0500000000000003,-0.5,-0.5,2.7777777777777777,2.7777777777777777,25.0,41.448487426369375,41.51111111111112,-0.012341829978919527,0.0,-0.5,-0.5,2.7777777777777777,2.7777777777777777
21,0.6000000000000001,False,0,1.366666666666667,False,25.0,-3.609336935882296,-3.444444444444442,0.9207392577833944,0.94,-0.6000000000000001,-0.6000000000000001,2.7777777777777777,2.7777777777777777,25.0,30.637463110062594,30.400000000000002,-0.04686675036438581,-0.019999999999999574,-0.6000000000000001,-0.6000000000000001,2.7777777777777777,2.7777777777777777
21,0.7000000000000001,False,0,0.9857142857142855,False,25.0,-3.622872388657565,-3.444444444444442,0.7059358638265762,0.8300000000000001,-0.7000000000000001,-0.7000000000000001,2.7777777777777777,2.7777777777777777,25.0,22.104519730808995,21.51111111111111,0.05218387915206746,-0.009999999999999343,-0.7000000000000001,-0.7000000000000001,2.7777777777777777,2.7777777777777777
21,0.8,False,0,0.7000000000000001,False,25.0,-3.6665728240704913,-3.444444444444442,0.8799874674464974,0.7200000000000002,-0.8,-0.8,2.7777777777777777,2.7777777777777777,25.0,15.286351816404288,14.844444444444441,0.135531308236283,-2.220446049250313e-16,-0.8,-0.8,2.7777777777777777,2.7777777777777777
21,0.9,False,0,0.47777777777777747,False,25.0,-3.841415359476126,-3.444444444444442,0.5182804049420184,0.6099999999999999,-0.9,-0.9,2.7777777777777777,2.7777777777777777,25.0,11.144443478108617,10.399999999999999,0.26423204281932655,-0.02000000000000024,-0.9,-0.9,2.7777777777777777,2.7777777777777777
21,1.0,False,0,0.30000000000000027,False,25.0,-3.7033586978322175,-3.444444444444442,0.6125589335620059,0.5,-1.0,-1.0,2.7777777777777777,2.7777777777777777,25.0,5.866678985675919,5.955555555555553,-0.23706266818765487,0.0,-1.0,-1.0,2.7777777777777777,2.7777777777777777
21,1.1,False,0,0.15454545454545487,True,25.0,-3.3357838267427935,-3.444444444444442,0.32784924371240365,0.3900000000000001,-1.1,-1.1,2.7777777777777777,2.7777777777777777,25.0,4.275029520874768,3.7333333333333316,0.12225451988976754,-0.0499999999999996,-1.1,-1.1,2.7777777777777777,2.7777777777777777
21,1.2000000000000002,False,0,0.03333333333333354,False,25.0,-3.857712457714835,-3.444444444444442,0.6745926168858034,0.28000000000000025,-1.2000000000000002,-1.2000000000000002,2.7777777777777777,2.7777777777777777,25.0,1.7660975923221303,1.5111111111111102,-0.11672715258360045,-0.07999999999999963,-1.2000000000000002,-1.2000000000000002,2.7777777777777777,2.7777777777777777
21,1.3,True,1,0.0,True,25.0,-3.463859781858381,-3.444444444444442,0.22584941317717222,0.16999999999999993,-1.3,-1.3,2.7777777777777777,2.7777777777777777,25.0,-0.49045097369802004,-0.7111111111111112,0.07918341985397026,-0.09000000000000008,-1.3,-1.3,2.7777777777777777,2.7777777777777777
21,1.4000000000000001,True,1,0.0,True,25.0,-4.084164881149618,-3.444444444444442,0.6084696000276928,0.05999999999999983,-1.4000000000000001,-1.4000000000000001,2.7777777777777777,2.7777777777777777,25.0,-2.1852633277704347,-2.9333333333333327,0.43963024189540434,-0.08000000000000007,-1.4000000000000001,-1.4000000000000001,2.7777777777777777,2.7777777777777777
21,1.5,True,2,0.0,True,25.0,-3.826793854079443,-3.444444444444442,0.17446567508698907,-0.04999999999999982,-1.5,-1.5,2.7777777777777777,2.7777777777777777,25.0,-3.826793854079443,-3.444444444444442,0.17446567508698907,-0.04999999999999982,-1.5,-1.5,2.7777777777777777,2.7777777777777777
21,1.6,True,2,0.0,True,25.0,-3.452918441820958,-3.444444444444442,-0.11533087911854234,-0.1599999999999997,-1.6,-1.6,2.7777777777777777,2.7777777777777777,25.0,-3.452918441820958,-3.444444444444442,-0.11533087911854234,-0.1599999999999997,-1.6,-1.6,2.7777777777777777,2.7777777777777777
21,1.7000000000000002,True,2,0.0,True,25.0,-3.672141147877549,-3.444444444444442,-0.2706646667560244,-0.2699999999999996,-1.7000000000000002,-1.7000000000000002,2.7777777777777777,2.7777777777777777,25.0,-3.1605263297783415,-1.2222222222222205,1.1252313708609458,-0.09999999999999964,-1.7000000000000002,-1.7000000000000002,2.7777777777777777,2.7777777777777777
23,0.0,False,0,4.0,False,25.0,-3.5445686977111484,-3.666666666666667,1.8982988093096655,1.6,0.0,0.0,2.7777777777777777,2.7777777777777777,,,,,,,,,
23,0.1,False,0,4.0,False,25.0,-4.095215685905038,-3.666666666666667,1.19161787235858,1.48,-0.1,-0.1,2.7777777777777777,2.7777777777777777,25.0,327.4483159119364,326.17777777777786,0.17794387517051513,-0.00999999999999579,-0.1,-0.1,2.7777777777777777,2.7777777777777777
23,0.2,False,0,4.0,False,25.0,-4.217138548163223,-3.666666666666667,1.5990406177825052,1.3599999999999999,-0.2,-0.2,2.7777777777777777,2.7777777777777777,25.0,149.17979973052456,148.40000000000003,0.024059934216406065,-0.019999999999997353,-0.2,-0.2,2.7777777777777777,2.7777777777777777
23,0.30000000000000004,False,0,3.9333333333333327,False,25.0,-4.047325371018316,-3.666666666666667,1.360461207493298,1.2400000000000002,-0.30000000000000004,-0.30000000000000004,2.7777777777777777,2.7777777777777777,25.0,88.64764964134993,88.40000000000002,0.061531345174397734,-0.020000000000001572,-0.30000000000000004,-0.30000000000000004,2.7777777777777777,2.7777777777777777
23,0.4,False,0,2.6,False,25.0,-4.258760457415387,-3.666666666666667,1.4101792280844143,1.12,-0.4,-0.4,2.7777777777777777,2.7777777777777777,25.0,57.626828630226335,57.2888888888889,0.07275896088146383,-6.661338147750939e-16,-0.4,-0.4,2.7777777777777777,2.7777777777777777
23,0.5,False,0,1.7999999999999998,False,25.0,-3.732945406838783,-3.666666666666667,0.7761530854541658,1.0,-0.5,-0.5,2.7777777777777777,2.7777777777777777,25.0,39.60288223448719,39.51111111111112,-0.09830051407794338,0.0,-0.5,-0.5,2.7777777777777777,2.7777777777777777
23,0.6000000000000001,False,0,1.2666666666666668,False,25.0,-3.8215992395202845,-3.666666666666667,1.1705813770395586,0.8800000000000003,-0.6000000000000001,-0.6000000000000001,2.7777777777777777,2.7777777777777777,25.0,28.362467251374714,28.400000000000002,-0.15568386306611304,-0.019999999999999574,-0.6000000000000001,-0.6000000000000001,2.7777777777777777,2.7777777777777777
23,0.7000000000000001,False,0,0.8857142857142858,False,25.0,-4.213846832030831,-3.666666666666667,0.9670858506397857,0.7600000000000002,-0.7000000000000001,-0.7000000000000001,2.7777777777777777,2.7777777777777777,25.0,20.014150313288294,19.51111111111111,0.5442466344462731,-0.009999999999999343,-0.7000000000000001,-0.7000000000000001,2.7777777777777777,2.7777777777777777
23,0.8,False,0,0.6,False,25.0,-3.4284200580942388,-3.666666666666667,1.0609434898416685,0.6400000000000001,-0.8,-0.8,2.7777777777777777,2.7777777777777777,25.0,13.603785230868478,12.844444444444445,0.3967319990723581,-2.220446049250313e-16,-0.8,-0.8,2.7777777777777777,2.7777777777777777
23,0.9,False,0,0.3777777777777776,False,25.0,-4.051543115093025,-3.666666666666667,0.6479093657697894,0.52,-0.9,-0.9,2.7777777777777777,2.7777777777777777,25.0,8.87689934606491,8.399999999999995,-0.12850666149854328,-0.02000000000000024,-0.9,-0.9,2.7777777777777777,2.7777777777777777
23,1.0,False,0,0.20000000000000018,True,25.0,-3.543762702862746,-3.666666666666667,0.3476176668765576,0.3999999999999999,-1.0,-1.0,2.7777777777777777,2.7777777777777777,25.0,4.129186177334064,3.955555555555553,-0.14271826767507423,0.0,-1.0,-1.0,2.7777777777777777,2.7777777777777777
23,1.1,False,0,0.054545454545454994,True,25.0,-4.1898609417139765,-3.666666666666667,0.48343120646105797,0.28000000000000025,-1.1,-1.1,2.7777777777777777,2.7777777777777777,25.0,2.0289510381952214,1.7333333333333316,-0.0901991661431627,-0.0499999999999996,-1.1,-1.1,2.7777777777777777,2.7777777777777777
23,1.2000000000000002,True,1,0.0,True,25.0,-3.5972045935347863,-3.666666666666667,0.20427217811840048,0.16000000000000014,-1.2000000000000002,-1.2000000000000002,2.7777777777777777,2.7777777777777777,25.0,0.10433456330480428,-0.4888888888888898,0.11137461504477297,-0.07999999999999963,-1.2000000000000002,-1.2000000000000002,2.7777777777777777,2.7777777777777777
23,1.3,True,1,0.0,True,25.0,-4.205617439558984,-3.666666666666667,0.0983263491169093,0.039999999999999813,-1.3,-1.3,2.7777777777777777,2.7777777777777777,25.0,-2.1301411534380597,-2.7111111111111112,0.19074897978279504,-0.09000000000000008,-1.3,-1.3,2.7777777777777777,2.7777777777777777
23,1.4000000000000001,True,2,0.0,True,25.0,-3.624621105992083,-3.666666666666667,-0.016092559992541,-0.08000000000000007,-1.4000000000000001,-1.4000000000000001,2.7777777777777777,2.7777777777777777,25.0,-3.624621105992083,-3.666666666666667,-0.016092559992541,-0.08000000000000007,-1.4000000000000001,-1.4000000000000001,2.7777777777777777,2.7777777777777777
23,1.5,True,2,0.0,True,25.0,-4.15523418064048,-3.666666666666667,0.2120535953814362,-0.19999999999999996,-1.5,-1.5,2.7777777777777777,2.7777777777777777,25.0,-2.4353097861426525,-1.444444444444442,0.5239080658540551,-0.04999999999999982,-1.5,-1.5,2.7777777777777777,2.7777777777777777
23,1.6,True,2,0.0,True,24.4,-3.5780724855950927,-3.6066666666666682,0.371814194010061,-0.31999999999999984,-1.6,-1.6,2.7777777777777777,2.7777777777777777,25.0,-1.5492281103087704,-1.444444444444442,-0.23052400067159984,-0.1599999999999997,-1.6,-1.6,2.7777777777777777,2.7777777777777777
23,1.7000000000000002,True,2,0.0,True,25.0,-3.3375057718213936,-3.666666666666667,-0.5679844612061888,-0.4399999999999995,-1.7000000000000002,-1.7000000000000002,2.7777777777777777,2.7777777777777777,25.0,0.05114677220510533,0.7777777777777795,-0.0653707890782611,-0.09999999999999964,-1.7000000000000002,-1.7000000000000002,2.7777777777777777,2.7777777777777777
25,0.0,False,0,4.0,False,25.0,-3.5227344497951334,-3.8888888888888884,1.6950531657248362,1.6,0.0,0.0,2.7777777777777777,2.7777777777777777,,,,,,,,,
25,0.1,False,0,4.0,False,25.0,-4.164497103643067,-3.8888888888888884,1.5197972403303743,1.4700000000000002,-0.1,-0.1,2.7777777777777777,2.7777777777777777,25.0,324.79832598208463,324.17777777777786,-0.012579296059983758,-0.00999999999999579,-0.1,-0.1,2.7777777777777777,2.7777777777777777
25,0.2,False,0,4.0,False,25.0,-4.1696294053759955,-3.8888888888888884,1.246206877216077,1.3400000000000003,-0.2,-0.2,2.7777777777777777,2.7777777777777777,25.0,146.7771900838587,146.40000000000003,0.08789505708570888,-0.019999999999997353,-0.2,-0.2,2.7777777777777777,2.7777777777777777
25,0.30000000000000004,False,0,3.833333333333335,False,25.0,-4.049029646561055,-3.8888888888888884,1.293971327682483,1.21,-0.30000000000000004,-0.30000000000000004,2.7777777777777777,2.7777777777777777,25.0,86.98440772823753,86.40000000000002,0.05232094459203185,-0.020000000000001572,-0.30000000000000004,-0.30000000000000004,2.7777777777777777,2.7777777777777777
25,0.4,False,0,2.5,False,25.0,-4.111004979443915,-3.8888888888888884,1.1136108052458327,1.08,-0.4,-0.4,2.7777777777777777,2.7777777777777777,25.0,55.73125648568059,55.2888888888889,0.13249782051105452,-6.661338147750939e-16,-0.4,-0.4,2.7777777777777777,2.7777777777777777
25,0.5,False,0,1.7000000000000002,False,25.0,-4.053547678945168,-3.8888888888888884,1.029642519094613,0.9500000000000002,-0.5,-0.5,2.7777777777777777,2.7777777777777777,25.0,37.759364093996695,37.51111111111112,-0.056719856265592394,0.0,-0.5,-0.5,2.7777777777777777,2.7777777777777777
25,0.6000000000000001,False,0,1.1666666666666667,False,25.0,-3.832317063761553,-3.8888888888888884,0.858595000781051,0.8200000000000003,-0.6000000000000001,-0.6000000000000001,2.7777777777777777,2.7777777777777777,25.0,26.727957724140257,26.400000000000002,-0.10110982499507393,-0.019999999999999574,-0.6000000000000001,-0.6000000000000001,2.7777777777777777,2.7777777777777777
25,0.7000000000000001,False,0,0.785714285714286,False,25.0,-3.880381144691337,-3.8888888888888884,0.9719688468303027,0.69,-0.7000000000000001,-0.7000000000000001,2.7777777777777777,2.7777777777777777,25.0,18.100603025103137,17.51111111111111,0.2972643163913591,-0.009999999999999343,-0.7000000000000001,-0.7000000000000001,2.7777777777777777,2.7777777777777777
25,0.8,False,0,0.4999999999999999,False,25.0,-4.008693505401889,-3.8888888888888884,0.5736590643303159,0.56,-0.8,-0.8,2.7777777777777777,2.7777777777777777,25.0,11.857570657025814,10.844444444444445,0.49606867833517354,-2.220446049250313e-16,-0.8,-0.8,2.7777777777777777,2.7777777777777777
25,0.9,False,0,0.2777777777777773,False,25.0,-4.235060145714864,-3.8888888888888884,0.33329971784501655,0.4299999999999997,-0.9,-0.9,2.7777777777777777,2.7777777777777777,25.0,6.359197114087718,6.399999999999996,-0.21470583332288662,-0.02000000000000024,-0.9,-0.9,2.7777777777777777,2.7777777777777777
25,1.0,False,0,0.10000000000000009,False,25.0,-3.2343687107255965,-3.8888888888888884,0.7548958228462799,0.30000000000000027,-1.0,-1.0,2.7777777777777777,2.7777777777777777,25.0,2.2423457664747604,1.955555555555553,0.1895688340136812,0.0,-1.0,-1.0,2.7777777777777777,2.7777777777777777
25,1.1,True,1,0.0,True,25.0,-4.192524467788455,-3.8888888888888884,0.32620253860838266,0.17000000000000037,-1.1,-1.1,2.7777777777777777,2.7777777777777777,25.0,0.2818158397469803,-0.2666666666666684,-0.005088470367543563,-0.0499999999999996,-1.1,-1.1,2.7777777777777777,2.7777777777777777
25,1.2000000000000002,True,1,0.0,True,25.0,-3.916103016975188,-3.8888888888888884,0.13656442120100687,0.04000000000000026,-1.2000000000000002,-1.2000000000000002,2.7777777777777777,2.7777777777777777,25.0,-1.8995641641403607,-2.48888888888889,0.17804422434075295,-0.07999999999999963,-1.2000000000000002,-1.2000000000000002,2.7777777777777777,2.7777777777777777
25,1.3,True,2,0.0,True,25.0,-3.6878927286032406,-3.8888888888888884,-0.17909739711185457,-0.09000000000000008,-1.3,-1.3,2.7777777777777777,2.7777777777777777,25.0,-3.6878927286032406,-3.8888888888888884,-0.17909739711185457,-0.09000000000000008,-1.3,-1.3,2.7777777777777777,2.7777777777777777
25,1.4000000000000001,True,2,0.0,True,25.0,-4.071805173168367,-3.8888888888888884,0.1548500023148689,-0.21999999999999975,-1.4000000000000001,-1.4000000000000001,2.7777777777777777,2.7777777777777777,25.0,-1.7316541368141953,-1.666666666666667,-0.09430424544000138,-0.08000000000000007,-1.4000000000000001,-1.4000000000000001,2.7777777777777777,2.7777777777777777
25,1.5,True,2,0.0,True,25.0,-3.888063129411125,-3.8888888888888884,0.0690304079584323,-0.34999999999999987,-1.5,-1.5,2.7777777777777777,2.7777777777777777,25.0,0.13939051975742078,0.5555555555555545,0.1283017306101284,-0.04999999999999982,-1.5,-1.5,2.7777777777777777,2.7777777777777777
25,1.6,True,2,0.0,True,24.4,-4.143301015588352,-3.828888888888886,-0.23753415806146116,-0.48,-1.6,-1.6,2.7777777777777777,2.7777777777777777,25.0,-0.5218193390492827,0.5555555555555545,0.3606829936123228,-0.1599999999999997,-1.6,-1.6,2.7777777777777777,2.7777777777777777
25,1.7000000000000002,True,2,0.0,True,24.4,-3.941148498941206,-3.828888888888886,-0.5011033735931871,-0.6099999999999994,-1.7000000000000002,-1.7000000000000002,2.7777777777777777,2.7777777777777777,25.0,2.3334581562399714,2.777777777777776,-0.04583889361482596,-0.09999999999999964,-1.7000000000000002,-1.7000000000000002,2.7777777777777777,2.7777777777777777
27,0.0,False,0,4.0,False,25.0,-4.182027795274446,-4.11111111111111,1.468461339778282,1.6,0.0,0.0,2.7777777777777777,2.7777777777777777,,,,,,,,,
27,0.1,False,0,4.0,False,25.0,-4.219051754144533,-4.11111111111111,1.5573632947330829,1.46,-0.1,-0.1,2.7777777777777777,2.7777777777777777,25.0,322.08507894581766,322.17777777777786,0.12439425971242946,-0.00999999999999579,-0.1,-0.1,2.7777777777777777,2.7777777777777777
27,0.2,False,0,4.0,False,25.0,-4.151054887071555,-4.11111111111111,1.142708049324391,1.3199999999999998,-0.2,-0.2,2.7777777777777777,2.7777777777777777,25.0,144.78649206116154,144.40000000000003,-0.1500573702799124,-0.019999999999997353,-0.2,-0.2,2.7777777777777777,2.7777777777777777
27,0.30000000000000004,False,0,3.733333333333334,False,25.0,-3.8301145133069268,-4.11111111111111,1.0363093166601094,1.1800000000000002,-0.30000000000000004,-0.30000000000000004,2.7777777777777777,2.7777777777777777,25.0,84.84438302304281,84.40000000000002,0.0262023330904535,-0.020000000000001572,-0.30000000000000004,-0.30000000000000004,2.7777777777777777,2.7777777777777777
27,0.4,False,0,2.4,False,25.0,-4.231015990923342,-4.11111111111111,0.9566685384817251,1.04,-0.4,-0.4,2.7777777777777777,2.7777777777777777,25.0,53.448077857395944,53.2888888888889,0.127795508432611,-6.661338147750939e-16,-0.4,-0.4,2.7777777777777777,2.7777777777777777
27,0.5,False,0,1.6000000000000005,False,25.0,-3.643569544652702,-4.11111111111111,0.8546365787673036,0.8999999999999999,-0.5,-0.5,2.7777777777777777,2.7777777777777777,25.0,36.10449946391987,35.51111111111112,0.3143466193836497,0.0,-0.5,-0.5,2.7777777777777777,2.7777777777777777
27,0.6000000000000001,False,0,1.0666666666666667,False,25.0,-3.9073955719855133,-4.11111111111111,1.021520891834558,0.7600000000000002,-0.6000000000000001,-0.6000000000000001,2.7777777777777777,2.7777777777777777,25.0,24.7470791781266,24.400000000000002,0.24427169433249274,-0.019999999999999574,-0.6000000000000001,-0.6000000000000001,2.7777777777777777,2.7777777777777777
27,0.7000000000000001,False,0,0.6857142857142863,False,25.0,-4.277897029848918,-4.11111111111111,1.1606841344929175,0.6200000000000001,-0.7000000000000001,-0.7000000000000001,2.7777777777777777,2.7777777777777777,25.0,15.523742622258307,15.51111111111111,0.3087274565575613,-0.009999999999999343,-0.7000000000000001,-0.7000000000000001,2.7777777777777777,2.7777777777777777
27,0.8,False,0,0.3999999999999998,False,25.0,-3.8315051449842796,-4.11111111111111,0.4710130339034264,0.48,-0.8,-0.8,2.7777777777777777,2.7777777777777777,25.0,8.971172868700389,8.844444444444445,0.03883652779352387,-2.220446049250313e-16,-0.8,-0.8,2.7777777777777777,2.7777777777777777
27,0.9,False,0,0.17777777777777745,True,25.0,-4.240108040329868,-4.11111111111111,0.27101926284903977,0.33999999999999986,-0.9,-0.9,2.7777777777777777,2.7777777777777777,25.0,5.220201261018784,4.399999999999996,-0.032154765093719284,-0.02000000000000024,-0.9,-0.9,2.7777777777777777,2.7777777777777777
27,1.0,False,0,0.0,True,25.0,-4.10308386553623,-4.11111111111111,0.018913352135311978,0.20000000000000018,-1.0,-1.0,2.7777777777777777,2.7777777777777777,25.0,0.20436340510648154,-0.04444444444444695,0.2560010631814018,0.0,-1.0,-1.0,2.7777777777777777,2.7777777777777777
27,1.1,True,1,0.0,True,25.0,-3.9863274762856262,-4.11111111111111,0.15873972215378007,0.0600000000000005,-1.1,-1.1,2.7777777777777777,2.7777777777777777,25.0,-2.3224759228464604,-2.2666666666666684,0.0021647550624572798,-0.0499999999999996,-1.1,-1.1,2.7777777777777777,2.7777777777777777
27,1.2000000000000002,True,2,0.0,True,25.0,-4.185530646158337,-4.11111111111111,0.02559894835421095,-0.07999999999999963,-1.2000000000000002,-1.2000000000000002,2.7777777777777777,2.7777777777777777,25.0,-4.185530646158337,-4.11111111111111,0.02559894835421095,-0.07999999999999963,-1.2000000000000002,-1.2000000000000002,2.7777777777777777,2.7777777777777777
27,1.3,True,2,0.0,True,25.0,-3.843187188434942,-4.11111111111111,-0.24599631260605603,-0.2200000000000002,-1.3,-1.3,2.7777777777777777,2.7777777777777777,25.0,-2.578727603806203,-1.8888888888888884,0.4240646305653022,-0.09000000000000008,-1.3,-1.3,2.7777777777777777,2.7777777777777777
27,1.4000000000000001,True,2,0.0,True,24.4,-4.032985178877179,-4.0511111111111076,-0.38072060472243585,-0.35999999999999965,-1.4000000000000001,-1.4000000000000001,2.7777777777777777,2.7777777777777777,25.0,-0.09261917223743676,0.33333333333333304,-0.1696105687427507,-0.08000000000000007,-1.4000000000000001,-1.4000000000000001,2.7777777777777777,2.7777777777777777
27,1.5,True,2,0.0,True,24.4,-4.099156671974899,-4.0511111111111076,-0.2674436491481038,-0.5,-1.5,-1.5,2.7777777777777777,2.7777777777777777,25.0,2.2979602225732636,2.5555555555555545,-0.40919645468290056,-0.04999999999999982,-1.5,-1.5,2.7777777777777777,2.7777777777777777
27,1.6,True,2,0.0,True,24.4,-4.185174366357688,-4.0511111111111076,-0.5721311631097314,-0.6400000000000001,-1.6,-1.6,2.7777777777777777,2.7777777777777777,25.0,2.6766763648712315,2.5555555555555545,-0.18783039615098174,-0.1599999999999997,-1.6,-1.6,2.7777777777777777,2.7777777777777777
27,1.7000000000000002,True,2,0.0,True,23.799999999999997,-4.010226136167364,-3.93111111111111,-0.5604789808073012,-0.7799999999999994,-1.7000000000000002,-1.7000000000000002,2.7777777777777777,2.7777777777777777,25.0,4.981954153414333,4.777777777777776,-0.11768231463170875,-0.09999999999999964,-1.7000000000000002,-1.7000000000000002,2.7777777777777777,2.7777777777777777
29,0.0,False,0,4.0,False,25.0,-3.9796547965933255,-4.266666666666661,1.7279514654546837,1.6,0.0,0.0,2.7777777777777777,2.7777777777777777,,,,,,,,,
29,0.1,False,0,4.0,False,25.0,-3.6888623079467804,-4.266666666666661,1.2729312901305763,1.4500000000000002,-0.1,-0.1,2.7777777777777777,2.7777777777777777,25.0,320.4073496106417,320.17777777777786,-0.06881924263140271,-0.00999999999999579,-0.1,-0.1,2.7777777777777777,2.7777777777777777
29,0.2,False,0,4.0,False,25.0,-4.025763483549379,-4.266666666666661,1.3227118811460765,1.3000000000000003,-0.2,-0.2,2.7777777777777777,2.7777777777777777,25.0,142.83069800519309,142.40000000000003,-0.05953460459274451,-0.019999999999997353,-0.2,-0.2,2.7777777777777777,2.7777777777777777
29,0.30000000000000004,False,0,3.733333333333334,False,25.0,-3.6111587195113897,-4.266666666666661,0.9671723919955486,1.1500000000000004,-0.30000000000000004,-0.30000000000000004,2.7777777777777777,2.7777777777777777,25.0,82.80241707519662,82.40000000000002,-0.06814186846544068,-0.020000000000001572,-0.30000000000000004,-0.30000000000000004,2.7777777777777777,2.7777777777777777
29,0.4,False,0,2.4,False,25.0,-3.6035318026884893,-4.266666666666661,1.1783608317121463,1.0,-0.4,-0.4,2.7777777777777777,2.7777777777777777,25.0,51.89596909767225,51.288888888888906,-0.14682129314515868,-6.661338147750939e-16,-0.4,-0.4,2.7777777777777777,2.7777777777777777
29,0.5,False,0,1.6000000000000005,False,25.0,-3.863757910645165,-4.266666666666661,0.9352874003503251,0.8500000000000001,-0.5,-0.5,2.7777777777777777,2.7777777777777777,25.0,33.77812953398227,33.51111111111112,-0.06647320345254215,0.0,-0.5,-0.5,2.7777777777777777,2.7777777777777777
29,0.6000000000000001,False,0,1.0666666666666667,False,25.0,-4.299399335129759,-4.266666666666661,0.6125120621242202,0.7000000000000002,-0.6000000000000001,-0.6000000000000001,2.7777777777777777,2.7777777777777777,25.0,22.713493874746224,22.400000000000002,0.04288388426893652,-0.019999999999999574,-0.6000000000000001,-0.6000000000000001,2.7777777777777777,2.7777777777777777
29,0.7000000000000001,False,0,0.6857142857142863,False,25.0,-4.015916203951586,-4.266666666666661,0.7068726571491011,0.5500000000000003,-0.7000000000000001,-0.7000000000000001,2.7777777777777777,2.7777777777777777,25.0,14.069152547474811,13.51111111111111,0.04160871117173892,-0.009999999999999343,-0.7000000000000001,-0.7000000000000001,2.7777777777777777,2.7777777777777777
29,0.8,False,0,0.3999999999999998,True,25.0,-3.8803108786305485,-4.266666666666661,0.38547838180432725,0.3999999999999999,-0.8,-0.8,2.7777777777777777,2.7777777777777777,25.0,7.2826622927491345,6.844444444444446,0.18667170504059616,-2.220446049250313e-16,-0.8,-0.8,2.7777777777777777,2.7777777777777777
29,0.9,False,0,0.17777777777777745,True,25.0,-4.04808714670899,-4.266666666666661,0.5778871964664551,0.24999999999999956,-0.9,-0.9,2.7777777777777777,2.7777777777777777,25.0,2.6255463140704025,2.400000000000003,-0.09047920077254723,-0.02000000000000024,-0.9,-0.9,2.7777777777777777,2.7777777777777777
29,1.0,False,0,0.0,True,25.0,-3.761826447749587,-4.266666666666661,0.44424598239449464,0.10000000000000009,-1.0,-1.0,2.7777777777777777,2.7777777777777777,25.0,-2.0244279919176718,-2.04444444444444,-0.05464593531524908,0.0,-1.0,-1.0,2.7777777777777777,2.7777777777777777
29,1.1,True,1,0.0,True,25.0,-3.4986734419479886,-4.266666666666661,0.3136893061362884,-0.0499999999999996,-1.1,-1.1,2.7777777777777777,2.7777777777777777,25.0,-3.4986734419479886,-4.266666666666661,0.3136893061362884,-0.0499999999999996,-1.1,-1.1,2.7777777777777777,2.7777777777777777
29,1.2000000000000002,True,2,0.0,True,25.0,-3.1442710852579223,-4.266666666666661,0.029171019965659184,-0.1999999999999995,-1.2000000000000002,-1.2000000000000002,2.7777777777777777,2.7777777777777777,25.0,-3.0612649375504146,-2.111111111111117,0.2876473092455054,-0.07999999999999963,-1.2000000000000002,-1.2000000000000002,2.7777777777777777,2.7777777777777777
29,1.3,True,2,0.0,True,24.4,-4.091130913865459,-4.273333333333336,-0.24013957743464642,-0.3500000000000003,-1.3,-1.3,2.7777777777777777,2.7777777777777777,25.0,0.14480107169231093,0.1111111111111116,0.10580910969711121,-0.09000000000000008,-1.3,-1.3,2.7777777777777777,2.7777777777777777
29,1.4000000000000001,True,2,0.0,True,24.4,-3.878324791187505,-4.273333333333336,-0.40511894686998273,-0.49999999999999956,-1.4000000000000001,-1.4000000000000001,2.7777777777777777,2.7777777777777777,25.0,1.833475951766073,2.333333333333333,0.0887871357248402,-0.08000000000000007,-1.4000000000000001,-1.4000000000000001,2.7777777777777777,2.7777777777777777
29,1.5,True,2,0.0,True,23.799999999999997,-3.374376746366191,-4.153333333333339,-0.08082703854868223,-0.6499999999999999,-1.5,-1.5,2.7777777777777777,2.7777777777777777,25.0,4.081074869006533,4.5555555555555545,-0.09359103808705416,-0.04999999999999982,-1.5,-1.5,2.7777777777777777,2.7777777777777777
29,1.6,True,2,0.0,True,23.199999999999996,-4.126829680071363,-3.973333333333339,-0.7945319012307832,-0.8000000000000003,-1.6,-1.6,2.7777777777777777,2.7777777777777777,25.0,3.586821970788816,4.5555555555555545,0.4789497788035817,-0.1599999999999997,-1.6,-1.6,2.7777777777777777,2.7777777777777777
29,1.7000000000000002,True,2,0.0,True,22.599999999999994,-3.8962108276535714,-3.733333333333337,-1.0708162887205421,-0.9499999999999993,-1.7000000000000002,-1.7000000000000002,2.7777777777777777,2.7777777777777777,25.0,6.434743006955057,6.777777777777776,0.06725962934540464,-0.09999999999999964,-1.7000000000000002,-1.7000000000000002,2.7777777777777777,2.7777777777777777
31,0.0,False,0,4.0,False,25.0,-3.134980858236335,-4.04444444444444,1.50796782870558,1.6,0.0,0.0,2.7777777777777777,2.7777777777777777,,,,,,,,,
31,0.1,False,0,4.0,False,25.0,-4.256976860047973,-4.04444444444444,1.2548620671184172,1.44,-0.1,-0.1,2.7777777777777777,2.7777777777777777,25.0,318.4471341252177,318.17777777777786,0.12914982941577913,-0.00999999999999579,-0.1,-0.1,2.7777777777777777,2.7777777777777777
31,0.2,False,0,4.0,False,25.0,-3.4331245066178466,-4.04444444444444,1.458036304861055,1.2799999999999998,-0.2,-0.2,2.7777777777777777,2.7777777777777777,25.0,140.70256915329767,140.40000000000003,0.0251868921930265,-0.019999999999997353,-0.2,-0.2,2.7777777777777777,2.7777777777777777
31,0.30000000000000004,False,0,3.633333333333333,False,25.0,-3.68913004340489,-4.04444444444444,0.9629875339876115,1.12,-0.30000000000000004,-0.30000000000000004,2.7777777777777777,2.7777777777777777,25.0,81.31049393435048,80.40000000000002,0.25745128741786694,-0.020000000000001572,-0.30000000000000004,-0.30000000000000004,2.7777777777777777,2.7777777777777777
31,0.4,False,0,2.3,False,25.0,-3.727907999217382,-4.04444444444444,0.8914021221302573,0.96,-0.4,-0.4,2.7777777777777777,2.7777777777777777,25.0,49.23912390153295,49.288888888888906,0.13722670598367026,-6.661338147750939e-16,-0.4,-0.4,2.7777777777777777,2.7777777777777777
31,0.5,False,0,1.5,False,25.0,-3.582517455463349,-4.04444444444444,0.992607980421639,0.8000000000000003,-0.5,-0.5,2.7777777777777777,2.7777777777777777,25.0,31.5712308121028,31.511111111111116,0.264917250375976,0.0,-0.5,-0.5,2.7777777777777777,2.7777777777777777
31,0.6000000000000001,False,0,0.9666666666666673,False,25.0,-4.105551686980053,-4.04444444444444,0.43844277795872744,0.6400000000000001,-0.6000000000000001,-0.6000000000000001,2.7777777777777777,2.7777777777777777,25.0,20.87043011816049,20.400000000000002,0.16571964914068804,-0.019999999999999574,-0.6000000000000001,-0.6000000000000001,2.7777777777777777,2.7777777777777777
31,0.7000000000000001,False,0,0.5857142857142865,True,25.0,-3.54628207507191,-4.04444444444444,0.8392933167555237,0.4800000000000004,-0.7000000000000001,-0.7000000000000001,2.7777777777777777,2.7777777777777777,25.0,11.766321259738373,11.51111111111111,0.08536875802965782,-0.009999999999999343,-0.7000000000000001,-0.7000000000000001,2.7777777777777777,2.7777777777777777
31,0.8,False,0,0.2999999999999997,True,25.0,-3.8808679477952834,-4.04444444444444,0.25422259112492585,0.31999999999999984,-0.8,-0.8,2.7777777777777777,2.7777777777777777,25.0,5.555496956558,4.844444444444446,0.08132985167896356,-2.220446049250313e-16,-0.8,-0.8,2.7777777777777777,2.7777777777777777
31,0.9,False,0,0.07777777777777735,True,25.0,-3.2763282455469307,-4.04444444444444,0.20270933839818506,0.1599999999999997,-0.9,-0.9,2.7777777777777777,2.7777777777777777,25.0,0.49762170662794336,0.400000000000003,-0.12246672862620578,-0.02000000000000024,-0.9,-0.9,2.7777777777777777,2.7777777777777777
31,1.0,True,1,0.0,True,25.0,-3.51612618271336,-4.04444444444444,0.1910425306256891,0.0,-1.0,-1.0,2.7777777777777777,2.7777777777777777,25.0,-3.51612618271336,-4.04444444444444,0.1910425306256891,0.0,-1.0,-1.0,2.7777777777777777,2.7777777777777777
31,1.1,True,2,0.0,True,25.0,-4.002445639195353,-4.04444444444444,0.12623860606813153,-0.1599999999999997,-1.1,-1.1,2.7777777777777777,2.7777777777777777,25.0,-2.6690006182256267,-2.3333333333333384,0.042906309941474596,-0.0499999999999996,-1.1,-1.1,2.7777777777777777,2.7777777777777777
31,1.2000000000000002,True,2,0.0,True,25.0,-3.7205949653595267,-4.04444444444444,-0.24764224777164667,-0.3199999999999994,-1.2000000000000002,-1.2000000000000002,2.7777777777777777,2.7777777777777777,25.0,-0.8811513945544673,-0.11111111111111693,0.28258527986793425,-0.07999999999999963,-1.2000000000000002,-1.2000000000000002,2.7777777777777777,2.7777777777777777
31,1.3,True,2,0.0,True,23.799999999999997,-3.7850901424690617,-4.22444444444444,-0.20465136658886518,-0.4800000000000004,-1.3,-1.3,2.7777777777777777,2.7777777777777777,25.0,1.4051775362640955,2.1111111111111116,0.33395708050189166,-0.09000000000000008,-1.3,-1.3,2.7777777777777777,2.7777777777777777
31,1.4000000000000001,True,2,0.0,True,24.4,-3.124927959934648,-4.104444444444442,0.0019344709975419594,-0.6399999999999992,-1.4000000000000001,-1.4000000000000001,2.7777777777777777,2.7777777777777777,25.0,3.7236444627432066,4.333333333333333,0.5126701879903455,-0.08000000000000007,-1.4000000000000001,-1.4000000000000001,2.7777777777777777,2.7777777777777777
31,1.5,True,2,0.0,True,23.199999999999996,-4.06016094808493,-4.19555555555556,-0.3004679105432717,-0.7999999999999998,-1.5,-1.5,2.7777777777777777,2.7777777777777777,25.0,6.310012242152863,6.5555555555555545,0.13971367820858438,-0.04999999999999982,-1.5,-1.5,2.7777777777777777,2.7777777777777777
31,1.6,True,2,0.0,True,22.599999999999994,-4.0689561113606585,-3.9555555555555584,-0.554998756085241,-0.9600000000000004,-1.6,-1.6,2.7777777777777777,2.7777777777777777,25.0,6.217355030072366,6.5555555555555545,-0.13637296275242705,-0.1599999999999997,-1.6,-1.6,2.7777777777777777,2.7777777777777777
31,1.7000000000000002,True,2,0.0,True,21.999999999999993,-3.861948314832726,-3.655555555555554,-0.6535609581766311,-1.1199999999999992,-1.7000000000000002,-1.7000000000000002,2.7777777777777777,2.7777777777777777,25.0,8.214792264444146,8.777777777777775,0.3252139146338453,-0.09999999999999964,-1.7000000000000002,-1.7000000000000002,2.7777777777777777,2.7777777777777777
33,0.0,False,0,4.0,False,25.0,-3.700929059426751,-3.8222222222222184,1.6635219893454445,1.6,0.0,0.0,2.7777777777777777,2.7777777777777777,,,,,,,,,
33,0.1,False,0,4.0,False,25.0,-3.572360003278116,-3.8222222222222184,1.4058403861642939,1.4300000000000002,-0.1,-0.1,2.7777777777777777,2.7777777777777777,25.0,317.35035887125065,316.17777777777786,-0.08529843851738561,-0.00999999999999579,-0.1,-0.1,2.7777777777777777,2.7777777777777777
33,0.2,False,0,4.0,False,25.0,-3.082533286716557,-3.8222222222222184,1.3262979140271254,1.2600000000000002,-0.2,-0.2,2.7777777777777777,2.7777777777777777,25.0,139.04130342388686,138.40000000000003,0.2216563744834783,-0.019999999999997353,-0.2,-0.2,2.7777777777777777,2.7777777777777777
33,0.30000000000000004,False,0,3.5333333333333323,False,25.0,-3.0602737836937406,-3.8222222222222184,1.2857715530043805,1.0900000000000003,-0.30000000000000004,-0.30000000000000004,2.7777777777777777,2.7777777777777777,25.0,78.4572600392115,78.40000000000002,-0.12975812041885582,-0.020000000000001572,-0.30000000000000004,-0.30000000000000004,2.7777777777777777,2.7777777777777777
33,0.4,False,0,2.1999999999999997,False,25.0,-3.5488775928423832,-3.8222222222222184,1.1128354747136129,0.9199999999999999,-0.4,-0.4,2.7777777777777777,2.7777777777777777,25.0,48.22516688560999,47.288888888888906,0.7777038337044773,-6.661338147750939e-16,-0.4,-0.4,2.7777777777777777,2.7777777777777777
33,0.5,False,0,1.4000000000000004,False,25.0,-3.171648596136083,-3.8222222222222184,0.5318993217429222,0.75,-0.5,-0.5,2.7777777777777777,2.7777777777777777,25.0,29.59671764127243,29.511111111111116,0.17656609127777223,0.0,-0.5,-0.5,2.7777777777777777,2.7777777777777777
33,0.6000000000000001,False,0,0.8666666666666674,True,25.0,-3.230457451488742,-3.8222222222222184,0.6657572607532618,0.5800000000000005,-0.6000000000000001,-0.6000000000000001,2.7777777777777777,2.7777777777777777,25.0,18.327123546826737,18.400000000000002,-0.0690096829603104,-0.019999999999999574,-0.6000000000000001,-0.6000000000000001,2.7777777777777777,2.7777777777777777
33,0.7000000000000001,False,0,0.4857142857142861,False,25.0,-3.6580019969086903,-3.8222222222222184,0.4611523093212053,0.4100000000000006,-0.7000000000000001,-0.7000000000000001,2.7777777777777777,2.7777777777777777,25.0,9.495985653721934,9.51111111111111,0.2919828930469812,-0.009999999999999343,-0.7000000000000001,-0.7000000000000001,2.7777777777777777,2.7777777777777777
33,0.8,False,0,0.19999999999999962,True,25.0,-3.4101183581762795,-3.8222222222222184,0.5688497742973273,0.23999999999999977,-0.8,-0.8,2.7777777777777777,2.7777777777777777,25.0,3.9839518183602083,2.844444444444446,0.0268843999345294,-2.220446049250313e-16,-0.8,-0.8,2.7777777777777777,2.7777777777777777
33,0.9,True,1,0.0,True,25.0,-3.4817266528815365,-3.8222222222222184,0.31183313596306084,0.06999999999999962,-0.9,-0.9,2.7777777777777777,2.7777777777777777,25.0,-1.4864620568347915,-1.599999999999997,0.010813778437873234,-0.02000000000000024,-0.9,-0.9,2.7777777777777777,2.7777777777777777
33,1.0,True,1,0.0,True,24.4,-3.335920760999211,-3.8822222222222207,0.38242199153450196,-0.09999999999999987,-1.0,-1.0,2.7777777777777777,2.7777777777777777,25.0,-3.711536332795876,-2.55555555555556,0.28233265154078424,0.0,-1.0,-1.0,2.7777777777777777,2.7777777777777777
33,1.1,True,2,0.0,True,25.0,-3.4705624592990487,-3.8222222222222184,-0.25646484598297414,-0.2699999999999998,-1.1,-1.1,2.7777777777777777,2.7777777777777777,25.0,-0.6122277050538001,-0.33333333333333837,0.11479898210641348,-0.0499999999999996,-1.1,-1.1,2.7777777777777777,2.7777777777777777
33,1.2000000000000002,True,2,0.0,True,25.0,-3.2205399992929555,-3.8222222222222184,-0.4280625320707776,-0.4399999999999995,-1.2000000000000002,-1.2000000000000002,2.7777777777777777,2.7777777777777777,25.0,0.5799418242236074,1.888888888888883,0.5651786468899558,-0.07999999999999963,-1.2000000000000002,-1.2000000000000002,2.7777777777777777,2.7777777777777777
33,1.3,True,2,0.0,True,22.599999999999994,-3.1917817025125172,-4.17777777777778,0.1374006663545022,-0.6100000000000003,-1.3,-1.3,2.7777777777777777,2.7777777777777777,25.0,3.4290667782463418,4.111111111111112,0.3822587050692423,-0.09000000000000008,-1.3,-1.3,2.7777777777777777,2.7777777777777777
33,1.4000000000000001,True,2,0.0,True,23.799999999999997,-3.936797378494883,-4.002222222222218,-0.6319108778112623,-0.7799999999999994,-1.4000000000000001,-1.4000000000000001,2.7777777777777777,2.7777777777777777,25.0,5.907158675292703,6.333333333333333,0.2006088994086217,-0.08000000000000007,-1.4000000000000001,-1.4000000000000001,2.7777777777777777,2.7777777777777777
33,1.5,True,2,0.0,True,22.599999999999994,-4.28077317365351,-4.17777777777778,-0.9349446743514072,-0.9499999999999997,-1.5,-1.5,2.7777777777777777,2.7777777777777777,25.0,8.04468345226891,8.555555555555554,-0.13311199712513178,-0.04999999999999982,-1.5,-1.5,2.7777777777777777,2.7777777777777777
33,1.6,True,2,0.0,True,21.999999999999993,-3.8559072800558836,-3.8777777777777755,-1.0262070551246176,-1.1200000000000006,-1.6,-1.6,2.7777777777777777,2.7777777777777777,25.0,8.276444568555622,8.555555555555554,0.08408383775736539,-0.1599999999999997,-1.6,-1.6,2.7777777777777777,2.7777777777777777
33,1.7000000000000002,True,2,0.0,True,22.599999999999994,-4.166668974047599,-4.17777777777778,-1.1457146510508438,-1.2899999999999991,-1.7000000000000002,-1.7000000000000002,2.7777777777777777,2.7777777777777777,25.0,10.845239014510067,10.777777777777775,0.04991518064630496,-0.09999999999999964,-1.7000000000000002,-1.7000000000000002,2.7777777777777777,2.7777777777777777
35,0.0,False,0,4.0,False,25.0,-3.1983729713489835,-3.599999999999997,1.600700829803941,1.6,0.0,0.0,2.7777777777777777,2.7777777777777777,,,,,,,,,
35,0.1,False,0,4.0,False,25.0,-3.3138004164033985,-3.599999999999997,1.5002476747660127,1.42,-0.1,-0.1,2.7777777777777777,2.7777777777777777,25.0,314.8044037537962,314.17777777777786,0.0659194494792592,-0.00999999999999579,-0.1,-0.1,2.7777777777777777,2.7777777777777777
35,0.2,False,0,4.0,False,25.0,-3.637275075854819,-3.599999999999997,1.231840118854786,1.2399999999999998,-0.2,-0.2,2.7777777777777777,2.7777777777777777,25.0,136.58638125564138,136.40000000000003,0.002035204375275157,-0.019999999999997353,-0.2,-0.2,2.7777777777777777,2.7777777777777777
35,0.30000000000000004,False,0,3.4333333333333336,False,25.0,-3.7732695901703037,-3.599999999999997,1.202813954217787,1.06,-0.30000000000000004,-0.30000000000000004,2.7777777777777777,2.7777777777777777,25.0,76.57809514201882,76.40000000000002,-0.17109877345259905,-0.020000000000001572,-0.30000000000000004,-0.30000000000000004,2.7777777777777777,2.7777777777777777
35,0.4,False,0,2.0999999999999996,False,25.0,-3.5436776610442946,-3.599999999999997,1.0733341322178416,0.8799999999999999,-0.4,-0.4,2.7777777777777777,2.7777777777777777,25.0,45.618032991800675,45.288888888888906,0.27515191199975453,-6.661338147750939e-16,-0.4,-0.4,2.7777777777777777,2.7777777777777777
35,0.5,False,0,1.2999999999999998,False,25.0,-3.350126211717611,-3.599999999999997,0.7027884445957846,0.7000000000000002,-0.5,-0.5,2.7777777777777777,2.7777777777777777,25.0,27.906665202952514,27.511111111111116,0.05245562007027482,0.0,-0.5,-0.5,2.7777777777777777,2.7777777777777777
35,0.6000000000000001,False,0,0.7666666666666673,False,25.0,-3.6005273503325155,-3.599999999999997,0.6099205453413679,0.5200000000000005,-0.6000000000000001,-0.6000000000000001,2.7777777777777777,2.7777777777777777,25.0,16.545213716307043,16.400000000000002,0.05814734938865085,-0.019999999999999574,-0.6000000000000001,-0.6000000000000001,2.7777777777777777,2.7777777777777777
35,0.7000000000000001,False,0,0.38571428571428634,True,25.0,-3.7697022079006315,-3.599999999999997,-0.08174634344023302,0.3400000000000003,-0.7000000000000001,-0.7000000000000001,2.7777777777777777,2.7777777777777777,25.0,7.764772577966721,7.51111111111111,0.15467901946944584,-0.009999999999999343,-0.7000000000000001,-0.7000000000000001,2.7777777777777777,2.7777777777777777
35,0.8,False,0,0.09999999999999953,True,25.0,-3.04364154281011,-3.599999999999997,0.238841546550967,0.1599999999999997,-0.8,-0.8,2.7777777777777777,2.7777777777777777,25.0,1.2587441377426574,0.8444444444444459,0.22543471460829778,-2.220446049250313e-16,-0.8,-0.8,2.7777777777777777,2.7777777777777777
35,0.9,True,1,0.0,True,24.4,-3.026516344910436,-3.6599999999999993,0.1680055474864286,-0.02000000000000024,-0.9,-0.9,2.7777777777777777,2.7777777777777777,24.4,-3.026516344910436,-3.6599999999999993,0.1680055474864286,-0.02000000000000024,-0.9,-0.9,2.7777777777777777,2.7777777777777777
35,1.0,True,2,0.0,True,25.0,-2.8459646095129285,-3.599999999999997,0.05282074820891158,-0.19999999999999996,-1.0,-1.0,2.7777777777777777,2.7777777777777777,25.0,-1.2550623174762405,-0.5555555555555598,0.5013762786410894,0.0,-1.0,-1.0,2.7777777777777777,2.7777777777777777
35,1.1,True,2,0.0,True,23.799999999999997,-3.539187068446874,-3.7799999999999967,-0.3183712647951331,-0.3799999999999999,-1.1,-1.1,2.7777777777777777,2.7777777777777777,25.0,1.5799850552213046,1.6666666666666616,-0.2490311812156032,-0.0499999999999996,-1.1,-1.1,2.7777777777777777,2.7777777777777777
35,1.2000000000000002,True,2,0.0,True,22.599999999999994,-3.7782936607298323,-4.199999999999998,-0.5834203585939166,-0.5599999999999992,-1.2000000000000002,-1.2000000000000002,2.7777777777777777,2.7777777777777777,25.0,3.7133158734998277,3.888888888888883,0.017769357336288927,-0.07999999999999963,-1.2000000000000002,-1.2000000000000002,2.7777777777777777,2.7777777777777777
35,1.3,True,2,0.0,True,22.599999999999994,-3.333273842231068,-4.199999999999998,-0.2584270679734484,-0.7400000000000007,-1.3,-1.3,2.7777777777777777,2.7777777777777777,25.0,6.154822523479493,6.111111111111112,0.13525060368258135,-0.09000000000000008,-1.3,-1.3,2.7777777777777777,2.7777777777777777
35,1.4000000000000001,True,2,0.0,True,21.39999999999999,-3.789121764906038,-3.7399999999999975,-0.5107692231000818,-0.919999999999999,-1.4000000000000001,-1.4000000000000001,2.7777777777777777,2.7777777777777777,25.0,8.222353327624024,8.333333333333332,0.05025623525320877,-0.08000000000000007,-1.4000000000000001,-1.4000000000000001,2.7777777777777777,2.7777777777777777
35,1.5,True,2,0.0,True,23.199999999999996,-3.8867743421060323,-3.9599999999999964,-0.764947998750465,-1.1,-1.5,-1.5,2.7777777777777777,2.7777777777777777,25.0,10.537911574879463,10.555555555555554,0.062008560355390374,-0.04999999999999982,-1.5,-1.5,2.7777777777777777,2.7777777777777777
35,1.6,True,2,0.0,True,21.999999999999993,-3.4078347110009615,-4.099999999999997,-0.49721193140045883,-1.2800000000000007,-1.6,-1.6,2.7777777777777777,2.7777777777777777,25.0,9.918742398789394,10.555555555555554,-0.017514209063648645,-0.1599999999999997,-1.6,-1.6,2.7777777777777777,2.7777777777777777
35,1.7000000000000002,True,2,0.0,True,21.999999999999993,-4.014494847405625,-4.099999999999997,-1.6528894872530175,-1.459999999999999,-1.7000000000000002,-1.7000000000000002,2.7777777777777777,2.7777777777777777,25.0,12.376830642594296,12.777777777777775,0.24003899293534348,-0.09999999999999964,-1.7000000000000002,-1.7000000000000002,2.7777777777777777,2.7777777777777777
37,0.0,False,0,4.0,False,25.0,-3.5055958129360674,-3.3777777777777755,1.6848040695168338,1.6,0.0,0.0,2.7777777777777777,2.7777777777777777,,,,,,,,,
37,0.1,False,0,4.0,False,25.0,-3.147248580222107,-3.3777777777777755,1.2977536420815983,1.4100000000000001,-0.1,-0.1,2.7777777777777777,2.7777777777777777,25.0,312.3234208505991,312.17777777777786,-0.2271067705937475,-0.00999999999999579,-0.1,-0.1,2.7777777777777777,2.7777777777777777
37,0.2,False,0,4.0,False,25.0,-3.4368250980736645,-3.3777777777777755,1.4754221262553653,1.2200000000000002,-0.2,-0.2,2.7777777777777777,2.7777777777777777,25.0,135.3661078633424,134.40000000000003,0.12029028097044225,-0.019999999999997353,-0.2,-0.2,2.7777777777777777,2.7777777777777777
37,0.30000000000000004,False,0,3.3333333333333344,False,25.0,-3.250578151275337,-3.3777777777777755,0.8724622163552436,1.0300000000000002,-0.30000000000000004,-0.30000000000000004,2.7777777777777777,2.7777777777777777,25.0,75.1094015745034,74.40000000000002,-0.1575597996136957,-0.020000000000001572,-0.30000000000000004,-0.30000000000000004,2.7777777777777777,2.7777777777777777
37,0.4,False,0,1.9999999999999996,False,25.0,-3.0332448855620866,-3.3777777777777755,1.20155652743285,0.8399999999999999,-0.4,-0.4,2.7777777777777777,2.7777777777777777,25.0,44.011439327333186,43.288888888888906,0.24610174771761573,-6.661338147750939e-16,-0.4,-0.4,2.7777777777777777,2.7777777777777777
37,0.5,False,0,1.2000000000000002,False,25.0,-3.021972285199001,-3.3777777777777755,0.7266292382634467,0.6499999999999999,-0.5,-0.5,2.7777777777777777,2.7777777777777777,25.0,25.608754944649586,25.511111111111116,0.12285813144516666,0.0,-0.5,-0.5,2.7777777777777777,2.7777777777777777
37,0.6000000000000001,False,0,0.6666666666666672,False,25.0,-3.357918657570198,-3.3777777777777755,0.577861914583925,0.4600000000000004,-0.6000000000000001,-0.6000000000000001,2.7777777777777777,2.7777777777777777,25.0,15.031791398408739,14.400000000000002,-0.11642428318687403,-0.019999999999999574,-0.6000000000000001,-0.6000000000000001,2.7777777777777777,2.7777777777777777
37,0.7000000000000001,False,0,0.2857142857142866,True,25.0,-3.0271453780935955,-3.3777777777777755,0.20983838833993573,0.27000000000000046,-0.7000000000000001,-0.7000000000000001,2.7777777777777777,2.7777777777777777,25.0,6.012290332013149,5.51111111111111,0.0891666394388877,-0.009999999999999343,-0.7000000000000001,-0.7000000000000001,2.7777777777777777,2.7777777777777777
37,0.8,True,1,0.0,True,25.0,-2.698519233259769,-3.3777777777777755,0.48279541317010777,0.07999999999999963,-0.8,-0.8,2.7777777777777777,2.7777777777777777,25.0,-0.8884673606328333,-1.1555555555555541,0.24550440315122568,-2.220446049250313e-16,-0.8,-0.8,2.7777777777777777,2.7777777777777777
37,0.9,True,2,0.0,True,23.799999999999997,-2.363499141226593,-3.5577777777777753,0.37746588253246616,-0.1100000000000001,-0.9,-0.9,2.7777777777777777,2.7777777777777777,24.4,-2.998622198278336,-2.9400000000000004,-0.042883693665457745,-0.02000000000000024,-0.9,-0.9,2.7777777777777777,2.7777777777777777
37,1.0,True,2,0.0,True,23.199999999999996,-3.279604985330667,-3.737777777777775,-0.044948895089933494,-0.2999999999999998,-1.0,-1.0,2.7777777777777777,2.7777777777777777,25.0,1.0394122434238868,1.4444444444444402,0.23256507729077125,0.0,-1.0,-1.0,2.7777777777777777,2.7777777777777777
37,1.1,True,2,0.0,True,23.199999999999996,-2.8298122617034265,-3.737777777777775,-0.002344822253702139,-0.4900000000000002,-1.1,-1.1,2.7777777777777777,2.7777777777777777,25.0,3.0896265271631664,3.6666666666666616,0.23971949832376538,-0.0499999999999996,-1.1,-1.1,2.7777777777777777,2.7777777777777777
37,1.2000000000000002,True,2,0.0,True,22.599999999999994,-3.62994906288355,-3.977777777777777,-0.736786322789865,-0.6799999999999993,-1.2000000000000002,-1.2000000000000002,2.7777777777777777,2.7777777777777777,25.0,5.401310133852609,5.888888888888883,0.3499394389768544,-0.07999999999999963,-1.2000000000000002,-1.2000000000000002,2.7777777777777777,2.7777777777777777
37,1.3,True,2,0.0,True,21.39999999999999,-4.264609522005936,-3.962222222222219,-1.050566531366884,-0.8700000000000006,-1.3,-1.3,2.7777777777777777,2.7777777777777777,25.0,7.165479469298302,8.11111111111111,0.0691118099724668,-0.09000000000000008,-1.3,-1.3,2.7777777777777777,2.7777777777777777
37,1.4000000000000001,True,2,0.0,True,22.599999999999994,-3.91965855693267,-3.977777777777777,-1.162708510463606,-1.0599999999999992,-1.4000000000000001,-1.4000000000000001,2.7777777777777777,2.7777777777777777,25.0,9.761431528546257,10.333333333333332,-0.13481655320856945,-0.08000000000000007,-1.4000000000000001,-1.4000000000000001,2.7777777777777777,2.7777777777777777
37,1.5,True,2,0.0,True,21.999999999999993,-4.288422438270191,-4.277777777777781,-1.3723040323661775,-1.25,-1.5,-1.5,2.7777777777777777,2.7777777777777777,25.0,12.464737375156357,12.555555555555554,-0.03462729460485203,-0.04999999999999982,-1.5,-1.5,2.7777777777777777,2.7777777777777777
37,1.6,True,2,0.0,True,21.39999999999999,-4.282807483442386,-3.962222222222219,-1.3770368265966775,-1.4400000000000008,-1.6,-1.6,2.7777777777777777,2.7777777777777777,25.0,11.921099593965156,12.555555555555554,0.19764284227784978,-0.1599999999999997,-1.6,-1.6,2.7777777777777777,2.7777777777777777
37,1.7000000000000002,True,2,0.0,True,20.79999999999999,-3.4586856391601826,-3.5422222222222173,-1.2332945867311695,-1.629999999999999,-1.7000000000000002,-1.7000000000000002,2.7777777777777777,2.7777777777777777,25.0,13.955162734661048,14.777777777777775,0.30663177604199143,-0.09999999999999964,-1.7000000000000002,-1.7000000000000002,2.7777777777777777,2.7777777777777777
39,0.0,False,0,4.0,False,25.0,-3.5675241148867896,-3.222222222222224,1.7266181358962691,1.6,0.0,0.0,2.7777777777777777,2.7777777777777777,,,,,,,,,
39,0.1,False,0,4.0,False,25.0,-3.2151072951921646,-3.222222222222224,1.5891513367094734,1.4100000000000001,-0.1,-0.1,2.7777777777777777,2.7777777777777777,25.0,310.31007084819583,310.17777777777786,-0.05680512001341942,-0.00999999999999579,-0.1,-0.1,2.7777777777777777,2.7777777777777777
39,0.2,False,0,4.0,False,25.0,-3.4088411324873276,-3.222222222222224,1.30012463728777,1.2200000000000002,-0.2,-0.2,2.7777777777777777,2.7777777777777777,25.0,132.4827963410582,132.40000000000003,0.17297201142696528,-0.019999999999997353,-0.2,-0.2,2.7777777777777777,2.7777777777777777
39,0.30000000000000004,False,0,3.2333333333333334,False,25.0,-3.1449520650894867,-3.222222222222224,1.041740537863927,1.0300000000000002,-0.30000000000000004,-0.30000000000000004,2.7777777777777777,2.7777777777777777,25.0,73.48995071110011,72.40000000000002,-0.026901568287899025,-0.020000000000001572,-0.30000000000000004,-0.30000000000000004,2.7777777777777777,2.7777777777777777
39,0.4,False,0,1.8999999999999995,False,25.0,-3.553327719656049,-3.222222222222224,1.0440404520158237,0.8399999999999999,-0.4,-0.4,2.7777777777777777,2.7777777777777777,25.0,42.11316126877547,41.288888888888906,0.42325349160680226,-6.661338147750939e-16,-0.4,-0.4,2.7777777777777777,2.7777777777777777
39,0.5,False,0,1.1000000000000005,True,25.0,-3.668063807083679,-3.222222222222224,0.31896961798741996,0.6499999999999999,-0.5,-0.5,2.7777777777777777,2.7777777777777777,25.0,24.311275877242966,23.511111111111116,-0.0852526910972311,0.0,-0.5,-0.5,2.7777777777777777,2.7777777777777777
39,0.6000000000000001,False,0,0.5666666666666671,True,25.0,-3.3550161425653995,-3.222222222222224,0.5496025587694153,0.4600000000000004,-0.6000000000000001,-0.6000000000000001,2.7777777777777777,2.7777777777777777,25.0,13.033082563736944,12.400000000000002,0.0040709021728648764,-0.019999999999999574,-0.6000000000000001,-0.6000000000000001,2.7777777777777777,2.7777777777777777
39,0.7000000000000001,False,0,0.1857142857142868,True,25.0,-4.190696774725057,-3.222222222222224,0.3367473610488605,0.27000000000000046,-0.7000000000000001,-0.7000000000000001,2.7777777777777777,2.7777777777777777,25.0,3.5183463289633155,3.51111111111111,0.1749715498533142,-0.009999999999999343,-0.7000000000000001,-0.7000000000000001,2.7777777777777777,2.7777777777777777
39,0.8,True,1,0.0,True,23.799999999999997,-3.1563852758671898,-3.335555555555554,0.09234187837142738,-2.220446049250313e-16,-0.8,-0.8,2.7777777777777777,2.7777777777777777,23.799999999999997,-3.1563852758671898,-3.335555555555554,0.09234187837142738,-2.220446049250313e-16,-0.8,-0.8,2.7777777777777777,2.7777777777777777
39,0.9,True,2,0.0,True,23.799999999999997,-3.001876461886307,-3.335555555555554,-0.19774298017925118,-0.19999999999999996,-0.9,-0.9,2.7777777777777777,2.7777777777777777,25.0,-0.9002779105386578,-1.0000000000000027,0.1347012558354912,-0.02000000000000024,-0.9,-0.9,2.7777777777777777,2.7777777777777777
39,1.0,True,2,0.0,True,22.599999999999994,-2.867421155872658,-3.7555555555555555,-0.04525178024647891,-0.3999999999999999,-1.0,-1.0,2.7777777777777777,2.7777777777777777,25.0,2.5873451592428554,3.44444444444444,0.37138298939351433,0.0,-1.0,-1.0,2.7777777777777777,2.7777777777777777
39,1.1,True,2,0.0,True,21.999999999999993,-3.4502186692170254,-4.05555555555556,-0.29413986386022306,-0.6000000000000001,-1.1,-1.1,2.7777777777777777,2.7777777777777777,25.0,5.018912985037521,5.666666666666662,0.29787222858246487,-0.0499999999999996,-1.1,-1.1,2.7777777777777777,2.7777777777777777
39,1.2000000000000002,True,2,0.0,True,21.999999999999993,-3.5882074641163255,-4.05555555555556,-0.5230396756551032,-0.7999999999999994,-1.2000000000000002,-1.2000000000000002,2.7777777777777777,2.7777777777777777,25.0,7.1668506169517885,7.888888888888883,-0.02597316625011259,-0.07999999999999963,-1.2000000000000002,-1.2000000000000002,2.7777777777777777,2.7777777777777777
39,1.3,True,2,0.0,True,22.599999999999994,-3.3704428655573393,-3.7555555555555555,-0.5675028229916137,-1.0000000000000004,-1.3,-1.3,2.7777777777777777,2.7777777777777777,25.0,9.804057593063344,10.11111111111111,-0.10709405959316132,-0.09000000000000008,-1.3,-1.3,2.7777777777777777,2.7777777777777777
39,1.4000000000000001,True,2,0.0,True,21.39999999999999,-4.0919334090913635,-4.18444444444444,-0.7561809096643668,-1.1999999999999988,-1.4000000000000001,-1.4000000000000001,2.7777777777777777,2.7777777777777777,25.0,11.808895126446277,12.333333333333332,0.2706284523033786,-0.08000000000000007,-1.4000000000000001,-1.4000000000000001,2.7777777777777777,2.7777777777777777
39,1.5,True,2,0.0,True,21.39999999999999,-4.126031209055173,-4.18444444444444,-1.1373036928813847,-1.4,-1.5,-1.5,2.7777777777777777,2.7777777777777777,25.0,14.038134102489533,14.555555555555554,-0.17249880943227702,-0.04999999999999982,-1.5,-1.5,2.7777777777777777,2.7777777777777777
39,1.6,True,2,0.0,True,20.79999999999999,-3.993153550479046,-3.7644444444444387,-0.9119028706836267,-1.6000000000000005,-1.6,-1.6,2.7777777777777777,2.7777777777777777,25.0,14.19022382068692,14.555555555555554,0.3879140465788087,-0.1599999999999997,-1.6,-1.6,2.7777777777777777,2.7777777777777777
39,1.7000000000000002,True,2,0.0,True,21.39999999999999,-4.073795868630522,-4.18444444444444,-1.8730904168488047,-1.7999999999999994,-1.7000000000000002,-1.7000000000000002,2.7777777777777777,2.7777777777777777,25.0,16.133868370158044,16.777777777777775,0.5637784509204105,-0.09999999999999964,-1.7000000000000002,-1.7000000000000002,2.7777777777777777,2.7777777777777777
41,0.0,False,0,4.0,False,25.0,-3.463024716244159,-3.4444444444444455,1.4545859736263775,1.6,0.0,0.0,2.7777777777777777,2.7777777777777777,,,,,,,,,
41,0.1,False,0,4.0,False,25.0,-3.9727453014207397,-3.4444444444444455,1.4930146204509955,1.4,-0.1,-0.1,2.7777777777777777,2.7777777777777777,25.0,308.470616573756,308.17777777777786,0.0032809940519269443,-0.00999999999999579,-0.1,-0.1,2.7777777777777777,2.7777777777777777
41,0.2,False,0,4.0,False,25.0,-3.2993639310607277,-3.4444444444444455,1.2496296959836402,1.2000000000000002,-0.2,-0.2,2.7777777777777777,2.7777777777777777,25.0,131.06680782799197,130.40000000000003,0.04694600123165804,-0.019999999999997353,-0.2,-0.2,2.7777777777777777,2.7777777777777777
41,0.30000000000000004,False,0,3.133333333333334,False,25.0,-4.199335033189501,-3.4444444444444455,1.0745332254462294,1.0000000000000004,-0.30000000000000004,-0.30000000000000004,2.7777777777777777,2.7777777777777777,25.0,70.61907729277223,70.40000000000002,0.07086697302301825,-0.020000000000001572,-0.30000000000000004,-0.30000000000000004,2.7777777777777777,2.7777777777777777
41,0.4,False,0,1.7999999999999994,False,25.0,-4.248815579269343,-3.4444444444444455,1.1454915866778856,0.7999999999999998,-0.4,-0.4,2.7777777777777777,2.7777777777777777,25.0,39.8934932452238,39.288888888888906,0.2006523240122684,-6.661338147750939e-16,-0.4,-0.4,2.7777777777777777,2.7777777777777777
41,0.5,False,0,1.0,False,25.0,-3.757139765355336,-3.4444444444444455,0.6969552909099548,0.6000000000000001,-0.5,-0.5,2.7777777777777777,2.7777777777777777,25.0,21.59591634989938,21.511111111111116,-0.09425556902947707,0.0,-0.5,-0.5,2.7777777777777777,2.7777777777777777
41,0.6000000000000001,False,0,0.46666666666666773,True,25.0,-3.824661439446646,-3.4444444444444455,0.5037980829166568,0.40000000000000036,-0.6000000000000001,-0.6000000000000001,2.7777777777777777,2.7777777777777777,25.0,10.480863424997803,10.400000000000002,-0.04550421781506864,-0.019999999999999574,-0.6000000000000001,-0.6000000000000001,2.7777777777777777,2.7777777777777777
41,0.7000000000000001,False,0,0.08571428571428673,True,25.0,-4.072224165518132,-3.4444444444444455,0.010459505602312458,0.20000000000000062,-0.7000000000000001,-0.7000000000000001,2.7777777777777777,2.7777777777777777,25.0,1.4889133425186403,1.5111111111111102,-0.028454459702874857,-0.009999999999999343,-0.7000000000000001,-0.7000000000000001,2.7777777777777777,2.7777777777777777
41,0.8,True,2,0.0,True,25.0,-3.646949279605205,-3.4444444444444455,0.17721573968362758,-2.220446049250313e-16,-0.8,-0.8,2.7777777777777777,2.7777777777777777,25.0,-3.646949279605205,-3.4444444444444455,0.17721573968362758,-2.220446049250313e-16,-0.8,-0.8,2.7777777777777777,2.7777777777777777
41,0.9,True,2,0.0,True,22.599999999999994,-3.0430139141092267,-3.533333333333334,-0.19045548231045184,-0.2899999999999998,-0.9,-0.9,2.7777777777777777,2.7777777777777777,24.4,0.6856989320684521,1.0599999999999996,0.28980044312623887,-0.02000000000000024,-0.9,-0.9,2.7777777777777777,2.7777777777777777
41,1.0,True,2,0.0,True,22.599999999999994,-3.2094150821613665,-3.533333333333334,-0.4634224779718503,-0.5,-1.0,-1.0,2.7777777777777777,2.7777777777777777,25.0,5.3054345944908805,5.44444444444444,0.3415232774085766,0.0,-1.0,-1.0,2.7777777777777777,2.7777777777777777
41,1.1,True,2,0.0,True,21.39999999999999,-3.56046667501393,-4.193333333333338,-0.5297722840032248,-0.7100000000000004,-1.1,-1.1,2.7777777777777777,2.7777777777777777,25.0,7.443364394426756,7.666666666666662,-0.1614295177645677,-0.0499999999999996,-1.1,-1.1,2.7777777777777777,2.7777777777777777
41,1.2000000000000002,True,2,0.0,True,21.999999999999993,-2.765945914681164,-3.8333333333333384,-0.28446657477543447,-0.919999999999999,-1.2000000000000002,-1.2000000000000002,2.7777777777777777,2.7777777777777777,25.0,9.750021383041993,9.888888888888882,-0.07164101506971066,-0.07999999999999963,-1.2000000000000002,-1.2000000000000002,2.7777777777777777,2.7777777777777777
41,1.3,True,2,0.0,True,21.39999999999999,-3.621027403789081,-4.193333333333338,-0.8496515937561215,-1.1300000000000008,-1.3,-1.3,2.7777777777777777,2.7777777777777777,25.0,11.79277155589163,12.11111111111111,0.18418162921158965,-0.09000000000000008,-1.3,-1.3,2.7777777777777777,2.7777777777777777
41,1.4000000000000001,True,2,0.0,True,20.19999999999999,-3.8381334489014334,-3.506666666666656,-1.154062787079443,-1.3399999999999985,-1.4000000000000001,-1.4000000000000001,2.7777777777777777,2.7777777777777777,25.0,13.854713577541123,14.333333333333332,0.35419981565581793,-0.08000000000000007,-1.4000000000000001,-1.4000000000000001,2.7777777777777777,2.7777777777777777
41,1.5,True,2,0.0,True,20.79999999999999,-4.1981395875537215,-3.98666666666666,-1.2879445221752182,-1.5499999999999998,-1.5,-1.5,2.7777777777777777,2.7777777777777777,25.0,16.35562318948754,16.555555555555554,0.3670362736160562,-0.04999999999999982,-1.5,-1.5,2.7777777777777777,2.7777777777777777
41,1.6,True,2,0.0,True,20.79999999999999,-3.7513585622344108,-3.98666666666666,-1.2744673888511744,-1.7600000000000007,-1.6,-1.6,2.7777777777777777,2.7777777777777777,25.0,16.89016594598417,16.555555555555554,-0.15669806817533338,-0.1599999999999997,-1.6,-1.6,2.7777777777777777,2.7777777777777777
41,1.7000000000000002,True,2,0.0,True,18.999999999999986,-3.5745044861697535,-4.011111111111123,-1.7295499781957644,-1.8300000000000005,-1.7000000000000002,0.0,2.7777777777777777,2.7777777777777777,25.0,18.498162226579534,18.777777777777775,-0.006127473760762392,-0.09999999999999964,-1.7000000000000002,-1.7000000000000002,2.7777777777777777,2.7777777777777777
43,0.0,False,0,4.0,False,25.0,-3.709413413119246,-3.666666666666667,1.812037627311192,1.6,0.0,0.0,2.7777777777777777,2.7777777777777777,,,,,,,,,
43,0.1,False,0,4.0,False,25.0,-4.080393109817154,-3.666666666666667,1.5803180649395316,1.3900000000000001,-0.1,-0.1,2.7777777777777777,2.7777777777777777,25.0,306.4049473065579,306.17777777777786,-0.1987759888051981,-0.00999999999999579,-0.1,-0.1,2.7777777777777777,2.7777777777777777
43,0.2,False,0,4.0,False,25.0,-4.22847331175804,-3.666666666666667,1.1566609321725414,1.1800000000000002,-0.2,-0.2,2.7777777777777777,2.7777777777777777,25.0,128.83145951909484,128.40000000000003,0.11114047154204076,-0.019999999999997353,-0.2,-0.2,2.7777777777777777,2.7777777777777777
43,0.30000000000000004,False,0,3.033333333333335,False,25.0,-4.299250832929718,-3.666666666666667,1.2754062739050127,0.9700000000000002,-0.30000000000000004,-0.30000000000000004,2.7777777777777777,2.7777777777777777,25.0,68.56711370173512,68.40000000000002,0.004752602752179813,-0.020000000000001572,-0.30000000000000004,-0.30000000000000004,2.7777777777777777,2.7777777777777777
43,0.4,False,0,1.6999999999999993,False,25.0,-3.5988382087125173,-3.666666666666667,0.9277685788612247,0.7599999999999998,-0.4,-0.4,2.7777777777777777,2.7777777777777777,25.0,37.67413661720541,37.288888888888906,0.10062437921554457,-6.661338147750939e-16,-0.4,-0.4,2.7777777777777777,2.7777777777777777
43,0.5,False,0,0.9000000000000004,False,25.0,-4.043756328399222,-3.666666666666667,0.606780777859115,0.5500000000000003,-0.5,-0.5,2.7777777777777777,2.7777777777777777,25.0,20.000865159235072,19.511111111111116,0.020666602692221092,0.0,-0.5,-0.5,2.7777777777777777,2.7777777777777777
43,0.6000000000000001,False,0,0.3666666666666677,True,25.0,-3.9756054468981317,-3.666666666666667,0.24517550121339848,0.3400000000000003,-0.6000000000000001,-0.6000000000000001,2.7777777777777777,2.7777777777777777,25.0,8.653808757490058,8.400000000000002,-0.22678554359219216,-0.019999999999999574,-0.6000000000000001,-0.6000000000000001,2.7777777777777777,2.7777777777777777
43,0.7000000000000001,True,1,0.0,True,25.0,-3.1146585657647377,-3.666666666666667,0.47471768377379764,0.13000000000000078,-0.7000000000000001,-0.7000000000000001,2.7777777777777777,2.7777777777777777,25.0,-0.12347928951125464,-0.4888888888888898,0.12911448827102756,-0.009999999999999343,-0.7000000000000001,-0.7000000000000001,2.7777777777777777,2.7777777777777777
43,0.8,True,2,0.0,True,24.4,-3.8118744868069028,-3.6066666666666647,0.13390470824891976,-0.0800000000000003,-0.8,-0.8,2.7777777777777777,2.7777777777777777,25.0,-1.3353501418851321,-1.4444444444444455,0.05372507466778731,-2.220446049250313e-16,-0.8,-0.8,2.7777777777777777,2.7777777777777777
43,0.9,True,2,0.0,True,22.599999999999994,-3.5913018338301397,-3.3111111111111127,-0.5497049425842455,-0.37999999999999967,-0.9,-0.9,2.7777777777777777,2.7777777777777777,25.0,2.1548049386358814,2.9999999999999973,0.2632148526087694,-0.02000000000000024,-0.9,-0.9,2.7777777777777777,2.7777777777777777
43,1.0,True,2,0.0,True,22.599999999999994,-3.032559405242554,-3.3111111111111127,-0.4649470325707328,-0.6000000000000001,-1.0,-1.0,2.7777777777777777,2.7777777777777777,25.0,7.106069000001807,7.44444444444444,0.3679807661946546,0.0,-1.0,-1.0,2.7777777777777777,2.7777777777777777
43,1.1,True,2,0.0,True,20.19999999999999,-3.907542210566592,-3.7288888888888776,-0.3593658062429659,-0.8200000000000007,-1.1,-1.1,2.7777777777777777,2.7777777777777777,24.4,8.908328099543855,9.726666666666663,0.317442503449644,-0.0499999999999996,-1.1,-1.1,2.7777777777777777,2.7777777777777777
43,1.2000000000000002,True,2,0.0,True,20.79999999999999,-3.950768982904388,-4.208888888888882,-0.9045593011472135,-1.0399999999999991,-1.2000000000000002,-1.2000000000000002,2.7777777777777777,2.7777777777777777,25.0,10.446667816012852,11.888888888888882,0.3256881837854526,-0.07999999999999963,-1.2000000000000002,-1.2000000000000002,2.7777777777777777,2.7777777777777777
43,1.3,True,2,0.0,True,20.79999999999999,-4.163386752450765,-4.208888888888882,-1.1590328013488538,-1.2600000000000007,-1.3,-1.3,2.7777777777777777,2.7777777777777777,25.0,13.657741367075484,14.11111111111111,0.17473833868273525,-0.09000000000000008,-1.3,-1.3,2.7777777777777777,2.7777777777777777
43,1.4000000000000001,True,2,0.0,True,20.19999999999999,-3.7501288410602553,-3.7288888888888776,-1.3434335083661249,-1.4799999999999986,-1.4000000000000001,-1.4000000000000001,2.7777777777777777,2.7777777777777777,25.0,15.927691665645074,16.333333333333332,0.1630119297555086,-0.08000000000000007,-1.4000000000000001,-1.4000000000000001,2.7777777777777777,2.7777777777777777
43,1.5,True,2,0.0,True,20.19999999999999,-3.3800658946420397,-3.7288888888888776,-0.8159842365015093,-1.6999999999999997,-1.5,-1.5,2.7777777777777777,2.7777777777777777,25.0,17.62004630548486,18.555555555555554,0.37087659584086907,-0.04999999999999982,-1.5,-1.5,2.7777777777777777,2.7777777777777777
43,1.6,True,2,0.0,True,18.399999999999984,-4.134086991393057,-4.151111111111095,-1.5854263466895633,-1.879999999999999,0.0,0.0,2.7777777777777777,2.7777777777777777,25.0,18.16975815288291,18.555555555555554,-0.0605765871017967,-0.1599999999999997,-1.6,-1.6,2.7777777777777777,2.7777777777777777
43,1.7000000000000002,True,2,0.0,True,17.799999999999983,-3.785583513465549,-3.666666666666674,-1.8581866765562272,-1.8300000000000005,0.0,0.0,2.7777777777777777,2.7777777777777777,25.0,20.553671662777436,20.777777777777775,0.22403553779849572,-0.09999999999999964,-1.7000000000000002,-1.7000000000000002,2.7777777777777777,2.7777777777777777
45,0.0,False,0,4.0,False,25.0,-4.063819549150966,-3.8888888888888884,1.8439825573399413,1.6,0.0,0.0,2.7777777777777777,2.7777777777777777,,,,,,,,,
45,0.1,False,0,4.0,False,25.0,-3.547539431011688,-3.8888888888888884,1.4971950230703954,1.38,-0.1,-0.1,2.7777777777777777,2.7777777777777777,25.0,304.2347125205015,304.17777777777786,0.2245595915279277,-0.00999999999999579,-0.1,-0.1,2.7777777777777777,2.7777777777777777
45,0.2,False,0,4.0,False,25.0,-4.189963773925089,-3.8888888888888884,1.4941206397459759,1.1600000000000001,-0.2,-0.2,2.7777777777777777,2.7777777777777777,25.0,126.33671326156436,126.40000000000005,-0.07169614152957893,-0.019999999999997353,-0.2,-0.2,2.7777777777777777,2.7777777777777777
45,0.30000000000000004,False,0,2.933333333333334,False,25.0,-4.2052015063810755,-3.8888888888888884,0.8247453194673944,0.9400000000000004,-0.30000000000000004,-0.30000000000000004,2.7777777777777777,2.7777777777777777,25.0,67.3273323459994,66.40000000000002,0.19899073780014742,-0.020000000000001572,-0.30000000000000004,-0.30000000000000004,2.7777777777777777,2.7777777777777777
45,0.4,False,0,1.5999999999999992,False,25.0,-4.073452720238012,-3.8888888888888884,0.721859656318951,0.7199999999999998,-0.4,-0.4,2.7777777777777777,2.7777777777777777,25.0,35.74779196205666,35.288888888888906,0.06537974123738244,-6.661338147750939e-16,-0.4,-0.4,2.7777777777777777,2.7777777777777777
45,0.5,False,0,0.7999999999999998,True,25.0,-4.225569560293411,-3.8888888888888884,0.48603062867493874,0.5,-0.5,-0.5,2.7777777777777777,2.7777777777777777,25.0,17.29070601985894,17.511111111111116,-0.13716752745443106,0.0,-0.5,-0.5,2.7777777777777777,2.7777777777777777
45,0.6000000000000001,False,0,0.2666666666666676,True,25.0,-4.0183609688964905,-3.8888888888888884,0.6898818568830771,0.2800000000000007,-0.6000000000000001,-0.6000000000000001,2.7777777777777777,2.7777777777777777,25.0,7.340718168838589,6.400000000000003,0.2715124878014752,-0.019999999999999574,-0.6000000000000001,-0.6000000000000001,2.7777777777777777,2.7777777777777777
45,0.7000000000000001,True,1,0.0,True,24.4,-3.9645670022557935,-3.828888888888886,0.03147903919710693,0.06000000000000072,-0.7000000000000001,-0.7000000000000001,2.7777777777777777,2.7777777777777777,24.4,-2.106499406919869,-2.6088888888888944,-0.21703144219418058,-0.009999999999999343,-0.7000000000000001,-0.7000000000000001,2.7777777777777777,2.7777777777777777
45,0.8,True,2,0.0,True,23.199999999999996,-3.5564656655702533,-3.528888888888889,-0.08584872857176018,-0.16000000000000036,-0.8,-0.8,2.7777777777777777,2.7777777777777777,24.4,0.6154114567602891,0.6155555555555567,-0.16584713792087968,-2.220446049250313e-16,-0.8,-0.8,2.7777777777777777,2.7777777777777777
45,0.9,True,2,0.0,True,21.999999999999993,-2.683510295034817,-3.3888888888888955,-0.2381667120137747,-0.4699999999999993,-0.9,-0.9,2.7777777777777777,2.7777777777777777,25.0,5.006564682167434,4.999999999999997,-0.058597471896975284,-0.02000000000000024,-0.9,-0.9,2.7777777777777777,2.7777777777777777
45,1.0,True,2,0.0,True,21.999999999999993,-2.96550750448755,-3.3888888888888955,-0.7625985510433648,-0.6999999999999997,-1.0,-1.0,2.7777777777777777,2.7777777777777777,25.0,8.92746899343982,9.44444444444444,0.2975335769314724,0.0,-1.0,-1.0,2.7777777777777777,2.7777777777777777
45,1.1,True,2,0.0,True,20.79999999999999,-3.1281200765041346,-4.168888888888897,-0.6913110380630478,-0.9300000000000006,-1.1,-1.1,2.7777777777777777,2.7777777777777777,25.0,11.18680505489068,11.66666666666666,-0.2309466858421434,-0.0499999999999996,-1.1,-1.1,2.7777777777777777,2.7777777777777777
45,1.2000000000000002,True,2,0.0,True,21.39999999999999,-3.382609709726519,-3.748888888888895,-1.0817938858817606,-1.1599999999999988,-1.2000000000000002,-1.2000000000000002,2.7777777777777777,2.7777777777777777,25.0,13.394848172946855,13.888888888888882,0.19985706098949718,-0.07999999999999963,-1.2000000000000002,-1.2000000000000002,2.7777777777777777,2.7777777777777777
45,1.3,True,2,0.0,True,18.999999999999986,-3.4498419932079427,-3.5666666666666726,-1.290910268783678,-1.520000000000001,-1.3,-1.3,2.7777777777777777,2.7777777777777777,25.0,15.220441036447735,16.11111111111111,0.09672451683984562,-0.09000000000000008,-1.3,-1.3,2.7777777777777777,2.7777777777777777
45,1.4000000000000001,True,2,0.0,True,18.399999999999984,-3.684118943405994,-4.226666666666676,-1.248996508411524,-1.7599999999999985,-1.4000000000000001,-1.4000000000000001,2.7777777777777777,2.7777777777777777,25.0,18.266494930417192,18.333333333333332,-0.2657382918797586,-0.08000000000000007,-1.4000000000000001,-1.4000000000000001,2.7777777777777777,2.7777777777777777
45,1.5,True,2,0.0,True,18.999999999999986,-3.5014305531515673,-3.5666666666666726,-1.6147773256918188,-1.7999999999999998,-1.5,-1.5,2.7777777777777777,2.7777777777777777,25.0,19.70178272361343,20.555555555555554,0.5667554785905362,-0.04999999999999982,-1.5,-1.5,2.7777777777777777,2.7777777777777777
45,1.6,True,2,0.0,True,18.399999999999984,-3.7977905691151106,-4.226666666666676,-1.7475087058168457,-1.879999999999999,0.0,0.0,2.7777777777777777,2.7777777777777777,25.0,20.710370586094964,20.555555555555554,0.05748897969324984,-0.1599999999999997,-1.6,-1.6,2.7777777777777777,2.7777777777777777
45,1.7000000000000002,True,2,0.0,True,18.399999999999984,-4.156283904673212,-4.226666666666676,-1.8559148219715174,-1.8300000000000005,0.0,0.0,2.7777777777777777,2.7777777777777777,25.0,22.79306388232533,22.777777777777775,-0.16055438207102357,-0.09999999999999964,-1.7000000000000002,-1.7000000000000002,2.7777777777777777,2.7777777777777777
47,0.0,False,0,4.0,False,25.0,-4.214890541476033,-4.11111111111111,1.6019805367653186,1.6,0.0,0.0,2.7777777777777777,2.7777777777777777,,,,,,,,,
47,0.1,False,0,4.0,False,25.0,-3.61366100540437,-4.11111111111111,1.4211311456212719,1.37,-0.1,-0.1,2.7777777777777777,2.7777777777777777,25.0,302.086041001215,302.17777777777786,0.06940887640273052,-0.00999999999999579,-0.1,-0.1,2.7777777777777777,2.7777777777777777
47,0.2,False,0,4.0,False,25.0,-4.104932342593474,-4.11111111111111,1.2510210167766447,1.1400000000000001,-0.2,-0.2,2.7777777777777777,2.7777777777777777,25.0,124.95274200368097,124.40000000000005,-0.03585734135651841,-0.019999999999997353,-0.2,-0.2,2.7777777777777777,2.7777777777777777
47,0.30000000000000004,False,0,2.833333333333333,False,25.0,-3.735832030606711,-4.11111111111111,0.9026188927574874,0.9100000000000006,-0.30000000000000004,-0.30000000000000004,2.7777777777777777,2.7777777777777777,25.0,65.03107529724737,64.40000000000002,0.019087441137573657,-0.020000000000001572,-0.30000000000000004,-0.30000000000000004,2.7777777777777777,2.7777777777777777
47,0.4,False,0,1.4999999999999991,False,25.0,-4.019731147455455,-4.11111111111111,0.9795804093049569,0.6799999999999997,-0.4,-0.4,2.7777777777777777,2.7777777777777777,25.0,34.205291487781174,33.288888888888906,0.29866051926034043,-6.661338147750939e-16,-0.4,-0.4,2.7777777777777777,2.7777777777777777
47,0.5,False,0,0.7000000000000002,True,25.0,-4.281916581141256,-4.11111111111111,0.6539820929321678,0.4500000000000002,-0.5,-0.5,2.7777777777777777,2.7777777777777777,25.0,15.324744449078171,15.511111111111116,-0.08994551082378321,0.0,-0.5,-0.5,2.7777777777777777,2.7777777777777777
47,0.6000000000000001,False,0,0.16666666666666752,True,25.0,-4.006727110523964,-4.11111111111111,0.3095802212196235,0.22000000000000064,-0.6000000000000001,-0.6000000000000001,2.7777777777777777,2.7777777777777777,25.0,4.77053770738515,4.400000000000003,-0.12340583118043225,-0.019999999999999574,-0.6000000000000001,-0.6000000000000001,2.7777777777777777,2.7777777777777777
47,0.7000000000000001,True,2,0.0,True,24.4,-3.9855436764631476,-4.0511111111111076,0.011426968549653527,-0.009999999999999343,-0.7000000000000001,-0.7000000000000001,2.7777777777777777,2.7777777777777777,24.4,-3.9855436764631476,-4.0511111111111076,0.011426968549653527,-0.009999999999999343,-0.7000000000000001,-0.7000000000000001,2.7777777777777777,2.7777777777777777
47,0.8,True,2,0.0,True,23.799999999999997,-4.283893134003331,-3.93111111111111,-0.14024094331107495,-0.24000000000000044,-0.8,-0.8,2.7777777777777777,2.7777777777777777,25.0,2.274422271714312,2.5555555555555545,0.2681263923288655,-2.220446049250313e-16,-0.8,-0.8,2.7777777777777777,2.7777777777777777
47,0.9,True,2,0.0,True,22.599999999999994,-4.186321158639596,-3.5111111111111084,-0.32428420163564464,-0.4699999999999993,-0.9,-0.9,2.7777777777777777,2.7777777777777777,25.0,6.836408444289792,6.999999999999997,-0.04558667669818761,-0.02000000000000024,-0.9,-0.9,2.7777777777777777,2.7777777777777777
47,1.0,True,2,0.0,True,20.79999999999999,-4.119659140971545,-3.946666666666668,-0.4527463208581415,-0.7999999999999998,-1.0,-1.0,2.7777777777777777,2.7777777777777777,25.0,11.465364606529096,11.44444444444444,0.06914965937382767,0.0,-1.0,-1.0,2.7777777777777777,2.7777777777777777
47,1.1,True,2,0.0,True,19.599999999999987,-4.1176254267029675,-3.6333333333333284,-1.008386338479911,-1.040000000000001,-1.1,-1.1,2.7777777777777777,2.7777777777777777,25.0,13.36632753049685,13.66666666666666,-0.06751931191545824,-0.0499999999999996,-1.1,-1.1,2.7777777777777777,2.7777777777777777
47,1.2000000000000002,True,2,0.0,True,20.19999999999999,-4.227706689967635,-4.173333333333328,-1.421475507088367,-1.279999999999999,-1.2000000000000002,-1.2000000000000002,2.7777777777777777,2.7777777777777777,25.0,15.866995418362539,15.888888888888882,-0.07260158034278685,-0.07999999999999963,-1.2000000000000002,-1.2000000000000002,2.7777777777777777,2.7777777777777777
47,1.3,True,2,0.0,True,18.399999999999984,-3.835180653701552,-4.004444444444455,-1.6884548029349524,-1.6500000000000008,-1.3,-1.3,2.7777777777777777,2.7777777777777777,25.0,16.61616855444439,18.11111111111111,0.44387441828801943,-0.09000000000000008,-1.3,-1.3,2.7777777777777777,2.7777777777777777
47,1.4000000000000001,True,2,0.0,True,18.399999999999984,-3.7875339446295397,-4.004444444444455,-1.6099947509518246,-1.8999999999999986,-1.4000000000000001,-1.4000000000000001,2.7777777777777777,2.7777777777777777,25.0,19.718448119521472,20.333333333333332,0.22080826344228033,-0.08000000000000007,-1.4000000000000001,-1.4000000000000001,2.7777777777777777,2.7777777777777777
47,1.5,True,2,0.0,True,18.399999999999984,-3.1600036264912132,-4.004444444444455,-1.8407732246785338,-1.7999999999999998,-1.5,0.0,2.7777777777777777,2.7777777777777777,25.0,22.20509334373362,22.555555555555554,0.27020257654389734,-0.04999999999999982,-1.5,-1.5,2.7777777777777777,2.7777777777777777
47,1.6,True,2,0.0,True,20.19999999999999,-4.1336284662420395,-4.173333333333328,-1.7364412850155075,-1.879999999999999,-1.6,0.0,2.7777777777777777,2.7777777777777777,25.0,21.774180109119246,22.555555555555554,0.5831786208850405,-0.1599999999999997,-1.6,-1.6,2.7777777777777777,2.7777777777777777
47,1.7000000000000002,True,2,0.0,True,17.799999999999983,-3.7034979067923883,-3.875555555555546,-1.7119901881466664,-1.8300000000000005,-1.7000000000000002,0.0,2.7777777777777777,2.7777777777777777,25.0,24.347812316284443,24.777777777777775,0.11040762100382251,-0.09999999999999964,-1.7000000000000002,-1.7000000000000002,2.7777777777777777,2.7777777777777777
49,0.0,False,0,4.0,False,25.0,-4.27819659956739,-4.266666666666661,1.5622594037077033,1.6,0.0,0.0,2.7777777777777777,2.7777777777777777,,,,,,,,,
49,0.1,False,0,4.0,False,25.0,-4.129920575799768,-4.266666666666661,1.146035757455135,1.3599999999999999,-0.1,-0.1,2.7777777777777777,2.7777777777777777,25.0,300.57875221345745,300.17777777777786,0.09754294707589906,-0.00999999999999579,-0.1,-0.1,2.7777777777777777,2.7777777777777777
49,0.2,False,0,4.0,False,25.0,-4.145080602774267,-4.266666666666661,1.0754872710902466,1.12,-0.2,-0.2,2.7777777777777777,2.7777777777777777,25.0,122.79749623891828,122.40000000000005,-0.04459566093059042,-0.019999999999997353,-0.2,-0.2,2.7777777777777777,2.7777777777777777
49,0.30000000000000004,False,0,2.833333333333333,False,25.0,-3.4259855982728906,-4.266666666666661,0.9061946004539081,0.8800000000000003,-0.30000000000000004,-0.30000000000000004,2.7777777777777777,2.7777777777777777,25.0,62.53600611552149,62.40000000000002,0.03930144526274493,-0.020000000000001572,-0.30000000000000004,-0.30000000000000004,2.7777777777777777,2.7777777777777777
49,0.4,False,0,1.4999999999999991,False,25.0,-3.6886726317584957,-4.266666666666661,0.6892519776943753,0.6399999999999997,-0.4,-0.4,2.7777777777777777,2.7777777777777777,25.0,31.52294190195658,31.288888888888902,-0.26181961412300025,-6.661338147750939e-16,-0.4,-0.4,2.7777777777777777,2.7777777777777777
49,0.5,False,0,0.7000000000000002,True,25.0,-3.570744241224804,-4.266666666666661,0.6253458347971073,0.3999999999999999,-0.5,-0.5,2.7777777777777777,2.7777777777777777,25.0,13.684239044070463,13.511111111111116,0.23129273678475126,0.0,-0.5,-0.5,2.7777777777777777,2.7777777777777777
49,0.6000000000000001,False,0,0.16666666666666752,True,25.0,-4.169171060090863,-4.266666666666661,0.15606142089044273,0.1600000000000006,-0.6000000000000001,-0.6000000000000001,2.7777777777777777,2.7777777777777777,25.0,2.3715359740407367,2.400000000000003,-0.07050564568451967,-0.019999999999999574,-0.6000000000000001,-0.6000000000000001,2.7777777777777777,2.7777777777777777
49,0.7000000000000001,True,2,0.0,True,23.799999999999997,-4.094815392830067,-4.153333333333339,0.2005285169134874,-0.07999999999999918,-0.7000000000000001,-0.7000000000000001,2.7777777777777777,2.7777777777777777,24.4,-2.359627227003858,-2.0511111111111076,0.1583758130399069,-0.009999999999999343,-0.7000000000000001,-0.7000000000000001,2.7777777777777777,2.7777777777777777
49,0.8,True,2,0.0,True,23.199999999999996,-4.291702241031021,-3.973333333333339,-0.7315496037590556,-0.3200000000000005,-0.8,-0.8,2.7777777777777777,2.7777777777777777,25.0,4.128367133643157,4.5555555555555545,0.1954023303816088,-2.220446049250313e-16,-0.8,-0.8,2.7777777777777777,2.7777777777777777
49,0.9,True,2,0.0,True,20.79999999999999,-3.896970030128453,-3.7244444444444467,-0.5928371162799062,-0.649999999999999,-0.9,-0.9,2.7777777777777777,2.7777777777777777,25.0,8.570176053137214,8.999999999999996,0.27629213627542804,-0.02000000000000024,-0.9,-0.9,2.7777777777777777,2.7777777777777777
49,1.0,True,2,0.0,True,20.19999999999999,-4.271957793135118,-4.204444444444451,-0.9425077485607579,-0.8999999999999999,-1.0,-1.0,2.7777777777777777,2.7777777777777777,25.0,13.600279382543615,13.44444444444444,-0.02580044349901356,0.0,-1.0,-1.0,2.7777777777777777,2.7777777777777777
49,1.1,True,2,0.0,True,18.399999999999984,-3.3339029388836847,-3.7822222222222335,-1.458889927493222,-1.2600000000000011,-1.1,-1.1,2.7777777777777777,2.7777777777777777,25.0,15.417795949985535,15.66666666666666,0.23078195357514986,-0.0499999999999996,-1.1,-1.1,2.7777777777777777,2.7777777777777777
49,1.2000000000000002,True,2,0.0,True,18.399999999999984,-3.4065204236209565,-3.7822222222222335,-1.5627008391685917,-1.5199999999999987,-1.2000000000000002,-1.2000000000000002,2.7777777777777777,2.7777777777777777,25.0,17.49736598470098,17.888888888888882,0.1713754552872313,-0.07999999999999963,-1.2000000000000002,-1.2000000000000002,2.7777777777777777,2.7777777777777777
49,1.3,True,2,0.0,True,18.399999999999984,-3.9566111932767525,-3.7822222222222335,-1.8647081385000137,-1.7800000000000002,-1.3,-1.3,2.7777777777777777,2.7777777777777777,25.0,19.233559369649736,20.11111111111111,0.4444324098268839,-0.09000000000000008,-1.3,-1.3,2.7777777777777777,2.7777777777777777
49,1.4000000000000001,True,2,0.0,True,15.99999999999998,-3.5401594468479685,-3.7999999999999856,-1.8172134628413539,-1.8999999999999986,0.0,0.0,2.7777777777777777,2.7777777777777777,25.0,21.91997422594068,22.333333333333332,0.34469980965557445,-0.08000000000000007,-1.4000000000000001,-1.4000000000000001,2.7777777777777777,2.7777777777777777
49,1.5,True,2,0.0,True,16.59999999999998,-3.7821000706442147,-3.9000000000000155,-1.7069193831146523,-1.7999999999999998,0.0,0.0,2.7777777777777777,2.7777777777777777,25.0,24.029907845237243,24.555555555555554,-0.11172537015824768,-0.04999999999999982,-1.5,-1.5,2.7777777777777777,2.7777777777777777
49,1.6,True,2,0.0,True,16.59999999999998,-3.7692446459736955,-3.9000000000000155,-1.8104583510040406,-1.879999999999999,0.0,0.0,2.7777777777777777,2.7777777777777777,25.0,24.353752600912077,24.555555555555554,0.05812971130513844,-0.1599999999999997,-1.6,-1.6,2.7777777777777777,2.7777777777777777
49,1.7000000000000002,True,2,0.0,True,16.59999999999998,-3.412876040854445,-3.9000000000000155,-1.5962264082848914,-1.8300000000000005,0.0,0.0,2.7777777777777777,2.7777777777777777,25.0,26.505809648457667,26.777777777777775,-0.0028002893714731414,-0.09999999999999964,-1.7000000000000002,-1.7000000000000002,2.7777777777777777,2.7777777777777777
51,0.0,False,0,4.0,False,25.0,-3.691865500747272,-4.04444444444444,1.6858490336149292,1.6,0.0,0.0,2.7777777777777777,2.7777777777777777,,,,,,,,,
51,0.1,False,0,4.0,False,25.0,-3.782232118450085,-4.04444444444444,1.445998737642244,1.35,-0.1,-0.1,2.7777777777777777,2.7777777777777777,25.0,298.39395482845487,298.17777777777786,0.01598200961119045,-0.00999999999999579,-0.1,-0.1,2.7777777777777777,2.7777777777777777
51,0.2,False,0,4.0,False,25.0,-3.084644782114519,-4.04444444444444,1.3845867467290431,1.1,-0.2,-0.2,2.7777777777777777,2.7777777777777777,25.0,120.75241010030335,120.40000000000005,0.17301579146374868,-0.019999999999997353,-0.2,-0.2,2.7777777777777777,2.7777777777777777
51,0.30000000000000004,False,0,2.733333333333334,False,25.0,-4.108012506459207,-4.04444444444444,0.6949287874661416,0.8500000000000001,-0.30000000000000004,-0.30000000000000004,2.7777777777777777,2.7777777777777777,25.0,61.13447866807974,60.40000000000002,0.17025840644825463,-0.020000000000001572,-0.30000000000000004,-0.30000000000000004,2.7777777777777777,2.7777777777777777
51,0.4,False,0,1.399999999999999,False,25.0,-3.5483505633701666,-4.04444444444444,0.38773502898741796,0.5999999999999996,-0.4,-0.4,2.7777777777777777,2.7777777777777777,25.0,29.514347503253102,29.288888888888902,0.04964023439374654,-6.661338147750939e-16,-0.4,-0.4,2.7777777777777777,2.7777777777777777
51,0.5,False,0,0.6000000000000005,True,25.0,-2.757367987809981,-4.04444444444444,0.7607346476438228,0.3500000000000001,-0.5,-0.5,2.7777777777777777,2.7777777777777777,25.0,12.043926640009996,11.511111111111116,-0.06046152882355016,0.0,-0.5,-0.5,2.7777777777777777,2.7777777777777777
51,0.6000000000000001,True,1,0.0,True,23.799999999999997,-3.810722956883505,-4.22444444444444,0.16867168669707944,0.10000000000000053,-0.6000000000000001,-0.6000000000000001,2.7777777777777777,2.7777777777777777,23.799999999999997,0.6085125785905605,-0.019999999999998685,0.08580264501115242,-0.019999999999999574,-0.6000000000000001,-0.6000000000000001,2.7777777777777777,2.7777777777777777
51,0.7000000000000001,True,2,0.0,True,23.199999999999996,-3.5033592433335228,-4.19555555555556,-0.014585554964063219,-0.14999999999999925,-0.7000000000000001,-0.7000000000000001,2.7777777777777777,2.7777777777777777,24.4,-0.34809425805931493,-0.051111111111107554,0.13299312488732973,-0.009999999999999343,-0.7000000000000001,-0.7000000000000001,2.7777777777777777,2.7777777777777777
51,0.8,True,2,0.0,True,20.19999999999999,-4.014366244976837,-3.982222222222229,-0.5848360904211123,-0.48000000000000087,-0.8,-0.8,2.7777777777777777,2.7777777777777777,23.799999999999997,6.433451339523853,6.735555555555554,0.3444893982953876,-2.220446049250313e-16,-0.8,-0.8,2.7777777777777777,2.7777777777777777
51,0.9,True,2,0.0,True,20.19999999999999,-3.5808682150758626,-3.982222222222229,-0.3793336032517529,-0.7399999999999989,-0.9,-0.9,2.7777777777777777,2.7777777777777777,25.0,10.750949591888219,10.999999999999996,-0.07758202145225579,-0.02000000000000024,-0.9,-0.9,2.7777777777777777,2.7777777777777777
51,1.0,True,2,0.0,True,18.999999999999986,-3.590368487141691,-3.5000000000000098,-1.3835228510420767,-1.1,-1.0,-1.0,2.7777777777777777,2.7777777777777777,25.0,15.510424007601006,15.44444444444444,-0.08633204437485364,0.0,-1.0,-1.0,2.7777777777777777,2.7777777777777777
51,1.1,True,2,0.0,True,19.599999999999987,-4.080597847435842,-4.077777777777771,-1.098533263743485,-1.2600000000000011,-1.1,-1.1,2.7777777777777777,2.7777777777777777,25.0,17.147332612097802,17.66666666666666,-0.027001230565061984,-0.0499999999999996,-1.1,-1.1,2.7777777777777777,2.7777777777777777
51,1.2000000000000002,True,2,0.0,True,17.799999999999983,-4.275932291005634,-4.280000000000011,-1.2296387817136163,-1.6399999999999992,-1.2000000000000002,-1.2000000000000002,2.7777777777777777,2.7777777777777777,25.0,19.506358881007625,19.888888888888882,-0.04653580952357128,-0.07999999999999963,-1.2000000000000002,-1.2000000000000002,2.7777777777777777,2.7777777777777777
51,1.3,True,2,0.0,True,17.799999999999983,-3.2318682954680638,-4.280000000000011,-1.3240792182469563,-1.8899999999999997,-1.3,-1.3,2.7777777777777777,2.7777777777777777,25.0,21.810651390786173,22.11111111111111,0.12425935239346142,-0.09000000000000008,-1.3,-1.3,2.7777777777777777,2.7777777777777777
51,1.4000000000000001,True,2,0.0,True,16.59999999999998,-3.702236534881396,-3.677777777777794,-1.7831525931817602,-1.8999999999999986,0.0,0.0,2.7777777777777777,2.7777777777777777,25.0,24.304960815025947,24.333333333333332,0.15095430692339695,-0.08000000000000007,-1.4000000000000001,-1.4000000000000001,2.7777777777777777,2.7777777777777777
51,1.5,True,2,0.0,True,15.99999999999998,-4.116195511112376,-4.022222222222207,-1.7945659558237426,-1.7999999999999998,0.0,0.0,2.7777777777777777,2.7777777777777777,25.0,26.639970841709076,26.555555555555554,-0.0928376368289745,-0.04999999999999982,-1.5,-1.5,2.7777777777777777,2.7777777777777777
51,1.6,True,2,0.0,True,15.99999999999998,-3.9053676085365323,-4.022222222222207,-1.8664578155915663,-1.879999999999999,0.0,0.0,2.7777777777777777,2.7777777777777777,25.0,25.51235734538894,26.555555555555554,0.4044500815476466,-0.1599999999999997,-1.6,-1.6,2.7777777777777777,2.7777777777777777
51,1.7000000000000002,True,2,0.0,True,14.799999999999981,-4.129460560699253,-4.2644444444444245,-1.6382003570033494,-1.8300000000000005,0.0,0.0,2.7777777777777777,2.7777777777777777,25.0,28.437853785530574,28.777777777777775,0.1757065459907876,-0.09999999999999964,-1.7000000000000002,-1.7000000000000002,2.7777777777777777,2.7777777777777777
53,0.0,False,0,4.0,False,25.0,-3.7034540773107265,-3.8222222222222113,1.8677886685183127,1.6,0.0,0.0,2.7777777777777777,2.7777777777777777,,,,,,,,,
53,0.1,False,0,4.0,False,25.0,-3.4140701714194135,-3.8222222222222113,1.527484695816816,1.3399999999999999,-0.1,-0.1,2.7777777777777777,2.7777777777777777,25.0,296.2767667074939,296.17777777777786,-0.09266569099267308,-0.00999999999999579,-0.1,-0.1,2.7777777777777777,2.7777777777777777
53,0.2,False,0,4.0,False,25.0,-3.302729865028044,-3.8222222222222113,1.1168842813924127,1.0799999999999996,-0.2,-0.2,2.7777777777777777,2.7777777777777777,25.0,118.99521370760422,118.40000000000005,-0.1237134033365872,-0.019999999999997353,-0.2,-0.2,2.7777777777777777,2.7777777777777777
53,0.30000000000000004,False,0,2.6333333333333346,False,25.0,-3.6950292118196613,-3.8222222222222113,0.7340089838234105,0.8200000000000003,-0.30000000000000004,-0.30000000000000004,2.7777777777777777,2.7777777777777777,25.0,59.20124187858988,58.40000000000002,-0.026963314942424432,-0.020000000000001572,-0.30000000000000004,-0.30000000000000004,2.7777777777777777,2.7777777777777777
53,0.4,False,0,1.299999999999999,False,25.0,-3.333315944079021,-3.8222222222222113,0.7175501091698293,0.5599999999999996,-0.4,-0.4,2.7777777777777777,2.7777777777777777,25.0,28.117190646616304,27.288888888888902,0.19743865404049554,-6.661338147750939e-16,-0.4,-0.4,2.7777777777777777,2.7777777777777777
53,0.5,False,0,0.5,True,25.0,-3.9454797196041964,-3.8222222222222113,0.09456997474126183,0.30000000000000027,-0.5,-0.5,2.7777777777777777,2.7777777777777777,25.0,10.686988935492362,9.511111111111116,0.0724358803271139,0.0,-0.5,-0.5,2.7777777777777777,2.7777777777777777
53,0.6000000000000001,True,1,0.0,True,25.0,-3.259094020827578,-3.8222222222222113,0.2581710034486959,0.0400000000000007,-0.6000000000000001,-0.6000000000000001,2.7777777777777777,2.7777777777777777,25.0,-1.8167903829818384,-1.599999999999997,-0.10637344481468003,-0.019999999999999574,-0.6000000000000001,-0.6000000000000001,2.7777777777777777,2.7777777777777777
53,0.7000000000000001,True,2,0.0,True,21.39999999999999,-4.2784557918894235,-3.517777777777783,-0.11052723061573566,-0.21999999999999909,-0.7000000000000001,-0.7000000000000001,2.7777777777777777,2.7777777777777777,23.199999999999996,2.0516072901380413,2.2488888888888896,0.20531797934499485,-0.009999999999999343,-0.7000000000000001,-0.7000000000000001,2.7777777777777777,2.7777777777777777
53,0.8,True,2,0.0,True,21.39999999999999,-3.7674323178400497,-3.457777777777781,0.02269929131840276,-0.48000000000000087,-0.8,-0.8,2.7777777777777777,2.7777777777777777,24.4,7.862946034863119,8.615555555555556,0.6216596497542004,-2.220446049250313e-16,-0.8,-0.8,2.7777777777777777,2.7777777777777777
53,0.9,True,2,0.0,True,19.599999999999987,-4.241077912189456,-4.299999999999986,-0.7870780331288827,-0.8299999999999987,-0.9,-0.9,2.7777777777777777,2.7777777777777777,25.0,12.970412879648801,12.999999999999996,0.0847359363709197,-0.02000000000000024,-0.9,-0.9,2.7777777777777777,2.7777777777777777
53,1.0,True,2,0.0,True,17.19999999999998,-3.8091260073401143,-3.762222222222209,-1.0583686596613195,-1.1999999999999997,-1.0,-1.0,2.7777777777777777,2.7777777777777777,24.4,17.40179515642713,17.50444444444444,-0.017750592450515468,0.0,-1.0,-1.0,2.7777777777777777,2.7777777777777777
53,1.1,True,2,0.0,True,15.99999999999998,-4.220543496721649,-4.2444444444444285,-1.7382016107680336,-1.5900000000000016,-1.1,-1.1,2.7777777777777777,2.7777777777777777,24.4,19.299691808398403,19.726666666666663,0.26669722346433566,-0.0499999999999996,-1.1,-1.1,2.7777777777777777,2.7777777777777777
53,1.2000000000000002,True,2,0.0,True,17.19999999999998,-4.17068272185293,-3.762222222222209,-1.500611186034346,-1.7599999999999993,-1.2000000000000002,-1.2000000000000002,2.7777777777777777,2.7777777777777777,25.0,21.004943467286697,21.888888888888882,-0.038085439837452384,-0.07999999999999963,-1.2000000000000002,-1.2000000000000002,2.7777777777777777,2.7777777777777777
53,1.3,True,2,0.0,True,17.19999999999998,-3.969602197819216,-3.762222222222209,-1.8800176475605908,-1.8899999999999997,-1.3,0.0,2.7777777777777777,2.7777777777777777,25.0,23.543781350388844,24.11111111111111,-0.0758216582687612,-0.09000000000000008,-1.3,-1.3,2.7777777777777777,2.7777777777777777
53,1.4000000000000001,True,2,0.0,True,15.99999999999998,-4.199313123992101,-4.2444444444444285,-1.7767163307298186,-1.8999999999999986,0.0,0.0,2.7777777777777777,2.7777777777777777,25.0,26.133688801427002,26.333333333333332,-0.015378369454250862,-0.08000000000000007,-1.4000000000000001,-1.4000000000000001,2.7777777777777777,2.7777777777777777
53,1.5,True,2,0.0,True,15.99999999999998,-3.861124618127934,-4.2444444444444285,-1.887738683272409,-1.7999999999999998,0.0,0.0,2.7777777777777777,2.7777777777777777,25.0,27.62996130227607,28.555555555555554,0.17578700910051914,-0.04999999999999982,-1.5,-1.5,2.7777777777777777,2.7777777777777777
53,1.6,True,2,0.0,True,14.799999999999981,-4.089526736052451,-4.113333333333347,-1.8972381851457538,-1.879999999999999,0.0,0.0,2.7777777777777777,2.7777777777777777,25.0,28.212738511432345,28.555555555555554,0.3339741724114109,-0.1599999999999997,-1.6,-1.6,2.7777777777777777,2.7777777777777777
53,1.7000000000000002,True,2,0.0,True,14.799999999999981,-3.8366563143054035,-4.113333333333347,-1.632775894621648,-1.8300000000000005,0.0,0.0,2.7777777777777777,2.7777777777777777,25.0,30.62101546323486,30.777777777777775,0.15130110677470032,-0.09999999999999964,-1.7000000000000002,-1.7000000000000002,2.7777777777777777,2.7777777777777777
55,0.0,False,0,4.0,False,25.0,-3.074809354872161,-3.599999999999997,1.6962753050765071,1.6,0.0,0.0,2.7777777777777777,2.7777777777777777,,,,,,,,,
55,0.1,False,0,4.0,False,25.0,-2.968013461400207,-3.599999999999997,1.2891850345146958,1.33,-0.1,-0.1,2.7777777777777777,2.7777777777777777,25.0,295.19548503939427,294.17777777777786,0.1828994621101665,-0.00999999999999579,-0.1,-0.1,2.7777777777777777,2.7777777777777777
55,0.2,False,0,4.0,False,25.0,-2.965202534136824,-3.599999999999997,1.215219310570245,1.06,-0.2,-0.2,2.7777777777777777,2.7777777777777777,25.0,116.70730451596002,116.40000000000005,-0.2253675328333098,-0.019999999999997353,-0.2,-0.2,2.7777777777777777,2.7777777777777777
55,0.30000000000000004,False,0,2.5333333333333337,False,25.0,-3.4400274749600497,-3.599999999999997,0.6994458752944355,0.7900000000000005,-0.30000000000000004,-0.30000000000000004,2.7777777777777777,2.7777777777777777,25.0,57.140484762353,56.40000000000002,0.029614589279747694,-0.020000000000001572,-0.30000000000000004,-0.30000000000000004,2.7777777777777777,2.7777777777777777
55,0.4,False,0,1.1999999999999988,False,25.0,-3.416386082393916,-3.599999999999997,0.75604988356057,0.5199999999999996,-0.4,-0.4,2.7777777777777777,2.7777777777777777,25.0,25.53272299896788,25.288888888888902,0.07356778551588272,-6.661338147750939e-16,-0.4,-0.4,2.7777777777777777,2.7777777777777777
55,0.5,False,0,0.40000000000000036,True,23.199999999999996,-3.60475746968591,-3.9600000000000106,0.18136185535571103,0.25,-0.5,-0.5,2.7777777777777777,2.7777777777777777,23.199999999999996,6.533969982097074,6.2511111111110695,-0.06566477991296793,0.0,-0.5,-0.5,2.7777777777777777,2.7777777777777777
55,0.6000000000000001,True,1,0.0,True,22.599999999999994,-4.182681597152924,-4.199999999999991,-0.06197861669125815,-0.019999999999999574,-0.6000000000000001,-0.6000000000000001,2.7777777777777777,2.7777777777777777,22.599999999999994,-4.182681597152924,-4.199999999999991,-0.06197861669125815,-0.019999999999999574,-0.6000000000000001,-0.6000000000000001,2.7777777777777777,2.7777777777777777
55,0.7000000000000001,True,2,0.0,True,21.999999999999993,-4.107907486893356,-4.100000000000011,-0.254381851753436,-0.28999999999999915,-0.7000000000000001,-0.7000000000000001,2.7777777777777777,2.7777777777777777,24.4,2.7525583628889736,3.9488888888888853,0.42770296202069424,-0.009999999999999343,-0.7000000000000001,-0.7000000000000001,2.7777777777777777,2.7777777777777777
55,0.8,True,2,0.0,True,21.39999999999999,-3.811002461747253,-3.7399999999999975,-0.4126679314502215,-0.5600000000000009,-0.8,-0.8,2.7777777777777777,2.7777777777777777,25.0,10.072539862501994,10.555555555555554,-0.24209033346481323,-2.220446049250313e-16,-0.8,-0.8,2.7777777777777777,2.7777777777777777
55,0.9,True,2,0.0,True,18.999999999999986,-4.092806907462321,-3.92222222222222,-0.9674734535473304,-0.9199999999999986,-0.9,-0.9,2.7777777777777777,2.7777777777777777,25.0,14.606336162548391,14.999999999999996,0.17610528741997467,-0.02000000000000024,-0.9,-0.9,2.7777777777777777,2.7777777777777777
55,1.0,True,2,0.0,True,18.999999999999986,-4.144703928927828,-3.92222222222222,-0.9731904531769698,-1.1999999999999997,-1.0,-1.0,2.7777777777777777,2.7777777777777777,25.0,18.665354506512525,19.44444444444444,0.28991840076003816,0.0,-1.0,-1.0,2.7777777777777777,2.7777777777777777
55,1.1,True,2,0.0,True,17.19999999999998,-3.928172471628332,-3.864444444444419,-1.1311856684193808,-1.5900000000000016,-1.1,-1.1,2.7777777777777777,2.7777777777777777,24.4,21.133105991476707,21.726666666666663,0.5577519024641684,-0.0499999999999996,-1.1,-1.1,2.7777777777777777,2.7777777777777777
55,1.2000000000000002,True,2,0.0,True,14.799999999999981,-3.502793970321565,-3.891111111111118,-1.5574198164749025,-1.7999999999999998,-1.2000000000000002,0.0,2.7777777777777777,2.7777777777777777,25.0,23.581624452389914,23.888888888888882,0.058222297531352885,-0.07999999999999963,-1.2000000000000002,-1.2000000000000002,2.7777777777777777,2.7777777777777777
55,1.3,True,2,0.0,True,14.799999999999981,-3.2940863444712702,-3.891111111111118,-1.8814522506803095,-1.8899999999999997,0.0,0.0,2.7777777777777777,2.7777777777777777,25.0,26.04108665378487,26.11111111111111,0.10492147226277915,-0.09000000000000008,-1.3,-1.3,2.7777777777777777,2.7777777777777777
55,1.4000000000000001,True,2,0.0,True,14.199999999999982,-4.032301762564816,-3.8288888888889003,-1.4328583102848467,-1.8999999999999986,0.0,0.0,2.7777777777777777,2.7777777777777777,25.0,27.436300301996017,28.333333333333332,0.26011636869667853,-0.08000000000000007,-1.4000000000000001,-1.4000000000000001,2.7777777777777777,2.7777777777777777
55,1.5,True,2,0.0,True,15.99999999999998,-3.7064707672670947,-4.133333333333357,-1.8324517010679782,-1.7999999999999998,0.0,0.0,2.7777777777777777,2.7777777777777777,25.0,29.598325850044663,30.555555555555554,0.6094746988190582,-0.04999999999999982,-1.5,-1.5,2.7777777777777777,2.7777777777777777
55,1.6,True,2,0.0,True,14.799999999999981,-2.8492975716065017,-3.891111111111118,-1.8563811612815544,-1.879999999999999,0.0,0.0,2.7777777777777777,2.7777777777777777,25.0,30.2173447051896,30.555555555555554,0.07421783261851589,-0.1599999999999997,-1.6,-1.6,2.7777777777777777,2.7777777777777777
55,1.7000000000000002,True,2,0.0,True,13.599999999999982,-3.4416317604294617,-3.8888888888889026,-1.8480472065908393,-1.8300000000000005,0.0,0.0,2.7777777777777777,2.7777777777777777,25.0,32.001535040860276,32.77777777777778,0.37435213333867834,-0.09999999999999964,-1.7000000000000002,-1.7000000000000002,2.7777777777777777,2.7777777777777777
57,0.0,False,0,4.0,False,25.0,-3.56252682751263,-3.3777777777777684,1.5797582473424225,1.6,0.0,0.0,2.7777777777777777,2.7777777777777777,,,,,,,,,
57,0.1,False,0,4.0,False,25.0,-1.938254641453585,-3.3777777777777684,1.527790684128215,1.3199999999999998,-0.1,-0.1,2.7777777777777777,2.7777777777777777,25.0,292.46486556412015,292.17777777777786,-0.11227919511937179,-0.00999999999999579,-0.1,-0.1,2.7777777777777777,2.7777777777777777
57,0.2,False,0,4.0,False,25.0,-2.264592452037621,-3.3777777777777684,1.294905986801559,1.0399999999999996,-0.2,-0.2,2.7777777777777777,2.7777777777777777,25.0,114.68660074249561,114.40000000000005,-0.11749669019538556,-0.019999999999997353,-0.2,-0.2,2.7777777777777777,2.7777777777777777
57,0.30000000000000004,False,0,2.433333333333333,False,25.0,-3.5496420296053115,-3.3777777777777684,0.6161369383917288,0.7600000000000002,-0.30000000000000004,-0.30000000000000004,2.7777777777777777,2.7777777777777777,25.0,54.56918419203471,54.40000000000002,-0.31147470511222775,-0.020000000000001572,-0.30000000000000004,-0.30000000000000004,2.7777777777777777,2.7777777777777777
57,0.4,False,0,1.0999999999999988,True,25.0,-3.480614721058461,-3.3777777777777684,0.5486471800456321,0.47999999999999954,-0.4,-0.4,2.7777777777777777,2.7777777777777777,25.0,24.041916434023005,23.288888888888902,0.15253117862528898,-6.661338147750939e-16,-0.4,-0.4,2.7777777777777777,2.7777777777777777
57,0.5,False,0,0.2999999999999998,True,25.0,-3.457338658957158,-3.3777777777777684,0.3204049896478227,0.20000000000000018,-0.5,-0.5,2.7777777777777777,2.7777777777777777,25.0,5.682056868765682,5.511111111111117,0.09362783196554547,0.0,-0.5,-0.5,2.7777777777777777,2.7777777777777777
57,0.6000000000000001,True,2,0.0,True,22.599999999999994,-3.176757265923686,-3.977777777777777,0.014346993559423815,-0.07999999999999963,-0.6000000000000001,-0.6000000000000001,2.7777777777777777,2.7777777777777777,23.199999999999996,-3.254318591323371,-2.639999999999989,0.15294263881739667,-0.019999999999999574,-0.6000000000000001,-0.6000000000000001,2.7777777777777777,2.7777777777777777
57,0.7000000000000001,True,2,0.0,True,21.39999999999999,-3.86856065019177,-3.9622222222222403,-0.2385159485060011,-0.359999999999999,-0.7000000000000001,-0.7000000000000001,2.7777777777777777,2.7777777777777777,24.4,5.350611985614603,5.948888888888885,-0.026837396408442293,-0.009999999999999343,-0.7000000000000001,-0.7000000000000001,2.7777777777777777,2.7777777777777777
57,0.8,True,2,0.0,True,19.599999999999987,-3.492014044333561,-3.855555555555571,-0.7623834365337749,-0.7200000000000011,-0.8,-0.8,2.7777777777777777,2.7777777777777777,25.0,12.114286580862409,12.555555555555554,0.09639909616959264,-2.220446049250313e-16,-0.8,-0.8,2.7777777777777777,2.7777777777777777
57,0.9,True,2,0.0,True,17.799999999999983,-2.7945605278981303,-3.6133333333333324,-0.7561827757670296,-1.0999999999999983,-0.9,-0.9,2.7777777777777777,2.7777777777777777,25.0,16.384469893132117,16.999999999999996,0.2057535812590081,-0.02000000000000024,-0.9,-0.9,2.7777777777777777,2.7777777777777777
57,1.0,True,2,0.0,True,17.19999999999998,-4.281659982488324,-4.206666666666666,-1.3920863926808253,-1.4,-1.0,-1.0,2.7777777777777777,2.7777777777777777,25.0,20.99091237529954,21.44444444444444,0.06654211007057231,0.0,-1.0,-1.0,2.7777777777777777,2.7777777777777777
57,1.1,True,2,0.0,True,15.99999999999998,-3.5407177843317212,-3.9111111111111283,-1.416213634779874,-1.8100000000000014,-1.1,-1.1,2.7777777777777777,2.7777777777777777,25.0,23.160618232825353,23.666666666666668,0.275011976097971,-0.0499999999999996,-1.1,-1.1,2.7777777777777777,2.7777777777777777
57,1.2000000000000002,True,2,0.0,True,15.99999999999998,-3.6648446826125136,-3.9111111111111283,-1.7272408376214043,-1.7999999999999998,-1.2000000000000002,0.0,2.7777777777777777,2.7777777777777777,25.0,25.18169648137511,25.888888888888882,0.4848317351316669,-0.07999999999999963,-1.2000000000000002,-1.2000000000000002,2.7777777777777777,2.7777777777777777
57,1.3,True,2,0.0,True,15.99999999999998,-3.2148154950255643,-3.9111111111111283,-1.7791954045162026,-1.8899999999999997,0.0,0.0,2.7777777777777777,2.7777777777777777,25.0,27.829478294743918,28.11111111111111,-0.2000431171263375,-0.09000000000000008,-1.3,-1.3,2.7777777777777777,2.7777777777777777
57,1.4000000000000001,True,2,0.0,True,12.399999999999983,-4.1701763206188955,-3.9044444444444677,-1.8916511647710397,-1.8999999999999986,0.0,0.0,2.7777777777777777,2.7777777777777777,25.0,30.329069059472214,30.333333333333325,0.16618925548576025,-0.08000000000000007,-1.4000000000000001,-1.4000000000000001,2.7777777777777777,2.7777777777777777
57,1.5,True,2,0.0,True,12.399999999999983,-3.9801553198767463,-3.96444444444447,-1.7760942059058418,-1.7999999999999998,0.0,0.0,2.7777777777777777,2.7777777777777777,25.0,32.113063115978164,32.55555555555556,0.07192725397317568,-0.04999999999999982,-1.5,-1.5,2.7777777777777777,2.7777777777777777
57,1.6,True,2,0.0,True,12.999999999999982,-3.032536240906796,-3.8444444444444654,-1.8519611927548099,-1.879999999999999,0.0,0.0,2.7777777777777777,2.7777777777777777,25.0,32.62427826272564,32.55555555555556,-0.19006416588499375,-0.1599999999999997,-1.6,-1.6,2.7777777777777777,2.7777777777777777
57,1.7000000000000002,True,2,0.0,True,6.999999999999986,-4.123980498158235,-4.1888888888889,-1.6272111986655537,-1.8300000000000005,0.0,0.0,2.7777777777777777,2.7777777777777777,25.0,34.06097230078389,34.77777777777777,0.06909013576978218,-0.09999999999999964,-1.7000000000000002,-1.7000000000000002,2.7777777777777777,2.7777777777777777
59,0.0,False,0,4.0,False,25.0,-3.299288647701533,-3.222222222222231,1.3217810984902765,1.6,0.0,0.0,2.7777777777777777,2.7777777777777777,,,,,,,,,
59,0.1,False,0,4.0,False,25.0,-3.9829799027651402,-3.222222222222231,1.296399194163755,1.3199999999999998,-0.1,-0.1,2.7777777777777777,2.7777777777777777,25.0,291.27504998246,290.17777777777786,0.16735480742845832,-0.00999999999999579,-0.1,-0.1,2.7777777777777777,2.7777777777777777
59,0.2,False,0,4.0,False,25.0,-3.644259948910931,-3.222222222222231,0.9493593428111908,1.0399999999999996,-0.2,-0.2,2.7777777777777777,2.7777777777777777,25.0,112.32860818277959,112.40000000000005,-0.019506269694005374,-0.019999999999997353,-0.2,-0.2,2.7777777777777777,2.7777777777777777
59,0.30000000000000004,False,0,2.3333333333333335,False,25.0,-3.3341660222048715,-3.222222222222231,0.6478266865500331,0.7600000000000002,-0.30000000000000004,-0.30000000000000004,2.7777777777777777,2.7777777777777777,25.0,53.24723306937062,52.40000000000002,0.10096151525629704,-0.020000000000001572,-0.30000000000000004,-0.30000000000000004,2.7777777777777777,2.7777777777777777
59,0.4,False,0,0.9999999999999987,False,25.0,-4.269592867396713,-3.222222222222231,0.5831047176681827,0.47999999999999954,-0.4,-0.4,2.7777777777777777,2.7777777777777777,25.0,21.091865867216722,21.288888888888902,-0.12337184187622552,-6.661338147750939e-16,-0.4,-0.4,2.7777777777777777,2.7777777777777777
59,0.5,False,0,0.10000000000000009,True,21.999999999999993,-3.4728545428696007,-4.05555555555556,0.14109113602007284,0.1499999999999999,-0.5,-0.5,2.7777777777777777,2.7777777777777777,21.999999999999993,2.3804684980688195,1.7111111111111201,0.274087881830301,0.0,-0.5,-0.5,2.7777777777777777,2.7777777777777777
59,0.6000000000000001,True,2,0.0,True,21.999999999999993,-3.6133097035368023,-4.05555555555556,0.15305361672150353,-0.13999999999999968,-0.6000000000000001,-0.6000000000000001,2.7777777777777777,2.7777777777777777,23.199999999999996,-1.4689292158312837,-0.639999999999989,0.32370336604064676,-0.019999999999999574,-0.6000000000000001,-0.6000000000000001,2.7777777777777777,2.7777777777777777
59,0.7000000000000001,True,2,0.0,True,20.79999999999999,-3.757944655211122,-3.764444444444453,-0.19497698705872302,-0.4299999999999988,-0.7000000000000001,-0.7000000000000001,2.7777777777777777,2.7777777777777777,24.4,7.550881412120231,7.948888888888885,0.2985818521896908,-0.009999999999999343,-0.7000000000000001,-0.7000000000000001,2.7777777777777777,2.7777777777777777
59,0.8,True,2,0.0,True,19.599999999999987,-2.6988709748302595,-3.6333333333333426,-0.31140390312990607,-0.8000000000000012,-0.8,-0.8,2.7777777777777777,2.7777777777777777,25.0,14.550234519298595,14.555555555555554,-0.0965207936463568,-2.220446049250313e-16,-0.8,-0.8,2.7777777777777777,2.7777777777777777
59,0.9,True,2,0.0,True,18.399999999999984,-4.22378248796291,-3.706666666666666,-0.9381710423221256,-1.0999999999999983,-0.9,-0.9,2.7777777777777777,2.7777777777777777,25.0,18.632796476888768,18.999999999999996,0.11672179974300345,-0.02000000000000024,-0.9,-0.9,2.7777777777777777,2.7777777777777777
59,1.0,True,2,0.0,True,15.99999999999998,-3.6905256011412204,-3.6888888888888998,-1.8872758902443854,-1.6,-1.0,-1.0,2.7777777777777777,2.7777777777777777,25.0,22.223606612612667,23.44444444444444,0.46634421956239613,0.0,-1.0,-1.0,2.7777777777777777,2.7777777777777777
59,1.1,True,2,0.0,True,12.999999999999982,-4.017563927347498,-3.955555555555537,-1.7893388498309266,-1.8799999999999981,0.0,0.0,2.7777777777777777,2.7777777777777777,24.4,25.3333114384354,25.72666666666667,-0.05959591939261166,-0.0499999999999996,-1.1,-1.1,2.7777777777777777,2.7777777777777777
59,1.2000000000000002,True,2,0.0,True,15.39999999999998,-4.133675296526934,-3.9511111111110777,-1.8875469515288865,-1.7999999999999998,-1.2000000000000002,0.0,2.7777777777777777,2.7777777777777777,25.0,28.01489496738787,27.888888888888882,-0.06586205843543658,-0.07999999999999963,-1.2000000000000002,-1.2000000000000002,2.7777777777777777,2.7777777777777777
59,1.3,True,2,0.0,True,11.199999999999983,-4.086840635993613,-4.1600000000000135,-1.8347004675144025,-1.8899999999999997,0.0,0.0,2.7777777777777777,2.7777777777777777,25.0,29.802913215238018,30.11111111111111,0.25271329867263104,-0.09000000000000008,-1.3,-1.3,2.7777777777777777,2.7777777777777777
59,1.4000000000000001,True,2,0.0,True,15.39999999999998,-4.252370761970087,-3.9511111111110777,-1.68514293767969,-1.8999999999999986,0.0,0.0,2.7777777777777777,2.7777777777777777,25.0,31.53204870653411,32.33333333333333,0.5509277171092624,-0.08000000000000007,-1.4000000000000001,-1.4000000000000001,2.7777777777777777,2.7777777777777777
59,1.5,True,2,0.0,True,14.199999999999982,-4.012325004818169,-4.073333333333312,-1.7545244412468048,-1.7999999999999998,0.0,0.0,2.7777777777777777,2.7777777777777777,25.0,33.61899398478994,34.55555555555556,0.5236590783229111,-0.04999999999999982,-1.5,-1.5,2.7777777777777777,2.7777777777777777
59,1.6,True,2,0.0,True,11.199999999999983,-3.671921343274607,-4.1600000000000135,-1.889026409936305,-1.879999999999999,0.0,0.0,2.7777777777777777,2.7777777777777777,25.0,33.84674107977867,34.55555555555556,0.10187552656761678,-0.1599999999999997,-1.6,-1.6,2.7777777777777777,2.7777777777777777
59,1.7000000000000002,True,2,0.0,True,9.999999999999984,-2.9429955479247125,-4.155555555555568,-1.8244119585415937,-1.8300000000000005,0.0,0.0,2.7777777777777777,2.7777777777777777,25.0,36.650836891034444,36.77777777777777,0.10684130813783232,-0.09999999999999964,-1.7000000000000002,-1.7000000000000002,2.7777777777777777,2.7777777777777777
61,0.0,False,0,4.0,False,25.0,-4.171759783506334,-3.4444444444444455,1.6137558832486891,1.6,0.0,0.0,2.7777777777777777,2.7777777777777777,,,,,,,,,
61,0.1,False,0,4.0,False,25.0,-3.8247077327646535,-3.4444444444444455,1.1175700288351784,1.31,-0.1,-0.1,2.7777777777777777,2.7777777777777777,25.0,288.1879139874911,288.17777777777786,-0.14682116470587303,-0.00999999999999579,-0.1,-0.1,2.7777777777777777,2.7777777777777777
61,0.2,False,0,4.0,False,25.0,-4.168218134684881,-3.4444444444444455,0.9645998987157185,1.02,-0.2,-0.2,2.7777777777777777,2.7777777777777777,25.0,110.22454064699758,110.40000000000005,0.1409698330627034,-0.019999999999997353,-0.2,-0.2,2.7777777777777777,2.7777777777777777
61,0.30000000000000004,False,0,2.233333333333333,False,25.0,-4.072281590271575,-3.4444444444444455,0.8088686726612448,0.73,-0.30000000000000004,-0.30000000000000004,2.7777777777777777,2.7777777777777777,25.0,51.536317680515324,50.40000000000002,-0.14425345420345503,-0.020000000000001572,-0.30000000000000004,-0.30000000000000004,2.7777777777777777,2.7777777777777777
61,0.4,False,0,0.8999999999999986,False,25.0,-3.357195096107037,-3.4444444444444455,0.5630777541255303,0.4399999999999995,-0.4,-0.4,2.7777777777777777,2.7777777777777777,25.0,19.667785804442698,19.288888888888902,-0.04182831197573811,-6.661338147750939e-16,-0.4,-0.4,2.7777777777777777,2.7777777777777777
61,0.5,False,0,0.10000000000000009,True,22.599999999999994,-3.0512288378129737,-3.533333333333334,0.14895564458360688,0.10000000000000009,-0.5,-0.5,2.7777777777777777,2.7777777777777777,22.599999999999994,1.399291767825713,0.431111111111119,0.33029542102373854,0.0,-0.5,-0.5,2.7777777777777777,2.7777777777777777
61,0.6000000000000001,True,2,0.0,True,22.599999999999994,-2.6897886894101815,-3.533333333333334,-0.020281218356613007,-0.19999999999999996,-0.6000000000000001,-0.6000000000000001,2.7777777777777777,2.7777777777777777,24.4,-0.06595811168544952,1.0599999999999996,0.33769935753251756,-0.019999999999999574,-0.6000000000000001,-0.6000000000000001,2.7777777777777777,2.7777777777777777
61,0.7000000000000001,True,2,0.0,True,20.19999999999999,-3.9960066898809314,-3.5066666666666775,-0.3540271986830805,-0.49999999999999867,-0.7000000000000001,-0.7000000000000001,2.7777777777777777,2.7777777777777777,24.4,9.552707591305587,9.948888888888884,0.07510656881811051,-0.009999999999999343,-0.7000000000000001,-0.7000000000000001,2.7777777777777777,2.7777777777777777
61,0.8,True,2,0.0,True,18.399999999999984,-4.107490661248991,-3.9288888888888946,-0.552995102947992,-0.8800000000000012,-0.8,-0.8,2.7777777777777777,2.7777777777777777,25.0,15.872060731636775,16.555555555555554,0.30141821863160745,-2.220446049250313e-16,-0.8,-0.8,2.7777777777777777,2.7777777777777777
61,0.9,True,2,0.0,True,17.19999999999998,-4.150907449263189,-3.9488888888888907,-1.1228121699018176,-1.279999999999998,-0.9,-0.9,2.7777777777777777,2.7777777777777777,25.0,20.3147573307384,20.999999999999996,0.2777032992969284,-0.02000000000000024,-0.9,-0.9,2.7777777777777777,2.7777777777777777
61,1.0,True,2,0.0,True,17.19999999999998,-3.7222947573698404,-3.9488888888888907,-1.544389353798727,-1.6,-1.0,-1.0,2.7777777777777777,2.7777777777777777,25.0,25.098482841319093,25.44444444444444,0.11880752797704419,0.0,-1.0,-1.0,2.7777777777777777,2.7777777777777777
61,1.1,True,2,0.0,True,14.199999999999982,-3.50276881879208,-4.295555555555526,-1.7659675617551434,-1.8799999999999981,-1.1,0.0,2.7777777777777777,2.7777777777777777,25.0,27.26161659563537,27.666666666666668,0.039642485295774854,-0.0499999999999996,-1.1,-1.1,2.7777777777777777,2.7777777777777777
61,1.2000000000000002,True,2,0.0,True,12.999999999999982,-4.070454290845308,-4.177777777777751,-1.6833833045496578,-1.7999999999999998,0.0,0.0,2.7777777777777777,2.7777777777777777,25.0,27.84584471014551,29.888888888888882,0.661825517347499,-0.07999999999999963,-1.2000000000000002,-1.2000000000000002,2.7777777777777777,2.7777777777777777
61,1.3,True,2,0.0,True,11.799999999999983,-3.627413910450019,-3.877777777777811,-1.867645572985484,-1.8899999999999997,0.0,0.0,2.7777777777777777,2.7777777777777777,25.0,31.986078906832912,32.111111111111114,0.07644739742167483,-0.09000000000000008,-1.3,-1.3,2.7777777777777777,2.7777777777777777
61,1.4000000000000001,True,2,0.0,True,9.999999999999984,-3.983345084986257,-3.9444444444444313,-1.5195116197150635,-1.8999999999999986,0.0,0.0,2.7777777777777777,2.7777777777777777,25.0,34.35895169753307,34.33333333333333,-0.08652656086528521,-0.08000000000000007,-1.4000000000000001,-1.4000000000000001,2.7777777777777777,2.7777777777777777
61,1.5,True,2,0.0,True,9.999999999999984,-4.089697035304726,-3.9444444444444313,-1.64953530601988,-1.7999999999999998,0.0,0.0,2.7777777777777777,2.7777777777777777,25.0,36.28338381955737,36.55555555555556,0.11905828856253464,-0.04999999999999982,-1.5,-1.5,2.7777777777777777,2.7777777777777777
61,1.6,True,2,0.0,True,12.999999999999982,-4.00870936283093,-4.177777777777751,-1.8841596169992527,-1.879999999999999,0.0,0.0,2.7777777777777777,2.7777777777777777,25.0,35.657820912349194,36.55555555555556,0.48442520456774707,-0.1599999999999997,-1.6,-1.6,2.7777777777777777,2.7777777777777777
61,1.7000000000000002,True,2,0.0,True,4.599999999999987,-3.7076046709883768,-4.235555555555439,-1.8818998013748858,-1.8300000000000005,0.0,0.0,2.7777777777777777,2.7777777777777777,25.0,38.8813256049518,38.77777777777777,0.015030294151314072,-0.09999999999999964,-1.7000000000000002,-1.7000000000000002,2.7777777777777777,2.7777777777777777
63,0.0,False,0,4.0,False,25.0,-3.9566366579601775,-3.666666666666674,1.5312767575271153,1.6,0.0,0.0,2.7777777777777777,2.7777777777777777,,,,,,,,,
63,0.1,False,0,4.0,False,25.0,-4.106014301035716,-3.666666666666674,1.249251033043394,1.2999999999999998,-0.1,-0.1,2.7777777777777777,2.7777777777777777,25.0,286.3598017769872,286.17777777777786,0.001746637168529519,-0.00999999999999579,-0.1,-0.1,2.7777777777777777,2.7777777777777777
63,0.2,False,0,4.0,False,25.0,-3.8696628225303753,-3.666666666666674,1.0955746821528196,0.9999999999999996,-0.2,-0.2,2.7777777777777777,2.7777777777777777,25.0,108.53613431839484,108.40000000000005,0.06625965052664373,-0.019999999999997353,-0.2,-0.2,2.7777777777777777,2.7777777777777777
63,0.30000000000000004,False,0,2.1333333333333333,False,25.0,-3.9922391340547163,-3.666666666666674,1.1567633055113005,0.7000000000000002,-0.30000000000000004,-0.30000000000000004,2.7777777777777777,2.7777777777777777,25.0,48.5402600549278,48.40000000000002,-0.14085384450017258,-0.020000000000001572,-0.30000000000000004,-0.30000000000000004,2.7777777777777777,2.7777777777777777
63,0.4,False,0,0.7999999999999985,True,25.0,-3.934030398773632,-3.666666666666674,0.4549617506710213,0.39999999999999947,-0.4,-0.4,2.7777777777777777,2.7777777777777777,25.0,17.800146539511314,17.288888888888902,-0.20264033116198754,-6.661338147750939e-16,-0.4,-0.4,2.7777777777777777,2.7777777777777777
63,0.5,False,0,0.0,True,22.599999999999994,-3.164565804008819,-3.3111111111111056,-0.00940696037759281,0.050000000000000044,-0.5,-0.5,2.7777777777777777,2.7777777777777777,22.599999999999994,-0.6731263465293038,-1.3288888888888861,0.09917833675025611,0.0,-0.5,-0.5,2.7777777777777777,2.7777777777777777
63,0.6000000000000001,True,2,0.0,True,20.79999999999999,-4.1128540071196396,-4.208888888888896,-0.3433613139413425,-0.26,-0.6000000000000001,-0.6000000000000001,2.7777777777777777,2.7777777777777777,23.199999999999996,2.9706385440156398,3.360000000000011,-0.10732726989528185,-0.019999999999999574,-0.6000000000000001,-0.6000000000000001,2.7777777777777777,2.7777777777777777
63,0.7000000000000001,True,2,0.0,True,20.79999999999999,-3.579283369128947,-4.208888888888896,-0.2939386646467528,-0.569999999999999,-0.7000000000000001,-0.7000000000000001,2.7777777777777777,2.7777777777777777,25.0,11.151147662659863,11.888888888888882,0.23019491622252408,-0.009999999999999343,-0.7000000000000001,-0.7000000000000001,2.7777777777777777,2.7777777777777777
63,0.8,True,2,0.0,True,17.19999999999998,-3.421579235925523,-3.726666666666662,-1.3052278072167725,-1.0400000000000014,-0.8,-0.8,2.7777777777777777,2.7777777777777777,25.0,18.307495149240008,18.555555555555554,-0.21886838616790105,-2.220446049250313e-16,-0.8,-0.8,2.7777777777777777,2.7777777777777777
63,0.9,True,2,0.0,True,14.799999999999981,-3.428388983809671,-4.022222222222228,-1.2212795611678604,-1.5499999999999976,-0.9,-0.9,2.7777777777777777,2.7777777777777777,24.4,22.531956951677554,23.06,0.4432879790413473,-0.02000000000000024,-0.9,-0.9,2.7777777777777777,2.7777777777777777
63,1.0,True,2,0.0,True,14.199999999999982,-3.848832355605114,-4.082222222222231,-1.620382507906466,-1.9,-1.0,-1.0,2.7777777777777777,2.7777777777777777,25.0,27.35997641795289,27.44444444444444,-0.03535108026640543,0.0,-1.0,-1.0,2.7777777777777777,2.7777777777777777
63,1.1,True,2,0.0,True,14.799999999999981,-3.779102564987812,-4.022222222222228,-1.8295737317480127,-1.8799999999999981,0.0,0.0,2.7777777777777777,2.7777777777777777,25.0,29.060937848203277,29.666666666666668,0.23013462058441414,-0.0499999999999996,-1.1,-1.1,2.7777777777777777,2.7777777777777777
63,1.2000000000000002,True,2,0.0,True,9.999999999999984,-4.271223678231908,-4.166666666666646,-1.8400559389216966,-1.7999999999999998,0.0,0.0,2.7777777777777777,2.7777777777777777,25.0,30.891180099008192,31.888888888888882,0.19050349949198564,-0.07999999999999963,-1.2000000000000002,-1.2000000000000002,2.7777777777777777,2.7777777777777777
63,1.3,True,2,0.0,True,7.599999999999985,-4.267867309545127,-4.2333333333333085,-1.790944078174117,-1.8899999999999997,0.0,0.0,2.7777777777777777,2.7777777777777777,25.0,33.087196554697286,34.111111111111114,0.42487440005079335,-0.09000000000000008,-1.3,-1.3,2.7777777777777777,2.7777777777777777
63,1.4000000000000001,True,2,0.0,True,8.199999999999985,-4.042259255019789,-4.246666666666701,-1.883831824882812,-1.8999999999999986,0.0,0.0,2.7777777777777777,2.7777777777777777,25.0,35.104712818519246,36.33333333333333,0.35907557102264276,-0.08000000000000007,-1.4000000000000001,-1.4000000000000001,2.7777777777777777,2.7777777777777777
63,1.5,True,2,0.0,True,8.199999999999985,-4.232199493952865,-4.293333333333297,-1.8962982667746258,-1.7999999999999998,0.0,0.0,2.7777777777777777,2.7777777777777777,25.0,38.65194469940009,38.55555555555556,-0.46250754877167943,-0.04999999999999982,-1.5,-1.5,2.7777777777777777,2.7777777777777777
63,1.6,True,2,0.0,True,6.399999999999986,-3.2226601286777194,-4.295555555555569,-1.809108138370186,-1.879999999999999,0.0,0.0,2.7777777777777777,2.7777777777777777,25.0,37.95577763134882,38.55555555555556,0.10728512674364277,-0.1599999999999997,-1.6,-1.6,2.7777777777777777,2.7777777777777777
63,1.7000000000000002,True,2,0.0,True,5.199999999999987,-3.6738405256761864,-4.266666666666597,-1.7743400530927973,-1.8300000000000005,0.0,0.0,2.7777777777777777,2.7777777777777777,25.0,40.76253364925776,40.77777777777777,0.11682475702922313,-0.09999999999999964,-1.7000000000000002,-1.7000000000000002,2.7777777777777777,2.7777777777777777
65,0.0,False,0,4.0,False,25.0,-3.996393092542948,-3.8888888888889026,1.5892368919178264,1.6,0.0,0.0,2.7777777777777777,2.7777777777777777,,,,,,,,,
65,0.1,False,0,4.0,False,25.0,-4.230338650424758,-3.8888888888889026,1.3312941660879423,1.29,-0.1,-0.1,2.7777777777777777,2.7777777777777777,25.0,285.3187763913484,284.17777777777786,-0.026029428460629278,-0.00999999999999579,-0.1,-0.1,2.7777777777777777,2.7777777777777777
65,0.2,False,0,4.0,False,25.0,-4.1801369643158095,-3.8888888888889026,0.8000722130753637,0.98,-0.2,-0.2,2.7777777777777777,2.7777777777777777,25.0,107.76061996456978,106.40000000000005,-0.0402063510060362,-0.019999999999997353,-0.2,-0.2,2.7777777777777777,2.7777777777777777
65,0.30000000000000004,False,0,2.0333333333333328,False,25.0,-3.7844227455735817,-3.8888888888889026,0.9503152130492789,0.6699999999999999,-0.30000000000000004,-0.30000000000000004,2.7777777777777777,2.7777777777777777,25.0,46.104394781346556,46.40000000000002,-0.034710015919455106,-0.020000000000001572,-0.30000000000000004,-0.30000000000000004,2.7777777777777777,2.7777777777777777
65,0.4,False,0,0.6999999999999984,True,25.0,-3.888215586238334,-3.8888888888889026,0.20266913008961351,0.35999999999999943,-0.4,-0.4,2.7777777777777777,2.7777777777777777,24.4,15.175567377094477,14.748888888888882,0.047069788835137905,-6.661338147750939e-16,-0.4,-0.4,2.7777777777777777,2.7777777777777777
65,0.5,True,1,0.0,True,23.199999999999996,-3.782801777102523,-3.528888888888889,0.12473396713568086,0.050000000000000044,-0.5,-0.5,2.7777777777777777,2.7777777777777777,22.599999999999994,-2.862679801469258,-3.0888888888888912,-0.11308416113196551,0.0,-0.5,-0.5,2.7777777777777777,2.7777777777777777
65,0.6000000000000001,True,2,0.0,True,18.999999999999986,-2.7958658733805093,-3.5666666666666655,-0.19325008967090307,-0.38000000000000034,-0.6000000000000001,-0.6000000000000001,2.7777777777777777,2.7777777777777777,22.599999999999994,4.491208168074533,5.599999999999992,0.0776962044832068,-0.019999999999999574,-0.6000000000000001,-0.6000000000000001,2.7777777777777777,2.7777777777777777
65,0.7000000000000001,True,2,0.0,True,16.59999999999998,-3.942924992410826,-4.255555555555548,-0.6685316720340924,-0.7799999999999985,-0.7000000000000001,-0.7000000000000001,2.7777777777777777,2.7777777777777777,23.199999999999996,13.655415079797574,14.248888888888882,0.15003755441445987,-0.009999999999999343,-0.7000000000000001,-0.7000000000000001,2.7777777777777777,2.7777777777777777
65,0.8,True,2,0.0,True,17.799999999999983,-3.760493489377029,-3.6533333333333387,-0.8929004824051341,-1.0400000000000014,-0.8,-0.8,2.7777777777777777,2.7777777777777777,25.0,20.23414696662824,20.555555555555554,0.03729095892908596,-2.220446049250313e-16,-0.8,-0.8,2.7777777777777777,2.7777777777777777
65,0.9,True,2,0.0,True,17.799999999999983,-3.403657915162955,-3.6533333333333387,-1.4496080209809592,-1.3699999999999979,-0.9,-0.9,2.7777777777777777,2.7777777777777777,25.0,24.63941703227678,24.999999999999996,0.13389261535968444,-0.02000000000000024,-0.9,-0.9,2.7777777777777777,2.7777777777777777
65,1.0,True,2,0.0,True,14.799999999999981,-3.1604635726249226,-3.8,-1.8572940191875253,-1.7999999999999998,-1.0,-1.0,2.7777777777777777,2.7777777777777777,25.0,29.1130472485773,29.44444444444444,0.050482356863095657,0.0,-1.0,-1.0,2.7777777777777777,2.7777777777777777
65,1.1,True,2,0.0,True,11.799999999999983,-3.3887755278209566,-4.26444444444441,-1.6680154226482256,-1.8799999999999981,0.0,0.0,2.7777777777777777,2.7777777777777777,25.0,31.228460401895003,31.666666666666668,0.014447645442476453,-0.0499999999999996,-1.1,-1.1,2.7777777777777777,2.7777777777777777
65,1.2000000000000002,True,2,0.0,True,11.799999999999983,-3.5196168732096735,-4.26444444444441,-1.5831044945493438,-1.7999999999999998,0.0,0.0,2.7777777777777777,2.7777777777777777,25.0,33.85026501172872,33.888888888888886,-0.030359184310453147,-0.07999999999999963,-1.2000000000000002,-1.2000000000000002,2.7777777777777777,2.7777777777777777
65,1.3,True,2,0.0,True,7.599999999999985,-3.4990963884196047,-4.144444444444463,-1.878399001185308,-1.8899999999999997,0.0,0.0,2.7777777777777777,2.7777777777777777,25.0,35.82924391696473,36.111111111111114,0.11561869012014014,-0.09000000000000008,-1.3,-1.3,2.7777777777777777,2.7777777777777777
65,1.4000000000000001,True,2,0.0,True,7.599999999999985,-3.7500977851327972,-4.144444444444463,-1.7489710003654195,-1.8999999999999986,0.0,0.0,2.7777777777777777,2.7777777777777777,25.0,38.04556581933599,38.33333333333333,0.4097091702159106,-0.08000000000000007,-1.4000000000000001,-1.4000000000000001,2.7777777777777777,2.7777777777777777
65,1.5,True,2,0.0,True,8.199999999999985,-3.3305090510795905,-4.0844444444444745,-1.7604064073509302,-1.7999999999999998,0.0,0.0,2.7777777777777777,2.7777777777777777,25.0,39.974935529077285,40.55555555555556,-0.03334089160677145,-0.04999999999999982,-1.5,-1.5,2.7777777777777777,2.7777777777777777
65,1.6,True,2,0.0,True,6.399999999999986,-3.6211028863202186,-4.16444444444443,-1.7532165327542757,-1.879999999999999,0.0,0.0,2.7777777777777777,2.7777777777777777,25.0,40.10413753651879,40.55555555555556,0.09011744773356267,-0.1599999999999997,-1.6,-1.6,2.7777777777777777,2.7777777777777777
65,1.7000000000000002,True,2,0.0,True,6.399999999999986,-3.755793048144983,-4.133333333333343,-1.6685940140163722,-1.8300000000000005,0.0,0.0,2.7777777777777777,2.7777777777777777,25.0,42.076234977667255,42.77777777777777,0.5001096262314237,-0.09999999999999964,-1.7000000000000002,-1.7000000000000002,2.7777777777777777,2.7777777777777777
67,0.0,False,0,4.0,False,25.0,-4.089956990824876,-4.111111111111117,1.7389431155920634,1.6,0.0,0.0,2.7777777777777777,2.7777777777777777,,,,,,,,,
67,0.1,False,0,4.0,False,25.0,-3.9925074177531767,-4.111111111111117,1.1220594355855802,1.2799999999999998,-0.1,-0.1,2.7777777777777777,2.7777777777777777,25.0,282.6996495101124,282.17777777777786,0.099095116779087,-0.00999999999999579,-0.1,-0.1,2.7777777777777777,2.7777777777777777
67,0.2,False,0,4.0,False,25.0,-3.3499646781092336,-4.111111111111117,1.1106373363264392,0.9599999999999995,-0.2,-0.2,2.7777777777777777,2.7777777777777777,25.0,104.82318101929548,104.40000000000005,-0.09459569106202648,-0.019999999999997353,-0.2,-0.2,2.7777777777777777,2.7777777777777777
67,0.30000000000000004,False,0,1.9333333333333318,False,25.0,-3.929866580233411,-4.111111111111117,0.6280882799968595,0.6400000000000001,-0.30000000000000004,-0.30000000000000004,2.7777777777777777,2.7777777777777777,25.0,44.83916049550196,44.40000000000002,0.09304520807041294,-0.020000000000001572,-0.30000000000000004,-0.30000000000000004,2.7777777777777777,2.7777777777777777
67,0.4,False,0,0.5999999999999983,True,25.0,-3.8195392070564393,-4.111111111111117,0.5548592965378192,0.3199999999999994,-0.4,-0.4,2.7777777777777777,2.7777777777777777,25.0,14.008294895414561,13.288888888888902,-0.18735300932752486,-6.661338147750939e-16,-0.4,-0.4,2.7777777777777777,2.7777777777777777
67,0.5,True,1,0.0,True,23.199999999999996,-3.759752358422406,-3.7511111111111033,0.3683349315488167,0.0,-0.5,-0.5,2.7777777777777777,2.7777777777777777,23.199999999999996,-3.759752358422406,-3.7511111111111033,0.3683349315488167,0.0,-0.5,-0.5,2.7777777777777777,2.7777777777777777
67,0.6000000000000001,True,2,0.0,True,20.19999999999999,-4.22795122879491,-4.173333333333335,-0.2707337319330114,-0.38000000000000034,-0.6000000000000001,-0.6000000000000001,2.7777777777777777,2.7777777777777777,23.799999999999997,6.486793649114699,7.180000000000004,0.30201439680103626,-0.019999999999999574,-0.6000000000000001,-0.6000000000000001,2.7777777777777777,2.7777777777777777
67,0.7000000000000001,True,2,0.0,True,16.59999999999998,-3.777473157673003,-4.122222222222223,-0.9836803763766728,-0.8499999999999983,-0.7000000000000001,-0.7000000000000001,2.7777777777777777,2.7777777777777777,23.799999999999997,16.029403804165856,16.068888888888882,0.19935476600668434,-0.009999999999999343,-0.7000000000000001,-0.7000000000000001,2.7777777777777777,2.7777777777777777
67,0.8,True,2,0.0,True,16.59999999999998,-4.239878114489275,-4.122222222222223,-1.382203951385331,-1.2000000000000015,-0.8,-0.8,2.7777777777777777,2.7777777777777777,25.0,21.618553980892937,22.555555555555554,0.42321040778309893,-2.220446049250313e-16,-0.8,-0.8,2.7777777777777777,2.7777777777777777
67,0.9,True,2,0.0,True,11.799999999999983,-3.9977957195242224,-4.113333333333361,-1.7459497158111086,-1.8900000000000028,-0.9,-0.9,2.7777777777777777,2.7777777777777777,24.4,27.248048411178015,27.06,0.06039120379409546,-0.02000000000000024,-0.9,-0.9,2.7777777777777777,2.7777777777777777
67,1.0,True,2,0.0,True,13.599999999999982,-4.231768434390292,-3.8222222222222113,-1.881317834823319,-1.7999999999999998,-1.0,0.0,2.7777777777777777,2.7777777777777777,25.0,31.479577753980802,31.44444444444444,0.04612735950120994,0.0,-1.0,-1.0,2.7777777777777777,2.7777777777777777
67,1.1,True,2,0.0,True,9.999999999999984,-3.415052705589903,-3.988888888888911,-1.7999527850849295,-1.8799999999999981,0.0,0.0,2.7777777777777777,2.7777777777777777,25.0,33.26055547189294,33.66666666666667,0.1918501476216301,-0.0499999999999996,-1.1,-1.1,2.7777777777777777,2.7777777777777777
67,1.2000000000000002,True,2,0.0,True,8.799999999999985,-4.067413798760557,-4.25555555555552,-1.7043242332608841,-1.7999999999999998,0.0,0.0,2.7777777777777777,2.7777777777777777,25.0,35.57710829820206,35.888888888888886,-0.0944380075637068,-0.07999999999999963,-1.2000000000000002,-1.2000000000000002,2.7777777777777777,2.7777777777777777
67,1.3,True,2,0.0,True,5.199999999999987,-4.107382595865363,-4.226666666666605,-1.7557509932139084,-1.8899999999999997,0.0,0.0,2.7777777777777777,2.7777777777777777,25.0,37.27845077444897,38.111111111111114,0.0032717701782960518,-0.09000000000000008,-1.3,-1.3,2.7777777777777777,2.7777777777777777
67,1.4000000000000001,True,2,0.0,True,5.199999999999987,-3.8223663032518287,-4.226666666666605,-1.8653025185124352,-1.8999999999999986,0.0,0.0,2.7777777777777777,2.7777777777777777,25.0,40.65467224534184,40.33333333333333,-0.36182858364002657,-0.08000000000000007,-1.4000000000000001,-1.4000000000000001,2.7777777777777777,2.7777777777777777
67,1.5,True,2,0.0,True,6.399999999999986,-4.2256426223312955,-4.273333333333343,-1.7360990759380681,-1.7999999999999998,0.0,0.0,2.7777777777777777,2.7777777777777777,25.0,42.56088124116873,42.55555555555556,0.05667519707501856,-0.04999999999999982,-1.5,-1.5,2.7777777777777777,2.7777777777777777
67,1.6,True,2,0.0,True,5.199999999999987,-4.263023989610562,-4.226666666666605,-1.7971124514852448,-1.879999999999999,0.0,0.0,2.7777777777777777,2.7777777777777777,25.0,42.35227663336296,42.55555555555556,0.293064665597488,-0.1599999999999997,-1.6,-1.6,2.7777777777777777,2.7777777777777777
67,1.7000000000000002,False,0,0.26219512195123357,True,2.799999999999987,0.007507884344275517,0.21777777777778073,-1.793283618853885,-1.8300000000000005,0.0,0.0,2.7777777777777777,2.7777777777777777,25.0,44.799912389033665,44.77777777777777,-0.23996682702508565,-0.09999999999999964,-1.7000000000000002,-1.7000000000000002,2.7777777777777777,2.7777777777777777
69,0.0,False,0,4.0,False,25.0,-4.027967986385309,-4.266666666666654,1.5192780330146465,1.6,0.0,0.0,2.7777777777777777,2.7777777777777777,,,,,,,,,
69,0.1,False,0,4.0,False,25.0,-2.7162364272215056,-4.266666666666654,1.7194708366243305,1.27,-0.1,-0.1,2.7777777777777777,2.7777777777777777,25.0,280.47875309031417,280.17777777777786,0.2761679924674407,-0.00999999999999579,-0.1,-0.1,2.7777777777777777,2.7777777777777777
69,0.2,False,0,4.0,False,25.0,-3.645754025902792,-4.266666666666654,0.9797265540449613,0.94,-0.2,-0.2,2.7777777777777777,2.7777777777777777,25.0,103.29788322349725,102.40000000000005,-0.21542912515591106,-0.019999999999997353,-0.2,-0.2,2.7777777777777777,2.7777777777777777
69,0.30000000000000004,False,0,1.9333333333333318,True,25.0,-3.6191612027688107,-4.266666666666654,0.6703356826937141,0.6099999999999999,-0.30000000000000004,-0.30000000000000004,2.7777777777777777,2.7777777777777777,25.0,42.327449638843774,42.40000000000002,0.04042062095234966,-0.020000000000001572,-0.30000000000000004,-0.30000000000000004,2.7777777777777777,2.7777777777777777
69,0.4,False,0,0.5999999999999983,True,25.0,-3.8499953687518937,-4.266666666666654,0.05174504129763946,0.27999999999999936,-0.4,-0.4,2.7777777777777777,2.7777777777777777,25.0,11.560319970719458,11.288888888888902,0.06758033890627613,-6.661338147750939e-16,-0.4,-0.4,2.7777777777777777,2.7777777777777777
69,0.5,True,2,0.0,True,21.999999999999993,-3.883167934670598,-3.43333333333334,0.22164988844953948,-0.04999999999999982,-0.5,-0.5,2.7777777777777777,2.7777777777777777,22.599999999999994,-2.358620343644179,-1.5111111111111084,0.25961838706019424,0.0,-0.5,-0.5,2.7777777777777777,2.7777777777777777
69,0.6000000000000001,True,2,0.0,True,18.399999999999984,-2.7814237364628296,-3.7822222222222193,-0.2490176432139526,-0.5000000000000004,-0.6000000000000001,-0.6000000000000001,2.7777777777777777,2.7777777777777777,23.199999999999996,9.243955217180865,9.36000000000001,0.31023570950917767,-0.019999999999999574,-0.6000000000000001,-0.6000000000000001,2.7777777777777777,2.7777777777777777
69,0.7000000000000001,True,2,0.0,True,15.99999999999998,-3.87233930843941,-3.8,-0.890862311555483,-0.9199999999999986,-0.7000000000000001,-0.7000000000000001,2.7777777777777777,2.7777777777777777,23.799999999999997,18.161557419967952,18.068888888888882,0.22347087386764874,-0.009999999999999343,-0.7000000000000001,-0.7000000000000001,2.7777777777777777,2.7777777777777777
69,0.8,True,2,0.0,True,15.99999999999998,-4.290228024567557,-3.8,-0.9578781000072676,-1.2800000000000016,-0.8,-0.8,2.7777777777777777,2.7777777777777777,25.0,23.318914778537657,24.555555555555554,0.5234811202670655,-2.220446049250313e-16,-0.8,-0.8,2.7777777777777777,2.7777777777777777
69,0.9,True,2,0.0,True,13.599999999999982,-4.25242658691906,-4.04444444444444,-1.5728867858485462,-1.8199999999999972,-0.9,-0.9,2.7777777777777777,2.7777777777777777,25.0,28.61124016293733,28.999999999999996,0.21477455566159964,-0.02000000000000024,-0.9,-0.9,2.7777777777777777,2.7777777777777777
69,1.0,True,2,0.0,True,8.799999999999985,-3.730785506867764,-4.242222222222256,-1.7353878451142801,-1.7999999999999998,0.0,0.0,2.7777777777777777,2.7777777777777777,24.4,33.575223837866375,33.504444444444445,0.011899631623526474,0.0,-1.0,-1.0,2.7777777777777777,2.7777777777777777
69,1.1,True,2,0.0,True,5.199999999999987,-4.03968642084688,-4.206666666666609,-1.8826178072112711,-1.8799999999999981,0.0,0.0,2.7777777777777777,2.7777777777777777,24.4,35.430513607318346,35.726666666666674,0.03594449551725498,-0.0499999999999996,-1.1,-1.1,2.7777777777777777,2.7777777777777777
69,1.2000000000000002,True,2,0.0,True,6.999999999999986,-3.5108891613663813,-4.233333333333351,-1.751736640317433,-1.7999999999999998,0.0,0.0,2.7777777777777777,2.7777777777777777,25.0,37.380356108860795,37.888888888888886,0.20863109290301285,-0.07999999999999963,-1.2000000000000002,-1.2000000000000002,2.7777777777777777,2.7777777777777777
69,1.3,True,2,0.0,True,5.199999999999987,-3.728126702937348,-4.2666666666666115,-1.876014123267651,-1.8899999999999997,0.0,0.0,2.7777777777777777,2.7777777777777777,25.0,39.80967980721759,40.111111111111114,0.15728679914568966,-0.09000000000000008,-1.3,-1.3,2.7777777777777777,2.7777777777777777
69,1.4000000000000001,True,2,0.0,True,5.199999999999987,-4.180687723645408,-4.2666666666666115,-1.7409373718509693,-1.8999999999999986,0.0,0.0,2.7777777777777777,2.7777777777777777,25.0,42.361779828790986,42.33333333333333,-0.3651700980066759,-0.08000000000000007,-1.4000000000000001,-1.4000000000000001,2.7777777777777777,2.7777777777777777
69,1.5,True,2,0.0,True,6.399999999999986,-3.9765553977141677,-4.186666666666642,-1.7436516474164483,-1.7999999999999998,0.0,0.0,2.7777777777777777,2.7777777777777777,25.0,44.24376108230372,44.55555555555556,0.23633707408515292,-0.04999999999999982,-1.5,-1.5,2.7777777777777777,2.7777777777777777
69,1.6,True,2,0.0,True,3.999999999999987,-3.7716003973737484,-4.266666666666867,-1.6968476843237958,-1.879999999999999,0.0,0.0,2.7777777777777777,2.7777777777777777,25.0,43.99469691388781,44.55555555555556,0.04133350423478577,-0.1599999999999997,-1.6,-1.6,2.7777777777777777,2.7777777777777777
69,1.7000000000000002,True,2,0.0,True,5.199999999999987,-4.2190576822435615,-4.206666666666609,-1.8522392794451936,-1.8300000000000005,0.0,0.0,2.7777777777777777,2.7777777777777777,25.0,46.56240985433453,46.77777777777777,0.09708355545672531,-0.09999999999999964,-1.7000000000000002,-1.7000000000000002,2.7777777777777777,2.7777777777777777
71,0.0,False,0,4.0,False,25.0,-3.8332705722562848,-4.04444444444444,1.5150593766665255,1.6,0.0,0.0,2.7777777777777777,2.7777777777777777,,,,,,,,,
71,0.1,False,0,4.0,False,25.0,-3.9606361284904095,-4.04444444444444,1.0114918526174006,1.2599999999999998,-0.1,-0.1,2.7777777777777777,2.7777777777777777,25.0,278.52550683345805,278.17777777777786,0.2020016886847733,-0.00999999999999579,-0.1,-0.1,2.7777777777777777,2.7777777777777777
71,0.2,False,0,4.0,False,25.0,-3.6983633570357908,-4.04444444444444,1.1975403576417714,0.9199999999999995,-0.2,-0.2,2.7777777777777777,2.7777777777777777,25.0,100.75104673806193,100.40000000000005,0.10432489813224333,-0.019999999999997353,-0.2,-0.2,2.7777777777777777,2.7777777777777777
71,0.30000000000000004,False,0,1.8333333333333324,True,25.0,-3.4033817006577065,-4.04444444444444,0.8515436814346611,0.5799999999999996,-0.30000000000000004,-0.30000000000000004,2.7777777777777777,2.7777777777777777,25.0,40.4176059834448,40.40000000000002,0.15169671989159328,-0.020000000000001572,-0.30000000000000004,-0.30000000000000004,2.7777777777777777,2.7777777777777777
71,0.4,False,0,0.4999999999999982,True,24.4,-4.00046567967141,-4.104444444444442,0.35640578906440723,0.23999999999999932,-0.4,-0.4,2.7777777777777777,2.7777777777777777,24.4,9.416169184831158,8.868888888888886,0.17298828489684182,-6.661338147750939e-16,-0.4,-0.4,2.7777777777777777,2.7777777777777777
71,0.5,True,2,0.0,True,21.999999999999993,-4.0758132397659805,-3.655555555555554,-0.1818571826844324,-0.09999999999999987,-0.5,-0.5,2.7777777777777777,2.7777777777777777,23.199999999999996,0.029316003551312697,0.2488888888888967,0.03190075474463949,0.0,-0.5,-0.5,2.7777777777777777,2.7777777777777777
71,0.6000000000000001,True,2,0.0,True,18.399999999999984,-3.458619785652192,-3.5599999999999907,-0.6199752544027919,-0.5600000000000009,-0.6000000000000001,-0.6000000000000001,2.7777777777777777,2.7777777777777777,23.799999999999997,10.875573895279512,11.180000000000003,-0.11919073125133428,-0.019999999999999574,-0.6000000000000001,-0.6000000000000001,2.7777777777777777,2.7777777777777777
71,0.7000000000000001,True,2,0.0,True,17.799999999999983,-3.3703569295939557,-4.27999999999999,-0.5098308769806947,-0.9199999999999986,-0.7000000000000001,-0.7000000000000001,2.7777777777777777,2.7777777777777777,25.0,19.729888236199738,19.888888888888882,0.18904276734086656,-0.009999999999999343,-0.7000000000000001,-0.7000000000000001,2.7777777777777777,2.7777777777777777
71,0.8,True,2,0.0,True,14.799999999999981,-4.02667963128967,-4.264444444444439,-1.3082473911188612,-1.4400000000000017,-0.8,-0.8,2.7777777777777777,2.7777777777777777,25.0,26.1174505424466,26.555555555555554,-0.09092002658421072,-2.220446049250313e-16,-0.8,-0.8,2.7777777777777777,2.7777777777777777
71,0.9,True,2,0.0,True,10.599999999999984,-3.791419024453904,-4.266666666666683,-1.733689928117365,-1.8900000000000028,0.0,0.0,2.7777777777777777,2.7777777777777777,25.0,30.148707421259896,30.999999999999996,0.0013588174061249791,-0.02000000000000024,-0.9,-0.9,2.7777777777777777,2.7777777777777777
71,1.0,True,2,0.0,True,8.799999999999985,-3.9103850886119913,-4.097777777777753,-1.7321353096580203,-1.7999999999999998,0.0,0.0,2.7777777777777777,2.7777777777777777,25.0,34.78360420026793,35.44444444444444,0.38779645091696624,0.0,-1.0,-1.0,2.7777777777777777,2.7777777777777777
71,1.1,True,2,0.0,True,8.799999999999985,-4.056068343091826,-4.097777777777753,-1.712996091062577,-1.8799999999999981,0.0,0.0,2.7777777777777777,2.7777777777777777,25.0,36.65259608574095,37.66666666666667,0.5829220189796014,-0.0499999999999996,-1.1,-1.1,2.7777777777777777,2.7777777777777777
71,1.2000000000000002,True,2,0.0,True,5.199999999999987,-4.2715108859077615,-4.246666666666601,-1.6040653950170014,-1.7999999999999998,0.0,0.0,2.7777777777777777,2.7777777777777777,25.0,39.55750302405073,39.888888888888886,0.030985960284651393,-0.07999999999999963,-1.2000000000000002,-1.2000000000000002,2.7777777777777777,2.7777777777777777
71,1.3,True,2,0.0,True,6.999999999999986,-3.8515661462717388,-4.166666666666646,-1.753606721826997,-1.8899999999999997,0.0,0.0,2.7777777777777777,2.7777777777777777,25.0,41.575504783777305,42.111111111111114,0.1906047684422587,-0.09000000000000008,-1.3,-1.3,2.7777777777777777,2.7777777777777777
71,1.4000000000000001,True,2,0.0,True,3.399999999999987,-3.9401238103705394,-4.279999999999748,-1.8953853124315034,-1.8999999999999986,0.0,0.0,2.7777777777777777,2.7777777777777777,25.0,44.47096106045879,44.33333333333333,0.013641426466066031,-0.08000000000000007,-1.4000000000000001,-1.4000000000000001,2.7777777777777777,2.7777777777777777
71,1.5,False,0,0.6669117647058921,True,2.799999999999987,0.005882658355628401,0.6755555555554738,-1.6392584578578693,-1.7999999999999998,0.0,0.0,2.7777777777777777,2.7777777777777777,25.0,45.713497054177054,46.55555555555556,0.2798930575504319,-0.04999999999999982,-1.5,-1.5,2.7777777777777777,2.7777777777777777
71,1.6,True,2,0.0,True,3.399999999999987,-3.840107830652218,-4.279999999999748,-1.833342842323686,-1.879999999999999,0.0,0.0,2.7777777777777777,2.7777777777777777,25.0,46.5314673746814,46.55555555555556,-0.14316399874957497,-0.1599999999999997,-1.6,-1.6,2.7777777777777777,2.7777777777777777
71,1.7000000000000002,False,0,0.7064220183486432,True,2.799999999999987,-0.009233536984285529,0.5955555555554044,-1.6827070948980816,-1.8300000000000005,0.0,0.0,2.7777777777777777,2.7777777777777777,25.0,48.305286042968106,48.77777777777777,0.2328884575773129,-0.09999999999999964,-1.7000000000000002,-1.7000000000000002,2.7777777777777777,2.7777777777777777
73,0.0,False,0,4.0,False,25.0,-3.750614479200496,-3.8222222222222113,1.8014833989188093,1.6,0.0,0.0,2.7777777777777777,2.7777777777777777,,,,,,,,,
73,0.1,False,0,4.0,False,25.0,-2.409005652530726,-3.8222222222222113,1.2986770826681147,1.25,-0.1,-0.1,2.7777777777777777,2.7777777777777777,25.0,276.2343258353189,276.17777777777786,0.20860345450718265,-0.00999999999999579,-0.1,-0.1,2.7777777777777777,2.7777777777777777
73,0.2,False,0,4.0,False,25.0,-3.1120885794139097,-3.8222222222222113,0.7938430712796172,0.8999999999999999,-0.2,-0.2,2.7777777777777777,2.7777777777777777,25.0,98.67067781067796,98.40000000000005,-0.1907322358564396,-0.019999999999997353,-0.2,-0.2,2.7777777777777777,2.7777777777777777
73,0.30000000000000004,False,0,1.7333333333333316,True,25.0,-3.764874060126547,-3.8222222222222113,0.6867641196167011,0.5499999999999998,-0.30000000000000004,-0.30000000000000004,2.7777777777777777,2.7777777777777777,25.0,39.09682953114597,38.40000000000002,0.056802946661622666,-0.020000000000001572,-0.30000000000000004,-0.30000000000000004,2.7777777777777777,2.7777777777777777
73,0.4,False,0,0.29999999999999805,True,23.199999999999996,-3.9979162022753796,-4.182222222222225,0.19732565355043796,0.1999999999999993,-0.4,-0.4,2.7777777777777777,2.7777777777777777,23.199999999999996,6.6020811926106235,6.028888888888855,0.13718075940400398,-6.661338147750939e-16,-0.4,-0.4,2.7777777777777777,2.7777777777777777
73,0.5,True,2,0.0,True,21.999999999999993,-3.767762554941757,-3.8777777777777827,0.10530001571105085,-0.1499999999999999,-0.5,-0.5,2.7777777777777777,2.7777777777777777,23.799999999999997,1.399350513247879,2.06888888888889,0.1160092999920308,0.0,-0.5,-0.5,2.7777777777777777,2.7777777777777777
73,0.6000000000000001,True,2,0.0,True,15.99999999999998,-4.280210097336666,-4.244444444444443,-0.8229939547495975,-0.680000000000001,-0.6000000000000001,-0.6000000000000001,2.7777777777777777,2.7777777777777777,22.599999999999994,13.367581198974332,13.59999999999999,-0.10730401252020494,-0.019999999999999574,-0.6000000000000001,-0.6000000000000001,2.7777777777777777,2.7777777777777777
73,0.7000000000000001,True,2,0.0,True,14.799999999999981,-3.291529143517894,-4.113333333333347,-0.8485266619090075,-1.1299999999999981,-0.7000000000000001,-0.7000000000000001,2.7777777777777777,2.7777777777777777,24.4,21.475508436596666,21.948888888888884,0.2234974437707189,-0.009999999999999343,-0.7000000000000001,-0.7000000000000001,2.7777777777777777,2.7777777777777777
73,0.8,True,2,0.0,True,9.399999999999984,-3.2816634466773875,-4.220000000000016,-1.672083382366473,-1.8799999999999994,-0.8,0.0,2.7777777777777777,2.7777777777777777,23.799999999999997,28.66173843063203,28.735555555555553,-0.24825631359353606,-2.220446049250313e-16,-0.8,-0.8,2.7777777777777777,2.7777777777777777
73,0.9,True,2,0.0,True,10.599999999999984,-3.459782735785896,-4.044444444444454,-1.8464256866336346,-1.8900000000000028,0.0,0.0,2.7777777777777777,2.7777777777777777,25.0,32.61984760388847,33.0,0.17795651169568671,-0.02000000000000024,-0.9,-0.9,2.7777777777777777,2.7777777777777777
73,1.0,True,2,0.0,True,8.799999999999985,-4.1676990612150915,-4.280000000000018,-1.8840219104146263,-1.7999999999999998,0.0,0.0,2.7777777777777777,2.7777777777777777,25.0,37.383133748116194,37.44444444444444,0.3676565076197802,0.0,-1.0,-1.0,2.7777777777777777,2.7777777777777777
73,1.1,True,2,0.0,True,3.399999999999987,-3.4975900350260245,-4.293333333333552,-1.8286524212146373,-1.8799999999999981,0.0,0.0,2.7777777777777777,2.7777777777777777,25.0,39.70695493226329,39.66666666666667,-0.35081649220066646,-0.0499999999999996,-1.1,-1.1,2.7777777777777777,2.7777777777777777
73,1.2000000000000002,True,2,0.0,True,5.7999999999999865,-3.2644235501874617,-4.195555555555603,-1.8203132249624108,-1.7999999999999998,0.0,0.0,2.7777777777777777,2.7777777777777777,25.0,41.13978767231448,41.888888888888886,-0.019834927449332573,-0.07999999999999963,-1.2000000000000002,-1.2000000000000002,2.7777777777777777,2.7777777777777777
73,1.3,False,0,0.614678899082585,True,2.799999999999987,0.00619662975527735,0.4555555555555175,-1.8180888224659237,-1.8899999999999997,0.0,0.0,2.7777777777777777,2.7777777777777777,25.0,44.00554817658325,44.111111111111114,-0.09843959174836692,-0.09000000000000008,-1.3,-1.3,2.7777777777777777,2.7777777777777777
73,1.4000000000000001,False,0,0.7132352941176573,True,2.799999999999987,0.0028453185032732975,0.8999999999999888,-1.8916692919357732,-1.8999999999999986,0.0,0.0,2.7777777777777777,2.7777777777777777,25.0,45.93205839916354,46.33333333333333,-0.14816814312069293,-0.08000000000000007,-1.4000000000000001,-1.4000000000000001,2.7777777777777777,2.7777777777777777
73,1.5,True,2,0.0,True,5.7999999999999865,-3.5624724093215034,-4.195555555555603,-1.8369234782851749,-1.7999999999999998,0.0,0.0,2.7777777777777777,2.7777777777777777,25.0,47.12951476554623,48.55555555555556,0.5138510758449444,-0.04999999999999982,-1.5,-1.5,2.7777777777777777,2.7777777777777777
73,1.6,True,2,0.0,True,3.999999999999987,-3.862074567471711,-4.255555555555392,-1.8913903527485183,-1.879999999999999,0.0,0.0,2.7777777777777777,2.7777777777777777,25.0,47.53308760686414,48.55555555555556,0.1526191025667254,-0.1599999999999997,-1.6,-1.6,2.7777777777777777,2.7777777777777777
73,1.7000000000000002,False,0,0.589908256880749,True,2.799999999999987,0.003075848448074403,0.6844444444443498,-1.8257586911561525,-1.8300000000000005,0.0,0.0,2.7777777777777777,2.7777777777777777,25.0,50.052753999979885,50.77777777777777,0.13109832213527906,-0.09999999999999964,-1.7000000000000002,-1.7000000000000002,2.7777777777777777,2.7777777777777777
75,0.0,False,0,4.0,False,25.0,-3.783806183744164,-3.5999999999999828,1.5936667525879593,1.6,0.0,0.0,2.7777777777777777,2.7777777777777777,,,,,,,,,
75,0.1,False,0,4.0,False,25.0,-2.695470257021202,-3.5999999999999828,1.2608484940487328,1.2399999999999998,-0.1,-0.1,2.7777777777777777,2.7777777777777777,25.0,274.4653265791852,274.17777777777786,-0.22963068830892364,-0.00999999999999579,-0.1,-0.1,2.7777777777777777,2.7777777777777777
75,0.2,False,0,4.0,False,25.0,-3.7000710025247256,-3.5999999999999828,0.9438850891117996,0.8799999999999994,-0.2,-0.2,2.7777777777777777,2.7777777777777777,25.0,96.36853466516318,96.40000000000005,-0.23036132525627373,-0.019999999999997353,-0.2,-0.2,2.7777777777777777,2.7777777777777777
75,0.30000000000000004,False,0,1.6333333333333324,False,25.0,-3.0185888273594257,-3.5999999999999828,0.6113040100222458,0.5199999999999996,-0.30000000000000004,-0.30000000000000004,2.7777777777777777,2.7777777777777777,25.0,37.04552577041916,36.40000000000002,0.13822817578387703,-0.020000000000001572,-0.30000000000000004,-0.30000000000000004,2.7777777777777777,2.7777777777777777
75,0.4,False,0,0.09999999999999787,True,19.599999999999987,-3.5623321926330958,-4.0777777777777855,0.3076434812338751,0.11999999999999922,-0.4,-0.4,2.7777777777777777,2.7777777777777777,19.599999999999987,0.8954143419693539,0.9688888888888672,0.13356954230821572,-6.661338147750939e-16,-0.4,-0.4,2.7777777777777777,2.7777777777777777
75,0.5,True,2,0.0,True,18.999999999999986,-3.9985757060066076,-3.8022222222222153,-0.22350038280054307,-0.25,-0.5,-0.5,2.7777777777777777,2.7777777777777777,21.999999999999993,4.674329852703377,4.908888888888893,0.1897884092511175,0.0,-0.5,-0.5,2.7777777777777777,2.7777777777777777
75,0.6000000000000001,True,2,0.0,True,17.19999999999998,-4.0958944452490895,-3.984444444444452,-0.685501695517817,-0.680000000000001,-0.6000000000000001,-0.6000000000000001,2.7777777777777777,2.7777777777777777,23.799999999999997,14.990915438320581,15.180000000000003,0.1855979882719998,-0.019999999999999574,-0.6000000000000001,-0.6000000000000001,2.7777777777777777,2.7777777777777777
75,0.7000000000000001,True,2,0.0,True,12.399999999999983,-3.639594903017854,-4.126666666666682,-0.8780231795534756,-1.339999999999998,-0.7000000000000001,-0.7000000000000001,2.7777777777777777,2.7777777777777777,23.799999999999997,23.94452418054961,24.068888888888882,-0.07650704252909035,-0.009999999999999343,-0.7000000000000001,-0.7000000000000001,2.7777777777777777,2.7777777777777777
75,0.8,True,2,0.0,True,11.199999999999983,-4.239228654845664,-3.9955555555555433,-1.8155377998719622,-1.8400000000000003,-0.8,-0.8,2.7777777777777777,2.7777777777777777,25.0,30.027124875269674,30.555555555555554,0.45860219570655225,-2.220446049250313e-16,-0.8,-0.8,2.7777777777777777,2.7777777777777777
75,0.9,True,2,0.0,True,9.999999999999984,-4.067727447301425,-3.9999999999999885,-1.5926038425062015,-1.8900000000000028,0.0,0.0,2.7777777777777777,2.7777777777777777,25.0,34.4945883104332,35.0,0.39168751303878,-0.02000000000000024,-0.9,-0.9,2.7777777777777777,2.7777777777777777
75,1.0,True,2,0.0,True,6.999999999999986,-4.192169719049832,-4.188888888888871,-1.8878151204811637,-1.7999999999999998,0.0,0.0,2.7777777777777777,2.7777777777777777,25.0,39.32200462364288,39.44444444444444,-0.04339864551650541,0.0,-1.0,-1.0,2.7777777777777777,2.7777777777777777
75,1.1,False,0,0.6868421052631676,True,2.799999999999987,-0.006059020596114628,0.9799999999998876,-1.7849068181671661,-1.8799999999999981,0.0,0.0,2.7777777777777777,2.7777777777777777,25.0,41.14906789901559,41.66666666666667,0.0407620001472937,-0.0499999999999996,-1.1,-1.1,2.7777777777777777,2.7777777777777777
75,1.2000000000000002,False,0,0.6868421052631676,True,2.799999999999987,-0.0025188963608426818,1.2444444444444516,-1.8230424223032642,-1.7999999999999998,0.0,0.0,2.7777777777777777,2.7777777777777777,25.0,42.9677275755745,43.888888888888886,0.2463610226526396,-0.07999999999999963,-1.2000000000000002,-1.2000000000000002,2.7777777777777777,2.7777777777777777
75,1.3,True,2,0.0,True,3.999999999999987,-4.015005795387739,-4.277777777777618,-1.857678597187842,-1.8899999999999997,0.0,0.0,2.7777777777777777,2.7777777777777777,25.0,45.39885648864664,46.111111111111114,-0.048604415995587846,-0.09000000000000008,-1.3,-1.3,2.7777777777777777,2.7777777777777777
75,1.4000000000000001,False,0,0.6868421052631676,True,2.799999999999987,0.0025711104707655252,0.6399999999999411,-1.8229694888114267,-1.8999999999999986,0.0,0.0,2.7777777777777777,2.7777777777777777,25.0,48.10403896428184,48.33333333333333,-0.19986255277115328,-0.08000000000000007,-1.4000000000000001,-1.4000000000000001,2.7777777777777777,2.7777777777777777
75,1.5,False,0,0.6868421052631676,True,2.799999999999987,-0.0037357406305487117,0.5466666666665789,-1.7857843009443395,-1.7999999999999998,0.0,0.0,2.7777777777777777,2.7777777777777777,25.0,50.52440491136947,50.55555555555556,0.23523195280693665,-0.04999999999999982,-1.5,-1.5,2.7777777777777777,2.7777777777777777
75,1.6,False,0,0.6345454545454943,True,2.799999999999987,-0.00652154140461203,0.5399999999999467,-1.7754102713355513,-1.879999999999999,0.0,0.0,2.7777777777777777,2.7777777777777777,25.0,49.97408370887112,50.55555555555556,-0.012008602021535086,-0.1599999999999997,-1.6,-1.6,2.7777777777777777,2.7777777777777777
75,1.7000000000000002,False,0,0.6868421052631676,True,2.799999999999987,0.001763472598679705,0.982222222222231,-1.798648474385782,-1.8300000000000005,0.0,0.0,2.7777777777777777,2.7777777777777777,25.0,51.78877139463344,52.77777777777777,0.4561802900070391,-0.09999999999999964,-1.7000000000000002,-1.7000000000000002,2.7777777777777777,2.7777777777777777
77,0.0,False,0,4.0,False,25.0,-3.1285997433601294,-3.3777777777777684,1.5517301316793866,1.6,0.0,0.0,2.7777777777777777,2.7777777777777777,,,,,,,,,
77,0.1,False,0,4.0,False,25.0,-3.2743167989885107,-3.3777777777777684,1.1589755978605423,1.23,-0.1,-0.1,2.7777777777777777,2.7777777777777777,25.0,273.8149618524771,272.17777777777786,-0.12556152212215377,-0.00999999999999579,-0.1,-0.1,2.7777777777777777,2.7777777777777777
77,0.2,False,0,4.0,False,25.0,-3.242647631588741,-3.3777777777777684,0.7602879717714175,0.8599999999999999,-0.2,-0.2,2.7777777777777777,2.7777777777777777,25.0,94.73021577486656,94.40000000000005,-0.11988706055766762,-0.019999999999997353,-0.2,-0.2,2.7777777777777777,2.7777777777777777
77,0.30000000000000004,False,0,1.5333333333333314,False,25.0,-3.3985725928398436,-3.3777777777777684,0.5169293601604523,0.48999999999999977,-0.30000000000000004,-0.30000000000000004,2.7777777777777777,2.7777777777777777,25.0,34.91330869084506,34.40000000000002,0.11368517283464197,-0.020000000000001572,-0.30000000000000004,-0.30000000000000004,2.7777777777777777,2.7777777777777777
77,0.4,False,0,0.09999999999999787,True,22.599999999999994,-3.250652742125925,-3.977777777777777,0.2012907871686247,0.11999999999999922,-0.4,-0.4,2.7777777777777777,2.7777777777777777,22.599999999999994,2.099188711226458,1.9688888888889098,0.0021136769257092958,-6.661338147750939e-16,-0.4,-0.4,2.7777777777777777,2.7777777777777777
77,0.5,True,2,0.0,True,19.599999999999987,-3.6470560962750396,-3.855555555555557,-0.2389209141359938,-0.2999999999999998,-0.5,-0.5,2.7777777777777777,2.7777777777777777,23.199999999999996,5.116215280211475,6.248888888888897,-0.06465738968327761,0.0,-0.5,-0.5,2.7777777777777777,2.7777777777777777
77,0.6000000000000001,True,2,0.0,True,15.39999999999998,-3.988700089485863,-3.7288888888888776,-0.7649480941181808,-0.8000000000000012,-0.6000000000000001,-0.6000000000000001,2.7777777777777777,2.7777777777777777,23.199999999999996,17.089763691533815,17.36000000000001,0.07315336275073947,-0.019999999999999574,-0.6000000000000001,-0.6000000000000001,2.7777777777777777,2.7777777777777777
77,0.7000000000000001,True,2,0.0,True,12.999999999999982,-2.683824834271763,-3.844444444444451,-1.24914474443199,-1.409999999999998,-0.7000000000000001,-0.7000000000000001,2.7777777777777777,2.7777777777777777,24.4,24.998439135813182,25.948888888888884,-0.18189982697254625,-0.009999999999999343,-0.7000000000000001,-0.7000000000000001,2.7777777777777777,2.7777777777777777
77,0.8,True,2,0.0,True,11.199999999999983,-3.9016769602586434,-4.217777777777758,-1.8749023561588163,-1.8799999999999994,-0.8,-0.8,2.7777777777777777,2.7777777777777777,25.0,32.544396608303586,32.55555555555556,-0.04252433982786852,-2.220446049250313e-16,-0.8,-0.8,2.7777777777777777,2.7777777777777777
77,0.9,True,2,0.0,True,6.999999999999986,-4.2688863632156595,-4.1888888888889,-1.674503310541465,-1.8900000000000028,0.0,0.0,2.7777777777777777,2.7777777777777777,25.0,36.0939282942,37.0,0.5119232519785286,-0.02000000000000024,-0.9,-0.9,2.7777777777777777,2.7777777777777777
77,1.0,True,2,0.0,True,6.399999999999986,-4.255290369813284,-4.297777777777784,-1.7188333397207964,-1.7999999999999998,0.0,0.0,2.7777777777777777,2.7777777777777777,25.0,40.25484732613033,41.44444444444444,0.4518180939818004,0.0,-1.0,-1.0,2.7777777777777777,2.7777777777777777
77,1.1,False,0,0.6342105263157974,True,2.799999999999987,0.007094388705735533,0.7844444444443868,-1.8949112026257955,-1.8799999999999981,0.0,0.0,2.7777777777777777,2.7777777777777777,25.0,42.87961682495349,43.66666666666667,0.25184770124000444,-0.0499999999999996,-1.1,-1.1,2.7777777777777777,2.7777777777777777
77,1.2000000000000002,True,2,0.0,True,4.599999999999987,-4.126546020869102,-4.277777777777646,-1.7413798360465067,-1.7999999999999998,0.0,0.0,2.7777777777777777,2.7777777777777777,25.0,45.56700986363478,45.888888888888886,0.02107805517113648,-0.07999999999999963,-1.2000000000000002,-1.2000000000000002,2.7777777777777777,2.7777777777777777
77,1.3,False,0,0.6311926605504775,True,2.799999999999987,-0.004656373430466765,0.8777777777777915,-1.8144584512853512,-1.8899999999999997,0.0,0.0,2.7777777777777777,2.7777777777777777,25.0,47.777351905553175,48.111111111111114,0.05289115848437165,-0.09000000000000008,-1.3,-1.3,2.7777777777777777,2.7777777777777777
77,1.4000000000000001,False,0,0.5390243902439344,True,2.799999999999987,-0.008702375554380914,0.43333333333332025,-1.710294976614143,-1.8999999999999986,0.0,0.0,2.7777777777777777,2.7777777777777777,25.0,49.92673943283967,50.33333333333333,-0.2128930024754192,-0.08000000000000007,-1.4000000000000001,-1.4000000000000001,2.7777777777777777,2.7777777777777777
77,1.5,False,0,0.6342105263157974,True,2.799999999999987,-0.0006503414910694616,0.8399999999999013,-1.7376604179138224,-1.7999999999999998,0.0,0.0,2.7777777777777777,2.7777777777777777,25.0,52.107409636335376,52.55555555555556,0.19468129380308996,-0.04999999999999982,-1.5,-1.5,2.7777777777777777,2.7777777777777777
77,1.6,False,0,0.601818181818216,True,2.799999999999987,-0.009020916023049885,0.6022222222222355,-1.8505262623350642,-1.879999999999999,0.0,0.0,2.7777777777777777,2.7777777777777777,25.0,52.36905926893688,52.55555555555556,-0.014431804137163162,-0.1599999999999997,-1.6,-1.6,2.7777777777777777,2.7777777777777777
77,1.7000000000000002,False,0,0.6342105263157974,True,2.799999999999987,-0.004364582923090943,0.8377777777776432,-1.783291031102222,-1.8300000000000005,0.0,0.0,2.7777777777777777,2.7777777777777777,25.0,54.434474103953846,54.77777777777777,0.39057517878171577,-0.09999999999999964,-1.7000000000000002,-1.7000000000000002,2.7777777777777777,2.7777777777777777
79,0.0,False,0,4.0,False,25.0,-3.8619788707564053,-3.222222222222231,1.6245953527934267,1.6,0.0,0.0,2.7777777777777777,2.7777777777777777,,,,,,,,,
79,0.1,False,0,4.0,False,25.0,-3.6126703274215,-3.222222222222231,1.2868847372351078,1.23,-0.1,-0.1,2.7777777777777777,2.7777777777777777,25.0,270.082210266867,270.17777777777786,0.14802157834070861,-0.00999999999999579,-0.1,-0.1,2.7777777777777777,2.7777777777777777
79,0.2,False,0,4.0,False,25.0,-4.047300424094902,-3.222222222222231,0.9187815264735151,0.8599999999999999,-0.2,-0.2,2.7777777777777777,2.7777777777777777,25.0,93.08439816117632,92.40000000000005,-0.23159568194659164,-0.019999999999997353,-0.2,-0.2,2.7777777777777777,2.7777777777777777
79,0.30000000000000004,False,0,1.4333333333333307,True,25.0,-3.7405517706714333,-3.222222222222231,0.8781210196146501,0.48999999999999977,-0.30000000000000004,-0.30000000000000004,2.7777777777777777,2.7777777777777777,25.0,32.64306906005659,32.40000000000002,0.11434004252358587,-0.020000000000001572,-0.30000000000000004,-0.30000000000000004,2.7777777777777777,2.7777777777777777
79,0.4,True,1,0.0,True,21.39999999999999,-3.9767655860537756,-4.184444444444455,0.17969743097243196,0.07999999999999918,-0.4,-0.4,2.7777777777777777,2.7777777777777777,21.39999999999999,0.17218973369392376,-0.691111111111101,0.251637798859377,-6.661338147750939e-16,-0.4,-0.4,2.7777777777777777,2.7777777777777777
79,0.5,True,2,0.0,True,20.79999999999999,-3.7220518350254705,-3.764444444444453,0.16786685031164428,-0.2999999999999998,-0.5,-0.5,2.7777777777777777,2.7777777777777777,24.4,7.800023673864712,7.948888888888885,0.2587166547614297,0.0,-0.5,-0.5,2.7777777777777777,2.7777777777777777
79,0.6000000000000001,True,2,0.0,True,14.199999999999982,-4.254063878486394,-4.073333333333326,-0.9611892190507361,-0.9200000000000017,-0.6000000000000001,-0.6000000000000001,2.7777777777777777,2.7777777777777777,23.199999999999996,19.009874358645487,19.36000000000001,-0.15953726915614141,-0.019999999999999574,-0.6000000000000001,-0.6000000000000001,2.7777777777777777,2.7777777777777777
79,0.7000000000000001,True,2,0.0,True,11.199999999999983,-3.622405016606794,-4.1600000000000135,-1.657453498860174,-1.5499999999999976,-0.7000000000000001,-0.7000000000000001,2.7777777777777777,2.7777777777777777,24.4,28.179967281054598,27.948888888888884,0.01699897317128829,-0.009999999999999343,-0.7000000000000001,-0.7000000000000001,2.7777777777777777,2.7777777777777777
79,0.8,True,2,0.0,True,6.399999999999986,-3.5252472228608296,-4.162222222222215,-1.6437380581694472,-1.8799999999999994,0.0,0.0,2.7777777777777777,2.7777777777777777,24.4,33.84617468035475,34.61555555555556,-0.012140370764101682,-2.220446049250313e-16,-0.8,-0.8,2.7777777777777777,2.7777777777777777
79,0.9,True,2,0.0,True,6.399999999999986,-3.4254054472551756,-4.162222222222215,-1.8727547808375535,-1.8900000000000028,0.0,0.0,2.7777777777777777,2.7777777777777777,25.0,38.947331633025385,39.0,-0.22955222245601092,-0.02000000000000024,-0.9,-0.9,2.7777777777777777,2.7777777777777777
79,1.0,False,0,0.5779141104294532,True,2.799999999999987,-0.008753520538664183,0.300000000000165,-1.743243092233662,-1.7999999999999998,0.0,0.0,2.7777777777777777,2.7777777777777777,25.0,42.76915253356914,43.44444444444444,0.38740813753357184,0.0,-1.0,-1.0,2.7777777777777777,2.7777777777777777
79,1.1,False,0,0.5779141104294532,True,2.799999999999987,0.010009916111866524,0.4644444444443936,-1.8679368507349177,-1.8799999999999981,0.0,0.0,2.7777777777777777,2.7777777777777777,25.0,45.21668853042185,45.66666666666667,0.10151042418040701,-0.0499999999999996,-1.1,-1.1,2.7777777777777777,2.7777777777777777
79,1.2000000000000002,False,0,0.5779141104294532,True,2.799999999999987,0.004994268768965249,0.8311111111110394,-1.8788184284565677,-1.7999999999999998,0.0,0.0,2.7777777777777777,2.7777777777777777,25.0,47.2057032755539,47.888888888888886,-0.22684682136781165,-0.07999999999999963,-1.2000000000000002,-1.2000000000000002,2.7777777777777777,2.7777777777777777
79,1.3,False,0,0.5779141104294532,True,2.799999999999987,0.007203479386601153,0.6422222222220855,-1.7419766608879177,-1.8899999999999997,0.0,0.0,2.7777777777777777,2.7777777777777777,25.0,49.08069109587659,50.111111111111114,0.4524892059572263,-0.09000000000000008,-1.3,-1.3,2.7777777777777777,2.7777777777777777
79,1.4000000000000001,False,0,0.5779141104294532,True,2.799999999999987,0.006004758073385297,0.8688888888887165,-1.8297863478575214,-1.8999999999999986,0.0,0.0,2.7777777777777777,2.7777777777777777,25.0,51.888025498420006,52.33333333333333,0.20367498618347524,-0.08000000000000007,-1.4000000000000001,-1.4000000000000001,2.7777777777777777,2.7777777777777777
79,1.5,False,0,0.5779141104294532,True,2.799999999999987,0.004380921509164359,0.35333333333373407,-1.852886210983886,-1.7999999999999998,0.0,0.0,2.7777777777777777,2.7777777777777777,25.0,53.62777392081067,54.55555555555556,0.6397278456542752,-0.04999999999999982,-1.5,-1.5,2.7777777777777777,2.7777777777777777
79,1.6,False,0,0.5779141104294532,True,2.799999999999987,-0.009428561366692456,0.65777777777775,-1.8739168099687413,-1.879999999999999,0.0,0.0,2.7777777777777777,2.7777777777777777,25.0,53.667761943962745,54.55555555555556,0.20977040571252736,-0.1599999999999997,-1.6,-1.6,2.7777777777777777,2.7777777777777777
79,1.7000000000000002,False,0,0.5779141104294532,True,2.799999999999987,0.0009386476585833137,0.557777777777571,-1.8797068689268286,-1.8300000000000005,0.0,0.0,2.7777777777777777,2.7777777777777777,25.0,56.3165608463508,56.77777777777777,0.030439347723367094,-0.09999999999999964,-1.7000000000000002,-1.7000000000000002,2.7777777777777777,2.7777777777777777
81,0.0,False,0,4.0,False,25.0,-3.9987405646988234,-3.4444444444444597,1.4708668159374922,1.6,0.0,0.0,2.7777777777777777,2.7777777777777777,,,,,,,,,
81,0.1,False,0,4.0,False,25.0,-3.5289217193598033,-3.4444444444444597,1.125930726324262,1.2199999999999998,-0.1,-0.1,2.7777777777777777,2.7777777777777777,25.0,268.3562746932921,268.17777777777786,-0.08871416727858827,-0.00999999999999579,-0.1,-0.1,2.7777777777777777,2.7777777777777777
81,0.2,False,0,3.999999999999999,False,25.0,-3.8939009348619207,-3.4444444444444597,1.1486404349479655,0.8399999999999994,-0.2,-0.2,2.7777777777777777,2.7777777777777777,25.0,90.4726397801598,90.40000000000005,0.1737969536943207,-0.019999999999997353,-0.2,-0.2,2.7777777777777777,2.7777777777777777
81,0.30000000000000004,False,0,1.3333333333333313,True,25.0,-3.699837257797813,-3.4444444444444597,0.344326006807798,0.4599999999999995,-0.30000000000000004,-0.30000000000000004,2.7777777777777777,2.7777777777777777,25.0,31.11562176069982,30.400000000000016,0.12978081784139572,-0.020000000000001572,-0.30000000000000004,-0.30000000000000004,2.7777777777777777,2.7777777777777777
81,0.4,True,1,0.0,True,20.79999999999999,-4.141458020508639,-3.9866666666666672,-0.06126183795820572,0.03999999999999915,-0.4,-0.4,2.7777777777777777,2.7777777777777777,20.79999999999999,-2.525854028191236,-2.8111111111111056,-0.038522940487891066,-6.661338147750939e-16,-0.4,-0.4,2.7777777777777777,2.7777777777777777
81,0.5,True,2,0.0,True,16.59999999999998,-3.684911956278998,-3.8111111111111198,-0.4736557756021016,-0.44999999999999973,-0.5,-0.5,2.7777777777777777,2.7777777777777777,21.999999999999993,9.670588103716096,10.788888888888888,0.3613731491729215,0.0,-0.5,-0.5,2.7777777777777777,2.7777777777777777
81,0.6000000000000001,True,2,0.0,True,12.399999999999983,-3.9231112342741907,-3.879999999999984,-1.0976098924418949,-1.1000000000000019,-0.6000000000000001,-0.6000000000000001,2.7777777777777777,2.7777777777777777,22.599999999999994,20.712419176774358,21.59999999999999,0.2313769078586554,-0.019999999999999574,-0.6000000000000001,-0.6000000000000001,2.7777777777777777,2.7777777777777777
81,0.7000000000000001,True,2,0.0,True,11.199999999999983,-3.45521034121474,-3.937777777777785,-1.5998412438604883,-1.6199999999999979,-0.7000000000000001,-0.7000000000000001,2.7777777777777777,2.7777777777777777,25.0,29.812490055916623,29.888888888888882,-0.03348681841194945,-0.009999999999999343,-0.7000000000000001,-0.7000000000000001,2.7777777777777777,2.7777777777777777
81,0.8,True,2,0.0,True,7.599999999999985,-3.189047224300583,-4.106666666666686,-1.6957118850993547,-1.8799999999999994,0.0,0.0,2.7777777777777777,2.7777777777777777,25.0,36.158487054181904,36.55555555555556,0.06295349627787084,-2.220446049250313e-16,-0.8,-0.8,2.7777777777777777,2.7777777777777777
81,0.9,True,2,0.0,True,3.999999999999987,-3.5891014971434627,-4.2555555555556905,-1.855264526857951,-1.8900000000000028,0.0,0.0,2.7777777777777777,2.7777777777777777,25.0,40.884761930647926,41.0,-0.12492153925688321,-0.02000000000000024,-0.9,-0.9,2.7777777777777777,2.7777777777777777
81,1.0,True,2,0.0,True,4.599999999999987,-4.148366592133928,-4.235555555555439,-1.7067761818329166,-1.7999999999999998,0.0,0.0,2.7777777777777777,2.7777777777777777,25.0,44.10459726616857,45.44444444444444,0.3664313922532201,0.0,-1.0,-1.0,2.7777777777777777,2.7777777777777777
81,1.1,False,0,0.5165644171779215,True,2.799999999999987,0.008885036142356917,0.7177777777777381,-1.72857776792335,-1.8799999999999981,0.0,0.0,2.7777777777777777,2.7777777777777777,25.0,47.18243217007185,47.66666666666667,0.4949290093173344,-0.0499999999999996,-1.1,-1.1,2.7777777777777777,2.7777777777777777
81,1.2000000000000002,False,0,0.5165644171779215,True,2.799999999999987,0.001620507194926013,0.7555555555554578,-1.5914388466474771,-1.7999999999999998,0.0,0.0,2.7777777777777777,2.7777777777777777,25.0,50.06352417729762,49.888888888888886,0.05938141352650894,-0.07999999999999963,-1.2000000000000002,-1.2000000000000002,2.7777777777777777,2.7777777777777777
81,1.3,False,0,0.5165644171779215,True,2.799999999999987,0.008544891362174845,0.5622222222221014,-1.7754033713083077,-1.8899999999999997,0.0,0.0,2.7777777777777777,2.7777777777777777,25.0,51.821836127374,52.111111111111114,0.09824386904706173,-0.09000000000000008,-1.3,-1.3,2.7777777777777777,2.7777777777777777
81,1.4000000000000001,False,0,0.5165644171779215,True,2.799999999999987,-0.007377815905743823,0.7022222222220309,-1.7937670130830234,-1.8999999999999986,0.0,0.0,2.7777777777777777,2.7777777777777777,25.0,54.02596968592674,54.33333333333333,0.08926754886736576,-0.08000000000000007,-1.4000000000000001,-1.4000000000000001,2.7777777777777777,2.7777777777777777
81,1.5,False,0,0.5165644171779215,True,2.799999999999987,-0.008668915909441743,0.6355555555554675,-1.7768920439366658,-1.7999999999999998,0.0,0.0,2.7777777777777777,2.7777777777777777,25.0,56.02610759639866,56.55555555555556,0.26677902756396277,-0.04999999999999982,-1.5,-1.5,2.7777777777777777,2.7777777777777777
81,1.6,False,0,0.5165644171779215,True,2.799999999999987,0.0035434855403879695,0.5199999999999365,-1.88889473571683,-1.879999999999999,0.0,0.0,2.7777777777777777,2.7777777777777777,25.0,56.442085480902534,56.55555555555556,-0.20226466674043642,-0.1599999999999997,-1.6,-1.6,2.7777777777777777,2.7777777777777777
81,1.7000000000000002,False,0,0.5165644171779215,True,2.799999999999987,-0.0044398567179824155,0.3977777777777307,-1.8975305403034166,-1.8300000000000005,0.0,0.0,2.7777777777777777,2.7777777777777777,25.0,58.224915111886574,58.77777777777777,0.3316905066566198,-0.09999999999999964,-1.7000000000000002,-1.7000000000000002,2.7777777777777777,2.7777777777777777
83,0.0,False,0,4.0,False,25.0,-3.8853372550220397,-3.666666666666674,1.558076945159593,1.6,0.0,0.0,2.7777777777777777,2.7777777777777777,,,,,,,,,
83,0.1,False,0,4.0,False,25.0,-3.810261574550583,-3.666666666666674,1.3123607965759039,1.21,-0.1,-0.1,2.7777777777777777,2.7777777777777777,25.0,266.8316120706734,266.17777777777786,-0.11040803474315286,-0.00999999999999579,-0.1,-0.1,2.7777777777777777,2.7777777777777777
83,0.2,False,0,3.899999999999999,False,25.0,-3.585734175897545,-3.666666666666674,0.7907773559752465,0.8199999999999998,-0.2,-0.2,2.7777777777777777,2.7777777777777777,25.0,88.76316140238579,88.40000000000005,-0.05475646327031147,-0.019999999999997353,-0.2,-0.2,2.7777777777777777,2.7777777777777777
83,0.30000000000000004,False,0,1.2333333333333305,True,25.0,-4.29950021123233,-3.666666666666674,0.3011907395174971,0.42999999999999927,-0.30000000000000004,-0.30000000000000004,2.7777777777777777,2.7777777777777777,25.0,29.39573258150703,28.400000000000016,-0.09465264399477036,-0.020000000000001572,-0.30000000000000004,-0.30000000000000004,2.7777777777777777,2.7777777777777777
83,0.4,True,1,0.0,True,22.599999999999994,-2.168554755022842,-3.3111111111111056,0.142019845361411,-6.661338147750939e-16,-0.4,-0.4,2.7777777777777777,2.7777777777777777,22.599999999999994,-2.168554755022842,-3.3111111111111056,0.142019845361411,-6.661338147750939e-16,-0.4,-0.4,2.7777777777777777,2.7777777777777777
83,0.5,True,2,0.0,True,12.999999999999982,-4.038636586105016,-4.2000000000000055,-0.5446977763895025,-0.6499999999999999,-0.5,-0.5,2.7777777777777777,2.7777777777777777,20.79999999999999,12.909752265960915,13.568888888888889,0.026086476375114298,0.0,-0.5,-0.5,2.7777777777777777,2.7777777777777777
83,0.6000000000000001,True,2,0.0,True,9.999999999999984,-3.404652616564067,-4.16666666666666,-0.6967057562704202,-1.2800000000000025,-0.6000000000000001,-0.6000000000000001,2.7777777777777777,2.7777777777777777,22.599999999999994,22.96768373877175,23.59999999999999,0.323093608874351,-0.019999999999999574,-0.6000000000000001,-0.6000000000000001,2.7777777777777777,2.7777777777777777
83,0.7000000000000001,True,2,0.0,True,6.399999999999986,-3.9759265739547116,-4.2444444444444285,-1.6877104299539385,-1.899999999999999,0.0,0.0,2.7777777777777777,2.7777777777777777,23.799999999999997,32.00533662478308,32.068888888888885,-0.016591655312584885,-0.009999999999999343,-0.7000000000000001,-0.7000000000000001,2.7777777777777777,2.7777777777777777
83,0.8,True,2,0.0,True,5.7999999999999865,-3.5169667979984522,-4.293333333333353,-1.5006204068261348,-1.8799999999999994,0.0,0.0,2.7777777777777777,2.7777777777777777,25.0,37.98803749800177,38.55555555555556,0.18291001354964775,-2.220446049250313e-16,-0.8,-0.8,2.7777777777777777,2.7777777777777777
83,0.9,True,2,0.0,True,4.599999999999987,-4.118141563409625,-4.215555555555443,-1.8772036203475728,-1.8900000000000028,0.0,0.0,2.7777777777777777,2.7777777777777777,25.0,42.63159182018708,43.0,0.29321752905382725,-0.02000000000000024,-0.9,-0.9,2.7777777777777777,2.7777777777777777
83,1.0,True,2,0.0,True,5.199999999999987,-3.9525012093940317,-4.2666666666666115,-1.6944752463739785,-1.7999999999999998,0.0,0.0,2.7777777777777777,2.7777777777777777,25.0,46.76348686517203,47.44444444444444,0.620762013869415,0.0,-1.0,-1.0,2.7777777777777777,2.7777777777777777
83,1.1,False,0,0.4455882352941273,True,2.799999999999987,-0.006685186164690826,0.23999999999979327,-1.8239966166288928,-1.8799999999999981,0.0,0.0,2.7777777777777777,2.7777777777777777,25.0,48.483247621798114,49.66666666666667,0.7455218680572324,-0.0499999999999996,-1.1,-1.1,2.7777777777777777,2.7777777777777777
83,1.2000000000000002,False,0,0.4455882352941273,True,2.799999999999987,0.007743382315834602,0.6199999999999593,-1.7564452965377584,-1.7999999999999998,0.0,0.0,2.7777777777777777,2.7777777777777777,25.0,51.79236540487548,51.888888888888886,0.013639830435078437,-0.07999999999999963,-1.2000000000000002,-1.2000000000000002,2.7777777777777777,2.7777777777777777
83,1.3,False,0,0.4455882352941273,True,2.799999999999987,0.006182982158532191,0.30888888888882793,-1.7842640487026489,-1.8899999999999997,0.0,0.0,2.7777777777777777,2.7777777777777777,25.0,54.03786680443312,54.111111111111114,0.06809639646318133,-0.09000000000000008,-1.3,-1.3,2.7777777777777777,2.7777777777777777
83,1.4000000000000001,False,0,0.4455882352941273,True,2.799999999999987,0.005288033136790382,0.6644444444444391,-1.8603626144249228,-1.8999999999999986,0.0,0.0,2.7777777777777777,2.7777777777777777,25.0,56.15570310519142,56.33333333333333,-0.04951437769665312,-0.08000000000000007,-1.4000000000000001,-1.4000000000000001,2.7777777777777777,2.7777777777777777
83,1.5,False,0,0.6963414634146645,True,2.799999999999987,-0.003764207240965156,0.46666666666658063,-1.8678976361611617,-1.7999999999999998,0.0,0.0,2.7777777777777777,2.7777777777777777,25.0,58.85275961982775,58.55555555555556,0.30173094125847744,-0.04999999999999982,-1.5,-1.5,2.7777777777777777,2.7777777777777777
83,1.6,False,0,0.4455882352941273,True,2.799999999999987,0.005737447066946011,0.575555555555451,-1.8925521282221434,-1.879999999999999,0.0,0.0,2.7777777777777777,2.7777777777777777,25.0,57.90644103736213,58.55555555555556,0.27125401229262325,-0.1599999999999997,-1.6,-1.6,2.7777777777777777,2.7777777777777777
83,1.7000000000000002,False,0,0.4455882352941273,True,2.799999999999987,-0.0009424990724538063,0.4977777777776966,-1.8712230175319575,-1.8300000000000005,0.0,0.0,2.7777777777777777,2.7777777777777777,25.0,60.3068058275084,60.77777777777777,0.08790753841472498,-0.09999999999999964,-1.7000000000000002,-1.7000000000000002,2.7777777777777777,2.7777777777777777
85,0.0,False,0,4.0,False,25.0,-4.111065528180975,-3.8888888888889026,1.7693227302869738,1.6,0.0,0.0,2.7777777777777777,2.7777777777777777,,,,,,,,,
85,0.1,False,0,4.0,False,25.0,-3.7461023061180496,-3.8888888888889026,1.3569685412361698,1.1999999999999997,-0.1,-0.1,2.7777777777777777,2.7777777777777777,25.0,264.12666178032026,264.17777777777786,0.06234873135978214,-0.00999999999999579,-0.1,-0.1,2.7777777777777777,2.7777777777777777
85,0.2,False,0,3.799999999999999,False,25.0,-3.4913890729169053,-3.8888888888889026,0.6637655182474109,0.7999999999999998,-0.2,-0.2,2.7777777777777777,2.7777777777777777,25.0,87.07417731913417,86.40000000000005,0.021127029792207486,-0.019999999999997353,-0.2,-0.2,2.7777777777777777,2.7777777777777777
85,0.30000000000000004,False,0,1.1333333333333313,True,25.0,-4.013931443666411,-3.8888888888889026,0.45617525116840074,0.39999999999999947,-0.30000000000000004,-0.30000000000000004,2.7777777777777777,2.7777777777777777,25.0,26.289251970558876,26.400000000000016,-0.21228291524906728,-0.020000000000001572,-0.30000000000000004,-0.30000000000000004,2.7777777777777777,2.7777777777777777
85,0.4,True,2,0.0,True,21.999999999999993,-3.6458995992992866,-3.6888888888888713,0.03375567976388738,-0.04000000000000048,-0.4,-0.4,2.7777777777777777,2.7777777777777777,21.999999999999993,-4.070154140750264,-2.988888888888897,0.6018773295257991,-6.661338147750939e-16,-0.4,-0.4,2.7777777777777777,2.7777777777777777
85,0.5,True,2,0.0,True,14.799999999999981,-2.7124081183604316,-3.860000000000002,-0.5583887783279646,-0.6499999999999999,-0.5,-0.5,2.7777777777777777,2.7777777777777777,21.999999999999993,14.49954167204616,14.84888888888889,0.24295070478468084,0.0,-0.5,-0.5,2.7777777777777777,2.7777777777777777
85,0.6000000000000001,True,2,0.0,True,7.599999999999985,-4.2430798636935405,-4.144444444444463,-1.4518545160115761,-1.5200000000000031,-0.6000000000000001,-0.6000000000000001,2.7777777777777777,2.7777777777777777,22.599999999999994,25.77293141253372,25.59999999999999,0.20301056395007544,-0.019999999999999574,-0.6000000000000001,-0.6000000000000001,2.7777777777777777,2.7777777777777777
85,0.7000000000000001,True,2,0.0,True,6.399999999999986,-4.199484323236379,-4.133333333333343,-1.66658026634961,-1.899999999999999,0.0,0.0,2.7777777777777777,2.7777777777777777,24.4,33.6163708549619,33.94888888888889,0.04269178884200375,-0.009999999999999343,-0.7000000000000001,-0.7000000000000001,2.7777777777777777,2.7777777777777777
85,0.8,True,2,0.0,True,6.399999999999986,-3.286731835083404,-4.133333333333343,-1.6108527786167497,-1.8799999999999994,0.0,0.0,2.7777777777777777,2.7777777777777777,25.0,38.916983330534066,40.55555555555556,0.6408383450232416,-2.220446049250313e-16,-0.8,-0.8,2.7777777777777777,2.7777777777777777
85,0.9,False,0,0.36422018348624646,True,2.799999999999987,0.008263948942127008,0.3155555555555454,-1.8662619318799891,-1.8900000000000028,0.0,0.0,2.7777777777777777,2.7777777777777777,25.0,44.37293931668103,45.0,0.46819874510636383,-0.02000000000000024,-0.9,-0.9,2.7777777777777777,2.7777777777777777
85,1.0,False,0,0.36422018348624646,True,2.799999999999987,0.004994554849429456,0.4377777777777796,-1.6828950222543213,-1.7999999999999998,0.0,0.0,2.7777777777777777,2.7777777777777777,25.0,49.197008498673014,49.44444444444444,0.13334359392936568,0.0,-1.0,-1.0,2.7777777777777777,2.7777777777777777
85,1.1,False,0,0.7080882352941247,True,2.799999999999987,0.008575833637022079,0.8644444444442714,-1.8013728924128134,-1.8799999999999981,0.0,0.0,2.7777777777777777,2.7777777777777777,25.0,50.84416814499835,51.66666666666667,0.12418012269533207,-0.0499999999999996,-1.1,-1.1,2.7777777777777777,2.7777777777777777
85,1.2000000000000002,False,0,0.7402439024390541,True,2.799999999999987,-0.000982357082352614,0.5511111111110099,-1.76792995797733,-1.7999999999999998,0.0,0.0,2.7777777777777777,2.7777777777777777,25.0,53.21008140735104,53.888888888888886,0.1875071311972385,-0.07999999999999963,-1.2000000000000002,-1.2000000000000002,2.7777777777777777,2.7777777777777777
85,1.3,False,0,0.36422018348624646,True,2.799999999999987,0.002595215323364819,0.3666666666666005,-1.7257179576273627,-1.8899999999999997,0.0,0.0,2.7777777777777777,2.7777777777777777,25.0,55.66846941715748,56.111111111111114,0.03354030226557558,-0.09000000000000008,-1.3,-1.3,2.7777777777777777,2.7777777777777777
85,1.4000000000000001,False,0,0.36422018348624646,True,2.799999999999987,-0.006482039528637351,0.373333333333318,-1.3927569152445598,-1.8999999999999986,0.0,0.0,2.7777777777777777,2.7777777777777777,25.0,57.89649409820707,58.33333333333333,-0.13919400876511734,-0.08000000000000007,-1.4000000000000001,-1.4000000000000001,2.7777777777777777,2.7777777777777777
85,1.5,False,0,0.36422018348624646,True,2.799999999999987,-0.0015082168950923958,0.3355555555555272,-1.6752148491565972,-1.7999999999999998,0.0,0.0,2.7777777777777777,2.7777777777777777,25.0,60.46836971887197,60.55555555555556,0.07373365837486823,-0.04999999999999982,-1.5,-1.5,2.7777777777777777,2.7777777777777777
85,1.6,False,0,0.36422018348624646,True,2.799999999999987,0.0051675341863246516,0.31777777777763294,-1.7676667331289906,-1.879999999999999,0.0,0.0,2.7777777777777777,2.7777777777777777,25.0,59.917061837454725,60.55555555555556,0.534565987638163,-0.1599999999999997,-1.6,-1.6,2.7777777777777777,2.7777777777777777
85,1.7000000000000002,False,0,0.36422018348624646,True,2.799999999999987,0.005759840771088598,0.26444444444426285,-1.7898426539938095,-1.8300000000000005,0.0,0.0,2.7777777777777777,2.7777777777777777,25.0,62.37920441944122,62.77777777777777,0.04731247773411229,-0.09999999999999964,-1.7000000000000002,-1.7000000000000002,2.7777777777777777,2.7777777777777777
87,0.0,False,0,4.0,False,25.0,-3.9232190107898104,-4.111111111111131,1.509493387784361,1.6,0.0,0.0,2.7777777777777777,2.7777777777777777,,,,,,,,,
87,0.1,False,0,4.0,False,25.0,-3.729766585379468,-4.111111111111131,1.4003595688739248,1.19,-0.1,-0.1,2.7777777777777777,2.7777777777777777,25.0,262.47970935063717,262.17777777777786,-0.2558369559019815,-0.00999999999999579,-0.1,-0.1,2.7777777777777777,2.7777777777777777
87,0.2,False,0,3.699999999999999,False,25.0,-3.8174926315045665,-4.111111111111131,0.7275894730646799,0.7799999999999998,-0.2,-0.2,2.7777777777777777,2.7777777777777777,25.0,85.30613643904312,84.40000000000005,0.1851146509796,-0.019999999999997353,-0.2,-0.2,2.7777777777777777,2.7777777777777777
87,0.30000000000000004,False,0,1.0333333333333303,True,25.0,-3.4509226671504676,-4.111111111111131,0.5852564176919759,0.3699999999999992,-0.30000000000000004,-0.30000000000000004,2.7777777777777777,2.7777777777777777,25.0,24.98848317550765,24.400000000000016,0.11470021630793248,-0.020000000000001572,-0.30000000000000004,-0.30000000000000004,2.7777777777777777,2.7777777777777777
87,0.4,True,2,0.0,True,18.999999999999986,-3.939409634511736,-3.8844444444444575,-0.11608098123338983,-0.1200000000000001,-0.4,-0.4,2.7777777777777777,2.7777777777777777,20.19999999999999,0.2633064832376819,0.2711111111111082,-0.22517084911770868,-6.661338147750939e-16,-0.4,-0.4,2.7777777777777777,2.7777777777777777
87,0.5,True,2,0.0,True,13.599999999999982,-4.131881208343915,-3.8222222222222255,-0.7543099044660726,-0.6999999999999997,-0.5,-0.5,2.7777777777777777,2.7777777777777777,21.999999999999993,16.31347053669661,16.788888888888888,-0.07677461527782259,0.0,-0.5,-0.5,2.7777777777777777,2.7777777777777777
87,0.6000000000000001,True,2,0.0,True,9.999999999999984,-3.6778916648142426,-3.988888888888897,-1.5321493205995926,-1.4000000000000026,-0.6000000000000001,-0.6000000000000001,2.7777777777777777,2.7777777777777777,23.799999999999997,26.814919418289062,27.180000000000003,-0.08067540293770348,-0.019999999999999574,-0.6000000000000001,-0.6000000000000001,2.7777777777777777,2.7777777777777777
87,0.7000000000000001,False,0,0.26219512195123357,True,2.799999999999987,-0.0021189770482719084,0.2200000000000104,-1.8244768033717087,-1.899999999999999,0.0,0.0,2.7777777777777777,2.7777777777777777,23.799999999999997,35.894042445283965,36.068888888888885,0.060361858171778415,-0.009999999999999343,-0.7000000000000001,-0.7000000000000001,2.7777777777777777,2.7777777777777777
87,0.8,False,0,0.26219512195123357,True,2.799999999999987,0.004456852566375069,0.16666666666658347,-1.8301781099160117,-1.8799999999999994,0.0,0.0,2.7777777777777777,2.7777777777777777,25.0,42.39992687308042,42.55555555555556,0.05242873114887625,-2.220446049250313e-16,-0.8,-0.8,2.7777777777777777,2.7777777777777777
87,0.9,False,0,0.7294478527607403,True,2.799999999999987,-0.002729303066234756,0.5222222222221946,-1.7560973753180835,-1.8900000000000028,0.0,0.0,2.7777777777777777,2.7777777777777777,25.0,46.60623502580762,47.0,-0.06750475448704463,-0.02000000000000024,-0.9,-0.9,2.7777777777777777,2.7777777777777777
87,1.0,False,0,0.813970588235304,True,2.799999999999987,-0.008348149255016146,0.744444444444281,-1.5765113339169985,-1.7999999999999998,0.0,0.0,2.7777777777777777,2.7777777777777777,25.0,50.36696233055275,51.44444444444444,0.3526762244509958,0.0,-1.0,-1.0,2.7777777777777777,2.7777777777777777
87,1.1,True,2,0.0,True,2.799999999999987,-0.009209081384386586,-0.2111111111110402,-1.7319867731121423,-1.8799999999999981,0.0,0.0,2.7777777777777777,2.7777777777777777,25.0,52.96230073265764,53.66666666666667,0.07445002201372364,-0.0499999999999996,-1.1,-1.1,2.7777777777777777,2.7777777777777777
87,1.2000000000000002,False,0,0.7841463414634438,True,2.799999999999987,0.007219061265741011,0.7755555555554823,-1.8194544967623167,-1.7999999999999998,0.0,0.0,2.7777777777777777,2.7777777777777777,25.0,54.730462449967916,55.888888888888886,0.2699980664382662,-0.07999999999999963,-1.2000000000000002,-1.2000000000000002,2.7777777777777777,2.7777777777777777
87,1.3,False,0,0.6660550458715724,True,2.799999999999987,-0.008125298314911156,0.49111111111107864,-1.7350746272284132,-1.8899999999999997,0.0,0.0,2.7777777777777777,2.7777777777777777,25.0,57.419735015233414,58.111111111111114,-0.0021410634174188203,-0.09000000000000008,-1.3,-1.3,2.7777777777777777,2.7777777777777777
87,1.4000000000000001,False,0,0.6155963302752486,True,2.799999999999987,0.008868982728214014,0.8777777777776494,-1.8436315225718507,-1.8999999999999986,0.0,0.0,2.7777777777777777,2.7777777777777777,25.0,59.27365300685737,60.33333333333333,0.47452977240308813,-0.08000000000000007,-1.4000000000000001,-1.4000000000000001,2.7777777777777777,2.7777777777777777
87,1.5,False,0,0.26219512195123357,True,2.799999999999987,-0.007814863485466894,0.2644444444444334,-1.861255996104449,-1.7999999999999998,0.0,0.0,2.7777777777777777,2.7777777777777777,25.0,62.657712875325245,62.55555555555556,-0.0824901807814673,-0.04999999999999982,-1.5,-1.5,2.7777777777777777,2.7777777777777777
87,1.6,False,0,0.41999999999998067,True,2.799999999999987,0.009328349374354339,0.1844444444443356,-1.6917408586588725,-1.879999999999999,0.0,0.0,2.7777777777777777,2.7777777777777777,25.0,61.94344188356696,62.55555555555556,0.0690804312806943,-0.1599999999999997,-1.6,-1.6,2.7777777777777777,2.7777777777777777
87,1.7000000000000002,False,0,0.6660550458715724,True,2.799999999999987,-0.0022103740946901596,0.5333333333332293,-1.7139667086940118,-1.8300000000000005,0.0,0.0,2.7777777777777777,2.7777777777777777,25.0,65.04368377803499,64.77777777777777,-0.4416645490454054,-0.09999999999999964,-1.7000000000000002,-1.7000000000000002,2.7777777777777777,2.7777777777777777
89,0.0,False,0,4.0,False,25.0,-4.224035234364211,-4.266666666666654,1.7770592366907034,1.6,0.0,0.0,2.7777777777777777,2.7777777777777777,,,,,,,,,
89,0.1,False,0,4.0,False,25.0,-3.7501014950958647,-4.266666666666654,0.9471700864435304,1.1800000000000002,-0.1,-0.1,2.7777777777777777,2.7777777777777777,25.0,260.2586304027599,260.17777777777786,-0.01808438613027663,-0.00999999999999579,-0.1,-0.1,2.7777777777777777,2.7777777777777777
89,0.2,False,0,3.699999999999999,False,25.0,-4.113298683233398,-4.266666666666654,0.6198516073640699,0.7599999999999998,-0.2,-0.2,2.7777777777777777,2.7777777777777777,25.0,82.51413144130687,82.40000000000005,-0.18581880743237167,-0.019999999999997353,-0.2,-0.2,2.7777777777777777,2.7777777777777777
89,0.30000000000000004,False,0,1.0333333333333303,True,25.0,-4.067508159265475,-4.266666666666654,0.4802005057665224,0.3399999999999994,-0.30000000000000004,-0.30000000000000004,2.7777777777777777,2.7777777777777777,25.0,22.23041684537368,22.400000000000016,0.022571809302772472,-0.020000000000001572,-0.30000000000000004,-0.30000000000000004,2.7777777777777777,2.7777777777777777
89,0.4,True,2,0.0,True,19.599999999999987,-3.7559509003073286,-3.55555555555556,0.05521700498251003,-0.1200000000000001,-0.4,-0.4,2.7777777777777777,2.7777777777777777,21.39999999999999,1.5023851247854738,1.6711111111110997,-0.11794885549912593,-6.661338147750939e-16,-0.4,-0.4,2.7777777777777777,2.7777777777777777
89,0.5,True,2,0.0,True,12.399999999999983,-3.3580923814416677,-3.83111111111113,-0.7225795455449153,-0.8500000000000001,-0.5,-0.5,2.7777777777777777,2.7777777777777777,21.999999999999993,18.312346128457843,18.788888888888888,0.12398550083945903,0.0,-0.5,-0.5,2.7777777777777777,2.7777777777777777
89,0.6000000000000001,True,2,0.0,True,8.199999999999985,-3.659661894146171,-4.182222222222239,-1.3221145337871865,-1.5800000000000032,-0.6000000000000001,-0.6000000000000001,2.7777777777777777,2.7777777777777777,23.799999999999997,28.71281086810536,29.180000000000003,0.12943000683062467,-0.019999999999999574,-0.6000000000000001,-0.6000000000000001,2.7777777777777777,2.7777777777777777
89,0.7000000000000001,True,2,0.0,True,5.7999999999999865,-3.7103786202988287,-4.262222222222195,-1.7738695806936282,-1.899999999999999,0.0,0.0,2.7777777777777777,2.7777777777777777,25.0,37.18668806024981,37.888888888888886,0.08137096368959362,-0.009999999999999343,-0.7000000000000001,-0.7000000000000001,2.7777777777777777,2.7777777777777777
89,0.8,False,0,0.6292682926829501,True,2.799999999999987,0.007195020694465093,0.6111111111110406,-1.8505919798228707,-1.8799999999999994,0.0,0.0,2.7777777777777777,2.7777777777777777,25.0,43.31800125145834,44.55555555555556,0.15467311455774935,-2.220446049250313e-16,-0.8,-0.8,2.7777777777777777,2.7777777777777777
89,0.9,False,0,0.7404411764705957,True,2.799999999999987,-0.006040675878256074,0.42666666666680175,-1.8079060997256577,-1.8900000000000028,0.0,0.0,2.7777777777777777,2.7777777777777777,25.0,48.653929872323744,49.0,0.27126116216884366,-0.02000000000000024,-0.9,-0.9,2.7777777777777777,2.7777777777777777
89,1.0,False,0,0.8245901639344335,True,2.799999999999987,-0.009351720087283688,0.7333333333333032,-1.8332495260320991,-1.7999999999999998,0.0,0.0,2.7777777777777777,2.7777777777777777,25.0,53.06204404285775,53.44444444444444,-0.1562620618346635,0.0,-1.0,-1.0,2.7777777777777777,2.7777777777777777
89,1.1,False,0,0.7733944954128593,True,2.799999999999987,0.00016610049858645226,1.0088888888887597,-1.796291934652896,-1.8799999999999981,0.0,0.0,2.7777777777777777,2.7777777777777777,25.0,55.66690375874391,55.66666666666667,0.12762872807520687,-0.0499999999999996,-1.1,-1.1,2.7777777777777777,2.7777777777777777
89,1.2000000000000002,False,0,0.7404411764705957,True,2.799999999999987,0.0015091866319325575,0.6488888888887603,-1.895422855734056,-1.7999999999999998,0.0,0.0,2.7777777777777777,2.7777777777777777,25.0,57.07726935518471,57.888888888888886,-0.04256896090081863,-0.07999999999999963,-1.2000000000000002,-1.2000000000000002,2.7777777777777777,2.7777777777777777
89,1.3,False,0,0.7486238532110235,True,2.799999999999987,0.003716825867752682,0.6733333333332157,-1.7444940890979626,-1.8899999999999997,0.0,0.0,2.7777777777777777,2.7777777777777777,25.0,59.69556300266984,60.111111111111114,-0.011297903994684111,-0.09000000000000008,-1.3,-1.3,2.7777777777777777,2.7777777777777777
89,1.4000000000000001,True,2,0.0,True,2.799999999999987,-0.004419755078077792,-0.1355555555557144,-1.8220224651546648,-1.8999999999999986,0.0,0.0,2.7777777777777777,2.7777777777777777,25.0,62.20219467033566,62.33333333333333,-0.06262228117227275,-0.08000000000000007,-1.4000000000000001,-1.4000000000000001,2.7777777777777777,2.7777777777777777
89,1.5,False,0,0.6486238532110279,True,2.799999999999987,-0.007002280936961647,0.8555555555555516,-1.8731464348156748,-1.7999999999999998,0.0,0.0,2.7777777777777777,2.7777777777777777,25.0,64.35541320175169,64.55555555555556,0.13924616959369152,-0.04999999999999982,-1.5,-1.5,2.7777777777777777,2.7777777777777777
89,1.6,False,0,0.5621951219512435,True,2.799999999999987,0.009200410347756538,0.7088888888888194,-1.6301925005952782,-1.879999999999999,0.0,0.0,2.7777777777777777,2.7777777777777777,25.0,64.18770242609602,64.55555555555556,0.17078311805699276,-0.1599999999999997,-1.6,-1.6,2.7777777777777777,2.7777777777777777
89,1.7000000000000002,False,0,0.7486238532110235,True,2.799999999999987,0.007379536151472799,0.6533333333331486,-1.733919628616277,-1.8300000000000005,0.0,0.0,2.7777777777777777,2.7777777777777777,25.0,66.13488819242038,66.77777777777777,0.14110403016141815,-0.09999999999999964,-1.7000000000000002,-1.7000000000000002,2.7777777777777777,2.7777777777777777
91,0.0,False,0,4.0,False,25.0,-3.0804655017695834,-4.044444444444426,1.8381661107165153,1.6,0.0,0.0,2.7777777777777777,2.7777777777777777,,,,,,,,,
91,0.1,False,0,4.0,False,25.0,-3.870739620775413,-4.044444444444426,1.0895223901195474,1.17,-0.1,-0.1,2.7777777777777777,2.7777777777777777,25.0,259.233161890152,258.17777777777786,-0.30995991245685595,-0.00999999999999579,-0.1,-0.1,2.7777777777777777,2.7777777777777777
91,0.2,False,0,3.600000000000001,False,25.0,-3.6348892807898947,-4.044444444444426,0.8886922964207735,0.7399999999999998,-0.2,-0.2,2.7777777777777777,2.7777777777777777,25.0,81.11076614534159,80.40000000000005,0.2837686520314824,-0.019999999999997353,-0.2,-0.2,2.7777777777777777,2.7777777777777777
91,0.30000000000000004,False,0,0.8333333333333303,True,23.199999999999996,-3.7953582322531956,-4.19555555555556,-0.13935568960567535,0.30999999999999917,-0.30000000000000004,-0.30000000000000004,2.7777777777777777,2.7777777777777777,23.199999999999996,18.53002106233397,18.059999999999928,0.0845900495709817,-0.020000000000001572,-0.30000000000000004,-0.30000000000000004,2.7777777777777777,2.7777777777777777
91,0.4,True,2,0.0,True,17.799999999999983,-3.606772624047937,-4.27999999999999,-0.43681596121994937,-0.19999999999999996,-0.4,-0.4,2.7777777777777777,2.7777777777777777,20.79999999999999,3.1305537161243793,3.791111111111104,0.20553037473261204,-6.661338147750939e-16,-0.4,-0.4,2.7777777777777777,2.7777777777777777
91,0.5,True,2,0.0,True,12.399999999999983,-4.162560156823576,-4.028888888888875,-0.925674576666072,-0.8500000000000001,-0.5,-0.5,2.7777777777777777,2.7777777777777777,22.599999999999994,20.817129748466296,20.48888888888889,0.055855510959936794,0.0,-0.5,-0.5,2.7777777777777777,2.7777777777777777
91,0.6000000000000001,True,2,0.0,True,8.799999999999985,-3.761955124577372,-4.097777777777767,-1.3848852364356832,-1.5800000000000032,-0.6000000000000001,-0.6000000000000001,2.7777777777777777,2.7777777777777777,24.4,30.763958574849607,31.06,-0.050209969649564146,-0.019999999999999574,-0.6000000000000001,-0.6000000000000001,2.7777777777777777,2.7777777777777777
91,0.7000000000000001,True,2,0.0,True,3.999999999999987,-3.5349937712092467,-4.29555555555537,-1.8989940670166583,-1.899999999999999,0.0,0.0,2.7777777777777777,2.7777777777777777,25.0,38.80038405379851,39.888888888888886,0.35047265520435245,-0.009999999999999343,-0.7000000000000001,-0.7000000000000001,2.7777777777777777,2.7777777777777777
91,0.8,True,2,0.0,True,3.399999999999987,-3.7537026774219724,-4.284444444444222,-1.8379246400697657,-1.8799999999999994,0.0,0.0,2.7777777777777777,2.7777777777777777,25.0,45.951869310717925,46.55555555555556,-0.16157237967093474,-2.220446049250313e-16,-0.8,-0.8,2.7777777777777777,2.7777777777777777
91,0.9,False,0,0.7811059907834176,True,2.799999999999987,-0.000488833411071532,0.902222222222048,-1.8261153354260584,-1.8900000000000028,0.0,0.0,2.7777777777777777,2.7777777777777777,25.0,50.425602287885894,51.0,0.36895324547312613,-0.02000000000000024,-0.9,-0.9,2.7777777777777777,2.7777777777777777
91,1.0,False,0,0.6060975609756332,True,2.799999999999987,0.008829805313365746,0.49999999999986944,-1.6547466837653897,-1.7999999999999998,0.0,0.0,2.7777777777777777,2.7777777777777777,25.0,55.367328810421256,55.44444444444444,0.21352839353046127,0.0,-1.0,-1.0,2.7777777777777777,2.7777777777777777
91,1.1,False,0,0.7233128834355899,True,2.799999999999987,0.003256208852232767,0.7444444444443521,-1.881921004125559,-1.8799999999999981,0.0,0.0,2.7777777777777777,2.7777777777777777,25.0,57.33846528347246,57.66666666666667,0.19628801560128384,-0.0499999999999996,-1.1,-1.1,2.7777777777777777,2.7777777777777777
91,1.2000000000000002,False,0,0.6060975609756332,True,2.799999999999987,-0.00858833015162741,0.7244444444444129,-1.785769747317843,-1.7999999999999998,0.0,0.0,2.7777777777777777,2.7777777777777777,25.0,58.9510770990008,59.888888888888886,0.07107774873734662,-0.07999999999999963,-1.2000000000000002,-1.2000000000000002,2.7777777777777777,2.7777777777777777
91,1.3,False,0,0.7811059907834176,True,2.799999999999987,0.002608595561196303,0.8422222222221736,-1.8322618187450128,-1.8899999999999997,0.0,0.0,2.7777777777777777,2.7777777777777777,25.0,61.85432242699639,62.111111111111114,-0.015400446980237348,-0.09000000000000008,-1.3,-1.3,2.7777777777777777,2.7777777777777777
91,1.4000000000000001,False,0,0.7509090909091035,True,2.799999999999987,0.0038255950104515435,0.7733333333332668,-1.6076390833599987,-1.8999999999999986,0.0,0.0,2.7777777777777777,2.7777777777777777,25.0,63.60962383735517,64.33333333333333,0.3718571827689421,-0.08000000000000007,-1.4000000000000001,-1.4000000000000001,2.7777777777777777,2.7777777777777777
91,1.5,False,0,0.6867647058823636,True,2.799999999999987,-0.007550463308194644,0.8711111111110741,-1.7173858339811732,-1.7999999999999998,0.0,0.0,2.7777777777777777,2.7777777777777777,25.0,65.52928111869058,66.55555555555556,0.3992336894551425,-0.04999999999999982,-1.5,-1.5,2.7777777777777777,2.7777777777777777
91,1.6,False,0,0.7509090909091152,True,2.799999999999987,-0.00335960317521522,0.42222222222211503,-1.842218579972401,-1.879999999999999,0.0,0.0,2.7777777777777777,2.7777777777777777,25.0,66.68730958236257,66.55555555555556,-0.20828809093241185,-0.1599999999999997,-1.6,-1.6,2.7777777777777777,2.7777777777777777
91,1.7000000000000002,False,0,0.6568807339449713,True,2.799999999999987,-0.009374930598045061,0.7399999999999638,-1.7444704025625675,-1.8300000000000005,0.0,0.0,2.7777777777777777,2.7777777777777777,25.0,68.14161886969048,68.77777777777777,0.6293488677853483,-0.09999999999999964,-1.7000000000000002,-1.7000000000000002,2.7777777777777777,2.7777777777777777
93,0.0,False,0,4.0,False,25.0,-2.9960098820283347,-3.8222222222222113,1.679916785607685,1.6,0.0,0.0,2.7777777777777777,2.7777777777777777,,,,,,,,,
93,0.1,False,0,4.0,False,25.0,-3.007870263076586,-3.8222222222222113,1.1564156311373517,1.1600000000000001,-0.1,-0.1,2.7777777777777777,2.7777777777777777,25.0,256.46436759031025,256.17777777777786,-0.04262966598434992,-0.00999999999999579,-0.1,-0.1,2.7777777777777777,2.7777777777777777
93,0.2,False,0,3.500000000000001,False,25.0,-3.4125633321534847,-3.8222222222222113,0.6157456923253908,0.7200000000000002,-0.2,-0.2,2.7777777777777777,2.7777777777777777,25.0,79.3165935538063,78.40000000000005,0.07978579785239415,-0.019999999999997353,-0.2,-0.2,2.7777777777777777,2.7777777777777777
93,0.30000000000000004,False,0,0.8333333333333303,True,23.799999999999997,-3.526003635140685,-4.002222222222218,0.13708304436117213,0.2799999999999989,-0.30000000000000004,-0.30000000000000004,2.7777777777777777,2.7777777777777777,23.799999999999997,17.363479150904634,17.019999999999964,0.06410266625486205,-0.020000000000001572,-0.30000000000000004,-0.30000000000000004,2.7777777777777777,2.7777777777777777
93,0.4,True,2,0.0,True,15.99999999999998,-4.296722713492801,-4.244444444444443,-0.39349383902411805,-0.2799999999999996,-0.4,-0.4,2.7777777777777777,2.7777777777777777,20.19999999999999,6.433137840708651,6.271111111111108,0.04527055786103351,-6.661338147750939e-16,-0.4,-0.4,2.7777777777777777,2.7777777777777777
93,0.5,True,2,0.0,True,12.399999999999983,-3.0154870347683156,-4.251111111111103,-0.9379585715158019,-0.8999999999999999,-0.5,-0.5,2.7777777777777777,2.7777777777777777,23.199999999999996,22.051886298963336,22.248888888888896,0.21830831053435418,0.0,-0.5,-0.5,2.7777777777777777,2.7777777777777777
93,0.6000000000000001,True,2,0.0,True,3.999999999999987,-3.535230153628862,-4.255555555555364,-1.8164356442088934,-1.8599999999999959,0.0,0.0,2.7777777777777777,2.7777777777777777,23.199999999999996,32.97524138532937,33.360000000000014,-0.11597278151686496,-0.019999999999999574,-0.6000000000000001,-0.6000000000000001,2.7777777777777777,2.7777777777777777
93,0.7000000000000001,False,0,0.7350230414746604,True,2.799999999999987,0.001982350068414185,0.9577777777776193,-1.7150759499905528,-1.899999999999999,0.0,0.0,2.7777777777777777,2.7777777777777777,25.0,41.530392662203326,41.888888888888886,0.1638650335845253,-0.009999999999999343,-0.7000000000000001,-0.7000000000000001,2.7777777777777777,2.7777777777777777
93,0.8,False,0,0.6394736842105317,True,2.799999999999987,-0.003966191409534581,1.1088888888888393,-1.8630620754011809,-1.8799999999999994,0.0,0.0,2.7777777777777777,2.7777777777777777,25.0,48.41997057268655,48.55555555555556,0.23444900918836264,-2.220446049250313e-16,-0.8,-0.8,2.7777777777777777,2.7777777777777777
93,0.9,False,0,0.7350230414746604,True,2.799999999999987,-0.003557230407312595,0.7644444444444902,-1.8363721042965246,-1.8900000000000028,0.0,0.0,2.7777777777777777,2.7777777777777777,25.0,52.4367303487377,53.0,0.08172280763054696,-0.02000000000000024,-0.9,-0.9,2.7777777777777777,2.7777777777777777
93,1.0,False,0,0.7132352941176573,True,2.799999999999987,0.007153186845596515,0.8511111111110639,-1.858240744792203,-1.7999999999999998,0.0,0.0,2.7777777777777777,2.7777777777777777,25.0,57.290658112155924,57.44444444444444,0.21230808063041673,0.0,-1.0,-1.0,2.7777777777777777,2.7777777777777777
93,1.1,False,0,0.7350230414746604,True,2.799999999999987,0.001845199837998912,0.7888888888888461,-1.8607717470599792,-1.8799999999999981,0.0,0.0,2.7777777777777777,2.7777777777777777,25.0,59.5488880359795,59.66666666666667,0.07553757691302021,-0.0499999999999996,-1.1,-1.1,2.7777777777777777,2.7777777777777777
93,1.2000000000000002,True,2,0.0,True,3.999999999999987,-3.4776246650241687,-4.255555555555364,-1.8518748441659874,-1.7999999999999998,0.0,0.0,2.7777777777777777,2.7777777777777777,25.0,61.42433441569489,61.888888888888886,-0.21929406294414533,-0.07999999999999963,-1.2000000000000002,-1.2000000000000002,2.7777777777777777,2.7777777777777777
93,1.3,False,0,0.5841463414634345,True,2.799999999999987,0.005428601058366844,0.6422222222221992,-1.8692980976284619,-1.8899999999999997,0.0,0.0,2.7777777777777777,2.7777777777777777,25.0,63.133185919718244,64.11111111111111,0.7083448274713944,-0.09000000000000008,-1.3,-1.3,2.7777777777777777,2.7777777777777777
93,1.4000000000000001,False,0,0.6170731707317286,True,2.799999999999987,0.0022637590810434816,0.9244444444444584,-1.820102991493044,-1.8999999999999986,0.0,0.0,2.7777777777777777,2.7777777777777777,25.0,65.92282351719102,66.33333333333333,0.37947766289682994,-0.08000000000000007,-1.4000000000000001,-1.4000000000000001,2.7777777777777777,2.7777777777777777
93,1.5,False,0,0.7132352941176573,True,2.799999999999987,-0.0070145473249452195,0.8711111111109746,-1.6437248174842445,-1.7999999999999998,0.0,0.0,2.7777777777777777,2.7777777777777777,25.0,67.7432403282676,68.55555555555556,0.4446183863085271,-0.04999999999999982,-1.5,-1.5,2.7777777777777777,2.7777777777777777
93,1.6,False,0,0.6500000000000228,True,2.799999999999987,0.008029774957958757,0.5977777777778046,-1.6360116519754992,-1.879999999999999,0.0,0.0,2.7777777777777777,2.7777777777777777,25.0,68.4615440397012,68.55555555555556,-0.48834482029126836,-0.1599999999999997,-1.6,-1.6,2.7777777777777777,2.7777777777777777
93,1.7000000000000002,False,0,0.7158536585366111,True,2.799999999999987,0.0032823678106810306,0.6488888888887745,-1.676885945509276,-1.8300000000000005,0.0,0.0,2.7777777777777777,2.7777777777777777,25.0,69.5317372657022,70.77777777777777,0.5104129538611653,-0.09999999999999964,-1.7000000000000002,-1.7000000000000002,2.7777777777777777,2.7777777777777777
95,0.0,False,0,4.0,False,25.0,-3.1039145416542935,-3.5999999999999828,1.6500088396011403,1.6,0.0,0.0,2.7777777777777777,2.7777777777777777,,,,,,,,,
95,0.1,False,0,4.0,False,25.0,-3.042110037342783,-3.5999999999999828,0.9649641324922253,1.15,-0.1,-0.1,2.7777777777777777,2.7777777777777777,25.0,254.55998570147221,254.17777777777786,-0.43274301433827866,-0.00999999999999579,-0.1,-0.1,2.7777777777777777,2.7777777777777777
95,0.2,False,0,3.400000000000001,False,25.0,-3.0178880614901855,-3.5999999999999828,0.7701962177746915,0.7000000000000002,-0.2,-0.2,2.7777777777777777,2.7777777777777777,25.0,77.32796918620097,76.40000000000005,-0.1971595440707532,-0.019999999999997353,-0.2,-0.2,2.7777777777777777,2.7777777777777777
95,0.30000000000000004,False,0,0.7333333333333294,True,23.199999999999996,-3.8542739599408717,-3.9599999999999964,0.3002114230867794,0.2499999999999991,-0.30000000000000004,-0.30000000000000004,2.7777777777777777,2.7777777777777777,23.199999999999996,14.36438833897169,14.419999999999941,-0.22793187155819683,-0.020000000000001572,-0.30000000000000004,-0.30000000000000004,2.7777777777777777,2.7777777777777777
95,0.4,True,2,0.0,True,15.99999999999998,-3.148541773453803,-4.16666666666666,0.003616965695202534,-0.3199999999999994,-0.4,-0.4,2.7777777777777777,2.7777777777777777,20.79999999999999,7.998333534158502,8.0911111111111,0.010396082333982148,-6.661338147750939e-16,-0.4,-0.4,2.7777777777777777,2.7777777777777777
95,0.5,True,2,0.0,True,6.999999999999986,-3.8146573750770782,-4.168888888888904,-1.1871181870980054,-1.35,-0.5,-0.5,2.7777777777777777,2.7777777777777777,21.999999999999993,25.142399459337238,24.968888888888895,-0.46041000720509784,0.0,-0.5,-0.5,2.7777777777777777,2.7777777777777777
95,0.6000000000000001,False,0,0.6868421052631641,True,2.799999999999987,0.008598582208048988,0.8311111111110678,-1.8210801940196122,-1.8599999999999959,0.0,0.0,2.7777777777777777,2.7777777777777777,23.199999999999996,35.310598017606466,35.360000000000014,0.005825207579963854,-0.019999999999999574,-0.6000000000000001,-0.6000000000000001,2.7777777777777777,2.7777777777777777
95,0.7000000000000001,True,2,0.0,True,5.7999999999999865,-4.281718412416526,-4.275555555555573,-1.8617710882905851,-1.899999999999999,0.0,0.0,2.7777777777777777,2.7777777777777777,25.0,43.70208633126485,43.888888888888886,0.12939571614915835,-0.009999999999999343,-0.7000000000000001,-0.7000000000000001,2.7777777777777777,2.7777777777777777
95,0.8,False,0,0.6229357798165284,True,2.799999999999987,-0.009508064360988833,0.6777777777777461,-1.643552044246656,-1.8799999999999994,0.0,0.0,2.7777777777777777,2.7777777777777777,25.0,49.735333901201585,50.55555555555556,0.1908495178436982,-2.220446049250313e-16,-0.8,-0.8,2.7777777777777777,2.7777777777777777
95,0.9,False,0,0.6397058823529489,True,2.799999999999987,-0.0005699105248480052,0.7933333333332486,-1.5309181415598734,-1.8900000000000028,0.0,0.0,2.7777777777777777,2.7777777777777777,25.0,54.068456886585636,55.0,0.11560750923275176,-0.02000000000000024,-0.9,-0.9,2.7777777777777777,2.7777777777777777
95,1.0,False,0,0.6836363636363708,True,2.799999999999987,0.0018955110640606065,0.6444444444443436,-1.8808017950252207,-1.7999999999999998,0.0,0.0,2.7777777777777777,2.7777777777777777,25.0,58.70118391357539,59.44444444444444,0.35546079055112667,0.0,-1.0,-1.0,2.7777777777777777,2.7777777777777777
95,1.1,False,0,0.5951219512195299,True,2.799999999999987,-0.00928670645913865,0.6644444444444249,-1.6178128516054857,-1.8799999999999981,0.0,0.0,2.7777777777777777,2.7777777777777777,25.0,60.861525044610545,61.66666666666667,-0.020641424288084576,-0.0499999999999996,-1.1,-1.1,2.7777777777777777,2.7777777777777777
95,1.2000000000000002,False,0,0.6868421052631641,True,2.799999999999987,-0.006942589025856982,0.8733333333331759,-1.6206125632540234,-1.7999999999999998,0.0,0.0,2.7777777777777777,2.7777777777777777,25.0,63.38329538469138,63.888888888888886,0.1703692155854326,-0.07999999999999963,-1.2000000000000002,-1.2000000000000002,2.7777777777777777,2.7777777777777777
95,1.3,False,0,0.6868421052631641,True,2.799999999999987,-0.006851358208282754,0.7422222222222077,-1.842715951027193,-1.8899999999999997,0.0,0.0,2.7777777777777777,2.7777777777777777,25.0,65.86809000152755,66.11111111111111,0.29655560049127105,-0.09000000000000008,-1.3,-1.3,2.7777777777777777,2.7777777777777777
95,1.4000000000000001,False,0,0.6397058823529489,True,2.799999999999987,0.00198071298337954,0.408888888888737,-1.6736970207330246,-1.8999999999999986,0.0,0.0,2.7777777777777777,2.7777777777777777,25.0,67.71052635501032,68.33333333333333,0.28001453988090885,-0.08000000000000007,-1.4000000000000001,-1.4000000000000001,2.7777777777777777,2.7777777777777777
95,1.5,False,0,0.6868421052631641,True,2.799999999999987,0.0018198661834647467,0.566666666666575,-1.8407829920636933,-1.7999999999999998,0.0,0.0,2.7777777777777777,2.7777777777777777,25.0,70.60431115887762,70.55555555555556,0.03881705553235615,-0.04999999999999982,-1.5,-1.5,2.7777777777777777,2.7777777777777777
95,1.6,False,0,0.6280487804878241,True,2.799999999999987,-0.007388566720652356,0.5599999999999712,-1.7860187359141604,-1.879999999999999,0.0,0.0,2.7777777777777777,2.7777777777777777,25.0,70.51883218591938,70.55555555555556,-0.031679840484839294,-0.1599999999999997,-1.6,-1.6,2.7777777777777777,2.7777777777777777
95,1.7000000000000002,False,0,0.6609756097561182,True,2.799999999999987,-0.006961570995502875,0.6999999999998296,-1.6229397661254437,-1.8300000000000005,0.0,0.0,2.7777777777777777,2.7777777777777777,25.0,72.44019311649453,72.77777777777777,0.09974782851015385,-0.09999999999999964,-1.7000000000000002,-1.7000000000000002,2.7777777777777777,2.7777777777777777
97,0.0,False,0,4.0,False,25.0,-3.127630718044858,-3.3777777777777542,1.7873488852862103,1.6,0.0,0.0,2.7777777777777777,2.7777777777777777,,,,,,,,,
97,0.1,False,0,4.0,False,25.0,-3.2897498387954327,-3.3777777777777542,1.3203252821124987,1.1400000000000001,-0.1,-0.1,2.7777777777777777,2.7777777777777777,25.0,252.5079022799443,252.17777777777786,0.14583565120377662,-0.00999999999999579,-0.1,-0.1,2.7777777777777777,2.7777777777777777
97,0.2,False,0,3.3000000000000007,False,25.0,-3.1492339643756564,-3.3777777777777542,0.571211545626559,0.6800000000000002,-0.2,-0.2,2.7777777777777777,2.7777777777777777,25.0,75.35771147319699,74.40000000000005,0.19328362286362344,-0.019999999999997353,-0.2,-0.2,2.7777777777777777,2.7777777777777777
97,0.30000000000000004,False,0,0.6333333333333301,True,23.799999999999997,-3.3033973725326318,-3.79777777777777,0.10195477954916132,0.21999999999999886,-0.30000000000000004,-0.30000000000000004,2.7777777777777777,2.7777777777777777,23.799999999999997,13.477981685063195,13.019999999999964,0.26545521989633913,-0.020000000000001572,-0.30000000000000004,-0.30000000000000004,2.7777777777777777,2.7777777777777777
97,0.4,True,2,0.0,True,14.199999999999982,-3.857407025108688,-3.851111111111112,-0.17465078342767026,-0.39999999999999925,-0.4,-0.4,2.7777777777777777,2.7777777777777777,20.19999999999999,9.580143754433518,10.271111111111107,-0.0035928581065036713,-6.661338147750939e-16,-0.4,-0.4,2.7777777777777777,2.7777777777777777
97,0.5,True,2,0.0,True,7.599999999999985,-3.507186494121572,-4.068888888888895,-1.016201257889366,-1.35,-0.5,-0.5,2.7777777777777777,2.7777777777777777,22.599999999999994,26.006441542699445,26.48888888888889,-0.14959436921404778,0.0,-0.5,-0.5,2.7777777777777777,2.7777777777777777
97,0.6000000000000001,False,0,0.6311926605504716,True,2.799999999999987,-0.005352614561320301,0.29555555555556356,-1.879573875948634,-1.8599999999999959,0.0,0.0,2.7777777777777777,2.7777777777777777,23.799999999999997,37.2772205907756,37.18000000000001,-0.040521881499860024,-0.019999999999999574,-0.6000000000000001,-0.6000000000000001,2.7777777777777777,2.7777777777777777
97,0.7000000000000001,False,0,0.6342105263157941,True,2.799999999999987,0.004884547064517797,0.6399999999998274,-1.790330652927731,-1.899999999999999,0.0,0.0,2.7777777777777777,2.7777777777777777,25.0,45.414305299948396,45.888888888888886,-0.3340475313580651,-0.009999999999999343,-0.7000000000000001,-0.7000000000000001,2.7777777777777777,2.7777777777777777
97,0.8,False,0,0.5311926605504702,True,2.799999999999987,-0.006224986503158725,0.6711111111110712,-1.7564625662869378,-1.8799999999999994,0.0,0.0,2.7777777777777777,2.7777777777777777,25.0,52.089507649329306,52.55555555555556,0.09903718456407695,-2.220446049250313e-16,-0.8,-0.8,2.7777777777777777,2.7777777777777777
97,0.9,False,0,0.6342105263157941,True,2.799999999999987,0.004321907221606303,0.7799999999998422,-1.7482704250791006,-1.8900000000000028,0.0,0.0,2.7777777777777777,2.7777777777777777,25.0,56.435764662576744,57.0,0.5972010735056794,-0.02000000000000024,-0.9,-0.9,2.7777777777777777,2.7777777777777777
97,1.0,False,0,0.6311926605504716,True,2.799999999999987,0.00907488472284701,0.8511111111111065,-1.734017670035735,-1.7999999999999998,0.0,0.0,2.7777777777777777,2.7777777777777777,25.0,60.99188381068406,61.44444444444444,-0.042382684117937774,0.0,-1.0,-1.0,2.7777777777777777,2.7777777777777777
97,1.1,False,0,0.6342105263157941,True,2.799999999999987,-0.0074636265303693605,0.3999999999998183,-1.6636116554175062,-1.8799999999999981,0.0,0.0,2.7777777777777777,2.7777777777777777,25.0,63.176795256175865,63.66666666666667,0.038971862281600655,-0.0499999999999996,-1.1,-1.1,2.7777777777777777,2.7777777777777777
97,1.2000000000000002,False,0,0.6018181818181811,True,2.799999999999987,-0.0010277515225878275,0.6488888888888598,-1.804145379584659,-1.7999999999999998,0.0,0.0,2.7777777777777777,2.7777777777777777,25.0,65.6802889769954,65.88888888888889,0.07735969214639216,-0.07999999999999963,-1.2000000000000002,-1.2000000000000002,2.7777777777777777,2.7777777777777777
97,1.3,False,0,0.6342105263157941,True,2.799999999999987,-0.00019368830190824582,0.608888888888754,-1.8628734713833581,-1.8899999999999997,0.0,0.0,2.7777777777777777,2.7777777777777777,25.0,67.72316670201562,68.11111111111111,-0.08523771613705433,-0.09000000000000008,-1.3,-1.3,2.7777777777777777,2.7777777777777777
97,1.4000000000000001,False,0,0.6311926605504716,True,2.799999999999987,-0.004602499016388428,0.8888888888888689,-1.8620241614129105,-1.8999999999999986,0.0,0.0,2.7777777777777777,2.7777777777777777,25.0,70.02259806771615,70.33333333333333,-0.12970994724461904,-0.08000000000000007,-1.4000000000000001,-1.4000000000000001,2.7777777777777777,2.7777777777777777
97,1.5,False,0,0.6311926605504716,True,2.799999999999987,-0.0051387341625739325,0.7333333333332179,-1.686109109812409,-1.7999999999999998,0.0,0.0,2.7777777777777777,2.7777777777777777,25.0,71.9177350590867,72.55555555555556,0.25341333615514516,-0.04999999999999982,-1.5,-1.5,2.7777777777777777,2.7777777777777777
97,1.6,False,0,0.5060975609756324,True,2.799999999999987,-0.0029493748810578424,0.6844444444444351,-1.8284731797592861,-1.879999999999999,0.0,0.0,2.7777777777777777,2.7777777777777777,25.0,72.27938597892339,72.55555555555556,0.037925837490213166,-0.1599999999999997,-1.6,-1.6,2.7777777777777777,2.7777777777777777
97,1.7000000000000002,False,0,0.6342105263157941,True,2.799999999999987,0.0034378658875882095,0.9088888888888791,-1.6630024645171269,-1.8300000000000005,0.0,0.0,2.7777777777777777,2.7777777777777777,25.0,74.657506602221,74.77777777777777,0.2725540384799512,-0.09999999999999964,-1.7000000000000002,-1.7000000000000002,2.7777777777777777,2.7777777777777777
99,0.0,False,0,4.0,False,25.0,-3.2717440424415996,-3.2222222222222454,1.502089358610549,1.6,0.0,0.0,2.7777777777777777,2.7777777777777777,,,,,,,,,
99,0.1,False,0,4.0,False,25.0,-3.3841381925706484,-3.2222222222222454,1.253743593414979,1.1400000000000001,-0.1,-0.1,2.7777777777777777,2.7777777777777777,25.0,250.3279405825249,250.17777777777786,0.043846793503363735,-0.00999999999999579,-0.1,-0.1,2.7777777777777777,2.7777777777777777
99,0.2,False,0,3.2000000000000006,False,25.0,-3.3531009647835246,-3.2222222222222454,0.6413030188583306,0.6800000000000002,-0.2,-0.2,2.7777777777777777,2.7777777777777777,25.0,72.76493392210435,72.40000000000005,0.13818557856005542,-0.019999999999997353,-0.2,-0.2,2.7777777777777777,2.7777777777777777
99,0.30000000000000004,False,0,0.5333333333333293,True,22.599999999999994,-3.454365941363096,-3.7555555555555484,-0.18495068391409286,0.18999999999999906,-0.30000000000000004,-0.30000000000000004,2.7777777777777777,2.7777777777777777,22.599999999999994,10.817265009652342,10.120000000000015,0.05856655957600876,-0.020000000000001572,-0.30000000000000004,-0.30000000000000004,2.7777777777777777,2.7777777777777777
99,0.4,True,2,0.0,True,15.39999999999998,-4.10493875762474,-3.951111111111106,-0.2916911281322412,-0.39999999999999925,-0.4,-0.4,2.7777777777777777,2.7777777777777777,21.39999999999999,10.998417262237634,11.371111111111102,0.08241682194916966,-6.661338147750939e-16,-0.4,-0.4,2.7777777777777777,2.7777777777777777
99,0.5,True,2,0.0,True,11.199999999999983,-3.566801008784881,-4.220000000000016,-1.1107013114783504,-1.1,-0.5,-0.5,2.7777777777777777,2.7777777777777777,24.4,27.47753297078466,28.008888888888887,-0.06655371689852396,0.0,-0.5,-0.5,2.7777777777777777,2.7777777777777777
99,0.6000000000000001,False,0,0.5200000000000031,True,2.799999999999987,0.0066667586669071355,0.3733333333332469,-1.814272382973154,-1.8599999999999959,0.0,0.0,2.7777777777777777,2.7777777777777777,24.4,38.187215499585506,39.06,0.20502421235487045,-0.019999999999999574,-0.6000000000000001,-0.6000000000000001,2.7777777777777777,2.7777777777777777
99,0.7000000000000001,False,0,0.5394495412844136,True,2.799999999999987,0.0027711266144310187,0.6444444444443151,-1.7332056997834615,-1.899999999999999,0.0,0.0,2.7777777777777777,2.7777777777777777,25.0,47.8741943993428,47.888888888888886,0.029639998810035317,-0.009999999999999343,-0.7000000000000001,-0.7000000000000001,2.7777777777777777,2.7777777777777777
99,0.8,False,0,0.5779141104294532,True,2.799999999999987,0.006822564625804439,0.5355555555554874,-1.7489370662360955,-1.8799999999999994,0.0,0.0,2.7777777777777777,2.7777777777777777,25.0,53.795582110771065,54.55555555555556,0.4260590701198894,-2.220446049250313e-16,-0.8,-0.8,2.7777777777777777,2.7777777777777777
99,0.9,False,0,0.550000000000022,True,2.799999999999987,0.005425423756475034,0.30444444444456753,-1.640916197955605,-1.8900000000000028,0.0,0.0,2.7777777777777777,2.7777777777777777,25.0,58.2248348416893,59.0,0.23918045352170614,-0.02000000000000024,-0.9,-0.9,2.7777777777777777,2.7777777777777777
99,1.0,False,0,0.5779141104294532,True,2.799999999999987,-0.0013887427514474027,0.4244444444443731,-1.8595760410318753,-1.7999999999999998,0.0,0.0,2.7777777777777777,2.7777777777777777,25.0,62.79948984238605,63.44444444444444,0.3600211688663211,0.0,-1.0,-1.0,2.7777777777777777,2.7777777777777777
99,1.1,False,0,0.5779141104294532,True,2.799999999999987,0.0069181493337966415,0.4133333333332532,-1.8645901058692491,-1.8799999999999981,0.0,0.0,2.7777777777777777,2.7777777777777777,25.0,64.49686513504201,65.66666666666667,0.3889614034587079,-0.0499999999999996,-1.1,-1.1,2.7777777777777777,2.7777777777777777
99,1.2000000000000002,False,0,0.5779141104294532,True,2.799999999999987,0.001749722721325675,0.853333333333322,-1.8652854192042927,-1.7999999999999998,0.0,0.0,2.7777777777777777,2.7777777777777777,25.0,67.68571507793371,67.88888888888889,0.1778080093959522,-0.07999999999999963,-1.2000000000000002,-1.2000000000000002,2.7777777777777777,2.7777777777777777
99,1.3,False,0,0.5779141104294532,True,2.799999999999987,0.0020491283386663284,0.8911111111109848,-1.8991574582345365,-1.8899999999999997,0.0,0.0,2.7777777777777777,2.7777777777777777,25.0,68.32011982400638,70.11111111111111,0.7379697915817593,-0.09000000000000008,-1.3,-1.3,2.7777777777777777,2.7777777777777777
99,1.4000000000000001,False,0,0.6652631578947413,True,2.799999999999987,-0.006214059831026297,0.8422222222221878,-1.6383364072550282,-1.8999999999999986,0.0,0.0,2.7777777777777777,2.7777777777777777,25.0,71.81068757490073,72.33333333333333,0.37087243396240455,-0.08000000000000007,-1.4000000000000001,-1.4000000000000001,2.7777777777777777,2.7777777777777777
99,1.5,False,0,0.5779141104294532,True,2.799999999999987,-0.0005423622545377427,0.6200000000003003,-1.7419973786679162,-1.7999999999999998,0.0,0.0,2.7777777777777777,2.7777777777777777,25.0,74.5899478852726,74.55555555555556,0.03295943710905669,-0.04999999999999982,-1.5,-1.5,2.7777777777777777,2.7777777777777777
99,1.6,False,0,0.5142857142857097,True,2.799999999999987,-0.001586742003627073,0.3133333333333157,-1.737821428569702,-1.879999999999999,0.0,0.0,2.7777777777777777,2.7777777777777777,25.0,74.47545351075763,74.55555555555556,-0.06349039269244305,-0.1599999999999997,-1.6,-1.6,2.7777777777777777,2.7777777777777777
99,1.7000000000000002,False,0,0.5779141104294532,True,2.799999999999987,-0.00827939643081077,0.3399999999997876,-1.864345955977222,-1.8300000000000005,0.0,0.0,2.7777777777777777,2.7777777777777777,25.0,75.98411080975008,76.77777777777777,0.07830195747017266,-0.09999999999999964,-1.7000000000000002,-1.7000000000000002,2.7777777777777777,2.7777777777777777
101,0.0,False,0,4.0,False,25.0,-3.303033685801526,-3.4444444444444597,1.430243999036783,1.6,0.0,0.0,2.7777777777777777,2.7777777777777777,,,,,,,,,
101,0.1,False,0,4.0,False,25.0,-3.4753724815673506,-3.4444444444444597,1.0853386936671967,1.1300000000000003,-0.1,-0.1,2.7777777777777777,2.7777777777777777,25.0,248.4040194124013,248.17777777777786,0.027477971267909185,-0.00999999999999579,-0.1,-0.1,2.7777777777777777,2.7777777777777777
101,0.2,False,0,3.1000000000000028,True,25.0,-4.130823408257132,-3.4444444444444597,0.6770933243893111,0.6600000000000001,-0.2,-0.2,2.7777777777777777,2.7777777777777777,25.0,70.76354609173437,70.40000000000005,-0.10396591011238754,-0.019999999999997353,-0.2,-0.2,2.7777777777777777,2.7777777777777777
101,0.30000000000000004,False,0,0.2333333333333283,True,19.599999999999987,-3.3146732489727126,-3.9511111111111203,0.06095172058832521,0.12999999999999856,-0.30000000000000004,-0.30000000000000004,2.7777777777777777,2.7777777777777777,19.599999999999987,4.433550833661781,4.459999999999963,-0.014354663690772318,-0.020000000000001572,-0.30000000000000004,-0.30000000000000004,2.7777777777777777,2.7777777777777777
101,0.4,True,2,0.0,True,15.39999999999998,-2.7163613441379253,-4.1733333333333205,-0.15593008414407028,-0.43999999999999906,-0.4,-0.4,2.7777777777777777,2.7777777777777777,21.999999999999993,12.452266891378496,13.011111111111102,0.21619160396482195,-6.661338147750939e-16,-0.4,-0.4,2.7777777777777777,2.7777777777777777
101,0.5,True,2,0.0,True,6.399999999999986,-3.0984912110668885,-4.215555555555556,-1.6160250005906223,-1.65,-0.5,-0.5,2.7777777777777777,2.7777777777777777,23.199999999999996,29.730428732974016,30.248888888888896,-0.13762029136621146,0.0,-0.5,-0.5,2.7777777777777777,2.7777777777777777
101,0.6000000000000001,True,2,0.0,True,4.599999999999987,-4.151752980598519,-4.242222222222341,-1.7818618014985674,-1.8599999999999959,0.0,0.0,2.7777777777777777,2.7777777777777777,25.0,41.00910271892032,41.0,0.31582267003449127,-0.019999999999999574,-0.6000000000000001,-0.6000000000000001,2.7777777777777777,2.7777777777777777
101,0.7000000000000001,False,0,0.5165644171779215,True,2.799999999999987,-0.009149110760492185,0.6177777777777438,-1.7437586948207076,-1.899999999999999,0.0,0.0,2.7777777777777777,2.7777777777777777,25.0,49.917556427377804,49.888888888888886,-0.09701595301267285,-0.009999999999999343,-0.7000000000000001,-0.7000000000000001,2.7777777777777777,2.7777777777777777
101,0.8,False,0,0.5165644171779215,True,2.799999999999987,-0.009779059076595153,0.6866666666665084,-1.7575425481652924,-1.8799999999999994,0.0,0.0,2.7777777777777777,2.7777777777777777,25.0,55.13949847668192,56.55555555555556,0.46173649729044763,-2.220446049250313e-16,-0.8,-0.8,2.7777777777777777,2.7777777777777777
101,0.9,False,0,0.5165644171779215,True,2.799999999999987,-0.00938255903519103,0.6288888888888211,-1.854275539076418,-1.8900000000000028,0.0,0.0,2.7777777777777777,2.7777777777777777,25.0,60.92234596114663,61.0,0.1957986808969383,-0.02000000000000024,-0.9,-0.9,2.7777777777777777,2.7777777777777777
101,1.0,False,0,0.5165644171779215,True,2.799999999999987,-0.0002758439768681953,0.295555555555592,-1.7835389530496553,-1.7999999999999998,0.0,0.0,2.7777777777777777,2.7777777777777777,25.0,64.9293128602573,65.44444444444444,0.1897494727804423,0.0,-1.0,-1.0,2.7777777777777777,2.7777777777777777
101,1.1,False,0,0.7195121951219815,True,2.799999999999987,0.003550020325048031,0.8755555555554908,-1.718996460442061,-1.8799999999999981,0.0,0.0,2.7777777777777777,2.7777777777777777,25.0,67.33336048733246,67.66666666666667,0.16137039773774786,-0.0499999999999996,-1.1,-1.1,2.7777777777777777,2.7777777777777777
101,1.2000000000000002,False,0,0.5165644171779215,True,2.799999999999987,-0.002543227375173096,0.4866666666666051,-1.8459106909240879,-1.7999999999999998,0.0,0.0,2.7777777777777777,2.7777777777777777,25.0,69.01232035849458,69.88888888888889,0.2761318530495376,-0.07999999999999963,-1.2000000000000002,-1.2000000000000002,2.7777777777777777,2.7777777777777777
101,1.3,False,0,0.5165644171779215,True,2.799999999999987,-0.005781542039858145,0.637777777777683,-1.8914242110646664,-1.8899999999999997,0.0,0.0,2.7777777777777777,2.7777777777777777,25.0,71.78552581572366,72.11111111111111,0.14850989703655726,-0.09000000000000008,-1.3,-1.3,2.7777777777777777,2.7777777777777777
101,1.4000000000000001,False,0,0.5165644171779215,True,2.799999999999987,-0.00019684409299980388,0.537777777777575,-1.8936250031643407,-1.8999999999999986,0.0,0.0,2.7777777777777777,2.7777777777777777,25.0,74.31992889448766,74.33333333333333,0.10908138396635314,-0.08000000000000007,-1.4000000000000001,-1.4000000000000001,2.7777777777777777,2.7777777777777777
101,1.5,False,0,0.7866359447004662,True,2.799999999999987,0.0013070457494395171,0.5888888888888006,-1.873438452650969,-1.7999999999999998,0.0,0.0,2.7777777777777777,2.7777777777777777,25.0,76.08618756492386,76.55555555555556,0.40946585492458176,-0.04999999999999982,-1.5,-1.5,2.7777777777777777,2.7777777777777777
101,1.6,False,0,0.5165644171779215,True,2.799999999999987,-0.0056482167640465875,0.7533333333332566,-1.8226947839230598,-1.879999999999999,0.0,0.0,2.7777777777777777,2.7777777777777777,25.0,76.30750048200552,76.55555555555556,0.21671613689681513,-0.1599999999999997,-1.6,-1.6,2.7777777777777777,2.7777777777777777
101,1.7000000000000002,False,0,0.5165644171779215,True,2.799999999999987,0.0048570393725357874,0.6777777777776466,-1.8362608593534333,-1.8300000000000005,0.0,0.0,2.7777777777777777,2.7777777777777777,25.0,78.30596301824367,78.77777777777777,0.20670349554419065,-0.09999999999999964,-1.7000000000000002,-1.7000000000000002,2.7777777777777777,2.7777777777777777
103,0.0,False,0,4.0,False,25.0,-3.9415782487637783,-3.6666666666666883,1.6881712255987922,1.6,0.0,0.0,2.7777777777777777,2.7777777777777777,,,,,,,,,
103,0.1,False,0,4.0,False,25.0,-3.727719723363367,-3.6666666666666883,1.2138654834033624,1.12,-0.1,-0.1,2.7777777777777777,2.7777777777777777,25.0,247.24678733221782,246.17777777777786,-0.06238015300772748,-0.00999999999999579,-0.1,-0.1,2.7777777777777777,2.7777777777777777
103,0.2,False,0,3.0000000000000027,False,25.0,-3.874901650081031,-3.6666666666666883,0.5633363205185677,0.6400000000000001,-0.2,-0.2,2.7777777777777777,2.7777777777777777,25.0,69.05023408330969,68.40000000000005,0.17403397947208,-0.019999999999997353,-0.2,-0.2,2.7777777777777777,2.7777777777777777
103,0.30000000000000004,False,0,0.33333333333332915,True,23.799999999999997,-3.616678914095604,-3.4866666666666815,0.19908436277586716,0.1599999999999988,-0.30000000000000004,-0.30000000000000004,2.7777777777777777,2.7777777777777777,23.199999999999996,7.85731817604177,7.1399999999999695,-0.22332161820684027,-0.020000000000001572,-0.30000000000000004,-0.30000000000000004,2.7777777777777777,2.7777777777777777
103,0.4,True,2,0.0,True,11.799999999999983,-3.957824563410983,-3.982222222222208,-0.498920535684668,-0.5999999999999983,-0.4,-0.4,2.7777777777777777,2.7777777777777777,20.79999999999999,15.422712761779263,15.851111111111106,0.05003790759929405,-6.661338147750939e-16,-0.4,-0.4,2.7777777777777777,2.7777777777777777
103,0.5,True,2,0.0,True,4.599999999999987,-3.787362684482349,-4.215555555555471,-1.8753684792273175,-1.85,0.0,0.0,2.7777777777777777,2.7777777777777777,23.199999999999996,31.96926029066277,32.2488888888889,-0.08327454424210212,0.0,-0.5,-0.5,2.7777777777777777,2.7777777777777777
103,0.6000000000000001,True,2,0.0,True,4.599999999999987,-3.48774222280868,-4.275555555555473,-1.867485781574242,-1.8599999999999959,0.0,0.0,2.7777777777777777,2.7777777777777777,25.0,42.68676116500586,43.0,-0.019475164565625924,-0.019999999999999574,-0.6000000000000001,-0.6000000000000001,2.7777777777777777,2.7777777777777777
103,0.7000000000000001,False,0,0.44558823529412256,True,2.799999999999987,-0.004190804662985492,0.6599999999999939,-1.7596972369305648,-1.899999999999999,0.0,0.0,2.7777777777777777,2.7777777777777777,25.0,51.36018270379185,51.888888888888886,0.2447456568461992,-0.009999999999999343,-0.7000000000000001,-0.7000000000000001,2.7777777777777777,2.7777777777777777
103,0.8,False,0,0.44558823529412256,True,2.799999999999987,0.005299196440557985,0.6066666666666096,-1.6209554132204216,-1.8799999999999994,0.0,0.0,2.7777777777777777,2.7777777777777777,25.0,58.2483512206021,58.55555555555556,0.2688085812869816,-2.220446049250313e-16,-0.8,-0.8,2.7777777777777777,2.7777777777777777
103,0.9,False,0,0.44558823529412256,True,2.799999999999987,-0.009384746343005013,0.2466666666667381,-1.8814156065635697,-1.8900000000000028,0.0,0.0,2.7777777777777777,2.7777777777777777,25.0,63.08190637859252,63.0,0.002399743459274184,-0.02000000000000024,-0.9,-0.9,2.7777777777777777,2.7777777777777777
103,1.0,False,0,0.44558823529412256,True,2.799999999999987,0.006624675127992141,0.5444444444444345,-1.514557878099669,-1.7999999999999998,0.0,0.0,2.7777777777777777,2.7777777777777777,25.0,66.61794315574097,67.44444444444444,0.06445824828252023,0.0,-1.0,-1.0,2.7777777777777777,2.7777777777777777
103,1.1,False,0,0.7000000000000094,True,2.799999999999987,0.003804205885413303,0.6155555555554857,-1.7648132720742729,-1.8799999999999981,0.0,0.0,2.7777777777777777,2.7777777777777777,25.0,69.23738741747556,69.66666666666667,0.1152341765150382,-0.0499999999999996,-1.1,-1.1,2.7777777777777777,2.7777777777777777
103,1.2000000000000002,False,0,0.44558823529412256,True,2.799999999999987,-0.004232024588293193,0.6088888888887825,-1.8006593288659358,-1.7999999999999998,0.0,0.0,2.7777777777777777,2.7777777777777777,25.0,71.29923540181224,71.88888888888889,0.35591247434182716,-0.07999999999999963,-1.2000000000000002,-1.2000000000000002,2.7777777777777777,2.7777777777777777
103,1.3,False,0,0.44558823529412256,True,2.799999999999987,-0.0075056636284100975,0.6355555555555386,-1.813149445856267,-1.8899999999999997,0.0,0.0,2.7777777777777777,2.7777777777777777,25.0,74.11428229571248,74.11111111111111,-0.13531873957205498,-0.09000000000000008,-1.3,-1.3,2.7777777777777777,2.7777777777777777
103,1.4000000000000001,True,2,0.0,True,2.799999999999987,0.07162920206714052,-0.015555555555141432,-1.8048034231975791,-1.8999999999999986,0.0,0.0,2.7777777777777777,2.7777777777777777,25.0,76.19908525129847,76.33333333333333,-0.04797414560062663,-0.08000000000000007,-1.4000000000000001,-1.4000000000000001,2.7777777777777777,2.7777777777777777
103,1.5,False,0,0.44558823529412256,True,2.799999999999987,0.0004234476919409147,0.3977777777775886,-1.8906333665115302,-1.7999999999999998,0.0,0.0,2.7777777777777777,2.7777777777777777,25.0,78.29292167802505,78.55555555555556,-0.002427795158787882,-0.04999999999999982,-1.5,-1.5,2.7777777777777777,2.7777777777777777
103,1.6,False,0,0.6634146341463704,True,2.799999999999987,0.0023976229928566184,0.626666666666563,-1.8775273453091526,-1.879999999999999,0.0,0.0,2.7777777777777777,2.7777777777777777,25.0,78.11984061378124,78.55555555555556,0.12912434632306624,-0.1599999999999997,-1.6,-1.6,2.7777777777777777,2.7777777777777777
103,1.7000000000000002,False,0,0.44558823529412256,True,2.799999999999987,-0.0006174884988068285,0.4155555555554544,-1.6765174640219542,-1.8300000000000005,0.0,0.0,2.7777777777777777,2.7777777777777777,25.0,80.7566225826744,80.77777777777777,-0.12912120922771786,-0.09999999999999964,-1.7000000000000002,-1.7000000000000002,2.7777777777777777,2.7777777777777777
105,0.0,False,0,4.0,False,25.0,-4.226056567417021,-3.8888888888889026,1.5312939135086259,1.6,0.0,0.0,2.7777777777777777,2.7777777777777777,,,,,,,,,
105,0.1,False,0,4.0,False,25.0,-4.0620731763883695,-3.8888888888889026,1.063047852643349,1.1100000000000003,-0.1,-0.1,2.7777777777777777,2.7777777777777777,25.0,244.47745059065295,244.17777777777786,0.16538529281132375,-0.00999999999999579,-0.1,-0.1,2.7777777777777777,2.7777777777777777
105,0.2,False,0,2.9000000000000026,False,25.0,-4.106550746397917,-3.8888888888889026,0.6170522106794212,0.6200000000000006,-0.2,-0.2,2.7777777777777777,2.7777777777777777,25.0,66.68820419242012,66.40000000000005,-0.06858683106781549,-0.019999999999997353,-0.2,-0.2,2.7777777777777777,2.7777777777777777
105,0.30000000000000004,False,0,0.03333333333332818,True,18.999999999999986,-2.991505024466508,-3.7466666666666724,0.7117264088890489,0.06999999999999851,-0.30000000000000004,-0.30000000000000004,2.7777777777777777,2.7777777777777777,18.999999999999986,1.8587566674802902,1.120000000000016,0.09988236277435769,-0.020000000000001572,-0.30000000000000004,-0.30000000000000004,2.7777777777777777,2.7777777777777777
105,0.4,True,2,0.0,True,7.599999999999985,-3.96690997460978,-4.144444444444448,-0.867071462863837,-0.8399999999999976,-0.4,-0.4,2.7777777777777777,2.7777777777777777,20.19999999999999,18.35119045490728,18.271111111111107,-0.10216425025536413,-6.661338147750939e-16,-0.4,-0.4,2.7777777777777777,2.7777777777777777
105,0.5,True,2,0.0,True,5.199999999999987,-3.626495963727666,-4.246666666666658,-1.886829971733163,-1.85,0.0,0.0,2.7777777777777777,2.7777777777777777,23.799999999999997,33.257766224464945,34.06888888888889,0.18669832765188277,0.0,-0.5,-0.5,2.7777777777777777,2.7777777777777777
105,0.6000000000000001,False,0,0.7080882352941293,True,2.799999999999987,0.0012467216099141254,0.5866666666666562,-1.8463234669366808,-1.8599999999999959,0.0,0.0,2.7777777777777777,2.7777777777777777,25.0,44.82061654143635,45.0,-0.2099264245985888,-0.019999999999999574,-0.6000000000000001,-0.6000000000000001,2.7777777777777777,2.7777777777777777
105,0.7000000000000001,False,0,0.36422018348624646,True,2.799999999999987,0.0020954146760745473,0.39333333333324294,-1.782696900390896,-1.899999999999999,0.0,0.0,2.7777777777777777,2.7777777777777777,25.0,52.6576899536594,53.888888888888886,0.4611608900212141,-0.009999999999999343,-0.7000000000000001,-0.7000000000000001,2.7777777777777777,2.7777777777777777
105,0.8,False,0,0.7330275229357888,True,2.799999999999987,-0.009514055529154852,0.7599999999998603,-1.7303180741989017,-1.8799999999999994,0.0,0.0,2.7777777777777777,2.7777777777777777,25.0,60.10551524824889,60.55555555555556,-0.11566215401467672,-2.220446049250313e-16,-0.8,-0.8,2.7777777777777777,2.7777777777777777
105,0.9,False,0,0.7018181818181688,True,2.799999999999987,0.009074055332757958,0.3111111111109439,-1.5886451638033852,-1.8900000000000028,0.0,0.0,2.7777777777777777,2.7777777777777777,25.0,64.73045001590555,65.0,0.022549165594673903,-0.02000000000000024,-0.9,-0.9,2.7777777777777777,2.7777777777777777
105,1.0,False,0,0.36422018348624646,True,2.799999999999987,0.00631644558795319,0.3955555555554726,-1.564889831694443,-1.7999999999999998,0.0,0.0,2.7777777777777777,2.7777777777777777,25.0,69.49301799107967,69.44444444444444,0.14768147525683073,0.0,-1.0,-1.0,2.7777777777777777,2.7777777777777777
105,1.1,False,0,0.36422018348624646,True,2.799999999999987,-0.006034137631519165,0.45999999999996266,-1.6870513241452374,-1.8799999999999981,0.0,0.0,2.7777777777777777,2.7777777777777777,25.0,70.74015222753006,71.66666666666667,0.25234698117104504,-0.0499999999999996,-1.1,-1.1,2.7777777777777777,2.7777777777777777
105,1.2000000000000002,False,0,0.7477941176470675,True,2.799999999999987,0.0031404947151090212,0.6955555555553987,-1.6620934156361618,-1.7999999999999998,0.0,0.0,2.7777777777777777,2.7777777777777777,25.0,73.46241397204152,73.88888888888889,0.3675207456976062,-0.07999999999999963,-1.2000000000000002,-1.2000000000000002,2.7777777777777777,2.7777777777777777
105,1.3,False,0,0.6907975460122737,True,2.799999999999987,0.006847455252665391,0.8733333333332896,-1.8027768312409538,-1.8899999999999997,0.0,0.0,2.7777777777777777,2.7777777777777777,25.0,75.17238931793507,76.11111111111111,0.20856940238237698,-0.09000000000000008,-1.3,-1.3,2.7777777777777777,2.7777777777777777
105,1.4000000000000001,False,0,0.36422018348624646,True,2.799999999999987,-0.0035044356787805597,0.3511111111110212,-1.8955160326126126,-1.8999999999999986,0.0,0.0,2.7777777777777777,2.7777777777777777,25.0,77.94948048517458,78.33333333333333,-0.20405216192752973,-0.08000000000000007,-1.4000000000000001,-1.4000000000000001,2.7777777777777777,2.7777777777777777
105,1.5,False,0,0.36422018348624646,True,2.799999999999987,0.004666122024826969,0.4177777777777125,-1.715261403017878,-1.7999999999999998,0.0,0.0,2.7777777777777777,2.7777777777777777,25.0,80.18780399223739,80.55555555555556,-0.015223901620000202,-0.04999999999999982,-1.5,-1.5,2.7777777777777777,2.7777777777777777
105,1.6,False,0,0.48571428571420755,True,2.799999999999987,-0.0014001214949415086,0.21555555555543737,-1.8294132262443665,-1.879999999999999,0.0,0.0,2.7777777777777777,2.7777777777777777,25.0,80.70390490628137,80.55555555555556,-0.28486318301953206,-0.1599999999999997,-1.6,-1.6,2.7777777777777777,2.7777777777777777
105,1.7000000000000002,False,0,0.36422018348624646,True,2.799999999999987,0.0038653893458162614,0.3511111111109928,-1.8218238133958102,-1.8300000000000005,0.0,0.0,2.7777777777777777,2.7777777777777777,25.0,82.65215905316657,82.77777777777777,-0.08429265149228393,-0.09999999999999964,-1.7000000000000002,-1.7000000000000002,2.7777777777777777,2.7777777777777777
107,0.0,False,0,4.0,False,25.0,-3.9110330770698054,-4.111111111111131,1.673169449627315,1.6,0.0,0.0,2.7777777777777777,2.7777777777777777,,,,,,,,,
107,0.1,False,0,4.0,False,25.0,-3.9749367334450083,-4.111111111111131,0.9314908677021463,1.1,-0.1,-0.1,2.7777777777777777,2.7777777777777777,25.0,242.02401663280116,242.17777777777786,-0.010310070813664085,-0.00999999999999579,-0.1,-0.1,2.7777777777777777,2.7777777777777777
107,0.2,False,0,2.8000000000000025,False,25.0,-3.5858812926933465,-4.111111111111131,0.6393012800362734,0.6000000000000005,-0.2,-0.2,2.7777777777777777,2.7777777777777777,25.0,65.10946073361102,64.40000000000005,0.016391542279949878,-0.019999999999997353,-0.2,-0.2,2.7777777777777777,2.7777777777777777
107,0.30000000000000004,False,0,0.13333333333332825,True,21.999999999999993,-3.0465107422250837,-3.3466666666666667,0.053950005380659416,0.06999999999999851,-0.30000000000000004,-0.30000000000000004,2.7777777777777777,2.7777777777777777,21.999999999999993,2.182611101191367,2.4199999999999706,-0.0057501185807975475,-0.020000000000001572,-0.30000000000000004,-0.30000000000000004,2.7777777777777777,2.7777777777777777
107,0.4,True,2,0.0,True,13.599999999999982,-3.8944883958547107,-3.8222222222222255,-0.6798639420596253,-0.5999999999999983,-0.4,-0.4,2.7777777777777777,2.7777777777777777,22.599999999999994,18.449951174357818,18.711111111111105,-0.0727067246078259,-6.661338147750939e-16,-0.4,-0.4,2.7777777777777777,2.7777777777777777
107,0.5,True,2,0.0,True,2.799999999999987,-0.00042690430057046314,-0.21777777777775764,-1.524186633278286,-1.85,0.0,0.0,2.7777777777777777,2.7777777777777777,23.799999999999997,35.137994846703705,36.06888888888889,0.04891394722943443,0.0,-0.5,-0.5,2.7777777777777777,2.7777777777777777
107,0.6000000000000001,False,0,0.813970588235304,True,2.799999999999987,0.006593299634187311,0.8266666666666085,-1.6295102195095144,-1.8599999999999959,0.0,0.0,2.7777777777777777,2.7777777777777777,25.0,47.06139462998095,47.0,-0.011192604668537554,-0.019999999999999574,-0.6000000000000001,-0.6000000000000001,2.7777777777777777,2.7777777777777777
107,0.7000000000000001,False,0,0.7732718894009263,True,2.799999999999987,0.008175593394139646,0.9355555555554078,-1.786194420380954,-1.899999999999999,0.0,0.0,2.7777777777777777,2.7777777777777777,25.0,55.154206853861126,55.888888888888886,-0.14940973387225753,-0.009999999999999343,-0.7000000000000001,-0.7000000000000001,2.7777777777777777,2.7777777777777777
107,0.8,True,2,0.0,True,2.799999999999987,0.0040962006383837846,-0.1577777777776701,-1.8221479038008408,-1.8799999999999994,0.0,0.0,2.7777777777777777,2.7777777777777777,25.0,62.70985612856522,62.55555555555556,-0.006798015171934013,-2.220446049250313e-16,-0.8,-0.8,2.7777777777777777,2.7777777777777777
107,0.9,False,0,0.6853658536585613,True,2.799999999999987,-0.008080115313634728,0.2244444444442708,-1.8614753496789425,-1.8900000000000028,0.0,0.0,2.7777777777777777,2.7777777777777777,25.0,66.88578712122016,67.0,-0.30198564639105596,-0.02000000000000024,-0.9,-0.9,2.7777777777777777,2.7777777777777777
107,1.0,False,0,0.6963190184049107,True,2.799999999999987,0.0026175049815551077,0.7111111111110917,-1.5406657562683095,-1.7999999999999998,0.0,0.0,2.7777777777777777,2.7777777777777777,25.0,70.93427846965852,71.44444444444444,0.0073020853384377915,0.0,-1.0,-1.0,2.7777777777777777,2.7777777777777777
107,1.1,False,0,0.7158536585366189,True,2.799999999999987,-0.2587868774572426,0.5044444444449256,-1.727778280924682,-1.8799999999999981,0.0,0.0,2.7777777777777777,2.7777777777777777,25.0,73.69923152894643,73.66666666666667,-0.28033804572653853,-0.0499999999999996,-1.1,-1.1,2.7777777777777777,2.7777777777777777
107,1.2000000000000002,False,0,0.6660550458715665,True,2.799999999999987,0.009239307080375347,0.9844444444444465,-1.6379193700115655,-1.7999999999999998,0.0,0.0,2.7777777777777777,2.7777777777777777,25.0,75.07902028178918,75.88888888888889,-0.051442793384912644,-0.07999999999999963,-1.2000000000000002,-1.2000000000000002,2.7777777777777777,2.7777777777777777
107,1.3,False,0,0.7460122699386512,True,2.799999999999987,0.001051583566703762,1.1022222222221219,-1.5969981617799678,-1.8899999999999997,0.0,0.0,2.7777777777777777,2.7777777777777777,25.0,77.71421433397052,78.11111111111111,0.05245541431077627,-0.09000000000000008,-1.3,-1.3,2.7777777777777777,2.7777777777777777
107,1.4000000000000001,False,0,0.7460122699386512,True,2.799999999999987,-0.009636948829370162,0.6777777777776182,-1.7739630972145612,-1.8999999999999986,0.0,0.0,2.7777777777777777,2.7777777777777777,25.0,79.95441406687644,80.33333333333333,-0.03429359095244333,-0.08000000000000007,-1.4000000000000001,-1.4000000000000001,2.7777777777777777,2.7777777777777777
107,1.5,False,0,0.26219512195123357,True,2.799999999999987,-0.009336464339599893,0.28222222222221394,-1.7670504302747734,-1.7999999999999998,0.0,0.0,2.7777777777777777,2.7777777777777777,25.0,81.89550657982767,82.55555555555556,-0.06819412247466294,-0.04999999999999982,-1.5,-1.5,2.7777777777777777,2.7777777777777777
107,1.6,False,0,0.6165137614678946,True,2.799999999999987,0.0044354442590135434,0.8711111111110599,-1.8082665351609575,-1.879999999999999,0.0,0.0,2.7777777777777777,2.7777777777777777,25.0,82.36788286447873,82.55555555555556,-0.21369946600247758,-0.1599999999999997,-1.6,-1.6,2.7777777777777777,2.7777777777777777
107,1.7000000000000002,True,2,0.0,True,2.799999999999987,0.005399667501802874,-0.12000000000013511,-1.7984424348004897,-1.8300000000000005,0.0,0.0,2.7777777777777777,2.7777777777777777,25.0,84.11584078618137,84.77777777777777,0.11639893441356675,-0.09999999999999964,-1.7000000000000002,-1.7000000000000002,2.7777777777777777,2.7777777777777777
109,0.0,False,0,4.0,False,25.0,-3.722696725830761,-4.266666666666654,1.417128223161325,1.6,0.0,0.0,2.7777777777777777,2.7777777777777777,,,,,,,,,
109,0.1,False,0,4.0,False,25.0,-4.123646408490845,-4.266666666666654,0.7887800839315346,1.0900000000000003,-0.1,-0.1,2.7777777777777777,2.7777777777777777,25.0,240.50036240332136,240.17777777777786,-0.06538877239682916,-0.00999999999999579,-0.1,-0.1,2.7777777777777777,2.7777777777777777
109,0.2,False,0,2.8000000000000025,True,25.0,-4.12938734234132,-4.266666666666654,0.748046581640414,0.5800000000000005,-0.2,-0.2,2.7777777777777777,2.7777777777777777,25.0,62.36519845345548,62.40000000000005,-0.242687400859658,-0.019999999999997353,-0.2,-0.2,2.7777777777777777,2.7777777777777777
109,0.30000000000000004,True,1,0.0,True,19.599999999999987,-3.750397831801851,-3.855555555555557,-0.05723455224673235,0.03999999999999848,-0.30000000000000004,-0.30000000000000004,2.7777777777777777,2.7777777777777777,19.599999999999987,-1.4056354505173543,-1.379999999999984,-0.1341357346885943,-0.020000000000001572,-0.30000000000000004,-0.30000000000000004,2.7777777777777777,2.7777777777777777
109,0.4,True,2,0.0,True,8.799999999999985,-4.225100552369514,-4.117777777777763,-0.8054955304415394,-0.8799999999999977,-0.4,-0.4,2.7777777777777777,2.7777777777777777,21.39999999999999,21.19636507963426,21.7311111111111,0.22895227981090693,-6.661338147750939e-16,-0.4,-0.4,2.7777777777777777,2.7777777777777777
109,0.5,False,0,0.660975609756126,True,2.799999999999987,0.006992019786491888,0.5911111111110872,-1.7563696669069249,-1.85,0.0,0.0,2.7777777777777777,2.7777777777777777,23.799999999999997,38.103443912471434,38.06888888888889,-0.05292972821010378,0.0,-0.5,-0.5,2.7777777777777777,2.7777777777777777
109,0.6000000000000001,False,0,0.623853211009192,True,2.799999999999987,0.002126742131548731,0.7688888888888359,-1.6995117607805597,-1.8599999999999959,0.0,0.0,2.7777777777777777,2.7777777777777777,25.0,48.505802986031924,49.0,0.08196567100768126,-0.019999999999999574,-0.6000000000000001,-0.6000000000000001,2.7777777777777777,2.7777777777777777
109,0.7000000000000001,True,2,0.0,True,2.799999999999987,-0.0013137436299812677,-4.529709940470639e-14,-1.6824009369178823,-1.899999999999999,0.0,0.0,2.7777777777777777,2.7777777777777777,25.0,57.85110342187852,57.888888888888886,-0.04403251161750599,-0.009999999999999343,-0.7000000000000001,-0.7000000000000001,2.7777777777777777,2.7777777777777777
109,0.8,False,0,0.7271889400921692,True,2.799999999999987,0.003681490624967587,1.0977777777777193,-1.5819873784960532,-1.8799999999999994,0.0,0.0,2.7777777777777777,2.7777777777777777,25.0,64.35165122875944,64.55555555555556,-0.04484635264408632,-2.220446049250313e-16,-0.8,-0.8,2.7777777777777777,2.7777777777777777
109,0.9,False,0,0.7447368421052653,True,2.799999999999987,-0.006357701974070373,0.4200000000001127,-1.6977831022493166,-1.8900000000000028,0.0,0.0,2.7777777777777777,2.7777777777777777,25.0,68.60867685952458,69.0,0.0033297410282631112,-0.02000000000000024,-0.9,-0.9,2.7777777777777777,2.7777777777777777
109,1.0,False,0,0.6733944954128638,True,2.799999999999987,0.0005358976100469093,0.9755555555554283,-1.518231769646064,-1.7999999999999998,0.0,0.0,2.7777777777777777,2.7777777777777777,25.0,73.22750562604054,73.44444444444444,-0.02738245369393888,0.0,-1.0,-1.0,2.7777777777777777,2.7777777777777777
109,1.1,False,0,0.7205882352941243,True,2.799999999999987,0.00514378882492128,0.4888888888890337,-1.8321830384316373,-1.8799999999999981,0.0,0.0,2.7777777777777777,2.7777777777777777,25.0,74.78110635490451,75.66666666666667,0.19225034740440616,-0.0499999999999996,-1.1,-1.1,2.7777777777777777,2.7777777777777777
109,1.2000000000000002,False,0,0.6680981595092085,True,2.799999999999987,-0.007820967874056173,0.7466666666666528,-1.615971299899795,-1.7999999999999998,0.0,0.0,2.7777777777777777,2.7777777777777777,25.0,77.37864585248262,77.88888888888889,0.17104939156182475,-0.07999999999999963,-1.2000000000000002,-1.2000000000000002,2.7777777777777777,2.7777777777777777
109,1.3,False,0,0.6486238532110279,True,2.799999999999987,-0.0018084267818379018,0.5177777777776216,-1.8069013772954254,-1.8899999999999997,0.0,0.0,2.7777777777777777,2.7777777777777777,25.0,80.15939048920036,80.11111111111111,-0.07523856955812058,-0.09000000000000008,-1.3,-1.3,2.7777777777777777,2.7777777777777777
109,1.4000000000000001,False,0,0.6990825688073458,True,2.799999999999987,-0.0015684409147977973,0.7466666666665391,-1.5615449173106581,-1.8999999999999986,0.0,0.0,2.7777777777777777,2.7777777777777777,25.0,81.09087420651258,82.33333333333333,0.3068084955613628,-0.08000000000000007,-1.4000000000000001,-1.4000000000000001,2.7777777777777777,2.7777777777777777
109,1.5,False,0,0.5951219512195377,True,2.799999999999987,-0.0008766497739882695,0.7511111111110269,-1.8179943328031638,-1.7999999999999998,0.0,0.0,2.7777777777777777,2.7777777777777777,25.0,84.61499934457544,84.55555555555556,0.06215630601632882,-0.04999999999999982,-1.5,-1.5,2.7777777777777777,2.7777777777777777
109,1.6,False,0,0.7939024390244209,True,2.799999999999987,0.003189963022134812,0.7777777777776693,-1.881272938753884,-1.879999999999999,0.0,0.0,2.7777777777777777,2.7777777777777777,25.0,83.88299568570665,84.55555555555556,0.19158735403070892,-0.1599999999999997,-1.6,-1.6,2.7777777777777777,2.7777777777777777
109,1.7000000000000002,False,0,0.6292682926829501,True,2.799999999999987,-0.00984054015173097,0.5177777777776216,-1.6537610768743223,-1.8300000000000005,0.0,0.0,2.7777777777777777,2.7777777777777777,25.0,86.79513315496379,86.77777777777777,-0.11345292421941688,-0.09999999999999964,-1.7000000000000002,-1.7000000000000002,2.7777777777777777,2.7777777777777777
111,0.0,False,0,4.0,False,25.0,-3.402061395215344,-4.044444444444411,1.490052790205096,1.6,0.0,0.0,2.7777777777777777,2.7777777777777777,,,,,,,,,
111,0.1,False,0,4.0,False,25.0,-3.5751544676231104,-4.044444444444411,0.9054541561174374,1.0800000000000005,-0.1,-0.1,2.7777777777777777,2.7777777777777777,25.0,238.74222409014845,238.17777777777786,-0.22549226761488184,-0.00999999999999579,-0.1,-0.1,2.7777777777777777,2.7777777777777777
111,0.2,False,0,2.7000000000000024,True,25.0,-2.3248094274552384,-4.044444444444411,0.8302690929094938,0.5600000000000005,-0.2,-0.2,2.7777777777777777,2.7777777777777777,25.0,60.776478974333955,60.40000000000005,0.07299727396163469,-0.019999999999997353,-0.2,-0.2,2.7777777777777777,2.7777777777777777
111,0.30000000000000004,True,1,0.0,True,19.599999999999987,-4.032910915991795,-4.077777777777771,0.06485066489422953,0.009999999999998455,-0.30000000000000004,-0.30000000000000004,2.7777777777777777,2.7777777777777777,18.999999999999986,-1.8210610233700377,-2.899999999999994,-0.054642875200160645,-0.020000000000001572,-0.30000000000000004,-0.30000000000000004,2.7777777777777777,2.7777777777777777
111,0.4,False,0,0.6568807339449713,True,2.799999999999987,-0.009652236096758138,0.40222222222201953,-1.6477250065652547,-1.880000000000006,0.0,0.0,2.7777777777777777,2.7777777777777777,19.599999999999987,24.358465918663466,24.811111111111114,-0.011816221109495206,-6.661338147750939e-16,-0.4,-0.4,2.7777777777777777,2.7777777777777777
111,0.5,False,0,0.6527272727272689,True,2.799999999999987,-0.005843187258665061,0.6177777777777012,-1.568998705260682,-1.85,0.0,0.0,2.7777777777777777,2.7777777777777777,24.4,39.80821333427711,39.94888888888889,0.00040566294737920394,0.0,-0.5,-0.5,2.7777777777777777,2.7777777777777777
111,0.6000000000000001,False,0,0.6073394495412994,True,2.799999999999987,0.003471100078184186,0.7533333333332282,-1.6865754698699469,-1.8599999999999959,0.0,0.0,2.7777777777777777,2.7777777777777777,25.0,50.58170595640097,51.0,0.07773789286410704,-0.019999999999999574,-0.6000000000000001,-0.6000000000000001,2.7777777777777777,2.7777777777777777
111,0.7000000000000001,False,0,0.7064220183486432,True,2.799999999999987,-0.005750520539083759,0.8666666666665721,-1.7762604295366562,-1.899999999999999,0.0,0.0,2.7777777777777777,2.7777777777777777,25.0,59.62569744336008,59.888888888888886,0.10846585015844212,-0.009999999999999343,-0.7000000000000001,-0.7000000000000001,2.7777777777777777,2.7777777777777777
111,0.8,False,0,0.6018181818181696,True,2.799999999999987,-0.005535904362676369,0.5155555555554487,-1.8017907872987082,-1.8799999999999994,0.0,0.0,2.7777777777777777,2.7777777777777777,25.0,65.87556729816052,66.55555555555556,0.1055388416695302,-2.220446049250313e-16,-0.8,-0.8,2.7777777777777777,2.7777777777777777
111,0.9,False,0,0.7811059907834146,True,2.799999999999987,0.0031342982958166843,0.8244444444442651,-1.8888143989220891,-1.8900000000000028,0.0,0.0,2.7777777777777777,2.7777777777777777,25.0,70.61030928991951,71.0,0.13217954212169625,-0.02000000000000024,-0.9,-0.9,2.7777777777777777,2.7777777777777777
111,1.0,False,0,0.7018181818181805,True,2.799999999999987,0.004532084651015289,0.5244444444442822,-1.8861699675153476,-1.7999999999999998,0.0,0.0,2.7777777777777777,2.7777777777777777,25.0,75.02814878983355,75.44444444444444,-0.024141525976916434,0.0,-1.0,-1.0,2.7777777777777777,2.7777777777777777
111,1.1,False,0,0.7811059907834146,True,2.799999999999987,0.0073299621026139405,0.511111111110961,-1.8078877866361838,-1.8799999999999981,0.0,0.0,2.7777777777777777,2.7777777777777777,25.0,77.79943381568759,77.66666666666667,-0.1662200404561005,-0.0499999999999996,-1.1,-1.1,2.7777777777777777,2.7777777777777777
111,1.2000000000000002,False,0,0.6867647058823588,True,2.799999999999987,0.00020379817673887857,0.93111111111092,-1.7777073755641193,-1.7999999999999998,0.0,0.0,2.7777777777777777,2.7777777777777777,25.0,79.10991120863245,79.88888888888889,0.2742358100429412,-0.07999999999999963,-1.2000000000000002,-1.2000000000000002,2.7777777777777777,2.7777777777777777
111,1.3,False,0,0.5402439024390214,True,2.799999999999987,-0.003043511959890388,0.6288888888888211,-1.835726506592541,-1.8899999999999997,0.0,0.0,2.7777777777777777,2.7777777777777777,25.0,81.62812554441909,82.11111111111111,0.18418771078313423,-0.09000000000000008,-1.3,-1.3,2.7777777777777777,2.7777777777777777
111,1.4000000000000001,False,0,0.7064220183486432,True,2.799999999999987,0.0019463029357895678,0.8688888888887734,-1.782579571826124,-1.8999999999999986,0.0,0.0,2.7777777777777777,2.7777777777777777,25.0,84.07569483350258,84.33333333333333,0.24598596070348355,-0.08000000000000007,-1.4000000000000001,-1.4000000000000001,2.7777777777777777,2.7777777777777777
111,1.5,False,0,0.6568807339449713,True,2.799999999999987,0.006045494755523073,0.42888888888908827,-1.8198210392025973,-1.7999999999999998,0.0,0.0,2.7777777777777777,2.7777777777777777,25.0,85.77381745708888,86.55555555555556,0.21639566552891187,-0.04999999999999982,-1.5,-1.5,2.7777777777777777,2.7777777777777777
111,1.6,False,0,0.7060975609756183,True,2.799999999999987,-0.0005803629300542568,0.6333333333332236,-1.7026363621166656,-1.879999999999999,0.0,0.0,2.7777777777777777,2.7777777777777777,25.0,86.48721050582911,86.55555555555556,-0.14927976865197778,-0.1599999999999997,-1.6,-1.6,2.7777777777777777,2.7777777777777777
111,1.7000000000000002,False,0,0.7811059907834146,True,2.799999999999987,-0.0029911908203699156,0.6244444444443902,-1.8403489019799182,-1.8300000000000005,0.0,0.0,2.7777777777777777,2.7777777777777777,25.0,87.99333144428088,88.77777777777777,0.6903526396261204,-0.09999999999999964,-1.7000000000000002,-1.7000000000000002,2.7777777777777777,2.7777777777777777
113,0.0,False,0,4.0,False,25.0,-3.247427183426015,-3.8222222222222113,1.655612708565254,1.6,0.0,0.0,2.7777777777777777,2.7777777777777777,,,,,,,,,
113,0.1,False,0,4.0,False,25.0,-3.356558583866973,-3.8222222222222113,0.8107344402688308,1.0700000000000003,-0.1,-0.1,2.7777777777777777,2.7777777777777777,25.0,236.3968439174184,236.17777777777786,-0.10891901171340246,-0.00999999999999579,-0.1,-0.1,2.7777777777777777,2.7777777777777777
113,0.2,False,0,2.6000000000000045,False,25.0,-2.6467195346535446,-3.8222222222222113,0.6109384610170632,0.5400000000000005,-0.2,-0.2,2.7777777777777777,2.7777777777777777,25.0,58.03746126497573,58.40000000000005,-0.12780770140818798,-0.019999999999997353,-0.2,-0.2,2.7777777777777777,2.7777777777777777
113,0.30000000000000004,True,1,0.0,True,21.999999999999993,-3.8174617239997586,-3.7577777777777497,0.019149403369142393,0.009999999999998455,-0.30000000000000004,-0.30000000000000004,2.7777777777777777,2.7777777777777777,21.39999999999999,-2.8913929435852195,-2.980000000000035,0.11474802895365688,-0.020000000000001572,-0.30000000000000004,-0.30000000000000004,2.7777777777777777,2.7777777777777777
113,0.4,False,0,0.7350230414746574,True,2.799999999999987,0.00574515426945954,0.7799999999998706,-1.7745486676660114,-1.880000000000006,0.0,0.0,2.7777777777777777,2.7777777777777777,20.19999999999999,26.6439732304309,26.271111111111107,-0.01863125345437222,-6.661338147750939e-16,-0.4,-0.4,2.7777777777777777,2.7777777777777777
113,0.5,False,0,0.6619631901840541,True,2.799999999999987,-0.0013949152497785278,0.5866666666664289,-1.8472124920982804,-1.85,0.0,0.0,2.7777777777777777,2.7777777777777777,25.0,41.705245309174884,41.888888888888886,-0.34601704133152067,0.0,-0.5,-0.5,2.7777777777777777,2.7777777777777777
113,0.6000000000000001,False,0,0.649999999999976,True,2.799999999999987,-0.00463207577404301,0.6577777777775795,-1.82870770866129,-1.8599999999999959,0.0,0.0,2.7777777777777777,2.7777777777777777,25.0,52.68989005803921,53.0,-0.15644822749990306,-0.019999999999999574,-0.6000000000000001,-0.6000000000000001,2.7777777777777777,2.7777777777777777
113,0.7000000000000001,False,0,0.7158536585365644,True,2.799999999999987,-0.010038468122689714,0.7577777777776307,-1.8489557117778785,-1.899999999999999,0.0,0.0,2.7777777777777777,2.7777777777777777,25.0,62.181452802829696,61.888888888888886,-0.06699558091886693,-0.009999999999999343,-0.7000000000000001,-0.7000000000000001,2.7777777777777777,2.7777777777777777
113,0.8,False,0,0.7132352941176479,True,2.799999999999987,0.008642202240577213,0.50666666666653,-1.7268350988430925,-1.8799999999999994,0.0,0.0,2.7777777777777777,2.7777777777777777,25.0,67.99395257757143,68.55555555555556,0.14065864102466685,-2.220446049250313e-16,-0.8,-0.8,2.7777777777777777,2.7777777777777777
113,0.9,False,0,0.6170731707316819,True,2.799999999999987,-0.10211646043642286,0.2044444444448006,-1.7202536079270385,-1.8900000000000028,0.0,0.0,2.7777777777777777,2.7777777777777777,25.0,72.5072630244884,73.0,0.3811335072024402,-0.02000000000000024,-0.9,-0.9,2.7777777777777777,2.7777777777777777
113,1.0,False,0,0.689908256880733,True,2.799999999999987,0.002590109131813456,0.6822222222219922,-1.7783003170157876,-1.7999999999999998,0.0,0.0,2.7777777777777777,2.7777777777777777,25.0,76.98205704201307,77.44444444444444,0.38197403694808596,0.0,-1.0,-1.0,2.7777777777777777,2.7777777777777777
113,1.1,False,0,0.689908256880733,True,2.799999999999987,-0.0017238654147204713,0.7888888888887893,-1.8668595807873773,-1.8799999999999981,0.0,0.0,2.7777777777777777,2.7777777777777777,25.0,79.7736578418998,79.66666666666667,-0.3474040192477259,-0.0499999999999996,-1.1,-1.1,2.7777777777777777,2.7777777777777777
113,1.2000000000000002,False,0,0.7350230414746574,True,2.799999999999987,-0.008385226553360603,0.5422222222219775,-1.7123141848239976,-1.7999999999999998,0.0,0.0,2.7777777777777777,2.7777777777777777,25.0,81.4746596421212,81.88888888888889,-0.1661619930425573,-0.07999999999999963,-1.2000000000000002,-1.2000000000000002,2.7777777777777777,2.7777777777777777
113,1.3,False,0,0.4690909090908456,True,2.799999999999987,0.004488812352048122,0.433333333333235,-1.731248347171481,-1.8899999999999997,0.0,0.0,2.7777777777777777,2.7777777777777777,25.0,84.1239315745543,84.11111111111111,0.11275295213019465,-0.09000000000000008,-1.3,-1.3,2.7777777777777777,2.7777777777777777
113,1.4000000000000001,False,0,0.689908256880733,True,2.799999999999987,0.008189355842529444,0.8622222222221412,-1.8187391972041635,-1.8999999999999986,0.0,0.0,2.7777777777777777,2.7777777777777777,25.0,85.11381373136561,86.33333333333333,0.4227844295478431,-0.08000000000000007,-1.4000000000000001,-1.4000000000000001,2.7777777777777777,2.7777777777777777
113,1.5,False,0,0.7132352941176479,True,2.799999999999987,-0.0008757803656349594,0.5422222222220343,-1.7125596095341042,-1.7999999999999998,0.0,0.0,2.7777777777777777,2.7777777777777777,25.0,88.29545706195594,88.55555555555556,-0.031427354942550334,-0.04999999999999982,-1.5,-1.5,2.7777777777777777,2.7777777777777777
113,1.6,False,0,0.689908256880733,True,2.799999999999987,-0.007173681406288601,0.6711111111109291,-1.7247642483239984,-1.879999999999999,0.0,0.0,2.7777777777777777,2.7777777777777777,25.0,88.34845834360164,88.55555555555556,0.21081772296046486,-0.1599999999999997,-1.6,-1.6,2.7777777777777777,2.7777777777777777
113,1.7000000000000002,False,0,0.6619631901840541,True,2.799999999999987,0.006160298544853227,0.6555555555553214,-1.7206951131865493,-1.8300000000000005,0.0,0.0,2.7777777777777777,2.7777777777777777,25.0,90.56991223138124,90.77777777777777,0.18989556271996122,-0.09999999999999964,-1.7000000000000002,-1.7000000000000002,2.7777777777777777,2.7777777777777777
115,0.0,False,0,4.0,False,25.0,-2.745453641256165,-3.5999999999999828,1.5317324446250637,1.6,0.0,0.0,2.7777777777777777,2.7777777777777777,,,,,,,,,
115,0.1,False,0,4.0,False,25.0,-3.3284496235329923,-3.5999999999999828,1.007953080095,1.0600000000000005,-0.1,-0.1,2.7777777777777777,2.7777777777777777,25.0,234.23742206814075,234.17777777777786,-0.06822154349237075,-0.00999999999999579,-0.1,-0.1,2.7777777777777777,2.7777777777777777
115,0.2,False,0,2.5000000000000044,True,25.0,-3.641433443866407,-3.5999999999999828,0.4344218557971198,0.5200000000000009,-0.2,-0.2,2.7777777777777777,2.7777777777777777,25.0,57.007825243524124,56.40000000000005,0.15359377359718485,-0.019999999999997353,-0.2,-0.2,2.7777777777777777,2.7777777777777777
115,0.30000000000000004,True,2,0.0,True,15.39999999999998,-3.2409608382181885,-3.7711111111111277,0.012917040750235476,-0.1400000000000019,-0.30000000000000004,-0.30000000000000004,2.7777777777777777,2.7777777777777777,17.799999999999983,0.10556081633579328,0.5799999999999956,0.05102335279298531,-0.020000000000001572,-0.30000000000000004,-0.30000000000000004,2.7777777777777777,2.7777777777777777
115,0.4,True,2,0.0,True,6.999999999999986,-4.272764741109358,-4.188888888888857,-1.1777056669078625,-1.079999999999997,-0.4,-0.4,2.7777777777777777,2.7777777777777777,22.599999999999994,25.513766373632702,26.711111111111105,0.11497230323732044,-6.661338147750939e-16,-0.4,-0.4,2.7777777777777777,2.7777777777777777
115,0.5,False,0,0.6229357798165225,True,2.799999999999987,-0.009144476140835245,0.5244444444443959,-1.8999247960893413,-1.85,0.0,0.0,2.7777777777777777,2.7777777777777777,25.0,43.736232588443116,43.88888888888887,-0.16299721277655976,0.0,-0.5,-0.5,2.7777777777777777,2.7777777777777777
115,0.6000000000000001,False,0,0.6868421052631709,True,2.799999999999987,0.002758480772581784,0.6666666666665835,-1.8519450115415985,-1.8599999999999959,0.0,0.0,2.7777777777777777,2.7777777777777777,25.0,54.67388940953626,55.0,0.08122289648710668,-0.019999999999999574,-0.6000000000000001,-0.6000000000000001,2.7777777777777777,2.7777777777777777
115,0.7000000000000001,False,0,0.6868421052631709,True,2.799999999999987,-0.02793652188525453,0.22444444444483924,-1.8045437256071932,-1.899999999999999,0.0,0.0,2.7777777777777777,2.7777777777777777,25.0,63.62382502735123,63.888888888888886,0.2990010879379592,-0.009999999999999343,-0.7000000000000001,-0.7000000000000001,2.7777777777777777,2.7777777777777777
115,0.8,False,0,0.6868421052631709,True,2.799999999999987,-0.008233514676009968,0.6155555555553862,-1.613100371145174,-1.8799999999999994,0.0,0.0,2.7777777777777777,2.7777777777777777,25.0,70.57845615217272,70.55555555555556,0.0463084634393669,-2.220446049250313e-16,-0.8,-0.8,2.7777777777777777,2.7777777777777777
115,0.9,False,0,0.6868421052631709,True,2.799999999999987,0.0035058005787620417,0.875555555555434,-1.709704041212133,-1.8900000000000028,0.0,0.0,2.7777777777777777,2.7777777777777777,25.0,74.90196356088475,75.0,0.0909238286795504,-0.02000000000000024,-0.9,-0.9,2.7777777777777777,2.7777777777777777
115,1.0,False,0,0.6229357798165225,True,2.799999999999987,0.0029208542558309958,0.45555555555556015,-1.7075909092317414,-1.7999999999999998,0.0,0.0,2.7777777777777777,2.7777777777777777,25.0,78.96281310269426,79.44444444444444,-0.11816874915947273,0.0,-1.0,-1.0,2.7777777777777777,2.7777777777777777
115,1.1,False,0,0.6868421052631709,True,2.799999999999987,-0.004582090409672723,0.7600000000000025,-1.8577178068418472,-1.8799999999999981,0.0,0.0,2.7777777777777777,2.7777777777777777,25.0,80.9813391615565,81.66666666666667,0.14223240977858165,-0.0499999999999996,-1.1,-1.1,2.7777777777777777,2.7777777777777777
115,1.2000000000000002,False,0,0.6609756097560948,True,2.799999999999987,0.00808389467935644,0.3866666666666676,-1.8654501632465812,-1.7999999999999998,0.0,0.0,2.7777777777777777,2.7777777777777777,25.0,83.62720019981728,83.88888888888889,0.07300885577679606,-0.07999999999999963,-1.2000000000000002,-1.2000000000000002,2.7777777777777777,2.7777777777777777
115,1.3,False,0,0.6397058823529489,True,2.799999999999987,0.004400626856761569,0.27333333333343734,-1.863019349070559,-1.8899999999999997,0.0,0.0,2.7777777777777777,2.7777777777777777,25.0,85.70788145920471,86.11111111111111,0.09591894224190334,-0.09000000000000008,-1.3,-1.3,2.7777777777777777,2.7777777777777777
115,1.4000000000000001,False,0,0.6397058823529489,True,2.799999999999987,-0.0056240385368537815,0.6999999999998012,-1.7331544449227798,-1.8999999999999986,0.0,0.0,2.7777777777777777,2.7777777777777777,25.0,88.1352288240633,88.33333333333333,-0.003162999570680114,-0.08000000000000007,-1.4000000000000001,-1.4000000000000001,2.7777777777777777,2.7777777777777777
115,1.5,False,0,0.6868421052631709,True,2.799999999999987,0.005144983469375752,0.5933333333331179,-1.8146239405435818,-1.7999999999999998,0.0,0.0,2.7777777777777777,2.7777777777777777,25.0,89.74253814373287,90.55555555555556,0.4329647821216174,-0.04999999999999982,-1.5,-1.5,2.7777777777777777,2.7777777777777777
115,1.6,False,0,0.6868421052631709,True,2.799999999999987,-0.001386830952003315,0.6755555555554738,-1.8916370770747586,-1.879999999999999,0.0,0.0,2.7777777777777777,2.7777777777777777,25.0,89.8879213922561,90.55555555555556,0.5216646122470334,-0.1599999999999997,-1.6,-1.6,2.7777777777777777,2.7777777777777777
115,1.7000000000000002,False,0,0.6868421052631709,True,2.799999999999987,-0.0035051047403724667,0.6666666666664698,-1.873313969579527,-1.8300000000000005,0.0,0.0,2.7777777777777777,2.7777777777777777,25.0,92.63198975279852,92.77777777777777,0.04558469545988264,-0.09999999999999964,-1.7000000000000002,-1.7000000000000002,2.7777777777777777,2.7777777777777777
117,0.0,False,0,4.0,False,25.0,-3.454944014781108,-3.3777777777777542,1.7218788252825377,1.6,0.0,0.0,2.7777777777777777,2.7777777777777777,,,,,,,,,
117,0.1,False,0,4.0,False,25.0,-3.823236251282924,-3.3777777777777542,0.9947301920954059,1.0500000000000003,-0.1,-0.1,2.7777777777777777,2.7777777777777777,25.0,232.4911943507599,232.17777777777786,0.06505432372559006,-0.00999999999999579,-0.1,-0.1,2.7777777777777777,2.7777777777777777
117,0.2,False,0,2.4000000000000044,True,25.0,-3.3982162586996933,-3.3777777777777542,0.8743593360861412,0.5000000000000009,-0.2,-0.2,2.7777777777777777,2.7777777777777777,25.0,54.8278006662098,54.40000000000005,0.11420834273496228,-0.019999999999997353,-0.2,-0.2,2.7777777777777777,2.7777777777777777
117,0.30000000000000004,True,2,0.0,True,15.39999999999998,-3.63340914515216,-3.7288888888888776,-0.03688230689478034,-0.1400000000000019,-0.30000000000000004,-0.30000000000000004,2.7777777777777777,2.7777777777777777,17.799999999999983,1.052356121181231,1.67999999999999,0.21400226366662878,-0.020000000000001572,-0.30000000000000004,-0.30000000000000004,2.7777777777777777,2.7777777777777777
117,0.4,True,2,0.0,True,6.399999999999986,-3.572211627136272,-4.297777777777884,-1.1003524144392591,-1.3199999999999958,-0.4,-0.4,2.7777777777777777,2.7777777777777777,22.599999999999994,28.335794974417833,28.711111111111105,0.2273669075475886,-6.661338147750939e-16,-0.4,-0.4,2.7777777777777777,2.7777777777777777
117,0.5,True,2,0.0,True,4.599999999999987,-3.995924268605637,-4.262222222222067,-1.8295276144190944,-1.85,0.0,0.0,2.7777777777777777,2.7777777777777777,25.0,45.59574523400836,45.88888888888887,0.27607670895942116,0.0,-0.5,-0.5,2.7777777777777777,2.7777777777777777
117,0.6000000000000001,False,0,0.6342105263158008,True,2.799999999999987,0.010004692607066268,0.9533333333334726,-1.8933710787010696,-1.8599999999999959,0.0,0.0,2.7777777777777777,2.7777777777777777,25.0,56.431156127818625,56.999999999999986,0.04244012154717369,-0.019999999999999574,-0.6000000000000001,-0.6000000000000001,2.7777777777777777,2.7777777777777777
117,0.7000000000000001,False,0,0.6311926605504716,True,2.799999999999987,0.008952577101536185,0.48666666666646297,-1.7361255072738386,-1.899999999999999,0.0,0.0,2.7777777777777777,2.7777777777777777,25.0,66.02460454172302,65.88888888888889,0.12532751597435965,-0.009999999999999343,-0.7000000000000001,-0.7000000000000001,2.7777777777777777,2.7777777777777777
117,0.8,False,0,0.6342105263158008,True,2.799999999999987,-0.005272316669663546,0.8688888888887449,-1.8949040901002003,-1.8799999999999994,0.0,0.0,2.7777777777777777,2.7777777777777777,25.0,72.06540588853184,72.55555555555556,-0.013961492642543316,-2.220446049250313e-16,-0.8,-0.8,2.7777777777777777,2.7777777777777777
117,0.9,False,0,0.6342105263158008,True,2.799999999999987,-0.007417261535311859,0.5199999999998228,-1.882219373194465,-1.8900000000000028,0.0,0.0,2.7777777777777777,2.7777777777777777,25.0,76.80620642290637,77.0,-0.026637309144425414,-0.02000000000000024,-0.9,-0.9,2.7777777777777777,2.7777777777777777
117,1.0,False,0,0.6311926605504716,True,2.799999999999987,0.006658443522053581,0.451111111111385,-1.5691680570592994,-1.7999999999999998,0.0,0.0,2.7777777777777777,2.7777777777777777,25.0,81.40939479394729,81.44444444444444,-0.12247584582882887,0.0,-1.0,-1.0,2.7777777777777777,2.7777777777777777
117,1.1,False,0,0.6311926605504716,True,2.799999999999987,-0.00797063903850681,0.43777777777795013,-1.6666770292071578,-1.8799999999999981,0.0,0.0,2.7777777777777777,2.7777777777777777,25.0,83.78335556485843,83.66666666666667,-0.29526926960737443,-0.0499999999999996,-1.1,-1.1,2.7777777777777777,2.7777777777777777
117,1.2000000000000002,False,0,0.6311926605504716,True,2.799999999999987,0.008909750567636543,0.804444444444397,-1.7230230801344244,-1.7999999999999998,0.0,0.0,2.7777777777777777,2.7777777777777777,25.0,86.0690701521701,85.88888888888889,-0.03146251618128004,-0.07999999999999963,-1.2000000000000002,-1.2000000000000002,2.7777777777777777,2.7777777777777777
117,1.3,False,0,0.6342105263158008,True,2.799999999999987,-0.0004925563359163831,0.6422222222221139,-1.86259669125355,-1.8899999999999997,0.0,0.0,2.7777777777777777,2.7777777777777777,25.0,87.92061589747584,88.11111111111111,0.14279784757792058,-0.09000000000000008,-1.3,-1.3,2.7777777777777777,2.7777777777777777
117,1.4000000000000001,False,0,0.6342105263158008,True,2.799999999999987,-0.0005766501713422301,0.8133333333332873,-1.7867951173626486,-1.8999999999999986,0.0,0.0,2.7777777777777777,2.7777777777777777,25.0,89.44157453201893,90.33333333333333,0.5767171536863906,-0.08000000000000007,-1.4000000000000001,-1.4000000000000001,2.7777777777777777,2.7777777777777777
117,1.5,False,0,0.6342105263158008,True,2.799999999999987,-0.007329438522151399,0.5511111111110951,-1.7168496961422683,-1.7999999999999998,0.0,0.0,2.7777777777777777,2.7777777777777777,25.0,92.28952306289965,92.55555555555556,0.1252760929179857,-0.04999999999999982,-1.5,-1.5,2.7777777777777777,2.7777777777777777
117,1.6,False,0,0.6311926605504716,True,2.799999999999987,-0.007014194297272347,0.2711111111109519,-1.7130366042135,-1.879999999999999,0.0,0.0,2.7777777777777777,2.7777777777777777,25.0,92.1151882457275,92.55555555555556,-0.06354845789391494,-0.1599999999999997,-1.6,-1.6,2.7777777777777777,2.7777777777777777
117,1.7000000000000002,False,0,0.6342105263158008,True,2.799999999999987,0.006258490098059788,0.5422222222220059,-1.8985168640049142,-1.8300000000000005,0.0,0.0,2.7777777777777777,2.7777777777777777,25.0,94.00866455187787,94.77777777777777,0.45309789513415755,-0.09999999999999964,-1.7000000000000002,-1.7000000000000002,2.7777777777777777,2.7777777777777777
119,0.0,False,0,4.0,False,25.0,-3.5608864694102236,-3.2222222222222454,1.4546158161051315,1.6,0.0,0.0,2.7777777777777777,2.7777777777777777,,,,,,,,,
119,0.1,False,0,4.0,False,25.0,-3.3881450072385233,-3.2222222222222454,1.3604198955197764,1.0500000000000003,-0.1,-0.1,2.7777777777777777,2.7777777777777777,25.0,230.73040807504233,230.17777777777786,0.12393119122959684,-0.00999999999999579,-0.1,-0.1,2.7777777777777777,2.7777777777777777
119,0.2,False,0,2.3000000000000043,True,25.0,-3.4494192341454832,-3.2222222222222454,0.3578325991118363,0.5000000000000009,-0.2,-0.2,2.7777777777777777,2.7777777777777777,25.0,52.61781353296662,52.40000000000005,0.005332516878776561,-0.019999999999997353,-0.2,-0.2,2.7777777777777777,2.7777777777777777
119,0.30000000000000004,True,2,0.0,True,18.399999999999984,-4.014607189367598,-3.7066666666666945,-0.0560247091016175,-0.11000000000000187,-0.30000000000000004,-0.30000000000000004,2.7777777777777777,2.7777777777777777,20.19999999999999,0.6683913980583727,1.1599999999999797,0.12488976889101,-0.020000000000001572,-0.30000000000000004,-0.30000000000000004,2.7777777777777777,2.7777777777777777
119,0.4,False,0,0.5779141104294611,True,2.799999999999987,-0.008637511188243074,0.27555555555532596,-1.6526168710132156,-1.880000000000006,0.0,0.0,2.7777777777777777,2.7777777777777777,21.999999999999993,30.951215293730126,31.011111111111102,0.12592734185779975,-6.661338147750939e-16,-0.4,-0.4,2.7777777777777777,2.7777777777777777
119,0.5,False,0,0.5779141104294611,True,2.799999999999987,-0.009411138085414272,0.35333333333319406,-1.7871137361472675,-1.85,0.0,0.0,2.7777777777777777,2.7777777777777777,25.0,47.43527971983171,47.88888888888887,0.27711062478325976,0.0,-0.5,-0.5,2.7777777777777777,2.7777777777777777
119,0.6000000000000001,False,0,0.5779141104294611,True,2.799999999999987,0.004807246751863836,0.6200000000002435,-1.8967675641755612,-1.8599999999999959,0.0,0.0,2.7777777777777777,2.7777777777777777,25.0,57.716097290817615,58.999999999999986,0.08185778165250346,-0.019999999999999574,-0.6000000000000001,-0.6000000000000001,2.7777777777777777,2.7777777777777777
119,0.7000000000000001,False,0,0.5779141104294611,True,2.799999999999987,-0.0067780536564781,0.9133333333331679,-1.7772796494515504,-1.899999999999999,0.0,0.0,2.7777777777777777,2.7777777777777777,25.0,67.21893925175489,67.8888888888889,-0.04100676601565745,-0.009999999999999343,-0.7000000000000001,-0.7000000000000001,2.7777777777777777,2.7777777777777777
119,0.8,False,0,0.5779141104294611,True,2.799999999999987,0.001608955777055776,0.9244444444442594,-1.699210210253831,-1.8799999999999994,0.0,0.0,2.7777777777777777,2.7777777777777777,25.0,74.28334220160808,74.55555555555556,0.017361643486549116,-2.220446049250313e-16,-0.8,-0.8,2.7777777777777777,2.7777777777777777
119,0.9,False,0,0.5779141104294611,True,2.799999999999987,-0.00917873541941372,0.6644444444443538,-1.8371155913159658,-1.8900000000000028,0.0,0.0,2.7777777777777777,2.7777777777777777,25.0,78.41878243479678,79.00000000000001,0.2787663679368353,-0.02000000000000024,-0.9,-0.9,2.7777777777777777,2.7777777777777777
119,1.0,False,0,0.5779141104294611,True,2.799999999999987,0.0014012499701268055,0.9111111111110803,-1.7845949314364484,-1.7999999999999998,0.0,0.0,2.7777777777777777,2.7777777777777777,25.0,82.18182918863805,83.44444444444444,0.5105105748047345,0.0,-1.0,-1.0,2.7777777777777777,2.7777777777777777
119,1.1,False,0,0.5779141104294611,True,2.799999999999987,0.00029127568195708164,0.49555555555538167,-1.8363261263573656,-1.8799999999999981,0.0,0.0,2.7777777777777777,2.7777777777777777,25.0,85.3033863815113,85.66666666666667,0.025940191480180896,-0.0499999999999996,-1.1,-1.1,2.7777777777777777,2.7777777777777777
119,1.2000000000000002,False,0,0.5779141104294611,True,2.799999999999987,-0.0006780133614823214,0.8911111111110701,-1.8551865621843424,-1.7999999999999998,0.0,0.0,2.7777777777777777,2.7777777777777777,25.0,87.82158978087145,87.88888888888889,-0.15223748289241246,-0.07999999999999963,-1.2000000000000002,-1.2000000000000002,2.7777777777777777,2.7777777777777777
119,1.3,False,0,0.5779141104294611,True,2.799999999999987,-0.005617850124497004,0.7199999999998683,-1.647379127330495,-1.8899999999999997,0.0,0.0,2.7777777777777777,2.7777777777777777,25.0,89.71332578598025,90.11111111111111,0.09090284505662849,-0.09000000000000008,-1.3,-1.3,2.7777777777777777,2.7777777777777777
119,1.4000000000000001,False,0,0.5779141104294611,True,2.799999999999987,0.004493975387203086,0.439999999999924,-1.7696260566642932,-1.8999999999999986,0.0,0.0,2.7777777777777777,2.7777777777777777,25.0,92.32122439546782,92.33333333333333,-0.2805265417095688,-0.08000000000000007,-1.4000000000000001,-1.4000000000000001,2.7777777777777777,2.7777777777777777
119,1.5,False,0,0.5181818181818036,True,2.799999999999987,-0.005640028344276793,0.548888888888837,-1.8993508445572653,-1.7999999999999998,0.0,0.0,2.7777777777777777,2.7777777777777777,25.0,94.37040961459279,94.55555555555556,0.11663753820602318,-0.04999999999999982,-1.5,-1.5,2.7777777777777777,2.7777777777777777
119,1.6,False,0,0.5779141104294611,True,2.799999999999987,-0.00430718208410763,0.5888888888887438,-1.7602204610738956,-1.879999999999999,0.0,0.0,2.7777777777777777,2.7777777777777777,25.0,94.35882053277946,94.55555555555556,0.19231475457937375,-0.1599999999999997,-1.6,-1.6,2.7777777777777777,2.7777777777777777
119,1.7000000000000002,False,0,0.5499999999999987,True,2.799999999999987,-0.0063993956161310095,0.6444444444444004,-1.8138458687934993,-1.8300000000000005,0.0,0.0,2.7777777777777777,2.7777777777777777,25.0,96.1855714709242,96.77777777777777,-0.09342886300716224,-0.09999999999999964,-1.7000000000000002,-1.7000000000000002,2.7777777777777777,2.7777777777777777
