long_dist,lat_vel,Crash,Crash type,minTTC,PFS,CFS,reacted,ego_speed,perceived_gap,true_gap,perceived_lat_gap,true_lat_gap,perceived_lat_speed,true_lat_speed,perceived_speed,true_speed,entry_ego_speed,entry_perceived_gap,entry_true_gap,entry_perceived_lat_gap,entry_true_lat_gap,entry_perceived_lat_speed,entry_true_lat_speed,entry_perceived_speed,entry_true_speed
1,0.0,False,0,4.0,1.0,1.0,True,13.88888888888889,-4.151720254611559,-4.044444444444442,1.3463670401784689,1.6,0.0,0.0,8.333333333333334,8.333333333333334,,,,,,,,,
1,0.1,False,0,4.0,0.0,0.0,False,13.88888888888889,-3.971607302236122,-4.044444444444442,1.3489002213519958,1.5,-0.1,-0.1,8.333333333333334,8.333333333333334,13.88888888888889,79.75868626371731,79.84444444444411,0.05936687058235912,-0.00999999999999579,-0.1,-0.1,8.333333333333334,8.333333333333334
1,0.2,False,0,4.0,0.0,0.0,False,13.88888888888889,-3.9323065662441463,-4.044444444444442,2.2481880284220064,1.4,-0.2,-0.2,8.333333333333334,8.333333333333334,13.88888888888889,35.67212030595908,35.39999999999981,0.2516757469577886,-0.019999999999997353,-0.2,-0.2,8.333333333333334,8.333333333333334
1,0.30000000000000004,False,0,3.633333333333333,0.0,0.0,False,13.88888888888889,-3.7735490466825263,-4.044444444444442,1.5270722013251294,1.3000000000000003,-0.30000000000000004,-0.30000000000000004,8.333333333333334,8.333333333333334,13.88888888888889,19.957520393345757,20.399999999999952,0.3498622125421922,-0.020000000000001572,-0.30000000000000004,-0.30000000000000004,8.333333333333334,8.333333333333334
1,0.4,False,0,2.3,1.0,1.0,True,13.88888888888889,-4.27865523695275,-4.044444444444442,1.3661831657737977,1.2000000000000002,-0.4,-0.4,8.333333333333334,8.333333333333334,13.88888888888889,13.7474553536513,12.622222222222181,-0.5420492534771271,-6.661338147750939e-16,-0.4,-0.4,8.333333333333334,8.333333333333334
1,0.5,False,0,1.5,1.0,1.0,True,13.88888888888889,-3.876818285043842,-4.044444444444442,1.2472148579569473,1.1,-0.5,-0.5,8.333333333333334,8.333333333333334,13.88888888888889,8.07447602128659,8.177777777777745,0.03574183113729479,0.0,-0.5,-0.5,8.333333333333334,8.333333333333334
1,0.6000000000000001,False,0,0.9666666666666673,1.0,1.0,True,13.88888888888889,-3.8031549843165857,-4.044444444444442,0.770527965316889,1.0,-0.6000000000000001,-0.6000000000000001,8.333333333333334,8.333333333333334,13.88888888888889,6.021350802198268,5.399999999999985,0.6944458327985337,-0.019999999999999574,-0.6000000000000001,-0.6000000000000001,8.333333333333334,8.333333333333334
1,0.7000000000000001,False,0,0.5857142857142865,1.0,1.0,True,13.88888888888889,-4.276942792571517,-4.044444444444442,0.5770119067305952,0.8999999999999999,-0.7000000000000001,-0.7000000000000001,8.333333333333334,8.333333333333334,13.88888888888889,2.9639306825920793,3.177777777777778,0.5379010412297056,-0.009999999999999343,-0.7000000000000001,-0.7000000000000001,8.333333333333334,8.333333333333334
1,0.8,False,0,0.2999999999999997,1.0,1.0,True,13.88888888888889,-4.100660601559983,-4.044444444444442,0.884656212547926,0.8000000000000003,-0.8,-0.8,8.333333333333334,8.333333333333334,13.88888888888889,2.225092504774346,1.5111111111111137,0.48485044089252893,-2.220446049250313e-16,-0.8,-0.8,8.333333333333334,8.333333333333334
1,0.9,False,0,0.07777777777777735,1.0,1.0,True,13.88888888888889,-3.0776654365955958,-4.044444444444442,0.22304806047806958,0.6999999999999997,-0.9,-0.9,8.333333333333334,8.333333333333334,13.88888888888889,0.22513960393260124,0.400000000000003,-0.4841830231726836,-0.02000000000000024,-0.9,-0.9,8.333333333333334,8.333333333333334
1,1.0,True,1,0.0,1.0,1.0,True,13.76238888888889,-2.681884778050981,-4.057094444444442,0.035184266497583216,0.6000000000000001,-1.0,-1.0,8.333333333333334,8.333333333333334,13.76238888888889,-1.7677434058316335,-0.7996611111111092,1.6551085323880108,0.0,-1.0,-1.0,8.333333333333334,8.333333333333334
1,1.1,True,1,0.0,1.0,1.0,True,13.88888888888889,-4.012823496890053,-4.044444444444442,0.5027362527547292,0.5000000000000004,-1.1,-1.1,8.333333333333334,8.333333333333334,13.88888888888889,-0.49246020341741126,-1.2666666666666613,0.6300919444371234,-0.0499999999999996,-1.1,-1.1,8.333333333333334,8.333333333333334
1,1.2000000000000002,True,1,0.0,1.0,1.0,True,12.623888888888889,-3.8440919410906753,-4.226655555555555,0.6847276463677598,0.3999999999999999,-1.2000000000000002,-1.2000000000000002,8.333333333333334,8.333333333333334,12.023888888888889,-2.5810105590174386,-2.897122222222218,0.30702673823817195,-0.07999999999999963,-1.2000000000000002,-1.2000000000000002,8.333333333333334,8.333333333333334
1,1.3,True,1,0.0,1.0,1.0,True,12.023888888888889,-4.109465611786969,-4.116055555555556,0.5140792087701849,0.2999999999999998,-1.3,-1.3,8.333333333333334,8.333333333333334,11.42388888888889,-2.4075018949839295,-3.496777777777779,-0.4759247445664083,-0.09000000000000008,-1.3,-1.3,8.333333333333334,8.333333333333334
1,1.4000000000000001,True,1,0.0,1.0,1.0,True,11.42388888888889,-3.904426127264343,-4.174888888888888,-0.868747401446369,0.05999999999999983,-1.4000000000000001,-1.4000000000000001,8.333333333333334,8.333333333333334,10.82388888888889,-4.051774651182263,-3.9258333333333306,-0.06277050476587198,-0.08000000000000007,-1.4000000000000001,-1.4000000000000001,8.333333333333334,8.333333333333334
1,1.5,True,1,0.0,1.0,1.0,True,13.129888888888889,-3.935031716432964,-4.277255555555555,0.6829037428592177,0.10000000000000009,-1.5,-1.5,8.333333333333334,8.333333333333334,13.129888888888889,-3.9500809817389113,-3.8430888888888886,-0.08930301014120778,-0.04999999999999982,-1.5,-1.5,8.333333333333334,8.333333333333334
1,1.6,True,1,0.0,1.0,1.0,True,11.42388888888889,-3.1683427163277225,-4.212838888888888,-0.7584893437165026,-0.1599999999999997,-1.6,-1.6,8.333333333333334,8.333333333333334,11.42388888888889,-3.1683427163277225,-4.212838888888888,-0.7584893437165026,-0.1599999999999997,-1.6,-1.6,8.333333333333334,8.333333333333334
1,1.7000000000000002,True,2,0.0,1.0,1.0,True,8.423888888888891,-2.912763200693891,-3.959277777777781,-0.5527217072098831,-0.7799999999999994,-1.7000000000000002,-1.7000000000000002,8.333333333333334,8.333333333333334,10.82388888888889,-3.498674606622134,-3.5630555555555583,-0.14375906662313565,-0.09999999999999964,-1.7000000000000002,-1.7000000000000002,8.333333333333334,8.333333333333334
2,0.0,False,0,4.0,0.0,0.0,False,13.88888888888889,-3.969200977079736,-4.111111111111115,2.130624915750087,1.6,0.0,0.0,8.333333333333334,8.333333333333334,,,,,,,,,
2,0.1,False,0,4.0,0.0,0.0,False,13.88888888888889,-3.6489925348965295,-4.111111111111115,2.341357578933231,1.4900000000000002,-0.1,-0.1,8.333333333333334,8.333333333333334,13.88888888888889,78.31316876574225,78.84444444444411,0.3846399958705411,-0.00999999999999579,-0.1,-0.1,8.333333333333334,8.333333333333334
2,0.2,False,0,4.0,1.0,1.0,True,13.88888888888889,-3.9331606200387563,-4.111111111111115,0.8250611473579399,1.3800000000000003,-0.2,-0.2,8.333333333333334,8.333333333333334,13.88888888888889,34.07896169258056,34.39999999999981,-0.335366240219487,-0.019999999999997353,-0.2,-0.2,8.333333333333334,8.333333333333334
2,0.30000000000000004,False,0,3.4333333333333336,1.0,1.0,True,13.88888888888889,-4.107017792346745,-4.111111111111115,1.2888729404252066,1.27,-0.30000000000000004,-0.30000000000000004,8.333333333333334,8.333333333333334,13.88888888888889,19.30192897534985,19.399999999999952,-0.42621549589136953,-0.020000000000001572,-0.30000000000000004,-0.30000000000000004,8.333333333333334,8.333333333333334
2,0.4,False,0,2.0999999999999996,1.0,1.0,True,13.88888888888889,-3.9315162038696867,-4.111111111111115,0.47573352379577916,1.1600000000000001,-0.4,-0.4,8.333333333333334,8.333333333333334,13.88888888888889,11.558487676208369,11.622222222222181,-0.12974311899019697,-6.661338147750939e-16,-0.4,-0.4,8.333333333333334,8.333333333333334
2,0.5,False,0,1.2999999999999998,1.0,1.0,True,13.88888888888889,-4.053797191917696,-4.111111111111115,1.433077267655689,1.0500000000000003,-0.5,-0.5,8.333333333333334,8.333333333333334,13.88888888888889,6.193903789858436,7.177777777777746,-0.30596920357527746,0.0,-0.5,-0.5,8.333333333333334,8.333333333333334
2,0.6000000000000001,False,0,0.7666666666666673,1.0,1.0,True,13.88888888888889,-3.3732939356297793,-4.111111111111115,0.9200704684822485,0.94,-0.6000000000000001,-0.6000000000000001,8.333333333333334,8.333333333333334,13.88888888888889,4.8907285866155705,4.399999999999985,-0.9244008285926386,-0.019999999999999574,-0.6000000000000001,-0.6000000000000001,8.333333333333334,8.333333333333334
2,0.7000000000000001,False,0,0.38571428571428634,1.0,1.0,True,13.88888888888889,-4.23574495195983,-4.111111111111115,0.292084718781076,0.8300000000000001,-0.7000000000000001,-0.7000000000000001,8.333333333333334,8.333333333333334,13.88888888888889,2.3867577029573086,2.177777777777778,-0.7306893341849658,-0.009999999999999343,-0.7000000000000001,-0.7000000000000001,8.333333333333334,8.333333333333334
2,0.8,False,0,0.09999999999999953,1.0,1.0,True,13.88888888888889,-2.783945874199131,-4.111111111111115,0.1401812116163157,0.7200000000000002,-0.8,-0.8,8.333333333333334,8.333333333333334,13.88888888888889,0.3231965464278064,0.5111111111111137,0.6427437917583396,-2.220446049250313e-16,-0.8,-0.8,8.333333333333334,8.333333333333334
2,0.9,True,1,0.0,1.0,1.0,True,13.88888888888889,-3.871825517108028,-4.111111111111115,0.24237278847857313,0.6099999999999999,-0.9,-0.9,8.333333333333334,8.333333333333334,13.50938888888889,-0.19226873446498782,-0.8403499999999857,0.26196932187200206,-0.02000000000000024,-0.9,-0.9,8.333333333333334,8.333333333333334
2,1.0,True,1,0.0,1.0,1.0,True,13.50938888888889,-3.2258795082889575,-4.07248333333333,0.5702695096739303,0.3999999999999999,-1.0,-1.0,8.333333333333334,8.333333333333334,13.50938888888889,-2.481019471038901,-2.0020611111111064,0.23669692345923465,0.0,-1.0,-1.0,8.333333333333334,8.333333333333334
2,1.1,True,1,0.0,1.0,1.0,True,10.22388888888889,-4.040041232306144,-4.232277777777781,0.39421070924621127,0.0600000000000005,-1.1,-1.1,8.333333333333334,8.333333333333334,10.22388888888889,-4.040454103805906,-4.17866666666666,-0.012046615845734854,-0.0499999999999996,-1.1,-1.1,8.333333333333334,8.333333333333334
2,1.2000000000000002,True,1,0.0,1.0,1.0,True,10.82388888888889,-3.3490087137724585,-4.229722222222221,0.4393445142628516,0.04000000000000026,-1.2000000000000002,-1.2000000000000002,8.333333333333334,8.333333333333334,10.22388888888889,-4.1058757121941865,-4.181222222222224,-0.27352714408917866,-0.07999999999999963,-1.2000000000000002,-1.2000000000000002,8.333333333333334,8.333333333333334
2,1.3,True,2,0.0,1.0,1.0,True,8.423888888888891,-2.6700469247217375,-3.5148333333333346,1.6015982358153944,-0.3500000000000003,-1.3,-1.3,8.333333333333334,8.333333333333334,9.62388888888889,-3.1590079197361858,-3.4367222222222216,0.33880337937682903,-0.09000000000000008,-1.3,-1.3,8.333333333333334,8.333333333333334
2,1.4000000000000001,True,2,0.0,1.0,1.0,True,8.423888888888891,-3.298042921049446,-3.5148333333333346,-0.49486996504740577,-0.49999999999999956,-1.4000000000000001,-1.4000000000000001,8.333333333333334,8.333333333333334,10.22388888888889,-3.54136853704233,-3.3076666666666688,0.15134010302149825,-0.08000000000000007,-1.4000000000000001,-1.4000000000000001,8.333333333333334,8.333333333333334
2,1.5,True,2,0.0,1.0,1.0,True,8.423888888888891,-3.7157533002781937,-4.0794444444444435,-0.6671068604141119,-0.9499999999999997,-1.5,-1.5,8.333333333333334,8.333333333333334,11.42388888888889,-3.710392380400916,-3.4251111111111117,0.904919077817425,-0.04999999999999982,-1.5,-1.5,8.333333333333334,8.333333333333334
2,1.6,True,2,0.0,1.0,1.0,True,8.423888888888891,-3.1157964992334177,-3.5148333333333346,-1.5051493062673416,-0.8000000000000003,-1.6,-1.6,8.333333333333334,8.333333333333334,10.82388888888889,-2.686798057748155,-3.118611111111112,0.14742200769615854,-0.1599999999999997,-1.6,-1.6,8.333333333333334,8.333333333333334
2,1.7000000000000002,True,2,0.0,1.0,1.0,True,8.423888888888891,-2.419631554112704,-1.848166666666672,0.03292259608541581,-0.4399999999999995,-1.7000000000000002,-1.7000000000000002,8.333333333333334,8.333333333333334,9.62388888888889,-2.3071974599751863,-1.7700555555555573,0.015562351149745801,-0.09999999999999964,-1.7000000000000002,-1.7000000000000002,8.333333333333334,8.333333333333334
3,0.0,False,0,4.0,0.0,0.0,False,13.88888888888889,-3.1031231077947785,-4.222222222222224,1.4690916519038053,1.6,0.0,0.0,8.333333333333334,8.333333333333334,,,,,,,,,
3,0.1,False,0,4.0,0.0,0.0,False,13.88888888888889,-4.173186474882505,-4.222222222222224,0.7684257342521827,1.4700000000000002,-0.1,-0.1,8.333333333333334,8.333333333333334,13.88888888888889,77.5603783618693,77.84444444444411,-0.027744007220914524,-0.00999999999999579,-0.1,-0.1,8.333333333333334,8.333333333333334
3,0.2,False,0,4.0,1.0,1.0,True,13.88888888888889,-2.7356665063388297,-4.222222222222224,0.5777378569249052,1.3400000000000003,-0.2,-0.2,8.333333333333334,8.333333333333334,13.88888888888889,33.19747778860852,33.39999999999981,0.5665889074174322,-0.019999999999997353,-0.2,-0.2,8.333333333333334,8.333333333333334
3,0.30000000000000004,False,0,3.3333333333333344,1.0,1.0,True,13.88888888888889,-3.936747290950513,-4.222222222222224,1.129794023279743,1.21,-0.30000000000000004,-0.30000000000000004,8.333333333333334,8.333333333333334,13.88888888888889,17.88597766316028,18.399999999999952,0.5271385680717913,-0.020000000000001572,-0.30000000000000004,-0.30000000000000004,8.333333333333334,8.333333333333334
3,0.4,False,0,1.9999999999999996,1.0,1.0,True,13.88888888888889,-3.88577451549424,-4.222222222222224,1.3931434929252293,1.08,-0.4,-0.4,8.333333333333334,8.333333333333334,13.88888888888889,10.710402786825814,10.622222222222181,-0.8418324393205459,-6.661338147750939e-16,-0.4,-0.4,8.333333333333334,8.333333333333334
3,0.5,False,0,1.2000000000000002,1.0,1.0,True,13.88888888888889,-3.9662782279071562,-4.222222222222224,1.9537983683109261,0.9500000000000002,-0.5,-0.5,8.333333333333334,8.333333333333334,13.88888888888889,5.671343380507811,6.177777777777746,0.7803971172263111,0.0,-0.5,-0.5,8.333333333333334,8.333333333333334
3,0.6000000000000001,False,0,0.6666666666666672,1.0,1.0,True,13.88888888888889,-4.26095553712378,-4.222222222222224,0.7758184521514147,0.8200000000000003,-0.6000000000000001,-0.6000000000000001,8.333333333333334,8.333333333333334,13.88888888888889,2.66575502790364,3.3999999999999853,-0.43115613277943066,-0.019999999999999574,-0.6000000000000001,-0.6000000000000001,8.333333333333334,8.333333333333334
3,0.7000000000000001,False,0,0.1857142857142868,1.0,1.0,True,13.76238888888889,-4.13160302607094,-4.209572222222223,1.1951725120933099,0.69,-0.7000000000000001,-0.7000000000000001,8.333333333333334,8.333333333333334,13.76238888888889,1.5542706017345482,1.0386277777777702,-0.63173344456944,-0.009999999999999343,-0.7000000000000001,-0.7000000000000001,8.333333333333334,8.333333333333334
3,0.8,True,1,0.0,1.0,1.0,True,13.76238888888889,-4.03896258411229,-4.209572222222223,0.9435571354790482,0.56,-0.8,-0.8,8.333333333333334,8.333333333333334,13.50938888888889,-1.1317709014618833,-0.7418888888888828,0.6480611160854761,-2.220446049250313e-16,-0.8,-0.8,8.333333333333334,8.333333333333334
3,0.9,True,1,0.0,1.0,1.0,True,13.129888888888889,-3.7677092875518445,-4.095722222222224,0.41144036697033304,0.4299999999999997,-0.9,-0.9,8.333333333333334,8.333333333333334,12.023888888888889,-3.2814703992498364,-2.598999999999992,0.4333790208933661,-0.02000000000000024,-0.9,-0.9,8.333333333333334,8.333333333333334
3,1.0,True,1,0.0,1.0,1.0,True,13.129888888888889,-4.213719788149283,-4.095722222222224,0.32846190529010366,0.30000000000000027,-1.0,-1.0,8.333333333333334,8.333333333333334,13.129888888888889,-1.8694651691893602,-3.06531111111111,0.2610243989651795,0.0,-1.0,-1.0,8.333333333333334,8.333333333333334
3,1.1,True,2,0.0,1.0,1.0,True,8.423888888888891,-3.820937578727963,-3.874999999999999,0.008208257469800584,-0.3799999999999999,-1.1,-1.1,8.333333333333334,8.333333333333334,10.22388888888889,-4.280019316132466,-3.667833333333337,0.768997122904616,-0.0499999999999996,-1.1,-1.1,8.333333333333334,8.333333333333334
3,1.2000000000000002,True,2,0.0,1.0,1.0,True,8.423888888888891,-3.4776118832283265,-3.070388888888888,-0.9235797267539005,-0.3199999999999994,-1.2000000000000002,-1.2000000000000002,8.333333333333334,8.333333333333334,9.62388888888889,-2.6407425067411294,-2.9922777777777787,-0.14213816902845045,-0.07999999999999963,-1.2000000000000002,-1.2000000000000002,8.333333333333334,8.333333333333334
3,1.3,True,2,0.0,1.0,1.0,True,8.423888888888891,-1.567238312816765,-2.5148333333333346,-1.4231045881744975,-0.3500000000000003,-1.3,-1.3,8.333333333333334,8.333333333333334,9.62388888888889,-1.2019065448448272,-2.4367222222222216,-0.1920649942884598,-0.09000000000000008,-1.3,-1.3,8.333333333333334,8.333333333333334
3,1.4000000000000001,True,2,0.0,1.0,1.0,True,8.423888888888891,-1.5404044492378643,-3.070388888888888,0.14583068432548663,-0.6399999999999992,-1.4000000000000001,-1.4000000000000001,8.333333333333334,8.333333333333334,10.82388888888889,-1.6219758505518138,-2.674166666666669,0.3359222685363723,-0.08000000000000007,-1.4000000000000001,-1.4000000000000001,8.333333333333334,8.333333333333334
3,1.5,True,2,0.0,1.0,1.0,True,8.423888888888891,-2.7686031139883402,-1.959277777777781,1.0862060546650585,-0.5,-1.5,-1.5,8.333333333333334,8.333333333333334,10.22388888888889,-2.1833620296384924,-1.7521111111111134,-0.681728532778966,-0.04999999999999982,-1.5,-1.5,8.333333333333334,8.333333333333334
3,1.6,True,2,0.0,1.0,1.0,True,8.423888888888891,-2.750246695653586,-3.070388888888888,-1.0486267965958094,-0.9600000000000004,-1.6,-1.6,8.333333333333334,8.333333333333334,11.42388888888889,-2.4422372700119057,-2.4251111111111117,0.31175758624360306,-0.1599999999999997,-1.6,-1.6,8.333333333333334,8.333333333333334
3,1.7000000000000002,True,2,0.0,1.0,1.0,True,8.423888888888891,-2.3455217660966587,-1.959277777777781,-1.4467319248898516,-0.7799999999999994,-1.7000000000000002,-1.7000000000000002,8.333333333333334,8.333333333333334,10.82388888888889,-1.4102411137196258,-1.5630555555555583,-0.22501142093619908,-0.09999999999999964,-1.7000000000000002,-1.7000000000000002,8.333333333333334,8.333333333333334
4,0.0,False,0,4.0,0.0,0.0,False,13.88888888888889,-4.014255092771303,-4.266666666666661,0.6987509103248564,1.6,0.0,0.0,8.333333333333334,8.333333333333334,,,,,,,,,
4,0.1,False,0,4.0,0.0,0.0,False,13.88888888888889,-3.8602549110001787,-4.266666666666661,1.3928818542334667,1.4500000000000002,-0.1,-0.1,8.333333333333334,8.333333333333334,13.88888888888889,76.31318906045674,76.84444444444411,0.3068524609698762,-0.00999999999999579,-0.1,-0.1,8.333333333333334,8.333333333333334
4,0.2,False,0,4.0,1.0,1.0,True,13.88888888888889,-3.9507476597335005,-4.266666666666661,1.0898321044437007,1.3000000000000003,-0.2,-0.2,8.333333333333334,8.333333333333334,13.88888888888889,33.14669445174913,32.39999999999981,0.3665826929484046,-0.019999999999997353,-0.2,-0.2,8.333333333333334,8.333333333333334
4,0.30000000000000004,False,0,3.133333333333334,1.0,1.0,True,13.88888888888889,-4.2333399663060645,-4.266666666666661,1.9874000893630046,1.1500000000000004,-0.30000000000000004,-0.30000000000000004,8.333333333333334,8.333333333333334,13.88888888888889,17.718023601940427,17.399999999999945,-0.2670121780075312,-0.020000000000001572,-0.30000000000000004,-0.30000000000000004,8.333333333333334,8.333333333333334
4,0.4,False,0,1.7999999999999994,1.0,1.0,True,13.88888888888889,-4.2342058170673615,-4.266666666666661,2.57390675670077,1.0,-0.4,-0.4,8.333333333333334,8.333333333333334,13.88888888888889,9.776197556225998,9.622222222222181,-0.07895041996464847,-6.661338147750939e-16,-0.4,-0.4,8.333333333333334,8.333333333333334
4,0.5,False,0,1.0,1.0,1.0,True,13.88888888888889,-2.6143341753406153,-4.266666666666661,0.8263704769491125,0.8500000000000001,-0.5,-0.5,8.333333333333334,8.333333333333334,13.88888888888889,5.7953717020494695,5.177777777777746,-1.4308578823637208,0.0,-0.5,-0.5,8.333333333333334,8.333333333333334
4,0.6000000000000001,False,0,0.46666666666666773,1.0,1.0,True,13.88888888888889,-4.226252020648068,-4.266666666666661,0.08329033054950186,0.7000000000000002,-0.6000000000000001,-0.6000000000000001,8.333333333333334,8.333333333333334,13.88888888888889,2.9842448811057674,2.3999999999999853,-0.08515749638213221,-0.019999999999999574,-0.6000000000000001,-0.6000000000000001,8.333333333333334,8.333333333333334
4,0.7000000000000001,False,0,0.08571428571428673,1.0,1.0,True,13.88888888888889,-3.9063644398062918,-4.266666666666661,0.5127127814259591,0.5500000000000003,-0.7000000000000001,-0.7000000000000001,8.333333333333334,8.333333333333334,13.88888888888889,-0.2584070624588355,0.17777777777777803,-0.33332423299672853,-0.009999999999999343,-0.7000000000000001,-0.7000000000000001,8.333333333333334,8.333333333333334
4,0.8,True,1,0.0,1.0,1.0,True,12.623888888888889,-3.792030522961652,-4.217111111111108,-1.4482921249717944,0.31999999999999984,-0.8,-0.8,8.333333333333334,8.333333333333334,12.623888888888889,-2.311867248094802,-2.5008888888888867,0.39162087699826964,-2.220446049250313e-16,-0.8,-0.8,8.333333333333334,8.333333333333334
4,0.9,True,2,0.0,1.0,1.0,True,8.423888888888891,-3.9418064854055173,-4.279961111111109,0.17196220937968176,-0.19999999999999996,-0.9,-0.9,8.333333333333334,8.333333333333334,9.62388888888889,-3.4337434190029645,-4.201849999999999,0.5580310723059525,-0.02000000000000024,-0.9,-0.9,8.333333333333334,8.333333333333334
4,1.0,True,2,0.0,1.0,1.0,True,7.023888888888891,-3.7846771544385573,-4.295999999999995,-0.5880093894357379,-1.1,-1.0,-1.0,8.333333333333334,8.333333333333334,10.82388888888889,-3.8580709951175143,-3.8963888888888922,-0.3226516414255973,0.0,-1.0,-1.0,8.333333333333334,8.333333333333334
4,1.1,True,2,0.0,1.0,1.0,True,8.423888888888891,-4.108357719277719,-3.181499999999999,-0.5363882747993034,-0.3799999999999999,-1.1,-1.1,8.333333333333334,8.333333333333334,10.22388888888889,-2.442719183815899,-2.9743333333333366,-0.19669169627548166,-0.0499999999999996,-1.1,-1.1,8.333333333333334,8.333333333333334
4,1.2000000000000002,True,2,0.0,1.0,1.0,True,8.423888888888891,-0.980617365322682,-1.5148333333333346,-0.7091712153270961,-0.1999999999999995,-1.2000000000000002,-1.2000000000000002,8.333333333333334,8.333333333333334,9.02388888888889,-2.4077751343235,-1.5057777777777792,-0.7087138913143098,-0.07999999999999963,-1.2000000000000002,-1.2000000000000002,8.333333333333334,8.333333333333334
4,1.3,True,2,0.0,1.0,1.0,True,8.423888888888891,-0.20348962412992488,-0.959277777777781,-0.6476114277365159,-0.2200000000000002,-1.3,-1.3,8.333333333333334,8.333333333333334,9.02388888888889,-1.7195420935774957,-0.9502222222222239,-0.7051501547369647,-0.09000000000000008,-1.3,-1.3,8.333333333333334,8.333333333333334
4,1.4000000000000001,True,2,0.0,1.0,1.0,True,8.423888888888891,-1.9672196971268496,-2.070388888888888,0.05365836517504308,-0.6399999999999992,-1.4000000000000001,-1.4000000000000001,8.333333333333334,8.333333333333334,10.82388888888889,-1.6855021765415694,-1.674166666666669,-0.23729600054452638,-0.08000000000000007,-1.4000000000000001,-1.4000000000000001,8.333333333333334,8.333333333333334
4,1.5,True,2,0.0,1.0,1.0,True,8.423888888888891,-0.5905649548196648,-1.5148333333333346,-0.36490213314598496,-0.6499999999999999,-1.5,-1.5,8.333333333333334,8.333333333333334,10.82388888888889,-1.9238135521060444,-1.1186111111111083,-1.0487852733812004,-0.04999999999999982,-1.5,-1.5,8.333333333333334,8.333333333333334
4,1.6,True,2,0.0,1.0,1.0,True,8.62388888888889,-0.2645077944769225,-0.42372222222222344,-1.7976013520369651,-0.48,-1.6,-1.6,8.333333333333334,8.333333333333334,9.62388888888889,-0.6778266443094134,-0.3256111111111091,0.805379497497269,-0.1599999999999997,-1.6,-1.6,8.333333333333334,8.333333333333334
4,1.7000000000000002,True,2,0.0,1.0,1.0,True,8.370888888888889,-0.17403305241328493,-0.5568777777777809,-1.8632995617976134,-0.7799999999999994,-1.7000000000000002,-1.7000000000000002,8.333333333333334,8.333333333333334,10.42388888888889,-0.10155598873206184,-0.2165555555555576,0.6973933817878701,-0.09999999999999964,-1.7000000000000002,-1.7000000000000002,8.333333333333334,8.333333333333334
5,0.0,False,0,4.0,0.0,0.0,False,13.88888888888889,-3.0052167085751043,-4.155555555555554,1.511749957089639,1.6,0.0,0.0,8.333333333333334,8.333333333333334,,,,,,,,,
5,0.1,False,0,4.0,0.0,0.0,False,13.88888888888889,-4.042142205352195,-4.155555555555554,1.4433376225142767,1.4300000000000002,-0.1,-0.1,8.333333333333334,8.333333333333334,13.88888888888889,76.36232313866897,75.84444444444411,0.14970906454201982,-0.00999999999999579,-0.1,-0.1,8.333333333333334,8.333333333333334
5,0.2,False,0,4.0,0.0,0.0,False,13.88888888888889,-3.5441818790045785,-4.155555555555554,1.7481169199239064,1.2600000000000002,-0.2,-0.2,8.333333333333334,8.333333333333334,13.88888888888889,31.88756459427118,31.399999999999803,0.7119788676905348,-0.019999999999997353,-0.2,-0.2,8.333333333333334,8.333333333333334
5,0.30000000000000004,False,0,2.933333333333334,1.0,1.0,True,13.88888888888889,-4.01473320118821,-4.155555555555554,0.16236677012577028,1.0900000000000003,-0.30000000000000004,-0.30000000000000004,8.333333333333334,8.333333333333334,13.88888888888889,17.485899375418892,16.399999999999945,-0.38011074889149143,-0.020000000000001572,-0.30000000000000004,-0.30000000000000004,8.333333333333334,8.333333333333334
5,0.4,False,0,1.5999999999999992,1.0,1.0,True,13.88888888888889,-3.7391183802616075,-4.155555555555554,0.44023683080977394,0.9199999999999999,-0.4,-0.4,8.333333333333334,8.333333333333334,13.88888888888889,8.28581412262066,8.622222222222181,0.7372511860587236,-6.661338147750939e-16,-0.4,-0.4,8.333333333333334,8.333333333333334
5,0.5,False,0,0.7999999999999998,1.0,1.0,True,13.88888888888889,-4.003075955819557,-4.155555555555554,1.8437246819951012,0.75,-0.5,-0.5,8.333333333333334,8.333333333333334,13.88888888888889,4.3874755398945995,4.177777777777746,0.6352268833132952,0.0,-0.5,-0.5,8.333333333333334,8.333333333333334
5,0.6000000000000001,False,0,0.2666666666666676,1.0,1.0,True,13.88888888888889,-3.5177344598147746,-4.155555555555554,0.8196322814594574,0.5800000000000005,-0.6000000000000001,-0.6000000000000001,8.333333333333334,8.333333333333334,13.88888888888889,1.4885964756556875,1.3999999999999853,0.322908493437263,-0.019999999999999574,-0.6000000000000001,-0.6000000000000001,8.333333333333334,8.333333333333334
5,0.7000000000000001,True,1,0.0,1.0,1.0,True,13.50938888888889,-3.970687676098186,-4.231455555555558,0.4830987298842544,0.4100000000000006,-0.7000000000000001,-0.7000000000000001,8.333333333333334,8.333333333333334,13.129888888888889,-2.1307599470643863,-1.2776222222222264,-0.2283374190355132,-0.009999999999999343,-0.7000000000000001,-0.7000000000000001,8.333333333333334,8.333333333333334
5,0.8,True,2,0.0,1.0,1.0,True,8.423888888888891,-1.2247891646493185,-2.168849999999998,0.37125836343613106,0.1599999999999997,-0.8,-0.8,8.333333333333334,8.333333333333334,7.823888888888892,-2.6955046077734286,-2.066961111111108,-0.41763747375053906,-2.220446049250313e-16,-0.8,-0.8,8.333333333333334,8.333333333333334
5,0.9,True,2,0.0,1.0,1.0,True,8.423888888888891,-2.7362276906072145,-2.7370555555555596,0.44908981655779145,-0.1100000000000001,-0.9,-0.9,8.333333333333334,8.333333333333334,9.02388888888889,-2.704686415717478,-2.728000000000004,-0.2749949345083418,-0.02000000000000024,-0.9,-0.9,8.333333333333334,8.333333333333334
5,1.0,True,2,0.0,1.0,1.0,True,8.423888888888891,-3.3694875560649455,-3.2926111111111096,-0.5247838097451538,-0.3999999999999999,-1.0,-1.0,8.333333333333334,8.333333333333334,10.82388888888889,-1.8821499876785515,-2.8963888888888922,-0.24320974010553487,0.0,-1.0,-1.0,8.333333333333334,8.333333333333334
5,1.1,True,2,0.0,1.0,1.0,True,8.423888888888891,-1.3024627123165358,-2.168849999999998,-0.045143206459970164,-0.3799999999999999,-1.1,-1.1,8.333333333333334,8.333333333333334,10.22388888888889,-3.0297375958015484,-1.9616833333333359,0.10418853710691689,-0.0499999999999996,-1.1,-1.1,8.333333333333334,8.333333333333334
5,1.2000000000000002,True,2,0.0,1.0,1.0,True,8.69738888888889,0.25339808189607727,-0.644233333333335,0.08216039029517908,-0.1999999999999995,-1.2000000000000002,-1.2000000000000002,8.333333333333334,8.333333333333334,9.29738888888889,-0.260611914729199,-0.6078277777777776,0.16516730625066733,-0.07999999999999963,-1.2000000000000002,-1.2000000000000002,8.333333333333334,8.333333333333334
5,1.3,True,2,0.0,1.0,1.0,True,8.423888888888891,-2.2948042340859756,-1.6259444444444382,-0.6808605408911448,-0.6100000000000003,-1.3,-1.3,8.333333333333334,8.333333333333334,10.82388888888889,-1.0049874305193063,-1.2297222222222208,-0.7042265487310349,-0.09000000000000008,-1.3,-1.3,8.333333333333334,8.333333333333334
5,1.4000000000000001,True,2,0.0,1.0,1.0,True,8.42388888888889,-0.28698398096543354,-0.028333333333335098,-0.5317454668618933,-0.49999999999999956,-1.4000000000000001,-1.4000000000000001,8.333333333333334,8.333333333333334,9.62388888888889,0.1626332496995735,0.11883333333333024,-0.4360956218700156,-0.08000000000000007,-1.4000000000000001,-1.4000000000000001,8.333333333333334,8.333333333333334
5,1.5,True,2,0.0,1.0,1.0,True,8.62388888888889,-0.6779975280475012,-0.5348333333333377,-0.7797959406598491,-0.6499999999999999,-1.5,-1.5,8.333333333333334,8.333333333333334,10.82388888888889,-0.1257597860127868,-0.11861111111110834,-0.2911398988345748,-0.04999999999999982,-1.5,-1.5,8.333333333333334,8.333333333333334
5,1.6,False,0,0.36342425238251824,1.0,1.0,True,8.697388888888888,-0.08554352104623941,0.3725222222222202,-0.5994764623815343,-0.6400000000000001,-1.6,-1.6,8.333333333333334,8.333333333333334,10.023888888888889,1.1337831965377712,0.6143888888888904,-0.8718175942879673,-0.1599999999999997,-1.6,-1.6,8.333333333333334,8.333333333333334
5,1.7000000000000002,False,0,0.4665762647296191,1.0,1.0,True,8.63752766996765,0.7163844247191564,0.6062334411434565,-1.2418243342976776,-0.7799999999999994,-1.7000000000000002,-1.7000000000000002,8.333333333333334,8.333333333333334,10.364027669967651,-0.02001084799293462,0.9679111757971848,0.3915140094708076,-0.09999999999999964,-1.7000000000000002,-1.7000000000000002,8.333333333333334,8.333333333333334
6,0.0,False,0,4.0,0.0,0.0,False,13.88888888888889,-3.7249637009094725,-4.04444444444444,1.7638635284733595,1.6,0.0,0.0,8.333333333333334,8.333333333333334,,,,,,,,,
6,0.1,False,0,4.0,1.0,1.0,True,13.88888888888889,-3.8388307810177293,-4.04444444444444,0.9485919582488287,1.4100000000000001,-0.1,-0.1,8.333333333333334,8.333333333333334,13.88888888888889,74.7395483643623,74.84444444444411,-0.09739326845851815,-0.00999999999999579,-0.1,-0.1,8.333333333333334,8.333333333333334
6,0.2,False,0,4.0,1.0,1.0,True,13.88888888888889,-4.249451459993771,-4.04444444444444,0.9520450555593376,1.2200000000000002,-0.2,-0.2,8.333333333333334,8.333333333333334,13.88888888888889,30.071403548659855,30.399999999999803,0.21687739706041453,-0.019999999999997353,-0.2,-0.2,8.333333333333334,8.333333333333334
6,0.30000000000000004,False,0,2.733333333333334,1.0,1.0,True,13.88888888888889,-3.2295655462430615,-4.04444444444444,0.3863422106501564,1.0300000000000002,-0.30000000000000004,-0.30000000000000004,8.333333333333334,8.333333333333334,13.88888888888889,15.549272890753624,15.399999999999945,-0.23986496384359013,-0.020000000000001572,-0.30000000000000004,-0.30000000000000004,8.333333333333334,8.333333333333334
6,0.4,False,0,1.399999999999999,1.0,1.0,True,13.88888888888889,-4.0979338604237325,-4.04444444444444,0.7023328256003443,0.8399999999999999,-0.4,-0.4,8.333333333333334,8.333333333333334,13.88888888888889,8.117403347691312,7.622222222222182,0.1702208685294866,-6.661338147750939e-16,-0.4,-0.4,8.333333333333334,8.333333333333334
6,0.5,False,0,0.6000000000000005,1.0,1.0,True,13.50938888888889,-3.654010605176608,-4.107694444444443,1.616745291213208,0.6499999999999999,-0.5,-0.5,8.333333333333334,8.333333333333334,13.50938888888889,3.540471247559748,2.6211777777777927,-0.5460293621671881,0.0,-0.5,-0.5,8.333333333333334,8.333333333333334
6,0.6000000000000001,False,0,0.06666666666666783,1.0,1.0,True,13.88888888888889,-4.186388109738711,-4.04444444444444,1.3816397619702339,0.4600000000000004,-0.6000000000000001,-0.6000000000000001,8.333333333333334,8.333333333333334,13.88888888888889,0.22714786198527737,0.3999999999999817,-0.21449739885634656,-0.019999999999999574,-0.6000000000000001,-0.6000000000000001,8.333333333333334,8.333333333333334
6,0.7000000000000001,True,2,0.0,1.0,1.0,True,8.423888888888891,-1.602615997856783,-1.7370555555555596,0.4106631424235392,0.27000000000000046,-0.7000000000000001,-0.7000000000000001,8.333333333333334,8.333333333333334,7.423888888888891,-1.6009643086772085,-1.413277777777778,-0.44678779836000704,-0.009999999999999343,-0.7000000000000001,-0.7000000000000001,8.333333333333334,8.333333333333334
6,0.8,True,2,0.0,1.0,1.0,True,8.423888888888891,-3.122128386642646,-2.7216666666666667,0.17914619924576458,-0.0800000000000003,-0.8,-0.8,8.333333333333334,8.333333333333334,9.02388888888889,-2.8793421318109997,-2.712611111111115,-0.7617901737958093,-2.220446049250313e-16,-0.8,-0.8,8.333333333333334,8.333333333333334
6,0.9,True,2,0.0,1.0,1.0,True,8.423888888888891,-0.8460346077468541,-1.7370555555555596,0.43164509557754105,-0.1100000000000001,-0.9,-0.9,8.333333333333334,8.333333333333334,9.02388888888889,-1.4530952224748033,-1.7280000000000042,-1.5464339652261962,-0.02000000000000024,-0.9,-0.9,8.333333333333334,8.333333333333334
6,1.0,True,2,0.0,1.0,1.0,True,8.444388888888886,1.4898264635507958,-0.04319444444444098,0.4434069979876645,-0.09999999999999987,-1.0,-1.0,8.333333333333334,8.333333333333334,9.044388888888886,-1.364547600588348,-0.03208888888888861,0.42374494893258285,0.0,-1.0,-1.0,8.333333333333334,8.333333333333334
6,1.1,False,0,0.13596059113300313,1.0,1.0,True,8.370888888888887,0.04945433180736902,0.09355555555555828,-0.505233761382403,-0.2699999999999998,-1.1,-1.1,8.333333333333334,8.333333333333334,9.370888888888887,-0.4961190691451227,0.14106666666666445,-0.3292448036404827,-0.0499999999999996,-1.1,-1.1,8.333333333333334,8.333333333333334
6,1.2000000000000002,False,0,0.7463206924119723,1.0,1.0,True,8.603388888888885,0.9586126093940708,1.3566166666666648,-0.18755328455932374,-0.1999999999999995,-1.2000000000000002,-1.2000000000000002,8.333333333333334,8.333333333333334,9.003388888888885,2.6493069854611564,1.3836222222222228,-0.3152316436405742,-0.07999999999999963,-1.2000000000000002,-1.2000000000000002,8.333333333333334,8.333333333333334
6,1.3,False,0,0.4787992146453825,1.0,1.0,True,8.668475294041778,0.8680198162025414,0.552487666731154,0.11770710133398277,-0.4800000000000004,-1.3,-1.3,8.333333333333334,8.333333333333334,9.86847529404178,0.6188399200844517,0.7730302549436887,-0.19391582724680045,-0.09000000000000008,-1.3,-1.3,8.333333333333334,8.333333333333334
6,1.4000000000000001,False,0,0.3785185651749451,1.0,1.0,True,8.644388888888885,0.4219754231887771,0.429111111111113,-1.0001382212155212,-0.6399999999999992,-1.4000000000000001,-1.4000000000000001,8.333333333333334,8.333333333333334,10.497388888888887,1.2906293026870257,0.844133333333331,-0.6482357094882794,-0.08000000000000007,-1.4000000000000001,-1.4000000000000001,8.333333333333334,8.333333333333334
6,1.5,False,0,0.6401555695187752,1.0,1.0,True,8.370888888888885,1.028431462529384,1.0188611111111117,-0.4480047904690627,-0.7999999999999998,-1.5,-1.5,8.333333333333334,8.333333333333334,10.370888888888887,1.1455316711958696,1.437638888888892,-0.2459441907864539,-0.04999999999999982,-1.5,-1.5,8.333333333333334,8.333333333333334
6,1.6,False,0,0.3950354875283192,1.0,1.0,True,8.37280298334074,1.158899601801413,0.43590005165851853,-1.1405904744642776,-1.1200000000000006,-1.6,-1.6,8.333333333333334,8.333333333333334,10.899302983340743,1.5608274860901075,1.0722318416629646,-0.31407883049361907,-0.1599999999999997,-1.6,-1.6,8.333333333333334,8.333333333333334
6,1.7000000000000002,False,0,0.7463206924119717,1.0,1.0,True,8.729888888888885,1.6821017402888154,1.2680666666666633,-0.45073363329837024,-0.9499999999999993,-1.7000000000000002,-1.7000000000000002,8.333333333333334,8.333333333333334,10.729888888888887,1.4058337143052695,1.8663444444444428,-0.5981579397418266,-0.09999999999999964,-1.7000000000000002,-1.7000000000000002,8.333333333333334,8.333333333333334
7,0.0,False,0,4.0,0.0,0.0,False,13.88888888888889,-3.9949525641378107,-4.111111111111113,2.3531283846457334,1.6,0.0,0.0,8.333333333333334,8.333333333333334,,,,,,,,,
7,0.1,False,0,4.0,1.0,1.0,True,13.88888888888889,-3.6969731590452026,-4.111111111111113,1.5210148240730943,1.4,-0.1,-0.1,8.333333333333334,8.333333333333334,13.88888888888889,73.6545280852243,73.84444444444411,-1.110877970454363,-0.00999999999999579,-0.1,-0.1,8.333333333333334,8.333333333333334
7,0.2,False,0,4.0,0.0,0.0,False,13.88888888888889,-3.3225848851431783,-4.111111111111113,1.00043008079539,1.2000000000000002,-0.2,-0.2,8.333333333333334,8.333333333333334,13.88888888888889,28.704961659336515,29.399999999999803,0.11676901047305543,-0.019999999999997353,-0.2,-0.2,8.333333333333334,8.333333333333334
7,0.30000000000000004,False,0,2.5333333333333337,1.0,1.0,True,13.88888888888889,-4.165634517771056,-4.111111111111113,1.4942013419713005,1.0000000000000004,-0.30000000000000004,-0.30000000000000004,8.333333333333334,8.333333333333334,13.88888888888889,14.77603325554077,14.399999999999945,0.2243624258517074,-0.020000000000001572,-0.30000000000000004,-0.30000000000000004,8.333333333333334,8.333333333333334
7,0.4,False,0,1.1999999999999988,1.0,1.0,True,13.88888888888889,-3.8096564209823915,-4.111111111111113,0.04536666995490646,0.7999999999999998,-0.4,-0.4,8.333333333333334,8.333333333333334,13.88888888888889,6.042016250509872,6.622222222222182,0.5784984417576391,-6.661338147750939e-16,-0.4,-0.4,8.333333333333334,8.333333333333334
7,0.5,False,0,0.40000000000000036,1.0,1.0,True,13.88888888888889,-3.7539331395913527,-4.111111111111113,0.22453507961155994,0.6000000000000001,-0.5,-0.5,8.333333333333334,8.333333333333334,13.88888888888889,2.980845225170481,2.177777777777746,-0.038516098123505094,0.0,-0.5,-0.5,8.333333333333334,8.333333333333334
7,0.6000000000000001,True,1,0.0,1.0,1.0,True,12.023888888888889,-3.9091038359969223,-4.227166666666668,0.5106718449234431,0.3400000000000003,-0.6000000000000001,-0.6000000000000001,8.333333333333334,8.333333333333334,12.023888888888889,-1.8962195986606316,-2.158499999999999,0.5432931255102194,-0.019999999999999574,-0.6000000000000001,-0.6000000000000001,8.333333333333334,8.333333333333334
7,0.7000000000000001,True,2,0.0,1.0,1.0,True,8.423888888888891,-2.8527302418479783,-2.4037222222222274,-0.15534534938625577,0.06000000000000072,-0.7000000000000001,-0.7000000000000001,8.333333333333334,8.333333333333334,7.823888888888892,-2.1788784537061643,-2.3527777777777805,0.7183717663461855,-0.009999999999999343,-0.7000000000000001,-0.7000000000000001,8.333333333333334,8.333333333333334
7,0.8,True,2,0.0,1.0,1.0,True,8.423888888888891,-1.407291116145827,-1.0681611111111122,0.46390312246775345,-2.220446049250313e-16,-0.8,-0.8,8.333333333333334,8.333333333333334,8.423888888888891,-1.407291116145827,-1.0681611111111122,0.46390312246775345,-2.220446049250313e-16,-0.8,-0.8,8.333333333333334,8.333333333333334
7,0.9,False,0,0.4695562738759929,1.0,1.0,True,8.623888888888887,1.2567627989806853,0.5315000000000056,0.308413013963293,-0.02000000000000024,-0.9,-0.9,8.333333333333334,8.333333333333334,8.623888888888887,1.2567627989806853,0.5315000000000056,0.308413013963293,-0.02000000000000024,-0.9,-0.9,8.333333333333334,8.333333333333334
7,1.0,False,0,0.5559855843921832,1.0,1.0,True,8.582203168918706,1.2815106857082954,0.7259042919672014,0.2223855435103097,-0.19999999999999996,-1.0,-1.0,8.333333333333334,8.333333333333334,9.382203168918707,1.7982615148535688,0.8156782590842733,-0.05998169860613656,0.0,-1.0,-1.0,8.333333333333334,8.333333333333334
7,1.1,False,0,0.31133371243602886,1.0,1.0,True,8.803388888888886,-0.544455187632674,0.26140000000000274,0.6921136052343058,-0.3799999999999999,-1.1,-1.1,8.333333333333334,8.333333333333334,10.003388888888887,1.7297729737506922,0.5224166666666656,-0.7752028527608141,-0.0499999999999996,-1.1,-1.1,8.333333333333334,8.333333333333334
7,1.2000000000000002,False,0,0.556342233425516,1.0,1.0,True,8.476888888888885,0.5226270369493458,0.778500000000002,-0.940776507042325,-0.5599999999999992,-1.2000000000000002,-1.2000000000000002,8.333333333333334,8.333333333333334,10.203388888888886,0.2014036386375766,1.0759222222222187,-0.5265028303197277,-0.07999999999999963,-1.2000000000000002,-1.2000000000000002,8.333333333333334,8.333333333333334
7,1.3,False,0,0.7115610553025826,1.0,1.0,True,8.729888888888885,1.3419396004604787,1.1569555555555597,-0.45160292550000936,-0.6100000000000003,-1.3,-1.3,8.333333333333334,8.333333333333334,10.329888888888886,1.5183051278843154,1.5555777777777786,-0.9866371322335858,-0.09000000000000008,-1.3,-1.3,8.333333333333334,8.333333333333334
7,1.4000000000000001,False,0,0.500584171727943,1.0,1.0,True,8.603388888888885,0.528711280858567,0.6140499999999998,-1.3558128514771626,-0.919999999999999,-1.4000000000000001,-1.4000000000000001,8.333333333333334,8.333333333333334,11.129888888888887,2.0565302685020272,1.4393333333333311,0.25521934437051685,-0.08000000000000007,-1.4000000000000001,-1.4000000000000001,8.333333333333334,8.333333333333334
7,1.5,False,0,0.7115610553025826,1.0,1.0,True,8.729888888888885,2.333947574366751,1.1569555555555597,-1.7863702503691368,-0.9499999999999997,-1.5,-1.5,8.333333333333334,8.333333333333334,11.129888888888887,2.224629095970381,1.99488888888889,0.4868412598231009,-0.04999999999999982,-1.5,-1.5,8.333333333333334,8.333333333333334
7,1.6,False,0,0.7115610553025826,1.0,1.0,True,8.603388888888885,0.3004684286094177,1.232855555555557,-1.4502495029672837,-1.1200000000000006,-1.6,-1.6,8.333333333333334,8.333333333333334,11.129888888888887,0.831762700065144,1.99488888888889,-0.03196298621965221,-0.1599999999999997,-1.6,-1.6,8.333333333333334,8.333333333333334
7,1.7000000000000002,False,0,1.0154818165735804,1.0,1.0,True,8.729888888888885,1.373746538016733,2.2680666666666633,-0.8335032728421121,-0.9499999999999993,-1.7000000000000002,-1.7000000000000002,8.333333333333334,8.333333333333334,10.729888888888887,2.198199103451265,2.866344444444443,0.8050172260473487,-0.09999999999999964,-1.7000000000000002,-1.7000000000000002,8.333333333333334,8.333333333333334
8,0.0,False,0,4.0,0.0,0.0,False,13.88888888888889,-4.188544040926192,-4.222222222222224,1.5516915043333035,1.6,0.0,0.0,8.333333333333334,8.333333333333334,,,,,,,,,
8,0.1,False,0,4.0,0.0,0.0,False,13.88888888888889,-3.4361864684144363,-4.222222222222224,1.4055050394247073,1.38,-0.1,-0.1,8.333333333333334,8.333333333333334,13.88888888888889,72.79591101111141,72.84444444444411,0.2377553496319571,-0.00999999999999579,-0.1,-0.1,8.333333333333334,8.333333333333334
8,0.2,False,0,4.0,1.0,1.0,True,13.88888888888889,-3.462987810771792,-4.222222222222224,1.0002814928040369,1.1600000000000001,-0.2,-0.2,8.333333333333334,8.333333333333334,13.88888888888889,29.442256499921537,28.399999999999803,0.5763091241255518,-0.019999999999997353,-0.2,-0.2,8.333333333333334,8.333333333333334
8,0.30000000000000004,False,0,2.433333333333333,1.0,1.0,True,13.88888888888889,-2.615821812685076,-4.222222222222224,2.1161237990409867,0.9400000000000004,-0.30000000000000004,-0.30000000000000004,8.333333333333334,8.333333333333334,13.88888888888889,13.445402707602891,13.399999999999945,0.3576167215727031,-0.020000000000001572,-0.30000000000000004,-0.30000000000000004,8.333333333333334,8.333333333333334
8,0.4,False,0,1.0999999999999988,1.0,1.0,True,13.88888888888889,-3.638262681770189,-4.222222222222224,0.6223900550536476,0.7199999999999998,-0.4,-0.4,8.333333333333334,8.333333333333334,13.88888888888889,5.8708281440371595,5.622222222222182,0.42543954789828,-6.661338147750939e-16,-0.4,-0.4,8.333333333333334,8.333333333333334
8,0.5,True,2,0.0,1.0,1.0,True,8.423888888888891,-2.92573682818207,-3.685249999999992,0.4917862373191273,0.25,-0.5,-0.5,8.333333333333334,8.333333333333334,7.423888888888891,-3.221129747540476,-3.270527777777775,0.746986617885423,0.0,-0.5,-0.5,8.333333333333334,8.333333333333334
8,0.6000000000000001,True,2,0.0,1.0,1.0,True,8.423888888888891,-4.235679879297623,-4.133111111111101,-0.5491537186134205,-0.13999999999999968,-0.6000000000000001,-0.6000000000000001,8.333333333333334,8.333333333333334,9.02388888888889,-4.121975565061791,-4.11499999999999,-1.7443401618624397,-0.019999999999999574,-0.6000000000000001,-0.6000000000000001,8.333333333333334,8.333333333333334
8,0.7000000000000001,True,2,0.0,1.0,1.0,True,8.423888888888891,-0.326448671874906,-1.2772222222222203,-0.1672230895514457,0.06000000000000072,-0.7000000000000001,-0.7000000000000001,8.333333333333334,8.333333333333334,7.823888888888892,-2.691113796207037,-1.2262777777777734,-0.5458256938895107,-0.009999999999999343,-0.7000000000000001,-0.7000000000000001,8.333333333333334,8.333333333333334
8,0.8,False,0,0.3534756509075425,1.0,1.0,True,8.697388888888886,0.7966849448720952,0.32363888888889125,-0.47393354794688536,-2.220446049250313e-16,-0.8,-0.8,8.333333333333334,8.333333333333334,8.697388888888886,0.7966849448720952,0.32363888888889125,-0.47393354794688536,-2.220446049250313e-16,-0.8,-0.8,8.333333333333334,8.333333333333334
8,0.9,False,0,0.49625070360490414,1.0,1.0,True,8.476888888888885,0.3766381630128466,0.6294388888888927,-0.7587614759971499,-0.19999999999999996,-0.9,-0.9,8.333333333333334,8.333333333333334,9.276888888888886,0.9562630696779033,0.6981500000000027,0.08187687509220054,-0.02000000000000024,-0.9,-0.9,8.333333333333334,8.333333333333334
8,1.0,False,0,0.6736064205967662,1.0,1.0,True,8.603388888888885,2.4020063138651198,1.1217444444444427,0.640792709860134,-0.2999999999999998,-1.0,-1.0,8.333333333333334,8.333333333333334,9.803388888888886,2.0175027633417892,1.3227611111111104,-0.171593151471652,0.0,-1.0,-1.0,8.333333333333334,8.333333333333334
8,1.1,False,0,0.8448762705057311,1.0,1.0,True,8.603388888888885,1.4518430606070192,1.6393500000000012,-0.7562367081769554,-0.3799999999999999,-1.1,-1.1,8.333333333333334,8.333333333333334,9.929888888888886,0.20628043552975672,1.8403666666666654,-0.8273600839366309,-0.0499999999999996,-1.1,-1.1,8.333333333333334,8.333333333333334
8,1.2000000000000002,False,0,0.989315799716423,1.0,1.0,True,8.729888888888885,2.702558457791363,2.1569555555555597,-1.1245932939612082,-0.4399999999999995,-1.2000000000000002,-1.2000000000000002,8.333333333333334,8.333333333333334,9.929888888888886,2.5921323674970127,2.3959222222222225,-1.1358786408094843,-0.07999999999999963,-1.2000000000000002,-1.2000000000000002,8.333333333333334,8.333333333333334
8,1.3,False,0,0.8448762705057311,1.0,1.0,True,8.729888888888885,2.827244442758073,1.6014000000000026,-1.7673921964241968,-0.7400000000000007,-1.3,-1.3,8.333333333333334,8.333333333333334,10.729888888888887,1.943064293012605,2.1996777777777767,0.939876982162426,-0.09000000000000008,-1.3,-1.3,8.333333333333334,8.333333333333334
8,1.4000000000000001,False,0,0.989315799716423,1.0,0.9146845666655374,True,8.729888888888885,2.4249539050542355,2.1569555555555597,-0.8811720142864043,-0.7799999999999994,-1.4000000000000001,-1.4000000000000001,8.333333333333334,8.333333333333334,10.729888888888887,2.02996318460631,2.7552333333333303,-0.028499219417351673,-0.08000000000000007,-1.4000000000000001,-1.4000000000000001,8.333333333333334,8.333333333333334
8,1.5,False,0,0.989315799716423,1.0,1.0,True,8.729888888888885,1.7905872252841109,2.1569555555555597,-1.169277172293862,-0.9499999999999997,-1.5,-1.5,8.333333333333334,8.333333333333334,11.129888888888887,3.252308240669513,2.99488888888889,0.7484003235340917,-0.04999999999999982,-1.5,-1.5,8.333333333333334,8.333333333333334
8,1.6,False,0,1.23094118464639,1.0,0.9412233329874524,True,8.729888888888885,3.206527369305978,3.268066666666667,-1.597237264004659,-0.8000000000000003,-1.6,-1.6,8.333333333333334,8.333333333333334,10.329888888888886,3.6659740131135363,3.666688888888891,-0.5171976928239235,-0.1599999999999997,-1.6,-1.6,8.333333333333334,8.333333333333334
8,1.7000000000000002,False,0,1.2309411846463898,1.0,1.0,True,8.729888888888885,3.58460006897628,3.2680666666666633,-0.8881043140102163,-0.9499999999999993,-1.7000000000000002,-1.7000000000000002,8.333333333333334,8.333333333333334,10.729888888888887,4.197338387491903,3.866344444444443,-0.13946777782468756,-0.09999999999999964,-1.7000000000000002,-1.7000000000000002,8.333333333333334,8.333333333333334
9,0.0,False,0,4.0,0.0,0.0,False,13.88888888888889,-3.7308907039127375,-4.2666666666666755,1.772554257004431,1.6,0.0,0.0,8.333333333333334,8.333333333333334,,,,,,,,,
9,0.1,False,0,4.0,0.0,0.0,False,13.88888888888889,-3.9886608101230037,-4.2666666666666755,0.6501853810328275,1.3599999999999999,-0.1,-0.1,8.333333333333334,8.333333333333334,13.88888888888889,71.9536497652421,71.84444444444411,-0.46130518742737436,-0.00999999999999579,-0.1,-0.1,8.333333333333334,8.333333333333334
9,0.2,False,0,4.0,0.0,0.0,False,13.88888888888889,-3.9742461559187943,-4.2666666666666755,1.1078064583303076,1.12,-0.2,-0.2,8.333333333333334,8.333333333333334,13.88888888888889,27.227717864942758,27.399999999999803,0.31157976641166973,-0.019999999999997353,-0.2,-0.2,8.333333333333334,8.333333333333334
9,0.30000000000000004,False,0,2.233333333333333,1.0,1.0,True,13.88888888888889,-2.7705122466727046,-4.2666666666666755,0.4562845183686006,0.8800000000000003,-0.30000000000000004,-0.30000000000000004,8.333333333333334,8.333333333333334,13.88888888888889,12.267106353586382,12.399999999999945,0.20315826648438629,-0.020000000000001572,-0.30000000000000004,-0.30000000000000004,8.333333333333334,8.333333333333334
9,0.4,False,0,0.8999999999999986,1.0,1.0,True,13.88888888888889,-3.8374680912350483,-4.2666666666666755,0.05413886371867904,0.6399999999999997,-0.4,-0.4,8.333333333333334,8.333333333333334,13.88888888888889,4.393236640487548,4.622222222222182,0.1694003466022167,-6.661338147750939e-16,-0.4,-0.4,8.333333333333334,8.333333333333334
9,0.5,True,1,0.0,1.0,1.0,True,12.023888888888889,-3.869168118358604,-4.188561111111116,0.7741338824108994,0.3500000000000001,-0.5,-0.5,8.333333333333334,8.333333333333334,12.023888888888889,-0.9309621151524423,-1.605172222222218,-1.0940986315379482,0.0,-0.5,-0.5,8.333333333333334,8.333333333333334
9,0.6000000000000001,True,2,0.0,1.0,1.0,True,8.423888888888891,-1.4094954689104737,-1.2744833333333245,0.6849259772534091,0.1600000000000006,-0.6000000000000001,-0.6000000000000001,8.333333333333334,8.333333333333334,7.423888888888891,-0.6576098476367802,-1.0416499999999926,-0.47933531719767086,-0.019999999999999574,-0.6000000000000001,-0.6000000000000001,8.333333333333334,8.333333333333334
9,0.7000000000000001,False,0,0.4549110010959528,1.0,1.0,True,8.603388888888885,-0.025191802087443982,0.4677277777777791,-0.01560284502507292,0.06000000000000072,-0.7000000000000001,-0.7000000000000001,8.333333333333334,8.333333333333334,8.076888888888885,0.7699728554889917,0.49337222222222454,-0.7510048110719993,-0.009999999999999343,-0.7000000000000001,-0.7000000000000001,8.333333333333334,8.333333333333334
9,0.8,False,0,0.9684512959930807,1.0,1.0,True,8.729888888888885,2.7633646479070118,2.0458444444444455,-0.5177717602524126,0.07999999999999963,-0.8,-0.8,8.333333333333334,8.333333333333334,8.329888888888885,0.5782050129108152,2.046188888888893,0.48198985005134176,-2.220446049250313e-16,-0.8,-0.8,8.333333333333334,8.333333333333334
9,0.9,False,0,0.6595137322747071,1.0,1.0,True,8.603388888888885,0.41508751414615563,1.035933333333337,-1.2660029529127246,-0.2899999999999998,-0.9,-0.9,8.333333333333334,8.333333333333334,9.803388888888886,1.6923054343930461,1.236950000000001,1.3523297223349453,-0.02000000000000024,-0.9,-0.9,8.333333333333334,8.333333333333334
9,1.0,False,0,0.9615140815702412,1.0,1.0,True,8.729888888888885,3.2486511040912918,2.0458444444444455,-0.24963689048819537,-0.2999999999999998,-1.0,-1.0,8.333333333333334,8.333333333333334,9.929888888888886,3.6643702476486952,2.284811111111112,0.2664843739939422,0.0,-1.0,-1.0,8.333333333333334,8.333333333333334
9,1.1,False,0,0.9615140815702412,1.0,1.0,True,8.729888888888885,2.252989722480309,2.0458444444444455,-0.4973300872400681,-0.4900000000000002,-1.1,-1.1,8.333333333333334,8.333333333333334,10.329888888888886,2.778087906188202,2.4444666666666643,0.9646382169941901,-0.0499999999999996,-1.1,-1.1,8.333333333333334,8.333333333333334
9,1.2000000000000002,False,0,1.2077764136301512,1.0,1.0,True,8.729888888888885,2.1074212930520035,3.1569555555555597,-0.5666927948094758,-0.4399999999999995,-1.2000000000000002,-1.2000000000000002,8.333333333333334,8.333333333333334,9.929888888888886,2.736303119795264,3.3959222222222225,-0.275739884239834,-0.07999999999999963,-1.2000000000000002,-1.2000000000000002,8.333333333333334,8.333333333333334
9,1.3,False,0,1.2077764136301512,1.0,0.3723005594961415,True,8.729888888888885,3.7761276611546792,3.1569555555555597,-0.6501585083491592,-0.6100000000000003,-1.3,-1.3,8.333333333333334,8.333333333333334,10.329888888888886,2.41313779395803,3.5555777777777786,1.379914596479105,-0.09000000000000008,-1.3,-1.3,8.333333333333334,8.333333333333334
9,1.4000000000000001,False,0,1.2077764136301512,1.0,0.3374962775549747,True,8.729888888888885,2.3937285284924252,3.1569555555555597,-0.41256324884312834,-0.7799999999999994,-1.4000000000000001,-1.4000000000000001,8.333333333333334,8.333333333333334,10.729888888888887,4.737656926613011,3.7552333333333303,-0.12396278652300352,-0.08000000000000007,-1.4000000000000001,-1.4000000000000001,8.333333333333334,8.333333333333334
9,1.5,False,0,1.31922420547607,1.0,0.6420421982847093,True,8.729888888888885,3.8165707685252963,3.7125111111111133,-1.81885401850665,-0.7999999999999998,-1.5,-1.5,8.333333333333334,8.333333333333334,10.729888888888887,5.353004249386825,4.310788888888891,-0.3856068899416021,-0.04999999999999982,-1.5,-1.5,8.333333333333334,8.333333333333334
9,1.6,False,0,1.4265560433191298,1.0,0.18107071260160373,True,8.729888888888885,3.417569005281316,4.268066666666667,0.013640413480961122,-0.8000000000000003,-1.6,-1.6,8.333333333333334,8.333333333333334,10.329888888888886,3.1357869118040496,4.666688888888891,-0.4598478160949371,-0.1599999999999997,-1.6,-1.6,8.333333333333334,8.333333333333334
9,1.7000000000000002,False,0,1.4265560433191296,1.0,0.0,True,8.729888888888885,4.830135994126548,4.268066666666663,-1.2211069043753264,-0.9499999999999993,-1.7000000000000002,-1.7000000000000002,8.333333333333334,8.333333333333334,10.729888888888887,4.567840385037381,4.866344444444443,-1.0592472632573244,-0.09999999999999964,-1.7000000000000002,-1.7000000000000002,8.333333333333334,8.333333333333334
10,0.0,False,0,4.0,0.0,0.0,False,13.88888888888889,-3.860914597642572,-4.155555555555568,0.9090041668816888,1.6,0.0,0.0,8.333333333333334,8.333333333333334,,,,,,,,,
10,0.1,False,0,4.0,0.0,0.0,False,13.88888888888889,-4.288036958936291,-4.155555555555568,1.7619300214341491,1.3399999999999999,-0.1,-0.1,8.333333333333334,8.333333333333334,13.88888888888889,71.66321691151937,70.84444444444411,0.467880553982738,-0.00999999999999579,-0.1,-0.1,8.333333333333334,8.333333333333334
10,0.2,False,0,4.0,1.0,1.0,True,13.88888888888889,-3.8811670589637,-4.155555555555568,2.284241991210497,1.0799999999999996,-0.2,-0.2,8.333333333333334,8.333333333333334,13.88888888888889,26.740128477988588,26.399999999999803,-0.37455326843667036,-0.019999999999997353,-0.2,-0.2,8.333333333333334,8.333333333333334
10,0.30000000000000004,False,0,2.0333333333333328,1.0,1.0,True,13.88888888888889,-4.127048345874175,-4.155555555555568,0.10193484821652232,0.8200000000000003,-0.30000000000000004,-0.30000000000000004,8.333333333333334,8.333333333333334,13.88888888888889,12.698685834983241,11.399999999999945,0.584933136014385,-0.020000000000001572,-0.30000000000000004,-0.30000000000000004,8.333333333333334,8.333333333333334
10,0.4,False,0,0.4999999999999982,1.0,1.0,True,13.129888888888889,-4.008396572034296,-4.204094444444439,-0.25693707579722824,0.5599999999999996,-0.4,-0.4,8.333333333333334,8.333333333333334,13.129888888888889,3.263120307408667,2.319272222222229,-0.19580235280777725,-6.661338147750939e-16,-0.4,-0.4,8.333333333333334,8.333333333333334
10,0.5,False,0,0.7999999999999998,1.0,1.0,True,8.55243904035029,-0.4998503484695176,0.06267654549755708,1.3167526797958637,0.3999999999999999,-0.5,-0.5,8.333333333333334,8.333333333333334,7.625939040350289,0.6258605475201025,0.34859197988399604,0.9220942480201795,0.0,-0.5,-0.5,8.333333333333334,8.333333333333334
10,0.6000000000000001,False,0,0.5666666666666671,1.0,1.0,True,8.497388888888885,0.3310654731660181,0.5111666666666794,-0.020101492826057665,0.1600000000000006,-0.6000000000000001,-0.6000000000000001,8.333333333333334,8.333333333333334,7.297388888888884,0.7232149067469864,0.7019500000000152,0.6361069137062714,-0.019999999999999574,-0.6000000000000001,-0.6000000000000001,8.333333333333334,8.333333333333334
10,0.7000000000000001,False,0,1.0920263214804282,1.0,1.0,True,8.729888888888885,2.420077503810309,2.490288888888892,0.8876487184546424,0.20000000000000062,-0.7000000000000001,-0.7000000000000001,8.333333333333334,8.333333333333334,8.329888888888885,2.5257268663804853,2.4913222222222275,-0.4959848798694968,-0.009999999999999343,-0.7000000000000001,-0.7000000000000001,8.333333333333334,8.333333333333334
10,0.8,False,0,1.1923879804897777,1.0,1.0,True,8.729888888888885,3.7823397636691753,3.0458444444444455,-0.24520427550754653,0.07999999999999963,-0.8,-0.8,8.333333333333334,8.333333333333334,8.329888888888885,3.107769420748512,3.046188888888893,0.5094293396287761,-2.220446049250313e-16,-0.8,-0.8,8.333333333333334,8.333333333333334
10,0.9,False,0,1.1846116426139133,1.0,1.0,True,8.729888888888885,2.9734687967725977,3.0458444444444455,0.2311615526963715,-0.1100000000000001,-0.9,-0.9,8.333333333333334,8.333333333333334,9.129888888888885,2.4429380621665553,3.0855000000000006,-0.5802062979240059,-0.02000000000000024,-0.9,-0.9,8.333333333333334,8.333333333333334
10,1.0,False,0,1.1846116426139133,1.0,0.9557555152472208,True,8.729888888888885,2.439664884270642,3.0458444444444455,-0.48135001646260434,-0.2999999999999998,-1.0,-1.0,8.333333333333334,8.333333333333334,9.929888888888886,2.716826839728509,3.284811111111112,-0.46452019598662053,0.0,-1.0,-1.0,8.333333333333334,8.333333333333334
10,1.1,False,0,1.1846116426139133,1.0,1.0,True,8.729888888888885,3.750000653394083,3.0458444444444455,-0.4435906229747393,-0.4900000000000002,-1.1,-1.1,8.333333333333334,8.333333333333334,10.329888888888886,3.2226926120938595,3.4444666666666643,-0.651243743630638,-0.0499999999999996,-1.1,-1.1,8.333333333333334,8.333333333333334
10,1.2000000000000002,False,0,1.405089675750518,1.0,0.40026378790133815,True,8.729888888888885,3.8995629063436477,4.15695555555556,-0.3664171790856301,-0.4399999999999995,-1.2000000000000002,-1.2000000000000002,8.333333333333334,8.333333333333334,9.929888888888886,4.629276241075595,4.3959222222222225,0.4289810398603833,-0.07999999999999963,-1.2000000000000002,-1.2000000000000002,8.333333333333334,8.333333333333334
10,1.3,False,0,1.512421513593577,1.0,0.0,True,8.729888888888885,4.1771259225723805,4.712511111111113,-0.5664068753956142,-0.4800000000000004,-1.3,-1.3,8.333333333333334,8.333333333333334,9.929888888888886,5.70658532547225,4.951477777777778,0.06552532416441714,-0.09000000000000008,-1.3,-1.3,8.333333333333334,8.333333333333334
10,1.4000000000000001,False,0,1.6197533514366367,1.0,0.0,True,8.729888888888885,6.008057569503884,5.268066666666667,-0.635632933279646,-0.49999999999999956,-1.4000000000000001,-1.4000000000000001,8.333333333333334,8.333333333333334,9.929888888888886,5.731566363491875,5.5070333333333314,0.9292598106920518,-0.08000000000000007,-1.4000000000000001,-1.4000000000000001,8.333333333333334,8.333333333333334
10,1.5,False,0,1.405089675750518,1.0,0.0,True,8.729888888888885,4.048054939506781,4.15695555555556,-1.0100450310769593,-0.9499999999999997,-1.5,-1.5,8.333333333333334,8.333333333333334,11.129888888888887,5.178758728613338,4.99488888888889,-0.41406570937911,-0.04999999999999982,-1.5,-1.5,8.333333333333334,8.333333333333334
10,1.6,False,0,1.6197533514366367,1.0,0.0,True,8.729888888888885,4.849575533331277,5.268066666666667,-0.06954764831884264,-0.8000000000000003,-1.6,-1.6,8.333333333333334,8.333333333333334,10.329888888888886,5.2397486733597125,5.666688888888891,0.1959061283220227,-0.1599999999999997,-1.6,-1.6,8.333333333333334,8.333333333333334
10,1.7000000000000002,False,0,1.7270851892796955,1.0,0.0,True,8.729888888888885,4.560140874047529,5.823622222222219,-0.9273517597203313,-0.7799999999999994,-1.7000000000000002,-1.7000000000000002,8.333333333333334,8.333333333333334,10.329888888888886,5.833043751710892,6.222244444444441,-0.2614487120974691,-0.09999999999999964,-1.7000000000000002,-1.7000000000000002,8.333333333333334,8.333333333333334
11,0.0,False,0,4.0,0.0,0.0,False,13.88888888888889,-3.9165821102220333,-4.044444444444461,0.12536297656438,1.6,0.0,0.0,8.333333333333334,8.333333333333334,,,,,,,,,
11,0.1,False,0,4.0,1.0,1.0,True,13.88888888888889,-4.247528070115126,-4.044444444444461,1.6890490704572656,1.3199999999999998,-0.1,-0.1,8.333333333333334,8.333333333333334,13.88888888888889,70.1930047300839,69.84444444444411,0.08043244357895718,-0.00999999999999579,-0.1,-0.1,8.333333333333334,8.333333333333334
11,0.2,False,0,4.0,1.0,1.0,True,13.88888888888889,-4.066281114163057,-4.044444444444461,1.3440090330077288,1.0399999999999996,-0.2,-0.2,8.333333333333334,8.333333333333334,13.88888888888889,25.772888638370343,25.399999999999803,0.48500529679828475,-0.019999999999997353,-0.2,-0.2,8.333333333333334,8.333333333333334
11,0.30000000000000004,False,0,1.8333333333333324,1.0,1.0,True,13.88888888888889,-3.714021754315648,-4.044444444444461,0.6369220908354132,0.7600000000000002,-0.30000000000000004,-0.30000000000000004,8.333333333333334,8.333333333333334,13.88888888888889,10.157928452733241,10.399999999999945,0.7095830574927913,-0.020000000000001572,-0.30000000000000004,-0.30000000000000004,8.333333333333334,8.333333333333334
11,0.4,False,0,0.19999999999999796,1.0,1.0,True,12.623888888888889,-3.8290611561827914,-4.1760555555555525,1.1170970626609233,0.47999999999999954,-0.4,-0.4,8.333333333333334,8.333333333333334,12.623888888888889,0.891834835356403,0.7247222222221952,0.7352756020530076,-6.661338147750939e-16,-0.4,-0.4,8.333333333333334,8.333333333333334
11,0.5,True,2,0.0,1.0,1.0,True,8.423888888888891,-2.0043695818814298,-1.585255555555551,0.5990017722697916,0.20000000000000018,-0.5,-0.5,8.333333333333334,8.333333333333334,7.023888888888891,-0.305228499879024,-1.261477777777773,-0.1691316211239442,0.0,-0.5,-0.5,8.333333333333334,8.333333333333334
11,0.6000000000000001,False,0,0.778761185034076,1.0,1.0,True,8.729888888888885,1.26268960172039,1.2680666666666776,-0.43369249334548865,0.1600000000000006,-0.6000000000000001,-0.6000000000000001,8.333333333333334,8.333333333333334,7.929888888888884,2.4376015766719634,1.3091000000000124,-0.4838225523013966,-0.019999999999999574,-0.6000000000000001,-0.6000000000000001,8.333333333333334,8.333333333333334
11,0.7000000000000001,False,0,1.0449192360087847,1.0,1.0,True,8.729888888888885,3.3836820416995943,2.3791777777777847,-0.046216207810667154,0.06000000000000072,-0.7000000000000001,-0.7000000000000001,8.333333333333334,8.333333333333334,8.329888888888885,3.0190492166431584,2.379522222222225,0.349241268423659,-0.009999999999999343,-0.7000000000000001,-0.7000000000000001,8.333333333333334,8.333333333333334
11,0.8,False,0,1.3836233081819058,1.0,0.017287170725514805,True,8.729888888888885,3.951328237209613,4.0458444444444455,-0.09249947114771029,0.07999999999999963,-0.8,-0.8,8.333333333333334,8.333333333333334,8.329888888888885,3.974486299102918,4.046188888888893,-0.0029425962776705727,-2.220446049250313e-16,-0.8,-0.8,8.333333333333334,8.333333333333334
11,0.9,False,0,1.2762914703388468,1.0,0.358852081456445,True,8.729888888888885,2.8820728215197358,3.490288888888892,-0.014661101382388075,-0.19999999999999996,-0.9,-0.9,8.333333333333334,8.333333333333334,9.529888888888886,2.5426953633787166,3.6096000000000013,0.8209607744465646,-0.02000000000000024,-0.9,-0.9,8.333333333333334,8.333333333333334
11,1.0,False,0,1.4909551460249655,1.0,0.0,True,8.729888888888885,3.6545491517710333,4.601400000000003,-1.3645172572427506,-0.19999999999999996,-1.0,-1.0,8.333333333333334,8.333333333333334,9.529888888888886,3.519601018890996,4.720711111111112,-1.28136079014144,0.0,-1.0,-1.0,8.333333333333334,8.333333333333334
11,1.1,False,0,1.705618821711084,1.0,0.0,True,8.729888888888885,5.451281431455922,5.712511111111113,-0.16679969296462382,-0.1599999999999997,-1.1,-1.1,8.333333333333334,8.333333333333334,9.129888888888885,5.90842644596495,5.752166666666665,-0.4925810919558993,-0.0499999999999996,-1.1,-1.1,8.333333333333334,8.333333333333334
11,1.2000000000000002,False,0,1.705618821711084,1.0,0.0,True,8.729888888888885,5.870371749669727,5.712511111111113,-0.4965976372073688,-0.3199999999999994,-1.2000000000000002,-1.2000000000000002,8.333333333333334,8.333333333333334,9.529888888888886,5.01463990733166,5.831822222222223,0.05225936748997784,-0.07999999999999963,-1.2000000000000002,-1.2000000000000002,8.333333333333334,8.333333333333334
11,1.3,False,0,1.598286983868025,1.0,0.0,True,8.729888888888885,5.7880150444123055,5.15695555555556,-0.47891421969436476,-0.6100000000000003,-1.3,-1.3,8.333333333333334,8.333333333333334,10.329888888888886,5.283806150696965,5.555577777777779,-0.2433017236675541,-0.09000000000000008,-1.3,-1.3,8.333333333333334,8.333333333333334
11,1.4000000000000001,False,0,1.8129506595541436,1.0,0.0,True,8.729888888888885,6.894099579593434,6.268066666666667,0.2732225685789884,-0.49999999999999956,-1.4000000000000001,-1.4000000000000001,8.333333333333334,8.333333333333334,9.929888888888886,5.115581358518702,6.5070333333333314,0.030263015263657822,-0.08000000000000007,-1.4000000000000001,-1.4000000000000001,8.333333333333334,8.333333333333334
11,1.5,False,0,1.705618821711084,1.0,0.0,True,8.729888888888885,6.350032307104045,5.712511111111113,-1.2681359643866927,-0.7999999999999998,-1.5,-1.5,8.333333333333334,8.333333333333334,10.729888888888887,5.739326036908747,6.310788888888891,0.5521070761430065,-0.04999999999999982,-1.5,-1.5,8.333333333333334,8.333333333333334
11,1.6,False,0,1.920282497397203,1.0,0.0,True,8.729888888888885,7.165397152999128,6.8236222222222205,0.5532718389763782,-0.6400000000000001,-1.6,-1.6,8.333333333333334,8.333333333333334,9.929888888888886,6.0455278363402885,7.06258888888889,0.04258406118942748,-0.1599999999999997,-1.6,-1.6,8.333333333333334,8.333333333333334
11,1.7000000000000002,False,0,1.8129506595541434,1.0,0.0,True,8.729888888888885,6.69841566077253,6.268066666666663,-0.46002335502701475,-0.9499999999999993,-1.7000000000000002,-1.7000000000000002,8.333333333333334,8.333333333333334,10.729888888888887,7.84121232233782,6.866344444444443,0.9233544148713642,-0.09999999999999964,-1.7000000000000002,-1.7000000000000002,8.333333333333334,8.333333333333334
12,0.0,False,0,4.0,0.0,0.0,False,13.88888888888889,-3.425978598322028,-4.111111111111081,2.340247465076747,1.6,0.0,0.0,8.333333333333334,8.333333333333334,,,,,,,,,
12,0.1,False,0,4.0,0.0,0.0,False,13.88888888888889,-4.121229934161451,-4.111111111111081,0.9883828943959094,1.31,-0.1,-0.1,8.333333333333334,8.333333333333334,13.88888888888889,69.12484807213896,68.84444444444411,0.26057374921046517,-0.00999999999999579,-0.1,-0.1,8.333333333333334,8.333333333333334
12,0.2,False,0,4.0,1.0,1.0,True,13.88888888888889,-3.841750036354223,-4.111111111111081,1.3481763023202915,1.02,-0.2,-0.2,8.333333333333334,8.333333333333334,13.88888888888889,23.643658449094925,24.399999999999803,0.5087345428218568,-0.019999999999997353,-0.2,-0.2,8.333333333333334,8.333333333333334
12,0.30000000000000004,False,0,1.6333333333333324,1.0,1.0,True,13.88888888888889,-4.077247295394765,-4.111111111111081,1.4352083009502996,0.73,-0.30000000000000004,-0.30000000000000004,8.333333333333334,8.333333333333334,13.88888888888889,9.760441090913869,9.399999999999945,-0.07898015045579254,-0.020000000000001572,-0.30000000000000004,-0.30000000000000004,8.333333333333334,8.333333333333334
12,0.4,True,1,0.0,1.0,1.0,True,12.023888888888889,-4.244740979670527,-4.204072222222211,0.06012653344871666,0.35999999999999943,-0.4,-0.4,8.333333333333334,8.333333333333334,10.82388888888889,-1.7472521295344547,-2.034427777777796,0.5875708919691665,-6.661338147750939e-16,-0.4,-0.4,8.333333333333334,8.333333333333334
12,0.5,False,0,0.7326358963709116,1.0,1.0,True,8.603388888888885,0.1977788479110858,0.6899500000000076,0.24902170064462537,0.25,-0.5,-0.5,8.333333333333334,8.333333333333334,7.003388888888884,1.2060513223447247,1.0749222222222317,0.027409319490571793,0.0,-0.5,-0.5,8.333333333333334,8.333333333333334
12,0.6000000000000001,False,0,1.2666666666666668,1.0,0.9809375865821128,True,8.603388888888885,2.550902877916198,3.0660222222222204,-0.04228966937131973,0.22000000000000064,-0.6000000000000001,-0.6000000000000001,8.333333333333334,8.333333333333334,7.803388888888884,3.596655092095614,3.198000000000012,0.5474070689611579,-0.019999999999999574,-0.6000000000000001,-0.6000000000000001,8.333333333333334,8.333333333333334
12,0.7000000000000001,False,0,1.4857142857142855,1.0,0.2435373017028552,True,8.729888888888885,4.046629419523016,4.528238888888894,0.24583458512046885,0.20000000000000062,-0.7000000000000001,-0.7000000000000001,8.333333333333334,8.333333333333334,7.929888888888884,4.456443623886796,4.569272222222229,-0.2816072506908458,-0.009999999999999343,-0.7000000000000001,-0.7000000000000001,8.333333333333334,8.333333333333334
12,0.8,False,0,1.5768206162994127,1.0,0.0,True,8.729888888888885,4.986537764307433,5.0458444444444455,0.8214126021883073,0.07999999999999963,-0.8,-0.8,8.333333333333334,8.333333333333334,8.329888888888885,5.992049262775034,5.046188888888893,-0.02082778214711256,-2.220446049250313e-16,-0.8,-0.8,8.333333333333334,8.333333333333334
12,0.9,False,0,1.4694887784563537,1.0,0.0,True,8.729888888888885,4.852088574894801,4.490288888888892,0.44750263847901417,-0.19999999999999996,-0.9,-0.9,8.333333333333334,8.333333333333334,9.529888888888886,4.291116619589915,4.609600000000001,0.4759719618440137,-0.02000000000000024,-0.9,-0.9,8.333333333333334,8.333333333333334
12,1.0,False,0,1.5768206162994127,1.0,0.0,True,8.729888888888885,4.232064289845892,5.0458444444444455,0.08394305526850543,-0.2999999999999998,-1.0,-1.0,8.333333333333334,8.333333333333334,9.929888888888886,4.6982988825156875,5.284811111111112,1.0529670303445458,0.0,-1.0,-1.0,8.333333333333334,8.333333333333334
12,1.1,False,0,1.8988161298285908,1.0,0.0,True,8.729888888888885,6.00747175606885,6.712511111111113,-1.343600268298873,-0.1599999999999997,-1.1,-1.1,8.333333333333334,8.333333333333334,9.129888888888885,6.91038471969084,6.752166666666665,-0.2654067768145947,-0.0499999999999996,-1.1,-1.1,8.333333333333334,8.333333333333334
12,1.2000000000000002,False,0,1.7914842919855318,1.0,0.0,True,8.729888888888885,5.81812695011011,6.15695555555556,0.011384704926480582,-0.4399999999999995,-1.2000000000000002,-1.2000000000000002,8.333333333333334,8.333333333333334,9.929888888888886,7.681058862753262,6.3959222222222225,-0.4919535022143977,-0.07999999999999963,-1.2000000000000002,-1.2000000000000002,8.333333333333334,8.333333333333334
12,1.3,False,0,1.7914842919855318,1.0,0.0,True,8.729888888888885,4.314299506919984,6.15695555555556,-0.597488509137692,-0.6100000000000003,-1.3,-1.3,8.333333333333334,8.333333333333334,10.329888888888886,5.719336298381006,6.555577777777779,0.21873301226982322,-0.09000000000000008,-1.3,-1.3,8.333333333333334,8.333333333333334
12,1.4000000000000001,False,0,1.7914842919855318,1.0,0.0,True,8.729888888888885,5.362633397633883,6.15695555555556,-0.7823927137559539,-0.7799999999999994,-1.4000000000000001,-1.4000000000000001,8.333333333333334,8.333333333333334,10.729888888888887,7.676159332519295,6.75523333333333,-0.7092057598768164,-0.08000000000000007,-1.4000000000000001,-1.4000000000000001,8.333333333333334,8.333333333333334
12,1.5,False,0,1.7914842919855318,1.0,0.0,True,8.729888888888885,5.593013646756789,6.15695555555556,-1.767449101843619,-0.9499999999999997,-1.5,-1.5,8.333333333333334,8.333333333333334,11.129888888888887,6.2670546971171275,6.99488888888889,-0.17545249283235953,-0.04999999999999982,-1.5,-1.5,8.333333333333334,8.333333333333334
12,1.6,False,0,2.0061479676716507,1.0,0.0,True,8.729888888888885,7.8796512919805695,7.268066666666667,-1.2091943200712003,-0.8000000000000003,-1.6,-1.6,8.333333333333334,8.333333333333334,10.329888888888886,7.256771874130901,7.666688888888891,0.46014337647491166,-0.1599999999999997,-1.6,-1.6,8.333333333333334,8.333333333333334
12,1.7000000000000002,False,0,2.1103291957880943,1.0,0.0,True,8.729888888888885,7.067398434994117,7.823622222222219,-0.24674350487791497,-0.7799999999999994,-1.7000000000000002,-1.7000000000000002,8.333333333333334,8.333333333333334,10.329888888888886,7.595882013411724,8.222244444444442,0.13992864680879036,-0.09999999999999964,-1.7000000000000002,-1.7000000000000002,8.333333333333334,8.333333333333334
13,0.0,False,0,4.0,0.0,0.0,False,13.88888888888889,-4.0597701993123065,-4.222222222222196,1.8760650782156074,1.6,0.0,0.0,8.333333333333334,8.333333333333334,,,,,,,,,
13,0.1,False,0,4.0,1.0,1.0,True,13.88888888888889,-3.997872199866026,-4.222222222222196,2.17709137474936,1.29,-0.1,-0.1,8.333333333333334,8.333333333333334,13.88888888888889,68.12241906573529,67.84444444444411,-0.04186253511750637,-0.00999999999999579,-0.1,-0.1,8.333333333333334,8.333333333333334
13,0.2,False,0,4.0,1.0,0.0,True,13.88888888888889,-4.087135576336574,-4.222222222222196,0.531159146328577,0.98,-0.2,-0.2,8.333333333333334,8.333333333333334,13.88888888888889,22.66291170902576,23.399999999999803,0.5908215162850134,-0.019999999999997353,-0.2,-0.2,8.333333333333334,8.333333333333334
13,0.30000000000000004,False,0,1.5333333333333314,1.0,1.0,True,13.88888888888889,-3.8226109088885165,-4.222222222222196,0.21440848579879157,0.6699999999999999,-0.30000000000000004,-0.30000000000000004,8.333333333333334,8.333333333333334,13.88888888888889,8.089316564694034,8.399999999999945,-0.1944451127212481,-0.020000000000001572,-0.30000000000000004,-0.30000000000000004,8.333333333333334,8.333333333333334
13,0.4,True,1,0.0,1.0,1.0,True,12.023888888888889,-4.222930551733643,-4.261722222222235,1.2715264253464937,0.3199999999999994,-0.4,-0.4,8.333333333333334,8.333333333333334,11.42388888888889,-1.3959030152515508,-1.729277777777777,0.4210407930218296,-6.661338147750939e-16,-0.4,-0.4,8.333333333333334,8.333333333333334
13,0.5,False,0,1.2999999999999998,1.0,1.0,True,8.729888888888885,2.7675816964333473,2.7125111111111133,1.2869851825300986,0.3500000000000001,-0.5,-0.5,8.333333333333334,8.333333333333334,7.129888888888884,2.4115087975339238,3.154922222222244,0.23235962007931743,0.0,-0.5,-0.5,8.333333333333334,8.333333333333334
13,0.6000000000000001,False,0,1.4956556900604001,1.0,0.0,True,8.729888888888885,4.279641328097662,4.379177777777785,0.03430639595262153,0.2800000000000007,-0.6000000000000001,-0.6000000000000001,8.333333333333334,8.333333333333334,7.929888888888884,4.722939629022567,4.460900000000014,-0.4389608104641032,-0.019999999999999574,-0.6000000000000001,-0.6000000000000001,8.333333333333334,8.333333333333334
13,0.7000000000000001,False,0,1.555354248730801,1.0,0.0,True,8.729888888888885,4.6607107879751455,4.934733333333338,-0.12195636492636108,0.13000000000000078,-0.7000000000000001,-0.7000000000000001,8.333333333333334,8.333333333333334,8.329888888888885,4.406715790144408,4.935422222222226,0.5890604888366151,-0.009999999999999343,-0.7000000000000001,-0.7000000000000001,8.333333333333334,8.333333333333334
13,0.8,False,0,1.6626860865738606,1.0,0.0,True,8.729888888888885,4.891547040588379,5.490288888888892,-0.15540228788633748,-2.220446049250313e-16,-0.8,-0.8,8.333333333333334,8.333333333333334,8.729888888888885,4.891547040588379,5.490288888888892,-0.15540228788633748,-2.220446049250313e-16,-0.8,-0.8,8.333333333333334,8.333333333333334
13,0.9,False,0,1.7700179244169196,1.0,0.0,True,8.729888888888885,6.379227065558735,6.0458444444444455,0.0978641312008488,-0.1100000000000001,-0.9,-0.9,8.333333333333334,8.333333333333334,9.129888888888885,5.71335828841647,6.085499999999997,-0.5475266557839644,-0.02000000000000024,-0.9,-0.9,8.333333333333334,8.333333333333334
13,1.0,False,0,1.8773497622599795,1.0,0.0,True,8.729888888888885,5.569469010171745,6.601399999999999,-1.1204314093290257,-0.19999999999999996,-1.0,-1.0,8.333333333333334,8.333333333333334,9.529888888888886,6.842736353468301,6.720711111111112,-1.17317556791539,0.0,-1.0,-1.0,8.333333333333334,8.333333333333334
13,1.1,False,0,1.9846816001030387,1.0,0.0,True,8.729888888888885,7.238444818083313,7.15695555555556,0.10093546223220828,-0.2699999999999998,-1.1,-1.1,8.333333333333334,8.333333333333334,9.529888888888886,7.622877594618637,7.2762666666666656,1.3391613881148765,-0.0499999999999996,-1.1,-1.1,8.333333333333334,8.333333333333334
13,1.2000000000000002,False,0,1.9846816001030387,1.0,0.0,True,8.729888888888885,6.165503765689107,7.15695555555556,-0.8032900287682092,-0.4399999999999995,-1.2000000000000002,-1.2000000000000002,8.333333333333334,8.333333333333334,9.929888888888886,6.775623900813401,7.3959222222222225,-0.33797687422003353,-0.07999999999999963,-1.2000000000000002,-1.2000000000000002,8.333333333333334,8.333333333333334
13,1.3,False,0,1.9846816001030387,1.0,0.0,True,8.729888888888885,7.753970727822531,7.15695555555556,-0.9967313987942767,-0.6100000000000003,-1.3,-1.3,8.333333333333334,8.333333333333334,10.329888888888886,7.11285465862493,7.555577777777779,0.7056566597373974,-0.09000000000000008,-1.3,-1.3,8.333333333333334,8.333333333333334
13,1.4000000000000001,False,0,2.0898631847159828,1.0,0.0,True,8.729888888888885,7.120706104535427,7.712511111111113,-0.5689321211199256,-0.6399999999999992,-1.4000000000000001,-1.4000000000000001,8.333333333333334,8.333333333333334,10.329888888888886,8.908853957050646,8.111133333333331,-0.24153447160711727,-0.08000000000000007,-1.4000000000000001,-1.4000000000000001,8.333333333333334,8.333333333333334
13,1.5,False,0,2.0898631847159828,1.0,0.0,True,8.729888888888885,7.486351639431281,7.712511111111113,-0.8693708120570651,-0.7999999999999998,-1.5,-1.5,8.333333333333334,8.333333333333334,10.729888888888887,7.724186343596036,8.31078888888889,-0.25321422573800034,-0.04999999999999982,-1.5,-1.5,8.333333333333334,8.333333333333334
13,1.6,False,0,2.192193240076543,1.0,0.0,True,8.729888888888885,8.361683134374662,8.268066666666666,-1.5984983438808333,-0.8000000000000003,-1.6,-1.6,8.333333333333334,8.333333333333334,10.329888888888886,8.239368128357505,8.666688888888892,0.5241023735451091,-0.1599999999999997,-1.6,-1.6,8.333333333333334,8.333333333333334
13,1.7000000000000002,False,0,2.1921932400765427,1.0,0.0,True,8.729888888888885,8.581580323570634,8.268066666666662,-1.4291369402249516,-0.9499999999999993,-1.7000000000000002,-1.7000000000000002,8.333333333333334,8.333333333333334,10.729888888888887,7.8980721820569775,8.866344444444444,-0.31604489774102484,-0.09999999999999964,-1.7000000000000002,-1.7000000000000002,8.333333333333334,8.333333333333334
14,0.0,False,0,4.0,0.0,0.0,False,13.88888888888889,-3.0862254283084978,-4.266666666666704,1.551206436932162,1.6,0.0,0.0,8.333333333333334,8.333333333333334,,,,,,,,,
14,0.1,False,0,4.0,0.0,0.0,False,13.88888888888889,-4.182381912748492,-4.266666666666704,1.3756611640655927,1.27,-0.1,-0.1,8.333333333333334,8.333333333333334,13.88888888888889,66.18115019738035,66.84444444444411,0.8580538612151543,-0.00999999999999579,-0.1,-0.1,8.333333333333334,8.333333333333334
14,0.2,False,0,3.999999999999999,1.0,1.0,True,13.88888888888889,-4.067482569738639,-4.266666666666704,0.6984788548317726,0.94,-0.2,-0.2,8.333333333333334,8.333333333333334,13.88888888888889,23.372028560735668,22.399999999999803,0.5949859553004573,-0.019999999999997353,-0.2,-0.2,8.333333333333334,8.333333333333334
14,0.30000000000000004,False,0,1.3333333333333313,1.0,1.0,True,13.88888888888889,-4.117610947824434,-4.266666666666704,1.0509419370144077,0.6099999999999999,-0.30000000000000004,-0.30000000000000004,8.333333333333334,8.333333333333334,13.88888888888889,7.743895934473973,7.399999999999946,0.5468377661844879,-0.020000000000001572,-0.30000000000000004,-0.30000000000000004,8.333333333333334,8.333333333333334
14,0.4,True,2,0.0,1.0,1.0,True,8.423888888888891,-1.0751346461249538,-1.211233333333321,0.9499161251573045,0.27999999999999936,-0.4,-0.4,8.333333333333334,8.333333333333334,7.823888888888892,-0.9927772321339488,-0.8546222222222282,-0.3070085706453902,-6.661338147750939e-16,-0.4,-0.4,8.333333333333334,8.333333333333334
14,0.5,False,0,2.1,1.0,0.0,True,8.729888888888885,6.575788319644254,6.490288888888892,0.48138268948472795,0.6000000000000001,-0.5,-0.5,8.333333333333334,8.333333333333334,6.729888888888883,6.892085449608634,7.05442222222224,0.4929173547165444,0.0,-0.5,-0.5,8.333333333333334,8.333333333333334
14,0.6000000000000001,False,0,1.866666666666667,1.0,0.0,True,8.729888888888885,6.912760299089116,6.050633333333338,0.4530939774306595,0.3400000000000003,-0.6000000000000001,-0.6000000000000001,8.333333333333334,8.333333333333334,7.529888888888884,6.804904472504384,6.332700000000011,-0.9195717743448083,-0.019999999999999574,-0.6000000000000001,-0.6000000000000001,8.333333333333334,8.333333333333334
14,0.7000000000000001,False,0,1.8558833946913675,1.0,0.0,True,8.729888888888885,5.91639004062877,6.490288888888892,0.08425461147288704,0.20000000000000062,-0.7000000000000001,-0.7000000000000001,8.333333333333334,8.333333333333334,8.329888888888885,7.689786679659474,6.4913222222222275,0.08014646451934326,-0.009999999999999343,-0.7000000000000001,-0.7000000000000001,8.333333333333334,8.333333333333334
14,0.8,False,0,1.9632152325344265,1.0,0.0,True,8.729888888888885,7.521916167522488,7.0458444444444455,0.24903253223748978,0.07999999999999963,-0.8,-0.8,8.333333333333334,8.333333333333334,8.329888888888885,6.207407188876915,7.046188888888893,0.21154212782996407,-2.220446049250313e-16,-0.8,-0.8,8.333333333333334,8.333333333333334
14,0.9,False,0,1.9632152325344265,1.0,0.0,True,8.729888888888885,8.382259442051865,7.0458444444444455,-0.24464312359899476,-0.1100000000000001,-0.9,-0.9,8.333333333333334,8.333333333333334,9.129888888888885,7.14246957848603,7.085499999999997,0.2817825754626293,-0.02000000000000024,-0.9,-0.9,8.333333333333334,8.333333333333334
14,1.0,False,0,2.069397173643871,1.0,0.0,True,8.729888888888885,7.60523649504188,7.601399999999999,1.2639423041844213,-0.19999999999999996,-1.0,-1.0,8.333333333333334,8.333333333333334,9.529888888888886,7.10593010125718,7.720711111111112,0.5510597127886987,0.0,-1.0,-1.0,8.333333333333334,8.333333333333334
14,1.1,False,0,2.1717272290044307,1.0,0.0,True,8.729888888888885,9.314680243227006,8.156955555555559,-0.1416527954901401,-0.2699999999999998,-1.1,-1.1,8.333333333333334,8.333333333333334,9.529888888888886,9.350132690405399,8.276266666666665,0.23991176176080975,-0.0499999999999996,-1.1,-1.1,8.333333333333334,8.333333333333334
14,1.2000000000000002,False,0,2.2740572843649907,1.0,0.0,True,8.729888888888885,8.52389943582266,8.712511111111112,-0.5082364387800835,-0.3199999999999994,-1.2000000000000002,-1.2000000000000002,8.333333333333334,8.333333333333334,9.529888888888886,9.060851695500414,8.831822222222222,-0.29209216454010845,-0.07999999999999963,-1.2000000000000002,-1.2000000000000002,8.333333333333334,8.333333333333334
14,1.3,False,0,2.2740572843649907,1.0,0.0,True,8.729888888888885,9.559371601545514,8.712511111111112,-1.7166660953866832,-0.4800000000000004,-1.3,-1.3,8.333333333333334,8.333333333333334,9.929888888888886,8.274722792589554,8.951477777777779,0.499575436756285,-0.09000000000000008,-1.3,-1.3,8.333333333333334,8.333333333333334
14,1.4000000000000001,False,0,2.376387339725551,1.0,0.0,True,8.729888888888885,7.908030636937316,9.268066666666666,-0.8768049577108832,-0.49999999999999956,-1.4000000000000001,-1.4000000000000001,8.333333333333334,8.333333333333334,9.929888888888886,9.21740701623958,9.507033333333332,-0.11945656941940186,-0.08000000000000007,-1.4000000000000001,-1.4000000000000001,8.333333333333334,8.333333333333334
14,1.5,False,0,2.4787173950861106,1.0,0.0,True,8.729888888888885,9.778194324769647,9.82362222222222,-0.09435530779333101,-0.5,-1.5,-1.5,8.333333333333334,8.333333333333334,9.929888888888886,10.574798667215592,10.06258888888889,-0.41605433091571564,-0.04999999999999982,-1.5,-1.5,8.333333333333334,8.333333333333334
14,1.6,False,0,2.4787173950861106,1.0,0.0,True,8.337549187018473,10.088964863057786,9.823200636853706,-0.8549191081259575,-0.8000000000000003,-1.6,-1.6,8.333333333333334,8.333333333333334,9.929888888888886,11.697455160737842,10.06258888888889,0.8098788093754785,-0.1599999999999997,-1.6,-1.6,8.333333333333334,8.333333333333334
14,1.7000000000000002,False,0,2.3763873397255506,1.0,0.0,True,8.729888888888885,8.881649541751607,9.268066666666662,-1.1833764126578472,-0.9499999999999993,-1.7000000000000002,-1.7000000000000002,8.333333333333334,8.333333333333334,10.729888888888887,9.470681679989362,9.866344444444444,0.43510230249634096,-0.09999999999999964,-1.7000000000000002,-1.7000000000000002,8.333333333333334,8.333333333333334
15,0.0,False,0,4.0,0.0,0.0,False,13.88888888888889,-3.6307079125725776,-4.15555555555559,2.127537886828399,1.6,0.0,0.0,8.333333333333334,8.333333333333334,,,,,,,,,
15,0.1,False,0,4.0,0.0,0.0,False,13.88888888888889,-4.200003394397657,-4.15555555555559,0.9083367491523506,1.25,-0.1,-0.1,8.333333333333334,8.333333333333334,13.88888888888889,65.39833259664344,65.84444444444411,0.5251345136345358,-0.00999999999999579,-0.1,-0.1,8.333333333333334,8.333333333333334
15,0.2,False,0,3.799999999999999,1.0,1.0,True,13.88888888888889,-3.761661055960327,-4.15555555555559,1.1593067730631534,0.8999999999999999,-0.2,-0.2,8.333333333333334,8.333333333333334,13.88888888888889,20.98880127681957,21.399999999999803,-0.6882426885761097,-0.019999999999997353,-0.2,-0.2,8.333333333333334,8.333333333333334
15,0.30000000000000004,False,0,1.0333333333333303,1.0,1.0,True,13.50938888888889,-4.037165408492018,-4.282055555555568,-1.5106452269661212,0.5499999999999998,-0.30000000000000004,-0.30000000000000004,8.333333333333334,8.333333333333334,13.50938888888889,5.820187067283979,5.552450000000047,-0.046191524153139873,-0.020000000000001572,-0.30000000000000004,-0.30000000000000004,8.333333333333334,8.333333333333334
15,0.4,True,2,0.0,1.0,1.0,True,8.69738888888889,-0.18493895663047777,-0.5043888888888857,-0.23738977814311912,0.23999999999999932,-0.4,-0.4,8.333333333333334,8.333333333333334,7.297388888888889,-0.11067851873325463,-0.20282222222222668,-0.12463165394198472,-6.661338147750939e-16,-0.4,-0.4,8.333333333333334,8.333333333333334
15,0.5,False,0,2.0,1.0,0.0,True,8.729888888888885,7.022245634045064,6.379177777777785,0.2807087160256607,0.5,-0.5,-0.5,8.333333333333334,8.333333333333334,7.129888888888884,8.588919312822359,6.86262222222224,0.5159983346973189,0.0,-0.5,-0.5,8.333333333333334,8.333333333333334
15,0.6000000000000001,False,0,1.8344170271227551,1.0,0.0,True,8.729888888888885,7.094154824735264,6.379177777777785,0.49645347272011087,0.2800000000000007,-0.6000000000000001,-0.6000000000000001,8.333333333333334,8.333333333333334,7.929888888888884,6.800741459822928,6.540900000000012,-0.16538092780689095,-0.019999999999999574,-0.6000000000000001,-0.6000000000000001,8.333333333333334,8.333333333333334
15,0.7000000000000001,False,0,2.048931162571759,1.0,0.0,True,8.729888888888885,8.43439474974295,7.490288888888892,0.1285717019586725,0.20000000000000062,-0.7000000000000001,-0.7000000000000001,8.333333333333334,8.333333333333334,7.929888888888884,6.693599060197902,7.531322222222227,0.4168773904650669,-0.009999999999999343,-0.7000000000000001,-0.7000000000000001,8.333333333333334,8.333333333333334
15,0.8,False,0,2.151261217932319,1.0,0.0,True,8.729888888888885,8.059841092537408,8.045844444444445,-0.3829582005686336,0.07999999999999963,-0.8,-0.8,8.333333333333334,8.333333333333334,8.329888888888885,7.537060865893026,8.046188888888892,-0.5800202775028236,-2.220446049250313e-16,-0.8,-0.8,8.333333333333334,8.333333333333334
15,0.9,False,0,2.151261217932319,1.0,0.0,True,8.729888888888885,8.297311312834982,8.045844444444445,-0.6358708166903486,-0.1100000000000001,-0.9,-0.9,8.333333333333334,8.333333333333334,9.129888888888885,7.88864197297847,8.085499999999996,0.5517177702070333,-0.02000000000000024,-0.9,-0.9,8.333333333333334,8.333333333333334
15,1.0,False,0,2.2535912732928796,1.0,0.0,True,8.729888888888885,8.756649702999638,8.601399999999998,0.14404462814204022,-0.19999999999999996,-1.0,-1.0,8.333333333333334,8.333333333333334,9.529888888888886,8.361848965859497,8.720711111111111,-0.07952007655582816,0.0,-1.0,-1.0,8.333333333333334,8.333333333333334
15,1.1,False,0,2.3559213286534386,1.0,0.0,True,8.729888888888885,9.387557715574328,9.156955555555559,-0.08629998909008973,-0.2699999999999998,-1.1,-1.1,8.333333333333334,8.333333333333334,9.529888888888886,9.491311847695862,9.276266666666665,-1.8372279401796305,-0.0499999999999996,-1.1,-1.1,8.333333333333334,8.333333333333334
15,1.2000000000000002,False,0,2.4582513840139986,1.0,0.0,True,8.339218154051412,9.62106412874721,9.710989702523054,-0.6859454436648711,-0.4399999999999995,-1.2000000000000002,-1.2000000000000002,8.333333333333334,8.333333333333334,9.529888888888886,8.617681298929298,9.831822222222222,-0.2115652511615287,-0.07999999999999963,-1.2000000000000002,-1.2000000000000002,8.333333333333334,8.333333333333334
15,1.3,False,0,2.4582513840139986,1.0,0.0,True,8.729888888888885,9.161141708429149,9.712511111111112,-0.689359461613247,-0.4800000000000004,-1.3,-1.3,8.333333333333334,8.333333333333334,9.929888888888886,9.78486751427776,9.951477777777779,0.026507699131236295,-0.09000000000000008,-1.3,-1.3,8.333333333333334,8.333333333333334
15,1.4000000000000001,False,0,2.4582513840139986,1.0,0.0,True,8.363999821841333,10.388058848785185,9.709444462260315,-0.577410791132422,-0.7799999999999994,-1.4000000000000001,-1.4000000000000001,8.333333333333334,8.333333333333334,10.329888888888886,10.487347476565898,10.111133333333331,0.30476594548568325,-0.08000000000000007,-1.4000000000000001,-1.4000000000000001,8.333333333333334,8.333333333333334
15,1.5,False,0,2.5605814393745594,1.0,0.0,True,8.377356035422011,9.50193978415436,10.263664396457802,-1.149760836478789,-0.7999999999999998,-1.5,-1.5,8.333333333333334,8.333333333333334,10.329888888888886,10.809478063820773,10.666688888888892,0.1338840013010847,-0.04999999999999982,-1.5,-1.5,8.333333333333334,8.333333333333334
15,1.6,False,0,2.5605814393745594,1.0,0.0,True,8.729888888888885,9.35496758491459,10.268066666666666,0.2156132219867284,-0.8000000000000003,-1.6,-1.6,8.333333333333334,8.333333333333334,10.329888888888886,9.836070623816614,10.666688888888892,-1.647264275601843,-0.1599999999999997,-1.6,-1.6,8.333333333333334,8.333333333333334
15,1.7000000000000002,False,0,2.7652415500956784,1.0,0.0,True,8.410533643896667,11.211306626266005,11.368035184321453,-0.9883922137531544,-0.7799999999999994,-1.7000000000000002,-1.7000000000000002,8.333333333333334,8.333333333333334,9.929888888888886,11.626131764827356,11.618144444444443,-0.47371035582914733,-0.09999999999999964,-1.7000000000000002,-1.7000000000000002,8.333333333333334,8.333333333333334
16,0.0,False,0,4.0,0.0,0.0,False,13.88888888888889,-4.26882214847092,-4.0444444444444825,1.6076363787286567,1.6,0.0,0.0,8.333333333333334,8.333333333333334,,,,,,,,,
16,0.1,False,0,4.0,1.0,1.0,True,13.88888888888889,-3.2105083806787134,-4.0444444444444825,2.069249036890163,1.23,-0.1,-0.1,8.333333333333334,8.333333333333334,13.88888888888889,64.74582081195139,64.84444444444411,-0.4442787274800508,-0.00999999999999579,-0.1,-0.1,8.333333333333334,8.333333333333334
16,0.2,False,0,3.600000000000001,1.0,1.0,True,13.88888888888889,-4.071220526113026,-4.0444444444444825,0.3807812284556147,0.8599999999999999,-0.2,-0.2,8.333333333333334,8.333333333333334,13.88888888888889,20.98151782959864,20.399999999999803,-0.5824050216936156,-0.019999999999997353,-0.2,-0.2,8.333333333333334,8.333333333333334
16,0.30000000000000004,False,0,0.5333333333333293,1.0,1.0,True,12.623888888888889,-3.076902382479868,-4.097133333333342,0.5018406642607025,0.42999999999999927,-0.30000000000000004,-0.30000000000000004,8.333333333333334,8.333333333333334,12.623888888888889,2.0061382434077446,2.3387000000000144,-0.3238765821327336,-0.020000000000001572,-0.30000000000000004,-0.30000000000000004,8.333333333333334,8.333333333333334
16,0.4,False,0,2.0999999999999996,1.0,0.0,True,8.729888888888885,6.446468746560851,5.270805555555559,0.1418881552964133,0.5599999999999996,-0.4,-0.4,8.333333333333334,8.333333333333334,6.729888888888883,6.870794275129474,6.115627777777772,-0.3299740759112635,-6.661338147750939e-16,-0.4,-0.4,8.333333333333334,8.333333333333334
16,0.5,False,0,2.2038615673284068,1.0,0.0,True,8.729888888888885,7.63324122003029,7.934733333333338,-0.0562288494444918,0.5500000000000003,-0.5,-0.5,8.333333333333334,8.333333333333334,6.9883386371032055,8.447421569875008,8.299282756670362,-0.03420835236954978,0.0,-0.5,-0.5,8.333333333333334,8.333333333333334
16,0.6000000000000001,False,0,2.335455317581327,1.0,0.0,True,8.729888888888885,9.860914507088214,9.045844444444445,1.3001720943447808,0.4600000000000004,-0.6000000000000001,-0.6000000000000001,8.333333333333334,8.333333333333334,7.651379591929332,9.942159140783861,9.427434355599946,0.3266523146667253,-0.019999999999999574,-0.6000000000000001,-0.6000000000000001,8.333333333333334,8.333333333333334
16,0.7000000000000001,False,0,2.233125262220767,1.0,0.0,True,8.729888888888885,8.778187494911286,8.490288888888891,0.7692863357728368,0.20000000000000062,-0.7000000000000001,-0.7000000000000001,8.333333333333334,8.333333333333334,7.929888888888884,8.680262064943225,8.571322222222225,-0.7616513454583664,-0.009999999999999343,-0.7000000000000001,-0.7000000000000001,8.333333333333334,8.333333333333334
16,0.8,False,0,2.335455317581327,1.0,0.0,True,8.729888888888885,8.431244339650437,9.045844444444445,0.6836681429141387,0.07999999999999963,-0.8,-0.8,8.333333333333334,8.333333333333334,8.329888888888885,9.53135509765778,9.046188888888892,0.20914134260280637,-2.220446049250313e-16,-0.8,-0.8,8.333333333333334,8.333333333333334
16,0.9,False,0,2.335455317581327,1.0,0.0,True,8.729888888888885,9.465640759212828,9.045844444444445,-0.4629998454445039,-0.1100000000000001,-0.9,-0.9,8.333333333333334,8.333333333333334,9.129888888888885,9.539264518119893,9.085499999999996,0.5376970804996919,-0.02000000000000024,-0.9,-0.9,8.333333333333334,8.333333333333334
16,1.0,False,0,2.335455317581327,1.0,0.0,True,8.729888888888885,8.830238922651692,9.045844444444445,-0.7867136140547384,-0.2999999999999998,-1.0,-1.0,8.333333333333334,8.333333333333334,9.929888888888886,9.110964370853296,9.284811111111111,0.739297052560079,0.0,-1.0,-1.0,8.333333333333334,8.333333333333334
16,1.1,False,0,2.7447755390235673,1.0,0.0,True,8.532626924905003,11.98520600107356,11.243096685633493,0.27883484477765474,-0.1599999999999997,-1.1,-1.1,8.333333333333334,8.333333333333334,8.780295107648959,12.034341208135466,11.263026044790656,-0.25174798735751547,-0.0499999999999996,-1.1,-1.1,8.333333333333334,8.333333333333334
16,1.2000000000000002,False,0,2.642445483663007,1.0,0.0,True,8.347719472367379,10.07376408415972,10.71107249720771,-1.6467268485692115,-0.4399999999999995,-1.2000000000000002,-1.2000000000000002,8.333333333333334,8.333333333333334,9.529888888888886,10.327643990298942,10.831822222222222,-0.13798970901500907,-0.07999999999999963,-1.2000000000000002,-1.2000000000000002,8.333333333333334,8.333333333333334
16,1.3,False,0,2.7447755390235673,1.0,0.0,True,8.470714693761247,10.953634308509898,11.249319894673285,-0.5847108985309255,-0.4800000000000004,-1.3,-1.3,8.333333333333334,8.333333333333334,9.529888888888886,11.76374920413804,11.387377777777779,0.5517679646831359,-0.09000000000000008,-1.3,-1.3,8.333333333333334,8.333333333333334
16,1.4000000000000001,False,0,2.7447755390235673,1.0,0.0,True,8.578789882183955,10.795813689358315,11.228189752688426,-0.2417647342751048,-0.6399999999999992,-1.4000000000000001,-1.4000000000000001,8.333333333333334,8.333333333333334,9.929888888888886,11.783369830062934,11.507033333333332,0.41075452734740425,-0.08000000000000007,-1.4000000000000001,-1.4000000000000001,8.333333333333334,8.333333333333334
16,1.5,False,0,2.7447755390235673,1.0,0.0,True,8.526449401883411,11.790572155639822,11.24383026666495,-1.6952337024274284,-0.7999999999999998,-1.5,-1.5,8.333333333333334,8.333333333333334,10.329888888888886,11.136723955994388,11.666688888888892,-0.09687404884216089,-0.04999999999999982,-1.5,-1.5,8.333333333333334,8.333333333333334
16,1.6,False,0,2.642445483663007,1.0,0.0,True,8.349780665004495,10.824085585813275,10.710866377943997,-1.0689976276629358,-1.1200000000000006,-1.6,-1.6,8.333333333333334,8.333333333333334,10.729888888888887,11.61679750796554,11.31078888888889,0.680515570169145,-0.1599999999999997,-1.6,-1.6,8.333333333333334,8.333333333333334
16,1.7000000000000002,False,0,2.8471055943841264,1.0,0.0,True,8.337662466560673,12.318316581175655,11.789987519725816,-0.05772978366830217,-1.1199999999999992,-1.7000000000000002,-1.7000000000000002,8.333333333333334,8.333333333333334,10.329888888888886,12.426052343153227,12.222244444444438,0.43036153660774756,-0.09999999999999964,-1.7000000000000002,-1.7000000000000002,8.333333333333334,8.333333333333334
17,0.0,False,0,4.0,0.0,0.0,False,13.88888888888889,-3.8311980498130067,-4.111111111111067,2.2788471366956355,1.6,0.0,0.0,8.333333333333334,8.333333333333334,,,,,,,,,
17,0.1,False,0,4.0,1.0,0.0,True,13.88888888888889,-3.2989968379422647,-4.111111111111067,0.8591723827761846,1.2199999999999998,-0.1,-0.1,8.333333333333334,8.333333333333334,13.88888888888889,63.50615724088955,63.84444444444411,0.4191114553822244,-0.00999999999999579,-0.1,-0.1,8.333333333333334,8.333333333333334
17,0.2,False,0,3.400000000000001,1.0,1.0,True,13.88888888888889,-3.740176677645276,-4.111111111111067,1.643828375376589,0.8399999999999994,-0.2,-0.2,8.333333333333334,8.333333333333334,13.88888888888889,20.248158398404822,19.399999999999803,0.23205012839538774,-0.019999999999997353,-0.2,-0.2,8.333333333333334,8.333333333333334
17,0.30000000000000004,False,0,2.0333333333333328,1.0,1.0,True,8.603388888888885,1.7814442633800711,1.525855555555549,0.8698906857363853,0.5499999999999998,-0.30000000000000004,-0.30000000000000004,8.333333333333334,8.333333333333334,6.603388888888883,3.0413537290305657,2.9727499999999667,0.09896438431475807,-0.020000000000001572,-0.30000000000000004,-0.30000000000000004,8.333333333333334,8.333333333333334
17,0.4,False,0,1.951892662240609,1.0,0.0,True,8.729888888888885,5.362799234292408,5.12174444444445,0.9794740553966825,0.47999999999999954,-0.4,-0.4,8.333333333333334,8.333333333333334,6.329888888888883,6.539648652579449,6.16587777777777,0.7452136778337324,-6.661338147750939e-16,-0.4,-0.4,8.333333333333334,8.333333333333334
17,0.5,False,0,2.0061479676716494,1.0,0.0,True,8.729888888888885,7.430264898435149,7.2680666666666776,0.009280142101802502,0.3999999999999999,-0.5,-0.5,8.333333333333334,8.333333333333334,7.929888888888884,6.941188515168368,7.390822222222238,-0.02930941435801704,0.0,-0.5,-0.5,8.333333333333334,8.333333333333334
17,0.6000000000000001,False,0,2.417319361869775,1.0,0.0,True,8.729888888888885,9.359264035715057,9.490288888888891,0.3105010185192274,0.40000000000000036,-0.6000000000000001,-0.6000000000000001,8.333333333333334,8.333333333333334,7.974187704651303,10.478939622165012,9.599410355271292,0.2876119701288449,-0.019999999999999574,-0.6000000000000001,-0.6000000000000001,8.333333333333334,8.333333333333334
17,0.7000000000000001,False,0,2.417319361869775,1.0,0.0,True,8.729888888888885,9.608849243859218,9.490288888888891,0.28391543029685895,0.20000000000000062,-0.7000000000000001,-0.7000000000000001,8.333333333333334,8.333333333333334,7.633567024076594,10.006874051147069,9.600954408703455,0.05325329150808589,-0.009999999999999343,-0.7000000000000001,-0.7000000000000001,8.333333333333334,8.333333333333334
17,0.8,False,0,2.621979472590896,1.0,0.0,True,8.348364221882838,10.007901377291002,10.599896911145049,0.03498264180734467,0.07999999999999963,-0.8,-0.8,8.333333333333334,8.333333333333334,8.02169373222114,11.588376799201509,10.63106087125627,-0.4228371081678062,-2.220446049250313e-16,-0.8,-0.8,8.333333333333334,8.333333333333334
17,0.9,False,0,2.519649417230335,1.0,0.0,True,8.729888888888885,9.52833535344826,10.045844444444445,-0.0597273451023721,-0.1100000000000001,-0.9,-0.9,8.333333333333334,8.333333333333334,9.129888888888885,10.78308342210812,10.085499999999996,1.0899607625934102,-0.02000000000000024,-0.9,-0.9,8.333333333333334,8.333333333333334
17,1.0,False,0,2.519649417230335,1.0,0.0,True,8.362543855638236,10.563395202645665,10.042923392213957,-0.23496847508965835,-0.3999999999999999,-1.0,-1.0,8.333333333333334,8.333333333333334,9.929888888888886,9.111783664028806,10.284811111111111,0.8961595354308147,0.0,-1.0,-1.0,8.333333333333334,8.333333333333334
17,1.1,False,0,2.724309527951455,1.0,0.0,True,8.442022605852724,11.421311430449471,11.146086628303614,0.1789361967719838,-0.3799999999999999,-1.1,-1.1,8.333333333333334,8.333333333333334,9.529888888888886,11.166831315743252,11.276266666666665,0.3230079797265355,-0.0499999999999996,-1.1,-1.1,8.333333333333334,8.333333333333334
17,1.2000000000000002,False,0,2.826639583312015,1.0,0.0,True,8.514555821043208,11.3372300737695,11.68490525654948,0.42668373073762433,-0.4399999999999995,-1.2000000000000002,-1.2000000000000002,8.333333333333334,8.333333333333334,9.536398730218067,12.195992295474941,11.831171238089308,0.7345251995567987,-0.07999999999999963,-1.2000000000000002,-1.2000000000000002,8.333333333333334,8.333333333333334
17,1.3,False,0,2.826639583312015,1.0,0.0,True,8.393928834736572,12.235649274539956,11.672584387580844,-0.9076490700673127,-0.7400000000000007,-1.3,-1.3,8.333333333333334,8.333333333333334,9.929888888888886,12.218261071698468,11.951477777777779,-0.29088574584858007,-0.09000000000000008,-1.3,-1.3,8.333333333333334,8.333333333333334
17,1.4000000000000001,False,0,3.031299694033135,1.0,0.0,True,8.385383607234843,13.352538885963934,12.725486256221803,-0.7662135703929656,-0.7799999999999994,-1.4000000000000001,-1.4000000000000001,8.333333333333334,8.333333333333334,9.532982220928671,12.99783346268961,12.942314666925373,-0.07302159169605704,-0.08000000000000007,-1.4000000000000001,-1.4000000000000001,8.333333333333334,8.333333333333334
17,1.5,False,0,2.826639583312015,1.0,0.0,True,8.603823470555902,11.06959933059506,11.657042368355604,-1.5811334614414014,-0.9499999999999997,-1.5,-1.5,8.333333333333334,8.333333333333334,10.729888888888887,12.628296915141977,12.31078888888889,-1.1526201728876126,-0.04999999999999982,-1.5,-1.5,8.333333333333334,8.333333333333334
17,1.6,False,0,3.031299694033135,1.0,0.0,True,8.393771053486537,13.345425281957194,12.730863155152573,-0.8660622840023944,-1.1200000000000006,-1.6,-1.6,8.333333333333334,8.333333333333334,9.929888888888886,13.355437568684422,13.06258888888889,-1.149031350021239,-0.1599999999999997,-1.6,-1.6,8.333333333333334,8.333333333333334
17,1.7000000000000002,False,0,3.1336297493936947,1.0,0.0,True,8.484276699925898,12.386830206869423,13.235806422422282,-1.1839927122226408,-1.1199999999999992,-1.7000000000000002,-1.7000000000000002,8.333333333333334,8.333333333333334,9.9633838521568,13.505362274304975,13.614794948117652,0.6308036521037872,-0.09999999999999964,-1.7000000000000002,-1.7000000000000002,8.333333333333334,8.333333333333334
18,0.0,False,0,4.0,0.0,0.0,False,13.88888888888889,-4.1007488533706775,-4.2222222222221815,1.61979520788136,1.6,0.0,0.0,8.333333333333334,8.333333333333334,,,,,,,,,
18,0.1,False,0,4.0,1.0,0.0,True,13.88888888888889,-3.265911135715828,-4.2222222222221815,1.1913346694888638,1.1999999999999997,-0.1,-0.1,8.333333333333334,8.333333333333334,13.88888888888889,63.61011192935429,62.84444444444411,0.9674038556696449,-0.00999999999999579,-0.1,-0.1,8.333333333333334,8.333333333333334
18,0.2,False,0,3.899999999999999,1.0,1.0,True,8.339302270377345,0.637779678937858,0.9170932490618613,0.7844554354562425,0.7599999999999998,-0.2,-0.2,8.333333333333334,8.333333333333334,5.184515097962526,7.815044227916116,6.893122849763654,0.004895549067177818,-0.019999999999997353,-0.2,-0.2,8.333333333333334,8.333333333333334
18,0.30000000000000004,True,2,0.0,1.0,1.0,True,8.423888888888891,-2.4592352959762094,-2.746944444444469,0.2740983766362066,0.2799999999999989,-0.30000000000000004,-0.30000000000000004,8.333333333333334,8.333333333333334,6.6238888888888905,-0.6752666881606784,-1.6775000000000402,0.20050533777929402,-0.020000000000001572,-0.30000000000000004,-0.30000000000000004,8.333333333333334,8.333333333333334
18,0.4,False,0,2.4,1.0,0.0,True,8.729888888888885,8.405186678646452,7.712511111111113,0.20822385763815143,0.5999999999999996,-0.4,-0.4,8.333333333333334,8.333333333333334,7.211176142207888,7.956585234411631,8.467666265131331,-0.6151473463247625,-6.661338147750939e-16,-0.4,-0.4,8.333333333333334,8.333333333333334
18,0.5,False,0,2.4991834061582225,1.0,0.0,True,8.73236842315198,9.644926474850724,9.934485379907027,0.663853697866934,0.5500000000000003,-0.5,-0.5,8.333333333333334,8.333333333333334,7.997885905250883,10.574851916434884,10.10278804005706,-0.5530853134744755,0.0,-0.5,-0.5,8.333333333333334,8.333333333333334
18,0.6000000000000001,False,0,2.6015134615187834,1.0,0.0,True,8.34179308078232,11.470416457416992,10.489442914143996,-0.5397946638809108,0.3400000000000003,-0.6000000000000001,-0.6000000000000001,8.333333333333334,8.333333333333334,7.932345093124086,10.546862594726814,10.648676608871543,-0.6420594596849067,-0.019999999999999574,-0.6000000000000001,-0.6000000000000001,8.333333333333334,8.333333333333334
18,0.7000000000000001,False,0,2.7038435168793433,1.0,0.0,True,8.422014746623589,9.547680028095574,11.03697630311542,0.5315720053975941,0.20000000000000062,-0.7000000000000001,-0.7000000000000001,8.333333333333334,8.333333333333334,7.941920089509373,10.780145415541014,11.14412561567196,0.0267548380831939,-0.009999999999999343,-0.7000000000000001,-0.7000000000000001,8.333333333333334,8.333333333333334
18,0.8,False,0,2.6015134615187834,1.0,0.0,True,8.337971734409285,10.637872328539643,10.489825048781299,-0.38186323380828213,-0.0800000000000003,-0.8,-0.8,8.333333333333334,8.333333333333334,8.729888888888885,10.042593582557195,10.490288888888891,0.2326223016281097,-2.220446049250313e-16,-0.8,-0.8,8.333333333333334,8.333333333333334
18,0.9,False,0,2.6015134615187834,1.0,0.0,True,8.333457053932111,10.402200253602903,10.490276516829017,-0.9880265263683551,-0.2899999999999998,-0.9,-0.9,8.333333333333334,8.333333333333334,9.529888888888886,10.38729214682581,10.609599999999997,-0.8163377419880682,-0.02000000000000024,-0.9,-0.9,8.333333333333334,8.333333333333334
18,1.0,False,0,2.9085036276004628,1.0,0.0,True,8.424785907114412,13.065343348197114,12.106041580678696,0.1823474723334324,-0.2999999999999998,-1.0,-1.0,8.333333333333334,8.333333333333334,9.134423546749005,12.057339244565554,12.196157645325101,0.7926398154591516,0.0,-1.0,-1.0,8.333333333333334,8.333333333333334
18,1.1,False,0,3.1131637383215836,1.0,0.0,True,8.348304628791276,13.638060743945328,13.103144340925073,0.03221410670041536,-0.6000000000000001,-1.1,-1.1,8.333333333333334,8.333333333333334,9.038064029379829,13.240811877469714,13.214717204131265,1.2564987854580347,-0.0499999999999996,-1.1,-1.1,8.333333333333334,8.333333333333334
18,1.2000000000000002,False,0,3.010833682961023,1.0,0.0,True,8.384597298404731,13.300345173250957,12.580266849177736,-1.7613400974508415,-0.7999999999999994,-1.2000000000000002,-1.2000000000000002,8.333333333333334,8.333333333333334,9.540127831531501,13.248750623890285,12.830798327957961,0.11065095071207409,-0.07999999999999963,-1.2000000000000002,-1.2000000000000002,8.333333333333334,8.333333333333334
18,1.3,False,0,2.9085036276004628,1.0,0.0,True,8.375611419185994,10.831878643378953,12.114218705104644,-0.19111589510431104,-0.8700000000000006,-1.3,-1.3,8.333333333333334,8.333333333333334,10.329888888888886,12.5372378312195,12.555577777777778,0.6080315555145304,-0.09000000000000008,-1.3,-1.3,8.333333333333334,8.333333333333334
18,1.4000000000000001,False,0,3.215493793682143,1.0,0.0,True,8.36711545173543,13.616455276511964,13.48013744276534,-1.2116791359664152,-1.4799999999999986,-1.4000000000000001,-1.4000000000000001,8.333333333333334,8.333333333333334,9.680774608560393,13.762461124593202,13.920836448797516,0.10451891509998612,-0.08000000000000007,-1.4000000000000001,-1.4000000000000001,8.333333333333334,8.333333333333334
18,1.5,False,0,3.010833682961023,1.0,0.0,True,8.34304191625844,11.740706167543799,12.608723131447434,-0.9525751794596469,-1.25,-1.5,-1.5,8.333333333333334,8.333333333333334,10.729888888888887,13.65313327207858,13.31078888888889,-0.5539764460263101,-0.04999999999999982,-1.5,-1.5,8.333333333333334,8.333333333333334
18,1.6,False,0,3.1131637383215836,1.0,0.0,True,8.489517492318871,12.399153637151077,13.108282401127052,-1.544257177934593,-1.4400000000000008,-1.6,-1.6,8.333333333333334,8.333333333333334,10.329888888888886,12.685801555771409,13.666688888888888,-0.6278885959328269,-0.1599999999999997,-1.6,-1.6,8.333333333333334,8.333333333333334
18,1.7000000000000002,False,0,3.215493793682142,1.0,0.0,True,8.434403280226805,12.611977858886476,13.52670981416879,-1.4272145066344821,-1.8300000000000005,-1.7000000000000002,-1.7000000000000002,8.333333333333334,8.333333333333334,10.341225295966403,13.814297532013402,14.22111080373669,-0.5810044301872668,-0.09999999999999964,-1.7000000000000002,-1.7000000000000002,8.333333333333334,8.333333333333334
19,0.0,False,0,4.0,0.0,0.0,False,13.88888888888889,-3.8605592366040495,-4.266666666666704,2.869753350286603,1.6,0.0,0.0,8.333333333333334,8.333333333333334,,,,,,,,,
19,0.1,False,0,4.0,1.0,1.0,True,13.88888888888889,-4.197987144680009,-4.266666666666704,2.1002467226506485,1.1800000000000002,-0.1,-0.1,8.333333333333334,8.333333333333334,13.88888888888889,62.30762116737266,61.84444444444411,-0.7377049875622621,-0.00999999999999579,-0.1,-0.1,8.333333333333334,8.333333333333334
19,0.2,False,0,3.1000000000000028,1.0,1.0,True,13.88888888888889,-3.607840865650064,-4.266666666666704,1.1873116937192267,0.7599999999999998,-0.2,-0.2,8.333333333333334,8.333333333333334,13.88888888888889,16.968664586897557,17.399999999999803,0.15587886885179048,-0.019999999999997353,-0.2,-0.2,8.333333333333334,8.333333333333334
19,0.30000000000000004,False,0,1.3333333333333313,1.0,1.0,True,8.497388888888889,0.5212163260849936,0.2752722222222177,0.23292315842318345,0.3699999999999992,-0.30000000000000004,-0.30000000000000004,8.333333333333334,8.333333333333334,5.297388888888886,3.1845619527263738,2.2619999999999907,0.019578014284637124,-0.020000000000001572,-0.30000000000000004,-0.30000000000000004,8.333333333333334,8.333333333333334
19,0.4,False,0,2.5,1.0,0.0,True,8.729888888888885,8.60707437508362,8.712511111111112,0.39968591889208094,0.5999999999999996,-0.4,-0.4,8.333333333333334,8.333333333333334,7.128921317830944,9.496018800673834,9.552025021098874,-0.39231946425487974,-6.661338147750939e-16,-0.4,-0.4,8.333333333333334,8.333333333333334
19,0.5,False,0,2.5810474504466705,1.0,0.0,True,8.433944981315388,10.090087375476308,10.364905878231433,0.1790227721706814,0.4500000000000002,-0.5,-0.5,8.333333333333334,8.333333333333334,7.497146558154511,11.097060470920194,10.989337603658466,-0.08406739504628713,0.0,-0.5,-0.5,8.333333333333334,8.333333333333334
19,0.6000000000000001,False,0,2.683377505807231,1.0,0.0,True,8.502664842930507,11.15711996037053,10.909842764681201,-0.2940226315099628,0.2800000000000007,-0.6000000000000001,-0.6000000000000001,8.333333333333334,8.333333333333334,7.540522204818415,11.278534806127695,11.098770344559348,-0.3917097852538485,-0.019999999999999574,-0.6000000000000001,-0.6000000000000001,8.333333333333334,8.333333333333334
19,0.7000000000000001,False,0,2.7857075611677913,1.0,0.0,True,8.505088114795129,11.17101247486212,11.469432598731505,-0.5117833586140095,0.13000000000000078,-0.7000000000000001,-0.7000000000000001,8.333333333333334,8.333333333333334,8.019708968008244,11.373839947541608,11.509862375714778,-0.1280069198079079,-0.009999999999999343,-0.7000000000000001,-0.7000000000000001,8.333333333333334,8.333333333333334
19,0.8,False,0,2.990367671888912,1.0,0.0,True,8.385467275897156,13.016237394694063,12.505853019913335,-1.077377857092896,-0.0800000000000003,-0.8,-0.8,8.333333333333334,8.333333333333334,8.5141665716623,12.87136245539077,12.511066414169715,-0.9089027951419977,-2.220446049250313e-16,-0.8,-0.8,8.333333333333334,8.333333333333334
19,0.9,False,0,2.8880376165283512,1.0,0.0,True,8.607904432822053,10.942339556885397,11.996492916986153,-0.4054030341479069,-0.19999999999999996,-0.9,-0.9,8.333333333333334,8.333333333333334,9.190779126202356,12.31273074464075,12.079410976268651,-1.0711388022336503,-0.02000000000000024,-0.9,-0.9,8.333333333333334,8.333333333333334
19,1.0,False,0,3.0926977272494707,1.0,0.0,True,8.346724740693983,13.214957709761538,13.051653395803182,-0.5304995539135597,-0.5,-1.0,-1.0,8.333333333333334,8.333333333333334,9.271645010905713,12.927570766923449,13.176417197145195,-1.03581978664625,0.0,-1.0,-1.0,8.333333333333334,8.333333333333334
19,1.1,False,0,3.0926977272494707,1.0,0.0,True,8.4875542604349,12.02148481698623,13.017071260658668,-1.6178570920410962,-0.6000000000000001,-1.1,-1.1,8.333333333333334,8.333333333333334,9.582595464377983,12.983709100766333,13.269168613612294,-0.8503846996574005,-0.0499999999999996,-1.1,-1.1,8.333333333333334,8.333333333333334
19,1.2000000000000002,False,0,3.2973578379705915,1.0,0.0,True,8.34440892559183,13.229406734970375,13.847886167794805,-1.6095644257890063,-1.399999999999999,-1.2000000000000002,-1.2000000000000002,8.333333333333334,8.333333333333334,9.433020181435834,15.50964551976464,14.230807330513365,-0.393639935665542,-0.07999999999999963,-1.2000000000000002,-1.2000000000000002,8.333333333333334,8.333333333333334
19,1.3,False,0,3.195027782610031,1.0,0.0,True,8.486261260033016,12.157357571834822,13.412912681067994,0.06126221019917333,-1.0000000000000004,-1.3,-1.3,8.333333333333334,8.333333333333334,10.066538318229735,14.953020019827651,13.937812834843694,-0.1517133579515122,-0.09000000000000008,-1.3,-1.3,8.333333333333334,8.333333333333334
19,1.4000000000000001,False,0,3.2973578379705915,1.0,0.0,True,8.378052756202488,13.490557836142212,13.863170927105639,-0.8351086713089328,-1.8999999999999986,-1.4000000000000001,-1.4000000000000001,8.333333333333334,8.333333333333334,9.973027533536353,14.267640191729264,14.502719468868584,-0.02097770511417285,-0.08000000000000007,-1.4000000000000001,-1.4000000000000001,8.333333333333334,8.333333333333334
19,1.5,False,0,3.195027782610031,1.0,0.0,True,8.363828099364056,12.412390073919042,13.45066658153381,-1.6359760151633393,-1.7999999999999998,0.0,0.0,8.333333333333334,8.333333333333334,10.729888888888887,14.455543153877901,14.31078888888889,-0.06267317660494398,-0.04999999999999982,-1.5,-1.5,8.333333333333334,8.333333333333334
19,1.6,False,0,3.399687893331151,1.0,0.0,True,8.333890645268337,13.463091342040958,14.115795406435065,-1.7828748127882854,-1.879999999999999,0.0,0.0,8.333333333333334,8.333333333333334,10.093293028221638,15.776937296579572,15.033519571397942,0.3247319206112227,-0.1599999999999997,-1.6,-1.6,8.333333333333334,8.333333333333334
19,1.7000000000000002,False,0,3.3996878933311505,1.0,0.0,True,8.448176869801074,12.741646876123344,14.154991893341911,-1.7907519343490383,-1.8300000000000005,0.0,0.0,8.333333333333334,8.333333333333334,10.350648058876146,16.099582026819085,15.218092610446988,-0.8072088032106257,-0.09999999999999964,-1.7000000000000002,-1.7000000000000002,8.333333333333334,8.333333333333334
20,0.0,False,0,4.0,0.0,0.0,False,13.88888888888889,-3.4394426634074504,-4.155555555555604,2.3226397560800547,1.6,0.0,0.0,8.333333333333334,8.333333333333334,,,,,,,,,
20,0.1,False,0,4.0,1.0,1.0,True,13.88888888888889,-4.038610094631177,-4.155555555555604,0.9227149433265214,1.1600000000000001,-0.1,-0.1,8.333333333333334,8.333333333333334,13.88888888888889,59.949046630182366,60.84444444444411,-0.8931763575542,-0.00999999999999579,-0.1,-0.1,8.333333333333334,8.333333333333334
20,0.2,False,0,2.5000000000000044,1.0,1.0,True,13.129888888888889,-4.116469533914109,-4.204094444444432,0.006842853373277613,0.7200000000000002,-0.2,-0.2,8.333333333333334,8.333333333333334,12.023888888888889,9.174963971433694,9.319150000000004,-0.25391122087521145,-0.019999999999997353,-0.2,-0.2,8.333333333333334,8.333333333333334
20,0.30000000000000004,False,0,3.033333333333335,1.0,0.0,True,8.729888888888885,7.196741971955039,7.606188888888899,1.4593605817173398,0.73,-0.30000000000000004,-0.30000000000000004,8.333333333333334,8.333333333333334,6.701974860571569,9.06018687257409,9.637550643778322,0.13096536739914333,-0.020000000000001572,-0.30000000000000004,-0.30000000000000004,8.333333333333334,8.333333333333334
20,0.4,False,0,2.8061456137506076,1.0,0.0,True,8.34243012260016,10.752888034924442,10.822712543295548,0.08602343571323123,0.6399999999999997,-0.4,-0.4,8.333333333333334,8.333333333333334,7.571582783492165,11.239905765621796,11.43506706769853,-0.3343732811439253,-6.661338147750939e-16,-0.4,-0.4,8.333333333333334,8.333333333333334
20,0.5,False,0,2.969901660816799,1.0,0.0,True,8.430544588282064,12.051115865139938,12.438745611202425,0.8684575731137794,0.5,-0.5,-0.5,8.333333333333334,8.333333333333334,8.165056548499463,13.40799787934829,12.580483409025891,0.12505486816099642,0.0,-0.5,-0.5,8.333333333333334,8.333333333333334
20,0.6000000000000001,False,0,2.969901660816799,1.0,0.0,True,8.372231134667606,12.779492993128496,12.384404110288681,0.7124840324499666,0.22000000000000064,-0.6000000000000001,-0.6000000000000001,8.333333333333334,8.333333333333334,8.102991275496537,12.855064875877652,12.42750038100801,0.23789007546574537,-0.019999999999999574,-0.6000000000000001,-0.6000000000000001,8.333333333333334,8.333333333333334
20,0.7000000000000001,False,0,3.0722317161773596,1.0,0.0,True,8.347901703067581,12.662217374333089,12.887987577536975,1.0757571888278217,-0.009999999999999343,-0.7000000000000001,-0.7000000000000001,8.333333333333334,8.333333333333334,8.347901703067581,12.662217374333089,12.887987577536975,1.0757571888278217,-0.009999999999999343,-0.7000000000000001,-0.7000000000000001,8.333333333333334,8.333333333333334
20,0.8,False,0,2.969901660816799,1.0,0.0,True,8.336463465333196,10.840909265662383,12.39278600304872,-0.7043604075754137,-0.24000000000000044,-0.8,-0.8,8.333333333333334,8.333333333333334,8.991174089870611,12.946848495634796,12.453548121755865,0.38608542638442644,-2.220446049250313e-16,-0.8,-0.8,8.333333333333334,8.333333333333334
20,0.9,False,0,3.0722317161773596,1.0,0.0,True,8.36173265377156,13.034514089050408,12.869031725609059,-0.09502353478499459,-0.4699999999999993,-0.9,-0.9,8.333333333333334,8.333333333333334,9.310419480360846,14.063084138092492,13.062720671953763,-0.38252105657943325,-0.02000000000000024,-0.9,-0.9,8.333333333333334,8.333333333333334
20,1.0,False,0,3.17456177153792,1.0,0.0,True,8.339362736071257,13.890304538684255,13.321691431659382,-0.4368537450177814,-1.1,-1.0,-1.0,8.333333333333334,8.333333333333334,9.663452597448805,14.170385458862832,13.703590139273373,0.020361522499518614,0.0,-1.0,-1.0,8.333333333333334,8.333333333333334
20,1.1,False,0,3.2768918268984786,1.0,0.0,True,8.334253839385678,13.709702941268258,13.724162601184748,-1.4731980867113048,-1.4800000000000013,-1.1,-1.1,8.333333333333334,8.333333333333334,9.774683341541072,13.560643996922288,14.228838449377179,-0.04163154821928172,-0.0499999999999996,-1.1,-1.1,8.333333333333334,8.333333333333334
20,1.2000000000000002,False,0,3.379221882259039,1.0,0.0,True,8.382365577516609,13.465490557638976,14.01466072563461,-0.8314553289351729,-1.7999999999999998,0.0,0.0,8.333333333333334,8.333333333333334,9.721478430224584,15.341093414496495,14.802511190959013,0.1592626921045115,-0.07999999999999963,-1.2000000000000002,-1.2000000000000002,8.333333333333334,8.333333333333334
20,1.3,False,0,3.2768918268984786,1.0,0.0,True,8.390249278238345,13.083026565066461,13.729345918415035,-0.9643943844316665,-1.8899999999999997,-1.3,-1.3,8.333333333333334,8.333333333333334,10.40413952311719,13.917968696490679,14.548152714354945,-0.025853810883225137,-0.09000000000000008,-1.3,-1.3,8.333333333333334,8.333333333333334
20,1.4000000000000001,False,0,3.4815519376195994,1.0,0.0,True,8.346911760572889,13.659574723084322,14.462702670445356,-1.4377952312171316,-1.8999999999999986,0.0,0.0,8.333333333333334,8.333333333333334,10.085235393693361,14.29775733762418,15.478592324005863,-1.1986720552097068,-0.08000000000000007,-1.4000000000000001,-1.4000000000000001,8.333333333333334,8.333333333333334
20,1.5,False,0,3.4815519376195994,1.0,0.0,True,8.334272810197016,13.112906209262395,14.399736974909953,-1.2585411651662484,-1.7999999999999998,0.0,0.0,8.333333333333334,8.333333333333334,10.358134647090012,14.680613368103877,15.663864313068778,-1.193467772266309,-0.04999999999999982,-1.5,-1.5,8.333333333333334,8.333333333333334
20,1.6,False,0,3.6862120483407192,1.0,0.0,True,8.343036764154634,13.397233538386285,14.480725055164665,-1.705819077251116,-1.879999999999999,0.0,0.0,8.333333333333334,8.333333333333334,10.106943829030763,16.44951037482831,16.367131944233282,-0.3948854037925289,-0.1599999999999997,-1.6,-1.6,8.333333333333334,8.333333333333334
20,1.7000000000000002,False,0,3.6862120483407184,1.0,0.0,True,8.345467731273512,13.453501302832162,14.420884610335772,-1.4398535078545018,-1.8300000000000005,0.0,0.0,8.333333333333334,8.333333333333334,10.362034082065716,16.374363357988084,16.515218207642814,1.0660472258805673,-0.09999999999999964,-1.7000000000000002,-1.7000000000000002,8.333333333333334,8.333333333333334
21,0.0,False,0,4.0,0.0,0.0,False,13.88888888888889,-3.0044518980960033,-4.04444444444449,1.4635211359989784,1.6,0.0,0.0,8.333333333333334,8.333333333333334,,,,,,,,,
21,0.1,False,0,4.0,1.0,0.0,True,13.88888888888889,-4.145232184184915,-4.04444444444449,2.5918021042494774,1.1400000000000001,-0.1,-0.1,8.333333333333334,8.333333333333334,13.88888888888889,60.11025875475228,59.84444444444411,0.2611825072402967,-0.00999999999999579,-0.1,-0.1,8.333333333333334,8.333333333333334
21,0.2,False,0,2.7000000000000024,1.0,1.0,True,13.76238888888889,-3.8279210798420804,-4.120344444444451,0.703602229354765,0.6800000000000002,-0.2,-0.2,8.333333333333334,8.333333333333334,13.76238888888889,15.16063423633599,14.881350000000051,-0.003336814918620812,-0.019999999999997353,-0.2,-0.2,8.333333333333334,8.333333333333334
21,0.30000000000000004,False,0,2.6333333333333346,1.0,0.0,True,8.729888888888885,6.607817221561096,6.306016666666669,0.4543828294449632,0.6099999999999999,-0.30000000000000004,-0.30000000000000004,8.333333333333334,8.333333333333334,6.949351771624297,8.257917734600714,7.705360302369447,1.1803093411384151,-0.020000000000001572,-0.30000000000000004,-0.30000000000000004,8.333333333333334,8.333333333333334
21,0.4,False,0,3.000000000000001,1.0,0.0,True,8.402538464313292,10.597791180471344,11.854806440557045,0.05671759942270338,0.5999999999999996,-0.4,-0.4,8.333333333333334,8.333333333333334,7.596081145226393,11.350602143534818,12.634615695032391,0.5372494671964199,-6.661338147750939e-16,-0.4,-0.4,8.333333333333334,8.333333333333334
21,0.5,False,0,2.7494356497446875,1.0,0.0,True,8.549463946383643,11.820779511386348,11.258203419590288,-0.12098961292801658,0.3500000000000001,-0.5,-0.5,8.333333333333334,8.333333333333334,8.169464514407894,11.24499581545452,11.292619030757532,0.7496406227482888,0.0,-0.5,-0.5,8.333333333333334,8.333333333333334
21,0.6000000000000001,False,0,3.2564258158263675,1.0,0.0,True,8.36452023405471,13.630619933026953,13.69105057225799,0.38185916288176136,-0.26,-0.6000000000000001,-0.6000000000000001,8.333333333333334,8.333333333333334,8.45591798188499,13.233073625682021,13.703938001641713,-0.6245335422018896,-0.019999999999999574,-0.6000000000000001,-0.6000000000000001,8.333333333333334,8.333333333333334
21,0.7000000000000001,False,0,3.2564258158263675,1.0,0.0,True,8.388115303467508,13.22522620797534,13.757641862416918,0.9896423637630374,-0.21999999999999909,-0.7000000000000001,-0.7000000000000001,8.333333333333334,8.333333333333334,8.561136437390909,13.448052466865562,13.78675415912653,-0.16280047608658066,-0.009999999999999343,-0.7000000000000001,-0.7000000000000001,8.333333333333334,8.333333333333334
21,0.8,False,0,3.358755871186928,1.0,0.0,True,8.351932127879175,13.53763651526253,14.088592018466347,-0.21538643843015626,-1.0400000000000014,-0.8,-0.8,8.333333333333334,8.333333333333334,8.970653127224164,14.149388404550667,14.341324441381733,0.622958103104823,-2.220446049250313e-16,-0.8,-0.8,8.333333333333334,8.333333333333334
21,0.9,False,0,3.358755871186928,1.0,0.0,True,8.37084757502179,13.289860584100207,13.83628949239694,-1.7234408420542373,-1.8900000000000028,0.0,0.0,8.333333333333334,8.333333333333334,9.34689812928668,14.870699527523534,14.464068731626561,-0.20641247316634592,-0.02000000000000024,-0.9,-0.9,8.333333333333334,8.333333333333334
21,1.0,False,0,3.4610859265474865,1.0,0.0,True,8.354775283404283,13.235805612854232,14.355588065945891,-1.4057327868148173,-1.7999999999999998,0.0,0.0,8.333333333333334,8.333333333333334,9.598459580733248,15.659480616690796,15.086770253658312,-0.221118711872617,0.0,-1.0,-1.0,8.333333333333334,8.333333333333334
21,1.1,False,0,3.4610859265474865,1.0,0.0,True,8.347481123676687,13.394194880648076,14.370463836674059,-1.4049518246954147,-1.8799999999999981,0.0,0.0,8.333333333333334,8.333333333333334,9.775554286986063,14.185594503419143,15.236059354460533,0.7653019328723807,-0.0499999999999996,-1.1,-1.1,8.333333333333334,8.333333333333334
21,1.2000000000000002,False,0,3.563415981908047,1.0,0.0,True,8.341920948038233,13.822288177746227,14.35084195334056,-1.6019296411353694,-1.7999999999999998,0.0,0.0,8.333333333333334,8.333333333333334,9.97873749903553,15.38560146180238,15.747289617835278,-0.2183092495001706,-0.07999999999999963,-1.2000000000000002,-1.2000000000000002,8.333333333333334,8.333333333333334
21,1.3,False,0,3.563415981908047,1.0,0.0,True,8.334892485958823,13.879300781255534,14.369190350797691,-1.5984873505594326,-1.8899999999999997,0.0,0.0,8.333333333333334,8.333333333333334,10.235678839995154,15.347088966993333,15.888934899071309,-0.549358693411496,-0.09000000000000008,-1.3,-1.3,8.333333333333334,8.333333333333334
21,1.4000000000000001,False,0,3.6657460372686073,1.0,0.0,True,8.335463097452799,13.629293258777555,14.390379971084148,-1.2572598959138968,-1.8999999999999986,0.0,0.0,8.333333333333334,8.333333333333334,10.242960554025476,16.525266216008635,16.445801263476174,-0.8775694845710236,-0.08000000000000007,-1.4000000000000001,-1.4000000000000001,8.333333333333334,8.333333333333334
21,1.5,False,0,3.6657460372686073,1.0,0.0,True,8.357780984491624,12.901927894239616,14.442160091522421,-1.2119084950846493,-1.7999999999999998,0.0,0.0,8.333333333333334,8.333333333333334,10.605579514080366,17.1233131848709,16.62085430946588,-0.5247797520881239,-0.04999999999999982,-1.5,-1.5,8.333333333333334,8.333333333333334
21,1.6,False,0,3.870406147989727,1.0,0.0,True,8.33493021677839,13.949418120831151,14.414214390981225,-1.7064697495046552,-1.879999999999999,0.0,0.0,8.333333333333334,8.333333333333334,10.270678327221425,17.28157093347855,17.314071855723636,0.2923412697132224,-0.1599999999999997,-1.6,-1.6,8.333333333333334,8.333333333333334
21,1.7000000000000002,False,0,3.7680760926291663,1.0,0.0,True,8.341089144677449,13.486706782200539,14.404163487407782,-1.669573801429798,-1.8300000000000005,0.0,0.0,8.333333333333334,8.333333333333334,10.700027064911767,16.159199744986005,17.15236644167932,0.19843339134879967,-0.09999999999999964,-1.7000000000000002,-1.7000000000000002,8.333333333333334,8.333333333333334
22,0.0,False,0,4.0,0.0,0.0,False,13.88888888888889,-4.204063868727874,-4.111111111111074,1.4126518904618428,1.6,0.0,0.0,8.333333333333334,8.333333333333334,,,,,,,,,
22,0.1,False,0,4.0,1.0,1.0,True,13.88888888888889,-3.9400399326773963,-4.111111111111074,1.1633866294820643,1.1300000000000003,-0.1,-0.1,8.333333333333334,8.333333333333334,13.88888888888889,59.14019276534846,58.84444444444411,0.13271354063213892,-0.00999999999999579,-0.1,-0.1,8.333333333333334,8.333333333333334
22,0.2,False,0,2.4000000000000044,1.0,1.0,True,13.50938888888889,-3.337697824756293,-4.198983333333305,0.5752761602566236,0.6400000000000001,-0.2,-0.2,8.333333333333334,8.333333333333334,13.50938888888889,13.118222605573475,12.882000000000044,-0.2940425973056211,-0.019999999999997353,-0.2,-0.2,8.333333333333334,8.333333333333334
22,0.30000000000000004,False,0,3.3333333333333344,1.0,0.0,True,8.729888888888885,9.978350680269802,10.161744444444448,-0.04944484163879714,0.7600000000000002,-0.30000000000000004,-0.30000000000000004,8.333333333333334,8.333333333333334,7.373122707644006,11.877478934140132,11.02689935531048,0.19178645900595903,-0.020000000000001572,-0.30000000000000004,-0.30000000000000004,8.333333333333334,8.333333333333334
22,0.4,False,0,3.235959804754255,1.0,0.0,True,8.351033353734223,13.524833538195065,13.622565439891876,1.0700014974541636,0.3199999999999994,-0.4,-0.4,8.333333333333334,8.333333333333334,8.263930484857012,13.493296571684443,13.653308695249795,-0.620093833751278,-6.661338147750939e-16,-0.4,-0.4,8.333333333333334,8.333333333333334
22,0.5,False,0,3.338289860114815,1.0,0.0,True,8.33824054254866,13.573858998133286,14.1339886216056,-0.16090146033554498,0.10000000000000009,-0.5,-0.5,8.333333333333334,8.333333333333334,8.30472680293252,14.427576946932323,14.139709927685754,0.4849990126918251,0.0,-0.5,-0.5,8.333333333333334,8.333333333333334
22,0.6000000000000001,False,0,3.338289860114815,1.0,0.0,True,8.384678805955062,13.424594649826044,13.959656376456149,-0.37701379619917397,-0.3200000000000003,-0.6000000000000001,-0.6000000000000001,8.333333333333334,8.333333333333334,8.611562293912872,14.402001296376753,14.020288097194616,0.16245064618664173,-0.019999999999999574,-0.6000000000000001,-0.6000000000000001,8.333333333333334,8.333333333333334
22,0.7000000000000001,False,0,3.338289860114815,1.0,0.0,True,8.377585137366358,13.502781584175398,13.997447896615643,-1.3876197566515445,-0.7799999999999985,-0.7000000000000001,-0.7000000000000001,8.333333333333334,8.333333333333334,8.860268598924586,13.656437519998295,14.16733378934659,0.45899626874072297,-0.009999999999999343,-0.7000000000000001,-0.7000000000000001,8.333333333333334,8.333333333333334
22,0.8,False,0,3.4406199154753754,1.0,0.0,True,8.3337190408662,13.8385635011571,14.124230049316754,-1.7333262571307686,-1.8799999999999994,0.0,0.0,8.333333333333334,8.333333333333334,9.354214072890265,15.480740296078437,14.765476691964793,0.1885395134359764,-2.220446049250313e-16,-0.8,-0.8,8.333333333333334,8.333333333333334
22,0.9,False,0,3.4406199154753754,1.0,0.0,True,8.356630639418487,13.327392097695341,14.33529519220141,-1.4020847403106271,-1.4599999999999977,-0.9,-0.9,8.333333333333334,8.333333333333334,9.618966034063899,14.612630360401521,14.981920511257297,-0.58625877472516,-0.02000000000000024,-0.9,-0.9,8.333333333333334,8.333333333333334
22,1.0,False,0,3.645280026196495,1.0,0.0,True,8.338589035211806,13.263657625569959,14.399524458982764,-1.593263661200789,-1.7999999999999998,0.0,0.0,8.333333333333334,8.333333333333334,9.886952254056911,15.98543571562557,16.008256595501877,-0.6594007774334185,0.0,-1.0,-1.0,8.333333333333334,8.333333333333334
22,1.1,False,0,3.645280026196495,1.0,0.0,True,8.348780291493417,13.475968915304765,14.594360008073142,-1.6226831533163297,-1.8799999999999981,0.0,0.0,8.333333333333334,8.333333333333334,10.179183188078419,15.947073550435253,16.104243448452873,0.421367529732966,-0.0499999999999996,-1.1,-1.1,8.333333333333334,8.333333333333334
22,1.2000000000000002,False,0,3.7476100815570548,1.0,0.0,True,8.340567867338663,12.680103205280258,14.463919675609215,-1.6139129328940305,-1.7999999999999998,0.0,0.0,8.333333333333334,8.333333333333334,10.169971503183938,16.289679132686683,16.657262677603878,0.23758484830812954,-0.07999999999999963,-1.2000000000000002,-1.2000000000000002,8.333333333333334,8.333333333333334
22,1.3,False,0,3.7476100815570548,1.0,0.0,True,8.335093838207627,13.936589208449053,14.683508712645352,-1.3458417504221614,-1.8899999999999997,0.0,0.0,8.333333333333334,8.333333333333334,10.518397078333496,17.187716819580523,16.83896533111946,0.05477004585746137,-0.09000000000000008,-1.3,-1.3,8.333333333333334,8.333333333333334
22,1.4000000000000001,False,0,3.7476100815570548,1.0,0.0,True,8.337752468710203,13.778325891705645,14.740951098852147,-1.2333051787579392,-1.8999999999999986,0.0,0.0,8.333333333333334,8.333333333333334,10.737966548268902,17.721914287058652,17.034020978095747,-0.661412277861285,-0.08000000000000007,-1.4000000000000001,-1.4000000000000001,8.333333333333334,8.333333333333334
22,1.5,False,0,3.849940136917615,1.0,0.0,True,8.379883093608184,13.498384619626602,14.50930000283115,-1.1066203016179854,-1.7999999999999998,0.0,0.0,8.333333333333334,8.333333333333334,10.700682373917033,18.15992159817493,17.584194687359474,0.4326446808599549,-0.04999999999999982,-1.5,-1.5,8.333333333333334,8.333333333333334
22,1.6,False,0,3.9522701922781747,1.0,0.0,True,8.443331277877133,12.823262379430037,14.475830969366275,-1.4291107814122177,-1.879999999999999,0.0,0.0,8.333333333333334,8.333333333333334,10.687435120175486,17.721793957116095,17.852960137759293,0.2265404566700293,-0.1599999999999997,-1.6,-1.6,8.333333333333334,8.333333333333334
22,1.7000000000000002,False,0,4.0,1.0,0.0,True,8.379177913457404,13.438048020415149,14.762825070249246,-1.5766330207199442,-1.8300000000000005,0.0,0.0,8.333333333333334,8.333333333333334,10.72621646859886,18.028947082174223,18.389156048631936,0.36319812218054937,-0.09999999999999964,-1.7000000000000002,-1.7000000000000002,8.333333333333334,8.333333333333334
23,0.0,False,0,4.0,0.0,0.0,False,13.88888888888889,-3.737283184137655,-4.222222222222174,1.8459831806673441,1.6,0.0,0.0,8.333333333333334,8.333333333333334,,,,,,,,,
23,0.1,False,0,4.0,1.0,1.0,True,13.88888888888889,-2.8017706206359945,-4.222222222222174,0.9169973437933479,1.1100000000000003,-0.1,-0.1,8.333333333333334,8.333333333333334,13.88888888888889,58.57624293941528,57.84444444444411,0.08011248142075034,-0.00999999999999579,-0.1,-0.1,8.333333333333334,8.333333333333334
23,0.2,False,0,2.3000000000000043,1.0,1.0,True,13.50938888888889,-3.8610962730451943,-4.121022222222183,0.23018818227924953,0.6200000000000006,-0.2,-0.2,8.333333333333334,8.333333333333334,13.50938888888889,12.44887584178981,12.08439999999997,0.1191072869667602,-0.019999999999997353,-0.2,-0.2,8.333333333333334,8.333333333333334
23,0.30000000000000004,False,0,2.833333333333333,1.0,0.0,True,8.729888888888885,7.09231399333621,8.216111111111115,0.935283663867438,0.5799999999999996,-0.30000000000000004,-0.30000000000000004,8.333333333333334,8.333333333333334,6.906479281573893,9.768854485255769,10.008895553109323,0.7553558756874428,-0.020000000000001572,-0.30000000000000004,-0.30000000000000004,8.333333333333334,8.333333333333334
23,0.4,False,0,3.3178238490427026,1.0,0.0,True,8.415495652878812,12.466839608634867,13.576361269904904,0.8312277154981786,0.4399999999999995,-0.4,-0.4,8.333333333333334,8.333333333333334,8.275153439839247,13.691301680564994,13.640359152748363,-0.34257650941591433,-6.661338147750939e-16,-0.4,-0.4,8.333333333333334,8.333333333333334
23,0.5,False,0,3.522483959763823,1.0,0.0,True,8.360815924727666,13.29156985268877,14.366707007345457,0.3914930911701373,-0.8999999999999999,-0.5,-0.5,8.333333333333334,8.333333333333334,8.612737990742373,15.171436297008913,14.5810517554003,0.4982627115966589,0.0,-0.5,-0.5,8.333333333333334,8.333333333333334
23,0.6000000000000001,False,0,3.6248140151243833,1.0,0.0,True,8.333395279884405,13.657997086726848,14.290730565637855,-1.6766599248962213,-1.8599999999999959,0.0,0.0,8.333333333333334,8.333333333333334,9.010412193338231,15.72251882598199,15.064915493000509,0.24255016607412916,-0.019999999999999574,-0.6000000000000001,-0.6000000000000001,8.333333333333334,8.333333333333334
23,0.7000000000000001,False,0,3.6248140151243833,1.0,0.0,True,8.369967027298644,13.487673419810935,14.66789194854027,-0.30469174606165694,-1.5499999999999976,-0.7000000000000001,-0.7000000000000001,8.333333333333334,8.333333333333334,9.194901713928367,15.378742240926638,15.398380581382707,-0.1900396337772725,-0.009999999999999343,-0.7000000000000001,-0.7000000000000001,8.333333333333334,8.333333333333334
23,0.8,False,0,3.7271440704849437,1.0,0.0,True,8.338770777805891,13.629685166663005,14.603549671466478,-1.5919836029753673,-1.8799999999999994,0.0,0.0,8.333333333333334,8.333333333333334,9.621739502257164,15.688539487962359,15.942068909711871,0.13472431631726067,-2.220446049250313e-16,-0.8,-0.8,8.333333333333334,8.333333333333334
23,0.9,False,0,3.7271440704849437,1.0,0.0,True,8.434127311892741,12.893410476602735,14.580645079851191,-1.3769279808112227,-1.8900000000000028,0.0,0.0,8.333333333333334,8.333333333333334,9.753683729800912,15.565144829141573,16.27701124515732,0.6687582314463341,-0.02000000000000024,-0.9,-0.9,8.333333333333334,8.333333333333334
23,1.0,False,0,3.9318041812060627,1.0,0.0,True,8.33606443334023,13.036502381760808,14.358421770399058,-1.6953113489372484,-1.7999999999999998,0.0,0.0,8.333333333333334,8.333333333333334,10.101222623216529,17.8780436348833,17.18429833406766,0.3872120795094518,0.0,-1.0,-1.0,8.333333333333334,8.333333333333334
23,1.1,False,0,3.8294741258455027,1.0,0.0,True,8.35138815326034,13.185373123644549,14.713004447526853,-1.8189418349931632,-1.8799999999999981,0.0,0.0,8.333333333333334,8.333333333333334,10.322258247527943,17.770447044631688,17.050981912793155,0.3633525741296775,-0.0499999999999996,-1.1,-1.1,8.333333333333334,8.333333333333334
23,1.2000000000000002,False,0,4.0,1.0,0.0,True,8.377616555951715,13.472945895805335,14.654212723121287,-1.040480259948414,-1.7999999999999998,0.0,0.0,8.333333333333334,8.333333333333334,10.417430095840729,17.937892396926767,18.073312576002277,0.30186892365604434,-0.07999999999999963,-1.2000000000000002,-1.2000000000000002,8.333333333333334,8.333333333333334
23,1.3,False,0,3.9318041812060627,1.0,0.0,True,8.352343735459547,13.586782858593306,14.476841536903176,-1.2166072617160408,-1.8899999999999997,0.0,0.0,8.333333333333334,8.333333333333334,10.54744684995804,17.878711674148285,17.775603144134344,-0.1933886308299384,-0.09000000000000008,-1.3,-1.3,8.333333333333334,8.333333333333334
23,1.4000000000000001,False,0,4.0,1.0,0.0,True,8.341400524801065,13.877140769461914,14.3071384060007,-1.8050383890116992,-1.8999999999999986,0.0,0.0,8.333333333333334,8.333333333333334,10.720806361390464,18.380047658152296,18.26338924277771,0.26697841946704726,-0.08000000000000007,-1.4000000000000001,-1.4000000000000001,8.333333333333334,8.333333333333334
23,1.5,False,0,4.0,1.0,0.0,True,8.352696997029549,13.4084562015456,14.405497228801362,-0.44815724359660636,-1.7999999999999998,0.0,0.0,8.333333333333334,8.333333333333334,11.010262093211562,19.526301742483707,18.498597898159257,-1.3806059587093205,-0.04999999999999982,-1.5,-1.5,8.333333333333334,8.333333333333334
23,1.6,False,0,4.0,1.0,0.0,True,8.360891467588715,13.69926881727373,14.471068086695123,-1.2607415102371586,-1.879999999999999,0.0,0.0,8.333333333333334,8.333333333333334,10.77459439099742,18.868234590965837,18.779062446298564,-0.24613347125117402,-0.1599999999999997,-1.6,-1.6,8.333333333333334,8.333333333333334
23,1.7000000000000002,False,0,4.0,0.9956449329760871,0.0,True,8.339207098789638,13.816217406788805,14.490031800679954,-1.4888447311154693,-1.8300000000000005,0.0,0.0,8.333333333333334,8.333333333333334,10.93614515421512,18.044082312101803,19.24796935830903,-1.0595981814922641,-0.09999999999999964,-1.7000000000000002,-1.7000000000000002,8.333333333333334,8.333333333333334
24,0.0,False,0,4.0,0.0,0.0,False,13.88888888888889,-3.510902365648323,-4.266666666666711,1.8374853341187323,1.6,0.0,0.0,8.333333333333334,8.333333333333334,,,,,,,,,
24,0.1,False,0,4.0,1.0,1.0,True,13.88888888888889,-2.7403514335803036,-4.266666666666711,0.12814654720945207,1.0900000000000003,-0.1,-0.1,8.333333333333334,8.333333333333334,13.88888888888889,56.899061595248455,56.84444444444411,-0.10725131465537063,-0.00999999999999579,-0.1,-0.1,8.333333333333334,8.333333333333334
24,0.2,False,0,0.30000000000001137,1.0,1.0,True,10.82388888888889,-3.5923870951562717,-4.229005555555562,0.6581893201352562,0.5000000000000009,-0.2,-0.2,8.333333333333334,8.333333333333334,10.22388888888889,1.7122219421407552,0.6644499999998148,-0.8370926479957377,-0.019999999999997353,-0.2,-0.2,8.333333333333334,8.333333333333334
24,0.30000000000000004,False,0,3.833333333333335,1.0,0.0,True,8.358537127782114,12.665841155969293,13.45683588761477,0.9114425416537948,0.6400000000000001,-0.30000000000000004,-0.30000000000000004,8.333333333333334,8.333333333333334,8.142531989396115,13.260527725519882,13.830213903883976,-0.3649871432952152,-0.020000000000001572,-0.30000000000000004,-0.30000000000000004,8.333333333333334,8.333333333333334
24,0.4,False,0,3.5020179486917105,1.0,0.0,True,8.382288150576407,13.392336834648713,14.367708835661599,0.14736849106030459,-0.16000000000000014,-0.4,-0.4,8.333333333333334,8.333333333333334,8.409812066045248,14.930464065422601,14.395547937199485,-0.8497067638397793,-6.661338147750939e-16,-0.4,-0.4,8.333333333333334,8.333333333333334
24,0.5,False,0,3.604348004052271,1.0,0.0,True,8.337797086661775,13.337498775654435,14.42891917017506,-1.360499396914872,-1.1999999999999997,-0.5,-0.5,8.333333333333334,8.333333333333334,8.815380424454418,15.076564994512548,14.864983383144516,0.5332004793556053,0.0,-0.5,-0.5,8.333333333333334,8.333333333333334
24,0.6000000000000001,False,0,3.809008114773391,1.0,0.0,True,8.362935572267086,13.53585266115574,14.423062288706245,-1.4055684022085706,-1.8599999999999959,0.0,0.0,8.333333333333334,8.333333333333334,9.150469164716448,14.982686088700333,15.736958886790788,-0.5582363649523323,-0.019999999999999574,-0.6000000000000001,-0.6000000000000001,8.333333333333334,8.333333333333334
24,0.7000000000000001,False,0,3.809008114773391,1.0,0.0,True,8.340504720418044,13.522592201811943,14.620309511251673,-1.6510809763831804,-1.899999999999999,0.0,0.0,8.333333333333334,8.333333333333334,9.438177156534591,16.073330357097028,16.15039183333638,0.7398038305989005,-0.009999999999999343,-0.7000000000000001,-0.7000000000000001,8.333333333333334,8.333333333333334
24,0.8,False,0,3.9113381701339516,1.0,0.0,True,8.360595123449283,13.355548670286037,14.50515774356695,-1.1876844092290293,-1.8799999999999994,0.0,0.0,8.333333333333334,8.333333333333334,9.76311420561057,17.96924236671166,16.847757537671782,0.07740688891392478,-2.220446049250313e-16,-0.8,-0.8,8.333333333333334,8.333333333333334
24,0.9,False,0,3.9113381701339516,1.0,0.0,True,8.338435604992458,13.608783610593743,14.639607401049897,-1.8896208607953082,-1.8900000000000028,0.0,0.0,8.333333333333334,8.333333333333334,10.068878230378337,16.93324434392313,17.082974726046096,0.12060008271011924,-0.02000000000000024,-0.9,-0.9,8.333333333333334,8.333333333333334
24,1.0,False,0,3.9113381701339516,1.0,0.0,True,8.377586794972192,13.045408196202185,14.638965378041856,-1.0812560782043663,-1.7999999999999998,0.0,0.0,8.333333333333334,8.333333333333334,10.357213546198253,17.137068476366956,17.506675800654698,0.19844274393037198,0.0,-1.0,-1.0,8.333333333333334,8.333333333333334
24,1.1,False,0,4.0,1.0,0.0,True,8.348804009426157,13.323636337855856,14.396154965941204,-1.6789436519996042,-1.8799999999999981,0.0,0.0,8.333333333333334,8.333333333333334,10.391962796101593,18.245583872025016,18.25215475534909,-1.2870266394428576,-0.0499999999999996,-1.1,-1.1,8.333333333333334,8.333333333333334
24,1.2000000000000002,False,0,4.0,1.0,0.0,True,8.35528248705593,13.12332454909517,14.515200793695808,-1.6785673035056559,-1.7999999999999998,0.0,0.0,8.333333333333334,8.333333333333334,10.627542770500053,18.557897717749302,18.46294367143334,0.8588545876489495,-0.07999999999999963,-1.2000000000000002,-1.2000000000000002,8.333333333333334,8.333333333333334
24,1.3,False,0,4.0,1.0,0.0,True,8.343786543552314,13.869201539416448,14.532926911009138,-1.716142909011516,-1.8899999999999997,0.0,0.0,8.333333333333334,8.333333333333334,10.975662732190331,18.226882636264417,18.391757794896417,0.6969682442095317,-0.09000000000000008,-1.3,-1.3,8.333333333333334,8.333333333333334
24,1.4000000000000001,False,0,4.0,1.0,0.0,True,8.35126409807665,13.624573160272956,14.50026013533262,-1.7386987613040386,-1.8999999999999986,0.0,0.0,8.333333333333334,8.333333333333334,10.89382894595005,19.628571816385783,19.17070530898315,-0.6315383844261047,-0.08000000000000007,-1.4000000000000001,-1.4000000000000001,8.333333333333334,8.333333333333334
24,1.5,False,0,4.0,1.0,0.0,True,8.35993160787033,13.029443084562072,14.52548821990197,-1.7207944447047758,-1.7999999999999998,0.0,0.0,8.333333333333334,8.333333333333334,11.028703916278424,18.824793514637747,19.430567755841423,0.34360362939908784,-0.04999999999999982,-1.5,-1.5,8.333333333333334,8.333333333333334
24,1.6,False,0,4.0,0.9721450763542231,0.0,True,8.358749084502831,13.655304790254728,14.649340804414916,-0.958764680223437,-1.879999999999999,0.0,0.0,8.333333333333334,8.333333333333334,10.974441124534515,19.435624992239774,19.659636335590513,-0.21963177447294613,-0.1599999999999997,-1.6,-1.6,8.333333333333334,8.333333333333334
24,1.7000000000000002,False,0,4.0,0.8417368225960005,0.0,True,8.33418348148981,13.758601805154012,14.546055870572697,-1.617806121808699,-1.8300000000000005,0.0,0.0,8.333333333333334,8.333333333333334,11.23682222854895,20.403008208775763,20.300506802062248,-0.2118284185885193,-0.09999999999999964,-1.7000000000000002,-1.7000000000000002,8.333333333333334,8.333333333333334
25,0.0,False,0,4.0,0.0,0.0,False,13.88888888888889,-3.6352150340977003,-4.155555555555611,1.599716876762351,1.6,0.0,0.0,8.333333333333334,8.333333333333334,,,,,,,,,
25,0.1,False,0,4.0,1.0,1.0,True,13.88888888888889,-3.518374221899708,-4.155555555555611,2.151529074716947,1.0700000000000003,-0.1,-0.1,8.333333333333334,8.333333333333334,13.88888888888889,55.8777386713614,55.84444444444411,-0.26338802422087637,-0.00999999999999579,-0.1,-0.1,8.333333333333334,8.333333333333334
25,0.2,False,0,0.1000000000000123,1.0,1.0,True,8.423888888888891,-2.6149512042047887,-2.5050666666666954,0.311835440282886,0.46000000000000085,-0.2,-0.2,8.333333333333334,8.333333333333334,4.623888888888889,1.0859855334750224,0.6376000000000746,-0.5231702025765501,-0.019999999999997353,-0.2,-0.2,8.333333333333334,8.333333333333334
25,0.30000000000000004,False,0,3.2333333333333334,1.0,0.0,True,8.389982253919825,11.911641096116238,11.600122541261857,0.6420720560109725,0.6099999999999999,-0.30000000000000004,-0.30000000000000004,8.333333333333334,8.333333333333334,7.760871421680459,11.530999036333437,12.250110087495269,0.32766051551708175,-0.020000000000001572,-0.30000000000000004,-0.30000000000000004,8.333333333333334,8.333333333333334
25,0.4,False,0,3.6862120483407184,1.0,0.0,True,8.372883476140629,13.09832620005292,14.427555938068277,-1.6315680517502442,-1.3599999999999959,-0.4,-0.4,8.333333333333334,8.333333333333334,8.66169777523786,13.700685554169628,14.882651546453335,0.736333581117806,-6.661338147750939e-16,-0.4,-0.4,8.333333333333334,8.333333333333334
25,0.5,False,0,3.890872159061839,1.0,0.0,True,8.375200341240122,13.471213042072446,14.456599053045277,-0.7735041963560194,-1.85,0.0,0.0,8.333333333333334,8.333333333333334,9.073417423481802,15.086433274110622,15.686636850531851,-0.9744999702030991,0.0,-0.5,-0.5,8.333333333333334,8.333333333333334
25,0.6000000000000001,False,0,3.890872159061839,1.0,0.0,True,8.357326205832878,13.6017079503744,14.777273230029575,-1.4056020206483368,-1.8599999999999959,0.0,0.0,8.333333333333334,8.333333333333334,9.282425118556509,16.261938837706616,16.133207610077044,-0.31793341491323757,-0.019999999999999574,-0.6000000000000001,-0.6000000000000001,8.333333333333334,8.333333333333334
25,0.7000000000000001,False,0,3.993202214422399,1.0,0.0,True,8.333721467978672,13.495990001844145,14.740857755458617,-1.513133466435538,-1.899999999999999,0.0,0.0,8.333333333333334,8.333333333333334,9.71384827773494,17.382885284648733,16.900382965765086,0.7432593971545582,-0.009999999999999343,-0.7000000000000001,-0.7000000000000001,8.333333333333334,8.333333333333334
25,0.8,False,0,4.0,1.0,0.0,True,8.348610986824957,13.530527751165732,14.669136912495386,-1.3427321434232757,-1.8799999999999994,0.0,0.0,8.333333333333334,8.333333333333334,9.985502238003384,17.690049776350584,17.606044561621964,-0.458613972281837,-2.220446049250313e-16,-0.8,-0.8,8.333333333333334,8.333333333333334
25,0.9,False,0,4.0,1.0,0.0,True,8.436175864152474,12.912034214398428,14.581164209085042,-1.1381348545649885,-1.8900000000000028,0.0,0.0,8.333333333333334,8.333333333333334,10.323951798173965,17.290286956302445,17.891694343120143,-0.7730942312814713,-0.02000000000000024,-0.9,-0.9,8.333333333333334,8.333333333333334
25,1.0,False,0,4.0,1.0,0.0,True,8.334978485967072,13.147945648498588,14.532266982219948,-1.5780698560002924,-1.7999999999999998,0.0,0.0,8.333333333333334,8.333333333333334,10.556773900473283,18.254810779354738,18.35457279207036,-0.17537474489427352,0.0,-1.0,-1.0,8.333333333333334,8.333333333333334
25,1.1,False,0,4.0,1.0,0.0,True,8.393494983265825,12.87197321387222,14.62454527801847,-1.5112189769649267,-1.8799999999999981,0.0,0.0,8.333333333333334,8.333333333333334,10.715062281484737,19.778024960958252,19.06156988941815,1.0025843536800334,-0.0499999999999996,-1.1,-1.1,8.333333333333334,8.333333333333334
25,1.2000000000000002,False,0,4.0,1.0,0.0,True,8.361189838520414,13.677289262808682,14.550032514797817,-1.5395488357752454,-1.7999999999999998,0.0,0.0,8.333333333333334,8.333333333333334,10.803565230845482,20.22366841897819,19.326127014923312,0.2730688667294343,-0.07999999999999963,-1.2000000000000002,-1.2000000000000002,8.333333333333334,8.333333333333334
25,1.3,False,0,4.0,1.0,0.0,True,8.336864460659848,13.556629893837165,14.471478182572394,-1.0390721337811457,-1.8899999999999997,0.0,0.0,8.333333333333334,8.333333333333334,11.010839354287832,18.918323461837872,19.50325496777225,-0.11190159390173449,-0.09000000000000008,-1.3,-1.3,8.333333333333334,8.333333333333334
25,1.4000000000000001,False,0,4.0,0.9042421272110694,0.0,True,8.350390744361546,13.130542720256681,14.573244812897666,-1.5785043019551148,-1.8999999999999986,0.0,0.0,8.333333333333334,8.333333333333334,11.151377512880174,19.325706703978668,20.1707355827279,-0.23192000942666846,-0.08000000000000007,-1.4000000000000001,-1.4000000000000001,8.333333333333334,8.333333333333334
25,1.5,False,0,4.0,0.8957743810694346,0.0,True,8.343203709816263,13.371866937458247,14.616896834568049,-1.696716785159035,-1.7999999999999998,0.0,0.0,8.333333333333334,8.333333333333334,11.24508080222469,20.02780386096177,20.538773842527764,0.7274338305765835,-0.04999999999999982,-1.5,-1.5,8.333333333333334,8.333333333333334
25,1.6,False,0,4.0,0.7988052583112213,0.0,True,8.343049667661276,13.786490922946907,14.482668636074632,-1.0531855104578334,-1.879999999999999,0.0,0.0,8.333333333333334,8.333333333333334,11.225496313313313,19.74895425770021,20.684924360768992,0.2614072380582031,-0.1599999999999997,-1.6,-1.6,8.333333333333334,8.333333333333334
25,1.7000000000000002,False,0,4.0,0.8377494258641841,0.0,True,8.346049294398714,13.3648761794563,14.65277348956263,-0.9664446491098388,-1.8300000000000005,0.0,0.0,8.333333333333334,8.333333333333334,11.349181230978152,20.71305328133182,21.209442291158563,0.1816973756008191,-0.09999999999999964,-1.7000000000000002,-1.7000000000000002,8.333333333333334,8.333333333333334
26,0.0,False,0,4.0,1.0,0.0,True,13.88888888888889,-3.8532920675927214,-4.044444444444497,0.9733815919922049,1.6,0.0,0.0,8.333333333333334,8.333333333333334,,,,,,,,,
26,0.1,False,0,4.0,1.0,1.0,True,13.88888888888889,-3.9912073307919966,-4.044444444444497,0.7635340466048177,1.0500000000000003,-0.1,-0.1,8.333333333333334,8.333333333333334,13.88888888888889,55.43119542934447,54.84444444444411,-1.051760648731287,-0.00999999999999579,-0.1,-0.1,8.333333333333334,8.333333333333334
26,0.2,False,0,1.0000000000000098,1.0,1.0,True,12.023888888888889,-3.7123633997085816,-4.299077777777813,0.32527187588487916,0.42000000000000126,-0.2,-0.2,8.333333333333334,8.333333333333334,12.023888888888889,4.285991630331748,3.818300000000005,-0.9453420249951195,-0.019999999999997353,-0.2,-0.2,8.333333333333334,8.333333333333334
26,0.30000000000000004,False,0,4.0,1.0,0.0,True,8.342462386985286,13.643381744316809,14.304979454897275,-0.42160170891087456,-0.4400000000000026,-0.30000000000000004,-0.30000000000000004,8.333333333333334,8.333333333333334,8.450226248547978,15.038620447480032,14.40279695226278,0.47108446861489517,-0.020000000000001572,-0.30000000000000004,-0.30000000000000004,8.333333333333334,8.333333333333334
26,0.4,False,0,3.8704061479897263,1.0,0.0,True,8.350191175303147,13.703734564960609,14.605310853496189,-1.6465118672959518,-1.5599999999999952,-0.4,-0.4,8.333333333333334,8.333333333333334,8.813427773095723,15.408950847396586,15.222088746626905,-1.3017527885408477,-6.661338147750939e-16,-0.4,-0.4,8.333333333333334,8.333333333333334
26,0.5,False,0,4.0,1.0,0.0,True,8.335398997288921,13.95005179905824,14.447380980048944,-1.6424995084279612,-1.85,0.0,0.0,8.333333333333334,8.333333333333334,9.32204504935504,16.846885841525992,16.334143891232547,0.4476016095652322,0.0,-0.5,-0.5,8.333333333333334,8.333333333333334
26,0.6000000000000001,False,0,4.0,1.0,0.0,True,8.351932548905602,13.790856201809998,14.758459915322444,-1.327040350573145,-1.8599999999999959,0.0,0.0,8.333333333333334,8.333333333333334,9.551332283537844,16.697825591459424,16.828733522473737,-0.06291436284582641,-0.019999999999999574,-0.6000000000000001,-0.6000000000000001,8.333333333333334,8.333333333333334
26,0.7000000000000001,False,0,4.0,1.0,0.0,True,8.370218773629881,13.61566777348008,14.476637799921075,-1.3284160960592706,-1.899999999999999,0.0,0.0,8.333333333333334,8.333333333333334,9.92227089034876,17.80477670428742,17.612018233592003,0.10375710183939102,-0.009999999999999343,-0.7000000000000001,-0.7000000000000001,8.333333333333334,8.333333333333334
26,0.8,False,0,4.0,1.0,0.0,True,8.33652229553151,13.772260455700657,14.586096503132591,-1.6643241769533956,-1.8799999999999994,0.0,0.0,8.333333333333334,8.333333333333334,10.258839470740982,16.934348632899905,18.17495722152408,0.6464972740741755,-2.220446049250313e-16,-0.8,-0.8,8.333333333333334,8.333333333333334
26,0.9,False,0,4.0,1.0,0.0,True,8.375498526098747,13.38918357895231,14.536304274541873,-1.8207817568053006,-1.8900000000000028,0.0,0.0,8.333333333333334,8.333333333333334,10.67509671708885,17.979511935205657,18.686171182269113,1.5183204709762497,-0.02000000000000024,-0.9,-0.9,8.333333333333334,8.333333333333334
26,1.0,False,0,4.0,1.0,0.0,True,8.370753724181409,13.483488356121892,14.62769288737314,-1.824903180794251,-1.7999999999999998,0.0,0.0,8.333333333333334,8.333333333333334,10.81965437823697,18.932037519545684,19.196546364465735,0.3018764813847086,0.0,-1.0,-1.0,8.333333333333334,8.333333333333334
26,1.1,False,0,4.0,0.9929082644615403,0.0,True,8.363118721014251,13.579417969338817,14.512677408207264,-0.8803440052894234,-1.8799999999999981,0.0,0.0,8.333333333333334,8.333333333333334,11.032396995464676,18.865135894038218,19.617806543814304,-0.020099951863423726,-0.0499999999999996,-1.1,-1.1,8.333333333333334,8.333333333333334
26,1.2000000000000002,False,0,4.0,0.8436534319237542,0.0,True,8.35115494025852,13.513928745746224,14.512252241906108,-1.2607138162102278,-1.7999999999999998,0.0,0.0,8.333333333333334,8.333333333333334,11.084137367003109,21.06378023265582,20.287483121481127,0.1762337591678329,-0.07999999999999963,-1.2000000000000002,-1.2000000000000002,8.333333333333334,8.333333333333334
26,1.3,False,0,4.0,0.8835570291945152,0.0,True,8.333808041694084,13.851386708171287,14.623105768078272,-1.8938892288314384,-1.8899999999999997,0.0,0.0,8.333333333333334,8.333333333333334,11.282204566594872,20.317073833443057,20.39376088366512,0.36469019301607597,-0.09000000000000008,-1.3,-1.3,8.333333333333334,8.333333333333334
26,1.4000000000000001,False,0,4.0,0.8643267501536566,0.0,True,8.364663560991568,12.422540210770403,14.538127628366109,-1.895751556481363,-1.8999999999999986,0.0,0.0,8.333333333333334,8.333333333333334,11.324979403180732,20.703327010119864,20.936583517640464,-1.0298281437508239,-0.08000000000000007,-1.4000000000000001,-1.4000000000000001,8.333333333333334,8.333333333333334
26,1.5,False,0,4.0,0.8528752819677041,0.0,True,8.36025095186063,13.607978579642928,14.782564962552126,-1.2421965829683508,-1.7999999999999998,0.0,0.0,8.333333333333334,8.333333333333334,11.536149801855819,22.253301010317916,21.193352864614955,0.4336814604960857,-0.04999999999999982,-1.5,-1.5,8.333333333333334,8.333333333333334
26,1.6,False,0,4.0,0.8114329606903833,0.0,True,8.391901790977798,13.321447525848154,14.666495948088322,-1.7869549413423882,-1.879999999999999,0.0,0.0,8.333333333333334,8.333333333333334,11.423503074327938,21.435685262531493,21.399052969267423,-0.5310691186041057,-0.1599999999999997,-1.6,-1.6,8.333333333333334,8.333333333333334
26,1.7000000000000002,False,0,4.0,0.8047583812241237,0.0,True,8.376193235354124,13.211847981037305,14.534780508153712,-1.895992572412543,-1.8300000000000005,0.0,0.0,8.333333333333334,8.333333333333334,11.644583199027654,22.189122817546515,21.875358528406768,0.06290699182532378,-0.09999999999999964,-1.7000000000000002,-1.7000000000000002,8.333333333333334,8.333333333333334
27,0.0,False,0,4.0,0.0,0.0,False,13.88888888888889,-3.081023627527972,-4.11111111111106,2.5458326144347825,1.6,0.0,0.0,8.333333333333334,8.333333333333334,,,,,,,,,
27,0.1,False,0,4.0,1.0,1.0,True,13.88888888888889,-3.3827070389078697,-4.11111111111106,0.9694951106485656,1.0400000000000005,-0.1,-0.1,8.333333333333334,8.333333333333334,13.88888888888889,53.89835786542831,53.84444444444411,0.23406975137136588,-0.00999999999999579,-0.1,-0.1,8.333333333333334,8.333333333333334
27,0.2,False,0,4.0,1.0,0.0,True,8.729888888888885,8.496197016323752,8.714227777777754,0.9991186644870518,0.7999999999999998,-0.2,-0.2,8.333333333333334,8.333333333333334,7.073493863986881,11.641381014527308,11.749307452217206,-1.0154609057975816,-0.019999999999997353,-0.2,-0.2,8.333333333333334,8.333333333333334
27,0.30000000000000004,False,0,4.0,1.0,0.0,True,8.341783334299326,13.65389886949043,14.582603448690616,-0.5800218965560346,-0.41000000000000236,-0.30000000000000004,-0.30000000000000004,8.333333333333334,8.333333333333334,8.5563759605855,14.126952204723995,14.7455796058828,1.1182769678338125,-0.020000000000001572,-0.30000000000000004,-0.30000000000000004,8.333333333333334,8.333333333333334
27,0.4,False,0,4.0,1.0,0.0,True,8.364826619083091,13.239030882795785,14.316248658021077,-1.636018118815291,-1.880000000000006,0.0,0.0,8.333333333333334,8.333333333333334,9.241931458083547,16.189288009034865,15.940163125292226,-0.44833711709542157,-6.661338147750939e-16,-0.4,-0.4,8.333333333333334,8.333333333333334
27,0.5,False,0,4.0,1.0,0.0,True,8.370903566418486,13.434389931809175,14.381224364631716,-1.678275637658612,-1.85,0.0,0.0,8.333333333333334,8.333333333333334,9.468356706768061,16.32151718284805,16.529156478093544,0.6138604450768037,0.0,-0.5,-0.5,8.333333333333334,8.333333333333334
27,0.6000000000000001,False,0,4.0,0.9338827460567247,0.0,True,8.34692669546776,13.698987823961968,14.609614639379114,-1.6265256675144537,-1.8599999999999959,0.0,0.0,8.333333333333334,8.333333333333334,9.74813837484432,17.09708083643974,17.737097080593866,-0.31430268740402134,-0.019999999999999574,-0.6000000000000001,-0.6000000000000001,8.333333333333334,8.333333333333334
27,0.7000000000000001,False,0,4.0,1.0,0.0,True,8.36601933146318,13.452625379054506,14.511420445112062,-1.4316464393883712,-1.899999999999999,0.0,0.0,8.333333333333334,8.333333333333334,10.14502408927457,16.385420164252057,18.06889907865067,0.5617166555992021,-0.009999999999999343,-0.7000000000000001,-0.7000000000000001,8.333333333333334,8.333333333333334
27,0.8,False,0,4.0,0.9791805368342205,0.0,True,8.357654846995842,13.587061667757919,14.727006625428654,-1.3670150963451242,-1.8799999999999994,0.0,0.0,8.333333333333334,8.333333333333334,10.451708052794004,18.885574935239184,18.88938895278323,-0.12166900735300001,-2.220446049250313e-16,-0.8,-0.8,8.333333333333334,8.333333333333334
27,0.9,False,0,4.0,0.9169483784705323,0.0,True,8.335849188041118,12.995688039754082,14.622475054892472,-1.140625383258841,-1.8900000000000028,0.0,0.0,8.333333333333334,8.333333333333334,10.833382061931621,19.406748089419853,19.599252653269883,-0.1258968872621602,-0.02000000000000024,-0.9,-0.9,8.333333333333334,8.333333333333334
27,1.0,False,0,4.0,0.886483612399332,0.0,True,8.402006556975074,13.187920748070379,14.625473912239595,-0.8217631710190756,-1.7999999999999998,0.0,0.0,8.333333333333334,8.333333333333334,11.042247376010943,20.315660334574023,20.267931370415663,-0.028649744864267968,0.0,-1.0,-1.0,8.333333333333334,8.333333333333334
27,1.1,False,0,4.0,0.9136614215567644,0.0,True,8.345485339517193,13.7222478808993,14.503816713707334,-1.34353751384575,-1.8799999999999981,0.0,0.0,8.333333333333334,8.333333333333334,11.161563040510087,21.031297165479586,20.48664341027404,-0.3329727471613455,-0.0499999999999996,-1.1,-1.1,8.333333333333334,8.333333333333334
27,1.2000000000000002,False,0,4.0,0.7412378248328679,0.0,True,8.34768302658112,13.591803591426721,14.50840954579763,-1.073695969226409,-1.7999999999999998,0.0,0.0,8.333333333333334,8.333333333333334,11.381876715591195,21.192768623293382,20.957013442580504,-0.5540778686340275,-0.07999999999999963,-1.2000000000000002,-1.2000000000000002,8.333333333333334,8.333333333333334
27,1.3,False,0,4.0,0.8621474139592915,0.0,True,8.363290409860374,13.234440040041289,14.454242615278584,-1.8178605359030133,-1.8899999999999997,0.0,0.0,8.333333333333334,8.333333333333334,11.412974588729073,21.157207223516032,21.315366702777872,0.4290459433068081,-0.09000000000000008,-1.3,-1.3,8.333333333333334,8.333333333333334
27,1.4000000000000001,False,0,4.0,0.7019257915921313,0.0,True,8.35239313087124,13.707112984011328,14.733890959066795,-0.6614749197319905,-1.8999999999999986,0.0,0.0,8.333333333333334,8.333333333333334,11.579272686898202,21.43076401290941,21.915660885846794,0.13921105316679228,-0.08000000000000007,-1.4000000000000001,-1.4000000000000001,8.333333333333334,8.333333333333334
27,1.5,False,0,4.0,0.7694785297960136,0.0,True,8.338662250220217,13.836388432587523,14.631595372147157,-0.8282123402526653,-1.7999999999999998,0.0,0.0,8.333333333333334,8.333333333333334,11.71323714169985,21.761818477952065,22.11316444102479,-0.2905319486078939,-0.04999999999999982,-1.5,-1.5,8.333333333333334,8.333333333333334
27,1.6,False,0,4.0,0.6317898593424363,0.0,True,8.337715833635887,13.745445723746311,14.57968324408466,-1.0837308207381144,-1.879999999999999,0.0,0.0,8.333333333333334,8.333333333333334,11.751496386915546,21.953526256678604,22.38584145167928,-0.12495069264681802,-0.1599999999999997,-1.6,-1.6,8.333333333333334,8.333333333333334
27,1.7000000000000002,False,0,4.0,0.5866350486901608,0.0,True,8.38354898662996,13.437314158499017,14.74521986307256,-1.8300264501381682,-1.8300000000000005,0.0,0.0,8.333333333333334,8.333333333333334,11.900916905884419,23.563369768406442,22.828017572340254,-0.4018828929960159,-0.09999999999999964,-1.7000000000000002,-1.7000000000000002,8.333333333333334,8.333333333333334
28,0.0,False,0,4.0,0.0,0.0,False,13.88888888888889,-3.7277795202131356,-4.22222222222216,1.191071872634415,1.6,0.0,0.0,8.333333333333334,8.333333333333334,,,,,,,,,
28,0.1,False,0,4.0,1.0,0.0,True,13.88888888888889,-3.9296730171703187,-4.22222222222216,0.8353439020484035,1.0200000000000005,-0.1,-0.1,8.333333333333334,8.333333333333334,13.88888888888889,51.71990316890141,52.84444444444411,-0.4724035650120708,-0.00999999999999579,-0.1,-0.1,8.333333333333334,8.333333333333334
28,0.2,False,0,4.0,1.0,0.0,True,8.417403300036261,10.074964516367555,10.37797078110746,0.27718301923547584,0.7799999999999998,-0.2,-0.2,8.333333333333334,8.333333333333334,7.517084246620577,12.756540156830848,12.320702066297567,0.7660752216889124,-0.019999999999997353,-0.2,-0.2,8.333333333333334,8.333333333333334
28,0.30000000000000004,False,0,3.733333333333334,1.0,0.0,True,8.4135541718958,13.10467650335288,14.375500875118053,0.14409447980838452,-0.17000000000000193,-0.30000000000000004,-0.30000000000000004,8.333333333333334,8.333333333333334,8.612055217894268,15.325072232927564,14.454028714702641,-0.026335316878304926,-0.020000000000001572,-0.30000000000000004,-0.30000000000000004,8.333333333333334,8.333333333333334
28,0.4,False,0,4.0,1.0,0.0,True,8.377607469838402,13.453250464183153,14.558642221704371,-1.2292882385322979,-1.799999999999994,-0.4,-0.4,8.333333333333334,8.333333333333334,9.326206207797911,15.937381481573265,16.16904181264199,0.627564732297341,-6.661338147750939e-16,-0.4,-0.4,8.333333333333334,8.333333333333334
28,0.5,False,0,4.0,0.9285524909322361,0.0,True,8.336076814728285,13.557919980438367,14.519163386781809,-0.9725372049907586,-1.85,0.0,0.0,8.333333333333334,8.333333333333334,9.720283379729223,16.934457398834827,17.32049167102389,-0.40278226125285244,0.0,-0.5,-0.5,8.333333333333334,8.333333333333334
28,0.6000000000000001,False,0,4.0,0.8848610864932036,0.0,True,8.336522956485917,13.606084499507372,14.448909953118044,-1.6225554942409788,-1.8599999999999959,0.0,0.0,8.333333333333334,8.333333333333334,10.079780697435858,18.065080253352495,18.192818447270977,0.10222250125879606,-0.019999999999999574,-0.6000000000000001,-0.6000000000000001,8.333333333333334,8.333333333333334
28,0.7000000000000001,False,0,4.0,0.8137584415579731,0.0,True,8.341836039011378,13.686110536578578,14.58434955747904,-1.890002311221828,-1.899999999999999,0.0,0.0,8.333333333333334,8.333333333333334,10.333116003347547,19.121763861849832,19.058320975191453,0.24778425161478923,-0.009999999999999343,-0.7000000000000001,-0.7000000000000001,8.333333333333334,8.333333333333334
28,0.8,False,0,4.0,0.8224821535017368,0.0,True,8.360386031726126,13.527180737165306,14.60143525544991,-1.546048015827505,-1.8799999999999994,0.0,0.0,8.333333333333334,8.333333333333334,10.707324655766591,19.986491954606148,19.90380322814296,0.007827042870673484,-2.220446049250313e-16,-0.8,-0.8,8.333333333333334,8.333333333333334
28,0.9,False,0,4.0,0.90336212688276,0.0,True,8.407336853507266,13.236382642653222,14.698546067113366,-1.8993220459197133,-1.8900000000000028,0.0,0.0,8.333333333333334,8.333333333333334,11.111025334262793,19.50381634434419,20.14706470547377,-0.19488649836595995,-0.02000000000000024,-0.9,-0.9,8.333333333333334,8.333333333333334
28,1.0,False,0,4.0,0.7346548818831079,0.0,True,8.335671309335462,13.623278259314784,14.447133354025151,-1.1990310778107123,-1.7999999999999998,0.0,0.0,8.333333333333334,8.333333333333334,11.233544553460014,20.57722613772859,21.082116435542442,-0.0112852128459211,0.0,-1.0,-1.0,8.333333333333334,8.333333333333334
28,1.1,False,0,4.0,0.7307354404086356,0.0,True,8.41241757351781,13.070616808009216,14.498889815960691,-1.7715496008996776,-1.8799999999999981,0.0,0.0,8.333333333333334,8.333333333333334,11.508052599911997,22.3487173088012,21.48440284321311,-0.3298616290749856,-0.0499999999999996,-1.1,-1.1,8.333333333333334,8.333333333333334
28,1.2000000000000002,False,0,4.0,0.5926290616449381,0.0,True,8.341049010648206,13.818056486525773,14.666491483508931,-1.4245483266346959,-1.7999999999999998,0.0,0.0,8.333333333333334,8.333333333333334,11.623810189860707,21.616539688400767,21.94411903719615,0.7282443625380202,-0.07999999999999963,-1.2000000000000002,-1.2000000000000002,8.333333333333334,8.333333333333334
28,1.3,False,0,4.0,0.6137436189963216,0.0,True,8.338162715397996,13.747927228656845,14.476735078849867,-1.8284580117298783,-1.8899999999999997,0.0,0.0,8.333333333333334,8.333333333333334,11.68024198330127,22.573497208563612,22.262244069036146,-0.05087290309779258,-0.09000000000000008,-1.3,-1.3,8.333333333333334,8.333333333333334
28,1.4000000000000001,False,0,4.0,0.641531902416932,0.0,True,8.39641609914481,12.967273753382155,14.44552678111057,-1.2601953847372793,-1.8999999999999986,0.0,0.0,8.333333333333334,8.333333333333334,11.764941215835448,22.540104879308405,22.621503193008667,-0.2968908278920728,-0.08000000000000007,-1.4000000000000001,-1.4000000000000001,8.333333333333334,8.333333333333334
28,1.5,False,0,4.0,0.8256002032564508,0.0,True,8.360346482220308,13.614623802923287,14.443148038912465,-1.795518511614166,-1.7999999999999998,0.0,0.0,8.333333333333334,8.333333333333334,11.992888487706002,24.195425302091127,22.83465808417561,0.4643512380477639,-0.04999999999999982,-1.5,-1.5,8.333333333333334,8.333333333333334
28,1.6,False,0,4.0,0.5917748343522051,0.0,True,8.341243312215088,13.69632383774724,14.386380412337129,-1.2479207750874772,-1.879999999999999,0.0,0.0,8.333333333333334,8.333333333333334,11.922665068767609,23.097199953988387,23.250934206737405,-0.13524025651457783,-0.1599999999999997,-1.6,-1.6,8.333333333333334,8.333333333333334
28,1.7000000000000002,False,0,4.0,0.671897244301071,0.0,True,8.38378527459981,13.15279526739064,14.535834363029675,-1.4366153346966934,-1.8300000000000005,0.0,0.0,8.333333333333334,8.333333333333334,12.13033507359163,23.166703803254194,23.465525360591748,-0.13868676565854532,-0.09999999999999964,-1.7000000000000002,-1.7000000000000002,8.333333333333334,8.333333333333334
29,0.0,False,0,4.0,0.0,0.0,False,13.88888888888889,-3.4960644380533834,-4.266666666666725,1.8684006661808197,1.6,0.0,0.0,8.333333333333334,8.333333333333334,,,,,,,,,
29,0.1,False,0,4.0,1.0,0.0,True,13.88888888888889,-3.945622797615104,-4.266666666666725,2.198113857832029,1.0000000000000004,-0.1,-0.1,8.333333333333334,8.333333333333334,13.88888888888889,51.50947589270869,51.84444444444411,-0.7772955072975973,-0.00999999999999579,-0.1,-0.1,8.333333333333334,8.333333333333334
29,0.2,False,0,4.0,1.0,0.0,True,8.729888888888885,7.793131861624606,9.11355555555551,1.8443349363813475,0.7200000000000002,-0.2,-0.2,8.333333333333334,8.333333333333334,7.123886220142847,11.321259263660433,11.9342559313726,-0.5818845091894178,-0.019999999999997353,-0.2,-0.2,8.333333333333334,8.333333333333334
29,0.30000000000000004,False,0,4.0,0.9674431903686443,0.0,True,8.368829194950814,13.408356702921704,14.802356808808266,-1.2379593142182677,-0.7400000000000033,-0.30000000000000004,-0.30000000000000004,8.333333333333334,8.333333333333334,8.938844661086152,14.86480589854202,15.453667631447903,-1.1336717493841917,-0.020000000000001572,-0.30000000000000004,-0.30000000000000004,8.333333333333334,8.333333333333334
29,0.4,False,0,4.0,0.9632444344850136,0.0,True,8.370933432376685,13.481950126818472,14.513120597741814,-1.0425146988473721,-1.880000000000006,0.0,0.0,8.333333333333334,8.333333333333334,9.40651844957338,16.200031513743067,16.578680574775074,1.6535695681858416,-6.661338147750939e-16,-0.4,-0.4,8.333333333333334,8.333333333333334
29,0.5,False,0,4.0,0.8376671595087621,0.0,True,8.339193485630636,13.623788720978705,14.729585800427085,-1.5056230076636248,-1.85,0.0,0.0,8.333333333333334,8.333333333333334,9.966052247918004,18.04705647706867,17.80904109593435,-0.05053319119120503,0.0,-0.5,-0.5,8.333333333333334,8.333333333333334
29,0.6000000000000001,False,0,4.0,0.8159693722523437,0.0,True,8.346597337995986,13.820150266494348,14.35006092377699,-1.522068176005423,-1.8599999999999959,0.0,0.0,8.333333333333334,8.333333333333334,10.36152254519012,18.36806861512179,18.799344169134333,0.3763199108897637,-0.019999999999999574,-0.6000000000000001,-0.6000000000000001,8.333333333333334,8.333333333333334
29,0.7000000000000001,False,0,4.0,0.6901567350267602,0.0,True,8.350140877453331,13.606417438397042,14.411783502798155,-1.0770915177633427,-1.899999999999999,0.0,0.0,8.333333333333334,8.333333333333334,10.761748674474248,19.19817883944663,19.640106112749432,0.0012323262803868307,-0.009999999999999343,-0.7000000000000001,-0.7000000000000001,8.333333333333334,8.333333333333334
29,0.8,False,0,4.0,0.7432366474228224,0.0,True,8.357800825735476,13.438882351906667,14.646551701731791,-1.7712421172528041,-1.8799999999999994,0.0,0.0,8.333333333333334,8.333333333333334,11.091985233235926,19.810295642180957,20.405723801229836,0.22167865451235969,-2.220446049250313e-16,-0.8,-0.8,8.333333333333334,8.333333333333334
29,0.9,False,0,4.0,0.7157608749553788,0.0,True,8.3345812110724,12.708657444034497,14.750339464096054,-1.2794110378377739,-1.8900000000000028,0.0,0.0,8.333333333333334,8.333333333333334,11.250426543876305,20.743990529877987,21.1514373428455,0.8113728511492422,-0.02000000000000024,-0.9,-0.9,8.333333333333334,8.333333333333334
29,1.0,False,0,4.0,0.6351228824922165,0.0,True,8.333610374962127,13.13526531307367,14.575213883141881,-1.6455788534199212,-1.7999999999999998,0.0,0.0,8.333333333333334,8.333333333333334,11.547385931795658,22.28332567232747,21.865536789015913,-0.7665595338776945,0.0,-1.0,-1.0,8.333333333333334,8.333333333333334
29,1.1,False,0,4.0,0.6059318290453011,0.0,True,8.37871919527352,13.424626737725855,14.706791628380568,-1.885309007815255,-1.8799999999999981,0.0,0.0,8.333333333333334,8.333333333333334,11.669604136043464,22.289795776580757,22.3551067279779,-0.574659510988774,-0.0499999999999996,-1.1,-1.1,8.333333333333334,8.333333333333334
29,1.2000000000000002,False,0,4.0,0.595078388488472,0.0,True,8.341093865143248,13.777170992542775,14.459445180052992,-0.8097774450687161,-1.7999999999999998,0.0,0.0,8.333333333333334,8.333333333333334,11.886533171902634,23.493113822698998,22.629140701898134,0.6314988027232675,-0.07999999999999963,-1.2000000000000002,-1.2000000000000002,8.333333333333334,8.333333333333334
29,1.3,False,0,4.0,0.5612420347661243,0.0,True,8.351425374477355,13.73966312190306,14.659614050312879,-1.572792785348865,-1.8899999999999997,0.0,0.0,8.333333333333334,8.333333333333334,11.92886050962509,23.35989811835001,23.142973725662074,0.24157535165981692,-0.09000000000000008,-1.3,-1.3,8.333333333333334,8.333333333333334
29,1.4000000000000001,False,0,4.0,0.6131581552654656,0.0,True,8.406671407318072,12.971778964297979,14.561656835858042,-1.1095020608252937,-1.8999999999999986,0.0,0.0,8.333333333333334,8.333333333333334,12.094443027142749,23.96475541287594,23.47401105588347,0.1864892755817329,-0.08000000000000007,-1.4000000000000001,-1.4000000000000001,8.333333333333334,8.333333333333334
29,1.5,False,0,4.0,0.5802398988197937,0.0,True,8.345358971320522,13.285772594874626,14.399618015938582,-1.8256651203227288,-1.7999999999999998,0.0,0.0,8.333333333333334,8.333333333333334,12.18545191809,23.891761316048374,23.826460577817635,-0.577030923485955,-0.04999999999999982,-1.5,-1.5,8.333333333333334,8.333333333333334
29,1.6,False,0,4.0,0.5304469729306452,0.0,True,8.3461351816017,13.728463874528497,14.770156433060134,-1.810768599283312,-1.879999999999999,0.0,0.0,8.333333333333334,8.333333333333334,12.06268352777467,23.597996458309442,23.946549008825006,1.3450460748991273,-0.1599999999999997,-1.6,-1.6,8.333333333333334,8.333333333333334
29,1.7000000000000002,False,0,4.0,0.4995835480668376,0.0,True,8.377622174766836,13.223429611427374,14.591099053955187,-1.7236200496070329,-1.8300000000000005,0.0,0.0,8.333333333333334,8.333333333333334,12.317115313090332,25.16737270230026,24.32833252265291,-0.1354755502567726,-0.09999999999999964,-1.7000000000000002,-1.7000000000000002,8.333333333333334,8.333333333333334
30,0.0,False,0,4.0,0.0,0.0,False,13.88888888888889,-3.3931950624699594,-4.155555555555611,1.2429135391827852,1.6,0.0,0.0,8.333333333333334,8.333333333333334,,,,,,,,,
30,0.1,False,0,4.0,1.0,0.0,True,13.88888888888889,-3.857167096646509,-4.155555555555611,0.9197560163204028,0.9800000000000009,-0.1,-0.1,8.333333333333334,8.333333333333334,13.88888888888889,49.65064607659666,50.84444444444411,0.7913100430130178,-0.00999999999999579,-0.1,-0.1,8.333333333333334,8.333333333333334
30,0.2,False,0,4.0,1.0,0.0,True,8.348264657490432,12.304966509990837,12.733988600577238,1.147677485349393,0.7799999999999998,-0.2,-0.2,8.333333333333334,8.333333333333334,8.051750758900203,13.114293375275349,13.557979031551621,-0.6037602887960989,-0.019999999999997353,-0.2,-0.2,8.333333333333334,8.333333333333334
30,0.30000000000000004,False,0,4.0,1.0,0.0,True,8.361057792952806,13.561358345872772,14.547989961098548,-1.2066004803027945,-1.8899999999999975,-0.30000000000000004,-0.30000000000000004,8.333333333333334,8.333333333333334,8.837404311789289,14.897489326472321,15.409435330611014,1.0846277097300496,-0.020000000000001572,-0.30000000000000004,-0.30000000000000004,8.333333333333334,8.333333333333334
30,0.4,False,0,4.0,0.829693073366198,0.0,True,8.354170925256492,13.501506828098098,14.380236901500918,-1.0159723620723424,-1.880000000000006,0.0,0.0,8.333333333333334,8.333333333333334,9.653048333229936,17.14857302116133,17.03243717531058,0.1456285906727044,-6.661338147750939e-16,-0.4,-0.4,8.333333333333334,8.333333333333334
30,0.5,False,0,4.0,0.8371103794812172,0.0,True,8.349761025788581,13.686288350647043,14.532076320671319,-1.5776630018799245,-1.85,0.0,0.0,8.333333333333334,8.333333333333334,10.140649889166387,16.944813454720464,18.24625381042173,-0.2809996639364014,0.0,-0.5,-0.5,8.333333333333334,8.333333333333334
30,0.6000000000000001,False,0,4.0,0.7471942605133322,0.0,True,8.359605039104018,13.566971330835226,14.621603816142592,-1.4856455052098894,-1.8599999999999959,0.0,0.0,8.333333333333334,8.333333333333334,10.549184423258378,20.2100118616623,19.30414107430232,-0.0361202832048253,-0.019999999999999574,-0.6000000000000001,-0.6000000000000001,8.333333333333334,8.333333333333334
30,0.7000000000000001,False,0,4.0,0.7136765936870919,0.0,True,8.350521724940318,13.316247721576882,14.607746755534446,-1.196633007394048,-1.899999999999999,0.0,0.0,8.333333333333334,8.333333333333334,10.898410419623499,19.205424742713628,20.39118063403105,0.13639818502779955,-0.009999999999999343,-0.7000000000000001,-0.7000000000000001,8.333333333333334,8.333333333333334
30,0.8,False,0,4.0,0.6375449371451736,0.0,True,8.33772999995724,13.915733279181307,14.604063511150269,-1.6602430444545695,-1.8799999999999994,0.0,0.0,8.333333333333334,8.333333333333334,11.216439385056596,21.797262098504127,21.305914096782743,0.35717871056692374,-2.220446049250313e-16,-0.8,-0.8,8.333333333333334,8.333333333333334
30,0.9,False,0,4.0,0.5866348039796605,0.0,True,8.3338454670425,13.044010558112927,14.70936770488127,-1.7398435865443451,-1.8900000000000028,0.0,0.0,8.333333333333334,8.333333333333334,11.4065025923763,22.22857983901407,22.001560586439833,0.7479071855437245,-0.02000000000000024,-0.9,-0.9,8.333333333333334,8.333333333333334
30,1.0,False,0,4.0,0.6387816832994655,0.0,True,8.350478471283406,13.534430099826789,14.463206935580526,-1.730928207102893,-1.7999999999999998,0.0,0.0,8.333333333333334,8.333333333333334,11.767009202786568,21.414939987116057,22.73047752754276,-0.41187026517860015,0.0,-1.0,-1.0,8.333333333333334,8.333333333333334
30,1.1,False,0,4.0,0.6440699567022261,0.0,True,8.354648435788405,13.6717333614428,14.620245095244865,-1.6178072447663028,-1.8799999999999981,0.0,0.0,8.333333333333334,8.333333333333334,11.88410918163643,22.971639439965582,23.015276304567987,-0.5147398103627892,-0.0499999999999996,-1.1,-1.1,8.333333333333334,8.333333333333334
30,1.2000000000000002,False,0,4.0,0.49472347743912176,0.0,True,8.367330099590024,13.003403865195718,14.476458871749411,-1.8375898207710355,-1.7999999999999998,0.0,0.0,8.333333333333334,8.333333333333334,11.956221771973555,22.98264891614697,23.49673359083728,0.2326980731040904,-0.07999999999999963,-1.2000000000000002,-1.2000000000000002,8.333333333333334,8.333333333333334
30,1.3,False,0,4.0,0.46018360928246427,0.0,True,8.37404036324243,13.41118196069166,14.51330317944824,-1.853914124672294,-1.8899999999999997,0.0,0.0,8.333333333333334,8.333333333333334,12.150440389977286,24.56266752395269,23.956262006881403,-0.09713675497372631,-0.09000000000000008,-1.3,-1.3,8.333333333333334,8.333333333333334
30,1.4000000000000001,False,0,4.0,0.5696765745681527,0.0,True,8.354175023360426,13.115161859405315,14.450250553633449,-1.57110031440841,-1.8999999999999986,0.0,0.0,8.333333333333334,8.333333333333334,12.204505204901551,24.462258613457212,24.284057517619633,0.23918883215533215,-0.08000000000000007,-1.4000000000000001,-1.4000000000000001,8.333333333333334,8.333333333333334
30,1.5,False,0,4.0,0.5925494959646394,0.0,True,8.338157270162618,13.725274905915082,14.600952168036141,-1.651031072117245,-1.7999999999999998,0.0,0.0,8.333333333333334,8.333333333333334,12.483771783738947,23.724665357440383,24.62884796825281,1.436845274225722,-0.04999999999999982,-1.5,-1.5,8.333333333333334,8.333333333333334
30,1.6,False,0,4.0,0.5934600830276725,0.0,True,8.358457470602787,12.901444157554334,14.468699783775559,-1.6536781547167163,-1.879999999999999,0.0,0.0,8.333333333333334,8.333333333333334,12.47480103437395,24.07264796622796,24.63057540897075,-0.3820383416844626,-0.1599999999999997,-1.6,-1.6,8.333333333333334,8.333333333333334
30,1.7000000000000002,False,0,4.0,0.48301038183007555,0.0,True,8.3333344957454,13.965431177574143,14.572835833805893,-1.5577288088089647,-1.8300000000000005,0.0,0.0,8.333333333333334,8.333333333333334,12.550915994928836,24.798572366339624,25.110937055622745,-0.22574267152277616,-0.09999999999999964,-1.7000000000000002,-1.7000000000000002,8.333333333333334,8.333333333333334
31,0.0,False,0,4.0,0.0,0.0,False,13.88888888888889,-3.8706614766468617,-4.044444444444525,1.4918270309338753,1.6,0.0,0.0,8.333333333333334,8.333333333333334,,,,,,,,,
31,0.1,False,0,4.0,1.0,1.0,True,13.88888888888889,-3.9369673180535356,-4.044444444444525,1.0985777868141198,0.9600000000000009,-0.1,-0.1,8.333333333333334,8.333333333333334,13.88888888888889,49.48404802968618,49.84444444444411,0.65784933541762,-0.00999999999999579,-0.1,-0.1,8.333333333333334,8.333333333333334
31,0.2,False,0,4.0,1.0,0.0,True,8.335087860932143,13.42145911433003,14.34986106278144,0.6525678279553806,0.04000000000000248,-0.2,-0.2,8.333333333333334,8.333333333333334,8.28983513176948,14.33955309450425,14.362910523250601,0.10412923565145427,-0.019999999999997353,-0.2,-0.2,8.333333333333334,8.333333333333334
31,0.30000000000000004,False,0,4.0,0.7751031661808484,0.0,True,8.342641522409947,13.75055798522352,14.550182900977429,-0.44640544952497274,-1.1900000000000044,-0.30000000000000004,-0.30000000000000004,8.333333333333334,8.333333333333334,9.202714255097046,16.058395259392004,15.959977346501194,-1.0391402289040599,-0.020000000000001572,-0.30000000000000004,-0.30000000000000004,8.333333333333334,8.333333333333334
31,0.4,False,0,4.0,0.7235679299023843,0.0,True,8.338467861748939,13.784266956254921,14.384293070617215,-0.3944513633910991,-1.880000000000006,0.0,0.0,8.333333333333334,8.333333333333334,9.795543799400262,17.090290454632846,17.390593991475324,1.090222154100275,-6.661338147750939e-16,-0.4,-0.4,8.333333333333334,8.333333333333334
31,0.5,False,0,4.0,0.6527530523846663,0.0,True,8.346551211706913,13.399639984109793,14.545191544792939,-0.5485061033034744,-1.85,0.0,0.0,8.333333333333334,8.333333333333334,10.31785535250519,19.229659039229016,18.859693843513238,1.2268190175428053,0.0,-0.5,-0.5,8.333333333333334,8.333333333333334
31,0.6000000000000001,False,0,4.0,0.5888539180183902,0.0,True,8.401356307888054,13.281132785009174,14.495200380635179,-1.2679213006407468,-1.8599999999999959,0.0,0.0,8.333333333333334,8.333333333333334,10.723429487402207,20.31301691619478,20.09974083572583,0.513839157085298,-0.019999999999999574,-0.6000000000000001,-0.6000000000000001,8.333333333333334,8.333333333333334
31,0.7000000000000001,False,0,4.0,0.5301687558493579,0.0,True,8.34433621687599,13.739548196031645,14.53841031834008,-0.9922835281780996,-1.899999999999999,0.0,0.0,8.333333333333334,8.333333333333334,11.139467395633478,21.411884358594424,21.06403611943338,-0.20669080678526353,-0.009999999999999343,-0.7000000000000001,-0.7000000000000001,8.333333333333334,8.333333333333334
31,0.8,False,0,4.0,0.5162838268570831,0.0,True,8.360053028364593,13.61056659623166,14.575860863065781,-1.3716451697724161,-1.8799999999999994,0.0,0.0,8.333333333333334,8.333333333333334,11.564879207956901,22.040165392355938,22.056530108787918,-0.16387624288692382,-2.220446049250313e-16,-0.8,-0.8,8.333333333333334,8.333333333333334
31,0.9,False,0,4.0,0.5858838773118438,0.0,True,8.342208559876223,13.876105226400508,14.499623627920325,-1.3253935101957066,-1.8900000000000028,0.0,0.0,8.333333333333334,8.333333333333334,11.715348277944685,22.371919352557367,22.623479336799715,0.5780776389907074,-0.02000000000000024,-0.9,-0.9,8.333333333333334,8.333333333333334
31,1.0,False,0,4.0,0.6298854956524721,0.0,True,8.432811292239599,12.556598866862355,14.375602505165116,-1.196366082036092,-1.7999999999999998,0.0,0.0,8.333333333333334,8.333333333333334,11.973381755724212,23.786338992808076,23.295919686203774,0.2352578704307251,0.0,-1.0,-1.0,8.333333333333334,8.333333333333334
31,1.1,False,0,4.0,0.5367702586160109,0.0,True,8.37576070115837,13.310353215117654,14.657754407031316,-1.4622024170092864,-1.8799999999999981,0.0,0.0,8.333333333333334,8.333333333333334,12.171161154218586,23.264353565920096,23.60370396873342,0.10276838715399217,-0.0499999999999996,-1.1,-1.1,8.333333333333334,8.333333333333334
31,1.2000000000000002,False,0,4.0,0.5311951624137737,0.0,True,8.345468781604284,13.63401507563989,14.533510242314943,-1.5683448173336525,-1.7999999999999998,0.0,0.0,8.333333333333334,8.333333333333334,12.19765828499112,23.452715266663557,24.154413372441905,0.6493723168681576,-0.07999999999999963,-1.2000000000000002,-1.2000000000000002,8.333333333333334,8.333333333333334
31,1.3,False,0,4.0,0.5637635661351402,0.0,True,8.361087507076173,13.020556290932927,14.343515008240882,-1.656411032006163,-1.8899999999999997,0.0,0.0,8.333333333333334,8.333333333333334,12.375729753824398,22.741068276338293,24.591106559023988,-0.12360406783246436,-0.09000000000000008,-1.3,-1.3,8.333333333333334,8.333333333333334
31,1.4000000000000001,False,0,4.0,0.5299560733421993,0.0,True,8.338008084440379,12.810080346313253,14.508141010150066,-1.4908454628208043,-1.8999999999999986,0.0,0.0,8.333333333333334,8.333333333333334,12.532672845861907,24.62775067896453,24.956305261232153,-0.09072114003601683,-0.08000000000000007,-1.4000000000000001,-1.4000000000000001,8.333333333333334,8.333333333333334
31,1.5,False,0,4.0,0.6241208281700871,0.0,True,8.34253666704846,13.812909931577533,14.610641389930432,-1.706237639635674,-1.7999999999999998,0.0,0.0,8.333333333333334,8.333333333333334,12.801539572473699,25.916110634109803,25.267097215146432,0.5655001231257977,-0.04999999999999982,-1.5,-1.5,8.333333333333334,8.333333333333334
31,1.6,False,0,4.0,0.5282843805820205,0.0,True,8.360439150028384,12.944881781719868,14.59312817305607,-0.5783099711809903,-1.879999999999999,0.0,0.0,8.333333333333334,8.333333333333334,12.669442181076157,25.563622915379288,25.352619497081445,0.09430343300722543,-0.1599999999999997,-1.6,-1.6,8.333333333333334,8.333333333333334
31,1.7000000000000002,False,0,4.0,0.5318851192714634,0.0,True,8.3928032551216,13.284043547385107,14.562620128406206,-1.4622712146748509,-1.8300000000000005,0.0,0.0,8.333333333333334,8.333333333333334,13.035683582774693,25.227858665769173,25.69696768007392,-0.5547497358905993,-0.09999999999999964,-1.7000000000000002,-1.7000000000000002,8.333333333333334,8.333333333333334
32,0.0,False,0,4.0,0.0,0.0,False,13.88888888888889,-4.272826680707868,-4.111111111111032,2.1474963741581425,1.6,0.0,0.0,8.333333333333334,8.333333333333334,,,,,,,,,
32,0.1,False,0,4.0,1.0,1.0,True,13.88888888888889,-2.8624989312481004,-4.111111111111032,0.3808447583118717,0.9500000000000006,-0.1,-0.1,8.333333333333334,8.333333333333334,13.88888888888889,50.07238895373017,48.84444444444411,1.278525120386707,-0.00999999999999579,-0.1,-0.1,8.333333333333334,8.333333333333334
32,0.2,False,0,4.0,1.0,0.0,True,8.355326826521166,13.619913767377025,14.389659629115766,1.1697551660646424,0.5000000000000009,-0.2,-0.2,8.333333333333334,8.333333333333334,8.30348667030058,14.91896679296222,14.42901814067434,0.10142986567557166,-0.019999999999997353,-0.2,-0.2,8.333333333333334,8.333333333333334
32,0.30000000000000004,False,0,4.0,0.6136092189877901,0.0,True,8.348872847657649,13.820686082177541,14.458879098519258,-1.5372837190154889,-1.8899999999999975,0.0,0.0,8.333333333333334,8.333333333333334,9.339729144925702,15.680841363460583,16.239515403428552,-0.5304236723007287,-0.020000000000001572,-0.30000000000000004,-0.30000000000000004,8.333333333333334,8.333333333333334
32,0.4,False,0,4.0,0.5940901772286342,0.0,True,8.338833304438179,13.586310469511613,14.474093714516965,-1.6696186788151701,-1.880000000000006,0.0,0.0,8.333333333333334,8.333333333333334,9.956293678125304,17.77865681661014,17.87192494073769,0.09128638041385173,-6.661338147750939e-16,-0.4,-0.4,8.333333333333334,8.333333333333334
32,0.5,False,0,4.0,0.5305462449501445,0.0,True,8.374506482756937,13.308330059864954,14.688232838724584,-1.4945651819691006,-1.85,0.0,0.0,8.333333333333334,8.333333333333334,10.418802920179221,19.23045698462383,19.35833184460611,0.1040384249135502,0.0,-0.5,-0.5,8.333333333333334,8.333333333333334
32,0.6000000000000001,False,0,4.0,0.5715028257990037,0.0,True,8.348478262422528,13.790116522719625,14.725745551828222,-1.1506507161987582,-1.8599999999999959,0.0,0.0,8.333333333333334,8.333333333333334,10.972111975410368,21.642906984884117,20.53635089355407,0.8159157959164727,-0.019999999999999574,-0.6000000000000001,-0.6000000000000001,8.333333333333334,8.333333333333334
32,0.7000000000000001,False,0,4.0,0.5502800701186729,0.0,True,8.36075864557234,13.094752586469735,14.398973444774082,-1.0557113898596544,-1.899999999999999,0.0,0.0,8.333333333333334,8.333333333333334,11.351666471075507,22.00284658433054,21.70838956245101,0.16856046004286318,-0.009999999999999343,-0.7000000000000001,-0.7000000000000001,8.333333333333334,8.333333333333334
32,0.8,False,0,4.0,0.5627088453740094,0.0,True,8.3356118656417,13.944347908389513,14.496305045921897,-1.8713300965033974,-1.8799999999999994,0.0,0.0,8.333333333333334,8.333333333333334,11.595489053355188,22.707896740329936,22.639928696194218,-0.10762969572385339,-2.220446049250313e-16,-0.8,-0.8,8.333333333333334,8.333333333333334
32,0.9,False,0,4.0,0.5182575710025978,0.0,True,8.347700888320993,13.661529000526752,14.53871837087527,-1.4600084451822999,-1.8900000000000028,0.0,0.0,8.333333333333334,8.333333333333334,11.927225999363177,24.041243310182907,23.394021638899034,-0.5408571930404888,-0.02000000000000024,-0.9,-0.9,8.333333333333334,8.333333333333334
32,1.0,False,0,4.0,0.582359092896591,0.0,True,8.333423428212493,13.817258512223926,14.438872290552037,-1.817579124365951,-1.7999999999999998,0.0,0.0,8.333333333333334,8.333333333333334,12.265074811229423,24.86814063027065,24.04232168862205,-0.663539813056095,0.0,-1.0,-1.0,8.333333333333334,8.333333333333334
32,1.1,False,0,4.0,0.5732086655698606,0.0,True,8.372352488694007,13.189858607009352,14.511047351078485,-1.7074510470435371,-1.8799999999999981,0.0,0.0,8.333333333333334,8.333333333333334,12.425707134115687,25.224147659338865,24.427288815787204,-1.0332998826980102,-0.0499999999999996,-1.1,-1.1,8.333333333333334,8.333333333333334
32,1.2000000000000002,False,0,4.0,0.5844202605243675,0.0,True,8.348221714033071,13.356353809552214,14.62701480461784,-1.8637202016840226,-1.7999999999999998,0.0,0.0,8.333333333333334,8.333333333333334,12.519213701871495,24.720036118077306,24.85798592090553,-0.13920369248921638,-0.07999999999999963,-1.2000000000000002,-1.2000000000000002,8.333333333333334,8.333333333333334
32,1.3,False,0,4.0,0.5112813789925809,0.0,True,8.343404469840058,13.70935566781429,14.464365513205873,-1.6974406404754545,-1.8899999999999997,0.0,0.0,8.333333333333334,8.333333333333334,12.601153777504537,25.013902119311773,25.27304221363559,0.23685611693427244,-0.09000000000000008,-1.3,-1.3,8.333333333333334,8.333333333333334
32,1.4000000000000001,False,0,4.0,0.45568366271785776,0.0,True,8.38995811059179,13.42719445909486,14.471509514327774,-1.5453034247603268,-1.8999999999999986,0.0,0.0,8.333333333333334,8.333333333333334,12.702786050198414,25.756824933530726,25.855190786065723,0.4777814874969799,-0.08000000000000007,-1.4000000000000001,-1.4000000000000001,8.333333333333334,8.333333333333334
32,1.5,False,0,4.0,0.6451546524768139,0.0,True,8.345432933982057,12.748205919248345,14.502102921457787,-1.1600369004866216,-1.7999999999999998,0.0,0.0,8.333333333333334,8.333333333333334,13.122255553281851,25.820778841891617,26.073679093637423,-0.27027918718437727,-0.04999999999999982,-1.5,-1.5,8.333333333333334,8.333333333333334
32,1.6,False,0,4.0,0.6184284833222812,0.0,True,8.363895424138608,13.67186789799295,14.458719247807235,-1.5550052953581563,-1.879999999999999,0.0,0.0,8.333333333333334,8.333333333333334,13.00785939328354,26.50437193579291,26.149820922027914,-0.6393846202787721,-0.1599999999999997,-1.6,-1.6,8.333333333333334,8.333333333333334
32,1.7000000000000002,False,0,4.0,0.5808436629736232,0.0,True,8.35362665320444,13.496511162059033,14.429208406484985,-1.1300324458558846,-1.8300000000000005,0.0,0.0,8.333333333333334,8.333333333333334,13.210659665060403,26.667005387287656,26.607388695128133,0.5889821800063553,-0.09999999999999964,-1.7000000000000002,-1.7000000000000002,8.333333333333334,8.333333333333334
33,0.0,False,0,4.0,0.7488467839104842,0.0,True,13.88888888888889,-3.660513725124008,-4.222222222222132,2.073217829537723,1.6,0.0,0.0,8.333333333333334,8.333333333333334,,,,,,,,,
33,0.1,False,0,4.0,1.0,1.0,True,13.88888888888889,-3.7015499689432714,-4.222222222222132,1.6123615686823993,0.930000000000001,-0.1,-0.1,8.333333333333334,8.333333333333334,13.88888888888889,48.4025762958657,47.84444444444411,0.6531871680945875,-0.00999999999999579,-0.1,-0.1,8.333333333333334,8.333333333333334
33,0.2,False,0,4.0,1.0,0.0,True,8.357196102877722,12.35709589573477,14.647854396492573,-0.6299803764782788,-0.6199999999999952,-0.2,-0.2,8.333333333333334,8.333333333333334,8.486029575129596,15.16624562446253,14.844471176103152,0.35125897071743406,-0.019999999999997353,-0.2,-0.2,8.333333333333334,8.333333333333334
33,0.30000000000000004,False,0,4.0,0.6825562158794783,0.0,True,8.4088709149461,12.580994457400603,14.648845651915945,-1.5361312911891258,-1.430000000000005,-0.30000000000000004,-0.30000000000000004,8.333333333333334,8.333333333333334,9.330495912589189,16.267278876107458,16.396409939036534,0.2720187744126923,-0.020000000000001572,-0.30000000000000004,-0.30000000000000004,8.333333333333334,8.333333333333334
33,0.4,False,0,4.0,0.5276740916781167,0.0,True,8.40969607389956,13.118169691678599,14.608194465976165,-1.2548321133786764,-1.880000000000006,0.0,0.0,8.333333333333334,8.333333333333334,10.023300415644645,18.451878544141497,18.32658629170871,0.05641104207787451,-6.661338147750939e-16,-0.4,-0.4,8.333333333333334,8.333333333333334
33,0.5,False,0,4.0,0.5543572098702724,0.0,True,8.37559207229588,13.528971243725561,14.528678822863764,-1.4189940235004264,-1.85,0.0,0.0,8.333333333333334,8.333333333333334,10.71263916597014,19.199001216783277,19.739717344620015,-0.20504746326652867,0.0,-0.5,-0.5,8.333333333333334,8.333333333333334
33,0.6000000000000001,False,0,4.0,0.5949603240645186,0.0,True,8.34385732346817,13.77765757284099,14.55895132491089,-1.475993136189957,-1.8599999999999959,0.0,0.0,8.333333333333334,8.333333333333334,11.112186407375393,20.19022693087472,20.97258831896725,0.14294504208202863,-0.019999999999999574,-0.6000000000000001,-0.6000000000000001,8.333333333333334,8.333333333333334
33,0.7000000000000001,False,0,4.0,0.515557198941625,0.0,True,8.343094244631308,13.860585836591124,14.600085755489541,-1.8050837021400723,-1.899999999999999,0.0,0.0,8.333333333333334,8.333333333333334,11.617504672612165,23.451547173743798,22.31988936463344,0.10678335618197021,-0.009999999999999343,-0.7000000000000001,-0.7000000000000001,8.333333333333334,8.333333333333334
33,0.8,False,0,4.0,0.5372108329079716,0.0,True,8.338613440225659,13.86379483680977,14.621618508792007,-1.2563306396229756,-1.8799999999999994,0.0,0.0,8.333333333333334,8.333333333333334,11.933567997711094,22.02604674222978,23.21870206866791,-0.34645965157453995,-2.220446049250313e-16,-0.8,-0.8,8.333333333333334,8.333333333333334
33,0.9,False,0,4.0,0.5145384973767807,0.0,True,8.350252279741893,13.458952912458582,14.717638683150195,-1.673168359610517,-1.8900000000000028,0.0,0.0,8.333333333333334,8.333333333333334,12.194463372176415,23.90974172658295,24.025285361435195,-0.09827944637527986,-0.02000000000000024,-0.9,-0.9,8.333333333333334,8.333333333333334
33,1.0,False,0,4.0,0.5463461902544522,0.0,True,8.345774411205806,13.844320560733092,14.430501684321651,-1.7672827159848619,-1.7999999999999998,0.0,0.0,8.333333333333334,8.333333333333334,12.502211676157685,24.92068467420503,24.739742308127592,1.0271091962534666,0.0,-1.0,-1.0,8.333333333333334,8.333333333333334
33,1.1,False,0,4.0,0.5187201353671999,0.0,True,8.353212791941075,13.68592286246938,14.631313565706346,-1.4698072096888248,-1.8799999999999981,0.0,0.0,8.333333333333334,8.333333333333334,12.60633401361728,25.628826664070463,25.253855574475462,-0.025568003096058778,-0.0499999999999996,-1.1,-1.1,8.333333333333334,8.333333333333334
33,1.2000000000000002,False,0,4.0,0.5173905783310738,0.0,True,8.418306413962195,12.992198999455464,14.513393211634433,-0.6872355595345014,-1.7999999999999998,0.0,0.0,8.333333333333334,8.333333333333334,12.731135119147618,25.400196163617384,25.65818466554367,-0.7171350126813465,-0.07999999999999963,-1.2000000000000002,-1.2000000000000002,8.333333333333334,8.333333333333334
33,1.3,False,0,4.0,0.5502607094950338,0.0,True,8.362093874895237,13.663035463757193,14.5552730934869,-1.0355943402616665,-1.8899999999999997,0.0,0.0,8.333333333333334,8.333333333333334,12.943391798643946,26.438392174225847,26.11097301796518,-0.016317945036928627,-0.09000000000000008,-1.3,-1.3,8.333333333333334,8.333333333333334
33,1.4000000000000001,False,0,4.0,0.46309640792593765,0.0,True,8.346124474459478,13.747857678617958,14.437445156167339,-1.6359802879773886,-1.8999999999999986,0.0,0.0,8.333333333333334,8.333333333333334,13.160000655472265,26.74613086067649,26.5539480762779,-1.2708938918545272,-0.08000000000000007,-1.4000000000000001,-1.4000000000000001,8.333333333333334,8.333333333333334
33,1.5,False,0,4.0,0.6282149149278011,0.0,True,8.371501973055766,13.476710334551807,14.7450489220147,-1.2012590202702462,-1.7999999999999998,0.0,0.0,8.333333333333334,8.333333333333334,13.568243750618585,27.641479418504144,26.933603402715914,-0.17773097105257762,-0.04999999999999982,-1.5,-1.5,8.333333333333334,8.333333333333334
33,1.6,False,0,4.0,0.5808866715746371,0.0,True,8.33529902403157,13.796486241512238,14.524135451084444,-1.7177859407756793,-1.879999999999999,0.0,0.0,8.333333333333334,8.333333333333334,13.35301677242428,26.955999103697568,26.985477845318815,0.027945180158228666,-0.1599999999999997,-1.6,-1.6,8.333333333333334,8.333333333333334
33,1.7000000000000002,False,0,4.0,0.4932715181921649,0.0,True,8.419963889568352,12.577404424153922,14.49670218183321,-0.8333551117478746,-1.8300000000000005,0.0,0.0,8.333333333333334,8.333333333333334,13.566584518938019,28.628778149383745,27.48932488143952,-0.13553781790513475,-0.09999999999999964,-1.7000000000000002,-1.7000000000000002,8.333333333333334,8.333333333333334
34,0.0,False,0,4.0,1.0,0.0,True,13.88888888888889,-3.5483613151009648,-4.266666666666782,1.9632393819985845,1.6,0.0,0.0,8.333333333333334,8.333333333333334,,,,,,,,,
34,0.1,False,0,4.0,1.0,1.0,True,13.88888888888889,-3.6400760706085746,-4.266666666666782,0.3544131729135347,0.910000000000001,-0.1,-0.1,8.333333333333334,8.333333333333334,13.88888888888889,47.67543867613291,46.84444444444411,0.15271021391744588,-0.00999999999999579,-0.1,-0.1,8.333333333333334,8.333333333333334
34,0.2,False,0,4.0,1.0,0.0,True,8.373488256497998,13.557701218358371,14.351574140700347,0.043380294761475646,-0.2799999999999965,-0.2,-0.2,8.333333333333334,8.333333333333334,8.517731985454429,14.233390233868956,14.487864853461485,-0.6684594182730272,-0.019999999999997353,-0.2,-0.2,8.333333333333334,8.333333333333334
34,0.30000000000000004,False,0,4.0,0.613083102515679,0.0,True,8.334296634988778,13.593568162191982,14.612734610563049,-1.7528609118134033,-1.8500000000000028,-0.30000000000000004,-0.30000000000000004,8.333333333333334,8.333333333333334,9.419251347754292,16.47219132411647,16.53230093372719,0.045123873899271416,-0.020000000000001572,-0.30000000000000004,-0.30000000000000004,8.333333333333334,8.333333333333334
34,0.4,False,0,4.0,0.48581173031184594,0.0,True,8.358731800830864,13.604975741848346,14.622192561440254,-1.7930011887111268,-1.880000000000006,0.0,0.0,8.333333333333334,8.333333333333334,10.097717087032386,18.971033193027676,18.461907391118526,0.20434280576045172,-6.661338147750939e-16,-0.4,-0.4,8.333333333333334,8.333333333333334
34,0.5,False,0,4.0,0.6000895932643444,0.0,True,8.34352058413277,13.78504477173632,14.655279282248781,-1.8919598012517616,-1.85,0.0,0.0,8.333333333333334,8.333333333333334,10.846814920926358,19.370507794311838,20.121403632114397,-0.17598617081463885,0.0,-0.5,-0.5,8.333333333333334,8.333333333333334
34,0.6000000000000001,False,0,4.0,0.5092542114857171,0.0,True,8.333439893908665,13.699134535289513,14.423307584330384,-1.5184513390122627,-1.8599999999999959,0.0,0.0,8.333333333333334,8.333333333333334,11.297618386935257,21.605730283059007,21.498487543927393,-0.754457493784582,-0.019999999999999574,-0.6000000000000001,-0.6000000000000001,8.333333333333334,8.333333333333334
34,0.7000000000000001,False,0,4.0,0.6341506823561632,0.0,True,8.355681254278363,13.645216531884397,14.559719588398831,-1.7578417072633068,-1.899999999999999,0.0,0.0,8.333333333333334,8.333333333333334,11.88253920744816,22.57422795125887,22.744104556125805,-0.44699769366831466,-0.009999999999999343,-0.7000000000000001,-0.7000000000000001,8.333333333333334,8.333333333333334
34,0.8,False,0,4.0,0.4680342080536687,0.0,True,8.360314900958802,13.507987751029784,14.615489002834831,-1.0004849240567006,-1.8799999999999994,0.0,0.0,8.333333333333334,8.333333333333334,12.195912076594427,24.122711811313447,23.939521950226183,-0.2588809993199783,-2.220446049250313e-16,-0.8,-0.8,8.333333333333334,8.333333333333334
34,0.9,False,0,4.0,0.5474249773081735,0.0,True,8.431611383889551,12.904275582979022,14.313708927958384,-1.641796760221463,-1.8900000000000028,0.0,0.0,8.333333333333334,8.333333333333334,12.396317079576662,23.47052990909371,24.744762412652495,0.5645282397878364,-0.02000000000000024,-0.9,-0.9,8.333333333333334,8.333333333333334
34,1.0,False,0,4.0,0.5836613397174498,0.0,True,8.349992781550387,13.22379851336063,14.501679283956715,-1.8146282850903441,-1.7999999999999998,0.0,0.0,8.333333333333334,8.333333333333334,12.708276580089338,26.633651484012702,25.59300128159888,-0.44046274990881606,0.0,-1.0,-1.0,8.333333333333334,8.333333333333334
34,1.1,False,0,4.0,0.5046062361845993,0.0,True,8.378905857965238,13.359852714446983,14.533631392660393,-1.296570120316569,-1.8799999999999981,0.0,0.0,8.333333333333334,8.333333333333334,12.880259139657545,25.52290223853329,26.00964406053393,0.48803607674338023,-0.0499999999999996,-1.1,-1.1,8.333333333333334,8.333333333333334
34,1.2000000000000002,False,0,4.0,0.5683861765928129,0.0,True,8.3516733491276,13.386431807453587,14.682303853710902,-1.5175303365847244,-1.7999999999999998,0.0,0.0,8.333333333333334,8.333333333333334,13.076785943550243,25.204053925485525,26.465675654541137,-1.0106604299467004,-0.07999999999999963,-1.2000000000000002,-1.2000000000000002,8.333333333333334,8.333333333333334
34,1.3,False,0,4.0,0.4914810171847853,0.0,True,8.371231109590596,13.543902229186454,14.513035312860705,-1.8927226515502957,-1.8899999999999997,0.0,0.0,8.333333333333334,8.333333333333334,13.216340280688339,26.334927661549155,26.94159546182269,0.19521979163222625,-0.09000000000000008,-1.3,-1.3,8.333333333333334,8.333333333333334
34,1.4000000000000001,False,0,4.0,0.5816170954201877,0.0,True,8.34023575248808,13.66290244914887,14.676466648570024,-0.7001482836204174,-1.8999999999999986,0.0,0.0,8.333333333333334,8.333333333333334,13.421433196041702,27.681650419777633,27.423282536438528,0.4562504101960405,-0.08000000000000007,-1.4000000000000001,-1.4000000000000001,8.333333333333334,8.333333333333334
34,1.5,False,0,4.0,0.5490868918517852,0.0,True,8.410303035032413,12.983954892840838,14.536987037806124,-0.7743020985001394,-1.7999999999999998,0.0,0.0,8.333333333333334,8.333333333333334,13.76238888888889,27.791664557096563,27.901538888888883,0.7102871604405023,-0.04999999999999982,-1.5,-1.5,8.333333333333334,8.333333333333334
34,1.6,False,0,4.0,0.6554038028480667,0.0,True,8.348580293540019,13.80478430506923,14.589004865676454,-1.7392567223272495,-1.879999999999999,0.0,0.0,8.333333333333334,8.333333333333334,13.88888888888889,26.990354142062,27.888888888888882,-0.9502506027973966,-0.1599999999999997,-1.6,-1.6,8.333333333333334,8.333333333333334
34,1.7000000000000002,False,0,4.0,0.5965213904048035,0.0,True,8.35702748591921,13.577499890839146,14.537640612210222,-1.7605703937750015,-1.8300000000000005,0.0,0.0,8.333333333333334,8.333333333333334,13.88888888888889,28.37812333897678,28.444444444444432,-0.5874872635166988,-0.09999999999999964,-1.7000000000000002,-1.7000000000000002,8.333333333333334,8.333333333333334
35,0.0,False,0,4.0,0.0,0.0,False,13.88888888888889,-3.6048212771129213,-4.155555555555668,1.1340861771012656,1.6,0.0,0.0,8.333333333333334,8.333333333333334,,,,,,,,,
35,0.1,False,0,4.0,0.3637253381956978,0.0,True,13.88888888888889,-4.031854245742667,-4.155555555555668,0.17061211882662208,0.890000000000001,-0.1,-0.1,8.333333333333334,8.333333333333334,13.88888888888889,45.480933931130224,45.84444444444411,-0.7053988950188375,-0.00999999999999579,-0.1,-0.1,8.333333333333334,8.333333333333334
35,0.2,False,0,4.0,1.0,0.0,True,8.345371212542574,13.718136131159195,14.271040711776205,-0.7186954075230476,2.6645352591003757e-15,-0.2,-0.2,8.333333333333334,8.333333333333334,8.322014691584705,13.59478282709021,14.272172575951071,0.43112953473436777,-0.019999999999997353,-0.2,-0.2,8.333333333333334,8.333333333333334
35,0.30000000000000004,False,0,4.0,0.6385372098154234,0.0,True,8.395352700086244,13.308572173962315,14.20453605455614,-1.4752461492552316,-1.7600000000000038,-0.30000000000000004,-0.30000000000000004,8.333333333333334,8.333333333333334,9.429091851481127,17.42422720073783,16.784351973114507,0.9019427083803131,-0.020000000000001572,-0.30000000000000004,-0.30000000000000004,8.333333333333334,8.333333333333334
35,0.4,False,0,4.0,0.5088400850806406,0.0,True,8.3692655511816,12.99375415504677,14.560181589719416,-0.8490613166062877,-1.880000000000006,0.0,0.0,8.333333333333334,8.333333333333334,10.29464228053345,18.509934968991363,18.981041140383045,-0.5836572733021905,-6.661338147750939e-16,-0.4,-0.4,8.333333333333334,8.333333333333334
35,0.5,False,0,4.0,0.5715110259459252,0.0,True,8.448531776253368,12.557820299215063,14.33680839461864,-1.2078588809427973,-1.85,0.0,0.0,8.333333333333334,8.333333333333334,10.872932727391028,20.819388048699604,20.839112259215494,-0.8192111045901198,0.0,-0.5,-0.5,8.333333333333334,8.333333333333334
35,0.6000000000000001,False,0,4.0,0.6078862519656569,0.0,True,8.366524534256149,13.479948579708076,14.456585035469725,-1.7387497739349909,-1.8599999999999959,0.0,0.0,8.333333333333334,8.333333333333334,11.476686439653871,21.194663144259703,22.069581723874794,-0.19264189840519919,-0.019999999999999574,-0.6000000000000001,-0.6000000000000001,8.333333333333334,8.333333333333334
35,0.7000000000000001,False,0,4.0,0.48057418690532516,0.0,True,8.340411461564472,13.411221636329568,14.455336460476243,-0.8460211761145646,-1.899999999999999,0.0,0.0,8.333333333333334,8.333333333333334,11.962369615433792,22.715582991643387,23.47167914970207,-0.3153539733156492,-0.009999999999999343,-0.7000000000000001,-0.7000000000000001,8.333333333333334,8.333333333333334
35,0.8,False,0,4.0,0.47242441830671705,0.0,True,8.335783530098734,13.916295975918953,14.456160022933343,-1.4360733137737838,-1.8799999999999994,0.0,0.0,8.333333333333334,8.333333333333334,12.391521238958793,24.41636588450727,24.6127462170086,-0.7319915636096828,-2.220446049250313e-16,-0.8,-0.8,8.333333333333334,8.333333333333334
35,0.9,False,0,4.0,0.5256702295821783,0.0,True,8.388723892922249,13.32312415080791,14.48692108552704,-1.7664581719920902,-1.8900000000000028,0.0,0.0,8.333333333333334,8.333333333333334,12.62703984612398,26.24610298600169,25.651820865657367,-0.44544117671533234,-0.02000000000000024,-0.9,-0.9,8.333333333333334,8.333333333333334
35,1.0,False,0,4.0,0.48508607411184307,0.0,True,8.358199179222039,13.130159577133934,14.509660307622067,-1.7503222181257347,-1.7999999999999998,0.0,0.0,8.333333333333334,8.333333333333334,13.023150401098663,26.07236280531366,26.415110126698288,0.9541629055855103,0.0,-1.0,-1.0,8.333333333333334,8.333333333333334
35,1.1,False,0,4.0,0.5108604848501207,0.0,True,8.359758607376108,13.135512103917431,14.39901497102677,-1.539158346635629,-1.8799999999999981,0.0,0.0,8.333333333333334,8.333333333333334,13.214370521863325,27.859548284977333,26.831815749344965,-0.4565802257396905,-0.0499999999999996,-1.1,-1.1,8.333333333333334,8.333333333333334
35,1.2000000000000002,False,0,4.0,0.48277734138111583,0.0,True,8.400039154771965,12.982522377876588,14.426502630382966,-1.6682024801279238,-1.7999999999999998,0.0,0.0,8.333333333333334,8.333333333333334,13.325377011878413,28.44726232570866,27.35432927793881,0.12445487942603695,-0.07999999999999963,-1.2000000000000002,-1.2000000000000002,8.333333333333334,8.333333333333334
35,1.3,False,0,4.0,0.5596571359798614,0.0,True,8.335218616063372,13.898194134049572,14.49697885855242,-1.5641280196172571,-1.8899999999999997,0.0,0.0,8.333333333333334,8.333333333333334,13.5820685667699,26.864268034491147,27.82110980998966,-0.5348119254756192,-0.09000000000000008,-1.3,-1.3,8.333333333333334,8.333333333333334
35,1.4000000000000001,False,0,4.0,0.5060199207819284,0.0,True,8.347720918562501,13.518373400381162,14.620609034892592,-1.386812517541731,-1.8999999999999986,0.0,0.0,8.333333333333334,8.333333333333334,13.76238888888889,28.46702536835313,28.345983333333326,-0.7610765124556473,-0.08000000000000007,-1.4000000000000001,-1.4000000000000001,8.333333333333334,8.333333333333334
35,1.5,False,0,4.0,0.5137093946092034,0.0,True,8.404779955614979,13.19789638884944,14.43672885558372,-1.0042406362760978,-1.7999999999999998,0.0,0.0,8.333333333333334,8.333333333333334,13.76238888888889,29.066794777419585,28.901538888888883,-0.2927411215895579,-0.04999999999999982,-1.5,-1.5,8.333333333333334,8.333333333333334
35,1.6,False,0,4.0,0.47217216737099343,0.0,True,8.366003784824123,13.659457731964292,14.460746383201435,-1.7839928788943917,-1.879999999999999,0.0,0.0,8.333333333333334,8.333333333333334,13.76238888888889,29.486008918498957,28.901538888888883,0.1336166918997299,-0.1599999999999997,-1.6,-1.6,8.333333333333334,8.333333333333334
35,1.7000000000000002,False,0,4.0,0.49593421366820434,0.0,True,8.34424565018072,13.130447593771745,14.66145109812106,-1.3465565827189883,-1.8300000000000005,0.0,0.0,8.333333333333334,8.333333333333334,13.88888888888889,30.188525260663557,29.444444444444432,0.9882969512397222,-0.09999999999999964,-1.7000000000000002,-1.7000000000000002,8.333333333333334,8.333333333333334
36,0.0,False,0,4.0,0.0,0.0,False,13.88888888888889,-4.031373104116542,-4.044444444444582,2.3824072800599994,1.6,0.0,0.0,8.333333333333334,8.333333333333334,,,,,,,,,
36,0.1,False,0,4.0,1.0,0.0,True,13.88888888888889,-3.627189959761014,-4.044444444444582,0.14356761013146713,0.870000000000001,-0.1,-0.1,8.333333333333334,8.333333333333334,13.88888888888889,45.1036712456703,44.84444444444411,0.6891147628723049,-0.00999999999999579,-0.1,-0.1,8.333333333333334,8.333333333333334
36,0.2,False,0,4.0,1.0,0.0,True,8.387034534317701,13.44914797914188,14.461685045879047,-0.3216468616033259,-0.5599999999999956,-0.2,-0.2,8.333333333333334,8.333333333333334,8.615280715284529,15.394693621574444,14.774106451860401,-0.5453834135260582,-0.019999999999997353,-0.2,-0.2,8.333333333333334,8.333333333333334
36,0.30000000000000004,False,0,4.0,0.7406859988219284,0.0,True,8.334034022580422,13.31734912719271,14.658967750901123,-1.7006963673575173,-1.5500000000000052,-0.30000000000000004,-0.30000000000000004,8.333333333333334,8.333333333333334,9.416374793245968,16.8952434800569,16.679447388443858,0.6091560657531887,-0.020000000000001572,-0.30000000000000004,-0.30000000000000004,8.333333333333334,8.333333333333334
36,0.4,False,0,4.0,0.4632275308904157,0.0,True,8.38621225234225,13.46144106183949,14.296413894327923,-1.0129833957597771,-1.880000000000006,0.0,0.0,8.333333333333334,8.333333333333334,10.508761986881401,19.247193547263688,19.3395800104672,-1.4232846649076671,-6.661338147750939e-16,-0.4,-0.4,8.333333333333334,8.333333333333334
36,0.5,False,0,4.0,0.6016291385994658,0.0,True,8.380633039380434,13.493100486835854,14.633834082529116,-1.06925764153045,-1.85,0.0,0.0,8.333333333333334,8.333333333333334,11.136736023376761,20.21752860146734,21.18866289414804,-0.07297215414299507,0.0,-0.5,-0.5,8.333333333333334,8.333333333333334
36,0.6000000000000001,False,0,4.0,0.46650576332795485,0.0,True,8.371169671155116,13.576778470740532,14.413767701991656,-1.7594297355610997,-1.8599999999999959,0.0,0.0,8.333333333333334,8.333333333333334,11.69476800184626,22.707046870393608,22.67828758651957,0.5398206993060799,-0.019999999999999574,-0.6000000000000001,-0.6000000000000001,8.333333333333334,8.333333333333334
36,0.7000000000000001,False,0,4.0,0.637656695926745,0.0,True,8.351881989315478,13.606563500164594,14.715175686269486,-1.2919173166911655,-1.899999999999999,0.0,0.0,8.333333333333334,8.333333333333334,12.268821591246148,23.986577787498586,24.025391846335946,-0.38880643704297846,-0.009999999999999343,-0.7000000000000001,-0.7000000000000001,8.333333333333334,8.333333333333334
36,0.8,False,0,4.0,0.5933702425726197,0.0,True,8.352729996309428,13.397001404379548,14.708973683710038,-1.419009061936549,-1.8799999999999994,0.0,0.0,8.333333333333334,8.333333333333334,12.626344008272193,25.99086781235978,25.382852623075443,0.1628542079482278,-2.220446049250313e-16,-0.8,-0.8,8.333333333333334,8.333333333333334
36,0.9,False,0,4.0,0.49368990111578087,0.0,True,8.407869652609886,13.154215578500821,14.531682304715996,-1.6945256228981487,-1.8900000000000028,0.0,0.0,8.333333333333334,8.333333333333334,12.950506432636324,26.021752085256693,26.311533775762335,0.3174130723922599,-0.02000000000000024,-0.9,-0.9,8.333333333333334,8.333333333333334
36,1.0,False,0,4.0,0.5293611826320697,0.0,True,8.363006550334898,13.671658736647796,14.516072000833955,-1.5226413575199715,-1.7999999999999998,0.0,0.0,8.333333333333334,8.333333333333334,13.359404392810653,26.872669374448652,27.209321260972057,0.7223188745775331,0.0,-1.0,-1.0,8.333333333333334,8.333333333333334
36,1.1,False,0,4.0,0.5510630656475025,0.0,True,8.356134751881704,12.963933388187339,14.54197509596045,-1.460444556946832,-1.8799999999999981,0.0,0.0,8.333333333333334,8.333333333333334,13.573286183553984,27.53529998633007,27.71087693720015,-1.1570448837142087,-0.0499999999999996,-1.1,-1.1,8.333333333333334,8.333333333333334
36,1.2000000000000002,False,0,4.0,0.5182538802722628,0.0,True,8.409549194623848,13.058794587163614,14.400742669615237,-1.5678507740099246,-1.7999999999999998,0.0,0.0,8.333333333333334,8.333333333333334,13.577705582199648,27.353593904363677,28.265990552891136,0.4757469162282204,-0.07999999999999963,-1.2000000000000002,-1.2000000000000002,8.333333333333334,8.333333333333334
36,1.3,False,0,4.0,0.5248700952669572,0.0,True,8.340940239343691,13.511086920614613,14.737140935830322,-0.819559330438282,-1.8899999999999997,0.0,0.0,8.333333333333334,8.333333333333334,13.76238888888889,29.733879847126,28.79042777777777,-0.019488745836266252,-0.09000000000000008,-1.3,-1.3,8.333333333333334,8.333333333333334
36,1.4000000000000001,False,0,4.0,0.5855324760196208,0.0,True,8.33709683534541,13.505565200948123,14.502198300591086,-0.6016333160622609,-1.8999999999999986,0.0,0.0,8.333333333333334,8.333333333333334,13.88888888888889,30.453608317069136,29.333333333333325,0.43543058625497943,-0.08000000000000007,-1.4000000000000001,-1.4000000000000001,8.333333333333334,8.333333333333334
36,1.5,False,0,4.0,0.5389909694753688,0.0,True,8.370758954659436,13.60441823646202,14.593713609404897,-1.4460564277236665,-1.7999999999999998,0.0,0.0,8.333333333333334,8.333333333333334,13.88888888888889,30.228328577205705,29.888888888888882,0.579056867488438,-0.04999999999999982,-1.5,-1.5,8.333333333333334,8.333333333333334
36,1.6,False,0,4.0,0.5989877135016128,0.0,True,8.343314520711157,13.440582319508135,14.439644380605554,-1.5263246047145274,-1.879999999999999,0.0,0.0,8.333333333333334,8.333333333333334,13.88888888888889,30.882549904623648,29.888888888888882,-0.8589849434441807,-0.1599999999999997,-1.6,-1.6,8.333333333333334,8.333333333333334
36,1.7000000000000002,False,0,4.0,0.5269643378403895,0.0,True,8.371293870215267,13.373085992496112,14.447017416722456,-1.2377242233894368,-1.8300000000000005,0.0,0.0,8.333333333333334,8.333333333333334,13.88888888888889,30.24991816132113,30.444444444444432,-0.3397818672389932,-0.09999999999999964,-1.7000000000000002,-1.7000000000000002,8.333333333333334,8.333333333333334
37,0.0,False,0,4.0,0.0,0.0,False,13.88888888888889,-3.451030990387454,-4.111111111110961,0.9258738284838519,1.6,0.0,0.0,8.333333333333334,8.333333333333334,,,,,,,,,
37,0.1,False,0,4.0,1.0,1.0,True,13.88888888888889,-3.419759653206131,-4.111111111110961,1.6217382607578963,0.8600000000000012,-0.1,-0.1,8.333333333333334,8.333333333333334,13.88888888888889,45.205625606626384,43.84444444444411,1.0315112465488316,-0.00999999999999579,-0.1,-0.1,8.333333333333334,8.333333333333334
37,0.2,False,0,4.0,0.9800159536454012,0.0,True,8.343198022426806,13.877081911696049,14.491523007682343,-0.5689191889565948,-0.43999999999999595,-0.2,-0.2,8.333333333333334,8.333333333333334,8.655779195386748,15.059119038362606,14.789380963513334,-0.14958821404801648,-0.019999999999997353,-0.2,-0.2,8.333333333333334,8.333333333333334
37,0.30000000000000004,False,0,4.0,0.5397182047913974,0.0,True,8.479011585268486,12.412202729720033,14.339988853518914,-1.6458363579933224,-1.5800000000000054,-0.30000000000000004,-0.30000000000000004,8.333333333333334,8.333333333333334,9.64515301639409,16.79825448599892,17.2560387458286,-0.9188890278639961,-0.020000000000001572,-0.30000000000000004,-0.30000000000000004,8.333333333333334,8.333333333333334
37,0.4,False,0,4.0,0.551795018902873,0.0,True,8.356158245177385,13.746167322569018,14.567066677383078,-1.8059742287850535,-1.880000000000006,0.0,0.0,8.333333333333334,8.333333333333334,10.682520193489138,20.5833217818321,19.638545599657792,0.019571404424312266,-6.661338147750939e-16,-0.4,-0.4,8.333333333333334,8.333333333333334
37,0.5,False,0,4.0,0.6028119658173272,0.0,True,8.352463090100786,13.661436873232699,14.27644052199403,-1.678228222147662,-1.85,0.0,0.0,8.333333333333334,8.333333333333334,11.458370686442032,22.22859320902978,21.70329024556055,-0.29880467030446756,0.0,-0.5,-0.5,8.333333333333334,8.333333333333334
37,0.6000000000000001,False,0,4.0,0.5014033572025797,0.0,True,8.350801998315024,13.514091863598562,14.539659865552405,-0.8638619000565122,-1.8599999999999959,0.0,0.0,8.333333333333334,8.333333333333334,11.981730410711375,23.045394160125877,23.407557336108145,0.8431595124244584,-0.019999999999999574,-0.6000000000000001,-0.6000000000000001,8.333333333333334,8.333333333333334
37,0.7000000000000001,False,0,4.0,0.6174976268352697,0.0,True,8.34106932703584,13.665894876225092,14.422038380019739,-1.7685872193345007,-1.899999999999999,0.0,0.0,8.333333333333334,8.333333333333334,12.543516966809944,24.77169967621641,24.757957884240295,-0.4290331700959762,-0.009999999999999343,-0.7000000000000001,-0.7000000000000001,8.333333333333334,8.333333333333334
37,0.8,False,0,4.0,0.5566646339041416,0.0,True,8.367549445596937,13.586648806230027,14.375965692423687,-1.0979939956714828,-1.8799999999999994,0.0,0.0,8.333333333333334,8.333333333333334,12.992278996648265,25.835384514401525,26.146778584314823,-1.267830457524666,-2.220446049250313e-16,-0.8,-0.8,8.333333333333334,8.333333333333334
37,0.9,False,0,4.0,0.5872427602299877,0.0,True,8.352501030305433,13.737760449603382,14.81485755193793,-1.5398952138737658,-1.8900000000000028,0.0,0.0,8.333333333333334,8.333333333333334,13.550527032227578,28.03405095609673,27.046486185666126,-0.8985980592642153,-0.02000000000000024,-0.9,-0.9,8.333333333333334,8.333333333333334
37,1.0,False,0,4.0,0.5284168587310767,0.0,True,8.346521107805604,13.349742247020043,14.541518129311054,-0.8688275933756979,-1.7999999999999998,0.0,0.0,8.333333333333334,8.333333333333334,13.76238888888889,27.950299681366328,28.123761111111104,1.4127122257600244,0.0,-1.0,-1.0,8.333333333333334,8.333333333333334
37,1.1,False,0,4.0,0.5472087824137967,0.0,True,8.336343277343582,13.412335712509854,14.422007309261328,-1.5016219883791035,-1.8799999999999981,0.0,0.0,8.333333333333334,8.333333333333334,13.88888888888889,29.43730454261178,28.66666666666666,-0.1334771375763666,-0.0499999999999996,-1.1,-1.1,8.333333333333334,8.333333333333334
37,1.2000000000000002,False,0,4.0,0.5432380144448333,0.0,True,8.346217763034732,13.840734487161225,14.492811789172574,-1.2088057064114346,-1.7999999999999998,0.0,0.0,8.333333333333334,8.333333333333334,13.88888888888889,28.63616871004268,29.22222222222221,0.2546764968167312,-0.07999999999999963,-1.2000000000000002,-1.2000000000000002,8.333333333333334,8.333333333333334
37,1.3,False,0,4.0,0.5697095442432002,0.0,True,8.354776766505763,13.705048109072319,14.684672283657417,-1.2075179734931953,-1.8899999999999997,0.0,0.0,8.333333333333334,8.333333333333334,13.88888888888889,29.964452286017472,29.777777777777768,-0.9009960734935389,-0.09000000000000008,-1.3,-1.3,8.333333333333334,8.333333333333334
37,1.4000000000000001,False,0,4.0,0.5079230819261497,0.0,True,8.403388494093663,13.292127259947218,14.594945627054582,-1.2575889528574122,-1.8999999999999986,0.0,0.0,8.333333333333334,8.333333333333334,13.88888888888889,30.221576754877372,30.333333333333325,-0.3229615750544206,-0.08000000000000007,-1.4000000000000001,-1.4000000000000001,8.333333333333334,8.333333333333334
37,1.5,False,0,4.0,0.5154641647680224,0.0,True,8.349863580135935,13.388907926667184,14.636316658495257,-1.6930291082288473,-1.7999999999999998,0.0,0.0,8.333333333333334,8.333333333333334,13.88888888888889,30.147783341604143,30.888888888888882,-0.07986515485844325,-0.04999999999999982,-1.5,-1.5,8.333333333333334,8.333333333333334
37,1.6,False,0,4.0,0.5330319444346833,0.0,True,8.336212855121525,13.652220115239057,14.622053586570527,-1.4374595964535881,-1.879999999999999,0.0,0.0,8.333333333333334,8.333333333333334,13.88888888888889,31.663497173829345,30.888888888888882,-0.3818883186805446,-0.1599999999999997,-1.6,-1.6,8.333333333333334,8.333333333333334
37,1.7000000000000002,False,0,4.0,0.5037144212240349,0.0,True,8.351239525631094,13.789193119237265,14.543251707378968,-1.5992524639767685,-1.8300000000000005,0.0,0.0,8.333333333333334,8.333333333333334,13.88888888888889,31.496361521980486,31.444444444444432,-0.7319504324906263,-0.09999999999999964,-1.7000000000000002,-1.7000000000000002,8.333333333333334,8.333333333333334
38,0.0,False,0,4.0,0.0,0.0,False,13.88888888888889,-3.551492420994765,-4.222222222222075,0.7739057035936256,1.6,0.0,0.0,8.333333333333334,8.333333333333334,,,,,,,,,
38,0.1,False,0,4.0,1.0,1.0,True,13.88888888888889,-3.829746478529219,-4.222222222222075,0.0646811412291064,0.8400000000000012,-0.1,-0.1,8.333333333333334,8.333333333333334,13.88888888888889,42.84797759677774,42.84444444444411,-0.020999635487570334,-0.00999999999999579,-0.1,-0.1,8.333333333333334,8.333333333333334
38,0.2,False,0,4.0,1.0,0.0,True,8.346284990189442,13.825871640144182,14.618144479082812,-0.32956368454370555,-0.13999999999999702,-0.2,-0.2,8.333333333333334,8.333333333333334,8.346284990189442,14.948922838276044,14.625915473196482,0.23475209557158072,-0.019999999999997353,-0.2,-0.2,8.333333333333334,8.333333333333334
38,0.30000000000000004,False,0,4.0,0.5435684049757784,0.0,True,8.361599989415806,13.477574875169108,14.466939280605981,-1.593467402182486,-1.8899999999999975,0.0,0.0,8.333333333333334,8.333333333333334,9.798754337259581,16.996726124264082,17.48414967838256,-0.4931649724008045,-0.020000000000001572,-0.30000000000000004,-0.30000000000000004,8.333333333333334,8.333333333333334
38,0.4,False,0,4.0,0.5818439554695072,0.0,True,8.372109647770083,13.38529806835015,14.603023327729058,-1.5774428583927236,-1.880000000000006,0.0,0.0,8.333333333333334,8.333333333333334,10.696005797278065,19.390421942468176,20.10705569308261,1.1757857418253388,-6.661338147750939e-16,-0.4,-0.4,8.333333333333334,8.333333333333334
38,0.5,False,0,4.0,0.5684052782284522,0.0,True,8.339337153454917,13.588962220947092,14.58119057893948,-1.7988188721846576,-1.85,0.0,0.0,8.333333333333334,8.333333333333334,11.554862362871448,22.522679872873585,22.339350419160656,-0.4166329613008526,0.0,-0.5,-0.5,8.333333333333334,8.333333333333334
38,0.6000000000000001,False,0,4.0,0.4881167112356666,0.0,True,8.351624183731623,13.25706537981426,14.584518155269219,-1.5877230581883606,-1.8599999999999959,0.0,0.0,8.333333333333334,8.333333333333334,12.198400179185496,23.596321659106888,24.050668348898636,1.424512154518713,-0.019999999999999574,-0.6000000000000001,-0.6000000000000001,8.333333333333334,8.333333333333334
38,0.7000000000000001,False,0,4.0,0.49369448019650664,0.0,True,8.367077098704884,13.453809144693988,14.595213778056344,-1.5217538953994612,-1.899999999999999,0.0,0.0,8.333333333333334,8.333333333333334,12.78448882293685,24.70893020510508,25.668540028823433,0.2974785435600622,-0.009999999999999343,-0.7000000000000001,-0.7000000000000001,8.333333333333334,8.333333333333334
38,0.8,False,0,4.0,0.5879716779629479,0.0,True,8.333800497918292,13.535900383070736,14.512473369818206,-1.8007377933665378,-1.8799999999999994,0.0,0.0,8.333333333333334,8.333333333333334,13.358810911668401,27.414370656381745,26.984086719920523,-0.05289287354066263,-2.220446049250313e-16,-0.8,-0.8,8.333333333333334,8.333333333333334
38,0.9,False,0,4.0,0.5958764167947498,0.0,True,8.384899830883544,13.28600422761279,14.439440864761803,-1.3601105554673483,-1.8900000000000028,0.0,0.0,8.333333333333334,8.333333333333334,13.88888888888889,28.930659617661416,27.999999999999996,0.17624540801920174,-0.02000000000000024,-0.9,-0.9,8.333333333333334,8.333333333333334
38,1.0,False,0,4.0,0.5182211027645091,0.0,True,8.364102916925088,12.916118467100883,14.622342830896482,-1.3118346169043082,-1.7999999999999998,0.0,0.0,8.333333333333334,8.333333333333334,13.88888888888889,28.58419357669406,29.111111111111097,0.9114210251083352,0.0,-1.0,-1.0,8.333333333333334,8.333333333333334
38,1.1,False,0,4.0,0.5584180887140605,0.0,True,8.343161667934504,13.637371693451183,14.724056569720755,-1.3378122911389811,-1.8799999999999981,0.0,0.0,8.333333333333334,8.333333333333334,13.88888888888889,30.38293574215427,29.66666666666666,0.15761414901400084,-0.0499999999999996,-1.1,-1.1,8.333333333333334,8.333333333333334
38,1.2000000000000002,False,0,4.0,0.48684615753003163,0.0,True,8.34246830800527,13.622830979679616,14.564046049486716,-1.0702022224470333,-1.7999999999999998,0.0,0.0,8.333333333333334,8.333333333333334,13.88888888888889,31.056285951572274,30.22222222222221,0.45853025315052287,-0.07999999999999963,-1.2000000000000002,-1.2000000000000002,8.333333333333334,8.333333333333334
38,1.3,False,0,4.0,0.595470856649398,0.0,True,8.41308817466542,13.037119799514112,14.511364594310106,-1.1858272212212655,-1.8899999999999997,0.0,0.0,8.333333333333334,8.333333333333334,13.88888888888889,30.35127742994219,30.777777777777768,0.28251539466463127,-0.09000000000000008,-1.3,-1.3,8.333333333333334,8.333333333333334
38,1.4000000000000001,False,0,4.0,0.562057805125781,0.0,True,8.335196718719413,13.06886550825693,14.630302797728444,-1.8190580563942882,-1.8999999999999986,0.0,0.0,8.333333333333334,8.333333333333334,13.88888888888889,31.6302750400182,31.333333333333325,-0.45006478630164604,-0.08000000000000007,-1.4000000000000001,-1.4000000000000001,8.333333333333334,8.333333333333334
38,1.5,False,0,4.0,0.4667075817047044,0.0,True,8.415020073588476,13.07481819198743,14.448804769138956,-0.818694631781602,-1.7999999999999998,0.0,0.0,8.333333333333334,8.333333333333334,13.88888888888889,32.10540889814642,31.888888888888882,-1.0333701385136669,-0.04999999999999982,-1.5,-1.5,8.333333333333334,8.333333333333334
38,1.6,False,0,4.0,0.5812145632431013,0.0,True,8.337253181662403,13.467604053836208,14.539288861448124,-1.6534811028692098,-1.879999999999999,0.0,0.0,8.333333333333334,8.333333333333334,13.88888888888889,33.12929227738753,31.888888888888882,-0.0954458050271525,-0.1599999999999997,-1.6,-1.6,8.333333333333334,8.333333333333334
38,1.7000000000000002,False,0,4.0,0.485817212469898,0.0,True,8.355288834880309,13.639187607251639,14.596180003886357,-1.1028319757525327,-1.8300000000000005,0.0,0.0,8.333333333333334,8.333333333333334,13.88888888888889,32.93170989781018,32.444444444444436,-0.5610420522005786,-0.09999999999999964,-1.7000000000000002,-1.7000000000000002,8.333333333333334,8.333333333333334
39,0.0,False,0,4.0,0.0,0.0,False,13.88888888888889,-3.5010036345896536,-4.266666666666839,0.8360181738152916,1.6,0.0,0.0,8.333333333333334,8.333333333333334,,,,,,,,,
39,0.1,False,0,4.0,1.0,1.0,True,13.50938888888889,-4.048727967866642,-4.181533333333195,0.2543717115291848,0.8200000000000012,-0.1,-0.1,8.333333333333334,8.333333333333334,13.50938888888889,38.238185272800095,38.54279444444454,0.2957703033870458,-0.00999999999999579,-0.1,-0.1,8.333333333333334,8.333333333333334
39,0.2,False,0,4.0,1.0,0.0,True,8.342896946280918,13.840740979402053,14.49262537321341,0.3636985905414494,-0.2799999999999965,-0.2,-0.2,8.333333333333334,8.333333333333334,8.386216360812202,14.336813517163545,14.522385835857772,-0.7755109000120346,-0.019999999999997353,-0.2,-0.2,8.333333333333334,8.333333333333334
39,0.30000000000000004,False,0,4.0,0.5916340724335772,0.0,True,8.344308512351708,13.796911252535875,14.70830641111429,-0.9154893386077185,-1.730000000000004,-0.30000000000000004,-0.30000000000000004,8.333333333333334,8.333333333333334,9.92102472193657,18.04826828424923,17.629203213878352,0.6544954811451738,-0.020000000000001572,-0.30000000000000004,-0.30000000000000004,8.333333333333334,8.333333333333334
39,0.4,False,0,4.0,0.5651795000724151,0.0,True,8.342275671470148,13.768191079451253,14.660093514206931,-1.4847780332247957,-1.880000000000006,0.0,0.0,8.333333333333334,8.333333333333334,10.902291177226704,20.70255589776335,20.40959996476501,-0.6372808865144388,-6.661338147750939e-16,-0.4,-0.4,8.333333333333334,8.333333333333334
39,0.5,False,0,4.0,0.5270324257506358,0.0,True,8.369451068657325,13.364118823040666,14.699877469502365,-1.3255277691990812,-1.85,0.0,0.0,8.333333333333334,8.333333333333334,11.712554847641329,22.724256010210414,22.91444260081025,-0.41780492758493604,0.0,-0.5,-0.5,8.333333333333334,8.333333333333334
39,0.6000000000000001,False,0,4.0,0.60145709343808,0.0,True,8.395328641701079,13.299993962862583,14.680580190708707,-1.3283901368576942,-1.8599999999999959,0.0,0.0,8.333333333333334,8.333333333333334,12.530934759950355,25.177268633834696,24.62010526752263,1.0458003791205863,-0.019999999999999574,-0.6000000000000001,-0.6000000000000001,8.333333333333334,8.333333333333334
39,0.7000000000000001,False,0,4.0,0.6678909850755969,0.0,True,8.352882063054052,12.855165330537186,14.595641658965075,-1.6415284456543116,-1.899999999999999,0.0,0.0,8.333333333333334,8.333333333333334,13.236329180699087,26.60529866477644,26.38306483574093,0.14731863766269093,-0.009999999999999343,-0.7000000000000001,-0.7000000000000001,8.333333333333334,8.333333333333334
39,0.8,False,0,4.0,0.5290370681744531,0.0,True,8.339964202214212,13.78677208289086,14.626057713065261,-1.2349432022464946,-1.8799999999999994,0.0,0.0,8.333333333333334,8.333333333333334,13.76238888888889,27.95145840180744,27.90153888888889,1.3651666243769354,-2.220446049250313e-16,-0.8,-0.8,8.333333333333334,8.333333333333334
39,0.9,False,0,4.0,0.6293758680375855,0.0,True,8.356638244372697,13.316743923295657,14.489763324745976,-1.6128154585553667,-1.8900000000000028,0.0,0.0,8.333333333333334,8.333333333333334,13.88888888888889,28.84645774132198,28.999999999999996,0.0635308202371494,-0.02000000000000024,-0.9,-0.9,8.333333333333334,8.333333333333334
39,1.0,False,0,4.0,0.5846530949114849,0.0,True,8.346520826086982,13.734929791362003,14.533635065590925,-1.8758155210707443,-1.7999999999999998,0.0,0.0,8.333333333333334,8.333333333333334,13.88888888888889,29.661727120245953,30.111111111111097,0.40533609923574065,0.0,-1.0,-1.0,8.333333333333334,8.333333333333334
39,1.1,False,0,4.0,0.5582349438058984,0.0,True,8.366770294134575,12.99222228170235,14.531915721048517,-1.2516316556348661,-1.8799999999999981,0.0,0.0,8.333333333333334,8.333333333333334,13.88888888888889,30.805102541918476,30.66666666666666,1.370990656497431,-0.0499999999999996,-1.1,-1.1,8.333333333333334,8.333333333333334
39,1.2000000000000002,False,0,4.0,0.5479176063512876,0.0,True,8.335966189099342,13.883400924353037,14.465629566721713,-1.6699253237941363,-1.7999999999999998,0.0,0.0,8.333333333333334,8.333333333333334,13.88888888888889,31.082744600760503,31.22222222222221,-0.5697718258321416,-0.07999999999999963,-1.2000000000000002,-1.2000000000000002,8.333333333333334,8.333333333333334
39,1.3,False,0,4.0,0.5585617251722216,0.0,True,8.3346843062195,13.476361163053735,14.582983341315536,-1.7892576041187171,-1.8899999999999997,0.0,0.0,8.333333333333334,8.333333333333334,13.88888888888889,31.076475743210825,31.777777777777768,-1.027351749952473,-0.09000000000000008,-1.3,-1.3,8.333333333333334,8.333333333333334
39,1.4000000000000001,False,0,4.0,0.47103517164152076,0.0,True,8.377923644863404,13.0230696178868,14.42148929501472,-1.6861740860656236,-1.8999999999999986,0.0,0.0,8.333333333333334,8.333333333333334,13.88888888888889,32.9576224479064,32.33333333333333,0.30374543982483004,-0.08000000000000007,-1.4000000000000001,-1.4000000000000001,8.333333333333334,8.333333333333334
39,1.5,False,0,4.0,0.4513527574326691,0.0,True,8.344558059061306,13.370985459781576,14.484370135456384,-0.9831092466685727,-1.7999999999999998,0.0,0.0,8.333333333333334,8.333333333333334,13.88888888888889,32.07131262220318,32.888888888888886,0.6368767835376956,-0.04999999999999982,-1.5,-1.5,8.333333333333334,8.333333333333334
39,1.6,False,0,4.0,0.5644903891177304,0.0,True,8.338415139323757,13.411402984413126,14.626988654007658,-1.863601203988595,-1.879999999999999,0.0,0.0,8.333333333333334,8.333333333333334,13.88888888888889,33.16358049674212,32.888888888888886,-0.020508108720457496,-0.1599999999999997,-1.6,-1.6,8.333333333333334,8.333333333333334
39,1.7000000000000002,False,0,4.0,0.4675177610983486,0.0,True,8.334925352865959,13.754316785299618,14.402745032808962,-1.7704006251711544,-1.8300000000000005,0.0,0.0,8.333333333333334,8.333333333333334,13.88888888888889,33.03089419493204,33.444444444444436,-0.4477514834162821,-0.09999999999999964,-1.7000000000000002,-1.7000000000000002,8.333333333333334,8.333333333333334
40,0.0,False,0,4.0,0.0,0.0,False,13.88888888888889,-4.238986314328005,-4.155555555555739,1.5063516289621668,1.6,0.0,0.0,8.333333333333334,8.333333333333334,,,,,,,,,
40,0.1,False,0,4.0,1.0,1.0,True,13.50938888888889,-4.24964531891037,-4.216744444444319,1.4197863352052584,0.8000000000000012,-0.1,-0.1,8.333333333333334,8.333333333333334,13.50938888888889,36.63279157518993,37.54279444444457,-0.2832074527324686,-0.00999999999999579,-0.1,-0.1,8.333333333333334,8.333333333333334
40,0.2,False,0,4.0,1.0,0.0,True,8.375078362349056,12.624229126297205,14.49687304051346,-0.477214879817043,-0.43999999999999595,-0.2,-0.2,8.333333333333334,8.333333333333334,8.644930345384775,15.443028668779487,14.881824280286889,-0.1355760329368203,-0.019999999999997353,-0.2,-0.2,8.333333333333334,8.333333333333334
40,0.30000000000000004,False,0,4.0,0.6164252373449287,0.0,True,8.345667721728454,13.282038824901417,14.404266361381143,-0.8631724583811595,-1.8899999999999975,0.0,0.0,8.333333333333334,8.333333333333334,9.730029505384849,16.892392348305645,17.914038918050917,-0.6112778157611118,-0.020000000000001572,-0.30000000000000004,-0.30000000000000004,8.333333333333334,8.333333333333334
40,0.4,False,0,4.0,0.5169693562578781,0.0,True,8.352412908041485,13.502345539609973,14.613704598219936,-1.576770276111138,-1.880000000000006,0.0,0.0,8.333333333333334,8.333333333333334,11.122470810813795,21.521582486306297,20.947667556705223,-0.45168573574330906,-6.661338147750939e-16,-0.4,-0.4,8.333333333333334,8.333333333333334
40,0.5,False,0,4.0,0.5780379661013518,0.0,True,8.360191591537298,13.701810014362234,14.441854060227126,-1.3529027763074377,-1.85,0.0,0.0,8.333333333333334,8.333333333333334,11.947941668129513,24.828968477715254,23.516373377128918,-0.23001523488093634,0.0,-0.5,-0.5,8.333333333333334,8.333333333333334
40,0.6000000000000001,False,0,4.0,0.5096669676352945,0.0,True,8.350167178815461,13.758021570530172,14.448785978731518,-1.7013558593882234,-1.8599999999999959,0.0,0.0,8.333333333333334,8.333333333333334,12.669170723317428,25.36985526144031,25.559267734343056,-0.22182657414356965,-0.019999999999999574,-0.6000000000000001,-0.6000000000000001,8.333333333333334,8.333333333333334
40,0.7000000000000001,False,0,4.0,0.4777039042930942,0.0,True,8.443067539184895,12.831399295445717,14.551818768967333,-1.1539205721846055,-1.899999999999999,0.0,0.0,8.333333333333334,8.333333333333334,13.394100730463157,28.29717976703814,27.316109194236514,-0.06795827365067031,-0.009999999999999343,-0.7000000000000001,-0.7000000000000001,8.333333333333334,8.333333333333334
40,0.8,False,0,4.0,0.5031272480699003,0.0,True,8.336775895732954,13.562574710083506,14.423751586995959,-1.8713008545024628,-1.8799999999999994,0.0,0.0,8.333333333333334,8.333333333333334,13.88888888888889,29.03415627962516,28.888888888888882,0.9894690659406002,-2.220446049250313e-16,-0.8,-0.8,8.333333333333334,8.333333333333334
40,0.9,False,0,4.0,0.5533209057556476,0.0,True,8.36994236498947,13.474077466993503,14.604830742008527,-1.7018305633597712,-1.8900000000000028,0.0,0.0,8.333333333333334,8.333333333333334,13.88888888888889,29.127313696959472,29.999999999999996,0.6162996221220234,-0.02000000000000024,-0.9,-0.9,8.333333333333334,8.333333333333334
40,1.0,False,0,4.0,0.6016688031314306,0.0,True,8.359926174757257,13.664613233640136,14.438726764165704,-1.1515735138331973,-1.7999999999999998,0.0,0.0,8.333333333333334,8.333333333333334,13.88888888888889,31.350534137969685,31.111111111111097,0.7760328691786351,0.0,-1.0,-1.0,8.333333333333334,8.333333333333334
40,1.1,False,0,4.0,0.4861658088643959,0.0,True,8.33829999960123,13.505295794557394,14.6694307085079,-1.7860620747823448,-1.8799999999999981,0.0,0.0,8.333333333333334,8.333333333333334,13.88888888888889,31.385482229437475,31.66666666666666,-0.02548754092909089,-0.0499999999999996,-1.1,-1.1,8.333333333333334,8.333333333333334
40,1.2000000000000002,False,0,4.0,0.5705425515644392,0.0,True,8.347557709686193,13.353026225521358,14.297133205321,-1.6544079644251874,-1.7999999999999998,0.0,0.0,8.333333333333334,8.333333333333334,13.88888888888889,31.288064019372438,32.222222222222214,-0.41832425475436796,-0.07999999999999963,-1.2000000000000002,-1.2000000000000002,8.333333333333334,8.333333333333334
40,1.3,False,0,4.0,0.6005070662541991,0.0,True,8.343244511104093,13.250332815349505,14.45523501667628,-1.1931256931870493,-1.8899999999999997,0.0,0.0,8.333333333333334,8.333333333333334,13.88888888888889,32.3374542900134,32.77777777777777,-0.8133595563360014,-0.09000000000000008,-1.3,-1.3,8.333333333333334,8.333333333333334
40,1.4000000000000001,False,0,4.0,0.5170280782638983,0.0,True,8.337371201438941,13.624175426508952,14.493207902182927,-1.2105094176122173,-1.8999999999999986,0.0,0.0,8.333333333333334,8.333333333333334,13.88888888888889,32.121118906664876,33.33333333333333,-0.3653508565828716,-0.08000000000000007,-1.4000000000000001,-1.4000000000000001,8.333333333333334,8.333333333333334
40,1.5,False,0,4.0,0.5080294130536591,0.0,True,8.382503768918054,13.474562837316551,14.667541952026266,-1.83861736116176,-1.7999999999999998,0.0,0.0,8.333333333333334,8.333333333333334,13.88888888888889,32.961792622543015,33.888888888888886,0.006159684823561218,-0.04999999999999982,-1.5,-1.5,8.333333333333334,8.333333333333334
40,1.6,False,0,4.0,0.46265686013563434,0.0,True,8.38788760272881,13.293357994598733,14.444028070040854,-1.6179014641287641,-1.879999999999999,0.0,0.0,8.333333333333334,8.333333333333334,13.88888888888889,33.525546482574114,33.888888888888886,0.3480257822019559,-0.1599999999999997,-1.6,-1.6,8.333333333333334,8.333333333333334
40,1.7000000000000002,False,0,4.0,0.5771862728318474,0.0,True,8.356632323798161,13.400640806170596,14.560438478308438,-0.6728427562622621,-1.8300000000000005,0.0,0.0,8.333333333333334,8.333333333333334,13.88888888888889,34.6141602516663,34.444444444444436,-1.2215149906261742,-0.09999999999999964,-1.7000000000000002,-1.7000000000000002,8.333333333333334,8.333333333333334
41,0.0,False,0,4.0,0.41770235917265486,0.0,True,13.88888888888889,-3.897191051730945,-4.044444444444639,1.7684025388774662,1.6,0.0,0.0,8.333333333333334,8.333333333333334,,,,,,,,,
41,0.1,False,0,4.0,1.0,1.0,True,13.50938888888889,-3.9672602705241102,-4.221544444444592,0.3808631207824198,0.7800000000000016,-0.1,-0.1,8.333333333333334,8.333333333333334,13.50938888888889,36.78423778589938,36.66929444444453,0.7307792347940301,-0.00999999999999579,-0.1,-0.1,8.333333333333334,8.333333333333334
41,0.2,False,0,4.0,0.7969931731852693,0.0,True,8.340867895491046,13.444835392049992,14.40007691109049,-1.100868082990616,-0.9599999999999942,-0.2,-0.2,8.333333333333334,8.333333333333334,8.907353946162115,14.606380681065584,15.36541048775258,0.3133919396476097,-0.019999999999997353,-0.2,-0.2,8.333333333333334,8.333333333333334
41,0.30000000000000004,False,0,4.0,0.5480805974855026,0.0,True,8.34058725981935,13.777597140669268,14.479351296416166,-1.6922304609235208,-1.8899999999999975,0.0,0.0,8.333333333333334,8.333333333333334,10.002080939032078,19.01023843959221,18.29341168382312,0.3050330920666422,-0.020000000000001572,-0.30000000000000004,-0.30000000000000004,8.333333333333334,8.333333333333334
41,0.4,False,0,4.0,0.5753719614124243,0.0,True,8.380330309494306,13.405336719539786,14.618161052965245,-1.2542260354737347,-1.880000000000006,0.0,0.0,8.333333333333334,8.333333333333334,11.264233001060353,22.118225482228002,21.367961118805685,-1.746110194796862,-6.661338147750939e-16,-0.4,-0.4,8.333333333333334,8.333333333333334
41,0.5,False,0,4.0,0.54723360709408,0.0,True,8.351700571583523,13.698446509215056,14.58351616543096,-1.4072229998351382,-1.85,0.0,0.0,8.333333333333334,8.333333333333334,12.278701586845951,23.994237086257133,24.171083010140695,0.43056107588599346,0.0,-0.5,-0.5,8.333333333333334,8.333333333333334
41,0.6000000000000001,False,0,4.0,0.5685720983833225,0.0,True,8.334125311115873,13.30334340159241,14.585231157454796,-1.394500880651809,-1.8599999999999959,0.0,0.0,8.333333333333334,8.333333333333334,13.117591459637028,26.81534427710405,26.183112352550527,0.17592933186637927,-0.019999999999999574,-0.6000000000000001,-0.6000000000000001,8.333333333333334,8.333333333333334
41,0.7000000000000001,False,0,4.0,0.5794046459369677,0.0,True,8.367368276275359,13.196347264763244,14.543528874090253,-1.7360490164781972,-1.899999999999999,0.0,0.0,8.333333333333334,8.333333333333334,13.76238888888889,27.305534249514903,28.23487222222222,0.6439544632076593,-0.009999999999999343,-0.7000000000000001,-0.7000000000000001,8.333333333333334,8.333333333333334
41,0.8,False,0,4.0,0.5618715684470794,0.0,True,8.347776238509667,13.265756147431869,14.471595926880052,-1.665981417544782,-1.8799999999999994,0.0,0.0,8.333333333333334,8.333333333333334,13.88888888888889,29.80781970938109,29.888888888888882,0.22592206554013705,-2.220446049250313e-16,-0.8,-0.8,8.333333333333334,8.333333333333334
41,0.9,False,0,4.0,0.5029614222755809,0.0,True,8.342802857392506,13.465070807282995,14.461613302294449,-1.4871975198060192,-1.8900000000000028,0.0,0.0,8.333333333333334,8.333333333333334,13.88888888888889,31.141003798684277,30.999999999999996,0.4680233186081302,-0.02000000000000024,-0.9,-0.9,8.333333333333334,8.333333333333334
41,1.0,False,0,4.0,0.5348637119322561,0.0,True,8.34856021517151,13.09525023864246,14.666448764543002,-1.5215784832497619,-1.7999999999999998,0.0,0.0,8.333333333333334,8.333333333333334,13.88888888888889,31.848908692797377,32.1111111111111,-1.3872277319486364,0.0,-1.0,-1.0,8.333333333333334,8.333333333333334
41,1.1,False,0,4.0,0.5820670858037859,0.0,True,8.366053975559053,13.366816227745868,14.465813498925893,-1.783597324212391,-1.8799999999999981,0.0,0.0,8.333333333333334,8.333333333333334,13.88888888888889,32.57018273112852,32.666666666666664,-0.4028853515945894,-0.0499999999999996,-1.1,-1.1,8.333333333333334,8.333333333333334
41,1.2000000000000002,False,0,4.0,0.5670484285576828,0.0,True,8.382637966841228,13.26992059739393,14.388105480087344,-1.0398239738525188,-1.7999999999999998,0.0,0.0,8.333333333333334,8.333333333333334,13.88888888888889,33.92096538067287,33.222222222222214,0.4511982977327049,-0.07999999999999963,-1.2000000000000002,-1.2000000000000002,8.333333333333334,8.333333333333334
41,1.3,False,0,4.0,0.5084400665038948,0.0,True,8.33534024794956,13.268761341130709,14.381586502721927,-1.8138604878819249,-1.8899999999999997,0.0,0.0,8.333333333333334,8.333333333333334,13.88888888888889,34.04595334692058,33.77777777777777,0.10736235142756856,-0.09000000000000008,-1.3,-1.3,8.333333333333334,8.333333333333334
41,1.4000000000000001,False,0,4.0,0.5646509177658701,0.0,True,8.351137383257797,13.307792180797986,14.529259881488752,-1.699921699254122,-1.8999999999999986,0.0,0.0,8.333333333333334,8.333333333333334,13.88888888888889,34.03273688693217,34.33333333333333,-0.3940087139781552,-0.08000000000000007,-1.4000000000000001,-1.4000000000000001,8.333333333333334,8.333333333333334
41,1.5,False,0,4.0,0.6532894578079951,0.0,True,8.386443421966266,13.348453163041352,14.63974160367449,-1.3233313593132752,-1.7999999999999998,0.0,0.0,8.333333333333334,8.333333333333334,13.88888888888889,34.928886259462956,34.888888888888886,0.14963552653130918,-0.04999999999999982,-1.5,-1.5,8.333333333333334,8.333333333333334
41,1.6,False,0,4.0,0.5089980298726429,0.0,True,8.349067747950027,13.790226813980222,14.278131405596877,-1.2486324940434241,-1.879999999999999,0.0,0.0,8.333333333333334,8.333333333333334,13.88888888888889,34.932707016877316,34.888888888888886,-0.35236211626341607,-0.1599999999999997,-1.6,-1.6,8.333333333333334,8.333333333333334
41,1.7000000000000002,False,0,4.0,0.5930550693333736,0.0,True,8.370975919201591,13.311852590407252,14.653054798958376,-1.807121550658043,-1.8300000000000005,0.0,0.0,8.333333333333334,8.333333333333334,13.88888888888889,35.138973426145775,35.444444444444436,-0.0161409954808589,-0.09999999999999964,-1.7000000000000002,-1.7000000000000002,8.333333333333334,8.333333333333334
42,0.0,False,0,4.0,0.0,0.0,False,13.88888888888889,-4.255366608258444,-4.111111111110904,1.1509458569382982,1.6,0.0,0.0,8.333333333333334,8.333333333333334,,,,,,,,,
42,0.1,False,0,4.0,1.0,1.0,True,12.623888888888889,-4.042447376912949,-4.197572222222209,0.5892748459097765,0.7500000000000013,-0.1,-0.1,8.333333333333334,8.333333333333334,12.623888888888889,28.933265013908265,28.20579444444483,0.12289029909678417,-0.00999999999999579,-0.1,-0.1,8.333333333333334,8.333333333333334
42,0.2,False,0,4.0,0.8076660100165336,0.0,True,8.339939678776828,13.474725894201423,14.57241651461747,0.08702039401319572,-0.8199999999999945,-0.2,-0.2,8.333333333333334,8.333333333333334,8.840906363779332,15.320757208552632,15.384547121816677,0.12993894328601696,-0.019999999999997353,-0.2,-0.2,8.333333333333334,8.333333333333334
42,0.30000000000000004,False,0,4.0,0.527804135628609,0.0,True,8.342808846868364,13.714226109322365,14.603864864110303,-1.7557664914274864,-1.8899999999999975,-0.30000000000000004,-0.30000000000000004,8.333333333333334,8.333333333333334,10.239803847034729,19.091675389888106,18.635773677502595,0.17046833905571956,-0.020000000000001572,-0.30000000000000004,-0.30000000000000004,8.333333333333334,8.333333333333334
42,0.4,False,0,4.0,0.5153165282758118,0.0,True,8.336245706212125,13.554155258826011,14.559842154070804,-1.4091545134981216,-1.880000000000006,0.0,0.0,8.333333333333334,8.333333333333334,11.573001141786156,21.843531361417885,21.86435627680643,-1.517491026338708,-6.661338147750939e-16,-0.4,-0.4,8.333333333333334,8.333333333333334
42,0.5,False,0,4.0,0.5634550727287975,0.0,True,8.352304328669183,13.43274930579734,14.45863738870629,-0.9579107073381409,-1.85,0.0,0.0,8.333333333333334,8.333333333333334,12.616778605873153,25.074605326009074,24.73481767183075,-0.016626218267845827,0.0,-0.5,-0.5,8.333333333333334,8.333333333333334
42,0.6000000000000001,False,0,4.0,0.5358576798622515,0.0,True,8.394164916908604,12.949477993757338,14.584157746602582,-1.189344900422519,-1.8599999999999959,0.0,0.0,8.333333333333334,8.333333333333334,13.372852966599604,27.34315737315141,27.098337899423424,-0.2077565372293917,-0.019999999999999574,-0.6000000000000001,-0.6000000000000001,8.333333333333334,8.333333333333334
42,0.7000000000000001,False,0,4.0,0.5312725021974202,0.0,True,8.36596936426016,13.572939815348843,14.441069508768333,-1.8690005306643092,-1.899999999999999,0.0,0.0,8.333333333333334,8.333333333333334,13.88888888888889,30.25428157662839,29.222222222222218,0.09882476662566653,-0.009999999999999343,-0.7000000000000001,-0.7000000000000001,8.333333333333334,8.333333333333334
42,0.8,False,0,4.0,0.5315994567182794,0.0,True,8.338560590487278,13.61334240096961,14.615807577511571,-0.9295923305770298,-1.8799999999999994,0.0,0.0,8.333333333333334,8.333333333333334,13.88888888888889,31.418969281931194,30.888888888888882,-0.40744331350818563,-2.220446049250313e-16,-0.8,-0.8,8.333333333333334,8.333333333333334
42,0.9,False,0,4.0,0.5289789059782327,0.0,True,8.336761261294312,13.73493181740562,14.822442063398054,-1.3799803475953136,-1.8900000000000028,0.0,0.0,8.333333333333334,8.333333333333334,13.88888888888889,31.8583005302582,31.999999999999996,0.47670768639474526,-0.02000000000000024,-0.9,-0.9,8.333333333333334,8.333333333333334
42,1.0,False,0,4.0,0.5439103482410326,0.0,True,8.335173099911934,13.894238378487255,14.496246026672804,-1.5278769615773897,-1.7999999999999998,0.0,0.0,8.333333333333334,8.333333333333334,13.88888888888889,33.86968887484353,33.1111111111111,-0.7272414354234904,0.0,-1.0,-1.0,8.333333333333334,8.333333333333334
42,1.1,False,0,4.0,0.563961831460343,0.0,True,8.342468737643335,13.008545321534353,14.566798912192706,-0.6562712152565835,-1.8799999999999981,0.0,0.0,8.333333333333334,8.333333333333334,13.88888888888889,34.209723399418536,33.666666666666664,-0.2642414314107746,-0.0499999999999996,-1.1,-1.1,8.333333333333334,8.333333333333334
42,1.2000000000000002,False,0,4.0,0.5306226854778293,0.0,True,8.340153678160437,13.865754557519207,14.370235617813389,-1.49562170117055,-1.7999999999999998,0.0,0.0,8.333333333333334,8.333333333333334,13.88888888888889,34.64215427725016,34.222222222222214,-0.021185094755474365,-0.07999999999999963,-1.2000000000000002,-1.2000000000000002,8.333333333333334,8.333333333333334
42,1.3,False,0,4.0,0.5363578876127688,0.0,True,8.333513815667706,13.952836309428886,14.758199218897698,-1.1937818923666081,-1.8899999999999997,0.0,0.0,8.333333333333334,8.333333333333334,13.88888888888889,34.93968923890472,34.77777777777777,0.3767332079486265,-0.09000000000000008,-1.3,-1.3,8.333333333333334,8.333333333333334
42,1.4000000000000001,False,0,4.0,0.5346328390738585,0.0,True,8.335063481826673,13.8779403259452,14.486334885223226,-1.6268775383288065,-1.8999999999999986,0.0,0.0,8.333333333333334,8.333333333333334,13.88888888888889,35.57349373446249,35.33333333333333,0.6128508174168075,-0.08000000000000007,-1.4000000000000001,-1.4000000000000001,8.333333333333334,8.333333333333334
42,1.5,False,0,4.0,0.5126423750858948,0.0,True,8.335905276559071,13.484194783323215,14.608127784878928,-0.9852246463424323,-1.7999999999999998,0.0,0.0,8.333333333333334,8.333333333333334,13.88888888888889,35.37628493359332,35.888888888888886,0.1448571828753833,-0.04999999999999982,-1.5,-1.5,8.333333333333334,8.333333333333334
42,1.6,False,0,4.0,0.5038904497980544,0.0,True,8.465363348146875,12.489707111025762,14.71233948779739,-1.3447530134001653,-1.879999999999999,0.0,0.0,8.333333333333334,8.333333333333334,13.88888888888889,35.96234634778077,35.888888888888886,0.27178359718845124,-0.1599999999999997,-1.6,-1.6,8.333333333333334,8.333333333333334
42,1.7000000000000002,False,0,4.0,0.5292935503780767,0.0,True,8.343579286113266,13.5122119167692,14.666526727641394,-0.9500851672638777,-1.8300000000000005,0.0,0.0,8.333333333333334,8.333333333333334,13.88888888888889,36.031563115871144,36.444444444444436,0.45655946043756357,-0.09999999999999964,-1.7000000000000002,-1.7000000000000002,8.333333333333334,8.333333333333334
43,0.0,False,0,4.0,1.0,1.0,True,13.88888888888889,-4.17527890915571,-4.222222222222004,1.643461805123525,1.6,0.0,0.0,8.333333333333334,8.333333333333334,,,,,,,,,
43,0.1,False,0,4.0,1.0,1.0,True,13.129888888888889,-3.6765128835167955,-4.183227777777648,0.8702282808724422,0.7400000000000015,-0.1,-0.1,8.333333333333334,8.333333333333334,13.129888888888889,31.015745610515875,31.557394444444935,0.032477617877397336,-0.00999999999999579,-0.1,-0.1,8.333333333333334,8.333333333333334
43,0.2,False,0,4.0,0.9257736253473198,0.0,True,8.336549511570118,13.922414890661866,14.427958587445044,-0.34628147129549225,-0.9799999999999938,-0.2,-0.2,8.333333333333334,8.333333333333334,8.81350637682792,16.40469747509655,15.320722393819775,0.27149729645775134,-0.019999999999997353,-0.2,-0.2,8.333333333333334,8.333333333333334
43,0.30000000000000004,False,0,4.0,0.6195165285415939,0.0,True,8.375173597961403,13.145523932632539,14.439121153336952,-1.4918011581888906,-1.8899999999999975,0.0,0.0,8.333333333333334,8.333333333333334,10.264818445796148,19.167228420085674,18.988848953803508,-0.9030434053210407,-0.020000000000001572,-0.30000000000000004,-0.30000000000000004,8.333333333333334,8.333333333333334
43,0.4,False,0,4.0,0.49352112216176663,0.0,True,8.387957491814154,12.751906984726741,14.638191391145153,-1.040684073048253,-1.880000000000006,0.0,0.0,8.333333333333334,8.333333333333334,11.635525513897099,22.490759049356928,22.63731198406261,0.03216741783617616,-6.661338147750939e-16,-0.4,-0.4,8.333333333333334,8.333333333333334
43,0.5,False,0,4.0,0.5474961203106188,0.0,True,8.354038929116866,13.58355116583719,14.55092039600687,-1.6595303703569302,-1.85,0.0,0.0,8.333333333333334,8.333333333333334,12.897927395461803,25.39763704183989,25.571988514130528,0.19308128524431334,0.0,-0.5,-0.5,8.333333333333334,8.333333333333334
43,0.6000000000000001,False,0,4.0,0.5735887859464813,0.0,True,8.35305588876272,13.00544052938741,14.51251087637976,-1.1617721516649846,-1.8599999999999959,0.0,0.0,8.333333333333334,8.333333333333334,13.57415882053625,28.441368135283096,28.044123006835274,0.9754503909773411,-0.019999999999999574,-0.6000000000000001,-0.6000000000000001,8.333333333333334,8.333333333333334
43,0.7000000000000001,False,0,4.0,0.562214237155034,0.0,True,8.401840696670176,13.122565851539331,14.642514862535318,-1.582247895375357,-1.899999999999999,0.0,0.0,8.333333333333334,8.333333333333334,13.88888888888889,30.369099130616224,30.222222222222218,-0.43813500455259957,-0.009999999999999343,-0.7000000000000001,-0.7000000000000001,8.333333333333334,8.333333333333334
43,0.8,False,0,4.0,0.6166499300404822,0.0,True,8.335959494331311,13.620663502043623,14.681259305827592,-1.8641286815396911,-1.8799999999999994,0.0,0.0,8.333333333333334,8.333333333333334,13.88888888888889,31.990434894381476,31.888888888888882,0.9165649216163261,-2.220446049250313e-16,-0.8,-0.8,8.333333333333334,8.333333333333334
43,0.9,False,0,4.0,0.504413190817436,0.0,True,8.334909852212105,13.135578747789662,14.44533833926955,-1.7049091309851125,-1.8900000000000028,0.0,0.0,8.333333333333334,8.333333333333334,13.88888888888889,33.681875726097715,33.0,0.13036484085640332,-0.02000000000000024,-0.9,-0.9,8.333333333333334,8.333333333333334
43,1.0,False,0,4.0,0.5689793977133952,0.0,True,8.337580778507629,13.405192033676752,14.566625664639371,-1.6542350634936733,-1.7999999999999998,0.0,0.0,8.333333333333334,8.333333333333334,13.88888888888889,33.37708820369053,34.1111111111111,0.615818510478205,0.0,-1.0,-1.0,8.333333333333334,8.333333333333334
43,1.1,False,0,4.0,0.5426519388344788,0.0,True,8.359102474093733,13.676415402804917,14.519922347792782,-1.2886087529699388,-1.8799999999999981,0.0,0.0,8.333333333333334,8.333333333333334,13.88888888888889,34.705936217339406,34.666666666666664,-0.7429580263993363,-0.0499999999999996,-1.1,-1.1,8.333333333333334,8.333333333333334
43,1.2000000000000002,False,0,4.0,0.5618309491779804,0.0,True,8.35730534756915,13.565982904279831,14.526527624793697,-1.8963311726357261,-1.7999999999999998,0.0,0.0,8.333333333333334,8.333333333333334,13.88888888888889,35.36191571920722,35.222222222222214,0.8017453587448258,-0.07999999999999963,-1.2000000000000002,-1.2000000000000002,8.333333333333334,8.333333333333334
43,1.3,False,0,4.0,0.5607240466659946,0.0,True,8.335326027381853,13.841778790404998,14.677904738818892,-1.2932685199221492,-1.8899999999999997,0.0,0.0,8.333333333333334,8.333333333333334,13.88888888888889,35.99723470782775,35.77777777777777,-1.04617611332729,-0.09000000000000008,-1.3,-1.3,8.333333333333334,8.333333333333334
43,1.4000000000000001,False,0,4.0,0.5850355943863855,0.0,True,8.336410397993086,13.917805254620912,14.594980716462441,-1.7556174946015435,-1.8999999999999986,0.0,0.0,8.333333333333334,8.333333333333334,13.88888888888889,37.271153731582146,36.33333333333333,-0.22957017081279862,-0.08000000000000007,-1.4000000000000001,-1.4000000000000001,8.333333333333334,8.333333333333334
43,1.5,False,0,4.0,0.5419060863230473,0.0,True,8.429054760774132,12.934686300808206,14.707282252384939,-1.6453260377708188,-1.7999999999999998,0.0,0.0,8.333333333333334,8.333333333333334,13.88888888888889,36.453354113819636,36.888888888888886,-0.17925426929426935,-0.04999999999999982,-1.5,-1.5,8.333333333333334,8.333333333333334
43,1.6,False,0,4.0,0.5393466931930055,0.0,True,8.339183532729722,13.682840692603133,14.589259827484721,-1.3556345126832356,-1.879999999999999,0.0,0.0,8.333333333333334,8.333333333333334,13.88888888888889,37.86110588494424,36.888888888888886,-0.41246575942986174,-0.1599999999999997,-1.6,-1.6,8.333333333333334,8.333333333333334
43,1.7000000000000002,False,0,4.0,0.5406340271829647,0.0,True,8.40486753404208,13.176989042258253,14.37076129345284,-1.6986108185987412,-1.8300000000000005,0.0,0.0,8.333333333333334,8.333333333333334,13.88888888888889,36.81814990991166,37.444444444444436,0.39441380917385294,-0.09999999999999964,-1.7000000000000002,-1.7000000000000002,8.333333333333334,8.333333333333334
44,0.0,False,0,4.0,0.0,0.0,False,13.88888888888889,-3.7327035582536494,-4.266666666666896,1.1330280337671326,1.6,0.0,0.0,8.333333333333334,8.333333333333334,,,,,,,,,
44,0.1,False,0,4.0,1.0,1.0,True,13.88888888888889,-4.052951943939536,-4.266666666666896,0.3161269020614368,0.7300000000000018,-0.1,-0.1,8.333333333333334,8.333333333333334,13.88888888888889,37.009959478919896,36.84444444444411,-0.407483699260742,-0.00999999999999579,-0.1,-0.1,8.333333333333334,8.333333333333334
44,0.2,False,0,4.0,0.620468049027743,0.0,True,8.39488961477149,13.105969111161851,14.52489559055233,-0.3193652379684626,-0.7999999999999945,-0.2,-0.2,8.333333333333334,8.333333333333334,9.06179505061443,14.997203244141712,15.708577042347297,0.13460145473015572,-0.019999999999997353,-0.2,-0.2,8.333333333333334,8.333333333333334
44,0.30000000000000004,False,0,4.0,0.4735826834471939,0.0,True,8.359931599275965,13.254877557266479,14.407956786407208,-1.8085706013078293,-1.8899999999999975,0.0,0.0,8.333333333333334,8.333333333333334,10.476341876113674,19.613678784216784,19.40676713735777,-0.6469097737097209,-0.020000000000001572,-0.30000000000000004,-0.30000000000000004,8.333333333333334,8.333333333333334
44,0.4,False,0,4.0,0.5247825309049201,0.0,True,8.349674998965554,13.778598243022781,14.714661002385792,-0.8906384086596684,-1.880000000000006,0.0,0.0,8.333333333333334,8.333333333333334,11.975247913847324,22.804430455464388,23.125315301022088,-0.2292318217656797,-6.661338147750939e-16,-0.4,-0.4,8.333333333333334,8.333333333333334
44,0.5,False,0,4.0,0.5330705138229833,0.0,True,8.341324512473399,13.885835063978856,14.61622430325188,-1.7949507689189033,-1.85,0.0,0.0,8.333333333333334,8.333333333333334,12.977597354817142,26.72469683692368,26.48482018535452,0.12210928800962817,0.0,-0.5,-0.5,8.333333333333334,8.333333333333334
44,0.6000000000000001,False,0,4.0,0.5751042314735159,0.0,True,8.359265827411626,13.409243821413678,14.46841891269089,-1.3647257292859671,-1.8599999999999959,0.0,0.0,8.333333333333334,8.333333333333334,13.88888888888889,28.7992280469949,29.000000000000018,0.3698912865826176,-0.019999999999999574,-0.6000000000000001,-0.6000000000000001,8.333333333333334,8.333333333333334
44,0.7000000000000001,False,0,4.0,0.5479648622037099,0.0,True,8.334387100099685,13.27721713560582,14.631057497575153,-1.2469387052898022,-1.899999999999999,0.0,0.0,8.333333333333334,8.333333333333334,13.88888888888889,32.00514859982814,31.222222222222218,-0.18784643940985424,-0.009999999999999343,-0.7000000000000001,-0.7000000000000001,8.333333333333334,8.333333333333334
44,0.8,False,0,4.0,0.6480040862384584,0.0,True,8.343884598291009,13.515855166391997,14.653206024949991,-0.8202260053761941,-1.8799999999999994,0.0,0.0,8.333333333333334,8.333333333333334,13.88888888888889,33.567621325648275,32.888888888888886,-0.27451203914467714,-2.220446049250313e-16,-0.8,-0.8,8.333333333333334,8.333333333333334
44,0.9,False,0,4.0,0.4795196561054248,0.0,True,8.33471150596696,13.703907983567984,14.629364399013536,-1.5568096526110793,-1.8900000000000028,0.0,0.0,8.333333333333334,8.333333333333334,13.88888888888889,33.41118579212021,34.0,0.9453694349994817,-0.02000000000000024,-0.9,-0.9,8.333333333333334,8.333333333333334
44,1.0,False,0,4.0,0.543231355484583,0.0,True,8.353824728730942,13.75408677138729,14.379292952385622,-1.8186335291848865,-1.7999999999999998,0.0,0.0,8.333333333333334,8.333333333333334,13.88888888888889,35.28529034174966,35.1111111111111,0.8121950205042645,0.0,-1.0,-1.0,8.333333333333334,8.333333333333334
44,1.1,False,0,4.0,0.5786468443696698,0.0,True,8.352368263143221,13.603486379759072,14.218194225810333,-0.9425359317216752,-1.8799999999999981,0.0,0.0,8.333333333333334,8.333333333333334,13.88888888888889,36.067486073565576,35.666666666666664,-0.1432162018790628,-0.0499999999999996,-1.1,-1.1,8.333333333333334,8.333333333333334
44,1.2000000000000002,False,0,4.0,0.547717819812151,0.0,True,8.358713257070976,13.411071857243382,14.524165136305708,-1.4580518961952027,-1.7999999999999998,0.0,0.0,8.333333333333334,8.333333333333334,13.88888888888889,37.37389887716819,36.222222222222214,0.17104023102080168,-0.07999999999999963,-1.2000000000000002,-1.2000000000000002,8.333333333333334,8.333333333333334
44,1.3,False,0,4.0,0.6336403461405354,0.0,True,8.38568432252346,13.312861912745102,14.327196130646183,-1.4932590704268254,-1.8899999999999997,0.0,0.0,8.333333333333334,8.333333333333334,13.88888888888889,36.269860194813845,36.77777777777777,0.421143013060409,-0.09000000000000008,-1.3,-1.3,8.333333333333334,8.333333333333334
44,1.4000000000000001,False,0,4.0,0.6135719391586784,0.0,True,8.355689409967095,13.535449239890891,14.569903508703145,-1.5807001309345858,-1.8999999999999986,0.0,0.0,8.333333333333334,8.333333333333334,13.88888888888889,37.95140252505519,37.33333333333333,-0.8611752650046842,-0.08000000000000007,-1.4000000000000001,-1.4000000000000001,8.333333333333334,8.333333333333334
44,1.5,False,0,4.0,0.5485354945858918,0.0,True,8.341307368853814,13.84846460942337,14.529369728435295,-1.066313727612057,-1.7999999999999998,0.0,0.0,8.333333333333334,8.333333333333334,13.88888888888889,38.31946608336121,37.888888888888886,-0.018563545532216397,-0.04999999999999982,-1.5,-1.5,8.333333333333334,8.333333333333334
44,1.6,False,0,4.0,0.5973941216794668,0.0,True,8.378712855075388,13.485986280387703,14.564785192661969,-0.9097050160556559,-1.879999999999999,0.0,0.0,8.333333333333334,8.333333333333334,13.88888888888889,39.29320046595141,37.888888888888886,-0.20685497279113596,-0.1599999999999997,-1.6,-1.6,8.333333333333334,8.333333333333334
44,1.7000000000000002,False,0,4.0,0.5145334882576056,0.0,True,8.406249304229673,12.81357988836471,14.422220576360541,-1.0630339472904722,-1.8300000000000005,0.0,0.0,8.333333333333334,8.333333333333334,13.88888888888889,39.027468066580866,38.444444444444436,-0.005504753156996944,-0.09999999999999964,-1.7000000000000002,-1.7000000000000002,8.333333333333334,8.333333333333334
45,0.0,False,0,4.0,0.0,0.0,False,13.88888888888889,-3.8826283295571242,-4.155555555555796,0.3806804951281344,1.6,0.0,0.0,8.333333333333334,8.333333333333334,,,,,,,,,
45,0.1,False,0,4.0,1.0,1.0,True,13.50938888888889,-3.1851806178375908,-4.292644444444238,0.5787222706224053,0.7100000000000017,-0.1,-0.1,8.333333333333334,8.333333333333334,13.50938888888889,32.49736606149402,32.960244444444484,-0.968660190839721,-0.00999999999999579,-0.1,-0.1,8.333333333333334,8.333333333333334
45,0.2,False,0,4.0,0.6277400320574954,0.0,True,8.337653938545742,13.887545124109675,14.638873066669372,-1.5352774891380776,-1.0599999999999938,-0.2,-0.2,8.333333333333334,8.333333333333334,8.939305500471352,16.136228949492885,15.866811876018769,-1.4294514624346877,-0.019999999999997353,-0.2,-0.2,8.333333333333334,8.333333333333334
45,0.30000000000000004,False,0,4.0,0.5575916188580804,0.0,True,8.377005807654832,13.203153152722773,14.602908139806726,-1.235486558541178,-1.8899999999999975,0.0,0.0,8.333333333333334,8.333333333333334,10.690656316743814,19.90953909832933,19.775362956921906,-0.20616927671865382,-0.020000000000001572,-0.30000000000000004,-0.30000000000000004,8.333333333333334,8.333333333333334
45,0.4,False,0,4.0,0.5444947582721845,0.0,True,8.347619453441931,13.673047402484496,14.583505595447985,-1.0123199927452262,-1.880000000000006,0.0,0.0,8.333333333333334,8.333333333333334,12.08488294579022,23.493153101168314,23.915487155759333,-0.342616141296443,-6.661338147750939e-16,-0.4,-0.4,8.333333333333334,8.333333333333334
45,0.5,False,0,4.0,0.5202682491580674,0.0,True,8.343562279217027,13.84226310725104,14.475648519734232,-1.4985101356322013,-1.85,0.0,0.0,8.333333333333334,8.333333333333334,13.369831610172486,27.777673369848525,27.318929460726462,-0.963621725252712,0.0,-0.5,-0.5,8.333333333333334,8.333333333333334
45,0.6000000000000001,False,0,4.0,0.5443673324251143,0.0,True,8.383588888084722,13.410626852239755,14.577801330128903,-0.45611840792577163,-1.8599999999999959,0.0,0.0,8.333333333333334,8.333333333333334,13.88888888888889,28.83958196028947,30.000000000000018,-0.14123198095254463,-0.019999999999999574,-0.6000000000000001,-0.6000000000000001,8.333333333333334,8.333333333333334
45,0.7000000000000001,False,0,4.0,0.5482889400225488,0.0,True,8.406017478494867,13.114260461002015,14.821032071277653,-1.465764995577718,-1.899999999999999,0.0,0.0,8.333333333333334,8.333333333333334,13.88888888888889,31.668294380184268,32.22222222222222,-0.7692997814701195,-0.009999999999999343,-0.7000000000000001,-0.7000000000000001,8.333333333333334,8.333333333333334
45,0.8,False,0,4.0,0.5382907257203785,0.0,True,8.41172296897495,13.12645219915866,14.811250451025114,-1.558918931915185,-1.8799999999999994,0.0,0.0,8.333333333333334,8.333333333333334,13.88888888888889,35.19675375446117,33.888888888888886,-0.7162108462075363,-2.220446049250313e-16,-0.8,-0.8,8.333333333333334,8.333333333333334
45,0.9,False,0,4.0,0.5981007417946055,0.0,True,8.372488492855387,13.528603464906478,14.35891154184132,-1.4310214507038392,-1.8900000000000028,0.0,0.0,8.333333333333334,8.333333333333334,13.88888888888889,35.550203719211225,35.0,0.14810094415028496,-0.02000000000000024,-0.9,-0.9,8.333333333333334,8.333333333333334
45,1.0,False,0,4.0,0.501517366315498,0.0,True,8.333667663888713,13.612126853076216,14.61740909473529,-0.8720590489511921,-1.7999999999999998,0.0,0.0,8.333333333333334,8.333333333333334,13.88888888888889,36.339665653100894,36.1111111111111,0.5068594960839246,0.0,-1.0,-1.0,8.333333333333334,8.333333333333334
45,1.1,False,0,4.0,0.5343170886932347,0.0,True,8.338621890525856,13.885585747581057,14.46090542792022,-1.302246596642629,-1.8799999999999981,0.0,0.0,8.333333333333334,8.333333333333334,13.88888888888889,36.74391011095379,36.666666666666664,1.0712274127131143,-0.0499999999999996,-1.1,-1.1,8.333333333333334,8.333333333333334
45,1.2000000000000002,False,0,4.0,0.5969322384624904,0.0,True,8.342376613326177,13.634490364565448,14.571838922463126,-1.5164490477147452,-1.7999999999999998,0.0,0.0,8.333333333333334,8.333333333333334,13.88888888888889,35.53177986619738,37.222222222222214,-0.1028015136174949,-0.07999999999999963,-1.2000000000000002,-1.2000000000000002,8.333333333333334,8.333333333333334
45,1.3,False,0,4.0,0.5338137042565112,0.0,True,8.354572167676347,13.443388114783982,14.562222967549484,-1.3037327193498796,-1.8899999999999997,0.0,0.0,8.333333333333334,8.333333333333334,13.88888888888889,37.3562172731784,37.77777777777777,-0.12041809309278606,-0.09000000000000008,-1.3,-1.3,8.333333333333334,8.333333333333334
45,1.4000000000000001,False,0,4.0,0.5069232850854064,0.0,True,8.33451529287855,13.360123794595818,14.524076237426197,-1.0174761365341178,-1.8999999999999986,0.0,0.0,8.333333333333334,8.333333333333334,13.88888888888889,37.93743639107883,38.33333333333333,0.012763039365728979,-0.08000000000000007,-1.4000000000000001,-1.4000000000000001,8.333333333333334,8.333333333333334
45,1.5,False,0,4.0,0.5531773967060899,0.0,True,8.352430754053477,13.786756517478164,14.592888209245881,-1.0230378270697156,-1.7999999999999998,0.0,0.0,8.333333333333334,8.333333333333334,13.88888888888889,38.42676004761844,38.888888888888886,-0.9763598052251632,-0.04999999999999982,-1.5,-1.5,8.333333333333334,8.333333333333334
45,1.6,False,0,4.0,0.5461590762255429,0.0,True,8.339051565239949,13.903115750841533,14.526163308476907,-0.5964847069149621,-1.879999999999999,0.0,0.0,8.333333333333334,8.333333333333334,13.88888888888889,39.66013957291878,38.888888888888886,-0.3928308764525279,-0.1599999999999997,-1.6,-1.6,8.333333333333334,8.333333333333334
45,1.7000000000000002,False,0,4.0,0.4997614993941324,0.0,True,8.382969469986447,12.744597816840535,14.51024847199282,-1.0952039439015282,-1.8300000000000005,0.0,0.0,8.333333333333334,8.333333333333334,13.88888888888889,39.308982002614385,39.444444444444436,0.8377963112524678,-0.09999999999999964,-1.7000000000000002,-1.7000000000000002,8.333333333333334,8.333333333333334
46,0.0,False,0,4.0,0.0,0.0,False,13.88888888888889,-4.102457828293285,-4.04444444444471,1.435488811804412,1.6,0.0,0.0,8.333333333333334,8.333333333333334,,,,,,,,,
46,0.1,False,0,4.0,1.0,1.0,True,12.623888888888889,-4.054535351974411,-4.288861111111021,-0.25049532595475243,0.6800000000000019,-0.1,-0.1,8.333333333333334,8.333333333333334,12.023888888888889,22.40147396404417,21.153694444444607,-0.5511199492493768,-0.00999999999999579,-0.1,-0.1,8.333333333333334,8.333333333333334
46,0.2,False,0,4.0,0.7075625245904003,0.0,True,8.341919540579209,13.476193046187358,14.51871530195383,-1.3560931351767966,-0.9599999999999942,-0.2,-0.2,8.333333333333334,8.333333333333334,9.141596590648616,15.279177747770387,16.038655295300668,-0.5884707072621804,-0.019999999999997353,-0.2,-0.2,8.333333333333334,8.333333333333334
46,0.30000000000000004,False,0,4.0,0.5984743924070991,0.0,True,8.333741653480056,13.812799516837696,14.515736381807852,-1.8637131320371176,-1.8899999999999975,0.0,0.0,8.333333333333334,8.333333333333334,10.77012699400168,19.322219727226194,20.05305317938247,-0.621931627701779,-0.020000000000001572,-0.30000000000000004,-0.30000000000000004,8.333333333333334,8.333333333333334
46,0.4,False,0,4.0,0.5435778436062134,0.0,True,8.338911298584108,13.7877242425679,14.508656511007256,-1.8742337783048972,-1.880000000000006,0.0,0.0,8.333333333333334,8.333333333333334,12.31510903229262,25.61486876809013,24.68398058381683,-0.4225439707328409,-6.661338147750939e-16,-0.4,-0.4,8.333333333333334,8.333333333333334
46,0.5,False,0,4.0,0.549614877740486,0.0,True,8.360845170824907,13.50638065000312,14.369578032576964,-1.649933316730404,-1.85,0.0,0.0,8.333333333333334,8.333333333333334,13.604699553556857,28.265876109052005,28.260661655068436,-0.8937716500263901,0.0,-0.5,-0.5,8.333333333333334,8.333333333333334
46,0.6000000000000001,False,0,4.0,0.5460270868334197,0.0,True,8.334126362264515,13.942764018958467,14.543876413580403,-0.9314221869671242,-1.8599999999999959,0.0,0.0,8.333333333333334,8.333333333333334,13.88888888888889,30.87925110322232,31.000000000000018,-0.2539367719484018,-0.019999999999999574,-0.6000000000000001,-0.6000000000000001,8.333333333333334,8.333333333333334
46,0.7000000000000001,False,0,4.0,0.48473408308118715,0.0,True,8.343191500730628,12.845945906099228,14.391135310629789,-1.5967833882655051,-1.899999999999999,0.0,0.0,8.333333333333334,8.333333333333334,13.88888888888889,33.54460728955956,33.22222222222222,-0.06186250198291199,-0.009999999999999343,-0.7000000000000001,-0.7000000000000001,8.333333333333334,8.333333333333334
46,0.8,False,0,4.0,0.5729033328312281,0.0,True,8.353566010550237,13.634705178937661,14.491082318156497,-0.7333209884686669,-1.8799999999999994,0.0,0.0,8.333333333333334,8.333333333333334,13.88888888888889,34.181545717682354,34.888888888888886,-0.4852539420525446,-2.220446049250313e-16,-0.8,-0.8,8.333333333333334,8.333333333333334
46,0.9,False,0,4.0,0.5334447328383376,0.0,True,8.339750538867758,12.497280358732876,14.561406020354195,-1.440043356431755,-1.8900000000000028,0.0,0.0,8.333333333333334,8.333333333333334,13.88888888888889,35.44134068227223,36.0,0.10772784210401332,-0.02000000000000024,-0.9,-0.9,8.333333333333334,8.333333333333334
46,1.0,False,0,4.0,0.6326168159460347,0.0,True,8.333486024428028,13.819029357525306,14.383197141403752,-1.685481783633237,-1.7999999999999998,0.0,0.0,8.333333333333334,8.333333333333334,13.88888888888889,37.1719751912337,37.1111111111111,0.343411138508388,0.0,-1.0,-1.0,8.333333333333334,8.333333333333334
46,1.1,False,0,4.0,0.5580290035271572,0.0,True,8.34008196638702,13.774056614529382,14.34784828752252,-1.5481625736966351,-1.8799999999999981,0.0,0.0,8.333333333333334,8.333333333333334,13.88888888888889,36.84568625837422,37.666666666666664,-0.5603817094550791,-0.0499999999999996,-1.1,-1.1,8.333333333333334,8.333333333333334
46,1.2000000000000002,False,0,4.0,0.5404890700378953,0.0,True,8.335665033172205,13.5677628994443,14.476169209882965,-1.0588501889756956,-1.7999999999999998,0.0,0.0,8.333333333333334,8.333333333333334,13.88888888888889,38.17459341886314,38.222222222222214,-0.027282014795106946,-0.07999999999999963,-1.2000000000000002,-1.2000000000000002,8.333333333333334,8.333333333333334
46,1.3,False,0,4.0,0.4829295880106627,0.0,True,8.381976538257444,13.087715587841114,14.530479875605788,-1.6143956675276767,-1.8899999999999997,0.0,0.0,8.333333333333334,8.333333333333334,13.88888888888889,39.645670769112094,38.77777777777777,0.5360817047255901,-0.09000000000000008,-1.3,-1.3,8.333333333333334,8.333333333333334
46,1.4000000000000001,False,0,4.0,0.6068859289150572,0.0,True,8.356702011625053,13.310835989729423,14.526035178602012,-1.500385665836113,-1.8999999999999986,0.0,0.0,8.333333333333334,8.333333333333334,13.88888888888889,39.23547408454466,39.33333333333333,0.0961474632492123,-0.08000000000000007,-1.4000000000000001,-1.4000000000000001,8.333333333333334,8.333333333333334
46,1.5,False,0,4.0,0.5466631884498248,0.0,True,8.350736921552505,13.804626011395566,14.445292184527329,-1.4389175760704944,-1.7999999999999998,0.0,0.0,8.333333333333334,8.333333333333334,13.88888888888889,40.27920815084622,39.888888888888886,0.3042793735261409,-0.04999999999999982,-1.5,-1.5,8.333333333333334,8.333333333333334
46,1.6,False,0,4.0,0.5758285874989604,0.0,True,8.360390665210494,13.136072971499555,14.596582623401172,-1.816672667754985,-1.879999999999999,0.0,0.0,8.333333333333334,8.333333333333334,13.88888888888889,40.89874152223445,39.888888888888886,-0.0053602226343423265,-0.1599999999999997,-1.6,-1.6,8.333333333333334,8.333333333333334
46,1.7000000000000002,False,0,4.0,0.5232416603970643,0.0,True,8.337021164411706,13.59021730017697,14.52193302150378,-1.7043161497661246,-1.8300000000000005,0.0,0.0,8.333333333333334,8.333333333333334,13.88888888888889,39.50787401887346,40.444444444444436,0.9841647364578896,-0.09999999999999964,-1.7000000000000002,-1.7000000000000002,8.333333333333334,8.333333333333334
47,0.0,False,0,4.0,0.0,0.0,False,13.88888888888889,-3.9633504163749818,-4.111111111110847,2.1236779016155585,1.6,0.0,0.0,8.333333333333334,8.333333333333334,,,,,,,,,
47,0.1,False,0,4.0,1.0,1.0,True,13.50938888888889,-4.216120498405917,-4.135733333333593,-0.04075166169687261,0.6700000000000017,-0.1,-0.1,8.333333333333334,8.333333333333334,13.50938888888889,31.500624018116735,31.061444444444458,-0.49421552972751526,-0.00999999999999579,-0.1,-0.1,8.333333333333334,8.333333333333334
47,0.2,False,0,4.0,0.7789588534972416,0.0,True,8.336519731562083,12.91563052321423,14.731986524595651,-0.49765195318373845,-0.9999999999999938,-0.2,-0.2,8.333333333333334,8.333333333333334,9.092780736814763,15.214349193537242,16.033284721041905,-0.5778048113494023,-0.019999999999997353,-0.2,-0.2,8.333333333333334,8.333333333333334
47,0.30000000000000004,False,0,4.0,0.5912987670506635,0.0,True,8.34917877031905,13.479491608962245,14.421260950226138,-0.9345527097825423,-1.8899999999999975,0.0,0.0,8.333333333333334,8.333333333333334,10.926430678273862,20.76002683332943,20.681356244154724,0.040115414674310346,-0.020000000000001572,-0.30000000000000004,-0.30000000000000004,8.333333333333334,8.333333333333334
47,0.4,False,0,4.0,0.5842392381753233,0.0,True,8.3579697121042,13.63724803720957,14.487647308590493,-1.8882976044375315,-1.880000000000006,0.0,0.0,8.333333333333334,8.333333333333334,12.680321967910489,25.158449309089928,25.262843296054495,-0.17145743094816468,-6.661338147750939e-16,-0.4,-0.4,8.333333333333334,8.333333333333334
47,0.5,False,0,4.0,0.48421501091594954,0.0,True,8.35766431688901,13.086529883673744,14.418210626604644,-1.514059527516117,-1.85,0.0,0.0,8.333333333333334,8.333333333333334,13.76238888888889,28.93695748720717,29.23487222222224,-0.042183933718254574,0.0,-0.5,-0.5,8.333333333333334,8.333333333333334
47,0.6000000000000001,False,0,4.0,0.5019528679669937,0.0,True,8.37827615750706,13.375994814117131,14.358321885242145,-1.637407841191439,-1.8599999999999959,0.0,0.0,8.333333333333334,8.333333333333334,13.88888888888889,32.122435494991656,32.00000000000002,0.6154781955535289,-0.019999999999999574,-0.6000000000000001,-0.6000000000000001,8.333333333333334,8.333333333333334
47,0.7000000000000001,False,0,4.0,0.5939161404189673,0.0,True,8.336006783731126,13.183805258210963,14.648247222428761,-1.5250871626325901,-1.899999999999999,0.0,0.0,8.333333333333334,8.333333333333334,13.88888888888889,34.83776440682718,34.22222222222222,-0.3793805891996147,-0.009999999999999343,-0.7000000000000001,-0.7000000000000001,8.333333333333334,8.333333333333334
47,0.8,False,0,4.0,0.4525170755443145,0.0,True,8.348139062521879,13.560777947836993,14.47350191391676,-1.4459973488430267,-1.8799999999999994,0.0,0.0,8.333333333333334,8.333333333333334,13.88888888888889,36.26619712144992,35.888888888888886,0.5367485692489065,-2.220446049250313e-16,-0.8,-0.8,8.333333333333334,8.333333333333334
47,0.9,False,0,4.0,0.5344391552238363,0.0,True,8.345149784288067,13.759328858030425,14.458547433572289,-1.6059270332212894,-1.8900000000000028,0.0,0.0,8.333333333333334,8.333333333333334,13.88888888888889,37.06954157632717,37.0,0.3710620508116418,-0.02000000000000024,-0.9,-0.9,8.333333333333334,8.333333333333334
47,1.0,False,0,4.0,0.5840156284806297,0.0,True,8.397980479553821,13.319812827581796,14.485574654962345,-1.6013661033607078,-1.7999999999999998,0.0,0.0,8.333333333333334,8.333333333333334,13.88888888888889,38.34817811934272,38.1111111111111,-0.8322716805460053,0.0,-1.0,-1.0,8.333333333333334,8.333333333333334
47,1.1,False,0,4.0,0.5751305022105346,0.0,True,8.337023695999866,13.829792319200873,14.49575506201013,-1.7319541934195795,-1.8799999999999981,0.0,0.0,8.333333333333334,8.333333333333334,13.88888888888889,38.30467325889164,38.666666666666664,-0.0037225695692104654,-0.0499999999999996,-1.1,-1.1,8.333333333333334,8.333333333333334
47,1.2000000000000002,False,0,4.0,0.45813881553146646,0.0,True,8.339848841453506,13.897448379355449,14.491151601319114,-1.899838237087264,-1.7999999999999998,0.0,0.0,8.333333333333334,8.333333333333334,13.88888888888889,39.878749693295504,39.222222222222214,0.28742661190715113,-0.07999999999999963,-1.2000000000000002,-1.2000000000000002,8.333333333333334,8.333333333333334
47,1.3,False,0,4.0,0.561872581971506,0.0,True,8.351634051994896,13.78778324926402,14.62013527711029,-1.4512361267815357,-1.8899999999999997,0.0,0.0,8.333333333333334,8.333333333333334,13.88888888888889,38.74482294438519,39.77777777777777,-0.46559425205451155,-0.09000000000000008,-1.3,-1.3,8.333333333333334,8.333333333333334
47,1.4000000000000001,False,0,4.0,0.509390419327067,0.0,True,8.370545668917783,13.47807256313062,14.60193125279029,-1.7761029851198538,-1.8999999999999986,0.0,0.0,8.333333333333334,8.333333333333334,13.88888888888889,40.65216663656652,40.33333333333333,0.4982459544581488,-0.08000000000000007,-1.4000000000000001,-1.4000000000000001,8.333333333333334,8.333333333333334
47,1.5,False,0,4.0,0.5689532622733767,0.0,True,8.368315556891092,13.258666988631699,14.57875313323667,-1.600175881355923,-1.7999999999999998,0.0,0.0,8.333333333333334,8.333333333333334,13.88888888888889,40.747912023161135,40.888888888888886,-0.37501097497570224,-0.04999999999999982,-1.5,-1.5,8.333333333333334,8.333333333333334
47,1.6,False,0,4.0,0.5109299329115708,0.0,True,8.34982257189289,13.660106119179186,14.56651377329747,-1.6417308751039963,-1.879999999999999,0.0,0.0,8.333333333333334,8.333333333333334,13.88888888888889,40.52449124946324,40.888888888888886,-0.24554938254812253,-0.1599999999999997,-1.6,-1.6,8.333333333333334,8.333333333333334
47,1.7000000000000002,False,0,4.0,0.5690725167616479,0.0,True,8.333940848396885,13.958459978123681,14.543405454543073,-1.204857098186039,-1.8300000000000005,0.0,0.0,8.333333333333334,8.333333333333334,13.88888888888889,41.64383558915107,41.444444444444436,-0.6777586025049014,-0.09999999999999964,-1.7000000000000002,-1.7000000000000002,8.333333333333334,8.333333333333334
48,0.0,False,0,4.0,0.0,0.0,False,13.88888888888889,-3.3791848572179672,-4.222222222221961,1.7360917601667514,1.6,0.0,0.0,8.333333333333334,8.333333333333334,,,,,,,,,
48,0.1,False,0,4.0,1.0,1.0,True,8.429373269936608,0.7314860952664732,0.014671222867645106,0.6939847390147116,0.6300000000000021,-0.1,-0.1,8.333333333333334,8.333333333333334,5.020930091908938,14.56265396298873,14.445529595268209,-0.796968731449001,-0.00999999999999579,-0.1,-0.1,8.333333333333334,8.333333333333334
48,0.2,False,0,4.0,0.6746651389707548,0.0,True,8.3543863034514,13.13383652319511,14.649289730811216,-1.003245833869414,-1.479999999999992,-0.2,-0.2,8.333333333333334,8.333333333333334,9.236054313712222,15.857577609694243,16.30505078534075,-0.05244908464823195,-0.019999999999997353,-0.2,-0.2,8.333333333333334,8.333333333333334
48,0.30000000000000004,False,0,4.0,0.5037812478305091,0.0,True,8.3423114840535,13.81686544956177,14.536080565428403,-1.7519251496535513,-1.8899999999999975,0.0,0.0,8.333333333333334,8.333333333333334,11.199515066763665,21.033610974236847,21.10162707576475,-0.5981798799334657,-0.020000000000001572,-0.30000000000000004,-0.30000000000000004,8.333333333333334,8.333333333333334
48,0.4,False,0,4.0,0.5460497034496767,0.0,True,8.375989256059386,13.331217366555062,14.659701211239888,-1.7267376691694292,-1.880000000000006,0.0,0.0,8.333333333333334,8.333333333333334,13.026146265809517,26.941017729546832,26.03401567909791,-1.1902881129541452,-6.661338147750939e-16,-0.4,-0.4,8.333333333333334,8.333333333333334
48,0.5,False,0,4.0,0.5452007594707999,0.0,True,8.361310755860096,13.628517044326752,14.589689323903809,-0.9102992096781982,-1.85,0.0,0.0,8.333333333333334,8.333333333333334,13.88888888888889,30.888422036596754,30.222222222222246,-0.5003140931740369,0.0,-0.5,-0.5,8.333333333333334,8.333333333333334
48,0.6000000000000001,False,0,4.0,0.5110946023519907,0.0,True,8.340212270416213,13.689243581498982,14.53150740240859,-0.5933728380433019,-1.8599999999999959,0.0,0.0,8.333333333333334,8.333333333333334,13.88888888888889,32.94220069012787,33.00000000000002,0.8161498411606125,-0.019999999999999574,-0.6000000000000001,-0.6000000000000001,8.333333333333334,8.333333333333334
48,0.7000000000000001,False,0,4.0,0.4985298689397476,0.0,True,8.33844372077236,13.885755105577982,14.484333793547147,-1.8873952580782154,-1.899999999999999,0.0,0.0,8.333333333333334,8.333333333333334,13.88888888888889,36.45716181285315,35.22222222222222,0.12405052335646971,-0.009999999999999343,-0.7000000000000001,-0.7000000000000001,8.333333333333334,8.333333333333334
48,0.8,False,0,4.0,0.5958758256188007,0.0,True,8.335631692313742,13.474857463545344,14.651347043179708,-1.2853178437216992,-1.8799999999999994,0.0,0.0,8.333333333333334,8.333333333333334,13.88888888888889,37.62852278210872,36.888888888888886,-0.42060669693683694,-2.220446049250313e-16,-0.8,-0.8,8.333333333333334,8.333333333333334
48,0.9,False,0,4.0,0.5386250117562569,0.0,True,8.3491724706165,13.255055608893922,14.493261633967602,-1.8132504888143808,-1.8900000000000028,0.0,0.0,8.333333333333334,8.333333333333334,13.88888888888889,38.58448964306457,38.0,-0.5345263943834468,-0.02000000000000024,-0.9,-0.9,8.333333333333334,8.333333333333334
48,1.0,False,0,4.0,0.5647975234171526,0.0,True,8.428802311814685,12.944922061789537,14.620888438441892,-1.3018530954922336,-1.7999999999999998,0.0,0.0,8.333333333333334,8.333333333333334,13.88888888888889,39.768262888682514,39.1111111111111,0.654511380409676,0.0,-1.0,-1.0,8.333333333333334,8.333333333333334
48,1.1,False,0,4.0,0.571967586661222,0.0,True,8.352645913181602,13.522503694134638,14.465949525055958,-1.862192428509803,-1.8799999999999981,0.0,0.0,8.333333333333334,8.333333333333334,13.88888888888889,39.193841865801765,39.666666666666664,-1.0953304925508247,-0.0499999999999996,-1.1,-1.1,8.333333333333334,8.333333333333334
48,1.2000000000000002,False,0,4.0,0.5411799891964912,0.0,True,8.377479322418534,12.932442577328356,14.505573247053729,-1.4013512250636198,-1.7999999999999998,0.0,0.0,8.333333333333334,8.333333333333334,13.88888888888889,39.00938735701992,40.222222222222214,-1.151015058316332,-0.07999999999999963,-1.2000000000000002,-1.2000000000000002,8.333333333333334,8.333333333333334
48,1.3,False,0,4.0,0.5567133056716085,0.0,True,8.357045620999711,13.16122362684133,14.680167363011417,-1.6392430976927002,-1.8899999999999997,0.0,0.0,8.333333333333334,8.333333333333334,13.88888888888889,41.12508724861383,40.77777777777777,-0.41572549085187305,-0.09000000000000008,-1.3,-1.3,8.333333333333334,8.333333333333334
48,1.4000000000000001,False,0,4.0,0.529570860035321,0.0,True,8.353235351245482,13.38612938875816,14.590445387123207,-1.1301219706377297,-1.8999999999999986,0.0,0.0,8.333333333333334,8.333333333333334,13.88888888888889,41.12938715389738,41.33333333333333,-0.9961695166104795,-0.08000000000000007,-1.4000000000000001,-1.4000000000000001,8.333333333333334,8.333333333333334
48,1.5,False,0,4.0,0.4964781087500375,0.0,True,8.376591521556884,13.521815953479102,14.423471739428589,-1.5261289835091796,-1.7999999999999998,0.0,0.0,8.333333333333334,8.333333333333334,13.88888888888889,41.71408861348844,41.888888888888886,0.08955506460760065,-0.04999999999999982,-1.5,-1.5,8.333333333333334,8.333333333333334
48,1.6,False,0,4.0,0.5020110030398193,0.0,True,8.340510960960486,13.575216540000593,14.706602234142348,-1.883036301508957,-1.879999999999999,0.0,0.0,8.333333333333334,8.333333333333334,13.88888888888889,41.37227580630526,41.888888888888886,-0.11954967829462859,-0.1599999999999997,-1.6,-1.6,8.333333333333334,8.333333333333334
48,1.7000000000000002,False,0,4.0,0.4815440421813609,0.0,True,8.345896405447597,13.488001386379732,14.688312317129213,-1.3525876764446028,-1.8300000000000005,0.0,0.0,8.333333333333334,8.333333333333334,13.88888888888889,44.06347925694558,42.444444444444436,0.02761431625109223,-0.09999999999999964,-1.7000000000000002,-1.7000000000000002,8.333333333333334,8.333333333333334
49,0.0,False,0,4.0,1.0,0.0,True,13.88888888888889,-3.9889621116264378,-4.266666666666953,1.3110090522649887,1.6,0.0,0.0,8.333333333333334,8.333333333333334,,,,,,,,,
49,0.1,False,0,4.0,1.0,1.0,True,12.023888888888889,-4.021132542875637,-4.270144444444685,-0.14921436080346373,0.6000000000000019,-0.1,-0.1,8.333333333333334,8.333333333333334,11.42388888888889,13.439418369995177,14.582244444444353,0.21720591413663648,-0.00999999999999579,-0.1,-0.1,8.333333333333334,8.333333333333334
49,0.2,False,0,4.0,0.6006215473724624,0.0,True,8.342307581667871,13.857766200433058,14.452872027832864,-1.790548128291084,-1.0399999999999938,-0.2,-0.2,8.333333333333334,8.333333333333334,9.513851529078954,16.66053508004853,16.56013336233769,-0.19511541529258736,-0.019999999999997353,-0.2,-0.2,8.333333333333334,8.333333333333334
49,0.30000000000000004,False,0,4.0,0.5311526333509536,0.0,True,8.346112721442111,13.132603639179376,14.475827065577885,-1.5411397602013903,-1.8899999999999975,0.0,0.0,8.333333333333334,8.333333333333334,11.31666286857127,22.151183013620464,21.64461585599481,-0.8502249728627544,-0.020000000000001572,-0.30000000000000004,-0.30000000000000004,8.333333333333334,8.333333333333334
49,0.4,False,0,4.0,0.47882084098303457,0.0,True,8.337359060498022,13.758564463268907,14.535019357600117,-1.1307633497398113,-1.880000000000006,0.0,0.0,8.333333333333334,8.333333333333334,13.212522186045657,27.806540620203645,26.98318113937395,0.9896014651946574,-6.661338147750939e-16,-0.4,-0.4,8.333333333333334,8.333333333333334
49,0.5,False,0,4.0,0.5413084201226966,0.0,True,8.36373925325804,13.642004910375658,14.464046235281085,-0.8628656051887089,-1.85,0.0,0.0,8.333333333333334,8.333333333333334,13.88888888888889,31.021675067246807,31.222222222222246,0.6911288198538488,0.0,-0.5,-0.5,8.333333333333334,8.333333333333334
49,0.6000000000000001,False,0,4.0,0.49640211273567747,0.0,True,8.34241755665934,13.332878851867132,14.236340298673564,-1.7737851171491745,-1.8599999999999959,0.0,0.0,8.333333333333334,8.333333333333334,13.88888888888889,33.27041120333299,34.00000000000002,0.16506453922868447,-0.019999999999999574,-0.6000000000000001,-0.6000000000000001,8.333333333333334,8.333333333333334
49,0.7000000000000001,False,0,4.0,0.6036094206815529,0.0,True,8.352156956398153,13.760443964126761,14.552364916567864,-1.8460945914971243,-1.899999999999999,0.0,0.0,8.333333333333334,8.333333333333334,13.88888888888889,37.04496554547084,36.22222222222222,-0.7726796342104802,-0.009999999999999343,-0.7000000000000001,-0.7000000000000001,8.333333333333334,8.333333333333334
49,0.8,False,0,4.0,0.6062247356295305,0.0,True,8.40978122889742,13.110730377815667,14.643095095393175,-1.220199556613193,-1.8799999999999994,0.0,0.0,8.333333333333334,8.333333333333334,13.88888888888889,37.80533962179962,37.888888888888886,0.45665996623561833,-2.220446049250313e-16,-0.8,-0.8,8.333333333333334,8.333333333333334
49,0.9,False,0,4.0,0.5444225435376489,0.0,True,8.36502572065264,13.564563821605997,14.54382454441038,-1.1801277986028111,-1.8900000000000028,0.0,0.0,8.333333333333334,8.333333333333334,13.88888888888889,39.47465605937104,39.0,0.8735399246892306,-0.02000000000000024,-0.9,-0.9,8.333333333333334,8.333333333333334
49,1.0,False,0,4.0,0.5342497182551779,0.0,True,8.338907953468498,13.016254172724285,14.534790980149534,-1.4185660017490438,-1.7999999999999998,0.0,0.0,8.333333333333334,8.333333333333334,13.88888888888889,40.37022533379918,40.1111111111111,1.3961507641928406,0.0,-1.0,-1.0,8.333333333333334,8.333333333333334
49,1.1,False,0,4.0,0.5792830138261205,0.0,True,8.355090833638558,13.062835400124367,14.407235050575547,-1.8997330793364606,-1.8799999999999981,0.0,0.0,8.333333333333334,8.333333333333334,13.88888888888889,41.63425749605701,40.666666666666664,0.20481406819527548,-0.0499999999999996,-1.1,-1.1,8.333333333333334,8.333333333333334
49,1.2000000000000002,False,0,4.0,0.5367830643869114,0.0,True,8.347818785418303,13.618089697247438,14.545533815941763,-1.2675237559362058,-1.7999999999999998,0.0,0.0,8.333333333333334,8.333333333333334,13.88888888888889,41.862181311881045,41.22222222222223,0.047304735384460894,-0.07999999999999963,-1.2000000000000002,-1.2000000000000002,8.333333333333334,8.333333333333334
49,1.3,False,0,4.0,0.548700349303842,0.0,True,8.350786024630514,13.261578496107841,14.468054888482708,-1.6060806614964291,-1.8899999999999997,0.0,0.0,8.333333333333334,8.333333333333334,13.88888888888889,41.68624993559965,41.77777777777777,1.0281551395913429,-0.09000000000000008,-1.3,-1.3,8.333333333333334,8.333333333333334
49,1.4000000000000001,False,0,4.0,0.47254376350354366,0.0,True,8.363483371882497,13.108179512129492,14.612172561404474,-1.345008069671474,-1.8999999999999986,0.0,0.0,8.333333333333334,8.333333333333334,13.88888888888889,42.33663392968441,42.33333333333333,0.14518864252816321,-0.08000000000000007,-1.4000000000000001,-1.4000000000000001,8.333333333333334,8.333333333333334
49,1.5,False,0,4.0,0.554665194675374,0.0,True,8.344059081045799,13.837587872185747,14.572440946427133,-1.4020943806575754,-1.7999999999999998,0.0,0.0,8.333333333333334,8.333333333333334,13.88888888888889,42.369156415046064,42.888888888888886,0.4317886126933641,-0.04999999999999982,-1.5,-1.5,8.333333333333334,8.333333333333334
49,1.6,False,0,4.0,0.5591704276960604,0.0,True,8.347846175617638,13.799074256187719,14.48032042592477,-1.2594165223290912,-1.879999999999999,0.0,0.0,8.333333333333334,8.333333333333334,13.88888888888889,42.80081473812784,42.888888888888886,-0.01736796881150715,-0.1599999999999997,-1.6,-1.6,8.333333333333334,8.333333333333334
49,1.7000000000000002,False,0,4.0,0.5402544680210152,0.0,True,8.334544325362508,13.383940229497124,14.563545235918308,-1.2313573391891857,-1.8300000000000005,0.0,0.0,8.333333333333334,8.333333333333334,13.88888888888889,43.69888046578657,43.444444444444436,0.0481059029254316,-0.09999999999999964,-1.7000000000000002,-1.7000000000000002,8.333333333333334,8.333333333333334
50,0.0,False,0,4.0,0.0,0.0,False,13.88888888888889,-4.048690609456133,-4.155555555555867,1.0088613770392625,1.6,0.0,0.0,8.333333333333334,8.333333333333334,,,,,,,,,
50,0.1,False,0,4.0,1.0,1.0,True,12.023888888888889,-3.569087610901721,-4.254116666666522,0.17044743083553682,0.5800000000000023,-0.1,-0.1,8.333333333333334,8.333333333333334,12.023888888888889,18.687383832932863,17.428394444444574,-0.2934831623106493,-0.00999999999999579,-0.1,-0.1,8.333333333333334,8.333333333333334
50,0.2,False,0,4.0,0.5951821159369368,0.0,True,8.353388303306328,12.625257849770957,14.566971016749033,-1.5343683321798856,-1.219999999999993,-0.2,-0.2,8.333333333333334,8.333333333333334,9.510036389990645,16.535802243221948,16.75261938718904,0.3634289272983571,-0.019999999999997353,-0.2,-0.2,8.333333333333334,8.333333333333334
50,0.30000000000000004,False,0,4.0,0.6005643590327382,0.0,True,8.347452169997853,13.779153385242676,14.672606769220959,-1.4814549408832318,-1.8899999999999975,0.0,0.0,8.333333333333334,8.333333333333334,11.445668182874533,22.577822160862024,22.083901586575603,-0.8412163366686045,-0.020000000000001572,-0.30000000000000004,-0.30000000000000004,8.333333333333334,8.333333333333334
50,0.4,False,0,4.0,0.5439770550996467,0.0,True,8.337918243386513,13.607649651270531,14.320674520877628,-1.6198800309793808,-1.880000000000006,0.0,0.0,8.333333333333334,8.333333333333334,13.544798066849031,27.96697903804603,27.824836859981797,-0.41964502690513905,-6.661338147750939e-16,-0.4,-0.4,8.333333333333334,8.333333333333334
50,0.5,False,0,4.0,0.5937462071302123,0.0,True,8.334056352751306,13.647167314922012,14.412895707788675,-0.9121914368664679,-1.85,0.0,0.0,8.333333333333334,8.333333333333334,13.88888888888889,32.58230159085672,32.22222222222225,-0.027757381287424554,0.0,-0.5,-0.5,8.333333333333334,8.333333333333334
50,0.6000000000000001,False,0,4.0,0.5155096594041043,0.0,True,8.334517211769008,12.923585368942621,14.685355981233425,-1.8028628949200483,-1.8599999999999959,0.0,0.0,8.333333333333334,8.333333333333334,13.88888888888889,35.34013865273199,35.00000000000002,0.14074284114660163,-0.019999999999999574,-0.6000000000000001,-0.6000000000000001,8.333333333333334,8.333333333333334
50,0.7000000000000001,False,0,4.0,0.5559358992145822,0.0,True,8.350800925667777,13.204084517461109,14.570992015247338,-1.5863614041275844,-1.899999999999999,0.0,0.0,8.333333333333334,8.333333333333334,13.88888888888889,37.639354357517384,37.22222222222222,-0.8310741608283587,-0.009999999999999343,-0.7000000000000001,-0.7000000000000001,8.333333333333334,8.333333333333334
50,0.8,False,0,4.0,0.6104334915111552,0.0,True,8.33451643150625,13.795038960023941,14.61529272008202,-1.7347585086931692,-1.8799999999999994,0.0,0.0,8.333333333333334,8.333333333333334,13.88888888888889,39.28053979144157,38.888888888888886,0.39217723194066956,-2.220446049250313e-16,-0.8,-0.8,8.333333333333334,8.333333333333334
50,0.9,False,0,4.0,0.5594348096985003,0.0,True,8.34009131608651,13.203751562865005,14.620801834276062,-1.5443699794727201,-1.8900000000000028,0.0,0.0,8.333333333333334,8.333333333333334,13.88888888888889,40.17330253912954,40.0,1.0279525825953209,-0.02000000000000024,-0.9,-0.9,8.333333333333334,8.333333333333334
50,1.0,False,0,4.0,0.5514288657045373,0.0,True,8.335753611447814,13.665320176366958,14.58752004528868,-1.7876087150005582,-1.7999999999999998,0.0,0.0,8.333333333333334,8.333333333333334,13.88888888888889,41.75933999095494,41.1111111111111,-0.13939974118979914,0.0,-1.0,-1.0,8.333333333333334,8.333333333333334
50,1.1,False,0,4.0,0.5392190514517052,0.0,True,8.359785881762319,13.627103169775022,14.53152942785631,-1.3558761053334238,-1.8799999999999981,0.0,0.0,8.333333333333334,8.333333333333334,13.88888888888889,41.125328488156676,41.666666666666664,-0.792050233564479,-0.0499999999999996,-1.1,-1.1,8.333333333333334,8.333333333333334
50,1.2000000000000002,False,0,4.0,0.47998651302769196,0.0,True,8.408233636588886,12.673402509740878,14.815698078689575,-1.650455318714201,-1.7999999999999998,0.0,0.0,8.333333333333334,8.333333333333334,13.88888888888889,42.60796130580184,42.22222222222223,-0.3417660397071747,-0.07999999999999963,-1.2000000000000002,-1.2000000000000002,8.333333333333334,8.333333333333334
50,1.3,False,0,4.0,0.5794656788776371,0.0,True,8.344403354253396,13.592806791937061,14.607795705924655,-0.8582404069741356,-1.8899999999999997,0.0,0.0,8.333333333333334,8.333333333333334,13.88888888888889,43.01630040457431,42.77777777777777,-0.12929155098499745,-0.09000000000000008,-1.3,-1.3,8.333333333333334,8.333333333333334
50,1.4000000000000001,False,0,4.0,0.5075412375623587,0.0,True,8.350683499243676,13.342802742702798,14.704679569654655,-1.4466866232696614,-1.8999999999999986,0.0,0.0,8.333333333333334,8.333333333333334,13.88888888888889,42.34446937169972,43.33333333333333,0.41378779813085176,-0.08000000000000007,-1.4000000000000001,-1.4000000000000001,8.333333333333334,8.333333333333334
50,1.5,False,0,4.0,0.5516064977200681,0.0,True,8.335268125587865,13.62014702589654,14.483173816599543,-1.2048268924094292,-1.7999999999999998,0.0,0.0,8.333333333333334,8.333333333333334,13.88888888888889,43.27965087677918,43.888888888888886,-0.286872623757338,-0.04999999999999982,-1.5,-1.5,8.333333333333334,8.333333333333334
50,1.6,False,0,4.0,0.5760364410074845,0.0,True,8.354201293437807,13.597668349243275,14.656755669695865,-1.6555629113765058,-1.879999999999999,0.0,0.0,8.333333333333334,8.333333333333334,13.88888888888889,43.230932080045434,43.888888888888886,0.9076741926083671,-0.1599999999999997,-1.6,-1.6,8.333333333333334,8.333333333333334
50,1.7000000000000002,False,0,4.0,0.5040495385504682,0.0,True,8.35735890279047,13.496338042491583,14.497888331125164,-1.3849823928449627,-1.8300000000000005,0.0,0.0,8.333333333333334,8.333333333333334,13.88888888888889,43.54389015526289,44.444444444444436,0.9168524004711158,-0.09999999999999964,-1.7000000000000002,-1.7000000000000002,8.333333333333334,8.333333333333334
51,0.0,False,0,4.0,0.0,0.0,False,13.88888888888889,-3.029001517960853,-4.044444444444781,1.892145381024136,1.6,0.0,0.0,8.333333333333334,8.333333333333334,,,,,,,,,
51,0.1,False,0,3.300000000000032,1.0,1.0,True,10.82388888888889,-3.796075247397499,-4.23561111111083,0.9063498380520549,0.5000000000000022,-0.1,-0.1,8.333333333333334,8.333333333333334,10.82388888888889,9.465946331000492,8.337444444444241,-0.41509623234326387,-0.00999999999999579,-0.1,-0.1,8.333333333333334,8.333333333333334
51,0.2,False,0,4.0,0.7357000404324755,0.0,True,8.387336466324317,13.280401848094197,14.39404702493395,-1.6554948262140101,-1.0999999999999934,-0.2,-0.2,8.333333333333334,8.333333333333334,9.512432770189301,15.158531212190137,16.827342548216944,0.10928493194480904,-0.019999999999997353,-0.2,-0.2,8.333333333333334,8.333333333333334
51,0.30000000000000004,False,0,4.0,0.6014506588459856,0.0,True,8.383444547987077,13.250275388948818,14.567499673603532,-1.5414567590324508,-1.8899999999999975,0.0,0.0,8.333333333333334,8.333333333333334,11.719277176073128,22.61713190403672,22.637309695695077,0.21041113788294208,-0.020000000000001572,-0.30000000000000004,-0.30000000000000004,8.333333333333334,8.333333333333334
51,0.4,False,0,4.0,0.4956141840867406,0.0,True,8.337603938004968,13.658376521646016,14.462241701287166,-1.216907828793397,-1.880000000000006,0.0,0.0,8.333333333333334,8.333333333333334,13.88888888888889,29.080017149890413,28.777777777777818,1.0970114839035312,-6.661338147750939e-16,-0.4,-0.4,8.333333333333334,8.333333333333334
51,0.5,False,0,4.0,0.5312205029902328,0.0,True,8.337474106084748,13.834314075281991,14.289513149965455,-1.7416798800960906,-1.85,0.0,0.0,8.333333333333334,8.333333333333334,13.88888888888889,32.75569359468981,33.22222222222225,-0.050629020119945745,0.0,-0.5,-0.5,8.333333333333334,8.333333333333334
51,0.6000000000000001,False,0,4.0,0.511621610349994,0.0,True,8.336235579686772,13.892390513458519,14.44665805561429,-1.4652477153757881,-1.8599999999999959,0.0,0.0,8.333333333333334,8.333333333333334,13.88888888888889,36.19840228475119,36.00000000000002,-0.29984902170964567,-0.019999999999999574,-0.6000000000000001,-0.6000000000000001,8.333333333333334,8.333333333333334
51,0.7000000000000001,False,0,4.0,0.5634904081154787,0.0,True,8.372429171546193,13.381964961947215,14.78178458305818,-0.7131062754300217,-1.899999999999999,0.0,0.0,8.333333333333334,8.333333333333334,13.88888888888889,38.06027783421511,38.22222222222222,-0.36891183086326707,-0.009999999999999343,-0.7000000000000001,-0.7000000000000001,8.333333333333334,8.333333333333334
51,0.8,False,0,4.0,0.5724945617742307,0.0,True,8.376648721940022,13.431643125659274,14.550608406550179,-1.6876524783793418,-1.8799999999999994,0.0,0.0,8.333333333333334,8.333333333333334,13.88888888888889,39.756745171259126,39.888888888888886,-0.5099723813234265,-2.220446049250313e-16,-0.8,-0.8,8.333333333333334,8.333333333333334
51,0.9,False,0,4.0,0.5414978139505211,0.0,True,8.367453797607304,13.509370312114225,14.460122860820388,-1.812788844515159,-1.8900000000000028,0.0,0.0,8.333333333333334,8.333333333333334,13.88888888888889,41.124164799105145,41.0,-0.1100513257122222,-0.02000000000000024,-0.9,-0.9,8.333333333333334,8.333333333333334
51,1.0,False,0,4.0,0.5012140154217214,0.0,True,8.335363650086382,13.584945796206409,14.66342486904939,-1.723526494302892,-1.7999999999999998,0.0,0.0,8.333333333333334,8.333333333333334,13.88888888888889,42.54001626779079,42.1111111111111,0.8772027100783992,0.0,-1.0,-1.0,8.333333333333334,8.333333333333334
51,1.1,False,0,4.0,0.4996597806082192,0.0,True,8.339297365998895,13.845461135883095,14.55417112217263,-0.9330796344606841,-1.8799999999999981,0.0,0.0,8.333333333333334,8.333333333333334,13.88888888888889,42.324751913688495,42.666666666666664,0.3732535832043431,-0.0499999999999996,-1.1,-1.1,8.333333333333334,8.333333333333334
51,1.2000000000000002,False,0,4.0,0.5964308632699146,0.0,True,8.359111302920713,13.685276087214088,14.75267836900387,-1.0537254670585923,-1.7999999999999998,0.0,0.0,8.333333333333334,8.333333333333334,13.88888888888889,43.67585870687556,43.22222222222223,-0.7015603592610664,-0.07999999999999963,-1.2000000000000002,-1.2000000000000002,8.333333333333334,8.333333333333334
51,1.3,False,0,4.0,0.5196613609581711,0.0,True,8.40324242331968,13.22400750822403,14.255358000597294,-1.1354145226766739,-1.8899999999999997,0.0,0.0,8.333333333333334,8.333333333333334,13.88888888888889,43.48334622367136,43.77777777777777,-1.245885168053768,-0.09000000000000008,-1.3,-1.3,8.333333333333334,8.333333333333334
51,1.4000000000000001,False,0,4.0,0.6733423957785912,0.0,True,8.368354918083858,13.628772182608781,14.631372928227545,-1.6149737812816554,-1.8999999999999986,0.0,0.0,8.333333333333334,8.333333333333334,13.88888888888889,44.351000245538216,44.33333333333333,0.04541845286794177,-0.08000000000000007,-1.4000000000000001,-1.4000000000000001,8.333333333333334,8.333333333333334
51,1.5,False,0,4.0,0.6243348874763309,0.0,True,8.368012928448744,13.391585661908959,14.555709430620606,-1.7738282873944127,-1.7999999999999998,0.0,0.0,8.333333333333334,8.333333333333334,13.88888888888889,44.9712867025894,44.88888888888889,-0.6566829344799485,-0.04999999999999982,-1.5,-1.5,8.333333333333334,8.333333333333334
51,1.6,False,0,4.0,0.5460365785995271,0.0,True,8.339563560833392,13.68243362377039,14.583716032211878,-0.8170198793655243,-1.879999999999999,0.0,0.0,8.333333333333334,8.333333333333334,13.88888888888889,44.96052801263381,44.88888888888889,0.21754944008292654,-0.1599999999999997,-1.6,-1.6,8.333333333333334,8.333333333333334
51,1.7000000000000002,False,0,4.0,0.6907281867775681,0.0,True,8.362203495074404,13.450367568097942,14.550873682540537,-0.8995717058151855,-1.8300000000000005,0.0,0.0,8.333333333333334,8.333333333333334,13.88888888888889,45.82334533770827,45.444444444444436,0.011614618686005107,-0.09999999999999964,-1.7000000000000002,-1.7000000000000002,8.333333333333334,8.333333333333334
52,0.0,False,0,4.0,0.0,0.0,False,13.88888888888889,-3.9680787362313934,-4.11111111111079,1.901073437396128,1.6,0.0,0.0,8.333333333333334,8.333333333333334,,,,,,,,,
52,0.1,False,0,4.0,1.0,0.0,True,8.729888888888885,6.234385637385526,5.979538888889022,0.76078135478445,0.6800000000000019,-0.1,-0.1,8.333333333333334,8.333333333333334,6.560831581562948,15.448511483530506,15.298935943915392,0.2074334297694853,-0.00999999999999579,-0.1,-0.1,8.333333333333334,8.333333333333334
52,0.2,False,0,4.0,0.6038420619577934,0.0,True,8.357057707684696,13.35759131919188,14.676608660774274,-0.6622750954199745,-1.4399999999999924,-0.2,-0.2,8.333333333333334,8.333333333333334,9.648839400317478,17.857430305482875,17.204088331945936,-0.7887681816039636,-0.019999999999997353,-0.2,-0.2,8.333333333333334,8.333333333333334
52,0.30000000000000004,False,0,4.0,0.4409425200711541,0.0,True,8.384282058754751,13.451487948319038,14.62727908169698,-1.8145680346266253,-1.8899999999999975,0.0,0.0,8.333333333333334,8.333333333333334,11.944752297552602,23.693395925988465,23.390794396140148,0.4124811216558153,-0.020000000000001572,-0.30000000000000004,-0.30000000000000004,8.333333333333334,8.333333333333334
52,0.4,False,0,4.0,0.4994418474695521,0.0,True,8.342032410213047,13.647775533667453,14.707531453834843,-1.089231436300532,-1.880000000000006,0.0,0.0,8.333333333333334,8.333333333333334,13.88888888888889,29.27813411089547,29.777777777777818,-0.05438224846479711,-6.661338147750939e-16,-0.4,-0.4,8.333333333333334,8.333333333333334
52,0.5,False,0,4.0,0.5894601892010641,0.0,True,8.367599944421007,12.734985323088846,14.49324599889881,-1.395165766918705,-1.85,0.0,0.0,8.333333333333334,8.333333333333334,13.88888888888889,33.956476354159044,34.22222222222225,0.0873738502338055,0.0,-0.5,-0.5,8.333333333333334,8.333333333333334
52,0.6000000000000001,False,0,4.0,0.5460378103029934,0.0,True,8.345706726287087,13.812945497379854,14.588601565375722,-1.3153416212626956,-1.8599999999999959,0.0,0.0,8.333333333333334,8.333333333333334,13.88888888888889,36.845517355022245,37.00000000000002,0.19419133954739154,-0.019999999999999574,-0.6000000000000001,-0.6000000000000001,8.333333333333334,8.333333333333334
52,0.7000000000000001,False,0,4.0,0.406741701897266,0.0,True,8.350643988143991,13.713900109058823,14.639675741256337,-1.3414021939202219,-1.899999999999999,0.0,0.0,8.333333333333334,8.333333333333334,13.88888888888889,38.78156381190097,39.22222222222222,-0.2382685050622806,-0.009999999999999343,-0.7000000000000001,-0.7000000000000001,8.333333333333334,8.333333333333334
52,0.8,False,0,4.0,0.5741154931919705,0.0,True,8.380473489181346,13.473590906816707,14.462488956040215,-1.513512031865646,-1.8799999999999994,0.0,0.0,8.333333333333334,8.333333333333334,13.88888888888889,40.90239445029002,40.888888888888886,0.5211019770608698,-2.220446049250313e-16,-0.8,-0.8,8.333333333333334,8.333333333333334
52,0.9,False,0,4.0,0.5582352976355598,0.0,True,8.346728090727888,13.26865914309887,14.594466829149422,-1.88577716400405,-1.8900000000000028,0.0,0.0,8.333333333333334,8.333333333333334,13.88888888888889,42.766769588458615,42.0,-0.594838953395165,-0.02000000000000024,-0.9,-0.9,8.333333333333334,8.333333333333334
52,1.0,False,0,4.0,0.6032502326757088,0.0,True,8.347357357408175,13.669384104853275,14.652684648552462,-1.5694470054588963,-1.7999999999999998,0.0,0.0,8.333333333333334,8.333333333333334,13.88888888888889,43.527598279573084,43.1111111111111,1.0656172393924854,0.0,-1.0,-1.0,8.333333333333334,8.333333333333334
52,1.1,False,0,4.0,0.6299422756419326,0.0,True,8.407635056717842,13.249280709706635,14.371122851267796,-1.8846494396833726,-1.8799999999999981,0.0,0.0,8.333333333333334,8.333333333333334,13.88888888888889,43.811626404079156,43.666666666666664,-0.03847722682144572,-0.0499999999999996,-1.1,-1.1,8.333333333333334,8.333333333333334
52,1.2000000000000002,False,0,4.0,0.5797300539326282,0.0,True,8.338403698823843,13.145131068421346,14.434796073508277,-1.6812055107227837,-1.7999999999999998,0.0,0.0,8.333333333333334,8.333333333333334,13.88888888888889,44.03813660746489,44.22222222222223,-0.6689719004963006,-0.07999999999999963,-1.2000000000000002,-1.2000000000000002,8.333333333333334,8.333333333333334
52,1.3,False,0,4.0,0.5231818385580893,0.0,True,8.385177329648693,13.321529705570992,14.3983498994351,-1.8762348037854895,-1.8899999999999997,0.0,0.0,8.333333333333334,8.333333333333334,13.88888888888889,44.82950790893041,44.77777777777777,1.043290370935027,-0.09000000000000008,-1.3,-1.3,8.333333333333334,8.333333333333334
52,1.4000000000000001,False,0,4.0,0.5216044046032927,0.0,True,8.445055495502299,12.798349447211262,14.597157444561827,-1.070222120706904,-1.8999999999999986,0.0,0.0,8.333333333333334,8.333333333333334,13.88888888888889,44.98565353265363,45.33333333333333,0.8502851676218866,-0.08000000000000007,-1.4000000000000001,-1.4000000000000001,8.333333333333334,8.333333333333334
52,1.5,False,0,4.0,0.7587336487010121,0.0,True,8.347403078780486,13.579180366866193,14.49948419127254,-1.5822323155006204,-1.7999999999999998,0.0,0.0,8.333333333333334,8.333333333333334,13.88888888888889,46.228135279228205,45.88888888888889,-0.20136250498829078,-0.04999999999999982,-1.5,-1.5,8.333333333333334,8.333333333333334
52,1.6,False,0,4.0,0.5680756059541355,0.0,True,8.334431172586585,13.928999284108226,14.443992040981879,-1.2767211801172635,-1.879999999999999,0.0,0.0,8.333333333333334,8.333333333333334,13.88888888888889,46.029757341375095,45.88888888888889,0.27252358348449324,-0.1599999999999997,-1.6,-1.6,8.333333333333334,8.333333333333334
52,1.7000000000000002,False,0,4.0,0.45133989638476285,0.0,True,8.333833111626687,13.932248821634555,14.576907887391837,-1.2020579837500782,-1.8300000000000005,0.0,0.0,8.333333333333334,8.333333333333334,13.88888888888889,45.81856213681531,46.444444444444436,-0.6625718793830306,-0.09999999999999964,-1.7000000000000002,-1.7000000000000002,8.333333333333334,8.333333333333334
53,0.0,False,0,4.0,0.0,0.0,False,13.88888888888889,-3.555164484805135,-4.222222222221876,1.29467740112228,1.6,0.0,0.0,8.333333333333334,8.333333333333334,,,,,,,,,
53,0.1,False,0,4.0,1.0,0.0,True,8.729888888888885,2.7181046083274056,3.099916666666883,1.2747074194334522,0.550000000000002,-0.1,-0.1,8.333333333333334,8.333333333333334,5.272778076398708,12.165244441903678,10.862626657008303,-0.8550726449173935,-0.00999999999999579,-0.1,-0.1,8.333333333333334,8.333333333333334
53,0.2,False,0,4.0,0.6369465981570976,0.0,True,8.336773526432063,13.824092870119397,14.552942585172541,-0.8884622872946955,-1.1599999999999935,-0.2,-0.2,8.333333333333334,8.333333333333334,9.832984006799519,17.113509174510607,17.41928447229358,-0.1357660090287902,-0.019999999999997353,-0.2,-0.2,8.333333333333334,8.333333333333334
53,0.30000000000000004,False,0,4.0,0.6456199828719488,0.0,True,8.340249933699097,13.601235183786923,14.558650654250965,-1.8155995503551674,-1.8899999999999975,0.0,0.0,8.333333333333334,8.333333333333334,12.133209057407033,22.629184515565395,23.891802062197808,0.674556881508376,-0.020000000000001572,-0.30000000000000004,-0.30000000000000004,8.333333333333334,8.333333333333334
53,0.4,False,0,4.0,0.5196089352036108,0.0,True,8.350083384051171,13.800837921971219,14.515866846156069,-1.689251831336968,-1.880000000000006,0.0,0.0,8.333333333333334,8.333333333333334,13.88888888888889,31.593426898977572,30.777777777777818,0.44712261187717184,-6.661338147750939e-16,-0.4,-0.4,8.333333333333334,8.333333333333334
53,0.5,False,0,4.0,0.5882622631216643,0.0,True,8.337102209793066,13.849386146103864,14.792735567571935,-1.1093886333713794,-1.85,0.0,0.0,8.333333333333334,8.333333333333334,13.88888888888889,34.85872242765195,35.22222222222225,0.7909833727124203,0.0,-0.5,-0.5,8.333333333333334,8.333333333333334
53,0.6000000000000001,False,0,4.0,0.5901685736585918,0.0,True,8.361292026597907,13.352811839561905,14.613192837295127,-1.8314236344649402,-1.8599999999999959,0.0,0.0,8.333333333333334,8.333333333333334,13.88888888888889,37.78355393711073,38.00000000000002,0.028139782473882047,-0.019999999999999574,-0.6000000000000001,-0.6000000000000001,8.333333333333334,8.333333333333334
53,0.7000000000000001,False,0,4.0,0.5586127577740194,0.0,True,8.359504745451904,13.202354556949967,14.446772939861216,-1.5287549596554297,-1.899999999999999,0.0,0.0,8.333333333333334,8.333333333333334,13.88888888888889,40.94829094834238,40.22222222222222,0.1960141376133766,-0.009999999999999343,-0.7000000000000001,-0.7000000000000001,8.333333333333334,8.333333333333334
53,0.8,False,0,4.0,0.6558616638035567,0.0,True,8.342788117457525,13.727046865625578,14.50372325492351,-1.7999382489930813,-1.8799999999999994,0.0,0.0,8.333333333333334,8.333333333333334,13.88888888888889,41.95270181868371,41.888888888888886,1.3745016889532464,-2.220446049250313e-16,-0.8,-0.8,8.333333333333334,8.333333333333334
53,0.9,False,0,4.0,0.5109430271105817,0.0,True,8.356249167077975,13.342045164437092,14.638442743161317,-1.5778496077656394,-1.8900000000000028,0.0,0.0,8.333333333333334,8.333333333333334,13.88888888888889,43.40183158573004,43.0,-0.4378088961174651,-0.02000000000000024,-0.9,-0.9,8.333333333333334,8.333333333333334
53,1.0,False,0,4.0,0.4551574910905965,0.0,True,8.351538748326513,13.736715173375568,14.560325021014659,-0.9380944970294465,-1.7999999999999998,0.0,0.0,8.333333333333334,8.333333333333334,13.88888888888889,43.82654895037122,44.1111111111111,-1.1393791807224927,0.0,-1.0,-1.0,8.333333333333334,8.333333333333334
53,1.1,False,0,4.0,0.5193250506635175,0.0,True,8.335654921619254,13.939031675930163,14.537350580317149,-0.35069958909674237,-1.8799999999999981,0.0,0.0,8.333333333333334,8.333333333333334,13.88888888888889,43.592789563979544,44.666666666666664,0.04719356298344213,-0.0499999999999996,-1.1,-1.1,8.333333333333334,8.333333333333334
53,1.2000000000000002,False,0,4.0,0.6268813286851522,0.0,True,8.345925522656128,13.295303141737815,14.413404853134733,-1.3909092665408795,-1.7999999999999998,0.0,0.0,8.333333333333334,8.333333333333334,13.88888888888889,45.464889751975775,45.22222222222223,-0.6713243418886747,-0.07999999999999963,-1.2000000000000002,-1.2000000000000002,8.333333333333334,8.333333333333334
53,1.3,False,0,4.0,0.5245505056889379,0.0,True,8.39721566156606,12.668601116256081,14.524276646552362,-1.788837084370226,-1.8899999999999997,0.0,0.0,8.333333333333334,8.333333333333334,13.88888888888889,46.235616450260835,45.77777777777777,-0.5226469680669181,-0.09000000000000008,-1.3,-1.3,8.333333333333334,8.333333333333334
53,1.4000000000000001,False,0,4.0,0.5104043226965823,0.0,True,8.338178803564274,13.755423707389877,14.503031044554103,-0.8467101009034217,-1.8999999999999986,0.0,0.0,8.333333333333334,8.333333333333334,13.88888888888889,47.39992317316728,46.33333333333333,-1.6213385324664742,-0.08000000000000007,-1.4000000000000001,-1.4000000000000001,8.333333333333334,8.333333333333334
53,1.5,False,0,4.0,0.49928634721684856,0.0,True,8.361017745865846,13.514964353828173,14.518394625030606,-1.3599846313819275,-1.7999999999999998,0.0,0.0,8.333333333333334,8.333333333333334,13.88888888888889,46.55179568580943,46.88888888888889,-0.619144513827057,-0.04999999999999982,-1.5,-1.5,8.333333333333334,8.333333333333334
53,1.6,False,0,4.0,0.5826615951409401,0.0,True,8.363208330241882,13.51769295133668,14.565412658512695,-1.835376956801411,-1.879999999999999,0.0,0.0,8.333333333333334,8.333333333333334,13.88888888888889,46.4944214901576,46.88888888888889,0.5741561680164979,-0.1599999999999997,-1.6,-1.6,8.333333333333334,8.333333333333334
53,1.7000000000000002,False,0,4.0,0.4653632156766033,0.0,True,8.33805261936061,13.687386535330983,14.461499681389522,-1.110230936229836,-1.8300000000000005,0.0,0.0,8.333333333333334,8.333333333333334,13.88888888888889,47.32518132560477,47.444444444444436,-0.2213700707938675,-0.09999999999999964,-1.7000000000000002,-1.7000000000000002,8.333333333333334,8.333333333333334
54,0.0,False,0,4.0,0.0,0.0,False,13.88888888888889,-3.902659613671619,-4.266666666667038,1.3556110102737327,1.6,0.0,0.0,8.333333333333334,8.333333333333334,,,,,,,,,
54,0.1,False,0,4.0,1.0,1.0,True,12.623888888888889,-3.1664436931788087,-4.128844444444229,0.560312038634879,0.5300000000000025,-0.1,-0.1,8.333333333333334,8.333333333333334,12.623888888888889,18.80726785683704,18.697844444444637,-0.01720245964971978,-0.00999999999999579,-0.1,-0.1,8.333333333333334,8.333333333333334
54,0.2,False,0,4.0,0.6406099421500281,0.0,True,8.335728185651279,12.978360971337917,14.598143505361815,-1.173380589137286,-1.3199999999999927,-0.2,-0.2,8.333333333333334,8.333333333333334,9.841181127966872,18.469467103115772,17.664772599776693,-0.6267078911370412,-0.019999999999997353,-0.2,-0.2,8.333333333333334,8.333333333333334
54,0.30000000000000004,False,0,4.0,0.5743919891912814,0.0,True,8.343244880023256,13.84530536100338,14.521929871781634,-0.4665775092735227,-1.8899999999999975,0.0,0.0,8.333333333333334,8.333333333333334,12.449566557606142,24.48347086408449,24.66546446361333,0.660054418855101,-0.020000000000001572,-0.30000000000000004,-0.30000000000000004,8.333333333333334,8.333333333333334
54,0.4,False,0,4.0,0.60130471818547,0.0,True,8.355425841106898,13.637358770666577,14.489440890976805,-1.7236256958451963,-1.880000000000006,0.0,0.0,8.333333333333334,8.333333333333334,13.88888888888889,32.10612373941624,31.777777777777818,-1.5940047355514413,-6.661338147750939e-16,-0.4,-0.4,8.333333333333334,8.333333333333334
54,0.5,False,0,4.0,0.5732579383391355,0.0,True,8.343324099811994,13.694785642619916,14.722317906681138,-0.8314376922244466,-1.85,0.0,0.0,8.333333333333334,8.333333333333334,13.88888888888889,36.332224539202265,36.22222222222225,0.29955262637054103,0.0,-0.5,-0.5,8.333333333333334,8.333333333333334
54,0.6000000000000001,False,0,4.0,0.46614857377304153,0.0,True,8.389974331845783,13.061653409552871,14.575916338993817,-1.3268072097297041,-1.8599999999999959,0.0,0.0,8.333333333333334,8.333333333333334,13.88888888888889,39.2239185135054,39.00000000000002,-0.29266067617517466,-0.019999999999999574,-0.6000000000000001,-0.6000000000000001,8.333333333333334,8.333333333333334
54,0.7000000000000001,False,0,4.0,0.6158396192810784,0.0,True,8.385136004661517,13.317215235540186,14.46801740440618,-0.8495677892144362,-1.899999999999999,0.0,0.0,8.333333333333334,8.333333333333334,13.88888888888889,41.04014838580276,41.22222222222222,1.7126052696946887,-0.009999999999999343,-0.7000000000000001,-0.7000000000000001,8.333333333333334,8.333333333333334
54,0.8,False,0,4.0,0.5877957593835214,0.0,True,8.334794977268404,13.948350620469295,14.460900747188514,-1.5449394733463961,-1.8799999999999994,0.0,0.0,8.333333333333334,8.333333333333334,13.88888888888889,43.07490670716142,42.888888888888886,0.32410411957401486,-2.220446049250313e-16,-0.8,-0.8,8.333333333333334,8.333333333333334
54,0.9,False,0,4.0,0.5106462508066031,0.0,True,8.337437171377557,13.28061688405155,14.716085273475908,-1.4628854494102776,-1.8900000000000028,0.0,0.0,8.333333333333334,8.333333333333334,13.88888888888889,43.96358112728201,44.0,0.5967681194178613,-0.02000000000000024,-0.9,-0.9,8.333333333333334,8.333333333333334
54,1.0,False,0,4.0,0.5133187172239497,0.0,True,8.342474249888735,13.553318392162407,14.758031490268973,-1.8244354291784028,-1.7999999999999998,0.0,0.0,8.333333333333334,8.333333333333334,13.88888888888889,44.85428698172244,45.1111111111111,0.17174884469619967,0.0,-1.0,-1.0,8.333333333333334,8.333333333333334
54,1.1,False,0,4.0,0.6223874776049311,0.0,True,8.342757643344434,13.557394859826626,14.595719499834939,-1.5378972031883742,-1.8799999999999981,0.0,0.0,8.333333333333334,8.333333333333334,13.88888888888889,45.608833841510254,45.666666666666664,0.5096226216712956,-0.0499999999999996,-1.1,-1.1,8.333333333333334,8.333333333333334
54,1.2000000000000002,False,0,4.0,0.4963882969562787,0.0,True,8.368558488772363,13.582117349734698,14.577206719443108,-1.6431702164823634,-1.7999999999999998,0.0,0.0,8.333333333333334,8.333333333333334,13.88888888888889,46.645648617945554,46.22222222222223,-0.9085766605383873,-0.07999999999999963,-1.2000000000000002,-1.2000000000000002,8.333333333333334,8.333333333333334
54,1.3,False,0,4.0,0.6553990831050088,0.0,True,8.36118560082712,12.939845914584065,14.568163869215947,-1.080684150526856,-1.8899999999999997,0.0,0.0,8.333333333333334,8.333333333333334,13.88888888888889,46.89541500293694,46.77777777777777,-0.5101747598770874,-0.09000000000000008,-1.3,-1.3,8.333333333333334,8.333333333333334
54,1.4000000000000001,False,0,4.0,0.525300747811646,0.0,True,8.334108740469903,13.871375168409553,14.42794181896046,-1.5759679100980635,-1.8999999999999986,0.0,0.0,8.333333333333334,8.333333333333334,13.88888888888889,48.13916808007862,47.33333333333333,1.0015821757534384,-0.08000000000000007,-1.4000000000000001,-1.4000000000000001,8.333333333333334,8.333333333333334
54,1.5,False,0,4.0,0.47860150896629194,0.0,True,8.363471522771903,13.153252037395003,14.483110322725718,-1.7592845974916573,-1.7999999999999998,0.0,0.0,8.333333333333334,8.333333333333334,13.88888888888889,48.429971361204004,47.88888888888889,-0.4309636274719044,-0.04999999999999982,-1.5,-1.5,8.333333333333334,8.333333333333334
54,1.6,False,0,4.0,0.6581408465471864,0.0,True,8.362419053313133,13.67159591544505,14.366268281753644,-0.6109849402827943,-1.879999999999999,0.0,0.0,8.333333333333334,8.333333333333334,13.88888888888889,48.3662066929848,47.88888888888889,-0.3214705353582916,-0.1599999999999997,-1.6,-1.6,8.333333333333334,8.333333333333334
54,1.7000000000000002,False,0,4.0,0.5005604317759875,0.0,True,8.376744412801697,13.24385459685423,14.639166866989182,-1.7725219077649181,-1.8300000000000005,0.0,0.0,8.333333333333334,8.333333333333334,13.88888888888889,48.63472821598649,48.444444444444436,-0.1938485120362674,-0.09999999999999964,-1.7000000000000002,-1.7000000000000002,8.333333333333334,8.333333333333334
55,0.0,False,0,4.0,0.0,0.0,False,13.88888888888889,-3.2189925702822277,-4.155555555555924,0.9189816891483833,1.6,0.0,0.0,8.333333333333334,8.333333333333334,,,,,,,,,
55,0.1,False,0,4.0,1.0,1.0,True,13.129888888888889,-3.7721441816142827,-4.101849999999746,0.6516836684445297,0.5200000000000022,-0.1,-0.1,8.333333333333334,8.333333333333334,13.129888888888889,22.19608064113167,20.923594444444756,0.4493951852389859,-0.00999999999999579,-0.1,-0.1,8.333333333333334,8.333333333333334
55,0.2,False,0,4.0,0.5439007870227227,0.0,True,8.345379319599289,13.719024303565543,14.573290513550557,-1.6065937719565477,-1.2799999999999927,-0.2,-0.2,8.333333333333334,8.333333333333334,9.89480020745768,17.583640048183465,17.99049758078399,-0.4186423167354847,-0.019999999999997353,-0.2,-0.2,8.333333333333334,8.333333333333334
55,0.30000000000000004,False,0,4.0,0.5051516770449956,0.0,True,8.340491146901863,13.88089434068355,14.637322281619998,-1.6000738157890093,-1.8899999999999975,0.0,0.0,8.333333333333334,8.333333333333334,12.74577336884965,26.894101141250996,25.543210087077693,0.7669143344686402,-0.020000000000001572,-0.30000000000000004,-0.30000000000000004,8.333333333333334,8.333333333333334
55,0.4,False,0,4.0,0.5930849411627386,0.0,True,8.388697381159602,12.701237972042247,14.403028476535393,-1.3080626903107029,-1.880000000000006,0.0,0.0,8.333333333333334,8.333333333333334,13.88888888888889,32.24329804049291,32.77777777777782,0.39900499221793373,-6.661338147750939e-16,-0.4,-0.4,8.333333333333334,8.333333333333334
55,0.5,False,0,4.0,0.5320817417850855,0.0,True,8.347487464322992,13.80663460741722,14.436897217203448,-1.0787703987418178,-1.85,0.0,0.0,8.333333333333334,8.333333333333334,13.88888888888889,37.934639748005104,37.22222222222225,-0.13437472163501574,0.0,-0.5,-0.5,8.333333333333334,8.333333333333334
55,0.6000000000000001,False,0,4.0,0.5745499463509219,0.0,True,8.336972953077183,13.498405898626071,14.495499776357018,-1.8390339324883518,-1.8599999999999959,0.0,0.0,8.333333333333334,8.333333333333334,13.88888888888889,40.07352298597798,40.00000000000002,-0.19739981859290068,-0.019999999999999574,-0.6000000000000001,-0.6000000000000001,8.333333333333334,8.333333333333334
55,0.7000000000000001,False,0,4.0,0.5531171332223035,0.0,True,8.342312027494168,13.799874082945632,14.618053432953882,-1.3424938469765855,-1.899999999999999,0.0,0.0,8.333333333333334,8.333333333333334,13.88888888888889,42.66874649019919,42.22222222222222,-0.08594237005093608,-0.009999999999999343,-0.7000000000000001,-0.7000000000000001,8.333333333333334,8.333333333333334
55,0.8,False,0,4.0,0.5452068515814166,0.0,True,8.34036183248402,13.400924248590297,14.613224420598538,-1.6566602793791145,-1.8799999999999994,0.0,0.0,8.333333333333334,8.333333333333334,13.88888888888889,44.21173644247558,43.888888888888886,0.4369351386068905,-2.220446049250313e-16,-0.8,-0.8,8.333333333333334,8.333333333333334
55,0.9,False,0,4.0,0.5471337955551592,0.0,True,8.373802449609407,13.364247395011102,14.73196212907656,-1.2516592023998085,-1.8900000000000028,0.0,0.0,8.333333333333334,8.333333333333334,13.88888888888889,45.677130854555614,45.0,-0.3687808968544326,-0.02000000000000024,-0.9,-0.9,8.333333333333334,8.333333333333334
55,1.0,False,0,4.0,0.564485794845476,0.0,True,8.346799507225843,13.67731944657795,14.805782249218804,-0.7066716663769395,-1.7999999999999998,0.0,0.0,8.333333333333334,8.333333333333334,13.88888888888889,45.68915916269985,46.1111111111111,0.7412036477995745,0.0,-1.0,-1.0,8.333333333333334,8.333333333333334
55,1.1,False,0,4.0,0.514729213442034,0.0,True,8.363816634200735,12.850021444080436,14.463970225751165,-1.870492988903341,-1.8799999999999981,0.0,0.0,8.333333333333334,8.333333333333334,13.88888888888889,47.5189695744313,46.666666666666664,-0.8895493195195414,-0.0499999999999996,-1.1,-1.1,8.333333333333334,8.333333333333334
55,1.2000000000000002,False,0,4.0,0.5406000412157609,0.0,True,8.33487847797911,13.1196396148306,14.33215441491286,-1.6820488991092102,-1.7999999999999998,0.0,0.0,8.333333333333334,8.333333333333334,13.88888888888889,46.928587578289736,47.22222222222223,-0.21617572788714035,-0.07999999999999963,-1.2000000000000002,-1.2000000000000002,8.333333333333334,8.333333333333334
55,1.3,False,0,4.0,0.46324750661483804,0.0,True,8.341437372662478,13.857658118657167,14.615773691331622,-1.1586565514103748,-1.8899999999999997,0.0,0.0,8.333333333333334,8.333333333333334,13.88888888888889,47.42473108639311,47.77777777777777,0.10433813265476433,-0.09000000000000008,-1.3,-1.3,8.333333333333334,8.333333333333334
55,1.4000000000000001,False,0,4.0,0.7232798636277352,0.0,True,8.361220968372827,13.380816516726536,14.451875871522628,-1.1810271051113777,-1.8999999999999986,0.0,0.0,8.333333333333334,8.333333333333334,13.88888888888889,48.23866819097351,48.33333333333333,-0.034507542596100116,-0.08000000000000007,-1.4000000000000001,-1.4000000000000001,8.333333333333334,8.333333333333334
55,1.5,False,0,4.0,0.556767612241719,0.0,True,8.345874929859997,13.713429541630216,14.639578252262378,-1.1915393551929696,-1.7999999999999998,0.0,0.0,8.333333333333334,8.333333333333334,13.88888888888889,48.997203737433374,48.88888888888889,0.7990960563608316,-0.04999999999999982,-1.5,-1.5,8.333333333333334,8.333333333333334
55,1.6,False,0,4.0,0.5250400330058359,0.0,True,8.396298853371782,13.330952248112208,14.747527969410253,-1.5120820778793636,-1.879999999999999,0.0,0.0,8.333333333333334,8.333333333333334,13.88888888888889,48.71869260220705,48.88888888888889,-0.5064903222351278,-0.1599999999999997,-1.6,-1.6,8.333333333333334,8.333333333333334
55,1.7000000000000002,False,0,4.0,0.5421882460154575,0.0,True,8.371768787777155,12.863220070692915,14.71192317989836,-1.1892398274924252,-1.8300000000000005,0.0,0.0,8.333333333333334,8.333333333333334,13.88888888888889,49.58107562479814,49.444444444444436,-0.5806773543851527,-0.09999999999999964,-1.7000000000000002,-1.7000000000000002,8.333333333333334,8.333333333333334
56,0.0,False,0,4.0,0.0,0.0,False,13.88888888888889,-3.0132117618949676,-4.044444444444809,0.869337091790134,1.6,0.0,0.0,8.333333333333334,8.333333333333334,,,,,,,,,
56,0.1,False,0,3.7000000000000277,1.0,1.0,True,12.623888888888889,-4.096471211620485,-4.122433333333663,-0.1374698721832759,0.49000000000000243,-0.1,-0.1,8.333333333333334,8.333333333333334,11.42388888888889,12.246650301381077,11.450344444444294,0.6118432246784171,-0.00999999999999579,-0.1,-0.1,8.333333333333334,8.333333333333334
56,0.2,False,0,4.0,0.5687086229013797,0.0,True,8.395943943705813,12.743484734322617,14.634415406102544,-1.8515211932571876,-1.479999999999992,-0.2,-0.2,8.333333333333334,8.333333333333334,10.085760640581501,18.53695874291787,18.291670167781017,-0.3869542991739212,-0.019999999999997353,-0.2,-0.2,8.333333333333334,8.333333333333334
56,0.30000000000000004,False,0,4.0,0.5838087858489119,0.0,True,8.375605661698586,13.199963856922135,14.490023221906977,-1.1862952774651208,-1.8899999999999975,0.0,0.0,8.333333333333334,8.333333333333334,13.180680058518352,26.05975305690752,26.168039940535987,-0.8725386238900263,-0.020000000000001572,-0.30000000000000004,-0.30000000000000004,8.333333333333334,8.333333333333334
56,0.4,False,0,4.0,0.5535789390457971,0.0,True,8.369689224290049,13.471106384082798,14.607671686593942,-1.7113788525155376,-1.880000000000006,0.0,0.0,8.333333333333334,8.333333333333334,13.88888888888889,33.378552871847965,33.77777777777782,-0.46998110721952635,-6.661338147750939e-16,-0.4,-0.4,8.333333333333334,8.333333333333334
56,0.5,False,0,4.0,0.5312280025317281,0.0,True,8.340808745062569,13.577843302108402,14.473662198523652,-1.3638788008345015,-1.85,0.0,0.0,8.333333333333334,8.333333333333334,13.88888888888889,38.619263207916596,38.22222222222225,0.28691781762159696,0.0,-0.5,-0.5,8.333333333333334,8.333333333333334
56,0.6000000000000001,False,0,4.0,0.48340236533255515,0.0,True,8.430955144827658,12.907581254431772,14.593041746691522,-1.881364723495627,-1.8599999999999959,0.0,0.0,8.333333333333334,8.333333333333334,13.88888888888889,41.11166646238268,41.00000000000002,-0.3017988913826084,-0.019999999999999574,-0.6000000000000001,-0.6000000000000001,8.333333333333334,8.333333333333334
56,0.7000000000000001,False,0,4.0,0.543646624631191,0.0,True,8.336636002412446,13.928914711644534,14.51596387453436,-1.6140695461445098,-1.899999999999999,0.0,0.0,8.333333333333334,8.333333333333334,13.88888888888889,43.14515148563067,43.22222222222222,0.19727635702769053,-0.009999999999999343,-0.7000000000000001,-0.7000000000000001,8.333333333333334,8.333333333333334
56,0.8,False,0,4.0,0.5758316170405005,0.0,True,8.36164055227829,13.166627134145056,14.786477742219898,-1.5604579332842192,-1.8799999999999994,0.0,0.0,8.333333333333334,8.333333333333334,13.88888888888889,45.12078718442886,44.888888888888886,-0.2599229006261832,-2.220446049250313e-16,-0.8,-0.8,8.333333333333334,8.333333333333334
56,0.9,False,0,4.0,0.5059385211700613,0.0,True,8.3677760788508,12.844731362965046,14.536706632646666,-1.6896203171100888,-1.8900000000000028,0.0,0.0,8.333333333333334,8.333333333333334,13.88888888888889,46.69514009931537,46.0,-0.621338773869994,-0.02000000000000024,-0.9,-0.9,8.333333333333334,8.333333333333334
56,1.0,False,0,4.0,0.5997346406487054,0.0,True,8.409375974976808,13.033285135189356,14.520009660499266,-1.6590593246166085,-1.7999999999999998,0.0,0.0,8.333333333333334,8.333333333333334,13.88888888888889,46.61730444919549,47.1111111111111,0.7516999431112681,0.0,-1.0,-1.0,8.333333333333334,8.333333333333334
56,1.1,False,0,4.0,0.5434267820991299,0.0,True,8.389815307511357,13.39134407965464,14.450108995568325,-1.485347008085045,-1.8799999999999981,0.0,0.0,8.333333333333334,8.333333333333334,13.88888888888889,47.447990283221664,47.666666666666664,0.7065831431062515,-0.0499999999999996,-1.1,-1.1,8.333333333333334,8.333333333333334
56,1.2000000000000002,False,0,4.0,0.504579226102452,0.0,True,8.34703081799644,13.121710386178858,14.450904746170675,-1.1969055674686722,-1.7999999999999998,0.0,0.0,8.333333333333334,8.333333333333334,13.88888888888889,47.91704873920612,48.22222222222223,-0.06448704596970423,-0.07999999999999963,-1.2000000000000002,-1.2000000000000002,8.333333333333334,8.333333333333334
56,1.3,False,0,4.0,0.5663585132616188,0.0,True,8.347346691788497,13.257019158909355,14.614415843173486,-1.3483103549908773,-1.8899999999999997,0.0,0.0,8.333333333333334,8.333333333333334,13.88888888888889,48.45898326148378,48.77777777777777,-0.3565662345179095,-0.09000000000000008,-1.3,-1.3,8.333333333333334,8.333333333333334
56,1.4000000000000001,False,0,4.0,0.45454192656269066,0.0,True,8.363527208385568,13.602376288048003,14.511028515203673,-1.1483418836016326,-1.8999999999999986,0.0,0.0,8.333333333333334,8.333333333333334,13.88888888888889,48.03582330074187,49.33333333333333,-0.03362619909181519,-0.08000000000000007,-1.4000000000000001,-1.4000000000000001,8.333333333333334,8.333333333333334
56,1.5,False,0,4.0,0.6269165487989614,0.0,True,8.345558081038593,13.442362749147957,14.53083226972198,-0.9564462238419206,-1.7999999999999998,0.0,0.0,8.333333333333334,8.333333333333334,13.88888888888889,49.03659081484317,49.88888888888889,0.16729120811203302,-0.04999999999999982,-1.5,-1.5,8.333333333333334,8.333333333333334
56,1.6,False,0,4.0,0.5568580472102636,0.0,True,8.357723851421442,13.551043506472308,14.595597281518831,-1.3114075900753055,-1.879999999999999,0.0,0.0,8.333333333333334,8.333333333333334,13.88888888888889,50.805795943903355,49.88888888888889,-0.22041919621532213,-0.1599999999999997,-1.6,-1.6,8.333333333333334,8.333333333333334
56,1.7000000000000002,False,0,4.0,0.576052668066248,0.0,True,8.336045792511907,13.764672859097299,14.46227104942535,-1.4290208944878948,-1.8300000000000005,0.0,0.0,8.333333333333334,8.333333333333334,13.88888888888889,50.67259313395825,50.444444444444436,-0.1955648578275191,-0.09999999999999964,-1.7000000000000002,-1.7000000000000002,8.333333333333334,8.333333333333334
57,0.0,False,0,4.0,0.0,0.0,False,13.88888888888889,-4.074274183813276,-4.111111111110705,0.5932316466512599,1.6,0.0,0.0,8.333333333333334,8.333333333333334,,,,,,,,,
57,0.1,False,0,3.7000000000000277,1.0,1.0,True,12.623888888888889,-4.201214023547766,-4.145927777777547,1.0966530433545012,0.4700000000000024,-0.1,-0.1,8.333333333333334,8.333333333333334,12.623888888888889,16.25785441230671,16.140594444444627,0.7442858981554306,-0.00999999999999579,-0.1,-0.1,8.333333333333334,8.333333333333334
57,0.2,False,0,4.0,0.7310893778210077,0.0,True,8.365899646761859,13.642513961281235,14.516635908849633,0.215216839568241,-1.2599999999999931,-0.2,-0.2,8.333333333333334,8.333333333333334,10.218230486323314,18.043869615736224,18.29782894639281,-0.35449517552093557,-0.019999999999997353,-0.2,-0.2,8.333333333333334,8.333333333333334
57,0.30000000000000004,False,0,4.0,0.4734264699374797,0.0,True,8.365579396650222,13.656461649615363,14.469748509778906,-1.625230504333813,-1.8899999999999975,0.0,0.0,8.333333333333334,8.333333333333334,13.285802569134527,27.789558881839252,27.147332054128096,-0.23743356418336758,-0.020000000000001572,-0.30000000000000004,-0.30000000000000004,8.333333333333334,8.333333333333334
57,0.4,False,0,4.0,0.578081580022176,0.0,True,8.34610208762914,13.6778066630127,14.287785967942607,-0.9568437542964243,-1.880000000000006,0.0,0.0,8.333333333333334,8.333333333333334,13.88888888888889,34.98926842669916,34.77777777777782,-0.4845180525669752,-6.661338147750939e-16,-0.4,-0.4,8.333333333333334,8.333333333333334
57,0.5,False,0,4.0,0.5835729886834032,0.0,True,8.413374685638905,12.79488396586255,14.327188769806082,-1.6423625089119462,-1.85,0.0,0.0,8.333333333333334,8.333333333333334,13.88888888888889,38.58251040228189,39.22222222222225,0.5229611161310426,0.0,-0.5,-0.5,8.333333333333334,8.333333333333334
57,0.6000000000000001,False,0,4.0,0.5442190212444761,0.0,True,8.344028147994582,13.80813058218909,14.557028835486857,-1.7476348946506752,-1.8599999999999959,0.0,0.0,8.333333333333334,8.333333333333334,13.88888888888889,42.35002107673454,42.00000000000002,-0.5875496904665285,-0.019999999999999574,-0.6000000000000001,-0.6000000000000001,8.333333333333334,8.333333333333334
57,0.7000000000000001,False,0,4.0,0.5132920077994616,0.0,True,8.355891513505567,13.493085694456806,14.45036726063405,-0.8021753788957551,-1.899999999999999,0.0,0.0,8.333333333333334,8.333333333333334,13.88888888888889,43.896096923623695,44.22222222222222,-0.9782507017994695,-0.009999999999999343,-0.7000000000000001,-0.7000000000000001,8.333333333333334,8.333333333333334
57,0.8,False,0,4.0,0.5838687268754267,0.0,True,8.467952360528425,12.650765113379162,14.415743634557014,-1.7907590103668336,-1.8799999999999994,0.0,0.0,8.333333333333334,8.333333333333334,13.88888888888889,45.59511999356123,45.888888888888886,1.0291982096856387,-2.220446049250313e-16,-0.8,-0.8,8.333333333333334,8.333333333333334
57,0.9,False,0,4.0,0.4967262433845426,0.0,True,8.354479949893504,13.707395577433896,14.807695952197871,-1.5430914385106043,-1.8900000000000028,0.0,0.0,8.333333333333334,8.333333333333334,13.88888888888889,47.249258432308295,47.0,-0.7417401506031176,-0.02000000000000024,-0.9,-0.9,8.333333333333334,8.333333333333334
57,1.0,False,0,4.0,0.5294847990969319,0.0,True,8.409300716984177,13.236576774854438,14.380735251031648,-1.8030407715897876,-1.7999999999999998,0.0,0.0,8.333333333333334,8.333333333333334,13.88888888888889,48.31303649979361,48.1111111111111,0.13937631397048023,0.0,-1.0,-1.0,8.333333333333334,8.333333333333334
57,1.1,False,0,4.0,0.5496381536609808,0.0,True,8.347781710680662,13.314484029192823,14.505210797608964,-1.484302487287515,-1.8799999999999981,0.0,0.0,8.333333333333334,8.333333333333334,13.88888888888889,48.6500558494078,48.666666666666664,-0.9653255982335758,-0.0499999999999996,-1.1,-1.1,8.333333333333334,8.333333333333334
57,1.2000000000000002,False,0,4.0,0.5117505967270426,0.0,True,8.362204797125676,13.411492170609176,14.734240694466461,-1.7179916570102214,-1.7999999999999998,0.0,0.0,8.333333333333334,8.333333333333334,13.88888888888889,48.50076018761398,49.22222222222223,-0.43644634000446314,-0.07999999999999963,-1.2000000000000002,-1.2000000000000002,8.333333333333334,8.333333333333334
57,1.3,False,0,4.0,0.5951995614398975,0.0,True,8.367413244299724,13.08740893811888,14.770158470228733,-1.7739625671323327,-1.8899999999999997,0.0,0.0,8.333333333333334,8.333333333333334,13.88888888888889,49.18029042875041,49.77777777777777,0.5532504697855121,-0.09000000000000008,-1.3,-1.3,8.333333333333334,8.333333333333334
57,1.4000000000000001,False,0,4.0,0.5541539921978985,0.0,True,8.349701799305478,13.763501377593979,14.51129253387806,-0.8239266440131892,-1.8999999999999986,0.0,0.0,8.333333333333334,8.333333333333334,13.88888888888889,49.28171525913879,50.33333333333333,0.4637038264540041,-0.08000000000000007,-1.4000000000000001,-1.4000000000000001,8.333333333333334,8.333333333333334
57,1.5,False,0,4.0,0.497422656123998,0.0,True,8.379845389871972,13.45035022219444,14.491317115747034,-1.4190735924370055,-1.7999999999999998,0.0,0.0,8.333333333333334,8.333333333333334,13.88888888888889,50.794560500071576,50.88888888888889,-0.1589974389484201,-0.04999999999999982,-1.5,-1.5,8.333333333333334,8.333333333333334
57,1.6,False,0,4.0,0.49148234605785984,0.0,True,8.38093627487327,13.431218666343465,14.481078551855557,-1.4868771930885913,-1.879999999999999,0.0,0.0,8.333333333333334,8.333333333333334,13.88888888888889,51.444165509516814,50.88888888888889,-0.8205745868002774,-0.1599999999999997,-1.6,-1.6,8.333333333333334,8.333333333333334
57,1.7000000000000002,False,0,4.0,0.48632550326815366,0.0,True,8.33943003735967,13.793404478808906,14.503008794140936,-1.7046474333812154,-1.8300000000000005,0.0,0.0,8.333333333333334,8.333333333333334,13.88888888888889,51.41911129861163,51.444444444444436,0.1867217229031466,-0.09999999999999964,-1.7000000000000002,-1.7000000000000002,8.333333333333334,8.333333333333334
58,0.0,False,0,4.0,0.0,0.0,False,13.88888888888889,-2.8364382910013317,-4.222222222221819,2.1128729012679863,1.6,0.0,0.0,8.333333333333334,8.333333333333334,,,,,,,,,
58,0.1,False,0,4.0,1.0,1.0,True,8.603388888888889,1.5183735897732733,1.777838888889204,0.9994376998936834,0.5000000000000022,-0.1,-0.1,8.333333333333334,8.333333333333334,4.900451615176688,13.011833849967484,12.452511539245716,0.048756984981312534,-0.00999999999999579,-0.1,-0.1,8.333333333333334,8.333333333333334
58,0.2,False,0,4.0,0.6214164891244627,0.0,True,8.397915468980397,13.300459604925503,14.684805367985899,-1.7389282506707935,-1.3399999999999928,-0.2,-0.2,8.333333333333334,8.333333333333334,10.247854836899949,19.12842495392979,19.03857044494944,-0.26370876910603913,-0.019999999999997353,-0.2,-0.2,8.333333333333334,8.333333333333334
58,0.30000000000000004,False,0,4.0,0.5010595289099302,0.0,True,8.358442820009694,13.326795230909266,14.432328772200986,-1.4144659920054699,-1.8899999999999975,0.0,0.0,8.333333333333334,8.333333333333334,13.60277881004967,27.87672458152913,28.041261007883957,-0.42368549022767965,-0.020000000000001572,-0.30000000000000004,-0.30000000000000004,8.333333333333334,8.333333333333334
58,0.4,False,0,4.0,0.4945606719974747,0.0,True,8.336895249005845,13.642096127670651,14.353849105914872,-1.7977948281208962,-1.880000000000006,0.0,0.0,8.333333333333334,8.333333333333334,13.88888888888889,35.99786014051298,35.77777777777782,0.5659279570885682,-6.661338147750939e-16,-0.4,-0.4,8.333333333333334,8.333333333333334
58,0.5,False,0,4.0,0.6420683307936538,0.0,True,8.341999732244558,13.852867706090404,14.273513998232357,-1.6208998207607292,-1.85,0.0,0.0,8.333333333333334,8.333333333333334,13.88888888888889,41.0322379012945,40.22222222222225,-0.10182823662297369,0.0,-0.5,-0.5,8.333333333333334,8.333333333333334
58,0.6000000000000001,False,0,4.0,0.49750934567105426,0.0,True,8.401038256449041,13.008401079917359,14.516674119077674,-1.5858721293239992,-1.8599999999999959,0.0,0.0,8.333333333333334,8.333333333333334,13.88888888888889,42.652154229967174,43.00000000000002,0.6280323280155442,-0.019999999999999574,-0.6000000000000001,-0.6000000000000001,8.333333333333334,8.333333333333334
58,0.7000000000000001,False,0,4.0,0.5707630647236398,0.0,True,8.342670620800105,13.565163810031759,14.314213422548232,-1.616372896103745,-1.899999999999999,0.0,0.0,8.333333333333334,8.333333333333334,13.88888888888889,45.534066691672614,45.22222222222222,0.8193749266973929,-0.009999999999999343,-0.7000000000000001,-0.7000000000000001,8.333333333333334,8.333333333333334
58,0.8,False,0,4.0,0.5700326867089274,0.0,True,8.341130737980933,13.64856950732867,14.511871483935362,-1.2689368929469387,-1.8799999999999994,0.0,0.0,8.333333333333334,8.333333333333334,13.88888888888889,47.60120563968505,46.888888888888886,-0.8757365686149261,-2.220446049250313e-16,-0.8,-0.8,8.333333333333334,8.333333333333334
58,0.9,False,0,4.0,0.48587478905577836,0.0,True,8.443437471736429,12.874896009480818,14.547794747250702,-1.3300163091123924,-1.8900000000000028,0.0,0.0,8.333333333333334,8.333333333333334,13.88888888888889,48.281801529176235,48.0,0.205811272746526,-0.02000000000000024,-0.9,-0.9,8.333333333333334,8.333333333333334
58,1.0,False,0,4.0,0.4656808626008158,0.0,True,8.348445052454066,13.525728595294122,14.61616905951858,-1.494568140185241,-1.7999999999999998,0.0,0.0,8.333333333333334,8.333333333333334,13.88888888888889,49.65861866780361,49.1111111111111,0.009703128573052222,0.0,-1.0,-1.0,8.333333333333334,8.333333333333334
58,1.1,False,0,4.0,0.5372270088991318,0.0,True,8.341033804238124,13.670689481994497,14.381917572504516,-1.6362713227433887,-1.8799999999999981,0.0,0.0,8.333333333333334,8.333333333333334,13.88888888888889,50.323748406078,49.666666666666664,-0.821788389165466,-0.0499999999999996,-1.1,-1.1,8.333333333333334,8.333333333333334
58,1.2000000000000002,False,0,4.0,0.5601942886762109,0.0,True,8.3802328837019,13.457080201846747,14.830449424260518,-1.4711312055080579,-1.7999999999999998,0.0,0.0,8.333333333333334,8.333333333333334,13.88888888888889,49.85203460954898,50.22222222222223,-0.5559714690683886,-0.07999999999999963,-1.2000000000000002,-1.2000000000000002,8.333333333333334,8.333333333333334
58,1.3,False,0,4.0,0.5667439565797714,0.0,True,8.356264633037545,13.662162914008103,14.718190133461416,-1.4185911244919307,-1.8899999999999997,0.0,0.0,8.333333333333334,8.333333333333334,13.88888888888889,50.90861244030607,50.77777777777777,-0.4034799920811256,-0.09000000000000008,-1.3,-1.3,8.333333333333334,8.333333333333334
58,1.4000000000000001,False,0,4.0,0.6002326299855533,0.0,True,8.362580382965572,13.219255853653333,14.567037861767897,-1.8879312981978802,-1.8999999999999986,0.0,0.0,8.333333333333334,8.333333333333334,13.88888888888889,51.73293569904662,51.33333333333333,-0.19145899163383162,-0.08000000000000007,-1.4000000000000001,-1.4000000000000001,8.333333333333334,8.333333333333334
58,1.5,False,0,4.0,0.6174415359135212,0.0,True,8.353262798504858,13.661810239662724,14.540917350261463,-1.8093240510264812,-1.7999999999999998,0.0,0.0,8.333333333333334,8.333333333333334,13.88888888888889,52.24499877506562,51.88888888888889,0.8098861394738113,-0.04999999999999982,-1.5,-1.5,8.333333333333334,8.333333333333334
58,1.6,False,0,4.0,0.5010366988619296,0.0,True,8.376387682883458,13.542688436536036,14.636918993056337,-1.5943725321490436,-1.879999999999999,0.0,0.0,8.333333333333334,8.333333333333334,13.88888888888889,50.71018838825804,51.88888888888889,-0.5199334856573918,-0.1599999999999997,-1.6,-1.6,8.333333333333334,8.333333333333334
58,1.7000000000000002,False,0,4.0,0.48230546828777715,0.0,True,8.349585854373855,13.692421659173231,14.429496225025058,-1.5342160290844127,-1.8300000000000005,0.0,0.0,8.333333333333334,8.333333333333334,13.88888888888889,52.25352925170399,52.444444444444436,-0.37896118878103224,-0.09999999999999964,-1.7000000000000002,-1.7000000000000002,8.333333333333334,8.333333333333334
59,0.0,False,0,4.0,1.0,0.0,True,13.88888888888889,-3.7400344998091155,-4.266666666667066,2.1761784842762064,1.6,0.0,0.0,8.333333333333334,8.333333333333334,,,,,,,,,
59,0.1,False,0,4.0,1.0,0.0,True,8.729888888888885,6.989507468540393,7.029127777777956,0.8466825941171878,0.5700000000000021,-0.1,-0.1,8.333333333333334,8.333333333333334,6.632308737590923,13.543824856173398,14.038408466966512,0.7221667585258174,-0.00999999999999579,-0.1,-0.1,8.333333333333334,8.333333333333334
59,0.2,False,0,4.0,0.5200988741756222,0.0,True,8.346127940208937,13.697681058333483,14.335610701474177,-0.854067381418603,-1.7399999999999936,-0.2,-0.2,8.333333333333334,8.333333333333334,10.498358011951883,19.59289590701709,19.32849027671625,0.3461169879545891,-0.019999999999997353,-0.2,-0.2,8.333333333333334,8.333333333333334
59,0.30000000000000004,False,0,4.0,0.5372660435871628,0.0,True,8.379726482600077,13.349041075533119,14.403233860655643,-1.286535918597706,-1.8899999999999975,0.0,0.0,8.333333333333334,8.333333333333334,13.88888888888889,29.199536404613905,29.00000000000004,0.009241178021950569,-0.020000000000001572,-0.30000000000000004,-0.30000000000000004,8.333333333333334,8.333333333333334
59,0.4,False,0,4.0,0.562441202632695,0.0,True,8.340847539444495,13.361605003780294,14.382684783029315,-1.6420630002894574,-1.880000000000006,0.0,0.0,8.333333333333334,8.333333333333334,13.88888888888889,35.79855895003282,36.77777777777782,0.9420143258214204,-6.661338147750939e-16,-0.4,-0.4,8.333333333333334,8.333333333333334
59,0.5,False,0,4.0,0.5561908815678581,0.0,True,8.345947085802782,13.845957544521507,14.567551257176728,-0.09901214178421092,-1.85,0.0,0.0,8.333333333333334,8.333333333333334,13.88888888888889,40.769285235315515,41.22222222222225,0.1635311555973793,0.0,-0.5,-0.5,8.333333333333334,8.333333333333334
59,0.6000000000000001,False,0,4.0,0.5525183774106452,0.0,True,8.399092043174152,13.334783095597924,14.706266513323595,-1.8691160989555264,-1.8599999999999959,0.0,0.0,8.333333333333334,8.333333333333334,13.88888888888889,44.12015824031935,44.00000000000002,0.0015964463790429928,-0.019999999999999574,-0.6000000000000001,-0.6000000000000001,8.333333333333334,8.333333333333334
59,0.7000000000000001,False,0,4.0,0.5048340859707079,0.0,True,8.373254722331206,13.434389332139073,14.495758136977724,-1.4808273182850904,-1.899999999999999,0.0,0.0,8.333333333333334,8.333333333333334,13.88888888888889,45.87138559983631,46.22222222222222,-0.39062241994015734,-0.009999999999999343,-0.7000000000000001,-0.7000000000000001,8.333333333333334,8.333333333333334
59,0.8,False,0,4.0,0.4828769714322724,0.0,True,8.379980942033901,12.940630119819485,14.519586138173917,-1.8682385545058522,-1.8799999999999994,0.0,0.0,8.333333333333334,8.333333333333334,13.88888888888889,48.301400780861854,47.888888888888886,-0.04388382428390902,-2.220446049250313e-16,-0.8,-0.8,8.333333333333334,8.333333333333334
59,0.9,False,0,4.0,0.507555782069498,0.0,True,8.336799846510207,13.430620968103295,14.576492608440429,-1.8857439985015274,-1.8900000000000028,0.0,0.0,8.333333333333334,8.333333333333334,13.88888888888889,49.21062560613771,49.0,0.1689104758024751,-0.02000000000000024,-0.9,-0.9,8.333333333333334,8.333333333333334
59,1.0,False,0,4.0,0.6174691005123893,0.0,True,8.37338005427941,13.111925061995873,14.357925777399469,-1.1790079840351675,-1.7999999999999998,0.0,0.0,8.333333333333334,8.333333333333334,13.88888888888889,49.91023401193033,50.1111111111111,-0.7090474434188545,0.0,-1.0,-1.0,8.333333333333334,8.333333333333334
59,1.1,False,0,4.0,0.5304068866730894,0.0,True,8.339636138488391,13.667706355161055,14.578223130288517,-1.7189300729970023,-1.8799999999999981,0.0,0.0,8.333333333333334,8.333333333333334,13.88888888888889,50.770555219855375,50.666666666666664,1.103388278752902,-0.0499999999999996,-1.1,-1.1,8.333333333333334,8.333333333333334
59,1.2000000000000002,False,0,4.0,0.5915113849392845,0.0,True,8.341007690055774,13.784867895631958,14.485063510783117,-1.5505836882809567,-1.7999999999999998,0.0,0.0,8.333333333333334,8.333333333333334,13.88888888888889,51.25755272997648,51.22222222222223,0.16994836039411343,-0.07999999999999963,-1.2000000000000002,-1.2000000000000002,8.333333333333334,8.333333333333334
59,1.3,False,0,4.0,0.5256059357781473,0.0,True,8.346726693017176,13.265302636201664,14.405295861562887,-1.5391651074835386,-1.8899999999999997,0.0,0.0,8.333333333333334,8.333333333333334,13.88888888888889,52.83370968884472,51.77777777777777,1.0192326335478548,-0.09000000000000008,-1.3,-1.3,8.333333333333334,8.333333333333334
59,1.4000000000000001,False,0,4.0,0.5038270141320278,0.0,True,8.337762505948993,13.878130931003067,14.544830720370225,-1.1467881829455062,-1.8999999999999986,0.0,0.0,8.333333333333334,8.333333333333334,13.88888888888889,51.38780093447636,52.33333333333333,-1.2690800237911217,-0.08000000000000007,-1.4000000000000001,-1.4000000000000001,8.333333333333334,8.333333333333334
59,1.5,False,0,4.0,0.5981983425089611,0.0,True,8.33416197132356,13.514081163272333,14.558380408223666,-1.5889166452106251,-1.7999999999999998,0.0,0.0,8.333333333333334,8.333333333333334,13.88888888888889,53.91469042821175,52.88888888888889,0.20891885321607795,-0.04999999999999982,-1.5,-1.5,8.333333333333334,8.333333333333334
59,1.6,False,0,4.0,0.5320242265461875,0.0,True,8.3374979101956,13.737576585157125,14.425297457566511,-1.5169680751137267,-1.879999999999999,0.0,0.0,8.333333333333334,8.333333333333334,13.88888888888889,52.635693973234616,52.88888888888889,-0.04812425025159994,-0.1599999999999997,-1.6,-1.6,8.333333333333334,8.333333333333334
59,1.7000000000000002,False,0,4.0,0.4719623585121374,0.0,True,8.35643670197212,13.436541606484052,14.523556691827405,-1.6440079598530704,-1.8300000000000005,0.0,0.0,8.333333333333334,8.333333333333334,13.88888888888889,54.850892587077205,53.444444444444436,-0.12095662519871997,-0.09999999999999964,-1.7000000000000002,-1.7000000000000002,8.333333333333334,8.333333333333334
