long_dist,lat_vel,Crash,Crash type,minTTC,reacted,ego_speed,perceived_gap,true_gap,perceived_lat_gap,true_lat_gap,perceived_lat_speed,true_lat_speed,perceived_speed,true_speed,entry_ego_speed,entry_perceived_gap,entry_true_gap,entry_perceived_lat_gap,entry_true_lat_gap,entry_perceived_lat_speed,entry_true_lat_speed,entry_perceived_speed,entry_true_speed
1,0.0,False,0,4.0,False,13.88888888888889,-3.4489475230089957,-4.044444444444443,1.7052136799626,1.6,0.0,0.0,2.7777777777777777,2.7777777777777777,,,,,,,,,
1,0.1,False,0,4.0,False,13.88888888888889,-4.214260263131208,-4.044444444444443,1.2210238004119187,1.5500000000000003,-0.1,-0.1,2.7777777777777777,2.7777777777777777,13.88888888888889,168.44411379130258,169.28888888888855,0.4448760364228912,-0.00999999999999579,-0.1,-0.1,2.7777777777777777,2.7777777777777777
1,0.2,False,0,4.0,True,13.88888888888889,-3.168063636483547,-4.044444444444443,2.210189371249388,1.5,-0.2,-0.2,2.7777777777777777,2.7777777777777777,13.88888888888889,80.28028501708602,80.39999999999986,0.22252713897089338,-0.019999999999997353,-0.2,-0.2,2.7777777777777777,2.7777777777777777
1,0.30000000000000004,False,0,4.0,True,13.88888888888889,-3.8764762366886734,-4.044444444444443,1.6575884832855867,1.4500000000000002,-0.30000000000000004,-0.30000000000000004,2.7777777777777777,2.7777777777777777,13.88888888888889,50.463132767322364,50.399999999999935,-0.6703551557495995,-0.020000000000001572,-0.30000000000000004,-0.30000000000000004,2.7777777777777777,2.7777777777777777
1,0.4,False,0,3.200000000000001,True,13.88888888888889,-3.514584383793661,-4.044444444444443,1.0208592760953046,1.4,-0.4,-0.4,2.7777777777777777,2.7777777777777777,13.88888888888889,34.8492540144555,34.844444444444406,0.40120814897515844,-6.661338147750939e-16,-0.4,-0.4,2.7777777777777777,2.7777777777777777
1,0.5,False,0,2.400000000000001,True,13.88888888888889,-3.8588697628029847,-4.044444444444443,1.8011171656296359,1.35,-0.5,-0.5,2.7777777777777777,2.7777777777777777,13.88888888888889,25.754404397247544,25.955555555555538,1.3048047334190263,0.0,-0.5,-0.5,2.7777777777777777,2.7777777777777777
1,0.6000000000000001,False,0,1.866666666666667,True,13.88888888888889,-4.080008473539525,-4.044444444444443,1.2686331650259972,1.3000000000000003,-0.6000000000000001,-0.6000000000000001,2.7777777777777777,2.7777777777777777,13.88888888888889,21.393597620736227,20.399999999999995,0.15547193286570504,-0.019999999999999574,-0.6000000000000001,-0.6000000000000001,2.7777777777777777,2.7777777777777777
1,0.7000000000000001,False,0,1.4857142857142855,True,13.88888888888889,-3.75994245284277,-4.044444444444443,1.4619081934520866,1.25,-0.7000000000000001,-0.7000000000000001,2.7777777777777777,2.7777777777777777,13.88888888888889,15.345799431210128,15.95555555555556,1.3176206017359129,-0.009999999999999343,-0.7000000000000001,-0.7000000000000001,2.7777777777777777,2.7777777777777777
1,0.8,False,0,1.2000000000000004,True,13.76238888888889,-3.2681654523313037,-4.057094444444444,0.9535143487001743,1.2000000000000002,-0.8,-0.8,2.7777777777777777,2.7777777777777777,13.50938888888889,12.440232893809693,12.040322222222233,-0.6921761005879825,-2.220446049250313e-16,-0.8,-0.8,2.7777777777777777,2.7777777777777777
1,0.9,False,0,0.9777777777777776,True,13.88888888888889,-4.137807841487564,-4.044444444444443,0.6210543412411673,1.15,-0.9,-0.9,2.7777777777777777,2.7777777777777777,13.88888888888889,11.055380024336205,10.400000000000002,0.7523997673524709,-0.02000000000000024,-0.9,-0.9,2.7777777777777777,2.7777777777777777
1,1.0,False,0,0.8000000000000003,True,13.88888888888889,-4.160260500697168,-4.044444444444443,0.8113188044881969,1.1,-1.0,-1.0,2.7777777777777777,2.7777777777777777,13.88888888888889,7.719699807061921,8.17777777777778,0.403144121543177,0.0,-1.0,-1.0,2.7777777777777777,2.7777777777777777
1,1.1,False,0,0.6545454545454547,True,13.88888888888889,-3.751579232889032,-4.044444444444443,0.617476737052042,1.0500000000000003,-1.1,-1.1,2.7777777777777777,2.7777777777777777,13.88888888888889,7.348464403796091,7.066666666666669,-0.5131826653716356,-0.0499999999999996,-1.1,-1.1,2.7777777777777777,2.7777777777777777
1,1.2000000000000002,False,0,0.4333333333333333,True,13.50938888888889,-4.0613111216142475,-4.095044444444443,2.0789130196710888,1.0,-1.2000000000000002,-1.2000000000000002,2.7777777777777777,2.7777777777777777,12.623888888888889,4.680523961414715,4.817055555555556,-0.10602243588938931,-0.07999999999999963,-1.2000000000000002,-1.2000000000000002,2.7777777777777777,2.7777777777777777
1,1.3,False,0,0.4307692307692308,True,13.76238888888889,-3.9606010859159833,-4.057094444444444,1.0682628505184604,0.9500000000000002,-1.3,-1.3,2.7777777777777777,2.7777777777777777,13.50938888888889,3.83759077283847,4.528194444444442,0.05510284090778339,-0.09000000000000008,-1.3,-1.3,2.7777777777777777,2.7777777777777777
1,1.4000000000000001,False,0,0.3428571428571428,True,13.50938888888889,-3.6187534772834367,-4.095044444444443,-0.5844533785262134,0.8999999999999999,-1.4000000000000001,-1.4000000000000001,2.7777777777777777,2.7777777777777777,13.129888888888889,3.3466897176784824,3.151433333333334,0.3315041103058247,-0.08000000000000007,-1.4000000000000001,-1.4000000000000001,2.7777777777777777,2.7777777777777777
1,1.5,False,0,0.16666666666666666,True,13.129888888888889,-4.283088384620586,-4.1709444444444435,1.513283735933773,0.8500000000000001,-1.5,-1.5,2.7777777777777777,2.7777777777777777,13.129888888888889,2.2279385035402806,2.04032222222222,0.30155759804857585,-0.04999999999999982,-1.5,-1.5,2.7777777777777777,2.7777777777777777
1,1.6,False,0,0.20000000000000018,True,13.50938888888889,-3.2346050887873163,-4.095044444444443,1.2714823434529872,0.8000000000000003,-1.6,-1.6,2.7777777777777777,2.7777777777777777,13.50938888888889,2.2946516083858866,2.343922222222223,-1.679075176744657,-0.1599999999999997,-1.6,-1.6,2.7777777777777777,2.7777777777777777
1,1.7000000000000002,True,1,0.0,True,11.991388888888888,-3.5158354310343896,-4.11280555555556,1.5875190498325287,0.75,-1.7000000000000002,-1.7000000000000002,2.7777777777777777,2.7777777777777777,11.232388888888888,-0.38408799709006924,-0.25988888888888706,0.27269589043362297,-0.09999999999999964,-1.7000000000000002,-1.7000000000000002,2.7777777777777777,2.7777777777777777
2,0.0,False,0,4.0,True,13.88888888888889,-4.178510250860925,-3.9333333333333327,2.0496050510928523,1.6,0.0,0.0,2.7777777777777777,2.7777777777777777,,,,,,,,,
2,0.1,False,0,4.0,True,13.88888888888889,-4.2023282345776805,-3.9333333333333327,0.8424813236159472,1.54,-0.1,-0.1,2.7777777777777777,2.7777777777777777,13.88888888888889,169.09063739605452,168.28888888888855,0.688958286326558,-0.00999999999999579,-0.1,-0.1,2.7777777777777777,2.7777777777777777
2,0.2,False,0,4.0,True,13.88888888888889,-4.024243132358101,-3.9333333333333327,2.006211151361238,1.48,-0.2,-0.2,2.7777777777777777,2.7777777777777777,13.88888888888889,78.87913324066137,79.39999999999986,-0.8072903760952013,-0.019999999999997353,-0.2,-0.2,2.7777777777777777,2.7777777777777777
2,0.30000000000000004,False,0,4.0,True,13.88888888888889,-3.514991060268712,-3.9333333333333327,0.6417038364309007,1.42,-0.30000000000000004,-0.30000000000000004,2.7777777777777777,2.7777777777777777,13.88888888888889,48.77055510033975,49.399999999999935,-0.4888877610269122,-0.020000000000001572,-0.30000000000000004,-0.30000000000000004,2.7777777777777777,2.7777777777777777
2,0.4,False,0,3.100000000000001,True,13.88888888888889,-3.6303690529758583,-3.9333333333333327,1.4968853817228025,1.3599999999999999,-0.4,-0.4,2.7777777777777777,2.7777777777777777,13.88888888888889,33.86356184962092,33.844444444444406,0.29174873449333605,-6.661338147750939e-16,-0.4,-0.4,2.7777777777777777,2.7777777777777777
2,0.5,False,0,2.2999999999999994,True,13.88888888888889,-3.5140178895612504,-3.9333333333333327,-0.23958829922953417,1.3000000000000003,-0.5,-0.5,2.7777777777777777,2.7777777777777777,13.88888888888889,25.933394332857883,24.955555555555538,0.5009300725772854,0.0,-0.5,-0.5,2.7777777777777777,2.7777777777777777
2,0.6000000000000001,False,0,1.7666666666666662,True,13.88888888888889,-4.014733981461974,-3.9333333333333327,1.1734304165462208,1.2400000000000002,-0.6000000000000001,-0.6000000000000001,2.7777777777777777,2.7777777777777777,13.88888888888889,19.770073019206283,19.399999999999995,0.38964521913036565,-0.019999999999999574,-0.6000000000000001,-0.6000000000000001,2.7777777777777777,2.7777777777777777
2,0.7000000000000001,False,0,1.385714285714286,True,13.88888888888889,-3.3585988093530554,-3.9333333333333327,0.7530106138977897,1.1800000000000002,-0.7000000000000001,-0.7000000000000001,2.7777777777777777,2.7777777777777777,13.88888888888889,14.636165350538871,14.95555555555556,-0.8342431125501244,-0.009999999999999343,-0.7000000000000001,-0.7000000000000001,2.7777777777777777,2.7777777777777777
2,0.8,False,0,1.1000000000000003,True,13.76238888888889,-2.7356947923607544,-3.9459833333333334,2.511687162226188,1.12,-0.8,-0.8,2.7777777777777777,2.7777777777777777,13.76238888888889,11.61890727136954,11.43247222222222,-0.24376250524803433,-2.220446049250313e-16,-0.8,-0.8,2.7777777777777777,2.7777777777777777
2,0.9,False,0,0.8777777777777778,True,13.88888888888889,-3.89816151387575,-3.9333333333333327,0.45683305994574885,1.06,-0.9,-0.9,2.7777777777777777,2.7777777777777777,13.76238888888889,9.980354942052653,9.248199999999997,-1.0029550854597755,-0.02000000000000024,-0.9,-0.9,2.7777777777777777,2.7777777777777777
2,1.0,False,0,0.7000000000000002,True,13.88888888888889,-3.6614383235130736,-3.9333333333333327,0.917807627110685,1.0,-1.0,-1.0,2.7777777777777777,2.7777777777777777,13.88888888888889,7.786354642144455,7.177777777777782,-0.41893528187256535,0.0,-1.0,-1.0,2.7777777777777777,2.7777777777777777
2,1.1,False,0,0.5545454545454548,True,13.88888888888889,-2.7481417655775244,-3.9333333333333327,1.076766162051571,0.94,-1.1,-1.1,2.7777777777777777,2.7777777777777777,13.76238888888889,5.574897681092673,5.952816666666666,1.1052658212476003,-0.0499999999999996,-1.1,-1.1,2.7777777777777777,2.7777777777777777
2,1.2000000000000002,False,0,0.4333333333333333,True,13.76238888888889,-3.8625674895345217,-3.9459833333333334,0.17244999250206083,0.8799999999999999,-1.2000000000000002,-1.2000000000000002,2.7777777777777777,2.7777777777777777,13.76238888888889,4.62258361792843,4.841705555555554,-0.3386236704931722,-0.07999999999999963,-1.2000000000000002,-1.2000000000000002,2.7777777777777777,2.7777777777777777
2,1.3,False,0,0.23076923076923062,True,12.623888888888889,-3.8422705892355102,-4.186333333333333,0.7937135979043521,0.8199999999999998,-1.3,-1.3,2.7777777777777777,2.7777777777777777,11.991388888888888,2.199404521223882,2.263194444444445,0.4288323331831694,-0.09000000000000008,-1.3,-1.3,2.7777777777777777,2.7777777777777777
2,1.4000000000000001,False,0,0.14285714285714265,True,12.623888888888889,-3.8963442574773044,-4.186333333333333,1.4275688501338641,0.7600000000000002,-1.4000000000000001,-1.4000000000000001,2.7777777777777777,2.7777777777777777,12.623888888888889,1.5988881561802346,1.7213333333333365,-0.35746626269168225,-0.08000000000000007,-1.4000000000000001,-1.4000000000000001,2.7777777777777777,2.7777777777777777
2,1.5,False,0,0.16666666666666666,True,13.50938888888889,-3.8519654879862033,-3.9839333333333338,1.1587313810829851,0.7000000000000002,-1.5,-1.5,2.7777777777777777,2.7777777777777777,13.50938888888889,0.6721752281142921,1.3818722222222215,0.13122878998031595,-0.04999999999999982,-1.5,-1.5,2.7777777777777777,2.7777777777777777
2,1.6,False,0,1.3877787807814457e-16,True,12.623888888888889,-3.230350742002586,-4.186333333333333,0.8748212161989501,0.6400000000000001,-1.6,-1.6,2.7777777777777777,2.7777777777777777,11.991388888888888,0.12041684725648327,0.4204722222222239,-1.2022119338269919,-0.1599999999999997,-1.6,-1.6,2.7777777777777777,2.7777777777777777
2,1.7000000000000002,False,0,0.04117647058823546,True,13.50938888888889,-3.57957148564667,-4.021883333333331,1.4209571756561092,0.5800000000000001,-1.7000000000000002,-1.7000000000000002,2.7777777777777777,2.7777777777777777,13.50938888888889,-0.1840080477462207,0.27076111111111434,-8.430229279832169e-05,-0.09999999999999964,-1.7000000000000002,-1.7000000000000002,2.7777777777777777,2.7777777777777777
3,0.0,False,0,4.0,False,13.88888888888889,-3.245977122272792,-3.82222222222222,1.1274347016439394,1.6,0.0,0.0,2.7777777777777777,2.7777777777777777,,,,,,,,,
3,0.1,False,0,4.0,False,13.88888888888889,-3.621077943411632,-3.82222222222222,1.8958311603891471,1.5300000000000002,-0.1,-0.1,2.7777777777777777,2.7777777777777777,13.88888888888889,166.90688127871817,167.28888888888855,0.36457337435555814,-0.00999999999999579,-0.1,-0.1,2.7777777777777777,2.7777777777777777
3,0.2,False,0,4.0,True,13.88888888888889,-4.176241517079949,-3.82222222222222,0.8712662504865514,1.46,-0.2,-0.2,2.7777777777777777,2.7777777777777777,13.88888888888889,78.88418036019574,78.39999999999986,0.3212419777840889,-0.019999999999997353,-0.2,-0.2,2.7777777777777777,2.7777777777777777
3,0.30000000000000004,False,0,4.0,True,13.88888888888889,-3.9287822993492947,-3.82222222222222,1.1659886735576657,1.3900000000000001,-0.30000000000000004,-0.30000000000000004,2.7777777777777777,2.7777777777777777,13.88888888888889,48.00254291470822,48.399999999999935,-0.6474421053365358,-0.020000000000001572,-0.30000000000000004,-0.30000000000000004,2.7777777777777777,2.7777777777777777
3,0.4,False,0,3.000000000000001,True,13.88888888888889,-4.18618147438701,-3.82222222222222,0.7794284130280209,1.3200000000000003,-0.4,-0.4,2.7777777777777777,2.7777777777777777,13.88888888888889,33.06697982884673,32.844444444444406,0.9053794157385915,-6.661338147750939e-16,-0.4,-0.4,2.7777777777777777,2.7777777777777777
3,0.5,False,0,2.1999999999999997,True,13.88888888888889,-4.183856062182019,-3.82222222222222,2.037905209613185,1.25,-0.5,-0.5,2.7777777777777777,2.7777777777777777,13.88888888888889,24.434224171140432,23.955555555555538,-1.383200738287011,0.0,-0.5,-0.5,2.7777777777777777,2.7777777777777777
3,0.6000000000000001,False,0,1.6666666666666665,True,13.88888888888889,-3.434565589296203,-3.82222222222222,1.2872914412947472,1.1800000000000002,-0.6000000000000001,-0.6000000000000001,2.7777777777777777,2.7777777777777777,13.88888888888889,17.494975469924434,18.399999999999995,-1.4249525987621297,-0.019999999999999574,-0.6000000000000001,-0.6000000000000001,2.7777777777777777,2.7777777777777777
3,0.7000000000000001,False,0,1.2857142857142854,True,13.88888888888889,-3.2124296755040467,-3.82222222222222,1.5513784654524247,1.1099999999999999,-0.7000000000000001,-0.7000000000000001,2.7777777777777777,2.7777777777777777,13.88888888888889,13.289063788567354,13.95555555555556,0.9060675400303517,-0.009999999999999343,-0.7000000000000001,-0.7000000000000001,2.7777777777777777,2.7777777777777777
3,0.8,False,0,1.0000000000000002,True,13.88888888888889,-3.5758361857372636,-3.82222222222222,0.7609239178846834,1.04,-0.8,-0.8,2.7777777777777777,2.7777777777777777,13.88888888888889,10.419510481886157,10.622222222222227,0.4796883085981327,-2.220446049250313e-16,-0.8,-0.8,2.7777777777777777,2.7777777777777777
3,0.9,False,0,0.7777777777777775,True,13.88888888888889,-4.044639382195235,-3.82222222222222,0.7190757248702289,0.9700000000000002,-0.9,-0.9,2.7777777777777777,2.7777777777777777,13.76238888888889,8.478228344023893,8.260849999999998,-0.10137394085950735,-0.02000000000000024,-0.9,-0.9,2.7777777777777777,2.7777777777777777
3,1.0,False,0,0.6000000000000001,True,13.88888888888889,-4.0401554106106365,-3.82222222222222,0.7563182680799119,0.8999999999999999,-1.0,-1.0,2.7777777777777777,2.7777777777777777,13.88888888888889,5.160896009287307,6.177777777777782,-0.17359909922356676,0.0,-1.0,-1.0,2.7777777777777777,2.7777777777777777
3,1.1,False,0,0.3545454545454546,True,12.623888888888889,-4.083165405943562,-4.07522222222222,-0.06001536495797333,0.8300000000000001,-1.1,-1.1,2.7777777777777777,2.7777777777777777,12.623888888888889,3.574550486693224,3.8016666666666685,-0.2468848373729049,-0.0499999999999996,-1.1,-1.1,2.7777777777777777,2.7777777777777777
3,1.2000000000000002,False,0,0.3333333333333332,True,13.50938888888889,-3.4274567260219824,-3.8728222222222213,-0.054671898635370475,0.7599999999999998,-1.2000000000000002,-1.2000000000000002,2.7777777777777777,2.7777777777777777,13.129888888888889,3.6776537984644078,3.373655555555552,-1.2728826238451096,-0.07999999999999963,-1.2000000000000002,-1.2000000000000002,2.7777777777777777,2.7777777777777777
3,1.3,False,0,0.23076923076923062,True,13.129888888888889,-3.504845973952878,-3.948722222222222,0.7865458187280931,0.69,-1.3,-1.3,2.7777777777777777,2.7777777777777777,13.129888888888889,2.567651884916832,2.2625444444444414,-0.4364165625784189,-0.09000000000000008,-1.3,-1.3,2.7777777777777777,2.7777777777777777
3,1.4000000000000001,False,0,0.14285714285714265,True,13.50938888888889,-4.049963763135284,-3.9107722222222217,1.3638474813271166,0.6200000000000001,-1.4000000000000001,-1.4000000000000001,2.7777777777777777,2.7777777777777777,13.50938888888889,1.9008731912481052,1.4550333333333336,1.118853484455419,-0.08000000000000007,-1.4000000000000001,-1.4000000000000001,2.7777777777777777,2.7777777777777777
3,1.5,False,0,0.06666666666666672,True,13.129888888888889,-4.2959897439885895,-4.024622222222221,0.9171995501518495,0.5500000000000003,-1.5,-1.5,2.7777777777777777,2.7777777777777777,13.129888888888889,1.0339940998064945,0.11622222222222067,0.4378355728498162,-0.04999999999999982,-1.5,-1.5,2.7777777777777777,2.7777777777777777
3,1.6,False,0,1.3877787807814457e-16,True,13.129888888888889,-3.1838917272217424,-4.024622222222221,-0.6162105158631366,0.48,-1.6,-1.6,2.7777777777777777,2.7777777777777777,13.129888888888889,0.8695358669570856,0.11622222222222067,-1.576566436096828,-0.1599999999999997,-1.6,-1.6,2.7777777777777777,2.7777777777777777
3,1.7000000000000002,True,1,0.0,True,12.623888888888889,-4.259483847033414,-4.0752222222222185,0.8788050823576778,0.41000000000000014,-1.7000000000000002,-1.7000000000000002,2.7777777777777777,2.7777777777777777,12.623888888888889,-0.8263216751919886,-1.1213888888888848,0.3688847217565514,-0.09999999999999964,-1.7000000000000002,-1.7000000000000002,2.7777777777777777,2.7777777777777777
4,0.0,False,0,4.0,True,13.88888888888889,-3.8645551607853355,-3.7777777777777777,1.6302880190838849,1.6,0.0,0.0,2.7777777777777777,2.7777777777777777,,,,,,,,,
4,0.1,False,0,4.0,True,13.88888888888889,-4.08934605177545,-3.7777777777777777,0.6774632873698452,1.5300000000000002,-0.1,-0.1,2.7777777777777777,2.7777777777777777,13.88888888888889,165.09410505233564,166.28888888888855,0.3406592863391684,-0.00999999999999579,-0.1,-0.1,2.7777777777777777,2.7777777777777777
4,0.2,False,0,4.0,True,13.88888888888889,-3.3386951416443287,-3.7777777777777777,0.17969475696672577,1.46,-0.2,-0.2,2.7777777777777777,2.7777777777777777,13.88888888888889,77.19578499968115,77.39999999999986,-0.06175996772590886,-0.019999999999997353,-0.2,-0.2,2.7777777777777777,2.7777777777777777
4,0.30000000000000004,False,0,4.0,True,13.88888888888889,-2.7806811778505987,-3.7777777777777777,1.5057577198321792,1.3900000000000001,-0.30000000000000004,-0.30000000000000004,2.7777777777777777,2.7777777777777777,13.88888888888889,48.14373501251152,47.399999999999935,0.0361892455167252,-0.020000000000001572,-0.30000000000000004,-0.30000000000000004,2.7777777777777777,2.7777777777777777
4,0.4,False,0,2.900000000000001,True,13.88888888888889,-3.6226759825096257,-3.7777777777777777,1.8655478898300837,1.3200000000000003,-0.4,-0.4,2.7777777777777777,2.7777777777777777,13.88888888888889,32.093616995102664,31.844444444444402,-0.4082108132260647,-6.661338147750939e-16,-0.4,-0.4,2.7777777777777777,2.7777777777777777
4,0.5,False,0,2.1,True,13.88888888888889,-3.9119537121797068,-3.7777777777777777,0.63660360157782,1.25,-0.5,-0.5,2.7777777777777777,2.7777777777777777,13.88888888888889,23.35335966775691,22.955555555555538,0.45438518609385037,0.0,-0.5,-0.5,2.7777777777777777,2.7777777777777777
4,0.6000000000000001,False,0,1.5666666666666664,True,13.88888888888889,-3.928148594310364,-3.7777777777777777,0.864803243677438,1.1800000000000002,-0.6000000000000001,-0.6000000000000001,2.7777777777777777,2.7777777777777777,13.88888888888889,17.678636804383988,17.399999999999995,-0.10598916222005239,-0.019999999999999574,-0.6000000000000001,-0.6000000000000001,2.7777777777777777,2.7777777777777777
4,0.7000000000000001,False,0,1.1857142857142857,True,13.88888888888889,-3.994953814923732,-3.7777777777777777,2.2375980816739784,1.1099999999999999,-0.7000000000000001,-0.7000000000000001,2.7777777777777777,2.7777777777777777,13.88888888888889,13.32073791142691,12.95555555555556,-0.3557651777002926,-0.009999999999999343,-0.7000000000000001,-0.7000000000000001,2.7777777777777777,2.7777777777777777
4,0.8,False,0,0.9000000000000002,True,13.88888888888889,-3.9450491316693066,-3.7777777777777777,0.2650267626143381,1.04,-0.8,-0.8,2.7777777777777777,2.7777777777777777,13.88888888888889,9.816091803787856,9.622222222222224,-0.26893484611308227,-2.220446049250313e-16,-0.8,-0.8,2.7777777777777777,2.7777777777777777
4,0.9,False,0,0.6777777777777776,True,13.76238888888889,-4.074975154909219,-3.765127777777777,0.5233439815769203,0.9700000000000002,-0.9,-0.9,2.7777777777777777,2.7777777777777777,13.76238888888889,7.230225423449046,7.248199999999998,-0.19455084482259832,-0.02000000000000024,-0.9,-0.9,2.7777777777777777,2.7777777777777777
4,1.0,False,0,0.3999999999999999,True,12.623888888888889,-3.77313125896809,-3.9641111111111114,1.6788625470196266,0.8000000000000003,-1.0,-1.0,2.7777777777777777,2.7777777777777777,11.991388888888888,3.881354986293444,3.406777777777779,0.47323860624919467,0.0,-1.0,-1.0,2.7777777777777777,2.7777777777777777
4,1.1,False,0,0.3545454545454546,True,13.129888888888889,-3.9648585489074177,-3.8376111111111113,0.4971297858998174,0.7200000000000002,-1.1,-1.1,2.7777777777777777,2.7777777777777777,13.129888888888889,3.342434322723041,3.408866666666662,0.9167934004028901,-0.0499999999999996,-1.1,-1.1,2.7777777777777777,2.7777777777777777
4,1.2000000000000002,False,0,0.2333333333333335,True,13.129888888888889,-4.297582062275638,-3.8376111111111113,0.7452359817941474,0.6400000000000001,-1.2000000000000002,-1.2000000000000002,2.7777777777777777,2.7777777777777777,12.623888888888889,2.630279352296413,2.070055555555556,0.35011428771346953,-0.07999999999999963,-1.2000000000000002,-1.2000000000000002,2.7777777777777777,2.7777777777777777
4,1.3,True,1,0.0,True,10.473094888888888,-4.163267653526629,-3.991558800000001,1.2119606816121924,0.43000000000000016,-1.3,-1.3,2.7777777777777777,2.7777777777777777,9.713800888888887,-1.5731116892307755,-1.2171495555555554,-0.5458650363522233,-0.09000000000000008,-1.3,-1.3,2.7777777777777777,2.7777777777777777
4,1.4000000000000001,True,1,0.0,True,11.991388888888888,-4.070277094066664,-4.25638888888889,0.0929183549752366,0.48,-1.4000000000000001,-1.4000000000000001,2.7777777777777777,2.7777777777777777,11.232388888888888,-0.46015318583225895,-0.9617666666666684,-0.489919119810168,-0.08000000000000007,-1.4000000000000001,-1.4000000000000001,2.7777777777777777,2.7777777777777777
4,1.5,True,1,0.0,True,11.232388888888888,-3.7120674646222893,-4.180488888888889,1.4521019405655697,0.3999999999999999,-1.5,-1.5,2.7777777777777777,2.7777777777777777,10.473094888888888,-3.112156190701641,-2.0349865777777802,0.1598712551594752,-0.04999999999999982,-1.5,-1.5,2.7777777777777777,2.7777777777777777
4,1.6,True,1,0.0,True,11.232388888888888,-4.0566584454325545,-4.180488888888889,0.9636721646586524,0.3200000000000003,-1.6,-1.6,2.7777777777777777,2.7777777777777777,11.232388888888888,-1.53729623938679,-1.8831277777777808,-0.35137743827220236,-0.1599999999999997,-1.6,-1.6,2.7777777777777777,2.7777777777777777
4,1.7000000000000002,True,1,0.0,True,11.232388888888888,-4.044383458540076,-4.180488888888891,0.3194969396329217,0.2400000000000002,-1.7000000000000002,-1.7000000000000002,2.7777777777777777,2.7777777777777777,11.232388888888888,-3.8470276788410986,-2.728588888888889,-0.08609033276468492,-0.09999999999999964,-1.7000000000000002,-1.7000000000000002,2.7777777777777777,2.7777777777777777
5,0.0,False,0,4.0,True,13.88888888888889,-4.237797759408001,-3.88888888888889,2.091144139967908,1.6,0.0,0.0,2.7777777777777777,2.7777777777777777,,,,,,,,,
5,0.1,False,0,4.0,True,13.88888888888889,-4.095217208838425,-3.88888888888889,1.746170783940793,1.52,-0.1,-0.1,2.7777777777777777,2.7777777777777777,13.88888888888889,165.2556595264839,165.28888888888855,-0.08551973178502559,-0.00999999999999579,-0.1,-0.1,2.7777777777777777,2.7777777777777777
5,0.2,False,0,4.0,True,13.88888888888889,-3.538702136389591,-3.88888888888889,0.718999430534006,1.44,-0.2,-0.2,2.7777777777777777,2.7777777777777777,13.88888888888889,76.44550876454382,76.39999999999986,-1.1434584036629052,-0.019999999999997353,-0.2,-0.2,2.7777777777777777,2.7777777777777777
5,0.30000000000000004,False,0,4.0,True,13.88888888888889,-2.852197029896467,-3.88888888888889,1.4165393822471142,1.3599999999999999,-0.30000000000000004,-0.30000000000000004,2.7777777777777777,2.7777777777777777,13.88888888888889,45.62806066320377,46.399999999999935,0.47640469588004963,-0.020000000000001572,-0.30000000000000004,-0.30000000000000004,2.7777777777777777,2.7777777777777777
5,0.4,False,0,2.8000000000000007,True,13.88888888888889,-4.0885645645120166,-3.88888888888889,1.024343769332678,1.2800000000000002,-0.4,-0.4,2.7777777777777777,2.7777777777777777,13.88888888888889,32.12298709755528,30.844444444444402,0.08819304560158825,-6.661338147750939e-16,-0.4,-0.4,2.7777777777777777,2.7777777777777777
5,0.5,False,0,2.0,True,13.88888888888889,-3.726044715253944,-3.88888888888889,2.1207414173114008,1.2000000000000002,-0.5,-0.5,2.7777777777777777,2.7777777777777777,13.88888888888889,21.90849385600987,21.955555555555538,0.25846692781348857,0.0,-0.5,-0.5,2.7777777777777777,2.7777777777777777
5,0.6000000000000001,False,0,1.466666666666667,True,13.76238888888889,-3.9864244721110262,-3.8762388888888895,0.6185540294567109,1.12,-0.6000000000000001,-0.6000000000000001,2.7777777777777777,2.7777777777777777,13.76238888888889,15.427970360078415,16.14700000000001,-0.14337509575675256,-0.019999999999999574,-0.6000000000000001,-0.6000000000000001,2.7777777777777777,2.7777777777777777
5,0.7000000000000001,False,0,1.0857142857142859,True,13.76238888888889,-2.644763681300609,-3.8635888888888887,1.3793287605872013,1.04,-0.7000000000000001,-0.7000000000000001,2.7777777777777777,2.7777777777777777,13.50938888888889,11.181902430643326,11.361005555555575,0.06997642392438719,-0.009999999999999343,-0.7000000000000001,-0.7000000000000001,2.7777777777777777,2.7777777777777777
5,0.8,False,0,0.8000000000000002,True,13.76238888888889,-3.789971488769898,-3.8762388888888895,0.862218601228451,0.9600000000000004,-0.8,-0.8,2.7777777777777777,2.7777777777777777,13.50938888888889,8.343880796015796,8.154172222222236,-0.027861348954015153,-2.220446049250313e-16,-0.8,-0.8,2.7777777777777777,2.7777777777777777
5,0.9,False,0,0.5777777777777778,True,12.623888888888889,-2.951350538612057,-3.8530000000000006,1.4873630934328843,0.79,-0.9,-0.9,2.7777777777777777,2.7777777777777777,12.623888888888889,4.5072801690871485,5.008500000000002,0.15315767654681345,-0.02000000000000024,-0.9,-0.9,2.7777777777777777,2.7777777777777777
5,1.0,False,0,0.3999999999999999,True,13.76238888888889,-4.014942299585614,-3.8762388888888895,-0.21673728520330537,0.8000000000000003,-1.0,-1.0,2.7777777777777777,2.7777777777777777,13.50938888888889,3.2032267193801056,3.8615277777777868,0.06580697126144663,0.0,-1.0,-1.0,2.7777777777777777,2.7777777777777777
5,1.1,False,0,0.25454545454545474,True,13.76238888888889,-3.8806592604557126,-3.8762388888888895,1.2303858574380548,0.7200000000000002,-1.1,-1.1,2.7777777777777777,2.7777777777777777,13.76238888888889,3.871140537492585,2.965466666666665,0.6900302273094767,-0.0499999999999996,-1.1,-1.1,2.7777777777777777,2.7777777777777777
5,1.2000000000000002,False,0,0.03333333333333354,True,12.623888888888889,-3.606314079122538,-3.9795000000000007,0.7056644924929634,0.52,-1.2000000000000002,-1.2000000000000002,2.7777777777777777,2.7777777777777777,11.991388888888888,0.07761303462347424,0.627305555555556,0.5305381664999929,-0.07999999999999963,-1.2000000000000002,-1.2000000000000002,2.7777777777777777,2.7777777777777777
5,1.3,True,1,0.0,True,9.713800888888887,-2.893300102995176,-3.95637708888889,-0.6711245312420298,0.2999999999999998,-1.3,-1.3,2.7777777777777777,2.7777777777777777,9.713800888888887,-2.8000827349734037,-1.8755701555555548,0.3413713505792728,-0.09000000000000008,-1.3,-1.3,2.7777777777777777,2.7777777777777777
5,1.4000000000000001,True,1,0.0,True,11.991388888888888,-3.530405067333967,-4.042750000000001,1.6163460935920448,0.33999999999999986,-1.4000000000000001,-1.4000000000000001,2.7777777777777777,2.7777777777777777,11.991388888888888,-1.0115777216790507,-1.278666666666667,-0.7001340440848542,-0.08000000000000007,-1.4000000000000001,-1.4000000000000001,2.7777777777777777,2.7777777777777777
5,1.5,True,1,0.0,True,11.232388888888888,-4.107667813648702,-4.2916,0.7450358844412124,0.25,-1.5,-1.5,2.7777777777777777,2.7777777777777777,11.232388888888888,-1.9965011383787603,-2.61747777777778,-0.02008351177711809,-0.04999999999999982,-1.5,-1.5,2.7777777777777777,2.7777777777777777
5,1.6,True,1,0.0,True,10.473094888888888,-4.004019116370055,-3.9500205999999993,0.48931600193277713,0.16000000000000014,-1.6,-1.6,2.7777777777777777,2.7777777777777777,10.473094888888888,-3.133867176616566,-3.11091597777778,0.03058117856340936,-0.1599999999999997,-1.6,-1.6,2.7777777777777777,2.7777777777777777
5,1.7000000000000002,True,1,0.0,True,11.232388888888888,-3.473237687411605,-4.291600000000002,0.4957878099338151,0.07000000000000028,-1.7000000000000002,-1.7000000000000002,2.7777777777777777,2.7777777777777777,11.232388888888888,-2.759834355200609,-3.462938888888888,-1.8254128092050148,-0.09999999999999964,-1.7000000000000002,-1.7000000000000002,2.7777777777777777,2.7777777777777777
6,0.0,False,0,4.0,False,13.88888888888889,-3.503046354835509,-4.000000000000001,1.8561444347178995,1.6,0.0,0.0,2.7777777777777777,2.7777777777777777,,,,,,,,,
6,0.1,False,0,4.0,True,13.88888888888889,-3.972782609189866,-4.000000000000001,1.0280654356043906,1.5100000000000002,-0.1,-0.1,2.7777777777777777,2.7777777777777777,13.88888888888889,163.98132942419167,164.28888888888855,0.45296909934144125,-0.00999999999999579,-0.1,-0.1,2.7777777777777777,2.7777777777777777
6,0.2,False,0,4.0,True,13.88888888888889,-3.8486619973401917,-4.000000000000001,1.8348804640387137,1.42,-0.2,-0.2,2.7777777777777777,2.7777777777777777,13.88888888888889,75.23829349576184,75.39999999999986,-0.4494362208863967,-0.019999999999997353,-0.2,-0.2,2.7777777777777777,2.7777777777777777
6,0.30000000000000004,False,0,4.0,True,13.88888888888889,-3.399680692613196,-4.000000000000001,1.4046130338891838,1.33,-0.30000000000000004,-0.30000000000000004,2.7777777777777777,2.7777777777777777,13.88888888888889,45.51507085385136,45.399999999999935,1.8556747071386757,-0.020000000000001572,-0.30000000000000004,-0.30000000000000004,2.7777777777777777,2.7777777777777777
6,0.4,False,0,2.7000000000000006,True,13.88888888888889,-4.09684371880788,-4.000000000000001,1.369090031773469,1.2400000000000002,-0.4,-0.4,2.7777777777777777,2.7777777777777777,13.88888888888889,30.47802186387592,29.844444444444402,-0.16109897160970776,-6.661338147750939e-16,-0.4,-0.4,2.7777777777777777,2.7777777777777777
6,0.5,False,0,1.9000000000000004,True,13.88888888888889,-3.925559179446741,-4.000000000000001,0.1739606190029397,1.15,-0.5,-0.5,2.7777777777777777,2.7777777777777777,13.76238888888889,19.618601722362932,20.664605555555585,0.552106366480337,0.0,-0.5,-0.5,2.7777777777777777,2.7777777777777777
6,0.6000000000000001,False,0,1.366666666666667,True,13.88888888888889,-3.763667075706956,-4.000000000000001,1.6708566005683165,1.06,-0.6000000000000001,-0.6000000000000001,2.7777777777777777,2.7777777777777777,13.76238888888889,14.940257938192637,15.17230000000001,0.5360827999550923,-0.019999999999999574,-0.6000000000000001,-0.6000000000000001,2.7777777777777777,2.7777777777777777
6,0.7000000000000001,False,0,0.9857142857142855,True,13.88888888888889,-3.765811824705783,-4.000000000000001,2.224961058746904,0.9700000000000002,-0.7000000000000001,-0.7000000000000001,2.7777777777777777,2.7777777777777777,13.88888888888889,11.695064821937816,10.95555555555556,0.27429514952235623,-0.009999999999999343,-0.7000000000000001,-0.7000000000000001,2.7777777777777777,2.7777777777777777
6,0.8,False,0,0.7000000000000001,True,13.129888888888889,-4.04889738856206,-3.873499999999999,0.6795032122510878,0.8800000000000003,-0.8,-0.8,2.7777777777777777,2.7777777777777777,12.623888888888889,5.739537076037302,6.104222222222224,0.23049629234919067,-2.220446049250313e-16,-0.8,-0.8,2.7777777777777777,2.7777777777777777
6,0.9,False,0,0.47777777777777747,True,13.129888888888889,-3.2747779971953657,-3.873499999999999,0.8131171851895775,0.79,-0.9,-0.9,2.7777777777777777,2.7777777777777777,12.623888888888889,4.859334982165877,4.1350000000000025,-0.6581366024858579,-0.02000000000000024,-0.9,-0.9,2.7777777777777777,2.7777777777777777
6,1.0,False,0,0.30000000000000027,True,13.129888888888889,-2.8654179061058267,-3.873499999999999,1.441513167315867,0.7000000000000002,-1.0,-1.0,2.7777777777777777,2.7777777777777777,12.623888888888889,1.9149653988745827,2.1657777777777794,0.032741769706589485,0.0,-1.0,-1.0,2.7777777777777777,2.7777777777777777
6,1.1,False,0,0.054545454545454994,True,11.232388888888888,-4.293448299428429,-4.197288888888891,0.03958601120636063,0.5000000000000004,-1.1,-1.1,2.7777777777777777,2.7777777777777777,11.232388888888888,-0.435367142909473,0.03001666666666214,0.26409267115438917,-0.0499999999999996,-1.1,-1.1,2.7777777777777777,2.7777777777777777
6,1.2000000000000002,True,1,0.0,True,10.473094888888888,-4.190270994339982,-4.06113171111111,1.6590870934726802,0.3999999999999999,-1.2000000000000002,-1.2000000000000002,2.7777777777777777,2.7777777777777777,9.713800888888887,-0.8539988545344857,-1.6885296444444462,-0.044427647382319746,-0.07999999999999963,-1.2000000000000002,-1.2000000000000002,2.7777777777777777,2.7777777777777777
6,1.3,True,1,0.0,True,11.991388888888888,-3.9906024142568706,-4.12138888888889,1.2155773608357134,0.2999999999999998,-1.3,-1.3,2.7777777777777777,2.7777777777777777,11.991388888888888,-0.6150639963330855,-1.3573055555555547,0.7463045140160856,-0.09000000000000008,-1.3,-1.3,2.7777777777777777,2.7777777777777777
6,1.4000000000000001,True,2,0.0,True,7.435918888888886,-4.135870141059324,-4.1577423333333305,1.248629917557353,-0.08000000000000007,-1.4000000000000001,-1.4000000000000001,2.7777777777777777,2.7777777777777777,7.435918888888886,-4.135870141059324,-4.1577423333333305,1.248629917557353,-0.08000000000000007,-1.4000000000000001,-1.4000000000000001,2.7777777777777777,2.7777777777777777
6,1.5,True,1,0.0,True,10.473094888888888,-3.9376931381575124,-4.06113171111111,0.17481729019776981,0.10000000000000009,-1.5,-1.5,2.7777777777777777,2.7777777777777777,9.713800888888887,-3.573257515380889,-3.845265977777779,-0.9629061680272325,-0.04999999999999982,-1.5,-1.5,2.7777777777777777,2.7777777777777777
6,1.6,True,1,0.0,True,10.473094888888888,-2.376032521693893,-4.06113171111111,0.8912422300500924,2.220446049250313e-16,-1.6,-1.6,2.7777777777777777,2.7777777777777777,9.713800888888887,-3.195201659851139,-3.845265977777779,0.4370353154055282,-0.1599999999999997,-1.6,-1.6,2.7777777777777777,2.7777777777777777
6,1.7000000000000002,True,2,0.0,True,7.435918888888886,-4.198433405693351,-4.157742333333332,-0.03778819186903437,-0.4399999999999995,-1.7000000000000002,-1.7000000000000002,2.7777777777777777,2.7777777777777777,8.954506888888886,-3.4203748568504,-3.1501847111111116,-0.3064191776518559,-0.09999999999999964,-1.7000000000000002,-1.7000000000000002,2.7777777777777777,2.7777777777777777
7,0.0,False,0,4.0,True,13.88888888888889,-3.8951167340162938,-4.111111111111112,1.450571612658179,1.6,0.0,0.0,2.7777777777777777,2.7777777777777777,,,,,,,,,
7,0.1,False,0,4.0,False,13.88888888888889,-3.653792950135922,-4.111111111111112,1.3989477272933555,1.5,-0.1,-0.1,2.7777777777777777,2.7777777777777777,13.88888888888889,161.9947711347684,163.28888888888855,-0.7212647713436269,-0.00999999999999579,-0.1,-0.1,2.7777777777777777,2.7777777777777777
7,0.2,False,0,4.0,True,13.88888888888889,-3.7306595853129023,-4.111111111111112,0.7155297459902363,1.4,-0.2,-0.2,2.7777777777777777,2.7777777777777777,13.88888888888889,75.19100659278831,74.39999999999986,-0.0985841678542625,-0.019999999999997353,-0.2,-0.2,2.7777777777777777,2.7777777777777777
7,0.30000000000000004,False,0,3.9333333333333327,True,13.88888888888889,-3.8366735801301006,-4.111111111111112,1.0076160222547013,1.3000000000000003,-0.30000000000000004,-0.30000000000000004,2.7777777777777777,2.7777777777777777,13.88888888888889,45.80216704670633,44.399999999999935,0.4682101959034264,-0.020000000000001572,-0.30000000000000004,-0.30000000000000004,2.7777777777777777,2.7777777777777777
7,0.4,False,0,2.6,True,13.88888888888889,-3.6954648490774415,-4.111111111111112,1.9673063356308962,1.2000000000000002,-0.4,-0.4,2.7777777777777777,2.7777777777777777,13.88888888888889,28.91225122470816,28.844444444444402,-0.27507248628361847,-6.661338147750939e-16,-0.4,-0.4,2.7777777777777777,2.7777777777777777
7,0.5,False,0,1.7999999999999998,True,13.88888888888889,-4.0479975130227634,-4.111111111111112,-0.11689138120188991,1.1,-0.5,-0.5,2.7777777777777777,2.7777777777777777,13.88888888888889,19.457775576325712,19.955555555555538,0.2868464715302439,0.0,-0.5,-0.5,2.7777777777777777,2.7777777777777777
7,0.6000000000000001,False,0,1.2666666666666668,True,13.76238888888889,-3.484968650065377,-4.098461111111111,0.20923270263965632,1.0,-0.6000000000000001,-0.6000000000000001,2.7777777777777777,2.7777777777777777,13.76238888888889,13.626951523764077,14.17230000000001,-1.2131953712276284,-0.019999999999999574,-0.6000000000000001,-0.6000000000000001,2.7777777777777777,2.7777777777777777
7,0.7000000000000001,False,0,0.8857142857142858,True,13.129888888888889,-4.002188407782556,-3.9846111111111098,0.5023976760230151,0.8999999999999999,-0.7000000000000001,-0.7000000000000001,2.7777777777777777,2.7777777777777777,12.623888888888889,8.283302858990304,8.184555555555558,0.8930111362930151,-0.009999999999999343,-0.7000000000000001,-0.7000000000000001,2.7777777777777777,2.7777777777777777
7,0.8,False,0,0.4999999999999999,True,12.623888888888889,-4.033079565230218,-3.8581111111111097,0.6686476953835481,0.8000000000000003,-0.8,-0.8,2.7777777777777777,2.7777777777777777,11.991388888888888,4.464155827100385,4.4717222222222235,-0.4024298605561105,-2.220446049250313e-16,-0.8,-0.8,2.7777777777777777,2.7777777777777777
7,0.9,False,0,0.17777777777777745,True,11.232388888888888,-3.7244827455753446,-4.08617777777778,0.4857572386336,0.6099999999999999,-0.9,-0.9,2.7777777777777777,2.7777777777777777,10.473094888888888,1.7624267009092938,1.3005441999999983,0.9991604984135498,-0.02000000000000024,-0.9,-0.9,2.7777777777777777,2.7777777777777777
7,1.0,True,1,0.0,True,8.954506888888886,-4.207225610105696,-4.227593066666667,-0.2716111153546734,0.3999999999999999,-1.0,-1.0,2.7777777777777777,2.7777777777777777,8.195212888888886,-2.502492021347517,-2.0606190222222205,-0.6493534965326546,0.0,-1.0,-1.0,2.7777777777777777,2.7777777777777777
7,1.1,True,1,0.0,True,11.232388888888888,-3.804607580723535,-4.08617777777778,0.2370615719132343,0.3900000000000001,-1.1,-1.1,2.7777777777777777,2.7777777777777777,11.232388888888888,-0.5682135382325901,-0.704333333333337,0.7738872955638167,-0.0499999999999996,-1.1,-1.1,2.7777777777777777,2.7777777777777777
7,1.2000000000000002,True,1,0.0,True,9.713800888888887,-4.100928441615262,-4.151663666666667,-0.9203413867734207,0.16000000000000014,-1.2000000000000002,-1.2000000000000002,2.7777777777777777,2.7777777777777777,8.195212888888886,-3.5341979139377413,-2.992247244444445,0.3056081049166277,-0.07999999999999963,-1.2000000000000002,-1.2000000000000002,2.7777777777777777,2.7777777777777777
7,1.3,True,1,0.0,True,10.473094888888888,-3.4557677128514923,-4.172242822222219,-0.7845623471823675,0.16999999999999993,-1.3,-1.3,2.7777777777777777,2.7777777777777777,10.473094888888888,-2.4530718985682656,-2.8886937555555567,-0.7187531375447893,-0.09000000000000008,-1.3,-1.3,2.7777777777777777,2.7777777777777777
7,1.4000000000000001,True,1,0.0,True,10.473094888888888,-3.8159874170360046,-4.172242822222219,0.30659019608308524,0.05999999999999983,-1.4000000000000001,-1.4000000000000001,2.7777777777777777,2.7777777777777777,9.713800888888887,-4.179839561747346,-3.7341548666666684,-0.63884726547959,-0.08000000000000007,-1.4000000000000001,-1.4000000000000001,2.7777777777777777,2.7777777777777777
7,1.5,True,2,0.0,True,7.435918888888886,-3.5520465669649512,-4.268853444444443,-1.3353464179200984,-0.34999999999999987,-1.5,-1.5,2.7777777777777777,2.7777777777777777,8.954506888888886,-3.1874795147245836,-3.2612958222222206,0.6458858907207943,-0.04999999999999982,-1.5,-1.5,2.7777777777777777,2.7777777777777777
7,1.6,True,2,0.0,True,8.954506888888886,-4.023361578256641,-4.227593066666667,0.04077603581348055,-0.31999999999999984,-1.6,-1.6,2.7777777777777777,2.7777777777777777,9.713800888888887,-3.704846746952499,-3.7547340222222205,-0.9716563288682455,-0.1599999999999997,-1.6,-1.6,2.7777777777777777,2.7777777777777777
7,1.7000000000000002,True,2,0.0,True,2.880154888888887,-1.6797186350979354,-2.1358873777777765,-1.4061157779954345,-1.1199999999999992,-1.7000000000000002,-1.7000000000000002,2.7777777777777777,2.7777777777777777,7.435918888888886,-1.584539638871422,-0.9355201111111109,-0.46168136262790527,-0.09999999999999964,-1.7000000000000002,-1.7000000000000002,2.7777777777777777,2.7777777777777777
8,0.0,False,0,4.0,True,13.88888888888889,-3.707385697157803,-4.222222222222222,1.6705112647679852,1.6,0.0,0.0,2.7777777777777777,2.7777777777777777,,,,,,,,,
8,0.1,False,0,4.0,True,13.88888888888889,-3.689363141500812,-4.222222222222222,0.8967362601279527,1.4900000000000002,-0.1,-0.1,2.7777777777777777,2.7777777777777777,13.88888888888889,162.80751647776557,162.28888888888855,-0.8629856578307282,-0.00999999999999579,-0.1,-0.1,2.7777777777777777,2.7777777777777777
8,0.2,False,0,4.0,True,13.88888888888889,-4.16254156070847,-4.222222222222222,0.7968232539783702,1.3800000000000003,-0.2,-0.2,2.7777777777777777,2.7777777777777777,13.88888888888889,73.25796573193598,73.39999999999986,0.2854387013965698,-0.019999999999997353,-0.2,-0.2,2.7777777777777777,2.7777777777777777
8,0.30000000000000004,False,0,3.9333333333333327,True,13.88888888888889,-3.683861825226903,-4.222222222222222,1.7538933483181967,1.27,-0.30000000000000004,-0.30000000000000004,2.7777777777777777,2.7777777777777777,13.88888888888889,43.154145263470014,43.399999999999935,-0.9478329886274499,-0.020000000000001572,-0.30000000000000004,-0.30000000000000004,2.7777777777777777,2.7777777777777777
8,0.4,False,0,2.6,True,13.88888888888889,-4.126474560077615,-4.222222222222222,0.6216838551078987,1.1600000000000001,-0.4,-0.4,2.7777777777777777,2.7777777777777777,13.88888888888889,26.760499590273884,27.844444444444402,0.3145110373454698,-6.661338147750939e-16,-0.4,-0.4,2.7777777777777777,2.7777777777777777
8,0.5,False,0,1.7999999999999998,True,13.88888888888889,-3.025339603606924,-4.222222222222222,0.6902650896026543,1.0500000000000003,-0.5,-0.5,2.7777777777777777,2.7777777777777777,13.76238888888889,18.931567425893146,18.689905555555587,-0.10763786442930567,0.0,-0.5,-0.5,2.7777777777777777,2.7777777777777777
8,0.6000000000000001,False,0,1.0666666666666667,True,12.623888888888889,-3.970383446421752,-3.9692222222222204,0.5674463790340591,0.94,-0.6000000000000001,-0.6000000000000001,2.7777777777777777,2.7777777777777777,11.991388888888888,10.255151427315749,10.111000000000008,0.5874067756818504,-0.019999999999999574,-0.6000000000000001,-0.6000000000000001,2.7777777777777777,2.7777777777777777
8,0.7000000000000001,False,0,0.6857142857142863,True,12.623888888888889,-3.633768689515386,-3.9692222222222204,-0.512095743711731,0.8300000000000001,-0.7000000000000001,-0.7000000000000001,2.7777777777777777,2.7777777777777777,11.991388888888888,5.648387911318623,6.425555555555559,-0.6718170143766682,-0.009999999999999343,-0.7000000000000001,-0.7000000000000001,2.7777777777777777,2.7777777777777777
8,0.8,False,0,0.3999999999999998,True,11.232388888888888,-4.185302832185296,-3.9750666666666676,1.0447085076069604,0.6400000000000001,-0.8,-0.8,2.7777777777777777,2.7777777777777777,11.232388888888888,3.7248755930879023,2.788622222222217,0.07281166227916258,-2.220446049250313e-16,-0.8,-0.8,2.7777777777777777,2.7777777777777777
8,0.9,False,0,0.17777777777777745,True,11.991388888888888,-4.217115432691716,-3.899166666666667,0.2499846831633259,0.52,-0.9,-0.9,2.7777777777777777,2.7777777777777777,11.991388888888888,0.45604861444352185,1.6290000000000022,-0.546684019577657,-0.02000000000000024,-0.9,-0.9,2.7777777777777777,2.7777777777777777
8,1.0,True,1,0.0,True,10.473094888888888,-4.043706103199095,-4.2833539333333315,0.48433816013249187,0.3999999999999999,-1.0,-1.0,2.7777777777777777,2.7777777777777777,9.713800888888887,-1.347179635300967,-1.5422368222222245,-0.12607697848150878,0.0,-1.0,-1.0,2.7777777777777777,2.7777777777777777
8,1.1,True,1,0.0,True,7.435918888888886,-3.785128537292688,-4.220035444444444,-0.020471184151865662,0.0600000000000005,-1.1,-1.1,2.7777777777777777,2.7777777777777777,6.676624888888886,-3.798309825984915,-3.8301507333333324,0.37168289010958366,-0.0499999999999996,-1.1,-1.1,2.7777777777777777,2.7777777777777777
8,1.2000000000000002,True,1,0.0,True,8.954506888888886,-3.775016591240248,-4.116481955555556,-0.5690994294007816,0.04000000000000026,-1.2000000000000002,-1.2000000000000002,2.7777777777777777,2.7777777777777777,8.195212888888886,-3.3738978566559146,-3.5747384444444448,0.18576616647550237,-0.07999999999999963,-1.2000000000000002,-1.2000000000000002,2.7777777777777777,2.7777777777777777
8,1.3,True,2,0.0,True,2.120860888888887,-4.024034264227018,-4.231449533333346,-1.2137604784563107,-1.520000000000001,-1.3,-1.3,2.7777777777777777,2.7777777777777777,7.435918888888886,-2.714120818415762,-3.268853444444443,-0.14380794747729864,-0.09000000000000008,-1.3,-1.3,2.7777777777777777,2.7777777777777777
8,1.4000000000000001,True,2,0.0,True,9.713800888888887,-3.290394221173856,-4.040552555555556,-1.0946155158119142,-0.21999999999999975,-1.4000000000000001,-1.4000000000000001,2.7777777777777777,2.7777777777777777,9.713800888888887,-3.7420811576352913,-3.8658451333333312,-0.16273554257162748,-0.08000000000000007,-1.4000000000000001,-1.4000000000000001,2.7777777777777777,2.7777777777777777
8,1.5,True,2,0.0,True,7.435918888888886,-4.285502797869966,-4.220035444444444,-0.752809372774798,-0.5,-1.5,-1.5,2.7777777777777777,2.7777777777777777,9.713800888888887,-2.2508612792214437,-2.7547340222222205,-1.737979552289574,-0.04999999999999982,-1.5,-1.5,2.7777777777777777,2.7777777777777777
8,1.6,True,2,0.0,True,8.195212888888886,-3.940605025209133,-4.144106044444444,-0.32368353715486986,-0.6400000000000001,-1.6,-1.6,2.7777777777777777,2.7777777777777777,9.713800888888887,-2.9874261435208025,-2.7547340222222205,1.1298123400033107,-0.1599999999999997,-1.6,-1.6,2.7777777777777777,2.7777777777777777
8,1.7000000000000002,True,2,0.0,True,5.158036888888887,-3.172335568317343,-4.210719377777774,-0.632567241122308,-1.1199999999999992,-1.7000000000000002,-1.7000000000000002,2.7777777777777777,2.7777777777777777,9.713800888888887,-0.7654917148301061,-1.6436229111111116,-1.3776819445336272,-0.09999999999999964,-1.7000000000000002,-1.7000000000000002,2.7777777777777777,2.7777777777777777
9,0.0,False,0,4.0,False,13.88888888888889,-4.1518164171211955,-4.266666666666665,1.255813283682782,1.6,0.0,0.0,2.7777777777777777,2.7777777777777777,,,,,,,,,
9,0.1,False,0,4.0,True,13.88888888888889,-3.6009048721962307,-4.266666666666665,1.5420460569972638,1.48,-0.1,-0.1,2.7777777777777777,2.7777777777777777,13.88888888888889,160.475440111797,161.28888888888855,0.09980072880752067,-0.00999999999999579,-0.1,-0.1,2.7777777777777777,2.7777777777777777
9,0.2,False,0,4.0,True,13.88888888888889,-3.940577449627958,-4.266666666666665,1.5397726420737232,1.3599999999999999,-0.2,-0.2,2.7777777777777777,2.7777777777777777,13.88888888888889,72.6855227143278,72.39999999999986,-0.1590174409079348,-0.019999999999997353,-0.2,-0.2,2.7777777777777777,2.7777777777777777
9,0.30000000000000004,False,0,3.833333333333335,True,13.88888888888889,-4.206595559586051,-4.266666666666665,1.5750529973226186,1.2400000000000002,-0.30000000000000004,-0.30000000000000004,2.7777777777777777,2.7777777777777777,13.88888888888889,43.41628848796512,42.399999999999935,-0.18170264247345402,-0.020000000000001572,-0.30000000000000004,-0.30000000000000004,2.7777777777777777,2.7777777777777777
9,0.4,False,0,2.5,True,13.88888888888889,-3.9612183507501326,-4.266666666666665,1.1477872170219077,1.12,-0.4,-0.4,2.7777777777777777,2.7777777777777777,13.88888888888889,26.241292395105084,26.844444444444402,0.47728145340322703,-6.661338147750939e-16,-0.4,-0.4,2.7777777777777777,2.7777777777777777
9,0.5,False,0,1.7000000000000002,True,13.88888888888889,-4.0338496992918484,-4.266666666666665,1.2966650843624574,1.0,-0.5,-0.5,2.7777777777777777,2.7777777777777777,13.76238888888889,17.531300533107743,17.702555555555588,-0.1582050332200151,0.0,-0.5,-0.5,2.7777777777777777,2.7777777777777777
9,0.6000000000000001,False,0,1.1666666666666667,True,13.76238888888889,-3.8508989367474156,-4.279316666666662,0.6085100091224995,0.8800000000000003,-0.6000000000000001,-0.6000000000000001,2.7777777777777777,2.7777777777777777,13.76238888888889,13.007340049438223,12.197600000000012,-0.4672831591576301,-0.019999999999999574,-0.6000000000000001,-0.6000000000000001,2.7777777777777777,2.7777777777777777
9,0.7000000000000001,False,0,0.6857142857142863,True,13.129888888888889,-3.9906556183484723,-4.206833333333335,1.8769222160871584,0.7600000000000002,-0.7000000000000001,-0.7000000000000001,2.7777777777777777,2.7777777777777777,12.623888888888889,5.595875043738897,6.4375555555555595,0.41575250058560753,-0.009999999999999343,-0.7000000000000001,-0.7000000000000001,2.7777777777777777,2.7777777777777777
9,0.8,False,0,0.09999999999999953,True,10.473094888888888,-3.3724677243892023,-4.205534955555556,0.5037172667578051,0.56,-0.8,-0.8,2.7777777777777777,2.7777777777777777,9.713800888888887,0.674287828732532,0.6496812222222212,-0.42309794239381193,-2.220446049250313e-16,-0.8,-0.8,2.7777777777777777,2.7777777777777777
9,0.9,False,0,0.17777777777777745,True,12.623888888888889,-4.109948288318178,-3.9538333333333346,0.7875598960532515,0.52,-0.9,-0.9,2.7777777777777777,2.7777777777777777,12.623888888888889,1.9027253910391382,1.2615000000000025,0.1529442377356518,-0.02000000000000024,-0.9,-0.9,2.7777777777777777,2.7777777777777777
9,1.0,True,1,0.0,True,8.195212888888886,-2.431802932955793,-4.032994933333334,0.24112351337454507,0.10000000000000009,-1.0,-1.0,2.7777777777777777,2.7777777777777777,8.195212888888886,-4.125473911918717,-3.4912514222222226,0.2730600891592685,0.0,-1.0,-1.0,2.7777777777777777,2.7777777777777777
9,1.1,True,1,0.0,True,10.473094888888888,-3.9278559918556857,-4.205534955555556,0.9110295768978438,0.17000000000000037,-1.1,-1.1,2.7777777777777777,2.7777777777777777,9.713800888888887,-3.8369521450870527,-2.8183303333333347,0.8471439634008378,-0.0499999999999996,-1.1,-1.1,2.7777777777777777,2.7777777777777777
9,1.2000000000000002,True,2,0.0,True,7.435918888888886,-4.215947510477451,-4.108924333333333,-1.580216076445247,-0.1999999999999995,-1.2000000000000002,-1.2000000000000002,2.7777777777777777,2.7777777777777777,8.195212888888886,-3.992814861332767,-4.025261555555555,-0.31529371046071986,-0.07999999999999963,-1.2000000000000002,-1.2000000000000002,2.7777777777777777,2.7777777777777777
9,1.3,True,2,0.0,True,7.435918888888886,-3.3968702610821166,-4.108924333333333,-0.33729234107700545,-0.3500000000000003,-1.3,-1.3,2.7777777777777777,2.7777777777777777,8.954506888888886,-3.5216980005018774,-3.483518044444444,0.3530566721908346,-0.09000000000000008,-1.3,-1.3,2.7777777777777777,2.7777777777777777
9,1.4000000000000001,True,2,0.0,True,7.435918888888886,-3.8705959950564717,-4.108924333333333,0.19561082820046094,-0.49999999999999956,-1.4000000000000001,-1.4000000000000001,2.7777777777777777,2.7777777777777777,9.713800888888887,-2.28870827814304,-2.865845133333333,-0.8548829722123676,-0.08000000000000007,-1.4000000000000001,-1.4000000000000001,2.7777777777777777,2.7777777777777777
9,1.5,True,2,0.0,True,7.435918888888886,-3.8326407522914883,-4.108924333333333,-1.4055688453924247,-0.6499999999999999,-1.5,-1.5,2.7777777777777777,2.7777777777777777,10.473094888888888,-3.572859496915034,-2.172242822222219,-0.24597076007836272,-0.04999999999999982,-1.5,-1.5,2.7777777777777777,2.7777777777777777
9,1.6,True,2,0.0,True,2.880154888888887,-2.6365486067996917,-2.358109599999998,-1.0059049447917312,-1.2800000000000007,-1.6,-1.6,2.7777777777777777,2.7777777777777777,8.195212888888886,-0.3468255942979317,-0.6919282222222192,-0.6993954651119831,-0.1599999999999997,-1.6,-1.6,2.7777777777777777,2.7777777777777777
9,1.7000000000000002,True,2,0.0,True,2.880154888888887,-3.563901868520854,-3.469220711111105,-1.2499959118440815,-1.629999999999999,-1.7000000000000002,-1.7000000000000002,2.7777777777777777,2.7777777777777777,9.713800888888887,-0.6616804452992104,-0.6436229111111116,-0.3047485274652073,-0.09999999999999964,-1.7000000000000002,-1.7000000000000002,2.7777777777777777,2.7777777777777777
10,0.0,False,0,4.0,True,13.88888888888889,-4.241104264788585,-4.155555555555554,1.5120790618820417,1.6,0.0,0.0,2.7777777777777777,2.7777777777777777,,,,,,,,,
10,0.1,False,0,4.0,True,13.88888888888889,-4.153955443537721,-4.155555555555554,1.8054072034510948,1.4700000000000002,-0.1,-0.1,2.7777777777777777,2.7777777777777777,13.88888888888889,159.3309443810583,160.28888888888855,0.038223552606083455,-0.00999999999999579,-0.1,-0.1,2.7777777777777777,2.7777777777777777
10,0.2,False,0,4.0,True,13.88888888888889,-3.605318812744982,-4.155555555555554,0.6915445114282872,1.3400000000000003,-0.2,-0.2,2.7777777777777777,2.7777777777777777,13.88888888888889,71.22726702871348,71.39999999999986,1.396637655997198,-0.019999999999997353,-0.2,-0.2,2.7777777777777777,2.7777777777777777
10,0.30000000000000004,False,0,3.733333333333334,True,13.88888888888889,-3.4940014214811823,-4.155555555555554,1.1830909950105872,1.21,-0.30000000000000004,-0.30000000000000004,2.7777777777777777,2.7777777777777777,13.88888888888889,40.621677236537096,41.399999999999935,-0.3983992041461468,-0.020000000000001572,-0.30000000000000004,-0.30000000000000004,2.7777777777777777,2.7777777777777777
10,0.4,False,0,2.4,True,13.88888888888889,-4.259655438204866,-4.155555555555554,0.769802800511949,1.08,-0.4,-0.4,2.7777777777777777,2.7777777777777777,13.76238888888889,25.04302240354994,25.502894444444504,0.6469655268155519,-6.661338147750939e-16,-0.4,-0.4,2.7777777777777777,2.7777777777777777
10,0.5,False,0,1.5,True,13.129888888888889,-4.021743935334189,-4.282055555555554,1.4888502940954607,0.9500000000000002,-0.5,-0.5,2.7777777777777777,2.7777777777777777,12.623888888888889,14.409462623004746,14.47615555555554,-0.4062233990350237,0.0,-0.5,-0.5,2.7777777777777777,2.7777777777777777
10,0.6000000000000001,False,0,0.9666666666666673,True,12.623888888888889,-4.151270267135305,-4.191444444444445,-0.26775443027453805,0.8200000000000003,-0.6000000000000001,-0.6000000000000001,2.7777777777777777,2.7777777777777777,12.623888888888889,8.86044596625202,9.376000000000001,0.13818783127670065,-0.019999999999999574,-0.6000000000000001,-0.6000000000000001,2.7777777777777777,2.7777777777777777
10,0.7000000000000001,True,1,0.0,True,6.676624888888886,-3.4393742362753086,-4.27084508888889,0.7405680236078611,0.4100000000000006,-0.7000000000000001,-0.7000000000000001,2.7777777777777777,2.7777777777777777,6.676624888888886,-2.4293707613725983,-1.989846644444433,0.0775661497011122,-0.009999999999999343,-0.7000000000000001,-0.7000000000000001,2.7777777777777777,2.7777777777777777
10,0.8,False,0,0.2999999999999997,True,12.623888888888889,-3.7703110691242747,-4.191444444444445,0.5287240432703815,0.56,-0.8,-0.8,2.7777777777777777,2.7777777777777777,11.991388888888888,1.6297592086025405,2.0409722222222237,1.0974848320822388,-2.220446049250313e-16,-0.8,-0.8,2.7777777777777777,2.7777777777777777
10,0.9,True,1,0.0,True,8.195212888888886,-3.278529498640519,-4.136372666666666,0.2530480807227167,0.24999999999999956,-0.9,-0.9,2.7777777777777777,2.7777777777777777,6.676624888888886,-2.9256994418175557,-3.0661849999999964,0.29494856246871715,-0.02000000000000024,-0.9,-0.9,2.7777777777777777,2.7777777777777777
10,1.0,True,1,0.0,True,10.473094888888888,-3.9952505739556967,-4.163996755555554,0.2739452957272528,0.20000000000000018,-1.0,-1.0,2.7777777777777777,2.7777777777777777,9.713800888888887,-3.1696008562461477,-3.0487986222222245,-0.19104314530586697,0.0,-1.0,-1.0,2.7777777777777777,2.7777777777777777
10,1.1,True,2,0.0,True,8.195212888888886,-3.7165335461769287,-4.136372666666666,-0.0727061919769878,-0.0499999999999996,-1.1,-1.1,2.7777777777777777,2.7777777777777777,8.195212888888886,-3.7165335461769287,-4.136372666666666,-0.0727061919769878,-0.0499999999999996,-1.1,-1.1,2.7777777777777777,2.7777777777777777
10,1.2000000000000002,True,2,0.0,True,9.713800888888887,-4.161857239154297,-4.0880673555555544,-1.229013946217892,-0.07999999999999963,-1.2000000000000002,-1.2000000000000002,2.7777777777777777,2.7777777777777777,9.713800888888887,-4.161857239154297,-4.0880673555555544,-1.229013946217892,-0.07999999999999963,-1.2000000000000002,-1.2000000000000002,2.7777777777777777,2.7777777777777777
10,1.3,True,2,0.0,True,2.880154888888887,-3.0380212659887738,-2.4692207111111015,-0.6632901557811601,-0.8700000000000006,-1.3,-1.3,2.7777777777777777,2.7777777777777777,7.435918888888886,-1.7770852719295087,-1.268853444444443,0.4458304692346542,-0.09000000000000008,-1.3,-1.3,2.7777777777777777,2.7777777777777777
10,1.4000000000000001,True,2,0.0,True,2.880154888888887,-2.1920686878179927,-3.590569533333329,-0.03395981462668418,-1.3399999999999985,-1.4000000000000001,-1.4000000000000001,2.7777777777777777,2.7777777777777777,8.954506888888886,-1.2882428670426238,-1.3724069333333349,-0.7837396054223937,-0.08000000000000007,-1.4000000000000001,-1.4000000000000001,2.7777777777777777,2.7777777777777777
10,1.5,True,2,0.0,True,2.880154888888887,-4.246579881378241,-3.580331822222216,-1.124314684233101,-1.4,-1.5,-1.5,2.7777777777777777,2.7777777777777777,9.713800888888887,-0.6009042026795166,-0.7547340222222205,-0.46145763447521304,-0.04999999999999982,-1.5,-1.5,2.7777777777777777,2.7777777777777777
10,1.6,True,2,0.0,True,5.917330888888887,-4.007255987622673,-4.194915688888886,-1.058282438312379,-1.1200000000000006,-1.6,-1.6,2.7777777777777777,2.7777777777777777,10.473094888888888,-0.5254172959351555,-1.172242822222219,-0.7063764221867717,-0.1599999999999997,-1.6,-1.6,2.7777777777777777,2.7777777777777777
10,1.7000000000000002,True,2,0.0,True,2.880154888888887,-0.6321289689810348,-1.358109599999998,-0.9207260311058194,-1.459999999999999,-1.7000000000000002,-1.7000000000000002,2.7777777777777777,2.7777777777777777,8.954506888888886,0.2740424153594825,0.8498152888888884,-0.29200678364273003,-0.09999999999999964,-1.7000000000000002,-1.7000000000000002,2.7777777777777777,2.7777777777777777
11,0.0,False,0,4.0,True,13.88888888888889,-2.8094184703933953,-4.044444444444443,1.9506984712956945,1.6,0.0,0.0,2.7777777777777777,2.7777777777777777,,,,,,,,,
11,0.1,False,0,4.0,True,13.88888888888889,-3.2950631168012583,-4.044444444444443,1.4575027055456542,1.46,-0.1,-0.1,2.7777777777777777,2.7777777777777777,13.88888888888889,159.03549518406624,159.28888888888855,-0.2799788524818603,-0.00999999999999579,-0.1,-0.1,2.7777777777777777,2.7777777777777777
11,0.2,False,0,4.0,True,13.88888888888889,-3.7886628653903456,-4.044444444444443,1.6809051074179289,1.3199999999999998,-0.2,-0.2,2.7777777777777777,2.7777777777777777,13.88888888888889,70.20614211874934,70.39999999999986,0.059583462884374105,-0.019999999999997353,-0.2,-0.2,2.7777777777777777,2.7777777777777777
11,0.30000000000000004,False,0,3.633333333333333,True,13.88888888888889,-3.9037836843520948,-4.044444444444443,1.0329216598880562,1.1800000000000002,-0.30000000000000004,-0.30000000000000004,2.7777777777777777,2.7777777777777777,13.88888888888889,40.1057680111232,40.399999999999935,0.4306425438021644,-0.020000000000001572,-0.30000000000000004,-0.30000000000000004,2.7777777777777777,2.7777777777777777
11,0.4,False,0,2.3,True,13.88888888888889,-4.076123056816697,-4.044444444444443,0.846531898261623,1.04,-0.4,-0.4,2.7777777777777777,2.7777777777777777,13.88888888888889,24.44510982504245,24.844444444444402,-0.08116307861560634,-6.661338147750939e-16,-0.4,-0.4,2.7777777777777777,2.7777777777777777
11,0.5,False,0,1.2999999999999998,True,11.991388888888888,-3.3966772489541404,-4.112805555555556,0.5211985086917172,0.8999999999999999,-0.5,-0.5,2.7777777777777777,2.7777777777777777,11.232388888888888,11.17020450361137,10.731105555555576,-0.46664128798981364,0.0,-0.5,-0.5,2.7777777777777777,2.7777777777777777
11,0.6000000000000001,False,0,0.7666666666666673,True,11.991388888888888,-3.764079356021301,-3.986305555555556,-0.18100270226958393,0.7600000000000002,-0.6000000000000001,-0.6000000000000001,2.7777777777777777,2.7777777777777777,11.232388888888888,5.542194301057656,6.377300000000003,-0.6578435632517361,-0.019999999999999574,-0.6000000000000001,-0.6000000000000001,2.7777777777777777,2.7777777777777777
11,0.7000000000000001,False,0,0.1857142857142868,True,9.713800888888887,-4.137462289653896,-4.199178466666665,0.6449770451427175,0.5500000000000003,-0.7000000000000001,-0.7000000000000001,2.7777777777777777,2.7777777777777777,9.713800888888887,0.5644560151278784,1.1479969555555565,0.1370307043205825,-0.009999999999999343,-0.7000000000000001,-0.7000000000000001,2.7777777777777777,2.7777777777777777
11,0.8,True,1,0.0,True,8.195212888888886,-3.808680744963545,-4.247483777777776,-0.17340626370052625,0.31999999999999984,-0.8,-0.8,2.7777777777777777,2.7777777777777777,7.435918888888886,-1.601732965684259,-2.4892597777777743,0.7889258503083041,-2.220446049250313e-16,-0.8,-0.8,2.7777777777777777,2.7777777777777777
11,0.9,True,1,0.0,True,5.917330888888887,-3.5906823922672997,-4.293973199999999,-0.6111769663421502,-0.02000000000000024,-0.9,-0.9,2.7777777777777777,2.7777777777777777,5.917330888888887,-3.5906823922672997,-4.293973199999999,-0.6111769663421502,-0.02000000000000024,-0.9,-0.9,2.7777777777777777,2.7777777777777777
11,1.0,True,1,0.0,True,8.195212888888886,-3.9905112039761788,-4.247483777777776,-0.08817541192023048,0.0,-1.0,-1.0,2.7777777777777777,2.7777777777777777,8.195212888888886,-3.9905112039761788,-4.247483777777776,-0.08817541192023048,0.0,-1.0,-1.0,2.7777777777777777,2.7777777777777777
11,1.1,True,2,0.0,True,2.880154888888887,-3.389208569809912,-2.580331822222216,0.4166095797242675,-0.6000000000000001,-1.1,-1.1,2.7777777777777777,2.7777777777777777,6.676624888888886,-0.89478984101829,-1.7698492666666672,-0.44554542901073835,-0.0499999999999996,-1.1,-1.1,2.7777777777777777,2.7777777777777777
11,1.2000000000000002,True,2,0.0,True,2.880154888888887,-1.3485941457280637,-2.580331822222216,-0.6920921013419294,-0.7999999999999994,-1.2000000000000002,-1.2000000000000002,2.7777777777777777,2.7777777777777777,7.435918888888886,-0.7092220831617935,-1.3799645555555555,-0.8947907987533561,-0.07999999999999963,-1.2000000000000002,-1.2000000000000002,2.7777777777777777,2.7777777777777777
11,1.3,True,2,0.0,True,2.880154888888887,-3.3997424711570465,-3.69144293333333,-1.6829578799074114,-1.1300000000000008,-1.3,-1.3,2.7777777777777777,2.7777777777777777,8.954506888888886,-1.8018710981904063,-1.4835180444444438,-0.5785552219408643,-0.09000000000000008,-1.3,-1.3,2.7777777777777777,2.7777777777777777
11,1.4000000000000001,True,2,0.0,True,2.880154888888887,-2.2481293187135476,-2.580331822222216,-0.7697804259588743,-1.1999999999999988,-1.4000000000000001,-1.4000000000000001,2.7777777777777777,2.7777777777777777,8.954506888888886,0.03744907158506816,-0.37240693333333486,-0.8536307772318588,-0.08000000000000007,-1.4000000000000001,-1.4000000000000001,2.7777777777777777,2.7777777777777777
11,1.5,True,2,0.0,True,2.880154888888887,-3.018300637783528,-3.69144293333333,-1.771004356254752,-1.5499999999999998,-1.5,-1.5,2.7777777777777777,2.7777777777777777,10.473094888888888,-0.8283809445483632,-0.17224282222221898,0.2840781651311848,-0.04999999999999982,-1.5,-1.5,2.7777777777777777,2.7777777777777777
11,1.6,True,2,0.0,True,2.880154888888887,-0.5791501571427835,-1.4692207111111015,-1.4504891649696052,-1.4400000000000008,-1.6,-1.6,2.7777777777777777,2.7777777777777777,8.954506888888886,-0.6692856090289085,0.7387041777777794,-0.2785902763887813,-0.1599999999999997,-1.6,-1.6,2.7777777777777777,2.7777777777777777
11,1.7000000000000002,True,2,0.0,True,2.880154888888887,-0.5720418554572886,-0.3581095999999979,-1.2833842515750917,-1.459999999999999,-1.7000000000000002,-1.7000000000000002,2.7777777777777777,2.7777777777777777,8.954506888888886,1.5515350339320202,1.8498152888888884,0.9838005900271303,-0.09999999999999964,-1.7000000000000002,-1.7000000000000002,2.7777777777777777,2.7777777777777777
12,0.0,False,0,4.0,False,13.88888888888889,-3.6661040378976812,-3.9333333333333327,1.2881100496668831,1.6,0.0,0.0,2.7777777777777777,2.7777777777777777,,,,,,,,,
12,0.1,False,0,4.0,True,13.88888888888889,-2.8616310617879384,-3.9333333333333327,0.8396889835623242,1.4500000000000002,-0.1,-0.1,2.7777777777777777,2.7777777777777777,13.88888888888889,157.62926268476355,158.28888888888855,0.6649989919726278,-0.00999999999999579,-0.1,-0.1,2.7777777777777777,2.7777777777777777
12,0.2,False,0,4.0,True,13.88888888888889,-3.164350292226376,-3.9333333333333327,0.773450386395218,1.3000000000000003,-0.2,-0.2,2.7777777777777777,2.7777777777777777,13.88888888888889,68.47634558778518,69.39999999999986,-0.0549382001765748,-0.019999999999997353,-0.2,-0.2,2.7777777777777777,2.7777777777777777
12,0.30000000000000004,False,0,3.5333333333333323,True,13.88888888888889,-3.9159420557914606,-3.9333333333333327,0.342863908746994,1.1500000000000004,-0.30000000000000004,-0.30000000000000004,2.7777777777777777,2.7777777777777777,13.88888888888889,39.53382233068207,39.399999999999935,-1.0794122504629766,-0.020000000000001572,-0.30000000000000004,-0.30000000000000004,2.7777777777777777,2.7777777777777777
12,0.4,False,0,2.1999999999999997,True,13.50938888888889,-3.7644233673446044,-3.9839333333333355,1.0239784823745661,1.0,-0.4,-0.4,2.7777777777777777,2.7777777777777777,13.50938888888889,23.012566029672904,22.845094444444495,-0.32622485744557306,-6.661338147750939e-16,-0.4,-0.4,2.7777777777777777,2.7777777777777777
12,0.5,False,0,1.2000000000000002,True,11.232388888888888,-3.8254446703148615,-3.958266666666666,1.3437654365074265,0.8500000000000001,-0.5,-0.5,2.7777777777777777,2.7777777777777777,10.473094888888888,8.779890636130528,8.516235155555545,-0.12138435060944008,0.0,-0.5,-0.5,2.7777777777777777,2.7777777777777777
12,0.6000000000000001,True,1,0.0,True,5.917330888888887,-3.431629963737435,-4.182862088888888,0.6710041617569775,0.4600000000000004,-0.6000000000000001,-0.6000000000000001,2.7777777777777777,2.7777777777777777,4.398742888888887,-3.733689176243007,-2.810160600000006,-0.6916926041792135,-0.019999999999999574,-0.6000000000000001,-0.6000000000000001,2.7777777777777777,2.7777777777777777
12,0.7000000000000001,False,0,0.08571428571428673,True,9.713800888888887,-3.3834742445837405,-4.289710422222224,0.1828894159837402,0.4800000000000004,-0.7000000000000001,-0.7000000000000001,2.7777777777777777,2.7777777777777777,8.954506888888886,1.38352706018948,0.1099293555555585,-0.4986570445889207,-0.009999999999999343,-0.7000000000000001,-0.7000000000000001,2.7777777777777777,2.7777777777777777
12,0.8,True,2,0.0,True,2.880154888888887,-4.213368263123839,-3.82302946666666,-0.8501807567070572,-0.3200000000000005,-0.8,-0.8,2.7777777777777777,2.7777777777777777,4.398742888888887,-3.7306548586631,-3.7061492222222183,-0.297133250498844,-2.220446049250313e-16,-0.8,-0.8,2.7777777777777777,2.7777777777777777
12,0.9,True,2,0.0,True,2.880154888888887,-3.034505393443019,-3.88872115555555,-0.6941994084601593,-0.4699999999999993,-0.9,-0.9,2.7777777777777777,2.7777777777777777,5.917330888888887,-2.0403115371671303,-3.3060268000000006,-0.16527782921848755,-0.02000000000000024,-0.9,-0.9,2.7777777777777777,2.7777777777777777
12,1.0,True,2,0.0,True,2.880154888888887,-3.999893062399365,-3.9748882666666594,-1.7492334899783994,-0.7999999999999998,-1.0,-1.0,2.7777777777777777,2.7777777777777777,7.435918888888886,-2.431212279783007,-2.602186777777777,-0.8792363372576795,0.0,-1.0,-1.0,2.7777777777777777,2.7777777777777777
12,1.1,True,2,0.0,True,2.880154888888887,-3.6228836089928285,-3.96465055555555,-1.112435204222856,-0.9300000000000006,-1.1,-1.1,2.7777777777777777,2.7777777777777777,8.195212888888886,-2.337664361736688,-2.1363726666666656,-0.8640576087807199,-0.0499999999999996,-1.1,-1.1,2.7777777777777777,2.7777777777777777
12,1.2000000000000002,True,2,0.0,True,2.880154888888887,-3.5738019112895243,-2.69144293333333,-0.62831268160526,-0.919999999999999,-1.2000000000000002,-1.2000000000000002,2.7777777777777777,2.7777777777777777,8.195212888888886,-0.8042516930007144,-1.0252615555555549,0.1132963289800708,-0.07999999999999963,-1.2000000000000002,-1.2000000000000002,2.7777777777777777,2.7777777777777777
12,1.3,True,2,0.0,True,2.880154888888887,-0.6328832836094156,-1.5803318222222158,-0.013493121096713079,-1.0000000000000004,-1.3,-1.3,2.7777777777777777,2.7777777777777777,8.195212888888886,1.1337831817848683,0.08584955555555585,-0.5953620807400557,-0.09000000000000008,-1.3,-1.3,2.7777777777777777,2.7777777777777777
12,1.4000000000000001,True,2,0.0,True,2.880154888888887,-3.6717106730809688,-2.69144293333333,-1.6485745037887134,-1.3399999999999985,-1.4000000000000001,-1.4000000000000001,2.7777777777777777,2.7777777777777777,9.713800888888887,-0.07032474976659397,0.13415486666666698,-0.13595323898588219,-0.08000000000000007,-1.4000000000000001,-1.4000000000000001,2.7777777777777777,2.7777777777777777
12,1.5,True,2,0.0,True,2.880154888888887,-1.1909402207531725,-1.5803318222222158,-1.3221541626448001,-1.4,-1.5,-1.5,2.7777777777777777,2.7777777777777777,9.713800888888887,1.1859358610890025,1.2452659777777795,-0.3603880006604758,-0.04999999999999982,-1.5,-1.5,2.7777777777777777,2.7777777777777777
12,1.6,False,0,0.3626049963657261,True,2.880154888888887,0.9913036566944955,0.6418904000000021,-1.670119930500138,-1.2800000000000007,-1.6,-1.6,2.7777777777777777,2.7777777777777777,8.195212888888886,3.0639576258985466,2.308071777777781,-0.0362616901521855,-0.1599999999999997,-1.6,-1.6,2.7777777777777777,2.7777777777777777
12,1.7000000000000002,False,0,0.36260499636572546,True,2.880154888888887,0.29183026214089214,0.6418904000000021,-0.9977741277405211,-1.459999999999999,-1.7000000000000002,-1.7000000000000002,2.7777777777777777,2.7777777777777777,8.954506888888886,2.6845767534057687,2.8498152888888884,-0.5306980417549263,-0.09999999999999964,-1.7000000000000002,-1.7000000000000002,2.7777777777777777,2.7777777777777777
13,0.0,False,0,4.0,True,13.88888888888889,-4.023218186322583,-3.822222222222222,1.9154824500830885,1.6,0.0,0.0,2.7777777777777777,2.7777777777777777,,,,,,,,,
13,0.1,False,0,4.0,True,13.88888888888889,-4.1993002377151525,-3.822222222222222,1.5396002862469542,1.44,-0.1,-0.1,2.7777777777777777,2.7777777777777777,13.88888888888889,156.30509730226572,157.28888888888855,-0.02647577971499615,-0.00999999999999579,-0.1,-0.1,2.7777777777777777,2.7777777777777777
13,0.2,False,0,4.0,True,13.88888888888889,-4.17158959868017,-3.822222222222222,1.331094914509701,1.2799999999999998,-0.2,-0.2,2.7777777777777777,2.7777777777777777,13.88888888888889,69.21426125557788,68.39999999999986,0.776553981426308,-0.019999999999997353,-0.2,-0.2,2.7777777777777777,2.7777777777777777
13,0.30000000000000004,False,0,3.4333333333333336,True,13.88888888888889,-3.565511762018061,-3.822222222222222,0.5880440757374585,1.12,-0.30000000000000004,-0.30000000000000004,2.7777777777777777,2.7777777777777777,13.88888888888889,38.118688912008786,38.399999999999935,-0.30042025531374916,-0.020000000000001572,-0.30000000000000004,-0.30000000000000004,2.7777777777777777,2.7777777777777777
13,0.4,False,0,1.9999999999999996,True,12.623888888888889,-4.134025494477426,-4.075222222222222,0.27879446515676154,0.96,-0.4,-0.4,2.7777777777777777,2.7777777777777777,12.623888888888889,20.093160109545575,19.5554444444444,-0.16100668092656134,-6.661338147750939e-16,-0.4,-0.4,2.7777777777777777,2.7777777777777777
13,0.5,False,0,0.40000000000000036,True,8.195212888888886,-4.160758981486583,-4.130293999999998,-0.06954769445217046,0.7000000000000002,-0.5,-0.5,2.7777777777777777,2.7777777777777777,6.676624888888886,1.167772469000142,1.4040213555555825,-0.23743932872922446,0.0,-0.5,-0.5,2.7777777777777777,2.7777777777777777
13,0.6000000000000001,True,1,0.0,True,6.676624888888886,-3.519485306290057,-4.214293711111114,0.09291257298725775,0.4600000000000004,-0.6000000000000001,-0.6000000000000001,2.7777777777777777,2.7777777777777777,5.917330888888887,-0.7829058094149195,-1.7222050000000015,-0.9787281328311687,-0.019999999999999574,-0.6000000000000001,-0.6000000000000001,2.7777777777777777,2.7777777777777777
13,0.7000000000000001,True,2,0.0,True,2.880154888888887,-3.7172811604967704,-3.9136651555555515,-0.006250923517413742,-0.009999999999999343,-0.7000000000000001,-0.7000000000000001,2.7777777777777777,2.7777777777777777,2.880154888888887,-3.7172811604967704,-3.9136651555555515,-0.006250923517413742,-0.009999999999999343,-0.7000000000000001,-0.7000000000000001,2.7777777777777777,2.7777777777777777
13,0.8,True,2,0.0,True,2.880154888888887,-3.05838081088537,-2.802554044444441,-0.22613404915367163,-0.16000000000000036,-0.8,-0.8,2.7777777777777777,2.7777777777777777,4.398742888888887,-2.4734196558686454,-2.7061492222222183,0.6404059455827085,-2.220446049250313e-16,-0.8,-0.8,2.7777777777777777,2.7777777777777777
13,0.9,True,2,0.0,True,2.880154888888887,-2.817085014750371,-3.9136651555555515,-1.0354407677447575,-0.4699999999999993,-0.9,-0.9,2.7777777777777777,2.7777777777777777,6.676624888888886,-2.6515883510086935,-3.103182600000003,-0.9530015016979645,-0.02000000000000024,-0.9,-0.9,2.7777777777777777,2.7777777777777777
13,1.0,True,2,0.0,True,2.880154888888887,-1.9268733312002366,-2.802554044444441,-1.0527871519291256,-0.6000000000000001,-1.0,-1.0,2.7777777777777777,2.7777777777777777,7.435918888888886,-2.8044877768473873,-1.602186777777777,0.10232153254613063,0.0,-1.0,-1.0,2.7777777777777777,2.7777777777777777
13,1.1,True,2,0.0,True,2.880154888888887,-2.7807243841529212,-2.802554044444441,-1.2416196038086016,-0.8200000000000007,-1.1,-1.1,2.7777777777777777,2.7777777777777777,8.195212888888886,-0.29888133312073517,-1.1363726666666656,0.10608215051621839,-0.0499999999999996,-1.1,-1.1,2.7777777777777777,2.7777777777777777
13,1.2000000000000002,True,2,0.0,True,2.880154888888887,-0.4324543976826538,-0.5803318222222158,0.9019996768533436,-0.7999999999999994,-1.2000000000000002,-1.2000000000000002,2.7777777777777777,2.7777777777777777,7.435918888888886,-0.4094131110495338,0.6200354444444445,-0.36156915535342105,-0.07999999999999963,-1.2000000000000002,-1.2000000000000002,2.7777777777777777,2.7777777777777777
13,1.3,True,2,0.0,True,2.880154888888887,-2.980287233867986,-2.802554044444441,-1.6565259264455485,-1.2600000000000007,-1.3,-1.3,2.7777777777777777,2.7777777777777777,9.713800888888887,0.34014599515359567,0.023043755555556267,-0.37904795956548787,-0.09000000000000008,-1.3,-1.3,2.7777777777777777,2.7777777777777777
13,1.4000000000000001,True,2,0.0,True,2.880154888888887,-3.5692516618113705,-2.802554044444441,-1.2157065931683328,-1.4799999999999986,-1.4000000000000001,-1.4000000000000001,2.7777777777777777,2.7777777777777777,10.473094888888888,0.8421768520933215,0.7166460666666667,-0.5708694521053594,-0.08000000000000007,-1.4000000000000001,-1.4000000000000001,2.7777777777777777,2.7777777777777777
13,1.5,True,2,0.0,True,2.880154888888887,-0.8879304194006634,-1.69144293333333,-1.688950177964258,-1.5499999999999998,-1.5,-1.5,2.7777777777777777,2.7777777777777777,10.473094888888888,1.7127082393551776,1.827757177777781,-0.6545592153563256,-0.04999999999999982,-1.5,-1.5,2.7777777777777777,2.7777777777777777
13,1.6,True,2,0.0,True,2.880154888888887,-1.2729506274123912,-1.69144293333333,-1.3768359978509574,-1.7600000000000007,-1.6,-1.6,2.7777777777777777,2.7777777777777777,10.473094888888888,1.2901033910940116,1.827757177777781,-0.3514932888223954,-0.1599999999999997,-1.6,-1.6,2.7777777777777777,2.7777777777777777
13,1.7000000000000002,True,2,0.0,True,2.880154888888887,0.09619937028552616,-0.5803318222222158,-1.426672393693895,-1.7999999999999994,-1.7000000000000002,-1.7000000000000002,2.7777777777777777,2.7777777777777777,10.473094888888888,3.077961283240538,2.938868288888888,-0.4784956974343415,-0.09999999999999964,-1.7000000000000002,-1.7000000000000002,2.7777777777777777,2.7777777777777777
14,0.0,False,0,4.0,True,13.88888888888889,-3.694306233460618,-3.7777777777777777,0.6217567819743102,1.6,0.0,0.0,2.7777777777777777,2.7777777777777777,,,,,,,,,
14,0.1,False,0,4.0,True,13.88888888888889,-3.023233830073784,-3.7777777777777777,0.7084563058889075,1.44,-0.1,-0.1,2.7777777777777777,2.7777777777777777,13.88888888888889,156.92204004865843,156.28888888888855,-0.03530214494954498,-0.00999999999999579,-0.1,-0.1,2.7777777777777777,2.7777777777777777
14,0.2,False,0,4.0,True,13.88888888888889,-4.188712933908092,-3.7777777777777777,0.6197250749323282,1.2799999999999998,-0.2,-0.2,2.7777777777777777,2.7777777777777777,13.88888888888889,67.08318341865562,67.39999999999986,-0.1499438900568124,-0.019999999999997353,-0.2,-0.2,2.7777777777777777,2.7777777777777777
14,0.30000000000000004,False,0,3.3333333333333344,True,13.129888888888889,-4.06351816325683,-3.850261111111112,0.9827819807803597,1.0900000000000003,-0.30000000000000004,-0.30000000000000004,2.7777777777777777,2.7777777777777777,13.129888888888889,33.77008546441585,34.45255000000006,-0.44932839665446167,-0.020000000000001572,-0.30000000000000004,-0.30000000000000004,2.7777777777777777,2.7777777777777777
14,0.4,False,0,1.9999999999999996,True,13.129888888888889,-3.394661688088184,-3.850261111111112,2.2836831292404294,0.9199999999999999,-0.4,-0.4,2.7777777777777777,2.7777777777777777,13.129888888888889,20.08543106573269,19.959594444444445,0.0032091114627754713,-6.661338147750939e-16,-0.4,-0.4,2.7777777777777777,2.7777777777777777
14,0.5,False,0,1.0,True,11.232388888888888,-4.227797699370398,-4.142538888888889,0.5580928829904575,0.75,-0.5,-0.5,2.7777777777777777,2.7777777777777777,10.473094888888888,6.7544682232947055,7.085514555555545,0.011555773337338815,0.0,-0.5,-0.5,2.7777777777777777,2.7777777777777777
14,0.6000000000000001,False,0,0.2666666666666676,True,9.713800888888887,-4.117446981452367,-4.067488199999999,1.2219649105390191,0.5200000000000005,-0.6000000000000001,-0.6000000000000001,2.7777777777777777,2.7777777777777777,8.954506888888886,1.1869781008944438,1.4915680000000089,0.031102648672136635,-0.019999999999999574,-0.6000000000000001,-0.6000000000000001,2.7777777777777777,2.7777777777777777
14,0.7000000000000001,True,2,0.0,True,2.120860888888887,-3.0799330075004816,-4.293515311111107,-0.1107002422752017,-0.359999999999999,-0.7000000000000001,-0.7000000000000001,2.7777777777777777,2.7777777777777777,4.398742888888887,-3.8742046362413545,-4.166397355555552,0.40039803198717205,-0.009999999999999343,-0.7000000000000001,-0.7000000000000001,2.7777777777777777,2.7777777777777777
14,0.8,True,2,0.0,True,2.880154888888887,-1.8794845052622895,-1.8025540444444408,0.3444907501857375,-0.16000000000000036,-0.8,-0.8,2.7777777777777777,2.7777777777777777,4.398742888888887,-1.4778745400669875,-1.7061492222222183,-0.5163696516050238,-2.220446049250313e-16,-0.8,-0.8,2.7777777777777777,2.7777777777777777
14,0.9,True,2,0.0,True,2.880154888888887,-2.7170260267973125,-2.9136651555555515,-0.14183038132103687,-0.4699999999999993,-0.9,-0.9,2.7777777777777777,2.7777777777777777,6.676624888888886,-2.1412548145364303,-2.103182600000003,-0.011418336497191595,-0.02000000000000024,-0.9,-0.9,2.7777777777777777,2.7777777777777777
14,1.0,True,2,0.0,True,2.880154888888887,-2.2719453047522356,-2.9136651555555515,-0.46859251500079324,-0.6999999999999997,-1.0,-1.0,2.7777777777777777,2.7777777777777777,8.195212888888886,-1.3056486086350096,-1.2474837777777763,0.13829143109961928,0.0,-1.0,-1.0,2.7777777777777777,2.7777777777777777
14,1.1,True,2,0.0,True,2.880154888888887,-0.21779528612923027,-0.6914429333333301,-1.3595906013959453,-0.7100000000000004,-1.1,-1.1,2.7777777777777777,2.7777777777777777,7.435918888888886,1.121777614601858,0.5089243333333338,-0.8848507014638529,-0.0499999999999996,-1.1,-1.1,2.7777777777777777,2.7777777777777777
14,1.2000000000000002,True,2,0.0,True,2.880154888888887,-1.6612919304596394,-1.8025540444444408,-1.7481523278131725,-1.0399999999999991,-1.2000000000000002,-1.2000000000000002,2.7777777777777777,2.7777777777777777,8.954506888888886,0.21387527865831846,0.4053708444444455,-0.27089665193998513,-0.07999999999999963,-1.2000000000000002,-1.2000000000000002,2.7777777777777777,2.7777777777777777
14,1.3,False,0,0.28491415407062337,True,2.880154888888887,0.5298831187969713,0.4196681777777842,-0.9264438946886746,-1.0000000000000004,-1.3,-1.3,2.7777777777777777,2.7777777777777777,8.195212888888886,3.220478737342135,2.085849555555556,0.7399655635856672,-0.09000000000000008,-1.3,-1.3,2.7777777777777777,2.7777777777777777
14,1.4000000000000001,True,2,0.0,True,2.880154888888887,-0.7808740419081124,-0.6914429333333301,-1.3220190037211077,-1.3399999999999985,-1.4000000000000001,-1.4000000000000001,2.7777777777777777,2.7777777777777777,9.713800888888887,2.377898499112246,2.134154866666667,-0.9750735570734206,-0.08000000000000007,-1.4000000000000001,-1.4000000000000001,2.7777777777777777,2.7777777777777777
14,1.5,False,0,0.28491415407062337,True,2.880154888888887,0.36619077076692097,0.4196681777777842,-1.56673282357045,-1.4,-1.5,-1.5,2.7777777777777777,2.7777777777777777,9.713800888888887,4.575540941218782,3.2452659777777795,-1.5095822858421597,-0.04999999999999982,-1.5,-1.5,2.7777777777777777,2.7777777777777777
14,1.6,False,0,0.7851753252647459,True,2.880154888888887,3.156915292129459,2.641890400000002,-0.5462377389741144,-1.2800000000000007,-1.6,-1.6,2.7777777777777777,2.7777777777777777,8.195212888888886,4.9999814594348075,4.308071777777781,0.24558063587100376,-0.1599999999999997,-1.6,-1.6,2.7777777777777777,2.7777777777777777
14,1.7000000000000002,False,0,0.5863168354949413,True,2.880154888888887,0.7429033058385857,1.530779288888895,-1.3137336811522071,-1.629999999999999,-1.7000000000000002,-1.7000000000000002,2.7777777777777777,2.7777777777777777,9.713800888888887,4.096280688790697,4.356377088888888,0.5979817789150932,-0.09999999999999964,-1.7000000000000002,-1.7000000000000002,2.7777777777777777,2.7777777777777777
15,0.0,False,0,4.0,False,13.88888888888889,-2.993534064367096,-3.8888888888888884,2.3009083343050984,1.6,0.0,0.0,2.7777777777777777,2.7777777777777777,,,,,,,,,
15,0.1,False,0,4.0,True,13.88888888888889,-3.038465798037186,-3.8888888888888884,1.4822653015161276,1.4300000000000002,-0.1,-0.1,2.7777777777777777,2.7777777777777777,13.88888888888889,155.29199940721904,155.28888888888855,0.5665032122699021,-0.00999999999999579,-0.1,-0.1,2.7777777777777777,2.7777777777777777
15,0.2,False,0,4.0,True,13.88888888888889,-3.870196796632327,-3.8888888888888884,1.1208000092510066,1.2600000000000002,-0.2,-0.2,2.7777777777777777,2.7777777777777777,13.88888888888889,67.31959513366955,66.39999999999986,-0.36339463701692143,-0.019999999999997353,-0.2,-0.2,2.7777777777777777,2.7777777777777777
15,0.30000000000000004,False,0,3.2333333333333334,True,13.88888888888889,-3.4931562724022234,-3.8888888888888884,1.4712277373257705,1.0900000000000003,-0.30000000000000004,-0.30000000000000004,2.7777777777777777,2.7777777777777777,13.88888888888889,36.10009452462951,36.399999999999935,-0.520392981100005,-0.020000000000001572,-0.30000000000000004,-0.30000000000000004,2.7777777777777777,2.7777777777777777
15,0.4,False,0,1.8999999999999995,True,12.623888888888889,-3.740137821071701,-3.9289000000000014,1.7546837996337215,0.8799999999999999,-0.4,-0.4,2.7777777777777777,2.7777777777777777,12.623888888888889,18.09117840715197,17.732544444444397,-0.009765053706979776,-6.661338147750939e-16,-0.4,-0.4,2.7777777777777777,2.7777777777777777
15,0.5,False,0,0.7999999999999998,True,9.713800888888887,-4.045212502467979,-3.9563770888888845,0.864417449096508,0.6499999999999999,-0.5,-0.5,2.7777777777777777,2.7777777777777777,9.713800888888887,6.285183791265696,5.060452955555552,-0.12536400455714425,0.0,-0.5,-0.5,2.7777777777777777,2.7777777777777777
15,0.6000000000000001,True,1,0.0,True,4.398742888888887,-2.8171727508425617,-4.236324422222228,-0.1982345609073144,0.10000000000000053,-0.6000000000000001,-0.6000000000000001,2.7777777777777777,2.7777777777777777,4.398742888888887,-4.208023579532177,-3.9121314000000025,0.12313359441366822,-0.019999999999999574,-0.6000000000000001,-0.6000000000000001,2.7777777777777777,2.7777777777777777
15,0.7000000000000001,True,2,0.0,True,2.880154888888887,-3.0701866897021395,-3.024776266666662,-1.3109066631163167,-0.07999999999999918,-0.7000000000000001,-0.7000000000000001,2.7777777777777777,2.7777777777777777,3.639448888888887,-3.7741599634771665,-3.0145385555555526,-0.23177452008742794,-0.009999999999999343,-0.7000000000000001,-0.7000000000000001,2.7777777777777777,2.7777777777777777
15,0.8,True,2,0.0,True,2.880154888888887,-2.470079190380523,-1.9136651555555515,-0.43010836981018064,-0.24000000000000044,-0.8,-0.8,2.7777777777777777,2.7777777777777777,5.158036888888887,-1.2653606786863554,-1.65516382222222,0.6718811913070302,-2.220446049250313e-16,-0.8,-0.8,2.7777777777777777,2.7777777777777777
15,0.9,True,2,0.0,True,2.880154888888887,-1.7474432381058227,-1.9136651555555515,-0.20592803083794853,-0.4699999999999993,-0.9,-0.9,2.7777777777777777,2.7777777777777777,6.676624888888886,-0.5923332562331352,-1.103182600000003,-0.27521677338569184,-0.02000000000000024,-0.9,-0.9,2.7777777777777777,2.7777777777777777
15,1.0,True,2,0.0,True,2.880154888888887,-1.7926505857638793,-3.024776266666662,0.6511705892449893,-0.7999999999999998,-1.0,-1.0,2.7777777777777777,2.7777777777777777,8.954506888888886,-0.45789166134049264,-0.8168513777777759,-0.742921507196362,0.0,-1.0,-1.0,2.7777777777777777,2.7777777777777777
15,1.1,False,0,0.5624637343413338,True,2.880154888888887,0.9160536805178667,1.4196681777777842,-0.367658951471757,-0.6000000000000001,-1.1,-1.1,2.7777777777777777,2.7777777777777777,6.676624888888886,1.3339260613932646,2.230150733333333,-0.9388897097060295,-0.0499999999999996,-1.1,-1.1,2.7777777777777777,2.7777777777777777
15,1.2000000000000002,False,0,0.7671866602104153,True,2.880154888888887,1.8051573201456579,2.5307792888888985,-1.2205365632368232,-0.6799999999999993,-1.2000000000000002,-1.2000000000000002,2.7777777777777777,2.7777777777777777,6.676624888888886,3.840338465513484,3.341261844444447,-0.07048463191636589,-0.07999999999999963,-1.2000000000000002,-1.2000000000000002,2.7777777777777777,2.7777777777777777
15,1.3,False,0,0.23823389535742498,True,2.880154888888887,-0.1629180614925394,0.30855706666666993,-1.5517482947905201,-1.1300000000000008,-1.3,-1.3,2.7777777777777777,2.7777777777777777,8.954506888888886,2.7185300487150643,2.516481955555556,0.2827802970977893,-0.09000000000000008,-1.3,-1.3,2.7777777777777777,2.7777777777777777
15,1.4000000000000001,False,0,0.5624637343413338,True,2.880154888888887,1.8960073551409176,1.4196681777777842,-1.788335396662176,-1.1999999999999988,-1.4000000000000001,-1.4000000000000001,2.7777777777777777,2.7777777777777777,8.954506888888886,4.245300713711386,3.627593066666665,-0.0910730301273428,-0.08000000000000007,-1.4000000000000001,-1.4000000000000001,2.7777777777777777,2.7777777777777777
15,1.5,False,0,0.7671866602104153,True,2.880154888888887,2.5182588483671475,2.5307792888888985,-0.6861261762135955,-1.25,-1.5,-1.5,2.7777777777777777,2.7777777777777777,8.954506888888886,4.6664620062273405,4.738704177777779,-0.2174584782011142,-0.04999999999999982,-1.5,-1.5,2.7777777777777777,2.7777777777777777
15,1.6,False,0,0.7671866602104153,True,2.880154888888887,1.7291079393492526,2.5307792888888985,-1.57842819290983,-1.4400000000000008,-1.6,-1.6,2.7777777777777777,2.7777777777777777,8.954506888888886,4.5126915160696965,4.738704177777779,0.4628034444390803,-0.1599999999999997,-1.6,-1.6,2.7777777777777777,2.7777777777777777
15,1.7000000000000002,False,0,0.5624637343413338,True,2.880154888888887,0.26350359500920906,1.4196681777777842,-1.733695717131631,-1.7999999999999994,-1.7000000000000002,-1.7000000000000002,2.7777777777777777,2.7777777777777777,10.473094888888888,4.409544403136985,4.938868288888888,0.1770419697995087,-0.09999999999999964,-1.7000000000000002,-1.7000000000000002,2.7777777777777777,2.7777777777777777
16,0.0,False,0,4.0,True,13.88888888888889,-4.183692758431916,-4.000000000000003,1.2101356295483554,1.6,0.0,0.0,2.7777777777777777,2.7777777777777777,,,,,,,,,
16,0.1,False,0,4.0,True,13.88888888888889,-3.5596143576290116,-4.000000000000003,0.6270333503834626,1.42,-0.1,-0.1,2.7777777777777777,2.7777777777777777,13.88888888888889,154.19398821728487,154.28888888888855,0.8521945452702293,-0.00999999999999579,-0.1,-0.1,2.7777777777777777,2.7777777777777777
16,0.2,False,0,4.0,True,13.88888888888889,-3.3578791669297408,-4.000000000000003,1.1102005852552987,1.2399999999999998,-0.2,-0.2,2.7777777777777777,2.7777777777777777,13.88888888888889,65.59088643818315,65.39999999999986,-0.3013091509548447,-0.019999999999997353,-0.2,-0.2,2.7777777777777777,2.7777777777777777
16,0.30000000000000004,False,0,3.133333333333334,True,13.88888888888889,-3.254137716351905,-4.000000000000003,1.2295480577749598,1.06,-0.30000000000000004,-0.30000000000000004,2.7777777777777777,2.7777777777777777,13.76238888888889,34.95790141659,34.94460000000012,0.6750139131931312,-0.020000000000001572,-0.30000000000000004,-0.30000000000000004,2.7777777777777777,2.7777777777777777
16,0.4,False,0,1.399999999999999,True,9.713800888888887,-4.215448045404858,-4.186845377777774,0.5335031874354659,0.7999999999999998,-0.4,-0.4,2.7777777777777777,2.7777777777777777,9.713800888888887,10.719678279751417,9.685200844444413,0.29166965956249813,-6.661338147750939e-16,-0.4,-0.4,2.7777777777777777,2.7777777777777777
16,0.5,False,0,0.7000000000000002,True,10.473094888888888,-3.2226259367238255,-4.023181711111117,0.7312183948874114,0.6499999999999999,-0.5,-0.5,2.7777777777777777,2.7777777777777777,9.713800888888887,3.5361338280184755,4.44001175555555,0.03277859959749385,0.0,-0.5,-0.5,2.7777777777777777,2.7777777777777777
16,0.6000000000000001,True,2,0.0,True,2.880154888888887,-2.102025354559383,-1.8982762666666622,-0.45258229224870816,0.1600000000000006,-0.6000000000000001,-0.6000000000000001,2.7777777777777777,2.7777777777777777,0.6022728888888867,-1.0831804513860055,-1.4734129999999999,1.2012324302692479,-0.019999999999999574,-0.6000000000000001,-0.6000000000000001,2.7777777777777777,2.7777777777777777
16,0.7000000000000001,True,2,0.0,True,4.398742888888887,-3.5331907079506193,-4.287309822222226,-0.718360751617348,-0.14999999999999925,-0.7000000000000001,-0.7000000000000001,2.7777777777777777,2.7777777777777777,5.158036888888887,-3.553605598883851,-3.9884971555555557,-0.6480455942474428,-0.009999999999999343,-0.7000000000000001,-0.7000000000000001,2.7777777777777777,2.7777777777777777
16,0.8,True,2,0.0,True,2.880154888888887,-2.74760708838643,-2.024776266666662,-0.47577105830415056,-0.3200000000000005,-0.8,-0.8,2.7777777777777777,2.7777777777777777,5.917330888888887,-1.274245014502525,-1.528249022222222,-0.30417658210510123,-2.220446049250313e-16,-0.8,-0.8,2.7777777777777777,2.7777777777777777
16,0.9,True,2,0.0,True,2.880154888888887,-1.3746832222629157,-0.9136651555555515,-0.09803007493397553,-0.4699999999999993,-0.9,-0.9,2.7777777777777777,2.7777777777777777,6.676624888888886,0.01410286258634219,-0.1031826000000029,-0.44523122491651157,-0.02000000000000024,-0.9,-0.9,2.7777777777777777,2.7777777777777777
16,1.0,False,0,0.5386106331877264,True,2.880154888888887,0.3570471332517551,1.30855706666667,-1.0759938955379797,-0.5,-1.0,-1.0,2.7777777777777777,2.7777777777777777,6.676624888888886,1.7761866775458808,2.119039622222222,-1.1293290840226846,0.0,-1.0,-1.0,2.7777777777777777,2.7777777777777777
16,1.1,False,0,0.7491979951560841,True,2.880154888888887,3.014940523825307,2.419668177777784,-0.8516484545425917,-0.6000000000000001,-1.1,-1.1,2.7777777777777777,2.7777777777777777,6.676624888888886,3.6953839205513406,3.230150733333333,-0.3252838132261271,-0.0499999999999996,-1.1,-1.1,2.7777777777777777,2.7777777777777777
16,1.2000000000000002,False,0,0.7491979951560841,True,2.880154888888887,2.780055146317875,2.419668177777784,-1.3874222777682934,-0.7999999999999994,-1.2000000000000002,-1.2000000000000002,2.7777777777777777,2.7777777777777777,7.435918888888886,3.083351956932522,3.6200354444444445,0.4915715033555075,-0.07999999999999963,-1.2000000000000002,-1.2000000000000002,2.7777777777777777,2.7777777777777777
16,1.3,False,0,0.5386106331877264,True,2.880154888888887,1.2301810292963653,1.30855706666667,-0.8479856060578692,-1.1300000000000008,-1.3,-1.3,2.7777777777777777,2.7777777777777777,8.954506888888886,4.057017645547831,3.516481955555556,-0.1147057386326924,-0.09000000000000008,-1.3,-1.3,2.7777777777777777,2.7777777777777777
16,1.4000000000000001,False,0,0.7491979951560841,True,2.880154888888887,2.4859660675521704,2.419668177777784,-0.6152267289367144,-1.1999999999999988,-1.4000000000000001,-1.4000000000000001,2.7777777777777777,2.7777777777777777,8.954506888888886,5.901760035631759,4.627593066666665,-0.46756067212854546,-0.08000000000000007,-1.4000000000000001,-1.4000000000000001,2.7777777777777777,2.7777777777777777
16,1.5,False,0,0.7491979951560841,True,2.880154888888887,1.7774130147666911,2.419668177777784,-1.184025172379489,-1.4,-1.5,-1.5,2.7777777777777777,2.7777777777777777,9.713800888888887,4.57038599559684,5.2452659777777795,1.1032270394984036,-0.04999999999999982,-1.5,-1.5,2.7777777777777777,2.7777777777777777
16,1.6,False,0,0.7491979951560841,True,2.880154888888887,2.2275998659267175,2.419668177777784,-1.8763300363447764,-1.6000000000000005,-1.6,-1.6,2.7777777777777777,2.7777777777777777,9.713800888888887,3.975752237032494,5.2452659777777795,-0.4041495737287655,-0.1599999999999997,-1.6,-1.6,2.7777777777777777,2.7777777777777777
16,1.7000000000000002,False,0,0.9161389060654405,True,2.880154888888887,3.348964550508623,3.530779288888895,-1.5239468177481585,-1.629999999999999,-1.7000000000000002,-1.7000000000000002,2.7777777777777777,2.7777777777777777,9.713800888888887,7.5404305118089825,6.356377088888888,-0.2505220299480957,-0.09999999999999964,-1.7000000000000002,-1.7000000000000002,2.7777777777777777,2.7777777777777777
17,0.0,False,0,4.0,True,13.88888888888889,-4.297241325025406,-4.111111111111113,1.9870904676323669,1.6,0.0,0.0,2.7777777777777777,2.7777777777777777,,,,,,,,,
17,0.1,False,0,4.0,True,13.88888888888889,-4.034673934676376,-4.111111111111113,0.6020896548844163,1.4100000000000001,-0.1,-0.1,2.7777777777777777,2.7777777777777777,13.88888888888889,152.81478156790945,153.28888888888855,0.01957274893502081,-0.00999999999999579,-0.1,-0.1,2.7777777777777777,2.7777777777777777
17,0.2,False,0,4.0,True,13.88888888888889,-3.7598244372918392,-4.111111111111113,1.5655492019495347,1.2200000000000002,-0.2,-0.2,2.7777777777777777,2.7777777777777777,13.88888888888889,63.4269518055097,64.39999999999986,0.4163961830393381,-0.019999999999997353,-0.2,-0.2,2.7777777777777777,2.7777777777777777
17,0.30000000000000004,False,0,2.933333333333334,True,11.991388888888888,-3.8304298763746045,-4.124127777777775,2.2006002868439123,1.0000000000000004,-0.30000000000000004,-0.30000000000000004,2.7777777777777777,2.7777777777777777,11.991388888888888,27.744126655455435,27.20215,0.06543359726663,-0.020000000000001572,-0.30000000000000004,-0.30000000000000004,2.7777777777777777,2.7777777777777777
17,0.4,False,0,1.399999999999999,True,10.473094888888888,-4.231987200422561,-3.9571928222222246,0.9979194520426988,0.7999999999999998,-0.4,-0.4,2.7777777777777777,2.7777777777777777,9.713800888888887,8.492384946915887,9.229239044444409,-0.6050881288546646,-6.661338147750939e-16,-0.4,-0.4,2.7777777777777777,2.7777777777777777
17,0.5,False,0,0.5,True,9.713800888888887,-3.50041400560914,-4.164254866666663,1.9415900027518158,0.5500000000000003,-0.5,-0.5,2.7777777777777777,2.7777777777777777,9.713800888888887,3.3701973576909383,3.465370555555542,-0.045750746404571885,0.0,-0.5,-0.5,2.7777777777777777,2.7777777777777777
17,0.6000000000000001,True,2,0.0,True,2.880154888888887,-1.9203561148957844,-3.057248488888887,-0.14823523640601177,0.0400000000000007,-0.6000000000000001,-0.6000000000000001,2.7777777777777777,2.7777777777777777,2.120860888888887,-2.91632233801836,-2.9915568000000006,-0.003343913923470776,-0.019999999999999574,-0.6000000000000001,-0.6000000000000001,2.7777777777777777,2.7777777777777777
17,0.7000000000000001,False,0,0.2883785107989191,True,2.880154888888887,0.4892384845062532,0.42791424444444903,0.899512293650357,-0.009999999999999343,-0.7000000000000001,-0.7000000000000001,2.7777777777777777,2.7777777777777777,2.880154888888887,0.4892384845062532,0.42791424444444903,0.899512293650357,-0.009999999999999343,-0.7000000000000001,-0.7000000000000001,2.7777777777777777,2.7777777777777777
17,0.8,False,0,0.5147575320341189,True,2.880154888888887,0.46678467355995057,1.1974459555555592,-1.2057389867791095,-0.16000000000000036,-0.8,-0.8,2.7777777777777777,2.7777777777777777,4.398742888888887,0.4607946156849687,1.2938507777777817,0.10153319696764251,-2.220446049250313e-16,-0.8,-0.8,2.7777777777777777,2.7777777777777777
17,0.9,True,2,0.0,True,2.880154888888887,-0.697133575066192,-1.0247762666666622,-0.7918788790601743,-0.5599999999999992,-0.9,-0.9,2.7777777777777777,2.7777777777777777,7.435918888888886,0.18128864037824943,0.17559099999999805,0.06557107075532098,-0.02000000000000024,-0.9,-0.9,2.7777777777777777,2.7777777777777777
17,1.0,False,0,0.5147575320341189,True,2.880154888888887,0.6585025624852223,1.1974459555555592,-0.9233147471930698,-0.6000000000000001,-1.0,-1.0,2.7777777777777777,2.7777777777777777,7.435918888888886,2.346258368009477,2.397813222222223,0.17436634677435148,0.0,-1.0,-1.0,2.7777777777777777,2.7777777777777777
17,1.1,False,0,0.7312093301017538,True,2.880154888888887,2.7059321855041825,2.30855706666667,-0.9649325752170157,-0.7100000000000004,-1.1,-1.1,2.7777777777777777,2.7777777777777777,7.435918888888886,3.0822243247413335,3.5089243333333338,-0.343582211732018,-0.0499999999999996,-1.1,-1.1,2.7777777777777777,2.7777777777777777
17,1.2000000000000002,False,0,0.9004102030417434,True,2.880154888888887,3.8759863479559025,3.419668177777784,-0.49358643496405485,-0.7999999999999994,-1.2000000000000002,-1.2000000000000002,2.7777777777777777,2.7777777777777777,7.435918888888886,4.054070895890082,4.6200354444444445,0.4844736201712334,-0.07999999999999963,-1.2000000000000002,-1.2000000000000002,2.7777777777777777,2.7777777777777777
17,1.3,False,0,0.9004102030417434,True,2.880154888888887,2.4995179905999843,3.419668177777784,0.5658560524070935,-1.0000000000000004,-1.3,-1.3,2.7777777777777777,2.7777777777777777,8.195212888888886,5.070880378434919,5.085849555555556,0.622805086295426,-0.09000000000000008,-1.3,-1.3,2.7777777777777777,2.7777777777777777
17,1.4000000000000001,False,0,1.0431598798814585,True,2.880154888888887,4.265594879061703,4.5307792888888985,-0.2836066856211885,-1.0599999999999992,-1.4000000000000001,-1.4000000000000001,2.7777777777777777,2.7777777777777777,8.195212888888886,6.50201213238518,6.196960666666667,-0.3418943967239585,-0.08000000000000007,-1.4000000000000001,-1.4000000000000001,2.7777777777777777,2.7777777777777777
17,1.5,False,0,0.9004102030417434,True,2.880154888888887,3.142323367979011,3.419668177777784,-1.7430496530162185,-1.4,-1.5,-1.5,2.7777777777777777,2.7777777777777777,9.713800888888887,6.851056111157564,6.2452659777777795,1.1404267152028313,-0.04999999999999982,-1.5,-1.5,2.7777777777777777,2.7777777777777777
17,1.6,False,0,1.0431598798814585,True,2.880154888888887,4.553961515932145,4.510303866666676,-1.4008225316586609,-1.7600000000000007,-1.6,-1.6,2.7777777777777777,2.7777777777777777,8.954506888888886,8.229469116258556,6.738704177777779,0.4678172728275718,-0.1599999999999997,-1.6,-1.6,2.7777777777777777,2.7777777777777777
17,1.7000000000000002,False,0,1.1695830444089361,True,2.880154888888887,4.402637049449841,5.549751000000005,-0.7454141201284936,-1.8300000000000005,0.0,0.0,2.7777777777777777,2.7777777777777777,8.954506888888886,6.821348266236368,7.849815288888888,-0.5611741991888146,-0.09999999999999964,-1.7000000000000002,-1.7000000000000002,2.7777777777777777,2.7777777777777777
18,0.0,False,0,4.0,True,13.88888888888889,-3.844906492321626,-4.222222222222224,2.1342938422743916,1.6,0.0,0.0,2.7777777777777777,2.7777777777777777,,,,,,,,,
18,0.1,False,0,4.0,True,13.88888888888889,-2.6710820732091305,-4.222222222222224,2.2135700486265644,1.4,-0.1,-0.1,2.7777777777777777,2.7777777777777777,13.88888888888889,152.6745866705823,152.28888888888855,0.6797048835741526,-0.00999999999999579,-0.1,-0.1,2.7777777777777777,2.7777777777777777
18,0.2,False,0,4.0,True,13.88888888888889,-3.2384449310653656,-4.222222222222224,0.13238640984489125,1.2000000000000002,-0.2,-0.2,2.7777777777777777,2.7777777777777777,13.76238888888889,61.609817711582195,62.628350000000225,-1.2901731497578957,-0.019999999999997353,-0.2,-0.2,2.7777777777777777,2.7777777777777777
18,0.30000000000000004,False,0,2.933333333333334,True,13.76238888888889,-3.9724354310380354,-4.209572222222223,0.1718080996917304,1.0000000000000004,-0.30000000000000004,-0.30000000000000004,2.7777777777777777,2.7777777777777777,13.50938888888889,32.16134184324509,32.09705000000008,-0.7703654278863272,-0.020000000000001572,-0.30000000000000004,-0.30000000000000004,2.7777777777777777,2.7777777777777777
18,0.4,False,0,1.4999999999999991,True,11.991388888888888,-3.951020143434362,-3.9624166666666616,1.8182860523769082,0.7599999999999998,-0.4,-0.4,2.7777777777777777,2.7777777777777777,11.991388888888888,13.212778197738675,13.543444444444457,-0.4159471446831886,-6.661338147750939e-16,-0.4,-0.4,2.7777777777777777,2.7777777777777777
18,0.5,True,2,0.0,True,2.880154888888887,-3.2788763135997128,-3.3581096000000015,-0.08853951843611374,0.25,-0.5,-0.5,2.7777777777777777,2.7777777777777777,0.0,-2.0643563292676665,-2.377690777777782,0.4380076080122408,0.0,-0.5,-0.5,2.7777777777777777,2.7777777777777777
18,0.6000000000000001,True,2,0.0,True,2.880154888888887,-2.0031697550153664,-2.246998488888887,-0.7162546178476754,0.0400000000000007,-0.6000000000000001,-0.6000000000000001,2.7777777777777777,2.7777777777777777,2.120860888888887,-2.3502416904210532,-2.1813068000000007,0.27191731007576614,-0.019999999999999574,-0.6000000000000001,-0.6000000000000001,2.7777777777777777,2.7777777777777777
18,0.7000000000000001,False,0,0.48650725354024826,True,2.880154888888887,1.8126361573177734,1.0863348444444485,-1.3160669854836964,-0.009999999999999343,-0.7000000000000001,-0.7000000000000001,2.7777777777777777,2.7777777777777777,2.880154888888887,1.8126361573177734,1.0863348444444485,-1.3160669854836964,-0.009999999999999343,-0.7000000000000001,-0.7000000000000001,2.7777777777777777,2.7777777777777777
18,0.8,False,0,0.5968347125593977,True,2.880154888888887,1.6037175820500709,1.5797730444444484,-0.3208108432906538,-0.24000000000000044,-0.8,-0.8,2.7777777777777777,2.7777777777777777,5.158036888888887,1.9346890251081996,1.83827437777778,-0.5386585415500664,-2.220446049250313e-16,-0.8,-0.8,2.7777777777777777,2.7777777777777777
18,0.9,False,0,0.7131838691356119,True,2.880154888888887,1.7222837418714372,2.197445955555559,-0.8074207746285085,-0.37999999999999967,-0.9,-0.9,2.7777777777777777,2.7777777777777777,5.917330888888887,2.0735903038691506,2.6939731999999994,-1.3325278207085782,-0.02000000000000024,-0.9,-0.9,2.7777777777777777,2.7777777777777777
18,1.0,False,0,0.8843907767320013,True,2.880154888888887,3.214610555143495,3.30855706666667,-0.36854127695534844,-0.5,-1.0,-1.0,2.7777777777777777,2.7777777777777777,6.676624888888886,3.929265985943446,4.119039622222222,0.6948012414743894,0.0,-1.0,-1.0,2.7777777777777777,2.7777777777777777
18,1.1,False,0,0.8843907767320013,True,2.880154888888887,2.9013869781368635,3.30855706666667,-0.23233988862742816,-0.7100000000000004,-1.1,-1.1,2.7777777777777777,2.7777777777777777,7.435918888888886,4.318627234529392,4.508924333333334,-1.339414912353588,-0.0499999999999996,-1.1,-1.1,2.7777777777777777,2.7777777777777777
18,1.2000000000000002,False,0,0.8843907767320013,True,2.880154888888887,2.879471709426263,3.30855706666667,-0.9395665964123304,-0.919999999999999,-1.2000000000000002,-1.2000000000000002,2.7777777777777777,2.7777777777777777,8.195212888888886,5.652448305616606,4.974738444444445,-0.3098495015692708,-0.07999999999999963,-1.2000000000000002,-1.2000000000000002,2.7777777777777777,2.7777777777777777
18,1.3,False,0,1.0300178075080662,True,2.880154888888887,4.3506886399733675,4.409430466666671,-0.025759198913483772,-1.1300000000000008,-1.3,-1.3,2.7777777777777777,2.7777777777777777,8.195212888888886,7.049053082650063,6.085849555555556,0.004508137068145901,-0.09000000000000008,-1.3,-1.3,2.7777777777777777,2.7777777777777777
18,1.4000000000000001,False,0,1.0300178075080662,True,2.880154888888887,4.459114703947532,4.419668177777784,-0.07415015236932909,-1.1999999999999988,-1.4000000000000001,-1.4000000000000001,2.7777777777777777,2.7777777777777777,8.954506888888886,6.022536675183253,6.627593066666665,-0.12678939585208493,-0.08000000000000007,-1.4000000000000001,-1.4000000000000001,2.7777777777777777,2.7777777777777777
18,1.5,False,0,0.8843907767320013,True,2.880154888888887,3.2873720316872346,3.30855706666667,-1.6055970589185313,-1.5499999999999998,-1.5,-1.5,2.7777777777777777,2.7777777777777777,10.473094888888888,6.351605103068416,6.827757177777781,1.0227341027865502,-0.04999999999999982,-1.5,-1.5,2.7777777777777777,2.7777777777777777
18,1.6,False,0,1.2781181223431521,True,2.880154888888887,4.549052076724505,5.346821688888906,-1.3075249027933706,-1.879999999999999,0.0,0.0,2.7777777777777777,2.7777777777777777,8.195212888888886,8.867282677036673,8.30807177777778,0.19063105182202866,-0.1599999999999997,-1.6,-1.6,2.7777777777777777,2.7777777777777777
18,1.7000000000000002,False,0,1.030017807508066,True,2.880154888888887,3.5800350652861512,4.409430466666671,-1.7641437188982627,-1.8300000000000005,-1.7000000000000002,-1.7000000000000002,2.7777777777777777,2.7777777777777777,10.473094888888888,7.814418633271573,7.938868288888888,0.602684136833656,-0.09999999999999964,-1.7000000000000002,-1.7000000000000002,2.7777777777777777,2.7777777777777777
19,0.0,False,0,4.0,True,13.88888888888889,-3.302883632674443,-4.266666666666661,1.9471632418616323,1.6,0.0,0.0,2.7777777777777777,2.7777777777777777,,,,,,,,,
19,0.1,False,0,4.0,True,13.88888888888889,-3.908965657511124,-4.266666666666661,1.270922384326885,1.3900000000000001,-0.1,-0.1,2.7777777777777777,2.7777777777777777,13.88888888888889,150.98384383255092,151.28888888888855,0.6354802412881564,-0.00999999999999579,-0.1,-0.1,2.7777777777777777,2.7777777777777777
19,0.2,False,0,4.0,True,11.232388888888888,-4.075243130022954,-3.9019055555555537,1.6144951325692438,1.1600000000000001,-0.2,-0.2,2.7777777777777777,2.7777777777777777,11.232388888888888,46.199191323199955,45.98030000000021,-0.05973043354649543,-0.019999999999997353,-0.2,-0.2,2.7777777777777777,2.7777777777777777
19,0.30000000000000004,False,0,2.733333333333334,True,11.232388888888888,-3.0360327538953156,-4.129605555555556,1.5754117758447879,0.9400000000000004,-0.30000000000000004,-0.30000000000000004,2.7777777777777777,2.7777777777777777,11.232388888888888,23.162775593649076,22.925150000000098,0.7984218075488454,-0.020000000000001572,-0.30000000000000004,-0.30000000000000004,2.7777777777777777,2.7777777777777777
19,0.4,False,0,1.4999999999999991,True,13.129888888888889,-3.197923604422363,-4.206833333333338,0.6292092764685657,0.7599999999999998,-0.4,-0.4,2.7777777777777777,2.7777777777777777,12.623888888888889,14.369649018307388,14.314444444444401,-0.9386870031970561,-6.661338147750939e-16,-0.4,-0.4,2.7777777777777777,2.7777777777777777
19,0.5,True,1,0.0,True,4.398742888888887,-3.7242912699723254,-4.281527000000007,0.3909118914777858,0.25,-0.5,-0.5,2.7777777777777777,2.7777777777777777,4.398742888888887,-4.145879096961624,-3.5079904444444407,-0.5528056543141249,0.0,-0.5,-0.5,2.7777777777777777,2.7777777777777777
19,0.6000000000000001,False,0,0.8226846297799357,True,2.880154888888887,0.834081699647311,2.0863348444444485,0.6729587912519768,0.22000000000000064,-0.6000000000000001,-0.6000000000000001,2.7777777777777777,2.7777777777777777,0.6022728888888867,1.4692937907051133,2.7287486000000003,0.2946363484312884,-0.019999999999999574,-0.6000000000000001,-0.6000000000000001,2.7777777777777777,2.7777777777777777
19,0.7000000000000001,False,0,0.8857142857142858,True,2.880154888888887,3.4958096121199533,3.197445955555559,0.2770793134530196,0.06000000000000072,-0.7000000000000001,-0.7000000000000001,2.7777777777777777,2.7777777777777777,2.120860888888887,3.145464467775377,3.2631376444444493,0.238572990873263,-0.009999999999999343,-0.7000000000000001,-0.7000000000000001,2.7777777777777777,2.7777777777777777
19,0.8,False,0,1.0168757351346738,True,2.880154888888887,4.353384373919035,4.30855706666667,0.1370541085477086,-0.0800000000000003,-0.8,-0.8,2.7777777777777777,2.7777777777777777,3.639448888888887,4.262306695707864,4.318794777777783,0.2684806955046328,-2.220446049250313e-16,-0.8,-0.8,2.7777777777777777,2.7777777777777777
19,0.9,False,0,0.8683713504222594,True,2.880154888888887,4.12252617997201,3.197445955555559,0.526928448081668,-0.37999999999999967,-0.9,-0.9,2.7777777777777777,2.7777777777777777,5.917330888888887,3.878455116148353,3.6939731999999994,0.8790870273029143,-0.02000000000000024,-0.9,-0.9,2.7777777777777777,2.7777777777777777
19,1.0,False,0,0.8683713504222594,True,2.880154888888887,4.2271603568135,3.197445955555559,-1.120404891285274,-0.6000000000000001,-1.0,-1.0,2.7777777777777777,2.7777777777777777,7.435918888888886,5.1804190083958455,4.397813222222223,0.6293555813732654,0.0,-1.0,-1.0,2.7777777777777777,2.7777777777777777
19,1.1,False,0,1.0168757351346738,True,2.880154888888887,4.103962457684077,4.30855706666667,-1.3396537827659851,-0.7100000000000004,-1.1,-1.1,2.7777777777777777,2.7777777777777777,7.435918888888886,5.383648182860861,5.508924333333334,-1.0138519107206903,-0.0499999999999996,-1.1,-1.1,2.7777777777777777,2.7777777777777777
19,1.2000000000000002,False,0,1.0168757351346738,True,2.880154888888887,4.526134751132607,4.29831935555556,-1.780793135144212,-1.0399999999999991,-1.2000000000000002,-1.2000000000000002,2.7777777777777777,2.7777777777777777,8.195212888888886,6.276678389397216,5.974738444444445,-0.765423811414,-0.07999999999999963,-1.2000000000000002,-1.2000000000000002,2.7777777777777777,2.7777777777777777
19,1.3,False,0,1.0168757351346738,True,2.880154888888887,4.521756524831678,4.257368511111118,-0.9276116259821006,-1.7800000000000002,-1.3,-1.3,2.7777777777777777,2.7777777777777777,8.954506888888886,5.8968906929866565,6.516481955555556,-0.3165953368293113,-0.09000000000000008,-1.3,-1.3,2.7777777777777777,2.7777777777777777
19,1.4000000000000001,False,0,1.386653200277368,True,2.880154888888887,4.519857119948672,5.280396355555571,-1.8496203079456504,-1.8999999999999986,0.0,0.0,2.7777777777777777,2.7777777777777777,7.435918888888886,8.735180557639442,8.842257666666669,-1.1369368103723372,-0.08000000000000007,-1.4000000000000001,-1.4000000000000001,2.7777777777777777,2.7777777777777777
19,1.5,False,0,1.0168757351346738,True,2.880154888888887,4.283563932134695,4.30855706666667,-0.8740111739867964,-1.5499999999999998,-1.5,-1.5,2.7777777777777777,2.7777777777777777,10.473094888888888,8.260695767365313,7.827757177777781,0.521120950715761,-0.04999999999999982,-1.5,-1.5,2.7777777777777777,2.7777777777777777
19,1.6,False,0,1.1454641382013324,True,2.880154888888887,4.550120055480677,5.296815644444451,-0.6903503123020189,-1.879999999999999,0.0,0.0,2.7777777777777777,2.7777777777777777,9.713800888888887,7.849246015321625,8.24526597777778,-0.3785659477997869,-0.1599999999999997,-1.6,-1.6,2.7777777777777777,2.7777777777777777
19,1.7000000000000002,False,0,1.1454641382013324,True,2.880154888888887,4.549834753067221,5.286577933333342,-1.8815369624203986,-1.8300000000000005,0.0,0.0,2.7777777777777777,2.7777777777777777,10.473094888888888,8.712934905034977,8.938868288888887,-0.9818209456827902,-0.09999999999999964,-1.7000000000000002,-1.7000000000000002,2.7777777777777777,2.7777777777777777
20,0.0,False,0,4.0,True,13.88888888888889,-3.687767545758617,-4.155555555555551,1.6774298271516215,1.6,0.0,0.0,2.7777777777777777,2.7777777777777777,,,,,,,,,
20,0.1,False,0,4.0,True,13.88888888888889,-4.189332662004882,-4.155555555555551,1.6675134695720666,1.38,-0.1,-0.1,2.7777777777777777,2.7777777777777777,13.88888888888889,149.5854541485972,150.28888888888855,-0.20311939996818107,-0.00999999999999579,-0.1,-0.1,2.7777777777777777,2.7777777777777777
20,0.2,False,0,4.0,True,13.76238888888889,-3.976377575553747,-4.231455555555555,0.5268432123442994,1.1600000000000001,-0.2,-0.2,2.7777777777777777,2.7777777777777777,13.76238888888889,60.90436313921559,60.57775000000022,0.7968755646265171,-0.019999999999997353,-0.2,-0.2,2.7777777777777777,2.7777777777777777
20,0.30000000000000004,False,0,2.733333333333334,True,13.50938888888889,-3.701124557580573,-4.244105555555552,0.711996961231276,0.9400000000000004,-0.30000000000000004,-0.30000000000000004,2.7777777777777777,2.7777777777777777,13.129888888888889,30.124574486021505,28.88265000000005,0.6022719163458774,-0.020000000000001572,-0.30000000000000004,-0.30000000000000004,2.7777777777777777,2.7777777777777777
20,0.4,True,1,0.0,True,5.158036888888887,-3.984911924412926,-4.240808711111117,0.2551177139351477,0.47999999999999954,-0.4,-0.4,2.7777777777777777,2.7777777777777777,3.639448888888887,-2.5272486614555474,-3.0973977555555576,0.013116797729902263,-6.661338147750939e-16,-0.4,-0.4,2.7777777777777777,2.7777777777777777
20,0.5,False,0,0.40000000000000036,True,2.880154888888887,-0.23504558106196694,-0.2090484888888886,-0.8895356486513335,0.30000000000000027,-0.5,-0.5,2.7777777777777777,2.7777777777777777,0.0,2.6994163857116336,1.0491481111111058,-0.9078036391797789,0.0,-0.5,-0.5,2.7777777777777777,2.7777777777777777
20,0.6000000000000001,True,2,0.0,True,2.880154888888887,-0.3646898857294003,-0.2469984888888872,-0.22452167727411831,0.0400000000000007,-0.6000000000000001,-0.6000000000000001,2.7777777777777777,2.7777777777777777,2.120860888888887,0.5709475681168508,-0.18130680000000066,0.56707624190437,-0.019999999999999574,-0.6000000000000001,-0.6000000000000001,2.7777777777777777,2.7777777777777777
20,0.7000000000000001,False,0,0.8571299854820684,True,2.880154888888887,3.496434013710968,3.0863348444444485,0.8827980941829474,-0.009999999999999343,-0.7000000000000001,-0.7000000000000001,2.7777777777777777,2.7777777777777777,2.880154888888887,3.496434013710968,3.0863348444444485,0.8827980941829474,-0.009999999999999343,-0.7000000000000001,-0.7000000000000001,2.7777777777777777,2.7777777777777777
20,0.8,False,0,0.8523519241125176,True,2.880154888888887,3.1674134155648312,3.0863348444444485,-0.855676797227114,-0.24000000000000044,-0.8,-0.8,2.7777777777777777,2.7777777777777777,5.158036888888887,4.307508707821836,3.34483617777778,-0.3047481740801252,-2.220446049250313e-16,-0.8,-0.8,2.7777777777777777,2.7777777777777777
20,0.9,False,0,0.8523519241125176,True,2.880154888888887,3.4661825942748274,3.0863348444444485,-0.7981757519226087,-0.4699999999999993,-0.9,-0.9,2.7777777777777777,2.7777777777777777,6.676624888888886,4.701349395704427,3.896817399999997,0.4593043777653012,-0.02000000000000024,-0.9,-0.9,2.7777777777777777,2.7777777777777777
20,1.0,False,0,1.0027716798733037,True,2.880154888888887,2.8316766580189716,4.17697053333334,-0.19891487138392439,-0.7999999999999998,-1.0,-1.0,2.7777777777777777,2.7777777777777777,7.435918888888886,4.852082273088212,5.397813222222223,0.36493308016531634,0.0,-1.0,-1.0,2.7777777777777777,2.7777777777777777
20,1.1,False,0,1.2539992161355482,True,2.880154888888887,3.708200158470782,5.861714666666679,-1.61135141987201,-1.7000000000000015,-1.1,-1.1,2.7777777777777777,2.7777777777777777,6.676624888888886,7.2737165856969925,7.230150733333333,0.29515771949713754,-0.0499999999999996,-1.1,-1.1,2.7777777777777777,2.7777777777777777
20,1.2000000000000002,False,0,1.133404685097531,True,2.880154888888887,3.846110248467295,5.288081644444451,-1.604900164107145,-1.1599999999999988,-1.2000000000000002,-1.2000000000000002,2.7777777777777777,2.7777777777777777,8.195212888888886,7.594593190487868,6.974738444444445,0.08027339683057466,-0.07999999999999963,-1.2000000000000002,-1.2000000000000002,2.7777777777777777,2.7777777777777777
20,1.3,False,0,1.133404685097531,True,2.880154888888887,4.40154133306049,5.134515977777785,-1.1881289596011442,-1.8899999999999997,0.0,0.0,2.7777777777777777,2.7777777777777777,8.954506888888886,6.8369261763264015,7.516481955555556,0.03630890345204918,-0.09000000000000008,-1.3,-1.3,2.7777777777777777,2.7777777777777777
20,1.4000000000000001,False,0,1.133404685097531,True,2.880154888888887,4.230605534030819,5.30855706666667,-0.3474515040383439,-1.3399999999999985,-1.4000000000000001,-1.4000000000000001,2.7777777777777777,2.7777777777777777,9.713800888888887,7.425567650171012,8.134154866666666,-0.34451134060720046,-0.08000000000000007,-1.4000000000000001,-1.4000000000000001,2.7777777777777777,2.7777777777777777
20,1.5,False,0,1.133404685097531,True,2.880154888888887,4.442619135839114,5.134515977777785,-0.3533531133203176,-1.7999999999999998,0.0,0.0,2.7777777777777777,2.7777777777777777,10.473094888888888,7.901520161855452,8.82775717777778,0.6266572908461407,-0.04999999999999982,-1.5,-1.5,2.7777777777777777,2.7777777777777777
20,1.6,False,0,1.3745937471735659,True,2.880154888888887,4.412315990652577,5.37062573333336,-1.2528335489158193,-1.879999999999999,0.0,0.0,2.7777777777777777,2.7777777777777777,8.954506888888886,9.825621316049443,9.73870417777778,1.4265735963367354,-0.1599999999999997,-1.6,-1.6,2.7777777777777777,2.7777777777777777
20,1.7000000000000002,False,0,1.3745937471735659,True,2.880154888888887,4.125057810172724,5.982329844444462,-1.2244092778156743,-1.8300000000000005,0.0,0.0,2.7777777777777777,2.7777777777777777,9.713800888888887,10.417918458100687,10.356377088888888,0.39061905628189963,-0.09999999999999964,-1.7000000000000002,-1.7000000000000002,2.7777777777777777,2.7777777777777777
21,0.0,False,0,4.0,True,13.88888888888889,-3.366795455031254,-4.04444444444444,1.5729499878498259,1.6,0.0,0.0,2.7777777777777777,2.7777777777777777,,,,,,,,,
21,0.1,False,0,4.0,True,13.88888888888889,-4.110929819358009,-4.04444444444444,2.8704863536458682,1.37,-0.1,-0.1,2.7777777777777777,2.7777777777777777,13.88888888888889,149.69583400113075,149.28888888888855,-0.3139594734296707,-0.00999999999999579,-0.1,-0.1,2.7777777777777777,2.7777777777777777
21,0.2,False,0,4.0,True,13.88888888888889,-3.4000771832998167,-4.04444444444444,0.8306724638215117,1.1400000000000001,-0.2,-0.2,2.7777777777777777,2.7777777777777777,13.88888888888889,61.16889583492406,60.399999999999864,-0.2611136431554688,-0.019999999999997353,-0.2,-0.2,2.7777777777777777,2.7777777777777777
21,0.30000000000000004,False,0,2.3333333333333335,True,9.713800888888887,-4.189330143494611,-4.110628466666671,0.7941945354849014,0.8800000000000003,-0.30000000000000004,-0.30000000000000004,2.7777777777777777,2.7777777777777777,9.713800888888887,15.903738197263774,16.31869779999992,0.3279289613757155,-0.020000000000001572,-0.30000000000000004,-0.30000000000000004,2.7777777777777777,2.7777777777777777
21,0.4,True,2,0.0,True,2.880154888888887,-4.1343416029319995,-3.7016806444444397,0.863260751922605,0.35999999999999943,-0.4,-0.4,2.7777777777777777,2.7777777777777777,0.0,-2.486028687151527,-1.610150711111113,-0.795717437318133,-6.661338147750939e-16,-0.4,-0.4,2.7777777777777777,2.7777777777777777
21,0.5,False,0,0.48020000130238527,True,2.880154888888887,-0.03740296476604055,0.04916148888888916,-0.207618734813785,0.20000000000000018,-0.5,-0.5,2.7777777777777777,2.7777777777777777,0.0,0.9485688787802546,0.75180253333333,-0.5353351456518345,0.0,-0.5,-0.5,2.7777777777777777,2.7777777777777777
21,0.6000000000000001,False,0,0.42495493021021263,True,2.880154888888887,0.5098678246264621,0.7530015111111164,0.023183228687535085,0.0400000000000007,-0.6000000000000001,-0.6000000000000001,2.7777777777777777,2.7777777777777777,2.120860888888887,1.112089867291389,0.8186931999999993,1.1888583322264545,-0.019999999999999574,-0.6000000000000001,-0.6000000000000001,2.7777777777777777,2.7777777777777777
21,0.7000000000000001,False,0,0.961852353417924,True,2.880154888888887,3.747979691690639,3.5445913333333374,-0.7615454083917301,-0.07999999999999918,-0.7000000000000001,-0.7000000000000001,2.7777777777777777,2.7777777777777777,3.639448888888887,3.21021279124711,3.554829044444447,-0.030461540815752697,-0.009999999999999343,-0.7000000000000001,-0.7000000000000001,2.7777777777777777,2.7777777777777777
21,0.8,False,0,0.9883328842386598,True,2.880154888888887,4.049737838578669,4.0863348444444485,0.5318109135881715,-0.24000000000000044,-0.8,-0.8,2.7777777777777777,2.7777777777777777,5.158036888888887,4.810634200616083,4.34483617777778,-0.20206347360486632,-2.220446049250313e-16,-0.8,-0.8,2.7777777777777777,2.7777777777777777
21,0.9,False,0,1.1213452319937294,True,2.880154888888887,4.035466076165556,5.019139444444449,-1.8242072175915744,-1.279999999999998,-0.9,-0.9,2.7777777777777777,2.7777777777777777,5.917330888888887,5.590916458438056,5.693973199999999,1.4950165275778686,-0.02000000000000024,-0.9,-0.9,2.7777777777777777,2.7777777777777777
21,1.0,False,0,0.9883328842386598,True,2.880154888888887,3.3256715158758796,4.0863348444444485,-0.19316956233205507,-0.6999999999999997,-1.0,-1.0,2.7777777777777777,2.7777777777777777,8.195212888888886,6.44918774156653,5.752516222222224,-0.15438959831166743,0.0,-1.0,-1.0,2.7777777777777777,2.7777777777777777
21,1.1,False,0,1.1213452319937294,True,2.880154888888887,4.4192548872291235,5.115544266666675,-0.4778284242556583,-1.7000000000000015,-1.1,-1.1,2.7777777777777777,2.7777777777777777,8.195212888888886,6.56229742386384,6.863627333333334,-0.5558099161770653,-0.0499999999999996,-1.1,-1.1,2.7777777777777777,2.7777777777777777
21,1.2000000000000002,False,0,1.3625342940697638,True,2.880154888888887,4.347537841868967,5.8200301777777925,-0.5611910231301618,-1.7999999999999998,0.0,0.0,2.7777777777777777,2.7777777777777777,7.435918888888886,8.756132993886485,8.620035444444444,0.6250658693941111,-0.07999999999999963,-1.2000000000000002,-1.2000000000000002,2.7777777777777777,2.7777777777777777
21,1.3,False,0,0.9883328842386598,True,2.880154888888887,2.8206721556149263,4.0863348444444485,-0.3063324586386249,-1.390000000000001,-1.3,-1.3,2.7777777777777777,2.7777777777777777,10.473094888888888,7.456727249411586,7.605534955555556,-0.1350897142796692,-0.09000000000000008,-1.3,-1.3,2.7777777777777777,2.7777777777777777
21,1.4000000000000001,False,0,1.2419397630317468,True,2.880154888888887,4.424462407096127,5.515136200000012,-0.25886115499219375,-1.8999999999999986,0.0,0.0,2.7777777777777777,2.7777777777777777,9.713800888888887,9.734774984162499,9.134154866666666,-0.4118176109463627,-0.08000000000000007,-1.4000000000000001,-1.4000000000000001,2.7777777777777777,2.7777777777777777
21,1.5,False,0,1.3625342940697638,True,2.880154888888887,4.212772994162802,5.44293824444446,-1.6444036323652753,-1.7999999999999998,0.0,0.0,2.7777777777777777,2.7777777777777777,9.713800888888887,9.982732409182262,10.24526597777778,-0.3329198059451166,-0.04999999999999982,-1.5,-1.5,2.7777777777777777,2.7777777777777777
21,1.6,False,0,1.3625342940697638,True,2.880154888888887,3.953775192615116,5.138368955555575,-1.668333446776234,-1.879999999999999,0.0,0.0,2.7777777777777777,2.7777777777777777,9.713800888888887,9.480954156020687,10.24526597777778,-0.13251090688014555,-0.1599999999999997,-1.6,-1.6,2.7777777777777777,2.7777777777777777
21,1.7000000000000002,False,0,1.3625342940697638,True,2.880154888888887,4.534966810853068,5.622955111111122,-1.8795240868362988,-1.8300000000000005,0.0,0.0,2.7777777777777777,2.7777777777777777,10.473094888888888,10.514267326024722,10.938868288888887,-1.0116846236348687,-0.09999999999999964,-1.7000000000000002,-1.7000000000000002,2.7777777777777777,2.7777777777777777
22,0.0,False,0,4.0,True,13.88888888888889,-3.351379003292844,-3.9333333333333327,0.9054324899424846,1.6,0.0,0.0,2.7777777777777777,2.7777777777777777,,,,,,,,,
22,0.1,False,0,4.0,True,13.88888888888889,-4.103476374412611,-3.9333333333333327,1.6116909141689435,1.3599999999999999,-0.1,-0.1,2.7777777777777777,2.7777777777777777,13.88888888888889,148.23798955262544,148.28888888888855,-0.5711727449911812,-0.00999999999999579,-0.1,-0.1,2.7777777777777777,2.7777777777777777
22,0.2,False,0,4.0,True,13.129888888888889,-3.494576230605726,-4.236566666666671,1.034666129965642,1.12,-0.2,-0.2,2.7777777777777777,2.7777777777777777,12.623888888888889,51.7920367030682,51.759400000000085,-0.43150945218330294,-0.019999999999997353,-0.2,-0.2,2.7777777777777777,2.7777777777777777
22,0.30000000000000004,False,0,2.3333333333333335,True,11.232388888888888,-4.12479303668174,-4.251672222222221,0.5057330914501068,0.8500000000000001,-0.30000000000000004,-0.30000000000000004,2.7777777777777777,2.7777777777777777,11.232388888888888,20.54168548645141,20.26670000000011,-0.19643780778189557,-0.020000000000001572,-0.30000000000000004,-0.30000000000000004,2.7777777777777777,2.7777777777777777
22,0.4,True,2,0.0,True,2.880154888888887,-2.615323995265366,-2.69144293333333,-0.5104731126164137,0.39999999999999947,-0.4,-0.4,2.7777777777777777,2.7777777777777777,0.0,-1.9702334573558415,-0.3221352222222249,-0.0037274043465613804,-6.661338147750939e-16,-0.4,-0.4,2.7777777777777777,2.7777777777777777
22,0.5,False,0,0.7000000000000002,True,2.880154888888887,0.73147129472967,0.6798404000000007,0.06444783991458891,0.25,-0.5,-0.5,2.7777777777777777,2.7777777777777777,0.0,1.0543206696900045,1.600031933333331,0.20681078911025574,0.0,-0.5,-0.5,2.7777777777777777,2.7777777777777777
22,0.6000000000000001,False,0,0.6574979714801151,True,2.880154888888887,1.3236518907618953,1.7530015111111164,0.6090843148989395,0.0400000000000007,-0.6000000000000001,-0.6000000000000001,2.7777777777777777,2.7777777777777777,2.120860888888887,1.255683884058862,1.8186931999999993,0.6917627780008129,-0.019999999999999574,-0.6000000000000001,-0.6000000000000001,2.7777777777777777,2.7777777777777777
22,0.7000000000000001,False,0,0.6311442257750676,True,2.880154888888887,0.9876168925600348,1.7530015111111164,-0.11363938086104475,-0.21999999999999909,-0.7000000000000001,-0.7000000000000001,2.7777777777777777,2.7777777777777777,5.158036888888887,2.062873497335084,2.0115028444444443,-0.6001489592429496,-0.009999999999999343,-0.7000000000000001,-0.7000000000000001,2.7777777777777777,2.7777777777777777
22,0.8,False,0,1.1088702417484213,True,2.880154888888887,4.322081600225599,5.065859422222229,-0.5597442505736399,-0.4000000000000008,-0.8,-0.8,2.7777777777777777,2.7777777777777777,5.158036888888887,4.7659530478326255,5.34483617777778,-0.3810536048820854,-2.220446049250313e-16,-0.8,-0.8,2.7777777777777777,2.7777777777777777
22,0.9,False,0,1.1088702417484213,True,2.880154888888887,4.301596955717653,5.076097133333339,-0.37947400124210784,-0.5599999999999992,-0.9,-0.9,2.7777777777777777,2.7777777777777777,6.676624888888886,4.897960150712156,5.896817399999997,0.8105951634434319,-0.02000000000000024,-0.9,-0.9,2.7777777777777777,2.7777777777777777
22,1.0,False,0,1.3504748409659624,True,2.880154888888887,4.38663795516504,5.659437377777796,-1.2650569815341162,-1.7999999999999998,0.0,0.0,2.7777777777777777,2.7777777777777777,6.676624888888886,8.008282139449374,8.119039622222221,-0.5246840165686872,0.0,-1.0,-1.0,2.7777777777777777,2.7777777777777777
22,1.1,False,0,1.229880309927945,True,2.880154888888887,4.326752776002423,5.86728064444445,-1.728651399034591,-1.8799999999999981,-1.1,-1.1,2.7777777777777777,2.7777777777777777,8.195212888888886,8.093629302451856,7.863627333333334,0.11113475274809259,-0.0499999999999996,-1.1,-1.1,2.7777777777777777,2.7777777777777777
22,1.2000000000000002,False,0,1.470146137787057,True,2.880154888888887,4.331073127040704,5.94556280000002,-1.014329789922345,-1.7999999999999998,0.0,0.0,2.7777777777777777,2.7777777777777777,7.435918888888886,10.121222798894909,9.620035444444444,1.5331416515521776,-0.07999999999999963,-1.2000000000000002,-1.2000000000000002,2.7777777777777777,2.7777777777777777
22,1.3,False,0,1.229880309927945,True,2.880154888888887,4.420977899485924,5.71627353333334,-1.7965781726865604,-1.8899999999999997,0.0,0.0,2.7777777777777777,2.7777777777777777,9.713800888888887,9.909634275908296,9.023043755555555,-0.28390729301208606,-0.09000000000000008,-1.3,-1.3,2.7777777777777777,2.7777777777777777
22,1.4000000000000001,False,0,1.470146137787057,True,2.880154888888887,4.303720786262898,6.307292933333355,-1.273343895309265,-1.8999999999999986,0.0,0.0,2.7777777777777777,2.7777777777777777,8.954506888888886,10.881753082766867,10.627593066666666,0.3861422796141749,-0.08000000000000007,-1.4000000000000001,-1.4000000000000001,2.7777777777777777,2.7777777777777777
22,1.5,False,0,1.8086892738249736,True,2.880154888888887,4.030349114585005,5.483274333333367,-1.4821115169323236,-1.7999999999999998,0.0,0.0,2.7777777777777777,2.7777777777777777,7.435918888888886,12.199408810171263,12.95336877777778,-0.12289473126116057,-0.04999999999999982,-1.5,-1.5,2.7777777777777777,2.7777777777777777
22,1.6,False,0,1.5829938497996956,True,2.880154888888887,4.400804658814896,5.486042177777809,-1.5871235748722432,-1.879999999999999,0.0,0.0,2.7777777777777777,2.7777777777777777,8.954506888888886,12.939073593304652,11.73870417777778,-0.08095039396392645,-0.1599999999999997,-1.6,-1.6,2.7777777777777777,2.7777777777777777
22,1.7000000000000002,False,0,1.6958415618123346,True,2.880154888888887,4.276099647837374,5.546086266666703,-1.8723615210795206,-1.8300000000000005,0.0,0.0,2.7777777777777777,2.7777777777777777,8.954506888888886,13.393709804145331,12.849815288888887,-1.6686717936505584,-0.09999999999999964,-1.7000000000000002,-1.7000000000000002,2.7777777777777777,2.7777777777777777
23,0.0,False,0,4.0,True,13.88888888888889,-3.3797651507790034,-3.8222222222222255,1.172497008957647,1.6,0.0,0.0,2.7777777777777777,2.7777777777777777,,,,,,,,,
23,0.1,False,0,4.0,True,13.129888888888889,-4.251550606244083,-4.0752222222222185,0.5634970267569446,1.35,-0.1,-0.1,2.7777777777777777,2.7777777777777777,13.129888888888889,137.34769333933707,136.71348888888974,0.8490155801788251,-0.00999999999999579,-0.1,-0.1,2.7777777777777777,2.7777777777777777
23,0.2,False,0,4.0,True,13.76238888888889,-4.192072774965179,-3.872822222222214,1.379243429773794,1.1,-0.2,-0.2,2.7777777777777777,2.7777777777777777,13.76238888888889,57.2975221744462,57.64100000000022,0.7556230817205276,-0.019999999999997353,-0.2,-0.2,2.7777777777777777,2.7777777777777777
23,0.30000000000000004,False,0,2.5333333333333337,True,13.129888888888889,-3.7379287321880055,-3.9487222222222185,1.4003110409748558,0.8500000000000001,-0.30000000000000004,-0.30000000000000004,2.7777777777777777,2.7777777777777777,13.129888888888889,25.10787337524471,26.072400000000055,0.4883971631334565,-0.020000000000001572,-0.30000000000000004,-0.30000000000000004,2.7777777777777777,2.7777777777777777
23,0.4,True,2,0.0,True,2.880154888888887,-3.0216376953757758,-2.939350555555559,0.8089302586863751,0.3199999999999994,-0.4,-0.4,2.7777777777777777,2.7777777777777777,0.0,0.45828237818664963,-1.1255984000000039,-0.4679206450180473,-6.661338147750939e-16,-0.4,-0.4,2.7777777777777777,2.7777777777777777
23,0.5,False,0,0.6000000000000005,True,2.880154888888887,-0.522961271216853,0.6066792888888886,0.15467754089922137,0.20000000000000018,-0.5,-0.5,2.7777777777777777,2.7777777777777777,0.6022728888888867,1.2738168604084494,1.2490930444444404,0.27801098095343324,0.0,-0.5,-0.5,2.7777777777777777,2.7777777777777777
23,0.6000000000000001,False,0,1.1629372914056892,True,2.880154888888887,4.517274147625053,4.934272888888892,-0.1594608159051134,-0.07999999999999963,-0.6000000000000001,-0.6000000000000001,2.7777777777777777,2.7777777777777777,2.880154888888887,5.452624533948026,4.944510600000002,0.0250778067794295,-0.019999999999999574,-0.6000000000000001,-0.6000000000000001,2.7777777777777777,2.7777777777777777
23,0.7000000000000001,False,0,0.9594552929693723,True,2.880154888888887,3.8059728635047465,3.864112622222227,-0.4283106320566057,-0.14999999999999925,-0.7000000000000001,-0.7000000000000001,2.7777777777777777,2.7777777777777777,4.398742888888887,4.475811927392958,3.960517444444446,-0.5300243259545143,-0.009999999999999343,-0.7000000000000001,-0.7000000000000001,2.7777777777777777,2.7777777777777777
23,0.8,False,0,1.095728169375029,True,2.880154888888887,3.5499220800821485,4.975223733333338,-1.0025442821652906,-0.3200000000000005,-0.8,-0.8,2.7777777777777777,2.7777777777777777,5.917330888888887,4.286944056437911,5.471750977777774,-0.858610773612388,-2.220446049250313e-16,-0.8,-0.8,2.7777777777777777,2.7777777777777777
23,0.9,False,0,1.3384153878621607,True,2.880154888888887,3.9762840098032557,6.133579177777787,-1.0911755564670536,-1.8900000000000028,0.0,0.0,2.7777777777777777,2.7777777777777777,5.917330888888887,7.357095414312838,7.693973200000003,-0.08430336858543641,-0.02000000000000024,-0.9,-0.9,2.7777777777777777,2.7777777777777777
23,1.0,False,0,1.4588613665857928,True,2.880154888888887,4.535802815384142,5.656996866666685,-1.5331977508191081,-1.7999999999999998,0.0,0.0,2.7777777777777777,2.7777777777777777,6.676624888888886,8.612184327400403,9.119039622222221,-0.004818295751236157,0.0,-1.0,-1.0,2.7777777777777777,2.7777777777777777
23,1.1,False,0,1.3384153878621607,True,2.880154888888887,4.5478463395122946,5.6515550666666785,-1.364810516152734,-1.8799999999999981,0.0,0.0,2.7777777777777777,2.7777777777777777,8.195212888888886,8.91336666525936,8.863627333333334,-1.0010386710905488,-0.0499999999999996,-1.1,-1.1,2.7777777777777777,2.7777777777777777
23,1.2000000000000002,False,0,1.4588613665857928,True,2.880154888888887,4.356570945182132,5.705626866666688,-1.8075624069380698,-1.7999999999999998,0.0,0.0,2.7777777777777777,2.7777777777777777,8.195212888888886,9.772035151709215,9.974738444444444,-0.0267872854073119,-0.07999999999999963,-1.2000000000000002,-1.2000000000000002,2.7777777777777777,2.7777777777777777
23,1.3,False,0,1.4588613665857928,True,2.880154888888887,4.124641554874889,5.99142760000002,-0.6736993298726777,-1.8899999999999997,0.0,0.0,2.7777777777777777,2.7777777777777777,8.954506888888886,10.44694429595722,10.516481955555555,-0.40771070962727296,-0.09000000000000008,-1.3,-1.3,2.7777777777777777,2.7777777777777777
23,1.4000000000000001,False,0,1.6845567906110708,True,2.880154888888887,4.027094297603019,5.887993000000027,-0.9021196784768565,-1.8999999999999986,0.0,0.0,2.7777777777777777,2.7777777777777777,8.195212888888886,12.345648472435048,12.196960666666666,0.11460156562249324,-0.08000000000000007,-1.4000000000000001,-1.4000000000000001,2.7777777777777777,2.7777777777777777
23,1.5,False,0,1.571709078598432,True,2.880154888888887,4.3904805135569775,5.781877466666697,-1.7404379917453014,-1.7999999999999998,0.0,0.0,2.7777777777777777,2.7777777777777777,9.713800888888887,11.231528913259194,12.24526597777778,-1.164283331251161,-0.04999999999999982,-1.5,-1.5,2.7777777777777777,2.7777777777777777
23,1.6,False,0,1.6845567906110708,True,2.880154888888887,4.23006967061549,6.358072533333368,-0.8104937788501201,-1.879999999999999,0.0,0.0,2.7777777777777777,2.7777777777777777,8.954506888888886,12.979430150257063,12.73870417777778,-0.8681789370362845,-0.1599999999999997,-1.6,-1.6,2.7777777777777777,2.7777777777777777
23,1.7000000000000002,False,0,1.5717090785984318,True,2.880154888888887,4.257982177261373,5.598453844444468,-1.7098014515536453,-1.8300000000000005,0.0,0.0,2.7777777777777777,2.7777777777777777,10.473094888888888,13.077451018861936,12.938868288888887,0.31217915798323226,-0.09999999999999964,-1.7000000000000002,-1.7000000000000002,2.7777777777777777,2.7777777777777777
24,0.0,False,0,4.0,True,13.88888888888889,-3.5121668800513204,-3.777777777777774,1.3078028458831068,1.6,0.0,0.0,2.7777777777777777,2.7777777777777777,,,,,,,,,
24,0.1,False,0,4.0,True,13.88888888888889,-4.231771695881288,-3.777777777777774,1.4212690473563208,1.35,-0.1,-0.1,2.7777777777777777,2.7777777777777777,13.88888888888889,146.3006041404795,146.28888888888855,-0.13235178397807634,-0.00999999999999579,-0.1,-0.1,2.7777777777777777,2.7777777777777777
24,0.2,False,0,4.0,True,11.991388888888888,-4.033682482654984,-4.153861111111115,1.096766194344287,1.0799999999999996,-0.2,-0.2,2.7777777777777777,2.7777777777777777,11.232388888888888,43.02890988029832,42.346500000000205,-0.11559552371303505,-0.019999999999997353,-0.2,-0.2,2.7777777777777777,2.7777777777777777
24,0.30000000000000004,False,0,1.5333333333333314,True,7.435918888888886,-3.9336286068852244,-4.188281066666678,1.015398698762731,0.7000000000000002,-0.30000000000000004,-0.30000000000000004,2.7777777777777777,2.7777777777777777,7.435918888888886,7.086926491072579,6.991257599999945,-0.01129681911028002,-0.020000000000001572,-0.30000000000000004,-0.30000000000000004,2.7777777777777777,2.7777777777777777
24,0.4,True,2,0.0,True,2.880154888888887,-3.2008659658739402,-2.3064063555555547,1.0983477830552912,0.3199999999999994,-0.4,-0.4,2.7777777777777777,2.7777777777777777,0.0,-0.07426299100680733,-0.4926541999999996,-1.0131858406697607,-6.661338147750939e-16,-0.4,-0.4,2.7777777777777777,2.7777777777777777
24,0.5,False,0,1.2000000000000002,True,2.880154888888887,3.3751703003937275,4.018651511111117,0.4738018094609524,0.30000000000000027,-0.5,-0.5,2.7777777777777777,2.7777777777777777,1.3615668888888868,5.23247562550126,4.792448644444442,-0.6736149698048997,0.0,-0.5,-0.5,2.7777777777777777,2.7777777777777777
24,0.6000000000000001,False,0,1.108662745068388,True,2.880154888888887,4.2644504500369935,4.8231617777777815,0.36277171305895584,-0.13999999999999968,-0.6000000000000001,-0.6000000000000001,2.7777777777777777,2.7777777777777777,2.880154888888887,5.344506551837644,4.843637200000001,0.4892885174823185,-0.019999999999999574,-0.6000000000000001,-0.6000000000000001,2.7777777777777777,2.7777777777777777
24,0.7000000000000001,False,0,0.9450164973347285,True,2.880154888888887,3.5348145662318737,3.7530015111111164,-1.1131665696279676,-0.21999999999999909,-0.7000000000000001,-0.7000000000000001,2.7777777777777777,2.7777777777777777,5.158036888888887,3.328033705470589,4.011502844444444,0.759216824120061,-0.009999999999999343,-0.7000000000000001,-0.7000000000000001,2.7777777777777777,2.7777777777777777
24,0.8,False,0,1.326355934758359,True,2.880154888888887,4.527399060684634,5.798945288888899,-0.8950738230761961,-1.8799999999999994,0.0,0.0,2.7777777777777777,2.7777777777777777,5.158036888888887,6.892830872846834,7.344836177777776,0.6295842369257874,-2.220446049250313e-16,-0.8,-0.8,2.7777777777777777,2.7777777777777777
24,0.9,False,0,1.5604243073971678,True,2.880154888888887,4.181232565970501,5.5410898444444685,-1.6171658497796944,-1.8900000000000028,0.0,0.0,2.7777777777777777,2.7777777777777777,5.158036888888887,8.72702235962316,9.567058400000004,0.594596053584842,-0.02000000000000024,-0.9,-0.9,2.7777777777777777,2.7777777777777777
24,1.0,False,0,1.4469504657963763,True,2.880154888888887,4.313604135498982,5.7429608222222415,-1.363847736527798,-1.7999999999999998,0.0,0.0,2.7777777777777777,2.7777777777777777,7.435918888888886,8.54483031292082,9.397813222222222,1.2060118254980083,0.0,-1.0,-1.0,2.7777777777777777,2.7777777777777777
24,1.1,False,0,1.326355934758359,True,2.880154888888887,4.430051582620483,5.49778624444446,-1.73435684382774,-1.8799999999999981,0.0,0.0,2.7777777777777777,2.7777777777777777,8.954506888888886,9.81886015268585,9.294259733333334,0.6429290620398276,-0.0499999999999996,-1.1,-1.1,2.7777777777777777,2.7777777777777777
24,1.2000000000000002,False,0,1.5604243073971678,True,2.880154888888887,4.288394677010044,5.820921777777802,-1.4698365662141364,-1.7999999999999998,0.0,0.0,2.7777777777777777,2.7777777777777777,8.195212888888886,10.099923049466781,10.974738444444444,-0.22301051132007865,-0.07999999999999963,-1.2000000000000002,-1.2000000000000002,2.7777777777777777,2.7777777777777777
24,1.3,False,0,1.6732720194098072,True,2.880154888888887,4.166343836655497,5.830629000000028,-1.3460529113235973,-1.8899999999999997,0.0,0.0,2.7777777777777777,2.7777777777777777,8.195212888888886,12.266287249381975,12.085849555555555,0.04154004736110073,-0.09000000000000008,-1.3,-1.3,2.7777777777777777,2.7777777777777777
24,1.4000000000000001,False,0,1.7861197314224457,True,2.880154888888887,4.546321272651828,5.66032284444447,-1.2659274165666763,-1.8999999999999986,0.0,0.0,2.7777777777777777,2.7777777777777777,8.195212888888886,13.685178795052348,13.196960666666666,0.18776065155161303,-0.08000000000000007,-1.4000000000000001,-1.4000000000000001,2.7777777777777777,2.7777777777777777
24,1.5,False,0,1.7861197314224457,True,2.880154888888887,4.213613382993093,5.56733175555559,-1.8709361505466513,-1.7999999999999998,0.0,0.0,2.7777777777777777,2.7777777777777777,8.954506888888886,12.860341194793339,13.73870417777778,-0.0927894376939693,-0.04999999999999982,-1.5,-1.5,2.7777777777777777,2.7777777777777777
24,1.6,False,0,1.6732720194098072,True,2.880154888888887,4.528192921301906,5.717162488888914,-1.8183169291718706,-1.879999999999999,0.0,0.0,2.7777777777777777,2.7777777777777777,9.713800888888887,13.110353390357222,13.24526597777778,-0.305219065549289,-0.1599999999999997,-1.6,-1.6,2.7777777777777777,2.7777777777777777
24,1.7000000000000002,False,0,1.673272019409807,True,2.880154888888887,4.221578310200326,5.824656711111143,-1.4322604574472764,-1.8300000000000005,0.0,0.0,2.7777777777777777,2.7777777777777777,10.473094888888888,13.865450783543341,13.938868288888887,-0.831468294772755,-0.09999999999999964,-1.7000000000000002,-1.7000000000000002,2.7777777777777777,2.7777777777777777
25,0.0,False,0,4.0,True,13.88888888888889,-3.203054825177115,-3.8888888888888813,2.003501698894399,1.6,0.0,0.0,2.7777777777777777,2.7777777777777777,,,,,,,,,
25,0.1,False,0,4.0,True,13.88888888888889,-3.241872120324518,-3.8888888888888813,1.1470659555584408,1.3399999999999999,-0.1,-0.1,2.7777777777777777,2.7777777777777777,13.88888888888889,144.85577877144627,145.28888888888855,-0.07133859662815056,-0.00999999999999579,-0.1,-0.1,2.7777777777777777,2.7777777777777777
25,0.2,False,0,4.0,True,8.954506888888886,-4.216027081628101,-4.110442377777789,1.501981791113399,1.02,-0.2,-0.2,2.7777777777777777,2.7777777777777777,8.954506888888886,28.5805962467274,28.008548999999856,-0.5199825588787479,-0.019999999999997353,-0.2,-0.2,2.7777777777777777,2.7777777777777777
25,0.30000000000000004,False,0,1.7333333333333316,True,8.195212888888886,-4.223493780317713,-4.2496217777777785,1.3030222007341132,0.73,-0.30000000000000004,-0.30000000000000004,2.7777777777777777,2.7777777777777777,8.195212888888886,8.526688619577907,9.293965999999944,0.5975027059297915,-0.020000000000001572,-0.30000000000000004,-0.30000000000000004,2.7777777777777777,2.7777777777777777
25,0.4,False,0,0.7999999999999985,True,11.232388888888888,-4.157546377583624,-4.25365000000001,0.23107304037980336,0.5199999999999996,-0.4,-0.4,2.7777777777777777,2.7777777777777777,11.232388888888888,6.348661883030371,6.644644444444499,0.37829800485621146,-6.661338147750939e-16,-0.4,-0.4,2.7777777777777777,2.7777777777777777
25,0.5,False,0,0.7000000000000002,True,2.880154888888887,2.210439624451209,1.4955681777777743,-0.25595606379060065,0.1499999999999999,-0.5,-0.5,2.7777777777777777,2.7777777777777777,0.6022728888888867,0.4487952058143607,1.9204314444444366,-0.7243503035055556,0.0,-0.5,-0.5,2.7777777777777777,2.7777777777777777
25,0.6000000000000001,False,0,1.1193536143929614,True,2.880154888888887,4.394260846039786,5.0843432,0.47902056072203303,-0.019999999999999574,-0.6000000000000001,-0.6000000000000001,2.7777777777777777,2.7777777777777777,2.880154888888887,4.394260846039786,5.0843432,0.47902056072203303,-0.019999999999999574,-0.6000000000000001,-0.6000000000000001,2.7777777777777777,2.7777777777777777
25,0.7000000000000001,False,0,1.3142964816545568,True,2.880154888888887,4.353480033983854,5.676741288888903,-1.2014347364602327,-1.899999999999999,0.0,0.0,2.7777777777777777,2.7777777777777777,4.398742888888887,6.204570177044361,6.909532044444448,0.06431916038090613,-0.009999999999999343,-0.7000000000000001,-0.7000000000000001,2.7777777777777777,2.7777777777777777
25,0.8,False,0,1.4951269195639463,True,2.880154888888887,4.505340020080799,5.854842000000024,-1.136284985325125,-1.8799999999999994,0.0,0.0,2.7777777777777777,2.7777777777777777,5.158036888888887,9.023031557433338,8.610486177777776,0.8283472441122153,-2.220446049250313e-16,-0.8,-0.8,2.7777777777777777,2.7777777777777777
25,0.9,False,0,1.4348910126925742,True,2.880154888888887,4.075297291651734,5.8997370666666855,-1.1339275476486907,-1.8900000000000028,0.0,0.0,2.7777777777777777,2.7777777777777777,6.676624888888886,9.577475000775994,8.8968174,0.07702984054877304,-0.02000000000000024,-0.9,-0.9,2.7777777777777777,2.7777777777777777
25,1.0,False,0,1.4348910126925742,True,2.880154888888887,4.251131844003372,6.381761177777794,-1.4815591308955833,-1.7999999999999998,0.0,0.0,2.7777777777777777,2.7777777777777777,8.195212888888886,10.645988830928967,9.752516222222223,-0.4508381411799358,0.0,-1.0,-1.0,2.7777777777777777,2.7777777777777777
25,1.1,False,0,1.6619872482085432,True,2.880154888888887,4.507774221932867,5.967781511111132,-1.448544288352816,-1.8799999999999981,0.0,0.0,2.7777777777777777,2.7777777777777777,7.435918888888886,11.669791459815315,11.508924333333333,0.029763129774107666,-0.0499999999999996,-1.1,-1.1,2.7777777777777777,2.7777777777777777
25,1.2000000000000002,False,0,1.6619872482085432,True,2.880154888888887,4.479774737969632,5.510494755555638,-1.2067574554910787,-1.7999999999999998,0.0,0.0,2.7777777777777777,2.7777777777777777,8.195212888888886,12.36234856356231,11.974738444444444,-0.17223153401774804,-0.07999999999999963,-1.2000000000000002,-1.2000000000000002,2.7777777777777777,2.7777777777777777
25,1.3,False,0,1.549139536195904,True,2.880154888888887,4.515064948768004,5.266175355555579,-1.513052400161371,-1.8899999999999997,0.0,0.0,2.7777777777777777,2.7777777777777777,9.713800888888887,12.045722262856543,12.023043755555555,0.12469801687057869,-0.09000000000000008,-1.3,-1.3,2.7777777777777777,2.7777777777777777
25,1.4000000000000001,False,0,1.6619872482085432,True,2.880154888888887,3.682552922468635,6.158884288888911,-1.6165654296972076,-1.8999999999999986,0.0,0.0,2.7777777777777777,2.7777777777777777,9.713800888888887,13.775125097837265,13.134154866666666,-0.8805425984918469,-0.08000000000000007,-1.4000000000000001,-1.4000000000000001,2.7777777777777777,2.7777777777777777
25,1.5,False,0,1.7748349602211824,True,2.880154888888887,4.316503400621063,6.096075844444475,-0.8876305631567378,-1.7999999999999998,0.0,0.0,2.7777777777777777,2.7777777777777777,9.713800888888887,13.732620344557024,14.245265977777773,0.045553322165372556,-0.04999999999999982,-1.5,-1.5,2.7777777777777777,2.7777777777777777
25,1.6,False,0,1.887682672233821,True,2.880154888888887,4.493299221409008,5.58878040000003,-1.153148937609915,-1.879999999999999,0.0,0.0,2.7777777777777777,2.7777777777777777,8.954506888888886,13.851907528240606,14.738704177777773,0.6950396608977027,-0.1599999999999997,-1.6,-1.6,2.7777777777777777,2.7777777777777777
25,1.7000000000000002,False,0,1.887682672233821,True,2.880154888888887,4.0942928090561255,5.616079800000034,-1.6448547935882472,-1.8300000000000005,0.0,0.0,2.7777777777777777,2.7777777777777777,9.713800888888887,15.938901571850018,15.356377088888884,0.36838573028788923,-0.09999999999999964,-1.7000000000000002,-1.7000000000000002,2.7777777777777777,2.7777777777777777
26,0.0,False,0,4.0,True,13.88888888888889,-3.382201332633069,-3.9999999999999956,1.526492907481186,1.6,0.0,0.0,2.7777777777777777,2.7777777777777777,,,,,,,,,
26,0.1,False,0,4.0,True,13.88888888888889,-3.5608949316614256,-3.9999999999999956,2.264403905474881,1.33,-0.1,-0.1,2.7777777777777777,2.7777777777777777,13.88888888888889,143.9714582438831,144.28888888888855,-0.3789089708424096,-0.00999999999999579,-0.1,-0.1,2.7777777777777777,2.7777777777777777
26,0.2,False,0,4.0,True,11.991388888888888,-3.9741390261938916,-4.187661111111114,0.8695083491629125,1.0399999999999996,-0.2,-0.2,2.7777777777777777,2.7777777777777777,11.991388888888888,44.58182309023147,44.419799999999825,-0.2770157361435419,-0.019999999999997353,-0.2,-0.2,2.7777777777777777,2.7777777777777777
26,0.30000000000000004,False,0,2.3333333333333335,True,2.880154888888887,0.757394656101714,0.7668135555555553,0.7797825435121957,0.6699999999999999,-0.30000000000000004,-0.30000000000000004,2.7777777777777777,2.7777777777777777,0.6022728888888867,5.740322437239155,5.542686599999979,-0.06458989715063912,-0.020000000000001572,-0.30000000000000004,-0.30000000000000004,2.7777777777777777,2.7777777777777777
26,0.4,False,0,0.4999999999999982,True,2.880154888888887,-0.6819338538004258,-0.5721151555555606,0.9702882590710113,0.3199999999999994,-0.4,-0.4,2.7777777777777777,2.7777777777777777,0.0,0.6434986907985705,1.2416369999999946,0.2067790593757759,-6.661338147750939e-16,-0.4,-0.4,2.7777777777777777,2.7777777777777777
26,0.5,False,0,1.3695010160199643,True,2.880154888888887,4.237813259224958,5.574695000000006,-0.11180662985647549,-0.19999999999999996,-0.5,-0.5,2.7777777777777777,2.7777777777777777,2.880154888888887,6.091636180721971,5.615645844444445,-0.7970460164006847,0.0,-0.5,-0.5,2.7777777777777777,2.7777777777777777
26,0.6000000000000001,False,0,1.1892189009284877,True,2.880154888888887,3.8225435537124293,5.597582711111117,-0.42545045972101203,-0.5000000000000004,-0.6000000000000001,-0.6000000000000001,2.7777777777777777,2.7777777777777777,2.880154888888887,5.118811808933843,5.679484400000001,-1.4446015674345052,-0.019999999999999574,-0.6000000000000001,-0.6000000000000001,2.7777777777777777,2.7777777777777777
26,0.7000000000000001,False,0,1.5378547649946397,True,2.880154888888887,4.378490033554816,5.306923044444464,-1.8742642229383935,-1.899999999999999,0.0,0.0,2.7777777777777777,2.7777777777777777,5.158036888888887,7.319880766029276,8.55482904444445,0.6847641842124657,-0.009999999999999343,-0.7000000000000001,-0.7000000000000001,2.7777777777777777,2.7777777777777777
26,0.8,False,0,1.5378547649946397,True,2.880154888888887,4.458453408993461,5.997966800000019,-1.0895615137499077,-1.8799999999999994,0.0,0.0,2.7777777777777777,2.7777777777777777,5.158036888888887,8.774868266573673,9.344836177777776,0.5585414457707745,-2.220446049250313e-16,-0.8,-0.8,2.7777777777777777,2.7777777777777777
26,0.9,False,0,1.4228315595887726,True,2.880154888888887,4.236245836697262,5.265647511111124,-1.5386383766917517,-1.8900000000000028,0.0,0.0,2.7777777777777777,2.7777777777777777,7.435918888888886,8.682905065121123,9.175591,0.7269058169882361,-0.02000000000000024,-0.9,-0.9,2.7777777777777777,2.7777777777777777
26,1.0,False,0,1.7635501890199186,True,2.880154888888887,4.3353704001542654,5.480758333333374,-1.5551517968443407,-1.7999999999999998,0.0,0.0,2.7777777777777777,2.7777777777777777,6.676624888888886,11.613259879676793,12.119039622222221,0.8634533092778027,0.0,-1.0,-1.0,2.7777777777777777,2.7777777777777777
26,1.1,False,0,1.6507024770072796,True,2.880154888888887,3.9684568422507924,6.211576555555578,-1.2779240135900989,-1.8799999999999981,0.0,0.0,2.7777777777777777,2.7777777777777777,8.195212888888886,11.435407555134027,11.863627333333334,0.48353695496815385,-0.0499999999999996,-1.1,-1.1,2.7777777777777777,2.7777777777777777
26,1.2000000000000002,False,0,1.6507024770072796,True,2.880154888888887,4.484952524836641,5.801216422222251,-1.7347888713354402,-1.7999999999999998,0.0,0.0,2.7777777777777777,2.7777777777777777,8.954506888888886,12.386135735410786,12.405370844444445,-0.180233749815075,-0.07999999999999963,-1.2000000000000002,-1.2000000000000002,2.7777777777777777,2.7777777777777777
26,1.3,False,0,1.8763979010325573,True,2.880154888888887,4.465652546243288,5.979317133333365,-1.783854805458974,-1.8899999999999997,0.0,0.0,2.7777777777777777,2.7777777777777777,8.195212888888886,14.989928115302149,14.085849555555555,1.1441599795650257,-0.09000000000000008,-1.3,-1.3,2.7777777777777777,2.7777777777777777
26,1.4000000000000001,False,0,1.7635501890199186,True,2.880154888888887,4.5139903435832425,5.652237377777806,-1.7296068105248938,-1.8999999999999986,0.0,0.0,2.7777777777777777,2.7777777777777777,9.713800888888887,14.79190707785968,14.134154866666666,-0.6537834140258816,-0.08000000000000007,-1.4000000000000001,-1.4000000000000001,2.7777777777777777,2.7777777777777777
26,1.5,False,0,1.6507024770072796,True,2.880154888888887,4.4660719511597025,5.615230755555584,-1.4368932076194394,-1.7999999999999998,0.0,0.0,2.7777777777777777,2.7777777777777777,11.232388888888888,14.192941081602683,14.486177777777776,0.6111935977314706,-0.04999999999999982,-1.5,-1.5,2.7777777777777777,2.7777777777777777
26,1.6,False,0,1.7635501890199186,True,2.880154888888887,4.504427329081932,5.475641222222248,-1.6624107125640135,-1.879999999999999,0.0,0.0,2.7777777777777777,2.7777777777777777,10.473094888888888,15.588220056313922,14.827757177777777,-0.7313282098190257,-0.1599999999999997,-1.6,-1.6,2.7777777777777777,2.7777777777777777
26,1.7000000000000002,False,0,1.876397901032557,True,2.880154888888887,4.111254612117098,5.169686266666692,-1.7539625919061603,-1.8300000000000005,0.0,0.0,2.7777777777777777,2.7777777777777777,10.473094888888888,15.18133158842317,15.938868288888884,-1.1364270356365076,-0.09999999999999964,-1.7000000000000002,-1.7000000000000002,2.7777777777777777,2.7777777777777777
27,0.0,False,0,4.0,True,13.88888888888889,-3.883514898353549,-4.111111111111103,2.301955468933063,1.6,0.0,0.0,2.7777777777777777,2.7777777777777777,,,,,,,,,
27,0.1,False,0,4.0,True,13.88888888888889,-4.066067521816481,-4.111111111111103,2.700496395851293,1.3199999999999998,-0.1,-0.1,2.7777777777777777,2.7777777777777777,13.88888888888889,142.8999900154563,143.28888888888855,0.5415267711722689,-0.00999999999999579,-0.1,-0.1,2.7777777777777777,2.7777777777777777
27,0.2,False,0,4.0,True,11.991388888888888,-3.4681036264342024,-3.8458277777777665,1.2177467441131906,1.02,-0.2,-0.2,2.7777777777777777,2.7777777777777777,11.991388888888888,43.76447059305027,44.06494999999984,0.6834401175645124,-0.019999999999997353,-0.2,-0.2,2.7777777777777777,2.7777777777777777
27,0.30000000000000004,True,2,0.0,True,2.880154888888887,-4.2523194596259755,-3.948573222222211,1.214261105895647,0.4599999999999995,-0.30000000000000004,-0.30000000000000004,2.7777777777777777,2.7777777777777777,0.0,0.344757992453542,-0.12468493333332997,0.2156998051690917,-0.020000000000001572,-0.30000000000000004,-0.30000000000000004,2.7777777777777777,2.7777777777777777
27,0.4,False,0,0.8999999999999986,True,2.880154888888887,0.2741692328377825,0.3266848444444479,0.5077750833350287,0.3199999999999994,-0.4,-0.4,2.7777777777777777,2.7777777777777777,0.0,1.9597023176521349,2.080209711111114,-0.8115319880640617,-6.661338147750939e-16,-0.4,-0.4,2.7777777777777777,2.7777777777777777
27,0.5,False,0,1.3507559322749796,True,2.880154888888887,4.394207872527763,5.401627133333339,-1.7481769631943553,-1.85,-0.5,-0.5,2.7777777777777777,2.7777777777777777,2.880154888888887,6.492464349838525,5.7804224444444445,-0.9558610129531695,0.0,-0.5,-0.5,2.7777777777777777,2.7777777777777777
27,0.6000000000000001,False,0,1.1695830444089361,True,2.880154888888887,4.511146514352025,5.49856244444445,-0.8932244518029531,-0.8600000000000017,-0.6000000000000001,-0.6000000000000001,2.7777777777777777,2.7777777777777777,2.880154888888887,5.270479944822061,5.6418903999999985,1.0868595940935402,-0.019999999999999574,-0.6000000000000001,-0.6000000000000001,2.7777777777777777,2.7777777777777777
27,0.7000000000000001,False,0,1.5236398921629888,True,2.880154888888887,4.3222000696608704,5.646271222222237,-1.023382833616421,-1.899999999999999,0.0,0.0,2.7777777777777777,2.7777777777777777,4.398742888888887,7.8672497104730015,8.302096844444446,-0.2232965701706291,-0.009999999999999343,-0.7000000000000001,-0.7000000000000001,2.7777777777777777,2.7777777777777777
27,0.8,False,0,1.5265699937933759,True,2.880154888888887,4.514392146003009,5.679542911111132,-1.810693112611669,-1.8799999999999994,0.0,0.0,2.7777777777777777,2.7777777777777777,5.917330888888887,9.247165165535279,9.471750977777774,0.19429139258982353,-2.220446049250313e-16,-0.8,-0.8,2.7777777777777777,2.7777777777777777
27,0.9,False,0,1.5265699937933759,True,2.880154888888887,4.223917949810155,5.498674355555619,-0.15580482751279967,-1.8900000000000028,0.0,0.0,2.7777777777777777,2.7777777777777777,7.435918888888886,10.75134194071563,10.175591,1.1781447648162957,-0.02000000000000024,-0.9,-0.9,2.7777777777777777,2.7777777777777777
27,1.0,False,0,1.8651131298312935,True,2.880154888888887,4.217653473225735,6.090021933333358,-1.402715105552469,-1.7999999999999998,0.0,0.0,2.7777777777777777,2.7777777777777777,6.676624888888886,13.014150763740705,13.119039622222221,-0.12007470198037584,0.0,-1.0,-1.0,2.7777777777777777,2.7777777777777777
27,1.1,False,0,1.7522654178186545,True,2.880154888888887,4.440582891137713,5.688723133333366,-1.2943127097709002,-1.8799999999999981,0.0,0.0,2.7777777777777777,2.7777777777777777,8.195212888888886,11.905673553121858,12.863627333333334,0.3216742339964793,-0.0499999999999996,-1.1,-1.1,2.7777777777777777,2.7777777777777777
27,1.2000000000000002,False,0,1.8651131298312935,True,2.880154888888887,4.3676291551178865,5.638710955555571,-1.8208986359972372,-1.7999999999999998,0.0,0.0,2.7777777777777777,2.7777777777777777,8.195212888888886,14.240525030916483,13.974738444444444,-0.4128988570089285,-0.07999999999999963,-1.2000000000000002,-1.2000000000000002,2.7777777777777777,2.7777777777777777
27,1.3,False,0,1.8651131298312935,True,2.880154888888887,4.535456794915253,5.732557222222245,-1.6392448973210811,-1.8899999999999997,0.0,0.0,2.7777777777777777,2.7777777777777777,8.954506888888886,13.093997842901551,14.516481955555555,-0.3480530337088643,-0.09000000000000008,-1.3,-1.3,2.7777777777777777,2.7777777777777777
27,1.4000000000000001,False,0,1.8651131298312935,True,2.880154888888887,4.378551306627007,5.401536733333349,-1.7737245777363633,-1.8999999999999986,0.0,0.0,2.7777777777777777,2.7777777777777777,9.713800888888887,13.469171141046072,15.134154866666666,0.29652178950163677,-0.08000000000000007,-1.4000000000000001,-1.4000000000000001,2.7777777777777777,2.7777777777777777
27,1.5,False,0,1.7522654178186545,True,2.880154888888887,4.486818496631121,5.96769988888892,-1.4972663569893316,-1.7999999999999998,0.0,0.0,2.7777777777777777,2.7777777777777777,11.232388888888888,15.92642206408631,15.486177777777776,0.8311950651240223,-0.04999999999999982,-1.5,-1.5,2.7777777777777777,2.7777777777777777
27,1.6,False,0,1.9763923622664195,True,2.880154888888887,4.499318663759266,5.252561177777804,-1.7288471627742736,-1.879999999999999,0.0,0.0,2.7777777777777777,2.7777777777777777,9.713800888888887,16.17248803818234,16.245265977777773,-1.0592278160123358,-0.1599999999999997,-1.6,-1.6,2.7777777777777777,2.7777777777777777
27,1.7000000000000002,False,0,1.8651131298312933,True,2.880154888888887,3.5071232830691246,5.38959215555558,-0.8174434523781506,-1.8300000000000005,0.0,0.0,2.7777777777777777,2.7777777777777777,11.232388888888888,15.831478021593835,16.597288888888887,-0.8351636134045037,-0.09999999999999964,-1.7000000000000002,-1.7000000000000002,2.7777777777777777,2.7777777777777777
28,0.0,False,0,4.0,True,13.88888888888889,-3.834666685873951,-4.22222222222221,1.7498258854370206,1.6,0.0,0.0,2.7777777777777777,2.7777777777777777,,,,,,,,,
28,0.1,False,0,4.0,True,13.88888888888889,-3.320499948547787,-4.22222222222221,1.1339030490779844,1.31,-0.1,-0.1,2.7777777777777777,2.7777777777777777,13.88888888888889,142.8672144351005,142.28888888888855,-0.06739969697269532,-0.00999999999999579,-0.1,-0.1,2.7777777777777777,2.7777777777777777
28,0.2,False,0,4.0,True,12.623888888888889,-3.3106182612108936,-3.823266666666643,1.0962382242562563,0.9999999999999996,-0.2,-0.2,2.7777777777777777,2.7777777777777777,12.623888888888889,46.61902458639798,46.39190000000013,-0.7698967325127906,-0.019999999999997353,-0.2,-0.2,2.7777777777777777,2.7777777777777777
28,0.30000000000000004,False,0,0.03333333333332818,True,2.880154888888887,-3.6729891706220554,-4.064420711111107,-0.19429401942352098,0.48999999999999977,-0.30000000000000004,-0.30000000000000004,2.7777777777777777,2.7777777777777777,0.0,-1.223975127402393,0.249331444444441,-0.0743860601684796,-0.020000000000001572,-0.30000000000000004,-0.30000000000000004,2.7777777777777777,2.7777777777777777
28,0.4,False,0,1.299999999999999,True,2.880154888888887,4.471584267574319,2.9946017555555544,0.23726120510240323,0.35999999999999943,-0.4,-0.4,2.7777777777777777,2.7777777777777777,1.3615668888888868,4.453693086405441,4.193262155555549,-0.20302830634027247,-6.661338147750939e-16,-0.4,-0.4,2.7777777777777777,2.7777777777777777
28,0.5,False,0,1.1000000000000005,True,2.880154888888887,4.409351133996066,4.533518177777776,0.23979047953267463,0.1499999999999999,-0.5,-0.5,2.7777777777777777,2.7777777777777777,2.120860888888887,4.508667649088463,4.73059324444444,-0.2712704952357772,0.0,-0.5,-0.5,2.7777777777777777,2.7777777777777777
28,0.6000000000000001,False,0,1.4193071844191858,True,2.880154888888887,3.8842457999037423,5.81160771111112,-1.3221775806572342,-1.8599999999999959,0.0,0.0,2.7777777777777777,2.7777777777777777,3.639448888888887,7.982506230556983,7.704725600000001,0.24087426328417205,-0.019999999999999574,-0.6000000000000001,-0.6000000000000001,2.7777777777777777,2.7777777777777777
28,0.7000000000000001,False,0,1.628132934604751,True,2.880154888888887,4.4413798004899805,6.23335253333335,-1.7226345994101762,-1.899999999999999,0.0,0.0,2.7777777777777777,2.7777777777777777,5.158036888888887,11.22504834345387,9.757673244444447,-1.1622855744589973,-0.009999999999999343,-0.7000000000000001,-0.7000000000000001,2.7777777777777777,2.7777777777777777
28,0.8,False,0,1.628132934604751,True,2.880154888888887,4.196863329967184,5.762417822222244,-1.8535481862983663,-1.8799999999999994,0.0,0.0,2.7777777777777777,2.7777777777777777,5.917330888888887,10.891808551875215,10.471750977777774,-0.2822465624562076,-2.220446049250313e-16,-0.8,-0.8,2.7777777777777777,2.7777777777777777
28,0.9,False,0,1.74098064661739,True,2.880154888888887,4.514918683131325,5.60234937777781,-0.9606608442878566,-1.8900000000000028,0.0,0.0,2.7777777777777777,2.7777777777777777,6.676624888888886,12.53703580094962,11.896817399999993,-0.03121401631367382,-0.02000000000000024,-0.9,-0.9,2.7777777777777777,2.7777777777777777
28,1.0,False,0,1.628132934604751,True,2.880154888888887,4.483927640688809,6.063576866666684,-1.6051602832230067,-1.7999999999999998,0.0,0.0,2.7777777777777777,2.7777777777777777,8.954506888888886,13.409355899783247,12.183148622222216,-0.3153671255292676,0.0,-1.0,-1.0,2.7777777777777777,2.7777777777777777
28,1.1,False,0,1.9656591784821131,True,2.880154888888887,4.1212892607213165,6.0517511777778,-1.6753667570416424,-1.8799999999999981,0.0,0.0,2.7777777777777777,2.7777777777777777,7.435918888888886,13.774958719173057,14.508924333333326,1.0242477406186876,-0.0499999999999996,-1.1,-1.1,2.7777777777777777,2.7777777777777777
28,1.2000000000000002,False,0,1.74098064661739,True,2.880154888888887,3.247662176297621,5.445373466666692,-1.57605975219144,-1.7999999999999998,0.0,0.0,2.7777777777777777,2.7777777777777777,9.713800888888887,13.362734949863412,13.911932644444438,-1.085909591606511,-0.07999999999999963,-1.2000000000000002,-1.2000000000000002,2.7777777777777777,2.7777777777777777
28,1.3,False,0,1.853828358630029,True,2.880154888888887,4.089322855118927,5.341614177777818,-1.8353941963190648,-1.8899999999999997,0.0,0.0,2.7777777777777777,2.7777777777777777,9.713800888888887,14.620649906504497,15.023043755555555,0.9021397056141414,-0.09000000000000008,-1.3,-1.3,2.7777777777777777,2.7777777777777777
28,1.4000000000000001,False,0,1.853828358630029,True,2.880154888888887,4.321373083195586,5.466173577777799,-1.4530054491864899,-1.8999999999999986,0.0,0.0,2.7777777777777777,2.7777777777777777,10.473094888888888,15.42092486290306,15.716646066666666,1.0797742866816287,-0.08000000000000007,-1.4000000000000001,-1.4000000000000001,2.7777777777777777,2.7777777777777777
28,1.5,False,0,1.9656591784821131,True,2.880154888888887,4.177227226004331,5.678076466666686,-1.6662578695096613,-1.7999999999999998,0.0,0.0,2.7777777777777777,2.7777777777777777,10.473094888888888,17.089574658148294,16.827757177777777,-0.4573068288337261,-0.04999999999999982,-1.5,-1.5,2.7777777777777777,2.7777777777777777
28,1.6,False,0,1.9656591784821131,True,2.880154888888887,4.470486815417101,5.35217308888893,-1.2551017144039087,-1.879999999999999,0.0,0.0,2.7777777777777777,2.7777777777777777,10.473094888888888,17.429304569464968,16.827757177777777,-0.9554574864014498,-0.1599999999999997,-1.6,-1.6,2.7777777777777777,2.7777777777777777
28,1.7000000000000002,False,0,1.853828358630029,True,2.880154888888887,3.5966537511058805,5.705906355555567,-1.1854145430439758,-1.8300000000000005,0.0,0.0,2.7777777777777777,2.7777777777777777,11.991388888888888,17.3145238127895,17.331638888888886,0.1827362524873153,-0.09999999999999964,-1.7000000000000002,-1.7000000000000002,2.7777777777777777,2.7777777777777777
29,0.0,False,0,4.0,True,13.88888888888889,-3.862257116529089,-4.2666666666666755,1.739852126202194,1.6,0.0,0.0,2.7777777777777777,2.7777777777777777,,,,,,,,,
29,0.1,False,0,4.0,True,13.88888888888889,-3.5799741690828624,-4.2666666666666755,1.0772680555020568,1.2999999999999998,-0.1,-0.1,2.7777777777777777,2.7777777777777777,13.88888888888889,141.557330383778,141.28888888888855,-0.9306411888365484,-0.00999999999999579,-0.1,-0.1,2.7777777777777777,2.7777777777777777
29,0.2,False,0,4.0,True,10.473094888888888,-3.6293058172693007,-3.989665044444446,0.12304777257770327,0.98,-0.2,-0.2,2.7777777777777777,2.7777777777777777,9.713800888888887,29.726723387463732,30.069780600000048,-0.5173722249738797,-0.019999999999997353,-0.2,-0.2,2.7777777777777777,2.7777777777777777
29,0.30000000000000004,False,0,1.7333333333333316,True,2.880154888888887,0.5059798442317716,0.23814068888890194,0.9017428757396173,0.48999999999999977,-0.30000000000000004,-0.30000000000000004,2.7777777777777777,2.7777777777777777,0.0,5.150429181008097,4.55189284444445,-0.26317292827250327,-0.020000000000001572,-0.30000000000000004,-0.30000000000000004,2.7777777777777777,2.7777777777777777
29,0.4,True,2,0.0,True,2.880154888888887,-0.9427665814716901,-1.2216984888888858,-0.08637508457477505,0.1999999999999993,-0.4,-0.4,2.7777777777777777,2.7777777777777777,0.0,-0.089227421719424,-0.24127966666666634,-0.06274452207779002,-6.661338147750939e-16,-0.4,-0.4,2.7777777777777777,2.7777777777777777
29,0.5,False,0,1.3598970098267003,True,2.880154888888887,4.093906100926714,5.342323711111118,-1.688181017724077,-1.85,0.0,0.0,2.7777777777777777,2.7777777777777777,2.880154888888887,5.880349790092613,6.110152044444445,0.20238118109848857,0.0,-0.5,-0.5,2.7777777777777777,2.7777777777777777
29,0.6000000000000001,False,0,1.3866532002773668,True,2.880154888888887,4.497794468165854,5.362298044444448,-1.4279565023871992,-1.8599999999999959,0.0,0.0,2.7777777777777777,2.7777777777777777,4.398742888888887,6.778816139326811,7.414102199999999,-0.09941563262519781,-0.019999999999999574,-0.6000000000000001,-0.6000000000000001,2.7777777777777777,2.7777777777777777
29,0.7000000000000001,False,0,1.616848163403487,True,2.880154888888887,4.4833764807254655,5.724677555555577,-1.6199893290943175,-1.899999999999999,0.0,0.0,2.7777777777777777,2.7777777777777777,5.158036888888887,9.25502778392649,9.884588044444445,0.24368736895266796,-0.009999999999999343,-0.7000000000000001,-0.7000000000000001,2.7777777777777777,2.7777777777777777
29,0.8,False,0,1.842543587428765,True,2.880154888888887,3.8137119022979435,5.678403800000017,-1.3682685919260913,-1.8799999999999994,0.0,0.0,2.7777777777777777,2.7777777777777777,6.676624888888886,12.039652907885294,12.04111857777777,-0.10418237730316338,-2.220446049250313e-16,-0.8,-0.8,2.7777777777777777,2.7777777777777777
29,0.9,False,0,1.842543587428765,True,2.880154888888887,4.138159610655824,5.7637157333333535,-1.3224575296206482,-1.8900000000000028,0.0,0.0,2.7777777777777777,2.7777777777777777,6.676624888888886,12.431848246086307,12.896817399999993,-0.1271117052108688,-0.02000000000000024,-0.9,-0.9,2.7777777777777777,2.7777777777777777
29,1.0,False,0,1.9549259946978073,True,2.880154888888887,4.421196364564925,5.611326444444463,-1.4958202279220432,-1.7999999999999998,0.0,0.0,2.7777777777777777,2.7777777777777777,7.435918888888886,15.003146217639657,14.397813222222215,1.340935010271545,0.0,-1.0,-1.0,2.7777777777777777,2.7777777777777777
29,1.1,False,0,1.842543587428765,True,2.880154888888887,4.348175874735451,5.664752355555582,-1.3362821982165536,-1.8799999999999981,0.0,0.0,2.7777777777777777,2.7777777777777777,8.954506888888886,14.991026614656882,14.294259733333327,-0.39422722851725633,-0.0499999999999996,-1.1,-1.1,2.7777777777777777,2.7777777777777777
29,1.2000000000000002,False,0,1.842543587428765,True,2.880154888888887,4.294276084012165,5.506069577777791,-1.4151920600547978,-1.7999999999999998,0.0,0.0,2.7777777777777777,2.7777777777777777,9.713800888888887,14.796539323906845,14.911932644444438,0.6845909056596571,-0.07999999999999963,-1.2000000000000002,-1.2000000000000002,2.7777777777777777,2.7777777777777777
29,1.3,False,0,1.842543587428765,True,2.880154888888887,4.457650223845389,6.513627200000021,-1.7159580596275894,-1.8899999999999997,0.0,0.0,2.7777777777777777,2.7777777777777777,10.473094888888888,14.622984385748843,15.605534955555555,1.2604493915222856,-0.09000000000000008,-1.3,-1.3,2.7777777777777777,2.7777777777777777
29,1.4000000000000001,False,0,1.842543587428765,True,2.880154888888887,4.544912164850115,5.703996333333355,-1.8018762381124027,-1.8999999999999986,0.0,0.0,2.7777777777777777,2.7777777777777777,11.232388888888888,16.04130490090932,16.375066666666665,-0.5710726861248641,-0.08000000000000007,-1.4000000000000001,-1.4000000000000001,2.7777777777777777,2.7777777777777777
29,1.5,False,0,1.842543587428765,True,2.880154888888887,4.49817133844054,5.653659466666679,-1.6256596001441084,-1.7999999999999998,0.0,0.0,2.7777777777777777,2.7777777777777777,11.991388888888888,17.955674116450822,17.220527777777775,1.4084266043935068,-0.04999999999999982,-1.5,-1.5,2.7777777777777777,2.7777777777777777
29,1.6,False,0,1.9549259946978073,True,2.880154888888887,4.308827356411162,5.7930466888889045,-1.3038582257408806,-1.879999999999999,0.0,0.0,2.7777777777777777,2.7777777777777777,11.232388888888888,17.3901547223302,17.486177777777776,-0.7378631385945809,-0.1599999999999997,-1.6,-1.6,2.7777777777777777,2.7777777777777777
29,1.7000000000000002,False,0,1.954925994697807,True,2.880154888888887,4.404643413715005,5.706027888888909,-1.855679038157526,-1.8300000000000005,0.0,0.0,2.7777777777777777,2.7777777777777777,11.991388888888888,17.873969435859518,18.331638888888886,0.20731555531002854,-0.09999999999999964,-1.7000000000000002,-1.7000000000000002,2.7777777777777777,2.7777777777777777
30,0.0,False,0,4.0,True,13.88888888888889,-3.762774675963807,-4.155555555555568,1.4163665994210075,1.6,0.0,0.0,2.7777777777777777,2.7777777777777777,,,,,,,,,
30,0.1,False,0,4.0,True,13.88888888888889,-4.090492161664105,-4.155555555555568,0.7584307494376863,1.29,-0.1,-0.1,2.7777777777777777,2.7777777777777777,13.88888888888889,140.03962683163846,140.28888888888855,0.31729864082822923,-0.00999999999999579,-0.1,-0.1,2.7777777777777777,2.7777777777777777
30,0.2,False,0,4.0,True,13.50938888888889,-3.869747372075504,-4.282055555555547,0.13695577732897668,0.98,-0.2,-0.2,2.7777777777777777,2.7777777777777777,13.129888888888889,47.01776150869556,47.47850000000026,-0.7903509778275013,-0.019999999999997353,-0.2,-0.2,2.7777777777777777,2.7777777777777777
30,0.30000000000000004,False,0,0.33333333333332915,True,2.880154888888887,-3.2899366325871027,-3.188181822222229,0.08291790331334759,0.4599999999999995,-0.30000000000000004,-0.30000000000000004,2.7777777777777777,2.7777777777777777,0.0,1.0694065431404853,0.8477925555555474,-0.49675356239986246,-0.020000000000001572,-0.30000000000000004,-0.30000000000000004,2.7777777777777777,2.7777777777777777
30,0.4,False,0,1.1999999999999988,True,2.880154888888887,3.0832290619656435,3.200184844444448,0.45323499157808556,0.3199999999999994,-0.4,-0.4,2.7777777777777777,2.7777777777777777,1.3615668888888868,3.6102366757156164,4.181294755555553,0.8290376442899965,-6.661338147750939e-16,-0.4,-0.4,2.7777777777777777,2.7777777777777777
30,0.5,False,0,1.2999999999999998,True,2.880154888888887,4.510502079521271,5.937644066666668,-0.46299191387129635,-0.34999999999999987,-0.5,-0.5,2.7777777777777777,2.7777777777777777,3.639448888888887,5.487369842895494,6.009308044444443,0.8250297899328936,0.0,-0.5,-0.5,2.7777777777777777,2.7777777777777777
30,0.6000000000000001,False,0,1.6055633922022232,True,2.880154888888887,4.4435595096924105,5.7509221111111275,-0.43832545118482313,-1.8599999999999959,0.0,0.0,2.7777777777777777,2.7777777777777777,4.398742888888887,9.061841617963353,8.983469800000002,-0.1275920922269227,-0.019999999999999574,-0.6000000000000001,-0.6000000000000001,2.7777777777777777,2.7777777777777777
30,0.7000000000000001,False,0,1.6055633922022232,True,2.880154888888887,3.446197848650667,5.465117888888909,-1.672533880071559,-1.899999999999999,0.0,0.0,2.7777777777777777,2.7777777777777777,5.917330888888887,9.518802081230575,9.935573444444444,-0.4346098654695123,-0.009999999999999343,-0.7000000000000001,-0.7000000000000001,2.7777777777777777,2.7777777777777777
30,0.8,False,0,1.8312588162275012,True,2.880154888888887,4.327720510719854,5.822380288888906,-1.053905291366319,-1.8799999999999994,0.0,0.0,2.7777777777777777,2.7777777777777777,6.676624888888886,13.265423378042296,12.39582157777777,-0.12574554839532137,-2.220446049250313e-16,-0.8,-0.8,2.7777777777777777,2.7777777777777777
30,0.9,False,0,1.8312588162275012,True,2.880154888888887,4.4605084850625305,5.356562688888897,-1.4576036187037953,-1.8900000000000028,0.0,0.0,2.7777777777777777,2.7777777777777777,7.435918888888886,12.680388027602053,13.175590999999994,0.05316378353256379,-0.02000000000000024,-0.9,-0.9,2.7777777777777777,2.7777777777777777
30,1.0,False,0,1.7184111042148624,True,2.880154888888887,4.349088635949156,5.679579333333362,-1.386511247558033,-1.7999999999999998,0.0,0.0,2.7777777777777777,2.7777777777777777,9.713800888888887,13.136142606075804,13.689710422222216,0.475290496987093,0.0,-1.0,-1.0,2.7777777777777777,2.7777777777777777
30,1.1,False,0,1.9441065282401402,True,2.880154888888887,4.417675076212302,5.125685444444454,-1.8382947688453508,-1.8799999999999981,0.0,0.0,2.7777777777777777,2.7777777777777777,8.954506888888886,14.192479984978242,15.294259733333327,0.929526500568441,-0.0499999999999996,-1.1,-1.1,2.7777777777777777,2.7777777777777777
30,1.2000000000000002,False,0,2.0515246487565606,True,2.880154888888887,3.7424441341179007,5.326495444444672,-1.6209517261430944,-1.7999999999999998,0.0,0.0,2.7777777777777777,2.7777777777777777,8.954506888888886,16.334097926908225,16.405370844444437,-0.18558642101625455,-0.07999999999999963,-1.2000000000000002,-1.2000000000000002,2.7777777777777777,2.7777777777777777
30,1.3,False,0,1.8312588162275012,True,2.880154888888887,4.184857539683603,5.538282933333346,-0.9085395253245627,-1.8899999999999997,0.0,0.0,2.7777777777777777,2.7777777777777777,11.232388888888888,15.674848289020431,16.263955555555555,0.33077757540888086,-0.09000000000000008,-1.3,-1.3,2.7777777777777777,2.7777777777777777
30,1.4000000000000001,False,0,1.9441065282401402,True,2.880154888888887,4.490246573257534,5.363711355555577,-1.574784171741611,-1.8999999999999986,0.0,0.0,2.7777777777777777,2.7777777777777777,11.232388888888888,17.169108809219676,17.375066666666665,-0.7467974828557011,-0.08000000000000007,-1.4000000000000001,-1.4000000000000001,2.7777777777777777,2.7777777777777777
30,1.5,False,0,1.8312588162275012,True,2.880154888888887,4.544451348480128,5.945232822222242,-1.5948327717407733,-1.7999999999999998,0.0,0.0,2.7777777777777777,2.7777777777777777,12.623888888888889,17.880329404387776,18.030777777777775,-0.8256182143203494,-0.04999999999999982,-1.5,-1.5,2.7777777777777777,2.7777777777777777
30,1.6,False,0,1.8312588162275012,True,2.880154888888887,4.330781123085797,5.876979088888899,-1.6221576676672524,-1.879999999999999,0.0,0.0,2.7777777777777777,2.7777777777777777,12.623888888888889,18.385141806321375,18.030777777777775,-1.400114100363855,-0.1599999999999997,-1.6,-1.6,2.7777777777777777,2.7777777777777777
30,1.7000000000000002,False,0,1.8312588162275012,True,2.880154888888887,4.549781025686845,5.624450044444463,-1.4252614720000576,-1.8300000000000005,0.0,0.0,2.7777777777777777,2.7777777777777777,13.129888888888889,19.653633491134688,19.015388888888882,-0.9897902966334106,-0.09999999999999964,-1.7000000000000002,-1.7000000000000002,2.7777777777777777,2.7777777777777777
31,0.0,False,0,4.0,True,13.88888888888889,-3.569737440622471,-4.044444444444461,1.6122342622894945,1.6,0.0,0.0,2.7777777777777777,2.7777777777777777,,,,,,,,,
31,0.1,False,0,4.0,True,13.129888888888889,-3.9255256410510837,-4.208894444444428,1.4997329240267279,1.2799999999999998,-0.1,-0.1,2.7777777777777777,2.7777777777777777,13.129888888888889,128.95359429911866,129.33333888888973,-0.5307737542607893,-0.00999999999999579,-0.1,-0.1,2.7777777777777777,2.7777777777777777
31,0.2,False,0,4.0,True,11.991388888888888,-3.5505227992532182,-3.8851055555555787,1.5239028829197743,0.9599999999999995,-0.2,-0.2,2.7777777777777777,2.7777777777777777,11.991388888888888,40.76364602986769,40.431799999999846,-0.3803988324960619,-0.019999999999997353,-0.2,-0.2,2.7777777777777777,2.7777777777777777
31,0.30000000000000004,False,0,2.1333333333333333,True,2.880154888888887,2.918481964292501,2.2056920222222347,1.1537133127562629,0.5799999999999996,-0.30000000000000004,-0.30000000000000004,2.7777777777777777,2.7777777777777777,0.6022728888888867,6.404989419033133,6.101125399999998,-1.0464634178147987,-0.020000000000001572,-0.30000000000000004,-0.30000000000000004,2.7777777777777777,2.7777777777777777
31,0.4,False,0,0.39999999999999813,True,2.880154888888887,-0.18633570671471045,0.008740400000005089,-0.019100737994207195,0.15999999999999925,-0.4,-0.4,2.7777777777777777,2.7777777777777777,0.0,0.8378046520203428,0.711381444444446,0.10791056135103716,-6.661338147750939e-16,-0.4,-0.4,2.7777777777777777,2.7777777777777777
31,0.5,False,0,1.5162744853235899,True,2.880154888888887,3.9177088783755396,5.456914377777797,-1.0061933912449477,-1.85,0.0,0.0,2.7777777777777777,2.7777777777777777,3.639448888888887,7.406410029749478,7.730534444444442,0.46049632530046436,0.0,-0.5,-0.5,2.7777777777777777,2.7777777777777777
31,0.6000000000000001,False,0,1.5325556995990228,True,2.880154888888887,3.5721298592620245,5.955827266666678,-1.6400994340987918,-1.8200000000000038,-0.6000000000000001,-0.6000000000000001,2.7777777777777777,2.7777777777777777,5.158036888888887,8.838368372570873,8.768628799999998,-0.28672908876579895,-0.019999999999999574,-0.6000000000000001,-0.6000000000000001,2.7777777777777777,2.7777777777777777
31,0.7000000000000001,False,0,1.8199740450262374,True,2.880154888888887,3.9628710805758773,5.707855444444459,-0.941899182383061,-1.899999999999999,0.0,0.0,2.7777777777777777,2.7777777777777777,6.676624888888886,12.625535681059269,11.504941044444436,0.048815027117177,-0.009999999999999343,-0.7000000000000001,-0.7000000000000001,2.7777777777777777,2.7777777777777777
31,0.8,False,0,1.8199740450262374,True,2.880154888888887,4.247185259213322,5.95953280000001,-1.147096675336231,-1.8799999999999994,0.0,0.0,2.7777777777777777,2.7777777777777777,6.676624888888886,12.775200563087825,12.674595177777771,-0.03600782924528856,-2.220446049250313e-16,-0.8,-0.8,2.7777777777777777,2.7777777777777777
31,0.9,False,0,1.8199740450262374,True,2.880154888888887,4.46440297078846,5.417789288888909,-1.4286131648110052,-1.8900000000000028,0.0,0.0,2.7777777777777777,2.7777777777777777,8.195212888888886,14.186327939028747,13.530293999999994,-1.7148415982283678,-0.02000000000000024,-0.9,-0.9,2.7777777777777777,2.7777777777777777
31,1.0,False,0,1.9328217570388764,True,2.880154888888887,4.496728575121819,5.875393755555575,-1.4265739304264493,-1.7999999999999998,0.0,0.0,2.7777777777777777,2.7777777777777777,8.954506888888886,14.980369862231601,15.183148622222216,0.20517850185762043,0.0,-1.0,-1.0,2.7777777777777777,2.7777777777777777
31,1.1,False,0,1.7071263330135984,True,2.880154888888887,4.453512736797944,5.439646888888906,-1.4817153039878517,-1.8799999999999981,0.0,0.0,2.7777777777777777,2.7777777777777777,11.232388888888888,14.282307499582508,15.041733333333326,0.1738983264641467,-0.0499999999999996,-1.1,-1.1,2.7777777777777777,2.7777777777777777
31,1.2000000000000002,False,0,1.9328217570388764,True,2.880154888888887,4.442429870765619,5.75851351111113,-1.7258323902392168,-1.7999999999999998,0.0,0.0,2.7777777777777777,2.7777777777777777,10.473094888888888,16.84248076771274,16.494423844444437,-0.3153952320010498,-0.07999999999999963,-1.2000000000000002,-1.2000000000000002,2.7777777777777777,2.7777777777777777
31,1.3,False,0,1.9328217570388764,True,2.880154888888887,4.429984289117212,5.742307000000008,-1.2093467167829972,-1.8899999999999997,0.0,0.0,2.7777777777777777,2.7777777777777777,11.232388888888888,17.77721919093421,17.263955555555555,0.20225873894913526,-0.09000000000000008,-1.3,-1.3,2.7777777777777777,2.7777777777777777
31,1.4000000000000001,False,0,1.9328217570388764,True,2.880154888888887,4.233790879741574,5.5759415777777805,-1.6391683241783448,-1.8999999999999986,0.0,0.0,2.7777777777777777,2.7777777777777777,11.991388888888888,18.09160096212314,18.109416666666664,-0.12201714860136148,-0.08000000000000007,-1.4000000000000001,-1.4000000000000001,2.7777777777777777,2.7777777777777777
31,1.5,False,0,1.8199740450262374,True,2.880154888888887,4.130278330243724,5.703590022222241,-1.674174483617589,-1.7999999999999998,0.0,0.0,2.7777777777777777,2.7777777777777777,13.129888888888889,19.97868134206114,18.904277777777775,-0.2889462967221088,-0.04999999999999982,-1.5,-1.5,2.7777777777777777,2.7777777777777777
31,1.6,False,0,1.9328217570388764,True,2.880154888888887,4.474271860906893,5.985450022222236,-1.7409348821128323,-1.879999999999999,0.0,0.0,2.7777777777777777,2.7777777777777777,12.623888888888889,20.14996617202841,19.030777777777775,0.5474259425821013,-0.1599999999999997,-1.6,-1.6,2.7777777777777777,2.7777777777777777
31,1.7000000000000002,False,0,1.9328217570388764,True,2.880154888888887,4.180807645281175,5.5230461555555594,-1.3043230797077607,-1.8300000000000005,0.0,0.0,2.7777777777777777,2.7777777777777777,13.129888888888889,19.543104355350874,20.015388888888882,0.1833007463506786,-0.09999999999999964,-1.7000000000000002,-1.7000000000000002,2.7777777777777777,2.7777777777777777
32,0.0,False,0,4.0,True,13.88888888888889,-4.273424249228557,-3.933333333333347,0.7835044831756299,1.6,0.0,0.0,2.7777777777777777,2.7777777777777777,,,,,,,,,
32,0.1,False,0,4.0,True,13.129888888888889,-4.284899589950487,-4.097783333333328,1.1333775440396,1.27,-0.1,-0.1,2.7777777777777777,2.7777777777777777,13.129888888888889,128.57738084860603,128.40923888888972,0.5633401867857581,-0.00999999999999579,-0.1,-0.1,2.7777777777777777,2.7777777777777777
32,0.2,False,0,4.0,True,13.76238888888889,-2.9760577733894236,-3.9459833333333405,1.2305244538246205,0.94,-0.2,-0.2,2.7777777777777777,2.7777777777777777,13.76238888888889,48.147705444341454,48.78015000000017,0.5037662414226798,-0.019999999999997353,-0.2,-0.2,2.7777777777777777,2.7777777777777777
32,0.30000000000000004,False,0,2.1333333333333333,True,2.880154888888887,3.1335443644485936,3.29900780000001,0.42158009260261897,0.5199999999999996,-0.30000000000000004,-0.30000000000000004,2.7777777777777777,2.7777777777777777,1.3615668888888868,5.7936087469754485,5.772258000000005,-0.38455802048072885,-0.020000000000001572,-0.30000000000000004,-0.30000000000000004,2.7777777777777777,2.7777777777777777
32,0.4,False,0,1.6999999999999993,True,2.880154888888887,4.471870858972918,5.411879177777789,-0.783962958592483,-1.7199999999999944,-0.4,-0.4,2.7777777777777777,2.7777777777777777,3.639448888888887,6.866902561284928,6.383606555555557,-0.7653419450692591,-6.661338147750939e-16,-0.4,-0.4,2.7777777777777777,2.7777777777777777
32,0.5,False,0,1.6000000000000005,True,2.880154888888887,4.403420571712513,6.073707377777791,-1.7679264396599788,-1.85,0.0,0.0,2.7777777777777777,2.7777777777777777,4.398742888888887,7.266568678167556,8.059819844444444,-0.2660721847618537,0.0,-0.5,-0.5,2.7777777777777777,2.7777777777777777
32,0.6000000000000001,False,0,1.5829938497996945,True,2.880154888888887,4.330951160459283,5.7300403777777875,-1.4641662151576798,-1.8599999999999959,0.0,0.0,2.7777777777777777,2.7777777777777777,5.158036888888887,9.150630276275525,9.313228799999994,0.3223513996655205,-0.019999999999999574,-0.6000000000000001,-0.6000000000000001,2.7777777777777777,2.7777777777777777
32,0.7000000000000001,False,0,1.8086892738249736,True,2.880154888888887,4.084113305394202,5.6590257777777895,-1.895220459840899,-1.899999999999999,0.0,0.0,2.7777777777777777,2.7777777777777777,6.676624888888886,12.24752365669601,11.783714644444437,-0.2629778663790816,-0.009999999999999343,-0.7000000000000001,-0.7000000000000001,2.7777777777777777,2.7777777777777777
32,0.8,False,0,1.695841561812334,True,2.880154888888887,4.455072796774229,5.9009924222222425,-1.3520571564627968,-1.8799999999999994,0.0,0.0,2.7777777777777777,2.7777777777777777,8.195212888888886,12.465526632564323,12.308071777777773,-0.1438260256912789,-2.220446049250313e-16,-0.8,-0.8,2.7777777777777777,2.7777777777777777
32,0.9,False,0,1.9215369858376126,True,2.880154888888887,4.498174497083302,5.914438066666681,-0.9791937667424234,-1.8900000000000028,0.0,0.0,2.7777777777777777,2.7777777777777777,8.195212888888886,15.29448037833033,14.530293999999994,0.46906992920082446,-0.02000000000000024,-0.9,-0.9,2.7777777777777777,2.7777777777777777
32,1.0,False,0,1.9215369858376126,True,2.880154888888887,4.291204840795371,5.188412266666686,-1.858940408176941,-1.7999999999999998,0.0,0.0,2.7777777777777777,2.7777777777777777,9.713800888888887,14.78039172628949,15.689710422222216,-0.621076567758128,0.0,-1.0,-1.0,2.7777777777777777,2.7777777777777777
32,1.1,False,0,1.8086892738249736,True,2.880154888888887,4.446649984220426,5.264872155555577,-1.7101713816687596,-1.8799999999999981,0.0,0.0,2.7777777777777777,2.7777777777777777,11.232388888888888,16.08843585947895,16.041733333333326,-0.7802398505441315,-0.0499999999999996,-1.1,-1.1,2.7777777777777777,2.7777777777777777
32,1.2000000000000002,False,0,1.9215369858376126,True,2.880154888888887,4.246731484116087,5.86836662222223,-1.012119649535796,-1.7999999999999998,0.0,0.0,2.7777777777777777,2.7777777777777777,11.232388888888888,17.72772689825346,17.152844444444437,0.2675743331454279,-0.07999999999999963,-1.2000000000000002,-1.2000000000000002,2.7777777777777777,2.7777777777777777
32,1.3,False,0,1.9215369858376126,True,2.880154888888887,4.176899329511547,5.634606133333354,-0.9360470560402465,-1.8899999999999997,0.0,0.0,2.7777777777777777,2.7777777777777777,11.991388888888888,17.50791107333076,17.998305555555554,-0.5106594120204018,-0.09000000000000008,-1.3,-1.3,2.7777777777777777,2.7777777777777777
32,1.4000000000000001,False,0,1.8086892738249736,True,2.880154888888887,4.288275050726814,5.549821200000015,-1.5373066437350698,-1.8999999999999986,0.0,0.0,2.7777777777777777,2.7777777777777777,13.129888888888889,18.31027219204269,18.793166666666664,-0.5352588029726677,-0.08000000000000007,-1.4000000000000001,-1.4000000000000001,2.7777777777777777,2.7777777777777777
32,1.5,False,0,1.9215369858376126,True,2.880154888888887,4.246785088023839,5.412786733333474,-1.8777371418868944,-1.7999999999999998,0.0,0.0,2.7777777777777777,2.7777777777777777,13.129888888888889,20.51307444121461,19.904277777777775,0.8813432506375407,-0.04999999999999982,-1.5,-1.5,2.7777777777777777,2.7777777777777777
32,1.6,False,0,1.9215369858376126,True,2.880154888888887,4.370051588256023,6.117485422222228,-1.8006885702309914,-1.879999999999999,0.0,0.0,2.7777777777777777,2.7777777777777777,13.129888888888889,21.051559379098816,19.904277777777775,0.04199377829033479,-0.1599999999999997,-1.6,-1.6,2.7777777777777777,2.7777777777777777
32,1.7000000000000002,False,0,1.9215369858376126,True,2.880154888888887,4.113418740192967,5.708828666666688,-0.8923497539195719,-1.8300000000000005,0.0,0.0,2.7777777777777777,2.7777777777777777,13.50938888888889,22.333263894097033,20.939488888888885,-0.37624953755159285,-0.09999999999999964,-1.7000000000000002,-1.7000000000000002,2.7777777777777777,2.7777777777777777
33,0.0,False,0,4.0,True,13.88888888888889,-2.8315160894591953,-3.822222222222247,0.16966456730628598,1.6,0.0,0.0,2.7777777777777777,2.7777777777777777,,,,,,,,,
33,0.1,False,0,4.0,True,13.88888888888889,-3.6433154429192767,-3.822222222222247,1.9785323901942782,1.2599999999999998,-0.1,-0.1,2.7777777777777777,2.7777777777777777,13.88888888888889,137.12812608143724,137.28888888888855,-0.9167728208952357,-0.00999999999999579,-0.1,-0.1,2.7777777777777777,2.7777777777777777
33,0.2,False,0,3.600000000000001,True,2.880154888888887,-0.7342814128199846,-0.5605037555555468,0.5701520252424337,0.7799999999999998,-0.2,-0.2,2.7777777777777777,2.7777777777777777,0.0,11.689179795789773,10.142137288888872,0.705310172712998,-0.019999999999997353,-0.2,-0.2,2.7777777777777777,2.7777777777777777
33,0.30000000000000004,False,0,1.6333333333333324,True,2.880154888888887,0.8253161649820244,0.6467181777777755,-0.015020052733613287,0.4599999999999995,-0.30000000000000004,-0.30000000000000004,2.7777777777777777,2.7777777777777777,0.0,5.014303745907886,4.682692555555552,-1.3176372683007282,-0.020000000000001572,-0.30000000000000004,-0.30000000000000004,2.7777777777777777,2.7777777777777777
33,0.4,False,0,1.060011369742806,True,2.880154888888887,2.8910408160961056,3.322339711111117,-0.866887678121572,0.1999999999999993,-0.4,-0.4,2.7777777777777777,2.7777777777777777,1.3615668888888868,4.215804468702605,3.80265695555556,-0.8025348015892972,-6.661338147750939e-16,-0.4,-0.4,2.7777777777777777,2.7777777777777777
33,0.5,False,0,1.7999999999999998,True,2.880154888888887,4.526590049299853,5.677587688888903,-1.7694524326974697,-1.85,0.0,0.0,2.7777777777777777,2.7777777777777777,5.158036888888887,9.663922178967116,9.388749244444444,0.08199253938255291,0.0,-0.5,-0.5,2.7777777777777777,2.7777777777777777
33,0.6000000000000001,False,0,1.6845567906110697,True,2.880154888888887,4.030103481250092,5.436678533333347,-1.6905844014427684,-1.8599999999999959,0.0,0.0,2.7777777777777777,2.7777777777777777,5.917330888888887,8.852028882249606,9.629864199999993,-0.2644218781261929,-0.019999999999999574,-0.6000000000000001,-0.6000000000000001,2.7777777777777777,2.7777777777777777
33,0.7000000000000001,False,0,1.6858415618123337,True,2.880154888888887,4.454695606573876,6.084921800000008,-1.4017973314899523,-1.899999999999999,0.0,0.0,2.7777777777777777,2.7777777777777777,6.676624888888886,11.990350178517556,11.353911844444436,0.22970852609018655,-0.009999999999999343,-0.7000000000000001,-0.7000000000000001,2.7777777777777777,2.7777777777777777
33,0.8,False,0,1.9102522146363485,True,2.880154888888887,4.527537531711464,5.45951020000003,-1.4397697064781458,-1.8799999999999994,0.0,0.0,2.7777777777777777,2.7777777777777777,7.435918888888886,15.251345034587896,13.953368777777772,0.09611927438700385,-2.220446049250313e-16,-0.8,-0.8,2.7777777777777777,2.7777777777777777
33,0.9,False,0,1.9102522146363485,True,2.880154888888887,4.28685169929052,5.750428044444459,-0.9822775367813681,-1.8900000000000028,0.0,0.0,2.7777777777777777,2.7777777777777777,8.954506888888886,14.116880811288123,14.960926399999995,-0.2072690729311748,-0.02000000000000024,-0.9,-0.9,2.7777777777777777,2.7777777777777777
33,1.0,False,0,1.9102522146363485,True,2.880154888888887,4.442770906135874,5.61392755555556,-1.6891946736487753,-1.7999999999999998,0.0,0.0,2.7777777777777777,2.7777777777777777,10.473094888888888,15.4410952519865,16.272201622222216,0.4564583777139224,0.0,-1.0,-1.0,2.7777777777777777,2.7777777777777777
33,1.1,False,0,1.9102522146363485,True,2.880154888888887,4.194818613969841,5.31447537777778,-1.5042861710520345,-1.8799999999999981,0.0,0.0,2.7777777777777777,2.7777777777777777,11.232388888888888,17.010814370853822,17.041733333333326,-0.05023354984044737,-0.0499999999999996,-1.1,-1.1,2.7777777777777777,2.7777777777777777
33,1.2000000000000002,False,0,1.7974045026237089,True,2.880154888888887,4.458797932782315,5.570945155555575,-0.7976385081117865,-1.7999999999999998,0.0,0.0,2.7777777777777777,2.7777777777777777,12.623888888888889,18.17636523731251,17.697444444444436,0.546549474512728,-0.07999999999999963,-1.2000000000000002,-1.2000000000000002,2.7777777777777777,2.7777777777777777
33,1.3,False,0,1.9102522146363485,True,2.880154888888887,3.7022887315746233,5.384432488888902,-1.730739851266138,-1.8899999999999997,0.0,0.0,2.7777777777777777,2.7777777777777777,12.623888888888889,19.215918666645397,18.808555555555554,0.7570832607816773,-0.09000000000000008,-1.3,-1.3,2.7777777777777777,2.7777777777777777
33,1.4000000000000001,False,0,2.019325097403643,True,2.880154888888887,4.3946529771336715,5.610838511111123,-1.765451335613369,-1.8999999999999986,0.0,0.0,2.7777777777777777,2.7777777777777777,12.623888888888889,19.75478007290431,19.919666666666664,-0.08844015178404563,-0.08000000000000007,-1.4000000000000001,-1.4000000000000001,2.7777777777777777,2.7777777777777777
33,1.5,False,0,1.9102522146363485,True,2.880154888888887,4.439977408965501,5.445858755555574,-1.8741445280018496,-1.7999999999999998,0.0,0.0,2.7777777777777777,2.7777777777777777,13.50938888888889,20.619554169551982,20.828377777777774,-0.33945272585126984,-0.04999999999999982,-1.5,-1.5,2.7777777777777777,2.7777777777777777
33,1.6,False,0,1.7974045026237089,True,2.880154888888887,4.471188918038291,5.707449133333353,-1.4273592536053419,-1.879999999999999,0.0,0.0,2.7777777777777777,2.7777777777777777,13.76238888888889,19.764066249421777,20.790427777777776,0.4395469313341738,-0.1599999999999997,-1.6,-1.6,2.7777777777777777,2.7777777777777777
33,1.7000000000000002,False,0,2.019325097403643,True,2.880154888888887,4.438961588501255,5.914556111111122,-1.4626995089886048,-1.8300000000000005,0.0,0.0,2.7777777777777777,2.7777777777777777,13.50938888888889,22.435705910428194,21.939488888888885,0.1482223804557452,-0.09999999999999964,-1.7000000000000002,-1.7000000000000002,2.7777777777777777,2.7777777777777777
34,0.0,False,0,4.0,True,13.88888888888889,-4.087883072311757,-3.777777777777753,2.544460336229639,1.6,0.0,0.0,2.7777777777777777,2.7777777777777777,,,,,,,,,
34,0.1,False,0,4.0,True,13.50938888888889,-2.9917172002694654,-3.9135111111111014,2.6836630118489313,1.25,-0.1,-0.1,2.7777777777777777,2.7777777777777777,13.50938888888889,131.37154005935344,131.3047888888892,-0.042515164593917465,-0.00999999999999579,-0.1,-0.1,2.7777777777777777,2.7777777777777777
34,0.2,False,0,2.6000000000000045,True,2.880154888888887,-3.031429497175462,-2.4511164888888812,-0.09357966049034516,0.7200000000000002,-0.2,-0.2,2.7777777777777777,2.7777777777777777,0.0,6.955961719642478,7.418191222222203,0.6101314315494641,-0.019999999999997353,-0.2,-0.2,2.7777777777777777,2.7777777777777777
34,0.30000000000000004,False,0,1.6333333333333324,True,2.880154888888887,1.1749630470009338,1.3686239777777773,0.6030042513330702,0.4599999999999995,-0.30000000000000004,-0.30000000000000004,2.7777777777777777,2.7777777777777777,0.6022728888888867,3.7285350740438448,4.621643599999996,-0.7164154453538618,-0.020000000000001572,-0.30000000000000004,-0.30000000000000004,2.7777777777777777,2.7777777777777777
34,0.4,False,0,1.5153239609270364,True,2.880154888888887,4.343243223584364,5.511231888888905,-1.2840126795344664,-1.6799999999999948,-0.4,-0.4,2.7777777777777777,2.7777777777777777,3.639448888888887,7.084898114889012,6.472721555555563,-0.3023192447438956,-6.661338147750939e-16,-0.4,-0.4,2.7777777777777777,2.7777777777777777
34,0.5,False,0,1.6732720194098063,True,2.880154888888887,4.452784544345133,5.414296577777788,-1.6482867491315114,-1.85,0.0,0.0,2.7777777777777777,2.7777777777777777,5.158036888888887,8.141970837045239,8.87036704444444,0.3827972861968827,0.0,-0.5,-0.5,2.7777777777777777,2.7777777777777777
34,0.6000000000000001,False,0,1.5604243073971675,True,2.880154888888887,3.623255735809434,5.72536864444447,-1.4638373198968253,-1.8599999999999959,0.0,0.0,2.7777777777777777,2.7777777777777777,5.917330888888887,9.08317983048082,9.491128999999997,-0.007172834234006498,-0.019999999999999574,-0.6000000000000001,-0.6000000000000001,2.7777777777777777,2.7777777777777777
34,0.7000000000000001,False,0,1.898967443435084,True,2.880154888888887,4.4209782459745215,5.5753321111111065,-0.8075038180406422,-1.899999999999999,0.0,0.0,2.7777777777777777,2.7777777777777777,6.676624888888886,13.171767731771752,12.986558844444438,0.36327274979038693,-0.009999999999999343,-0.7000000000000001,-0.7000000000000001,2.7777777777777777,2.7777777777777777
34,0.8,False,0,1.898967443435084,True,2.880154888888887,3.5067562366481555,5.731456333333353,-1.1981266367036598,-1.8799999999999994,0.0,0.0,2.7777777777777777,2.7777777777777777,8.195212888888886,14.561419407583298,14.308071777777773,0.48131134574822054,-2.220446049250313e-16,-0.8,-0.8,2.7777777777777777,2.7777777777777777
34,0.9,False,0,1.898967443435084,True,2.880154888888887,4.360831750008612,5.390201622222233,-1.6503374558201878,-1.8900000000000028,0.0,0.0,2.7777777777777777,2.7777777777777777,9.713800888888887,14.814488552176325,15.467488199999995,-0.09800947609635613,-0.02000000000000024,-0.9,-0.9,2.7777777777777777,2.7777777777777777
34,1.0,False,0,1.898967443435084,True,2.880154888888887,3.93452065516112,5.405556444444454,-1.2343709630536512,-1.7999999999999998,0.0,0.0,2.7777777777777777,2.7777777777777777,11.232388888888888,16.86833780651273,16.930622222222215,0.8501972160946152,0.0,-1.0,-1.0,2.7777777777777777,2.7777777777777777
34,1.1,False,0,2.008591913619337,True,2.880154888888887,4.395353766955208,5.648172466666677,-1.8573167406823226,-1.8799999999999981,0.0,0.0,2.7777777777777777,2.7777777777777777,11.232388888888888,17.912868815087094,18.041733333333326,-0.706806841813282,-0.0499999999999996,-1.1,-1.1,2.7777777777777777,2.7777777777777777
34,1.2000000000000002,False,0,1.898967443435084,True,2.880154888888887,4.3268431340316456,5.786913800000005,-1.1294169097226856,-1.7999999999999998,0.0,0.0,2.7777777777777777,2.7777777777777777,12.623888888888889,18.19506744069909,18.697444444444436,0.9090241637205247,-0.07999999999999963,-1.2000000000000002,-1.2000000000000002,2.7777777777777777,2.7777777777777777
34,1.3,False,0,1.7861197314224448,True,2.880154888888887,3.9910171181126772,5.580128022222238,-1.7612625815633387,-1.8899999999999997,0.0,0.0,2.7777777777777777,2.7777777777777777,13.50938888888889,18.528016185070936,19.60615555555555,-0.28248998455448837,-0.09000000000000008,-1.3,-1.3,2.7777777777777777,2.7777777777777777
34,1.4000000000000001,False,0,1.898967443435084,True,2.880154888888887,4.488846985358809,5.865401755555571,-1.1197275294533906,-1.8999999999999986,0.0,0.0,2.7777777777777777,2.7777777777777777,13.50938888888889,20.556625291844487,20.717266666666664,-1.073321974683699,-0.08000000000000007,-1.4000000000000001,-1.4000000000000001,2.7777777777777777,2.7777777777777777
34,1.5,False,0,1.898967443435084,True,2.880154888888887,4.423299498040362,6.1750916444444615,-1.8945474679965775,-1.7999999999999998,0.0,0.0,2.7777777777777777,2.7777777777777777,13.76238888888889,22.119839715704824,21.790427777777776,-0.6894834978377977,-0.04999999999999982,-1.5,-1.5,2.7777777777777777,2.7777777777777777
34,1.6,False,0,1.898967443435084,True,2.880154888888887,4.544554496176265,5.949862000000015,-1.443816575310583,-1.879999999999999,0.0,0.0,2.7777777777777777,2.7777777777777777,13.76238888888889,21.956455022173653,21.790427777777776,-0.587736380541577,-0.1599999999999997,-1.6,-1.6,2.7777777777777777,2.7777777777777777
34,1.7000000000000002,False,0,1.898967443435084,True,2.880154888888887,4.376745758360667,5.949010311111121,-1.8761488319790547,-1.8300000000000005,0.0,0.0,2.7777777777777777,2.7777777777777777,13.88888888888889,23.027714445856684,22.888888888888882,-0.17283727969599583,-0.09999999999999964,-1.7000000000000002,-1.7000000000000002,2.7777777777777777,2.7777777777777777
35,0.0,False,0,4.0,True,13.88888888888889,-4.213728502233631,-3.888888888888867,1.6291046712586175,1.6,0.0,0.0,2.7777777777777777,2.7777777777777777,,,,,,,,,
35,0.1,False,0,4.0,True,13.50938888888889,-2.5530792504946644,-3.7876888888888898,1.8988210048570813,1.25,-0.1,-0.1,2.7777777777777777,2.7777777777777777,13.50938888888889,130.55290042773987,130.40598888888917,-0.9172306201082172,-0.00999999999999579,-0.1,-0.1,2.7777777777777777,2.7777777777777777
35,0.2,False,0,3.899999999999999,True,11.991388888888888,-3.9409230539140365,-4.215700000000001,1.061400110399609,0.8799999999999994,-0.2,-0.2,2.7777777777777777,2.7777777777777777,11.232388888888888,34.35681989061286,33.661450000000166,0.6785976536059835,-0.019999999999997353,-0.2,-0.2,2.7777777777777777,2.7777777777777777
35,0.30000000000000004,False,0,0.5333333333333293,True,2.880154888888887,-0.8535115147425314,-1.430641066666662,-0.13678133873446852,0.3399999999999994,-0.30000000000000004,-0.30000000000000004,2.7777777777777777,2.7777777777777777,0.0,1.3826578707647075,1.4942222000000003,0.45250133515261215,-0.020000000000001572,-0.30000000000000004,-0.30000000000000004,2.7777777777777777,2.7777777777777777
35,0.4,False,0,1.599388065189914,True,2.880154888888887,4.302949090113128,5.870083444444458,-1.535561250310128,-1.1199999999999966,-0.4,-0.4,2.7777777777777777,2.7777777777777777,3.639448888888887,7.167133771977203,6.9919627555555595,-0.4298850302214636,-6.661338147750939e-16,-0.4,-0.4,2.7777777777777777,2.7777777777777777
35,0.5,False,0,1.5504243073971673,True,2.880154888888887,4.316533725100304,5.479314155555561,-1.673025420782673,-1.85,0.0,0.0,2.7777777777777777,2.7777777777777777,4.398742888888887,8.142397076934191,8.440564244444442,0.7831530825301862,0.0,-0.5,-0.5,2.7777777777777777,2.7777777777777777
35,0.6000000000000001,False,0,1.5491395361959033,True,2.880154888888887,4.436891501577503,5.4316821111112406,-1.2355258897407841,-1.8599999999999959,0.0,0.0,2.7777777777777777,2.7777777777777777,5.917330888888887,10.016239906380317,9.693973199999991,-0.5487566881826702,-0.019999999999999574,-0.6000000000000001,-0.6000000000000001,2.7777777777777777,2.7777777777777777
35,0.7000000000000001,False,0,1.8876826722338198,True,2.880154888888887,4.540643086449276,5.71760522222223,-1.693791568182002,-1.899999999999999,0.0,0.0,2.7777777777777777,2.7777777777777777,6.676624888888886,13.50333472017532,13.341261844444436,-0.4245292841432815,-0.009999999999999343,-0.7000000000000001,-0.7000000000000001,2.7777777777777777,2.7777777777777777
35,0.8,False,0,1.8876826722338198,True,2.880154888888887,4.2769342040237435,5.553801844444448,-1.4087247158401914,-1.8799999999999994,0.0,0.0,2.7777777777777777,2.7777777777777777,8.954506888888886,14.35900200566698,14.73870417777777,-0.49707623701702786,-2.220446049250313e-16,-0.8,-0.8,2.7777777777777777,2.7777777777777777
35,0.9,False,0,1.8876826722338198,True,2.880154888888887,4.1900127056295675,5.500906422222227,-1.3156948035044904,-1.8900000000000028,0.0,0.0,2.7777777777777777,2.7777777777777777,10.473094888888888,15.543387508383773,16.04997939999999,0.06312890697540996,-0.02000000000000024,-0.9,-0.9,2.7777777777777777,2.7777777777777777
35,1.0,False,0,1.8876826722338198,True,2.880154888888887,4.372156138761061,6.051184266666671,-0.8217718255812825,-1.7999999999999998,0.0,0.0,2.7777777777777777,2.7777777777777777,11.991388888888888,17.788929843882634,17.66497222222221,-0.14540723911947473,0.0,-1.0,-1.0,2.7777777777777777,2.7777777777777777
35,1.1,False,0,1.8876826722338198,True,2.880154888888887,4.395529178337282,5.52138184444446,-1.47057895604223,-1.8799999999999981,0.0,0.0,2.7777777777777777,2.7777777777777777,12.623888888888889,17.099944367080816,18.58633333333332,0.23083342855751265,-0.0499999999999996,-1.1,-1.1,2.7777777777777777,2.7777777777777777
35,1.2000000000000002,False,0,1.9978587298350312,True,2.880154888888887,4.065528398442166,5.961928111111111,-1.3494615973758974,-1.7999999999999998,0.0,0.0,2.7777777777777777,2.7777777777777777,12.623888888888889,19.79304311014571,19.697444444444436,0.10367294527623683,-0.07999999999999963,-1.2000000000000002,-1.2000000000000002,2.7777777777777777,2.7777777777777777
35,1.3,False,0,1.8876826722338198,True,2.880154888888887,4.377247072472781,6.113462222222222,-1.495656515478121,-1.8899999999999997,0.0,0.0,2.7777777777777777,2.7777777777777777,13.50938888888889,20.651643640468702,20.60615555555555,-0.9268510757050346,-0.09000000000000008,-1.3,-1.3,2.7777777777777777,2.7777777777777777
35,1.4000000000000001,False,0,1.8876826722338198,True,2.880154888888887,4.484420090429137,5.669830400000007,-1.1460003768468567,-1.8999999999999986,0.0,0.0,2.7777777777777777,2.7777777777777777,13.76238888888889,20.94331108835358,21.67931666666666,1.094244230511085,-0.08000000000000007,-1.4000000000000001,-1.4000000000000001,2.7777777777777777,2.7777777777777777
35,1.5,False,0,1.7748349602211813,True,2.880154888888887,4.392984442354174,6.19333235555558,-1.665484338696583,-1.7999999999999998,0.0,0.0,2.7777777777777777,2.7777777777777777,13.88888888888889,22.48167624637073,22.777777777777775,-0.1376275284053583,-0.04999999999999982,-1.5,-1.5,2.7777777777777777,2.7777777777777777
35,1.6,False,0,1.9978587298350312,True,2.880154888888887,4.293629008425609,5.671858466666689,-0.41245202212489773,-1.879999999999999,0.0,0.0,2.7777777777777777,2.7777777777777777,13.76238888888889,22.693653345689565,22.790427777777776,0.44282130371489314,-0.1599999999999997,-1.6,-1.6,2.7777777777777777,2.7777777777777777
35,1.7000000000000002,False,0,1.8876826722338198,True,2.880154888888887,4.344320883241676,5.715898355555564,-1.8974459026647983,-1.8300000000000005,0.0,0.0,2.7777777777777777,2.7777777777777777,13.88888888888889,24.087694378412653,23.888888888888882,0.48577579774429,-0.09999999999999964,-1.7000000000000002,-1.7000000000000002,2.7777777777777777,2.7777777777777777
36,0.0,False,0,4.0,True,13.88888888888889,-2.707701106826927,-3.9999999999999742,1.5454551984563962,1.6,0.0,0.0,2.7777777777777777,2.7777777777777777,,,,,,,,,
36,0.1,False,0,4.0,True,13.88888888888889,-3.913014421972437,-3.9999999999999742,1.4238523475404334,1.2399999999999998,-0.1,-0.1,2.7777777777777777,2.7777777777777777,13.88888888888889,132.75431988948642,134.28888888888855,-0.967137156796846,-0.00999999999999579,-0.1,-0.1,2.7777777777777777,2.7777777777777777
36,0.2,False,0,3.600000000000001,True,9.713800888888887,-4.170439366929254,-4.286625222222244,1.5226164976464136,0.8399999999999994,-0.2,-0.2,2.7777777777777777,2.7777777777777777,9.713800888888887,25.561315238615745,25.511524600000104,-0.695790544376758,-0.019999999999997353,-0.2,-0.2,2.7777777777777777,2.7777777777777777
36,0.30000000000000004,False,0,2.0333333333333328,True,2.880154888888887,3.702388287289158,5.245442200000011,0.23007143052445755,0.2499999999999991,-0.30000000000000004,-0.30000000000000004,2.7777777777777777,2.7777777777777777,2.120860888888887,6.035053784500431,5.836667400000015,-0.497188108163684,-0.020000000000001572,-0.30000000000000004,-0.30000000000000004,2.7777777777777777,2.7777777777777777
36,0.4,False,0,1.0013337595019343,True,2.880154888888887,3.1857294865011925,3.758479288888897,0.3429424617916137,0.11999999999999922,-0.4,-0.4,2.7777777777777777,2.7777777777777777,1.3615668888888868,5.023825684979646,4.03148375555556,-0.3516481653705468,-6.661338147750939e-16,-0.4,-0.4,2.7777777777777777,2.7777777777777777
36,0.5,False,0,1.8052096837408422,True,2.880154888888887,4.477534375303461,6.012618222222227,-1.838359613471332,-1.85,0.0,0.0,2.7777777777777777,2.7777777777777777,5.158036888888887,9.65418490997897,10.035173044444438,-0.06736041158071893,0.0,-0.5,-0.5,2.7777777777777777,2.7777777777777777
36,0.6000000000000001,False,0,1.7635501890199177,True,2.880154888888887,4.546176404485434,5.698308822222256,-1.307366327036703,-1.8599999999999959,0.0,0.0,2.7777777777777777,2.7777777777777777,5.917330888888887,11.839643732973013,11.491128999999997,-0.06992775115688032,-0.019999999999999574,-0.6000000000000001,-0.6000000000000001,2.7777777777777777,2.7777777777777777
36,0.7000000000000001,False,0,1.7635501890199177,True,2.880154888888887,4.547708236930743,5.937186422222237,-1.6756739049487235,-1.899999999999999,0.0,0.0,2.7777777777777777,2.7777777777777777,8.195212888888886,13.050801951396291,12.974738444444444,0.6752505593818867,-0.009999999999999343,-0.7000000000000001,-0.7000000000000001,2.7777777777777777,2.7777777777777777
36,0.8,False,0,1.8763979010325562,True,2.880154888888887,3.969243028922169,5.5408024222222325,-1.5572343738118677,-1.8799999999999994,0.0,0.0,2.7777777777777777,2.7777777777777777,9.713800888888887,14.767507789958014,15.245265977777773,0.14935622675374205,-2.220446049250313e-16,-0.8,-0.8,2.7777777777777777,2.7777777777777777
36,0.9,False,0,1.9871255460507244,True,2.880154888888887,4.355053186225786,6.1963371333333415,-0.84794475698539,-1.8900000000000028,0.0,0.0,2.7777777777777777,2.7777777777777777,10.473094888888888,17.30145047757938,17.04997939999999,-0.29566247344218066,-0.02000000000000024,-0.9,-0.9,2.7777777777777777,2.7777777777777777
36,1.0,False,0,1.9871255460507244,True,2.880154888888887,4.4818498943934175,5.533444466666762,-1.5209102915690516,-1.7999999999999998,0.0,0.0,2.7777777777777777,2.7777777777777777,11.991388888888888,18.53374320959358,18.66497222222221,-0.2556716351415371,0.0,-1.0,-1.0,2.7777777777777777,2.7777777777777777
36,1.1,False,0,1.8763979010325562,True,2.880154888888887,4.408497223510563,5.318983022222295,-0.8225293479187956,-1.8799999999999981,0.0,0.0,2.7777777777777777,2.7777777777777777,13.129888888888889,19.713913316849396,19.459833333333325,1.1326413096993924,-0.0499999999999996,-1.1,-1.1,2.7777777777777777,2.7777777777777777
36,1.2000000000000002,False,0,1.8763979010325562,True,2.880154888888887,4.473322781863769,5.41624302222223,-1.8598182376163876,-1.7999999999999998,0.0,0.0,2.7777777777777777,2.7777777777777777,13.50938888888889,20.013983884997845,20.495044444444435,0.40037720868082216,-0.07999999999999963,-1.2000000000000002,-1.2000000000000002,2.7777777777777777,2.7777777777777777
36,1.3,False,0,1.8763979010325562,True,2.880154888888887,4.391132032543706,5.615021466666886,-1.8463872942398991,-1.8899999999999997,0.0,0.0,2.7777777777777777,2.7777777777777777,13.76238888888889,22.29086693846585,21.568205555555554,0.18002739262569145,-0.09000000000000008,-1.3,-1.3,2.7777777777777777,2.7777777777777777
36,1.4000000000000001,False,0,1.8763979010325562,True,2.880154888888887,4.2844431237703136,5.614169777777801,-0.9438542730713743,-1.8999999999999986,0.0,0.0,2.7777777777777777,2.7777777777777777,13.88888888888889,22.466656555822063,22.666666666666664,-0.208460220745617,-0.08000000000000007,-1.4000000000000001,-1.4000000000000001,2.7777777777777777,2.7777777777777777
36,1.5,False,0,1.8763979010325562,True,2.880154888888887,4.51194010272435,5.626969533333349,-1.796222789701314,-1.7999999999999998,0.0,0.0,2.7777777777777777,2.7777777777777777,13.88888888888889,23.644734299598138,23.777777777777775,-0.10901179995647903,-0.04999999999999982,-1.5,-1.5,2.7777777777777777,2.7777777777777777
36,1.6,False,0,1.8763979010325562,True,2.880154888888887,4.4242013464552175,5.573218933333348,-1.3392336990901061,-1.879999999999999,0.0,0.0,2.7777777777777777,2.7777777777777777,13.88888888888889,24.03595342974881,23.777777777777775,0.3564888467750582,-0.1599999999999997,-1.6,-1.6,2.7777777777777777,2.7777777777777777
36,1.7000000000000002,False,0,1.8763979010325562,True,2.880154888888887,4.118397507177112,5.434159888888918,-1.1897876853608547,-1.8300000000000005,0.0,0.0,2.7777777777777777,2.7777777777777777,13.88888888888889,25.671283774170032,24.888888888888882,0.6288066959286396,-0.09999999999999964,-1.7000000000000002,-1.7000000000000002,2.7777777777777777,2.7777777777777777
37,0.0,False,0,4.0,True,13.88888888888889,-4.166549771174661,-4.111111111111081,1.5149326186459766,1.6,0.0,0.0,2.7777777777777777,2.7777777777777777,,,,,,,,,
37,0.1,False,0,4.0,True,13.76238888888889,-3.798394562379978,-4.03521111111112,1.6151571230014437,1.23,-0.1,-0.1,2.7777777777777777,2.7777777777777777,13.76238888888889,131.63600234956752,131.6443888888884,0.06737095578365015,-0.00999999999999579,-0.1,-0.1,2.7777777777777777,2.7777777777777777
37,0.2,False,0,3.600000000000001,True,10.473094888888888,-3.7694176315085626,-4.037725466666674,0.8538266737521067,0.8199999999999998,-0.2,-0.2,2.7777777777777777,2.7777777777777777,9.713800888888887,24.717017705193225,25.1695010000001,-1.3626304508420766,-0.019999999999997353,-0.2,-0.2,2.7777777777777777,2.7777777777777777
37,0.30000000000000004,False,0,1.6333333333333324,True,2.880154888888887,1.372206857497642,2.359157066666673,0.2530449715790435,0.42999999999999927,-0.30000000000000004,-0.30000000000000004,2.7777777777777777,2.7777777777777777,0.6022728888888867,5.539509015195873,5.2427673999999955,-0.7080472996954583,-0.020000000000001572,-0.30000000000000004,-0.30000000000000004,2.7777777777777777,2.7777777777777777
37,0.4,False,0,1.299999999999999,True,2.880154888888887,4.528505392254066,5.436605688888901,-1.6981933554667656,-1.6799999999999948,-0.4,-0.4,2.7777777777777777,2.7777777777777777,2.880154888888887,5.921097022436929,5.866589555555561,0.5447010999884214,-6.661338147750939e-16,-0.4,-0.4,2.7777777777777777,2.7777777777777777
37,0.5,False,0,1.639417705806015,True,2.880154888888887,4.440627410980636,5.9281312222222455,-1.627546762837167,-1.85,0.0,0.0,2.7777777777777777,2.7777777777777777,5.158036888888887,9.120955216025056,9.40297024444445,-0.3914599911836938,0.0,-0.5,-0.5,2.7777777777777777,2.7777777777777777
37,0.6000000000000001,False,0,1.5265699937933754,True,2.880154888888887,4.412979216806112,6.033597377777807,-1.7980339384471786,-1.8599999999999959,0.0,0.0,2.7777777777777777,2.7777777777777777,7.435918888888886,9.923304607977368,10.175591,-0.8494159677793844,-0.019999999999999574,-0.6000000000000001,-0.6000000000000001,2.7777777777777777,2.7777777777777777
37,0.7000000000000001,False,0,1.8651131298312928,True,2.880154888888887,4.542388603838856,5.807631444444451,-1.5967062032565882,-1.899999999999999,0.0,0.0,2.7777777777777777,2.7777777777777777,8.195212888888886,14.586022287576835,13.974738444444444,0.03253650756059434,-0.009999999999999343,-0.7000000000000001,-0.7000000000000001,2.7777777777777777,2.7777777777777777
37,0.8,False,0,1.8651131298312928,True,2.880154888888887,4.316054249262575,6.20775386666669,-1.8771775478679649,-1.8799999999999994,0.0,0.0,2.7777777777777777,2.7777777777777777,10.473094888888888,16.198248692755513,15.827757177777777,0.26010528333936733,-2.220446049250313e-16,-0.8,-0.8,2.7777777777777777,2.7777777777777777
37,0.9,False,0,1.8651131298312928,True,2.880154888888887,4.518385648106698,5.674541200000019,-1.6067191591926775,-1.8900000000000028,0.0,0.0,2.7777777777777777,2.7777777777777777,11.991388888888888,17.029277299457014,17.442749999999997,-0.574085141872072,-0.02000000000000024,-0.9,-0.9,2.7777777777777777,2.7777777777777777
37,1.0,False,0,1.9763923622664188,True,2.880154888888887,4.420964084412913,5.74141275555557,-1.5538460533484606,-1.7999999999999998,0.0,0.0,2.7777777777777777,2.7777777777777777,12.623888888888889,20.005605099377526,19.475222222222214,0.4502962273802922,0.0,-1.0,-1.0,2.7777777777777777,2.7777777777777777
37,1.1,False,0,1.8651131298312928,True,2.880154888888887,4.500129116363586,5.722319511111128,-1.8624639571521746,-1.8799999999999981,0.0,0.0,2.7777777777777777,2.7777777777777777,13.50938888888889,20.702921199226022,20.383933333333328,-1.0310011137204715,-0.0499999999999996,-1.1,-1.1,2.7777777777777777,2.7777777777777777
37,1.2000000000000002,False,0,1.8651131298312928,True,2.880154888888887,4.4240533963409705,5.58752240000003,-1.8022238209677077,-1.7999999999999998,0.0,0.0,2.7777777777777777,2.7777777777777777,13.76238888888889,21.81652515639705,21.457094444444436,-1.0385605730412988,-0.07999999999999963,-1.2000000000000002,-1.2000000000000002,2.7777777777777777,2.7777777777777777
37,1.3,False,0,1.8651131298312928,True,2.880154888888887,4.493964725557956,5.878443733333353,-1.2001841388849441,-1.8899999999999997,0.0,0.0,2.7777777777777777,2.7777777777777777,13.88888888888889,22.26686780810783,22.555555555555554,0.032234902932658516,-0.09000000000000008,-1.3,-1.3,2.7777777777777777,2.7777777777777777
37,1.4000000000000001,False,0,1.8651131298312928,True,2.880154888888887,4.520321018547354,6.194957600000028,-1.4927671870515833,-1.8999999999999986,0.0,0.0,2.7777777777777777,2.7777777777777777,13.88888888888889,23.897257538575218,23.666666666666664,-0.3894322293912982,-0.08000000000000007,-1.4000000000000001,-1.4000000000000001,2.7777777777777777,2.7777777777777777
37,1.5,False,0,1.7522654178186536,True,2.880154888888887,4.355619016344602,6.255207488888897,-1.4218891146897137,-1.7999999999999998,0.0,0.0,2.7777777777777777,2.7777777777777777,13.88888888888889,23.888878938025574,24.777777777777775,-0.37327140921183033,-0.04999999999999982,-1.5,-1.5,2.7777777777777777,2.7777777777777777
37,1.6,False,0,1.8651131298312928,True,2.880154888888887,4.479921144055905,5.71805408888891,-1.7572671116867264,-1.879999999999999,0.0,0.0,2.7777777777777777,2.7777777777777777,13.88888888888889,24.675349306905485,24.777777777777775,-0.6620699008352271,-0.1599999999999997,-1.6,-1.6,2.7777777777777777,2.7777777777777777
37,1.7000000000000002,False,0,1.9763923622664188,True,2.880154888888887,4.539137256427208,5.934218911111128,-1.4863538823147568,-1.8300000000000005,0.0,0.0,2.7777777777777777,2.7777777777777777,13.88888888888889,26.22604293830138,25.888888888888882,-1.5618507452160644,-0.09999999999999964,-1.7000000000000002,-1.7000000000000002,2.7777777777777777,2.7777777777777777
38,0.0,False,0,4.0,True,13.88888888888889,-3.4452408220481088,-4.222222222222196,0.5054030491017425,1.6,0.0,0.0,2.7777777777777777,2.7777777777777777,,,,,,,,,
38,0.1,False,0,4.0,True,13.88888888888889,-3.888542911083671,-4.222222222222196,0.17033282898827506,1.2199999999999998,-0.1,-0.1,2.7777777777777777,2.7777777777777777,13.88888888888889,133.16076459381077,132.28888888888855,0.24964319665471146,-0.00999999999999579,-0.1,-0.1,2.7777777777777777,2.7777777777777777
38,0.2,False,0,3.600000000000001,True,11.232388888888888,-4.198707093239835,-4.139516666666675,0.7872280183873857,0.8199999999999998,-0.2,-0.2,2.7777777777777777,2.7777777777777777,10.473094888888888,28.12355888556068,28.18081519999988,-0.2569074515988712,-0.019999999999997353,-0.2,-0.2,2.7777777777777777,2.7777777777777777
38,0.30000000000000004,False,0,1.6333333333333324,True,2.880154888888887,2.8818491393311065,2.7540753555555613,0.2520649753443567,0.39999999999999947,-0.30000000000000004,-0.30000000000000004,2.7777777777777777,2.7777777777777777,0.6022728888888867,6.05592870069457,5.420135200000002,-0.807782651601324,-0.020000000000001572,-0.30000000000000004,-0.30000000000000004,2.7777777777777777,2.7777777777777777
38,0.4,False,0,1.4999999999999991,True,2.880154888888887,4.45717041345407,5.446463844444456,-1.3542301613710517,-1.839999999999994,-0.4,-0.4,2.7777777777777777,2.7777777777777777,3.639448888888887,6.844751365890343,6.904480755555565,1.1770452235059645,-6.661338147750939e-16,-0.4,-0.4,2.7777777777777777,2.7777777777777777
38,0.5,False,0,1.8538283586300286,True,2.880154888888887,4.191912704120736,5.485793822222246,-0.911081028206555,-1.85,0.0,0.0,2.7777777777777777,2.7777777777777777,5.917330888888887,10.909467445585324,10.668620244444444,-1.1387977184541132,0.0,-0.5,-0.5,2.7777777777777777,2.7777777777777777
38,0.6000000000000001,False,0,1.8538283586300286,True,2.880154888888887,4.1874464245203145,5.5762263555555736,-1.8292824303402897,-1.8599999999999959,0.0,0.0,2.7777777777777777,2.7777777777777777,6.676624888888886,12.063158391684315,12.618043799999992,0.22206865580668422,-0.019999999999999574,-0.6000000000000001,-0.6000000000000001,2.7777777777777777,2.7777777777777777
38,0.7000000000000001,False,0,1.8538283586300286,True,2.880154888888887,4.0914669220672595,5.740884911111142,-1.83126724827779,-1.899999999999999,0.0,0.0,2.7777777777777777,2.7777777777777777,8.954506888888886,13.541065635751636,14.405370844444441,-0.9226178102996933,-0.009999999999999343,-0.7000000000000001,-0.7000000000000001,2.7777777777777777,2.7777777777777777
38,0.8,False,0,1.9656591784821131,True,2.880154888888887,4.478430090947893,5.867472377777799,-1.0776944545882459,-1.8799999999999994,0.0,0.0,2.7777777777777777,2.7777777777777777,10.473094888888888,16.10164256991191,16.827757177777777,0.7358943555980728,-2.220446049250313e-16,-0.8,-0.8,2.7777777777777777,2.7777777777777777
38,0.9,False,0,1.9656591784821131,True,2.880154888888887,4.501203518715674,6.053458044444459,-0.9919997636821228,-1.8900000000000028,0.0,0.0,2.7777777777777777,2.7777777777777777,11.991388888888888,19.054762459622033,18.442749999999997,0.2591159199348345,-0.02000000000000024,-0.9,-0.9,2.7777777777777777,2.7777777777777777
38,1.0,False,0,1.8538283586300286,True,2.880154888888887,4.54041246799184,5.870561422222235,-0.964032421392649,-1.7999999999999998,0.0,0.0,2.7777777777777777,2.7777777777777777,13.50938888888889,20.38299925600393,20.272822222222214,0.5359943747000231,0.0,-1.0,-1.0,2.7777777777777777,2.7777777777777777
38,1.1,False,0,1.8538283586300286,True,2.880154888888887,4.244181016045215,6.030099377777799,-1.6993960236962253,-1.8799999999999981,0.0,0.0,2.7777777777777777,2.7777777777777777,13.76238888888889,21.981277748716554,21.345983333333326,0.7490179630056462,-0.0499999999999996,-1.1,-1.1,2.7777777777777777,2.7777777777777777
38,1.2000000000000002,False,0,1.9656591784821131,True,2.880154888888887,4.491227778522746,5.493797666666684,-1.8072121386469258,-1.7999999999999998,0.0,0.0,2.7777777777777777,2.7777777777777777,13.76238888888889,22.08700713678241,22.457094444444436,0.4027481983055554,-0.07999999999999963,-1.2000000000000002,-1.2000000000000002,2.7777777777777777,2.7777777777777777
38,1.3,False,0,1.8538283586300286,True,2.880154888888887,4.527572855029459,5.622297800000024,-1.0839665145644473,-1.8899999999999997,0.0,0.0,2.7777777777777777,2.7777777777777777,13.88888888888889,23.51025444377027,23.555555555555554,-0.4847619083110666,-0.09000000000000008,-1.3,-1.3,2.7777777777777777,2.7777777777777777
38,1.4000000000000001,False,0,1.9656591784821131,True,2.880154888888887,4.429150293417838,5.840172977777802,-1.5745822377746612,-1.8999999999999986,0.0,0.0,2.7777777777777777,2.7777777777777777,13.88888888888889,25.226317441339383,24.666666666666664,-0.16241324891008224,-0.08000000000000007,-1.4000000000000001,-1.4000000000000001,2.7777777777777777,2.7777777777777777
38,1.5,False,0,1.8538283586300286,True,2.880154888888887,4.327256662527373,5.370620444444467,-0.7669917434208595,-1.7999999999999998,0.0,0.0,2.7777777777777777,2.7777777777777777,13.88888888888889,25.45763635701557,25.777777777777775,0.6901723720958244,-0.04999999999999982,-1.5,-1.5,2.7777777777777777,2.7777777777777777
38,1.6,False,0,1.8538283586300286,True,2.880154888888887,4.541853504360074,6.038630222222236,-1.6220641875949502,-1.879999999999999,0.0,0.0,2.7777777777777777,2.7777777777777777,13.88888888888889,26.237023245141653,25.777777777777775,-0.012530507724709317,-0.1599999999999997,-1.6,-1.6,2.7777777777777777,2.7777777777777777
38,1.7000000000000002,False,0,1.9656591784821125,True,2.880154888888887,4.315518439126248,5.527921044444466,-1.1417905967136477,-1.8300000000000005,0.0,0.0,2.7777777777777777,2.7777777777777777,13.88888888888889,26.16912546818556,26.888888888888882,0.14255270274004594,-0.09999999999999964,-1.7000000000000002,-1.7000000000000002,2.7777777777777777,2.7777777777777777
39,0.0,False,0,4.0,True,13.88888888888889,-3.781178073044077,-4.266666666666704,2.410002856080258,1.6,0.0,0.0,2.7777777777777777,2.7777777777777777,,,,,,,,,
39,0.1,False,0,4.0,True,13.76238888888889,-3.871755912314586,-4.291966666666691,1.6498203850920983,1.21,-0.1,-0.1,2.7777777777777777,2.7777777777777777,13.76238888888889,129.313510392427,129.72028888888835,-1.0300502086334835,-0.00999999999999579,-0.1,-0.1,2.7777777777777777,2.7777777777777777
39,0.2,False,0,2.6000000000000045,True,7.435918888888886,-3.867490340679356,-4.258903888888898,1.3135808671249376,0.7200000000000002,-0.2,-0.2,2.7777777777777777,2.7777777777777777,6.676624888888886,9.619070945467197,10.236497000000139,0.08518307552692761,-0.019999999999997353,-0.2,-0.2,2.7777777777777777,2.7777777777777777
39,0.30000000000000004,False,0,1.9448453987329708,True,2.880154888888887,4.422752134100574,5.191378888888896,0.032712582128172185,-0.3200000000000023,-0.30000000000000004,-0.30000000000000004,2.7777777777777777,2.7777777777777777,2.880154888888887,5.302486001915125,5.293756000000006,-1.0947878194637188,-0.020000000000001572,-0.30000000000000004,-0.30000000000000004,2.7777777777777777,2.7777777777777777
39,0.4,False,0,1.0285656135196763,True,2.880154888888887,3.775843631329285,4.30855706666667,-1.0125846277102997,0.03999999999999915,-0.4,-0.4,2.7777777777777777,2.7777777777777777,2.120860888888887,4.315803385051763,4.374248755555553,0.915943097455461,-6.661338147750939e-16,-0.4,-0.4,2.7777777777777777,2.7777777777777777
39,0.5,False,0,1.842543587428765,True,2.880154888888887,4.545854146963973,5.8413520000000405,-1.6918400926558377,-1.85,0.0,0.0,2.7777777777777777,2.7777777777777777,5.917330888888887,10.427160621249708,11.25111144444445,0.011905775162930787,0.0,-0.5,-0.5,2.7777777777777777,2.7777777777777777
39,0.6000000000000001,False,0,1.954925994697807,True,2.880154888888887,4.1159121827197795,5.48932908888892,-0.9717891592916648,-1.8599999999999959,0.0,0.0,2.7777777777777777,2.7777777777777777,7.435918888888886,13.880268903165831,13.466184999999992,-0.4105027610314984,-0.019999999999999574,-0.6000000000000001,-0.6000000000000001,2.7777777777777777,2.7777777777777777
39,0.7000000000000001,False,0,1.954925994697807,True,2.880154888888887,3.9483906125912656,5.339173666666707,-0.888512456318931,-1.899999999999999,0.0,0.0,2.7777777777777777,2.7777777777777777,8.954506888888886,14.355599928392465,15.405370844444441,0.1736134369921789,-0.009999999999999343,-0.7000000000000001,-0.7000000000000001,2.7777777777777777,2.7777777777777777
39,0.8,False,0,1.842543587428765,True,2.880154888888887,4.270751326825345,5.8746236888889145,-1.8824181732089451,-1.8799999999999994,0.0,0.0,2.7777777777777777,2.7777777777777777,11.991388888888888,17.55761766467745,17.220527777777775,0.19708584197104573,-2.220446049250313e-16,-0.8,-0.8,2.7777777777777777,2.7777777777777777
39,0.9,False,0,1.954925994697807,True,2.880154888888887,4.21576253827885,5.980735733333359,-1.284061085085242,-1.8900000000000028,0.0,0.0,2.7777777777777777,2.7777777777777777,12.623888888888889,18.713715129242182,19.252999999999993,0.033655052517597595,-0.02000000000000024,-0.9,-0.9,2.7777777777777777,2.7777777777777777
39,1.0,False,0,1.842543587428765,True,2.880154888888887,4.516157429000541,5.6579248888889255,-1.0069549470589387,-1.7999999999999998,0.0,0.0,2.7777777777777777,2.7777777777777777,13.76238888888889,20.654820627076866,21.234872222222215,1.036589578637034,0.0,-1.0,-1.0,2.7777777777777777,2.7777777777777777
39,1.1,False,0,1.954925994697807,True,2.880154888888887,3.2974566922807442,5.762333555555583,-1.7945950966709003,-1.8799999999999981,0.0,0.0,2.7777777777777777,2.7777777777777777,13.76238888888889,22.45725767679517,22.345983333333326,0.40671435543256473,-0.0499999999999996,-1.1,-1.1,2.7777777777777777,2.7777777777777777
39,1.2000000000000002,False,0,1.954925994697807,True,2.880154888888887,4.354135451938828,5.663366688888911,-1.8086059383842517,-1.7999999999999998,0.0,0.0,2.7777777777777777,2.7777777777777777,13.88888888888889,23.82014456491502,23.444444444444436,0.9447599500642379,-0.07999999999999963,-1.2000000000000002,-1.2000000000000002,2.7777777777777777,2.7777777777777777
39,1.3,False,0,1.954925994697807,True,2.880154888888887,4.104053283174989,5.485915355555588,-1.4657102302005391,-1.8899999999999997,0.0,0.0,2.7777777777777777,2.7777777777777777,13.88888888888889,24.20584926984588,24.555555555555554,-0.31498146286793505,-0.09000000000000008,-1.3,-1.3,2.7777777777777777,2.7777777777777777
39,1.4000000000000001,False,0,1.842543587428765,True,2.880154888888887,4.3767730081776195,5.560668377777813,-1.84687375620233,-1.8999999999999986,0.0,0.0,2.7777777777777777,2.7777777777777777,13.88888888888889,25.947653940729815,25.666666666666664,-0.020937297066319527,-0.08000000000000007,-1.4000000000000001,-1.4000000000000001,2.7777777777777777,2.7777777777777777
39,1.5,False,0,1.954925994697807,True,2.880154888888887,4.553682839746512,5.762333555555583,-1.1773102423078443,-1.7999999999999998,0.0,0.0,2.7777777777777777,2.7777777777777777,13.88888888888889,26.473192748786378,26.777777777777775,-0.9086216786643516,-0.04999999999999982,-1.5,-1.5,2.7777777777777777,2.7777777777777777
39,1.6,False,0,1.842543587428765,True,2.880154888888887,4.526790736752813,5.872065133333362,-1.7329111983150953,-1.879999999999999,0.0,0.0,2.7777777777777777,2.7777777777777777,13.88888888888889,26.570330201989567,26.777777777777775,-0.06726758531745514,-0.1599999999999997,-1.6,-1.6,2.7777777777777777,2.7777777777777777
39,1.7000000000000002,False,0,1.8425435874287643,True,2.880154888888887,4.471543176795419,5.494976688888909,-1.6088993407846397,-1.8300000000000005,0.0,0.0,2.7777777777777777,2.7777777777777777,13.88888888888889,27.53536695126839,27.888888888888882,0.27143941153735085,-0.09999999999999964,-1.7000000000000002,-1.7000000000000002,2.7777777777777777,2.7777777777777777
40,0.0,False,0,4.0,True,13.88888888888889,-3.935338237373304,-4.15555555555559,0.7719376289465667,1.6,0.0,0.0,2.7777777777777777,2.7777777777777777,,,,,,,,,
40,0.1,False,0,4.0,True,13.129888888888889,-4.095638989949928,-4.242044444444434,0.4407600858473568,1.1999999999999997,-0.1,-0.1,2.7777777777777777,2.7777777777777777,13.129888888888889,121.38934163823252,120.90258888888972,-0.3017725799826638,-0.00999999999999579,-0.1,-0.1,2.7777777777777777,2.7777777777777777
40,0.2,False,0,3.500000000000001,True,2.880154888888887,-0.341256506295319,0.05889620000000395,0.1365475879708744,0.7000000000000002,-0.2,-0.2,2.7777777777777777,2.7777777777777777,0.0,10.21815467264344,9.43834004444442,0.12331059375473474,-0.019999999999997353,-0.2,-0.2,2.7777777777777777,2.7777777777777777
40,0.30000000000000004,False,0,2.0333333333333328,True,2.880154888888887,4.290275363758849,5.351564644444463,-1.0005067703453154,-1.5200000000000053,-0.30000000000000004,-0.30000000000000004,2.7777777777777777,2.7777777777777777,2.880154888888887,6.700570063839554,5.863450200000014,-0.720114405098085,-0.020000000000001572,-0.30000000000000004,-0.30000000000000004,2.7777777777777777,2.7777777777777777
40,0.4,False,0,1.3359355489126188,True,2.880154888888887,4.545141760191076,6.365390577777792,0.1704301326089399,-0.2799999999999996,-0.4,-0.4,2.7777777777777777,2.7777777777777777,3.639448888888887,7.34421677177176,6.512983955555566,0.6421977504617118,-6.661338147750939e-16,-0.4,-0.4,2.7777777777777777,2.7777777777777777
40,0.5,False,0,1.7184111042148624,True,2.880154888888887,4.2970406345047225,6.060936688888934,-1.06064173052124,-1.85,0.0,0.0,2.7777777777777777,2.7777777777777777,5.158036888888887,10.09553835588844,10.429011644444461,-0.44318314842416906,0.0,-0.5,-0.5,2.7777777777777777,2.7777777777777777
40,0.6000000000000001,False,0,1.831258816227501,True,2.880154888888887,4.383853949881908,5.537431244444488,-1.70470110547741,-1.8599999999999959,0.0,0.0,2.7777777777777777,2.7777777777777777,7.435918888888886,10.88804389739126,13.175591,0.46097586161568316,-0.019999999999999574,-0.6000000000000001,-0.6000000000000001,2.7777777777777777,2.7777777777777777
40,0.7000000000000001,False,0,1.9441065282401402,True,2.880154888888887,4.069419383050058,5.400396777777812,-1.7308811620788,-1.899999999999999,0.0,0.0,2.7777777777777777,2.7777777777777777,9.713800888888887,15.811541077784423,15.911932644444445,-0.5179934552807628,-0.009999999999999343,-0.7000000000000001,-0.7000000000000001,2.7777777777777777,2.7777777777777777
40,0.8,False,0,1.9441065282401402,True,2.880154888888887,4.241099669612933,5.501922200000036,-1.178972330401678,-1.8799999999999994,0.0,0.0,2.7777777777777777,2.7777777777777777,11.991388888888888,18.106074720008223,18.220527777777775,-0.7966479285653818,-2.220446049250313e-16,-0.8,-0.8,2.7777777777777777,2.7777777777777777
40,0.9,False,0,1.831258816227501,True,2.880154888888887,4.289519254243186,5.545106911111145,-1.6289156419501907,-1.8900000000000028,0.0,0.0,2.7777777777777777,2.7777777777777777,13.50938888888889,19.74576489513193,20.050599999999992,-0.08712567997661891,-0.02000000000000024,-0.9,-0.9,2.7777777777777777,2.7777777777777777
40,1.0,False,0,1.831258816227501,True,2.880154888888887,4.50912625416682,5.5468172666666975,-0.8526874727932952,-1.7999999999999998,0.0,0.0,2.7777777777777777,2.7777777777777777,13.88888888888889,22.387948558949695,22.222222222222214,-0.670382248757504,0.0,-1.0,-1.0,2.7777777777777777,2.7777777777777777
40,1.1,False,0,1.9441065282401402,True,2.880154888888887,4.420178514409348,6.1494565555555925,-0.8181217935692546,-1.8799999999999981,0.0,0.0,2.7777777777777777,2.7777777777777777,13.88888888888889,23.60119563208001,23.333333333333325,0.6132869204586098,-0.0499999999999996,-1.1,-1.1,2.7777777777777777,2.7777777777777777
40,1.2000000000000002,False,0,1.831258816227501,True,2.880154888888887,4.497820020203659,5.580940644444465,-1.5151591632135617,-1.7999999999999998,0.0,0.0,2.7777777777777777,2.7777777777777777,13.88888888888889,26.111177362020626,24.444444444444436,0.6493716606082054,-0.07999999999999963,-1.2000000000000002,-1.2000000000000002,2.7777777777777777,2.7777777777777777
40,1.3,False,0,1.831258816227501,True,2.880154888888887,4.01406232380688,5.488801244444471,-1.4355875459958383,-1.8899999999999997,0.0,0.0,2.7777777777777777,2.7777777777777777,13.88888888888889,25.34490378811942,25.555555555555554,-0.33384020747641374,-0.09000000000000008,-1.3,-1.3,2.7777777777777777,2.7777777777777777
40,1.4000000000000001,False,0,1.9441065282401402,True,2.880154888888887,3.9405844955962523,5.248537977777812,-1.8741007827739082,-1.8999999999999986,0.0,0.0,2.7777777777777777,2.7777777777777777,13.88888888888889,27.49970850469404,26.666666666666664,0.38425689478418956,-0.08000000000000007,-1.4000000000000001,-1.4000000000000001,2.7777777777777777,2.7777777777777777
40,1.5,False,0,1.9441065282401402,True,2.880154888888887,4.306629781608916,5.565055333333373,-1.785709268701874,-1.7999999999999998,0.0,0.0,2.7777777777777777,2.7777777777777777,13.88888888888889,27.94957010984911,27.777777777777775,-0.3854980672407873,-0.04999999999999982,-1.5,-1.5,2.7777777777777777,2.7777777777777777
40,1.6,False,0,1.9441065282401402,True,2.880154888888887,4.52233138118977,5.690462933333518,-1.2588832041402889,-1.879999999999999,0.0,0.0,2.7777777777777777,2.7777777777777777,13.88888888888889,27.963609067157325,27.777777777777775,-1.056061932521815,-0.1599999999999997,-1.6,-1.6,2.7777777777777777,2.7777777777777777
40,1.7000000000000002,False,0,1.831258816227501,True,2.880154888888887,4.398126358110329,5.417137266666697,-1.1665130182229042,-1.8300000000000005,0.0,0.0,2.7777777777777777,2.7777777777777777,13.88888888888889,28.35630812429906,28.888888888888882,1.001075591116631,-0.09999999999999964,-1.7000000000000002,-1.7000000000000002,2.7777777777777777,2.7777777777777777
41,0.0,False,0,4.0,True,13.88888888888889,-3.9525652232712742,-4.0444444444444825,1.5169585708249382,1.6,0.0,0.0,2.7777777777777777,2.7777777777777777,,,,,,,,,
41,0.1,False,0,4.0,True,13.76238888888889,-3.4617548518442716,-4.057094444444476,-0.6728899851586181,1.19,-0.1,-0.1,2.7777777777777777,2.7777777777777777,13.50938888888889,124.94186319470894,124.72223888888915,-0.04383633132484621,-0.00999999999999579,-0.1,-0.1,2.7777777777777777,2.7777777777777777
41,0.2,False,0,2.3000000000000043,True,2.880154888888887,-1.4225083912203642,-2.2619341333333365,0.4498160622830607,0.6400000000000001,-0.2,-0.2,2.7777777777777777,2.7777777777777777,0.0,6.630246486583613,6.496262466666633,0.6535755232811709,-0.019999999999997353,-0.2,-0.2,2.7777777777777777,2.7777777777777777
41,0.30000000000000004,False,0,1.8333333333333324,True,2.880154888888887,4.4413826013973265,5.592095711111118,-0.7047211899821186,-0.26000000000000223,-0.30000000000000004,-0.30000000000000004,2.7777777777777777,2.7777777777777777,2.880154888888887,6.732766397502371,5.673997400000009,0.05131189390871871,-0.020000000000001572,-0.30000000000000004,-0.30000000000000004,2.7777777777777777,2.7777777777777777
41,0.4,False,0,1.8792366366185298,True,2.880154888888887,3.750609653295112,5.3415925333333805,-0.9325286746022199,-1.880000000000006,0.0,0.0,2.7777777777777777,2.7777777777777777,5.158036888888887,10.429823950565822,9.309548555555576,0.24907102339944087,-6.661338147750939e-16,-0.4,-0.4,2.7777777777777777,2.7777777777777777
41,0.5,False,0,1.5942786210009594,True,2.880154888888887,4.4613233361900315,6.042491977777812,-1.1379135249062236,-1.85,0.0,0.0,2.7777777777777777,2.7777777777777777,5.917330888888887,9.932960388706011,10.138417644444448,-0.15618161703249256,0.0,-0.5,-0.5,2.7777777777777777,2.7777777777777777
41,0.6000000000000001,False,0,1.8199740450262374,True,2.880154888888887,3.452080090847251,5.731744600000046,-1.7768523613759255,-1.8599999999999959,0.0,0.0,2.7777777777777777,2.7777777777777777,8.195212888888886,12.980798033472812,13.530294000000008,-1.1809829751169074,-0.019999999999999574,-0.6000000000000001,-0.6000000000000001,2.7777777777777777,2.7777777777777777
41,0.7000000000000001,False,0,2.040791464972255,True,2.880154888888887,3.9826773739185173,5.185526377777816,-1.5314032308077992,-1.899999999999999,0.0,0.0,2.7777777777777777,2.7777777777777777,9.713800888888887,17.51370948748804,16.911932644444445,1.5629327123612784,-0.009999999999999343,-0.7000000000000001,-0.7000000000000001,2.7777777777777777,2.7777777777777777
41,0.8,False,0,1.932821757038876,True,2.880154888888887,4.404902188520308,5.283313377777856,-1.3978634386176616,-1.8799999999999994,0.0,0.0,2.7777777777777777,2.7777777777777777,12.623888888888889,18.79533636645146,19.03077777777777,0.298510568230947,-2.220446049250313e-16,-0.8,-0.8,2.7777777777777777,2.7777777777777777
41,0.9,False,0,1.8199740450262374,True,2.880154888888887,4.277640356715577,5.6233952000000444,-1.324111557264158,-1.8900000000000028,0.0,0.0,2.7777777777777777,2.7777777777777777,13.76238888888889,21.781659817425805,21.012649999999994,0.15449562621815138,-0.02000000000000024,-0.9,-0.9,2.7777777777777777,2.7777777777777777
41,1.0,False,0,1.932821757038876,True,2.880154888888887,4.492134332992163,5.870276644444485,-1.5249557877370943,-1.7999999999999998,0.0,0.0,2.7777777777777777,2.7777777777777777,13.88888888888889,23.135960331906993,23.222222222222214,1.4051692599096204,0.0,-1.0,-1.0,2.7777777777777777,2.7777777777777777
41,1.1,False,0,1.932821757038876,True,2.880154888888887,4.271614902897778,5.680880733333379,-1.534786351279425,-1.8799999999999981,0.0,0.0,2.7777777777777777,2.7777777777777777,13.88888888888889,24.01353180934947,24.333333333333325,-0.610541468984541,-0.0499999999999996,-1.1,-1.1,2.7777777777777777,2.7777777777777777
41,1.2000000000000002,False,0,1.8199740450262374,True,2.880154888888887,4.499095587619348,5.554289777777808,-1.408111488491606,-1.7999999999999998,0.0,0.0,2.7777777777777777,2.7777777777777777,13.88888888888889,25.312258215169436,25.444444444444436,-0.6129038684196844,-0.07999999999999963,-1.2000000000000002,-1.2000000000000002,2.7777777777777777,2.7777777777777777
41,1.3,False,0,1.8199740450262374,True,2.880154888888887,4.370179603274036,5.798287977777815,-1.8901781617641984,-1.8899999999999997,0.0,0.0,2.7777777777777777,2.7777777777777777,13.88888888888889,27.429772086246185,26.555555555555554,0.44652908759142473,-0.09000000000000008,-1.3,-1.3,2.7777777777777777,2.7777777777777777
41,1.4000000000000001,False,0,1.8199740450262374,True,2.880154888888887,4.4808570455563315,5.939057377777812,-1.3754717980074385,-1.8999999999999986,0.0,0.0,2.7777777777777777,2.7777777777777777,13.88888888888889,28.236263845857348,27.666666666666664,0.14482964492955253,-0.08000000000000007,-1.4000000000000001,-1.4000000000000001,2.7777777777777777,2.7777777777777777
41,1.5,False,0,1.932821757038876,True,2.880154888888887,4.482874499972763,5.571676155555605,-0.34903243792941385,-1.7999999999999998,0.0,0.0,2.7777777777777777,2.7777777777777777,13.88888888888889,28.79393752866115,28.777777777777775,0.17789651984935118,-0.04999999999999982,-1.5,-1.5,2.7777777777777777,2.7777777777777777
41,1.6,False,0,1.932821757038876,True,2.880154888888887,4.333971662396221,5.757661822222258,-0.7649319240765671,-1.879999999999999,0.0,0.0,2.7777777777777777,2.7777777777777777,13.88888888888889,27.916786144862055,28.777777777777775,-0.6710994302674442,-0.1599999999999997,-1.6,-1.6,2.7777777777777777,2.7777777777777777
41,1.7000000000000002,False,0,1.932821757038876,True,2.880154888888887,4.468783736869722,5.709883511111156,-1.2633620369061598,-1.8300000000000005,0.0,0.0,2.7777777777777777,2.7777777777777777,13.88888888888889,30.000539923977815,29.888888888888882,0.8317580616743485,-0.09999999999999964,-1.7000000000000002,-1.7000000000000002,2.7777777777777777,2.7777777777777777
42,0.0,False,0,4.0,True,13.88888888888889,-3.1169276913084643,-3.9333333333333753,0.8844661319972436,1.6,0.0,0.0,2.7777777777777777,2.7777777777777777,,,,,,,,,
42,0.1,False,0,4.0,True,12.623888888888889,-3.3159779453444385,-3.857066666666678,1.1381461712330898,1.1800000000000002,-0.1,-0.1,2.7777777777777777,2.7777777777777777,12.623888888888889,113.31513536861351,112.42578888888941,1.0664548942322951,-0.00999999999999579,-0.1,-0.1,2.7777777777777777,2.7777777777777777
42,0.2,False,0,1.700000000000006,True,5.917330888888887,-3.224977850455839,-4.182406844444411,1.2605696215419924,0.6200000000000006,-0.2,-0.2,2.7777777777777777,2.7777777777777777,5.917330888888887,5.704580448487232,5.628976799999944,-1.0177340880145818,-0.019999999999997353,-0.2,-0.2,2.7777777777777777,2.7777777777777777
42,0.30000000000000004,False,0,2.0333333333333328,True,2.880154888888887,4.439722021211648,5.507457488888915,-1.8306113678090017,-1.8899999999999975,0.0,0.0,2.7777777777777777,2.7777777777777777,2.880154888888887,6.076769615200154,6.623368000000018,-1.4999068826590356,-0.020000000000001572,-0.30000000000000004,-0.30000000000000004,2.7777777777777777,2.7777777777777777
42,0.4,False,0,1.4710693720039794,True,2.880154888888887,4.239567184782172,5.899491355555566,-1.4406172967208208,-1.880000000000006,0.0,0.0,2.7777777777777777,2.7777777777777777,4.398742888888887,8.104484734872383,7.791757555555567,-0.13648124336269118,-6.661338147750939e-16,-0.4,-0.4,2.7777777777777777,2.7777777777777777
42,0.5,False,0,1.9215369858376126,True,2.880154888888887,4.474288395170935,5.902493488888926,-1.0235551961308076,-1.85,0.0,0.0,2.7777777777777777,2.7777777777777777,6.676624888888886,12.503217812446007,12.504941044444461,0.040997728630097985,0.0,-0.5,-0.5,2.7777777777777777,2.7777777777777777
42,0.6000000000000001,False,0,1.8086892738249731,True,2.880154888888887,4.444099459126176,5.300702400000103,-0.7090424775837236,-1.8599999999999959,0.0,0.0,2.7777777777777777,2.7777777777777777,8.954506888888886,13.929006980525752,13.960926399999995,-0.48779895061668865,-0.019999999999999574,-0.6000000000000001,-0.6000000000000001,2.7777777777777777,2.7777777777777777
42,0.7000000000000001,False,0,1.9215369858376126,True,2.880154888888887,4.434811689096404,5.487012755555608,-1.735216776320412,-1.899999999999999,0.0,0.0,2.7777777777777777,2.7777777777777777,11.232388888888888,16.798069022014783,17.152844444444444,-0.5125292171258029,-0.009999999999999343,-0.7000000000000001,-0.7000000000000001,2.7777777777777777,2.7777777777777777
42,0.8,False,0,1.9215369858376126,True,2.880154888888887,4.498987601923024,5.63972673333338,-1.6555324326892369,-1.8799999999999994,0.0,0.0,2.7777777777777777,2.7777777777777777,13.129888888888889,20.7681901151236,19.904277777777775,-0.5671417610479732,-2.220446049250313e-16,-0.8,-0.8,2.7777777777777777,2.7777777777777777
42,0.9,False,0,1.9215369858376126,True,2.880154888888887,4.531044646677754,5.667877822222263,-1.473698078617074,-1.8900000000000028,0.0,0.0,2.7777777777777777,2.7777777777777777,13.76238888888889,21.60636209376326,22.012649999999994,0.0666304467517238,-0.02000000000000024,-0.9,-0.9,2.7777777777777777,2.7777777777777777
42,1.0,False,0,1.9215369858376126,True,2.880154888888887,4.295351808147342,5.6533746888889285,-1.1042113414645613,-1.7999999999999998,0.0,0.0,2.7777777777777777,2.7777777777777777,13.88888888888889,25.08513364367704,24.222222222222214,0.04817857943707615,0.0,-1.0,-1.0,2.7777777777777777,2.7777777777777777
42,1.1,False,0,1.9215369858376126,True,2.880154888888887,4.4104575287219605,5.935765177777822,-0.8639900505347273,-1.8799999999999981,0.0,0.0,2.7777777777777777,2.7777777777777777,13.88888888888889,25.188533668517724,25.333333333333325,0.4962172111314014,-0.0499999999999996,-1.1,-1.1,2.7777777777777777,2.7777777777777777
42,1.2000000000000002,False,0,1.9215369858376126,True,2.880154888888887,4.533625934417398,5.97671602222226,-1.4435440605885992,-1.7999999999999998,0.0,0.0,2.7777777777777777,2.7777777777777777,13.88888888888889,26.148903405270268,26.444444444444436,0.1958875037176231,-0.07999999999999963,-1.2000000000000002,-1.2000000000000002,2.7777777777777777,2.7777777777777777
42,1.3,False,0,1.8086892738249731,True,2.880154888888887,4.238816845250395,5.592478911111141,-1.5176234349999844,-1.8899999999999997,0.0,0.0,2.7777777777777777,2.7777777777777777,13.88888888888889,27.713834819289776,27.555555555555554,-0.2655586083660213,-0.09000000000000008,-1.3,-1.3,2.7777777777777777,2.7777777777777777
42,1.4000000000000001,False,0,1.8086892738249731,True,2.880154888888887,4.362642884960477,4.948358288888909,-1.4959911242807926,-1.8999999999999986,0.0,0.0,2.7777777777777777,2.7777777777777777,13.88888888888889,27.850771838467775,28.666666666666668,0.6249185807210762,-0.08000000000000007,-1.4000000000000001,-1.4000000000000001,2.7777777777777777,2.7777777777777777
42,1.5,False,0,1.8086892738249731,True,2.880154888888887,4.411455010201604,5.652198311111147,-1.6407309455885248,-1.7999999999999998,0.0,0.0,2.7777777777777777,2.7777777777777777,13.88888888888889,30.872133050801434,29.777777777777775,-0.006473504016656362,-0.04999999999999982,-1.5,-1.5,2.7777777777777777,2.7777777777777777
42,1.6,False,0,2.030058281187949,True,2.880154888888887,4.522743489458276,5.69891564444448,-1.1221623469248687,-1.879999999999999,0.0,0.0,2.7777777777777777,2.7777777777777777,13.88888888888889,30.31139904109391,29.777777777777775,0.2825079826355399,-0.1599999999999997,-1.6,-1.6,2.7777777777777777,2.7777777777777777
42,1.7000000000000002,False,0,1.8086892738249731,True,2.880154888888887,4.370526101756714,5.934588800000033,-1.4857150892870914,-1.8300000000000005,0.0,0.0,2.7777777777777777,2.7777777777777777,13.88888888888889,30.31009270547278,30.888888888888882,-1.2721602847253968,-0.09999999999999964,-1.7000000000000002,-1.7000000000000002,2.7777777777777777,2.7777777777777777
43,0.0,False,0,4.0,True,13.88888888888889,-3.8602683609741133,-3.822222222222261,2.0337685761685154,1.6,0.0,0.0,2.7777777777777777,2.7777777777777777,,,,,,,,,
43,0.1,False,0,4.0,True,13.88888888888889,-4.11899612463301,-3.822222222222261,1.321754904974882,1.17,-0.1,-0.1,2.7777777777777777,2.7777777777777777,13.88888888888889,127.32266348207965,127.28888888888856,0.2450674235168755,-0.00999999999999579,-0.1,-0.1,2.7777777777777777,2.7777777777777777
43,0.2,False,0,3.2000000000000006,True,11.991388888888888,-4.259453178243976,-3.9808277777777645,0.42480580559212777,0.7399999999999998,-0.2,-0.2,2.7777777777777777,2.7777777777777777,11.232388888888888,27.51680166032207,27.50835000000013,-0.45215443020349344,-0.019999999999997353,-0.2,-0.2,2.7777777777777777,2.7777777777777777
43,0.30000000000000004,False,0,1.6786712847079814,True,2.880154888888887,4.381579565508315,5.488695066666662,0.20590404691641817,-0.38000000000000256,-0.30000000000000004,-0.30000000000000004,2.7777777777777777,2.7777777777777777,2.880154888888887,6.367746285883013,5.611547600000006,-0.7131972852961486,-0.020000000000001572,-0.30000000000000004,-0.30000000000000004,2.7777777777777777,2.7777777777777777
43,0.4,False,0,1.7974045026237098,True,2.880154888888887,4.39657357836644,5.850777088888916,-1.7909258869203928,-1.880000000000006,0.0,0.0,2.7777777777777777,2.7777777777777777,5.158036888888887,10.079530184172075,9.702704555555567,0.16873765355382098,-6.661338147750939e-16,-0.4,-0.4,2.7777777777777777,2.7777777777777777
43,0.5,False,0,1.9102522146363483,True,2.880154888888887,4.532128813774546,5.897169733333354,-1.1936044327269506,-1.85,0.0,0.0,2.7777777777777777,2.7777777777777777,6.676624888888886,13.065625013893541,12.783714644444448,0.5238313140918938,0.0,-0.5,-0.5,2.7777777777777777,2.7777777777777777
43,0.6000000000000001,False,0,1.7986892738249736,True,2.880154888888887,4.515339647341979,5.848072266666709,-1.1867234804873976,-1.8599999999999959,0.0,0.0,2.7777777777777777,2.7777777777777777,9.713800888888887,13.958783302652446,14.480138200000003,0.699192434715818,-0.019999999999999574,-0.6000000000000001,-0.6000000000000001,2.7777777777777777,2.7777777777777777
43,0.7000000000000001,False,0,1.9102522146363483,True,2.880154888888887,4.504460139525048,5.573828400000036,-1.5616058111990339,-1.899999999999999,0.0,0.0,2.7777777777777777,2.7777777777777777,11.991388888888888,18.677684146322747,17.88719444444444,0.22797624646859305,-0.009999999999999343,-0.7000000000000001,-0.7000000000000001,2.7777777777777777,2.7777777777777777
43,0.8,False,0,1.7974045026237098,True,2.880154888888887,4.533961668238459,6.1229298666667065,-1.3848199577923996,-1.8799999999999994,0.0,0.0,2.7777777777777777,2.7777777777777777,13.76238888888889,20.992843805160035,20.790427777777772,-0.13980003823030707,-2.220446049250313e-16,-0.8,-0.8,2.7777777777777777,2.7777777777777777
43,0.9,False,0,1.9102522146363483,True,2.880154888888887,4.265911402464579,5.501312733333362,-1.7196092704251351,-1.8900000000000028,0.0,0.0,2.7777777777777777,2.7777777777777777,13.88888888888889,23.14546977521813,22.999999999999993,-0.18895927929966438,-0.02000000000000024,-0.9,-0.9,2.7777777777777777,2.7777777777777777
43,1.0,False,0,1.9102522146363483,True,2.880154888888887,4.379875400791204,5.669381533333362,-1.4614283696754373,-1.7999999999999998,0.0,0.0,2.7777777777777777,2.7777777777777777,13.88888888888889,25.187954309691257,25.222222222222214,0.9439366503382147,0.0,-1.0,-1.0,2.7777777777777777,2.7777777777777777
43,1.1,False,0,1.9102522146363483,True,2.880154888888887,4.402064264886815,5.526053577777813,-1.120302199189783,-1.8799999999999981,0.0,0.0,2.7777777777777777,2.7777777777777777,13.88888888888889,26.61710464240966,26.333333333333325,-0.2279388595206271,-0.0499999999999996,-1.1,-1.1,2.7777777777777777,2.7777777777777777
43,1.2000000000000002,False,0,1.9102522146363483,True,2.880154888888887,4.361331436655701,5.747869488888935,-1.1665427281917742,-1.7999999999999998,0.0,0.0,2.7777777777777777,2.7777777777777777,13.88888888888889,26.61080099827744,27.444444444444436,0.8618239790548072,-0.07999999999999963,-1.2000000000000002,-1.2000000000000002,2.7777777777777777,2.7777777777777777
43,1.3,False,0,1.9102522146363483,True,2.880154888888887,4.41969612304234,5.418559355555584,-1.4239377211334925,-1.8899999999999997,0.0,0.0,2.7777777777777777,2.7777777777777777,13.88888888888889,28.263837963092083,28.555555555555554,0.2986388050162314,-0.09000000000000008,-1.3,-1.3,2.7777777777777777,2.7777777777777777
43,1.4000000000000001,False,0,1.9102522146363483,True,2.880154888888887,4.445703973557852,5.93726888888892,-1.628660136852324,-1.8999999999999986,0.0,0.0,2.7777777777777777,2.7777777777777777,13.88888888888889,29.95423735499487,29.666666666666668,0.6396538033239692,-0.08000000000000007,-1.4000000000000001,-1.4000000000000001,2.7777777777777777,2.7777777777777777
43,1.5,False,0,1.9102522146363483,True,2.880154888888887,4.512208067156149,5.849394911111131,-1.5915124638011011,-1.7999999999999998,0.0,0.0,2.7777777777777777,2.7777777777777777,13.88888888888889,30.5452764767857,30.777777777777775,0.36768167621973324,-0.04999999999999982,-1.5,-1.5,2.7777777777777777,2.7777777777777777
43,1.6,False,0,1.9102522146363483,True,2.880154888888887,4.408268789005274,5.817830088888923,-1.356126207991829,-1.879999999999999,0.0,0.0,2.7777777777777777,2.7777777777777777,13.88888888888889,31.499666669537756,30.777777777777775,-0.5187087555244525,-0.1599999999999997,-1.6,-1.6,2.7777777777777777,2.7777777777777777
43,1.7000000000000002,False,0,1.9102522146363483,True,2.880154888888887,4.544893868056545,5.64464068888891,-0.9525362232126378,-1.8300000000000005,0.0,0.0,2.7777777777777777,2.7777777777777777,13.88888888888889,31.63960554568168,31.888888888888882,-0.46630483250792487,-0.09999999999999964,-1.7000000000000002,-1.7000000000000002,2.7777777777777777,2.7777777777777777
44,0.0,False,0,4.0,False,13.88888888888889,-2.909363769706391,-3.7777777777777386,1.6555470765770242,1.6,0.0,0.0,2.7777777777777777,2.7777777777777777,,,,,,,,,
44,0.1,False,0,4.0,True,11.232388888888888,-4.276674534958718,-4.051900000000006,1.9922003253725218,1.15,-0.1,-0.1,2.7777777777777777,2.7777777777777777,11.232388888888888,93.74813640369696,93.52538888888934,-0.6749680828410618,-0.00999999999999579,-0.1,-0.1,2.7777777777777777,2.7777777777777777
44,0.2,False,0,0.9000000000000097,True,4.398742888888887,-4.1672933238641034,-4.28821977777775,-0.17175270091876582,0.5600000000000005,-0.2,-0.2,2.7777777777777777,2.7777777777777777,0.0,3.8013438022705204,2.706905333333336,-1.0271113274017833,-0.019999999999997353,-0.2,-0.2,2.7777777777777777,2.7777777777777777
44,0.30000000000000004,False,0,1.5333333333333314,True,2.880154888888887,3.1423511549748158,4.676657311111119,0.12432089268087099,0.2799999999999989,-0.30000000000000004,-0.30000000000000004,2.7777777777777777,2.7777777777777777,2.120860888888887,5.850545010640357,5.3335742000000055,-0.40018850791965965,-0.020000000000001572,-0.30000000000000004,-0.30000000000000004,2.7777777777777777,2.7777777777777777
44,0.4,False,0,1.786119731422445,True,2.880154888888887,4.068872677371357,5.897497066666699,-1.6570987008757787,-1.880000000000006,0.0,0.0,2.7777777777777777,2.7777777777777777,5.917330888888887,9.096154695062207,9.829619355555568,-0.3535897753721333,-6.661338147750939e-16,-0.4,-0.4,2.7777777777777777,2.7777777777777777
44,0.5,False,0,1.786119731422445,True,2.880154888888887,4.221913113044889,5.211570422222278,-1.8735788190856077,-1.85,0.0,0.0,2.7777777777777777,2.7777777777777777,7.435918888888886,12.498370075619182,11.961614844444451,-0.497218237768839,0.0,-0.5,-0.5,2.7777777777777777,2.7777777777777777
44,0.6000000000000001,False,0,1.8989674434350847,True,2.880154888888887,3.877854549460463,5.548032711111159,-1.369224496578845,-1.8599999999999959,0.0,0.0,2.7777777777777777,2.7777777777777777,9.713800888888887,15.04688764702789,15.467488199999995,-0.4075182293624331,-0.019999999999999574,-0.6000000000000001,-0.6000000000000001,2.7777777777777777,2.7777777777777777
44,0.7000000000000001,False,0,1.8989674434350847,True,2.880154888888887,4.30794330423694,5.837247177777809,-1.3782649726873086,-1.899999999999999,0.0,0.0,2.7777777777777777,2.7777777777777777,12.623888888888889,19.041830475468785,18.697444444444443,-0.7059529401885833,-0.009999999999999343,-0.7000000000000001,-0.7000000000000001,2.7777777777777777,2.7777777777777777
44,0.8,False,0,1.786119731422445,True,2.880154888888887,4.478781732255212,5.864221888888946,-1.5728299354926718,-1.8799999999999994,0.0,0.0,2.7777777777777777,2.7777777777777777,13.88888888888889,21.580138642700348,21.77777777777777,-0.033288219002902686,-2.220446049250313e-16,-0.8,-0.8,2.7777777777777777,2.7777777777777777
44,0.9,False,0,1.8989674434350847,True,2.880154888888887,4.342663234342393,5.509640422222259,-1.71259097299762,-1.8900000000000028,0.0,0.0,2.7777777777777777,2.7777777777777777,13.88888888888889,24.52075825807659,23.999999999999993,-0.14152300743244806,-0.02000000000000024,-0.9,-0.9,2.7777777777777777,2.7777777777777777
44,1.0,False,0,2.0085919136193366,True,2.880154888888887,4.494996748058196,5.27620462222225,-1.1977961836940563,-1.7999999999999998,0.0,0.0,2.7777777777777777,2.7777777777777777,13.88888888888889,25.571360153658347,26.222222222222214,1.0559461978477374,0.0,-1.0,-1.0,2.7777777777777777,2.7777777777777777
44,1.1,False,0,1.8989674434350847,True,2.880154888888887,4.495819415760022,6.082952244444482,-1.824282781135063,-1.8799999999999981,0.0,0.0,2.7777777777777777,2.7777777777777777,13.88888888888889,27.751189618796264,27.333333333333325,0.12571762281937815,-0.0499999999999996,-1.1,-1.1,2.7777777777777777,2.7777777777777777
44,1.2000000000000002,False,0,1.8989674434350847,True,2.880154888888887,4.279912117730572,5.529264155555592,-1.6603649596407704,-1.7999999999999998,0.0,0.0,2.7777777777777777,2.7777777777777777,13.88888888888889,28.33502715314317,28.44444444444444,0.5819658469926727,-0.07999999999999963,-1.2000000000000002,-1.2000000000000002,2.7777777777777777,2.7777777777777777
44,1.3,False,0,1.8989674434350847,True,2.880154888888887,4.429076252709007,5.658940666666706,-1.8037177837880962,-1.8899999999999997,0.0,0.0,2.7777777777777777,2.7777777777777777,13.88888888888889,29.880642578203034,29.555555555555554,-0.591152375868158,-0.09000000000000008,-1.3,-1.3,2.7777777777777777,2.7777777777777777
44,1.4000000000000001,False,0,1.8989674434350847,True,2.880154888888887,4.419270525738438,5.485754755555587,-1.0124860861682778,-1.8999999999999986,0.0,0.0,2.7777777777777777,2.7777777777777777,13.88888888888889,30.97329029644099,30.666666666666668,0.22008864095253822,-0.08000000000000007,-1.4000000000000001,-1.4000000000000001,2.7777777777777777,2.7777777777777777
44,1.5,False,0,1.8989674434350847,True,2.880154888888887,4.444274548043492,5.917442000000034,-1.8319363053019402,-1.7999999999999998,0.0,0.0,2.7777777777777777,2.7777777777777777,13.88888888888889,32.316513856425985,31.777777777777775,0.03998461732421932,-0.04999999999999982,-1.5,-1.5,2.7777777777777777,2.7777777777777777
44,1.6,False,0,1.8989674434350847,True,2.880154888888887,4.478554348771792,5.507081866666707,-1.269457717328838,-1.879999999999999,0.0,0.0,2.7777777777777777,2.7777777777777777,13.88888888888889,30.54820121928096,31.777777777777775,0.47649041446688845,-0.1599999999999997,-1.6,-1.6,2.7777777777777777,2.7777777777777777
44,1.7000000000000002,False,0,1.898967443435084,True,2.880154888888887,4.2275252898676685,5.491723555555635,-1.6025609907518779,-1.8300000000000005,0.0,0.0,2.7777777777777777,2.7777777777777777,13.88888888888889,31.930579555570606,32.888888888888886,0.4785832076555159,-0.09999999999999964,-1.7000000000000002,-1.7000000000000002,2.7777777777777777,2.7777777777777777
45,0.0,False,0,4.0,True,13.88888888888889,-4.228880493843614,-3.8888888888888387,1.9692647102024794,1.6,0.0,0.0,2.7777777777777777,2.7777777777777777,,,,,,,,,
45,0.1,False,0,4.0,True,13.88888888888889,-3.3851278213992613,-3.8888888888888387,0.9480576714676503,1.1600000000000001,-0.1,-0.1,2.7777777777777777,2.7777777777777777,13.88888888888889,124.83199238711127,125.28888888888856,-0.30212585714581297,-0.00999999999999579,-0.1,-0.1,2.7777777777777777,2.7777777777777777
45,0.2,False,0,1.700000000000006,True,2.880154888888887,-2.2850277965268573,-2.5268368888888757,0.5711712570677614,0.5400000000000005,-0.2,-0.2,2.7777777777777777,2.7777777777777777,0.0,3.72707965946874,4.782243533333326,-0.842757862847229,-0.019999999999997353,-0.2,-0.2,2.7777777777777777,2.7777777777777777
45,0.30000000000000004,False,0,2.2127424138146896,True,2.880154888888887,4.469469748785781,5.443805111111144,-1.1799479959841417,-1.8899999999999975,0.0,0.0,2.7777777777777777,2.7777777777777777,3.639448888888887,6.666606427820402,7.282324200000024,0.9689854111169303,-0.020000000000001572,-0.30000000000000004,-0.30000000000000004,2.7777777777777777,2.7777777777777777
45,0.4,False,0,1.8876826722338202,True,2.880154888888887,4.307393881653181,5.793534622222265,-1.2460989349315343,-1.880000000000006,0.0,0.0,2.7777777777777777,2.7777777777777777,5.917330888888887,9.773120976279412,10.52590175555557,0.6415313016652182,-6.661338147750939e-16,-0.4,-0.4,2.7777777777777777,2.7777777777777777
45,0.5,False,0,1.8876826722338202,True,2.880154888888887,4.166828638197441,5.430949311111147,-0.33354561700891083,-1.85,0.0,0.0,2.7777777777777777,2.7777777777777777,7.435918888888886,12.818885588371511,13.26533244444445,-0.4506503574954259,0.0,-0.5,-0.5,2.7777777777777777,2.7777777777777777
45,0.6000000000000001,False,0,1.8876826722338202,True,2.880154888888887,4.065851382514166,5.629731244444483,-1.8899238134266312,-1.8599999999999959,0.0,0.0,2.7777777777777777,2.7777777777777777,10.473094888888888,16.243117739189604,16.049979399999994,-0.3267797455746315,-0.019999999999999574,-0.6000000000000001,-0.6000000000000001,2.7777777777777777,2.7777777777777777
45,0.7000000000000001,False,0,1.8876826722338202,True,2.880154888888887,4.402401900372905,5.770500644444479,-1.142606834538495,-1.899999999999999,0.0,0.0,2.7777777777777777,2.7777777777777777,13.129888888888889,19.493473300416316,19.57094444444444,0.10103531713200331,-0.009999999999999343,-0.7000000000000001,-0.7000000000000001,2.7777777777777777,2.7777777777777777
45,0.8,False,0,1.9978587298350312,True,2.880154888888887,4.094667240728779,5.489286533333368,-1.5326223635647171,-1.8799999999999994,0.0,0.0,2.7777777777777777,2.7777777777777777,13.76238888888889,22.723017976379865,22.790427777777772,-0.06706016155590144,-2.220446049250313e-16,-0.8,-0.8,2.7777777777777777,2.7777777777777777
45,0.9,False,0,1.8876826722338202,True,2.880154888888887,3.7301151704850186,5.281649066666714,-1.39091595318964,-1.8900000000000028,0.0,0.0,2.7777777777777777,2.7777777777777777,13.88888888888889,24.47699780845624,24.999999999999993,-1.0984048195796583,-0.02000000000000024,-0.9,-0.9,2.7777777777777777,2.7777777777777777
45,1.0,False,0,1.8876826722338202,True,2.880154888888887,4.391820013345364,5.316627622222268,-1.7678173315849959,-1.7999999999999998,0.0,0.0,2.7777777777777777,2.7777777777777777,13.88888888888889,27.067146486443377,27.222222222222214,-0.656300167990274,0.0,-1.0,-1.0,2.7777777777777777,2.7777777777777777
45,1.1,False,0,1.8876826722338202,True,2.880154888888887,4.35158416216633,5.523088711111154,-1.3219435116367055,-1.8799999999999981,0.0,0.0,2.7777777777777777,2.7777777777777777,13.88888888888889,28.304138369671346,28.333333333333325,0.08408903382634314,-0.0499999999999996,-1.1,-1.1,2.7777777777777777,2.7777777777777777
45,1.2000000000000002,False,0,1.8876826722338202,True,2.880154888888887,4.510048891623211,5.664709800000037,-1.621202361405484,-1.7999999999999998,0.0,0.0,2.7777777777777777,2.7777777777777777,13.88888888888889,28.87996293153976,29.44444444444444,0.1643512826959812,-0.07999999999999963,-1.2000000000000002,-1.2000000000000002,2.7777777777777777,2.7777777777777777
45,1.3,False,0,1.7748349602211817,True,2.880154888888887,4.516375041760225,5.900707644444478,-1.2714136823846083,-1.8899999999999997,0.0,0.0,2.7777777777777777,2.7777777777777777,13.88888888888889,30.400924474587885,30.555555555555554,0.07284200264898821,-0.09000000000000008,-1.3,-1.3,2.7777777777777777,2.7777777777777777
45,1.4000000000000001,False,0,1.8876826722338202,True,2.880154888888887,4.510855237638947,5.60413522222228,-1.7886306789519528,-1.8999999999999986,0.0,0.0,2.7777777777777777,2.7777777777777777,13.88888888888889,31.42092675252452,31.666666666666668,0.23482302253778897,-0.08000000000000007,-1.4000000000000001,-1.4000000000000001,2.7777777777777777,2.7777777777777777
45,1.5,False,0,1.9978587298350312,True,2.880154888888887,4.228614379839425,5.601049666666708,-1.5721732102248605,-1.7999999999999998,0.0,0.0,2.7777777777777777,2.7777777777777777,13.88888888888889,31.33987270541314,32.77777777777778,-0.5532496968986305,-0.04999999999999982,-1.5,-1.5,2.7777777777777777,2.7777777777777777
45,1.6,False,0,1.8876826722338202,True,2.880154888888887,4.523685407762696,6.085307644444481,-0.9780245302675851,-1.879999999999999,0.0,0.0,2.7777777777777777,2.7777777777777777,13.88888888888889,33.52388299001296,32.77777777777778,-0.4160342735160507,-0.1599999999999997,-1.6,-1.6,2.7777777777777777,2.7777777777777777
45,1.7000000000000002,False,0,1.8876826722338202,True,2.880154888888887,4.286581387119935,5.211691955555591,-0.6888196032912302,-1.8300000000000005,0.0,0.0,2.7777777777777777,2.7777777777777777,13.88888888888889,33.138056693675985,33.888888888888886,1.709151567056074,-0.09999999999999964,-1.7000000000000002,-1.7000000000000002,2.7777777777777777,2.7777777777777777
46,0.0,False,0,4.0,True,13.88888888888889,-3.69381723426397,-3.999999999999953,1.748668626129653,1.6,0.0,0.0,2.7777777777777777,2.7777777777777777,,,,,,,,,
46,0.1,False,0,4.0,True,12.623888888888889,-3.2457574543649086,-3.9063388888889063,0.8523939380971512,1.1400000000000001,-0.1,-0.1,2.7777777777777777,2.7777777777777777,11.991388888888888,101.69642821615864,102.05018888888817,-1.146554547558133,-0.00999999999999579,-0.1,-0.1,2.7777777777777777,2.7777777777777777
46,0.2,False,0,2.5000000000000044,True,8.954506888888886,-3.177933469545013,-4.264951866666659,0.1428442264589025,0.6400000000000001,-0.2,-0.2,2.7777777777777777,2.7777777777777777,8.195212888888886,13.449335188856178,13.61258400000018,-0.18975722464579992,-0.019999999999997353,-0.2,-0.2,2.7777777777777777,2.7777777777777777
46,0.30000000000000004,False,0,1.852085886646315,True,2.880154888888887,4.518316085264712,5.746526666666665,-1.6392699649025078,-1.8899999999999975,0.0,0.0,2.7777777777777777,2.7777777777777777,3.639448888888887,6.887175593832137,6.498145000000005,0.2974368865442205,-0.020000000000001572,-0.30000000000000004,-0.30000000000000004,2.7777777777777777,2.7777777777777777
46,0.4,False,0,1.8763979010325567,True,2.880154888888887,4.331285667491199,5.623555800000045,-1.69748379520417,-1.880000000000006,0.0,0.0,2.7777777777777777,2.7777777777777777,5.917330888888887,12.176501983659275,11.03246355555557,0.6440580044633637,-6.661338147750939e-16,-0.4,-0.4,2.7777777777777777,2.7777777777777777
46,0.5,False,0,1.8763979010325567,True,2.880154888888887,4.348955094339357,5.632941822222262,-1.600805074669425,-1.85,0.0,0.0,2.7777777777777777,2.7777777777777777,7.435918888888886,13.676243456113436,13.62003544444445,-0.22163317380009406,0.0,-0.5,-0.5,2.7777777777777777,2.7777777777777777
46,0.6000000000000001,False,0,1.7635501890199174,True,2.880154888888887,4.547563890081062,5.611290022222232,-1.7523760305195966,-1.8599999999999959,0.0,0.0,2.7777777777777777,2.7777777777777777,11.991388888888888,16.286283346461598,16.442749999999993,0.19396469877001143,-0.019999999999999574,-0.6000000000000001,-0.6000000000000001,2.7777777777777777,2.7777777777777777
46,0.7000000000000001,False,0,1.8763979010325567,True,2.880154888888887,4.415641350873838,5.464873022222261,-1.6006143882577881,-1.899999999999999,0.0,0.0,2.7777777777777777,2.7777777777777777,13.50938888888889,21.311317083530707,20.495044444444442,-0.47407943464222546,-0.009999999999999343,-0.7000000000000001,-0.7000000000000001,2.7777777777777777,2.7777777777777777
46,0.8,False,0,1.8763979010325567,True,2.880154888888887,4.506278082132664,6.014295688888919,-1.77732346089905,-1.8799999999999994,0.0,0.0,2.7777777777777777,2.7777777777777777,13.88888888888889,23.882517999481983,23.77777777777777,0.2808884011300621,-2.220446049250313e-16,-0.8,-0.8,2.7777777777777777,2.7777777777777777
46,0.9,False,0,1.8763979010325567,True,2.880154888888887,3.821655294518618,5.276328800000042,-1.5094568698536062,-1.8900000000000028,0.0,0.0,2.7777777777777777,2.7777777777777777,13.88888888888889,26.620793366859345,25.999999999999993,0.5597278375519732,-0.02000000000000024,-0.9,-0.9,2.7777777777777777,2.7777777777777777
46,1.0,False,0,1.9871255460507251,True,2.880154888888887,4.4067446713090535,5.501879644444483,-1.807474697138441,-1.7999999999999998,0.0,0.0,2.7777777777777777,2.7777777777777777,13.88888888888889,28.31434236683611,28.22222222222221,-0.6961070337289059,0.0,-1.0,-1.0,2.7777777777777777,2.7777777777777777
46,1.1,False,0,1.9871255460507251,True,2.880154888888887,4.293682205522143,5.711754466666702,-1.388601972450103,-1.8799999999999981,0.0,0.0,2.7777777777777777,2.7777777777777777,13.88888888888889,28.50026671337527,29.333333333333325,-0.5521332359222804,-0.0499999999999996,-1.1,-1.1,2.7777777777777777,2.7777777777777777
46,1.2000000000000002,False,0,1.9871255460507251,True,2.880154888888887,4.387159363367926,5.748439888888922,-1.3773045608511425,-1.7999999999999998,0.0,0.0,2.7777777777777777,2.7777777777777777,13.88888888888889,29.824371211673732,30.44444444444444,0.8214681888332307,-0.07999999999999963,-1.2000000000000002,-1.2000000000000002,2.7777777777777777,2.7777777777777777
46,1.3,False,0,1.8763979010325567,True,2.880154888888887,4.547700053003578,5.649148333333426,-1.1979257432030987,-1.8899999999999997,0.0,0.0,2.7777777777777777,2.7777777777777777,13.88888888888889,31.53813236382337,31.555555555555554,-0.5425733332959022,-0.09000000000000008,-1.3,-1.3,2.7777777777777777,2.7777777777777777
46,1.4000000000000001,False,0,1.9871255460507251,True,2.880154888888887,4.294746902423552,5.676772422222325,-1.3280552895786453,-1.8999999999999986,0.0,0.0,2.7777777777777777,2.7777777777777777,13.88888888888889,31.69854991457262,32.66666666666667,0.3061809607602437,-0.08000000000000007,-1.4000000000000001,-1.4000000000000001,2.7777777777777777,2.7777777777777777
46,1.5,False,0,1.8763979010325567,True,2.880154888888887,4.537322489691644,5.857316288888922,-1.4147057546304744,-1.7999999999999998,0.0,0.0,2.7777777777777777,2.7777777777777777,13.88888888888889,33.515942505637355,33.77777777777778,0.32114524771736885,-0.04999999999999982,-1.5,-1.5,2.7777777777777777,2.7777777777777777
46,1.6,False,0,1.8763979010325567,True,2.880154888888887,4.495373115196014,5.742142911111157,-1.6978962958715431,-1.879999999999999,0.0,0.0,2.7777777777777777,2.7777777777777777,13.88888888888889,34.44713110597347,33.77777777777778,0.7007444048043965,-0.1599999999999997,-1.6,-1.6,2.7777777777777777,2.7777777777777777
46,1.7000000000000002,False,0,1.7635501890199174,True,2.880154888888887,4.468256430428792,5.603610866666696,-0.9897665520044384,-1.8300000000000005,0.0,0.0,2.7777777777777777,2.7777777777777777,13.88888888888889,35.65560903038081,34.888888888888886,-0.72973253817527,-0.09999999999999964,-1.7000000000000002,-1.7000000000000002,2.7777777777777777,2.7777777777777777
47,0.0,False,0,4.0,True,13.88888888888889,-3.5443169343737635,-4.111111111111067,2.140095666088867,1.6,0.0,0.0,2.7777777777777777,2.7777777777777777,,,,,,,,,
47,0.1,False,0,4.0,True,11.232388888888888,-3.7523662051628106,-4.288577777777806,1.8041835103242443,1.1300000000000003,-0.1,-0.1,2.7777777777777777,2.7777777777777777,10.473094888888888,83.10986543403452,83.51396668888854,0.39230940797715563,-0.00999999999999579,-0.1,-0.1,2.7777777777777777,2.7777777777777777
47,0.2,False,0,2.9000000000000026,True,2.880154888888887,1.0966700262778177,1.179147622222243,0.41536975582205216,0.5600000000000005,-0.2,-0.2,2.7777777777777777,2.7777777777777777,0.6022728888888867,7.572135527832001,7.26032359999999,-0.5000271495236377,-0.019999999999997353,-0.2,-0.2,2.7777777777777777,2.7777777777777777
47,0.30000000000000004,False,0,1.2333333333333305,True,2.880154888888887,3.488575180537926,4.484886266666675,0.6166185623851099,0.1599999999999988,-0.30000000000000004,-0.30000000000000004,2.7777777777777777,2.7777777777777777,2.120860888888887,4.397843077198201,4.8790364000000155,0.2696263550830329,-0.020000000000001572,-0.30000000000000004,-0.30000000000000004,2.7777777777777777,2.7777777777777777
47,0.4,False,0,1.6394177058060146,True,2.880154888888887,4.3555335615113195,5.490468200000021,-1.8929072645803038,-1.880000000000006,0.0,0.0,2.7777777777777777,2.7777777777777777,5.158036888888887,10.019039388485549,9.868784355555558,-0.48245139741969534,-6.661338147750939e-16,-0.4,-0.4,2.7777777777777777,2.7777777777777777
47,0.5,False,0,1.7522654178186532,True,2.880154888888887,4.488510314964398,6.134061822222248,-1.739391013968068,-1.85,0.0,0.0,2.7777777777777777,2.7777777777777777,8.954506888888886,13.65552496093682,13.405370844444437,-0.01184824031971532,0.0,-0.5,-0.5,2.7777777777777777,2.7777777777777777
47,0.6000000000000001,False,0,1.7522654178186532,True,2.880154888888887,3.9838020554231095,5.936131577777798,-0.9511877914269301,-1.8599999999999959,0.0,0.0,2.7777777777777777,2.7777777777777777,12.623888888888889,17.5312170291398,17.25299999999999,-1.3767553892623206,-0.019999999999999574,-0.6000000000000001,-0.6000000000000001,2.7777777777777777,2.7777777777777777
47,0.7000000000000001,False,0,1.7522654178186532,True,2.880154888888887,4.5207364279447235,5.85337820000002,-1.205208253806375,-1.899999999999999,0.0,0.0,2.7777777777777777,2.7777777777777777,13.88888888888889,20.177898364610083,21.44444444444444,0.13915739637969127,-0.009999999999999343,-0.7000000000000001,-0.7000000000000001,2.7777777777777777,2.7777777777777777
47,0.8,False,0,1.8651131298312924,True,2.880154888888887,4.115424976517372,5.4604044444444755,-1.8465760689849895,-1.8799999999999994,0.0,0.0,2.7777777777777777,2.7777777777777777,13.88888888888889,24.749151497597374,24.77777777777777,1.052169668157878,-2.220446049250313e-16,-0.8,-0.8,2.7777777777777777,2.7777777777777777
47,0.9,False,0,1.8651131298312924,True,2.880154888888887,4.463777018462236,5.457842400000058,-1.5985526059567223,-1.8900000000000028,0.0,0.0,2.7777777777777777,2.7777777777777777,13.88888888888889,27.625587355568925,26.999999999999993,-1.1183416970550817,-0.02000000000000024,-0.9,-0.9,2.7777777777777777,2.7777777777777777
47,1.0,False,0,1.9763923622664188,True,2.880154888888887,4.142525505392581,6.031478911111148,-1.868594075233457,-1.7999999999999998,0.0,0.0,2.7777777777777777,2.7777777777777777,13.88888888888889,29.47923336272768,29.22222222222221,-0.3527262448223587,0.0,-1.0,-1.0,2.7777777777777777,2.7777777777777777
47,1.1,False,0,1.8651131298312924,True,2.880154888888887,4.477788624289755,5.546571555555571,-0.9784179953678445,-1.8799999999999981,0.0,0.0,2.7777777777777777,2.7777777777777777,13.88888888888889,30.06310223391677,30.333333333333325,0.18461431555599717,-0.0499999999999996,-1.1,-1.1,2.7777777777777777,2.7777777777777777
47,1.2000000000000002,False,0,1.8651131298312924,True,2.880154888888887,4.413057805768671,5.748767222222253,-1.689834067802262,-1.7999999999999998,0.0,0.0,2.7777777777777777,2.7777777777777777,13.88888888888889,31.91120446866412,31.44444444444444,0.9525798916601085,-0.07999999999999963,-1.2000000000000002,-1.2000000000000002,2.7777777777777777,2.7777777777777777
47,1.3,False,0,1.8651131298312924,True,2.880154888888887,4.477142503345502,5.844316866666699,-1.298464593287104,-1.8899999999999997,0.0,0.0,2.7777777777777777,2.7777777777777777,13.88888888888889,32.812593579977595,32.55555555555556,1.4766459848026838,-0.09000000000000008,-1.3,-1.3,2.7777777777777777,2.7777777777777777
47,1.4000000000000001,False,0,1.8651131298312924,True,2.880154888888887,4.447117426949103,5.599466977777792,-1.80472232919685,-1.8999999999999986,0.0,0.0,2.7777777777777777,2.7777777777777777,13.88888888888889,34.40412801572165,33.66666666666667,-0.01914998134552226,-0.08000000000000007,-1.4000000000000001,-1.4000000000000001,2.7777777777777777,2.7777777777777777
47,1.5,False,0,1.8651131298312924,True,2.880154888888887,4.401804191657004,5.29148046666671,-1.5150869080857157,-1.7999999999999998,0.0,0.0,2.7777777777777777,2.7777777777777777,13.88888888888889,34.32389875845663,34.77777777777778,0.5130354995456732,-0.04999999999999982,-1.5,-1.5,2.7777777777777777,2.7777777777777777
47,1.6,False,0,1.9763923622664188,True,2.880154888888887,4.448014059963055,5.585285044444501,-1.7135589350625668,-1.879999999999999,0.0,0.0,2.7777777777777777,2.7777777777777777,13.88888888888889,34.46865998093049,34.77777777777778,0.39763904839385633,-0.1599999999999997,-1.6,-1.6,2.7777777777777777,2.7777777777777777
47,1.7000000000000002,False,0,1.9763923622664181,True,2.880154888888887,4.496171330897181,5.844641555555595,-1.4358306387523072,-1.8300000000000005,0.0,0.0,2.7777777777777777,2.7777777777777777,13.88888888888889,36.75613626786684,35.888888888888886,-0.177533231045498,-0.09999999999999964,-1.7000000000000002,-1.7000000000000002,2.7777777777777777,2.7777777777777777
48,0.0,False,0,4.0,True,13.88888888888889,-4.264417160449912,-4.222222222222174,2.815726546897699,1.6,0.0,0.0,2.7777777777777777,2.7777777777777777,,,,,,,,,
48,0.1,False,0,4.0,True,11.232388888888888,-3.982820632450557,-4.25808333333332,1.4553836264775204,1.12,-0.1,-0.1,2.7777777777777777,2.7777777777777777,10.473094888888888,83.76921807486993,82.69109608888856,-0.7404468446584778,-0.00999999999999579,-0.1,-0.1,2.7777777777777777,2.7777777777777777
48,0.2,False,0,2.5000000000000044,True,2.880154888888887,0.21343702486165217,-0.13174219999997216,0.5202519491474931,0.5200000000000009,-0.2,-0.2,2.7777777777777777,2.7777777777777777,0.0,7.281765244312926,6.959787733333333,-0.7382669938559081,-0.019999999999997353,-0.2,-0.2,2.7777777777777777,2.7777777777777777
48,0.30000000000000004,False,0,1.4333333333333307,True,2.880154888888887,3.837290752865653,5.147718555555568,-1.2012004373445282,-0.6800000000000033,-0.30000000000000004,-0.30000000000000004,2.7777777777777777,2.7777777777777777,2.880154888888887,6.195029816082422,5.372948200000022,0.5955925656248557,-0.020000000000001572,-0.30000000000000004,-0.30000000000000004,2.7777777777777777,2.7777777777777777
48,0.4,False,0,1.5152852225921116,True,2.880154888888887,4.23994304382104,5.680194933333351,-1.0675846420555248,-1.8799999999999941,-0.4,-0.4,2.7777777777777777,2.7777777777777777,5.158036888888887,10.028413642467026,9.122613955555561,-0.08296074406380782,-6.661338147750939e-16,-0.4,-0.4,2.7777777777777777,2.7777777777777777
48,0.5,False,0,1.8538283586300282,True,2.880154888888887,4.266855114512819,5.838993111111148,-0.812770872293638,-1.85,0.0,0.0,2.7777777777777777,2.7777777777777777,8.954506888888886,14.509016040190321,14.405370844444437,-1.241815218665965,0.0,-0.5,-0.5,2.7777777777777777,2.7777777777777777
48,0.6000000000000001,False,0,1.9656591784821125,True,2.880154888888887,4.300984911504327,5.405923688888916,-1.0275781707272236,-1.8599999999999959,0.0,0.0,2.7777777777777777,2.7777777777777777,11.991388888888888,19.224851103639853,18.442749999999993,0.23732158697390426,-0.019999999999999574,-0.6000000000000001,-0.6000000000000001,2.7777777777777777,2.7777777777777777
48,0.7000000000000001,False,0,1.8538283586300282,True,2.880154888888887,4.342232098722744,5.606087800000023,-1.7208204750932212,-1.899999999999999,0.0,0.0,2.7777777777777777,2.7777777777777777,13.88888888888889,23.431145397775094,22.44444444444444,-0.5461076596130132,-0.009999999999999343,-0.7000000000000001,-0.7000000000000001,2.7777777777777777,2.7777777777777777
48,0.8,False,0,1.8538283586300282,True,2.880154888888887,4.440500038990774,6.352585533333365,-1.0090807965390765,-1.8799999999999994,0.0,0.0,2.7777777777777777,2.7777777777777777,13.88888888888889,25.852455905895006,25.77777777777777,0.11991351292324959,-2.220446049250313e-16,-0.8,-0.8,2.7777777777777777,2.7777777777777777
48,0.9,False,0,1.7409806466173896,True,2.880154888888887,4.4839292250993426,5.290100933333361,-1.3095657181810103,-1.8900000000000028,0.0,0.0,2.7777777777777777,2.7777777777777777,13.88888888888889,28.428057123520926,27.999999999999996,-1.4793909168270223,-0.02000000000000024,-0.9,-0.9,2.7777777777777777,2.7777777777777777
48,1.0,False,0,1.8538283586300282,True,2.880154888888887,4.522894387602119,6.291159266666694,-1.5962357076540608,-1.7999999999999998,0.0,0.0,2.7777777777777777,2.7777777777777777,13.88888888888889,30.875087424712344,30.22222222222221,0.31055409128194134,0.0,-1.0,-1.0,2.7777777777777777,2.7777777777777777
48,1.1,False,0,1.9656591784821125,True,2.880154888888887,4.394956835043527,5.516831644444477,-1.5987668480785413,-1.8799999999999981,0.0,0.0,2.7777777777777777,2.7777777777777777,13.88888888888889,31.15645866707084,31.333333333333325,0.21093595379161645,-0.0499999999999996,-1.1,-1.1,2.7777777777777777,2.7777777777777777
48,1.2000000000000002,False,0,1.9656591784821125,True,2.880154888888887,4.541318118730172,5.970701177777809,-1.3526862662917352,-1.7999999999999998,0.0,0.0,2.7777777777777777,2.7777777777777777,13.88888888888889,32.21655849230632,32.44444444444444,0.8175705304939487,-0.07999999999999963,-1.2000000000000002,-1.2000000000000002,2.7777777777777777,2.7777777777777777
48,1.3,False,0,1.9656591784821125,True,2.880154888888887,3.987797431016813,5.663573333333358,-1.812842920234116,-1.8899999999999997,0.0,0.0,2.7777777777777777,2.7777777777777777,13.88888888888889,33.54862042940614,33.55555555555556,-1.1741715108186248,-0.09000000000000008,-1.3,-1.3,2.7777777777777777,2.7777777777777777
48,1.4000000000000001,False,0,1.9656591784821125,True,2.880154888888887,4.242692730905671,5.738647555555599,-1.2200265123457164,-1.8999999999999986,0.0,0.0,2.7777777777777777,2.7777777777777777,13.88888888888889,34.8421540279347,34.66666666666667,1.1602696736516056,-0.08000000000000007,-1.4000000000000001,-1.4000000000000001,2.7777777777777777,2.7777777777777777
48,1.5,False,0,1.8538283586300282,True,2.880154888888887,4.539169506788721,6.421690955555573,-0.9490679209289739,-1.7999999999999998,0.0,0.0,2.7777777777777777,2.7777777777777777,13.88888888888889,35.674290086954095,35.77777777777778,-0.9143077080197587,-0.04999999999999982,-1.5,-1.5,2.7777777777777777,2.7777777777777777
48,1.6,False,0,1.8538283586300282,True,2.880154888888887,4.392614696630045,5.716140577777847,-1.8612864765110517,-1.879999999999999,0.0,0.0,2.7777777777777777,2.7777777777777777,13.88888888888889,35.49999261035971,35.77777777777778,-0.1571701675048398,-0.1599999999999997,-1.6,-1.6,2.7777777777777777,2.7777777777777777
48,1.7000000000000002,False,0,1.8538283586300282,True,2.880154888888887,4.337570183599934,5.829610577777811,-1.518343773983092,-1.8300000000000005,0.0,0.0,2.7777777777777777,2.7777777777777777,13.88888888888889,38.45831443133732,36.888888888888886,0.3981347598662883,-0.09999999999999964,-1.7000000000000002,-1.7000000000000002,2.7777777777777777,2.7777777777777777
49,0.0,False,0,4.0,True,13.88888888888889,-3.3622614921052216,-4.266666666666711,1.9396087227718137,1.6,0.0,0.0,2.7777777777777777,2.7777777777777777,,,,,,,,,
49,0.1,False,0,4.0,True,13.50938888888889,-3.894227010175757,-4.244783333333291,0.8982584595813501,1.12,-0.1,-0.1,2.7777777777777777,2.7777777777777777,13.129888888888889,113.18355563251832,112.62363888888969,0.5195538685695,-0.00999999999999579,-0.1,-0.1,2.7777777777777777,2.7777777777777777
49,0.2,False,0,2.200000000000004,True,2.880154888888887,-0.8546351045999243,-0.8272244000000084,-0.2057206021217306,0.5200000000000009,-0.2,-0.2,2.7777777777777777,2.7777777777777777,0.0,6.62304547975516,6.128148844444408,0.19764895099230806,-0.019999999999997353,-0.2,-0.2,2.7777777777777777,2.7777777777777777
49,0.30000000000000004,False,0,1.0333333333333303,True,2.880154888888887,3.10550577848466,3.273345955555574,-0.20528711412197986,0.12999999999999856,-0.30000000000000004,-0.30000000000000004,2.7777777777777777,2.7777777777777777,1.3615668888888868,3.418069093444882,3.9055220000000164,-0.6353167410654761,-0.020000000000001572,-0.30000000000000004,-0.30000000000000004,2.7777777777777777,2.7777777777777777
49,0.4,False,0,1.8425435874287648,True,2.880154888888887,4.507003005145816,5.574319822222233,-1.5282907051322112,-1.880000000000006,0.0,0.0,2.7777777777777777,2.7777777777777777,5.917330888888887,11.951458520238656,11.41320795555556,-0.6591649999283951,-6.661338147750939e-16,-0.4,-0.4,2.7777777777777777,2.7777777777777777
49,0.5,False,0,1.9549259946978064,True,2.880154888888887,4.52847808248296,5.948319222222264,-1.8020551573264307,-1.85,0.0,0.0,2.7777777777777777,2.7777777777777777,8.954506888888886,14.612955160798368,15.405370844444437,-0.7565039312015818,0.0,-0.5,-0.5,2.7777777777777777,2.7777777777777777
49,0.6000000000000001,False,0,1.8425435874287648,True,2.880154888888887,3.6557294606817807,5.818318022222255,-1.726139167834619,-1.8599999999999959,0.0,0.0,2.7777777777777777,2.7777777777777777,13.129888888888889,19.92809307910903,19.12649999999999,0.18650999126342338,-0.019999999999999574,-0.6000000000000001,-0.6000000000000001,2.7777777777777777,2.7777777777777777
49,0.7000000000000001,False,0,1.8425435874287648,True,2.880154888888887,4.2481452115524805,5.384068733333362,-1.836120828730705,-1.899999999999999,0.0,0.0,2.7777777777777777,2.7777777777777777,13.88888888888889,25.28422987940827,23.44444444444444,0.15823801811518523,-0.009999999999999343,-0.7000000000000001,-0.7000000000000001,2.7777777777777777,2.7777777777777777
49,0.8,False,0,1.9549259946978064,True,2.880154888888887,4.464079132962735,5.610474755555583,-1.7809027301535738,-1.8799999999999994,0.0,0.0,2.7777777777777777,2.7777777777777777,13.88888888888889,27.446251770844817,26.77777777777777,0.12518559519809758,-2.220446049250313e-16,-0.8,-0.8,2.7777777777777777,2.7777777777777777
49,0.9,False,0,1.8425435874287648,True,2.880154888888887,4.438736276647231,5.538486088888928,-1.5963698387000234,-1.8900000000000028,0.0,0.0,2.7777777777777777,2.7777777777777777,13.88888888888889,28.815647209935573,28.999999999999996,0.08850539121273338,-0.02000000000000024,-0.9,-0.9,2.7777777777777777,2.7777777777777777
49,1.0,False,0,1.8425435874287648,True,2.880154888888887,3.8956451613762626,5.704848022222248,-1.4449828064768793,-1.7999999999999998,0.0,0.0,2.7777777777777777,2.7777777777777777,13.88888888888889,31.04818495137007,31.22222222222221,0.19573780496256443,0.0,-1.0,-1.0,2.7777777777777777,2.7777777777777777
49,1.1,False,0,1.8425435874287648,True,2.880154888888887,4.060086418604624,5.602474400000003,-0.6484728827196202,-1.8799999999999981,0.0,0.0,2.7777777777777777,2.7777777777777777,13.88888888888889,32.33326827887305,32.33333333333333,-0.02622188257887914,-0.0499999999999996,-1.1,-1.1,2.7777777777777777,2.7777777777777777
49,1.2000000000000002,False,0,1.9549259946978064,True,2.880154888888887,4.309801687991961,5.927843800000017,-0.2037969959396615,-1.7999999999999998,0.0,0.0,2.7777777777777777,2.7777777777777777,13.88888888888889,32.82349296443819,33.44444444444444,0.2774639349401302,-0.07999999999999963,-1.2000000000000002,-1.2000000000000002,2.7777777777777777,2.7777777777777777
49,1.3,False,0,1.9549259946978064,True,2.880154888888887,4.337524309193012,5.747830422222248,-1.7370438071045557,-1.8899999999999997,0.0,0.0,2.7777777777777777,2.7777777777777777,13.88888888888889,34.285371862642215,34.55555555555556,0.45246198373098556,-0.09000000000000008,-1.3,-1.3,2.7777777777777777,2.7777777777777777
49,1.4000000000000001,False,0,1.9549259946978064,True,2.880154888888887,4.393176909553515,5.545634755555594,-0.0014267135226428973,-1.8999999999999986,0.0,0.0,2.7777777777777777,2.7777777777777777,13.88888888888889,36.1660301968591,35.66666666666667,0.16903322610626992,-0.08000000000000007,-1.4000000000000001,-1.4000000000000001,2.7777777777777777,2.7777777777777777
49,1.5,False,0,1.9549259946978064,True,2.880154888888887,4.230724391423917,6.263981400000032,-0.9572525921085933,-1.7999999999999998,0.0,0.0,2.7777777777777777,2.7777777777777777,13.88888888888889,38.46821324252879,36.77777777777778,0.14867877682610153,-0.04999999999999982,-1.5,-1.5,2.7777777777777777,2.7777777777777777
49,1.6,False,0,1.8425435874287648,True,2.880154888888887,4.477304456302758,5.504362711111111,-1.4628648813946052,-1.879999999999999,0.0,0.0,2.7777777777777777,2.7777777777777777,13.88888888888889,38.18306118925352,36.77777777777778,-1.5670050522901176,-0.1599999999999997,-1.6,-1.6,2.7777777777777777,2.7777777777777777
49,1.7000000000000002,False,0,1.8425435874287641,True,2.880154888888887,4.0902974225529904,5.435253800000194,-1.6716915334757272,-1.8300000000000005,0.0,0.0,2.7777777777777777,2.7777777777777777,13.88888888888889,36.977840270911386,37.888888888888886,-0.22802755861453883,-0.09999999999999964,-1.7000000000000002,-1.7000000000000002,2.7777777777777777,2.7777777777777777
50,0.0,False,0,4.0,True,13.88888888888889,-4.229553307207669,-4.155555555555611,2.031133509260447,1.6,0.0,0.0,2.7777777777777777,2.7777777777777777,,,,,,,,,
50,0.1,False,0,4.0,True,13.129888888888889,-3.9151829923010295,-4.178794444444438,1.7603836173335332,1.1100000000000003,-0.1,-0.1,2.7777777777777777,2.7777777777777777,13.129888888888889,110.6709454078211,111.52243888888971,0.8319993831390193,-0.00999999999999579,-0.1,-0.1,2.7777777777777777,2.7777777777777777
50,0.2,False,0,1.2000000000000077,True,2.880154888888887,-2.2426560337316515,-2.5127602444444532,0.12274378252281748,0.44000000000000083,-0.2,-0.2,2.7777777777777777,2.7777777777777777,0.0,3.963353082676389,3.467658577777738,0.7198270178201107,-0.019999999999997353,-0.2,-0.2,2.7777777777777777,2.7777777777777777
50,0.30000000000000004,False,0,1.9773593891651766,True,2.880154888888887,4.215868763108614,5.477946311111137,-1.5593647040049037,-1.8899999999999975,0.0,0.0,2.7777777777777777,2.7777777777777777,4.398742888888887,7.518640000740963,7.739621800000013,-1.3309455661186194,-0.020000000000001572,-0.30000000000000004,-0.30000000000000004,2.7777777777777777,2.7777777777777777
50,0.4,False,0,1.8312588162275012,True,2.880154888888887,4.275203701011148,5.62615691111115,-1.755681032383935,-1.880000000000006,0.0,0.0,2.7777777777777777,2.7777777777777777,5.917330888888887,12.089522137279207,11.69198155555556,0.1746656122069954,-6.661338147750939e-16,-0.4,-0.4,2.7777777777777777,2.7777777777777777
50,0.5,False,0,1.9441065282401397,True,2.880154888888887,3.6204271273004425,5.885834622222245,-1.3786620116029542,-1.85,0.0,0.0,2.7777777777777777,2.7777777777777777,9.713800888888887,16.45229897336878,15.911932644444438,-0.20162044946928925,0.0,-0.5,-0.5,2.7777777777777777,2.7777777777777777
50,0.6000000000000001,False,0,1.8312588162275012,True,2.880154888888887,4.521185705685409,6.113301622222264,-1.545047525775039,-1.8599999999999959,0.0,0.0,2.7777777777777777,2.7777777777777777,13.50938888888889,20.308709368316055,20.050599999999992,0.10166229634952151,-0.019999999999999574,-0.6000000000000001,-0.6000000000000001,2.7777777777777777,2.7777777777777777
50,0.7000000000000001,False,0,1.8312588162275012,True,2.880154888888887,4.155232066651121,5.921343666666698,-1.024491883313647,-1.899999999999999,0.0,0.0,2.7777777777777777,2.7777777777777777,13.88888888888889,24.659918462093383,24.44444444444444,-0.9661914938409149,-0.009999999999999343,-0.7000000000000001,-0.7000000000000001,2.7777777777777777,2.7777777777777777
50,0.8,False,0,1.8312588162275012,True,2.880154888888887,4.44113411313455,5.597147155555786,-1.329944016267662,-1.8799999999999994,0.0,0.0,2.7777777777777777,2.7777777777777777,13.88888888888889,27.88778876941893,27.777777777777768,-0.7091049182019873,-2.220446049250313e-16,-0.8,-0.8,2.7777777777777777,2.7777777777777777
50,0.9,False,0,1.8312588162275012,True,2.880154888888887,4.476892367424836,5.526338355555592,-1.2494919179518278,-1.8900000000000028,0.0,0.0,2.7777777777777777,2.7777777777777777,13.88888888888889,28.997234082283963,29.999999999999996,-0.8876824287875187,-0.02000000000000024,-0.9,-0.9,2.7777777777777777,2.7777777777777777
50,1.0,False,0,1.9441065282401397,True,2.880154888888887,4.419135396587234,5.820998111111135,-1.5033828691319617,-1.7999999999999998,0.0,0.0,2.7777777777777777,2.7777777777777777,13.88888888888889,31.88503674274531,32.222222222222214,-1.353685553324868,0.0,-1.0,-1.0,2.7777777777777777,2.7777777777777777
50,1.1,False,0,1.8312588162275012,True,2.880154888888887,4.545194752259147,5.650897755555602,-1.4591317390614578,-1.8799999999999981,0.0,0.0,2.7777777777777777,2.7777777777777777,13.88888888888889,34.147039856507206,33.33333333333333,-0.13207644171334332,-0.0499999999999996,-1.1,-1.1,2.7777777777777777,2.7777777777777777
50,1.2000000000000002,False,0,1.9441065282401397,True,2.880154888888887,4.49467442796026,5.801374377777816,-1.8559829955661582,-1.7999999999999998,0.0,0.0,2.7777777777777777,2.7777777777777777,13.88888888888889,34.335502498367205,34.44444444444444,0.290035717708895,-0.07999999999999963,-1.2000000000000002,-1.2000000000000002,2.7777777777777777,2.7777777777777777
50,1.3,False,0,1.8312588162275012,True,2.880154888888887,4.5449864323283835,5.5237798000000256,-1.470728667787508,-1.8899999999999997,0.0,0.0,2.7777777777777777,2.7777777777777777,13.88888888888889,35.93331680776176,35.55555555555556,-1.6020632182905028,-0.09000000000000008,-1.3,-1.3,2.7777777777777777,2.7777777777777777
50,1.4000000000000001,False,0,1.8312588162275012,True,2.880154888888887,4.165794576192778,5.358269555555592,-0.6703162321790221,-1.8999999999999986,0.0,0.0,2.7777777777777777,2.7777777777777777,13.88888888888889,37.320125376323745,36.66666666666667,-0.7680942103431869,-0.08000000000000007,-1.4000000000000001,-1.4000000000000001,2.7777777777777777,2.7777777777777777
50,1.5,False,0,1.8312588162275012,True,2.880154888888887,4.542814771850996,5.364241844444476,-1.5435327841961495,-1.7999999999999998,0.0,0.0,2.7777777777777777,2.7777777777777777,13.88888888888889,37.882663646316004,37.77777777777778,0.2431761626499318,-0.04999999999999982,-1.5,-1.5,2.7777777777777777,2.7777777777777777
50,1.6,False,0,1.9441065282401397,True,2.880154888888887,4.40152463222243,6.016366311111139,-1.8652132507549344,-1.879999999999999,0.0,0.0,2.7777777777777777,2.7777777777777777,13.88888888888889,37.57109006592291,37.77777777777778,-0.21041074024901119,-0.1599999999999997,-1.6,-1.6,2.7777777777777777,2.7777777777777777
50,1.7000000000000002,False,0,1.8312588162275005,True,2.880154888888887,4.3866558340297646,5.723416911111113,-0.8921205255121749,-1.8300000000000005,0.0,0.0,2.7777777777777777,2.7777777777777777,13.88888888888889,39.87304638850526,38.888888888888886,-0.4477626132750252,-0.09999999999999964,-1.7000000000000002,-1.7000000000000002,2.7777777777777777,2.7777777777777777
51,0.0,False,0,4.0,True,13.88888888888889,-4.257795019675828,-4.044444444444497,2.4991257229567636,1.6,0.0,0.0,2.7777777777777777,2.7777777777777777,,,,,,,,,
51,0.1,False,0,4.0,True,13.76238888888889,-3.9934087912460994,-4.095044444444485,1.344446361656889,1.1,-0.1,-0.1,2.7777777777777777,2.7777777777777777,13.76238888888889,118.11707123596254,117.83413888888832,0.13815270524018208,-0.00999999999999579,-0.1,-0.1,2.7777777777777777,2.7777777777777777
51,0.2,False,0,3.600000000000001,True,2.880154888888887,4.286406814245166,6.136662933333366,0.7015339955135231,-0.13999999999999702,-0.2,-0.2,2.7777777777777777,2.7777777777777777,2.880154888888887,5.460489203176093,6.198089200000024,0.04127342574270387,-0.019999999999997353,-0.2,-0.2,2.7777777777777777,2.7777777777777777
51,0.30000000000000004,False,0,1.1419180615587237,True,2.880154888888887,3.582423828846129,4.845393644444454,-0.6484888720661264,0.09999999999999876,-0.30000000000000004,-0.30000000000000004,2.7777777777777777,2.7777777777777777,2.120860888888887,5.807632298138711,5.108160400000014,-0.6617322870454765,-0.020000000000001572,-0.30000000000000004,-0.30000000000000004,2.7777777777777777,2.7777777777777777
51,0.4,False,0,1.819974045026237,True,2.880154888888887,4.486316783196696,5.512487244444441,-1.6879476893285068,-1.880000000000006,0.0,0.0,2.7777777777777777,2.7777777777777777,6.676624888888886,11.876413349530775,11.818896355555562,-0.7916194328827899,-6.661338147750939e-16,-0.4,-0.4,2.7777777777777777,2.7777777777777777
51,0.5,False,0,1.9328217570388764,True,2.880154888888887,3.8930202969137726,5.663815555555584,-1.566993701553393,-1.85,0.0,0.0,2.7777777777777777,2.7777777777777777,10.473094888888888,17.594946725954838,16.494423844444437,-0.5286060911328891,0.0,-0.5,-0.5,2.7777777777777777,2.7777777777777777
51,0.6000000000000001,False,0,1.819974045026237,True,2.880154888888887,4.403227905584257,5.840090511111154,-1.2439899689282665,-1.8599999999999959,0.0,0.0,2.7777777777777777,2.7777777777777777,13.76238888888889,20.638080988707717,21.012649999999997,-0.02357646502967814,-0.019999999999999574,-0.6000000000000001,-0.6000000000000001,2.7777777777777777,2.7777777777777777
51,0.7000000000000001,False,0,1.819974045026237,True,2.880154888888887,4.294573820086481,5.918581955555564,-1.4023561633637098,-1.899999999999999,0.0,0.0,2.7777777777777777,2.7777777777777777,13.88888888888889,25.31494674319079,25.44444444444444,0.058801854453818025,-0.009999999999999343,-0.7000000000000001,-0.7000000000000001,2.7777777777777777,2.7777777777777777
51,0.8,False,0,1.819974045026237,True,2.880154888888887,4.398017180988828,5.713827733333358,-1.7379636042651685,-1.8799999999999994,0.0,0.0,2.7777777777777777,2.7777777777777777,13.88888888888889,27.21710836177766,28.777777777777768,0.22116074410607967,-2.220446049250313e-16,-0.8,-0.8,2.7777777777777777,2.7777777777777777
51,0.9,False,0,1.9328217570388764,True,2.880154888888887,4.543332937135429,5.308057711111087,-0.9241891041446426,-1.8900000000000028,0.0,0.0,2.7777777777777777,2.7777777777777777,13.88888888888889,31.49797148643209,30.999999999999996,0.740741141272371,-0.02000000000000024,-0.9,-0.9,2.7777777777777777,2.7777777777777777
51,1.0,False,0,1.9328217570388764,True,2.880154888888887,3.8724435299405657,5.504277600000006,-0.6641000666408059,-1.7999999999999998,0.0,0.0,2.7777777777777777,2.7777777777777777,13.88888888888889,32.73617741845007,33.222222222222214,0.041818006287644316,0.0,-1.0,-1.0,2.7777777777777777,2.7777777777777777
51,1.1,False,0,1.9328217570388764,True,2.880154888888887,4.3761096281346825,5.958150622222232,-1.7101481070683053,-1.8799999999999981,0.0,0.0,2.7777777777777777,2.7777777777777777,13.88888888888889,34.33989629268256,34.33333333333333,-0.07952609600221527,-0.0499999999999996,-1.1,-1.1,2.7777777777777777,2.7777777777777777
51,1.2000000000000002,False,0,1.9328217570388764,True,2.880154888888887,4.340212119912079,5.508543022222253,-1.1894568985987797,-1.7999999999999998,0.0,0.0,2.7777777777777777,2.7777777777777777,13.88888888888889,36.89261517806791,35.44444444444444,-0.8138101783872593,-0.07999999999999963,-1.2000000000000002,-1.2000000000000002,2.7777777777777777,2.7777777777777777
51,1.3,False,0,1.819974045026237,True,2.880154888888887,4.230841764060611,5.4408232666666665,-0.9958391338066039,-1.8899999999999997,0.0,0.0,2.7777777777777777,2.7777777777777777,13.88888888888889,35.88668260416433,36.55555555555556,0.9750488808876638,-0.09000000000000008,-1.3,-1.3,2.7777777777777777,2.7777777777777777
51,1.4000000000000001,False,0,1.9328217570388764,True,2.880154888888887,4.336155719689001,5.702207844444456,-1.1887162893200045,-1.8999999999999986,0.0,0.0,2.7777777777777777,2.7777777777777777,13.88888888888889,38.19377079087879,37.66666666666667,0.8082025317168302,-0.08000000000000007,-1.4000000000000001,-1.4000000000000001,2.7777777777777777,2.7777777777777777
51,1.5,False,0,1.9328217570388764,True,2.880154888888887,4.434034253201614,6.148398222222252,-1.7878460821955293,-1.7999999999999998,0.0,0.0,2.7777777777777777,2.7777777777777777,13.88888888888889,38.91986382592696,38.77777777777778,-0.01914467634575745,-0.04999999999999982,-1.5,-1.5,2.7777777777777777,2.7777777777777777
51,1.6,False,0,1.9328217570388764,True,2.880154888888887,4.467906497435561,5.944499177777812,-0.7821989523266941,-1.879999999999999,0.0,0.0,2.7777777777777777,2.7777777777777777,13.88888888888889,38.53514053442095,38.77777777777778,0.2553020949895104,-0.1599999999999997,-1.6,-1.6,2.7777777777777777,2.7777777777777777
51,1.7000000000000002,False,0,1.9328217570388755,True,2.880154888888887,4.310024687024307,5.5836207333333165,-1.1482057476236402,-1.8300000000000005,0.0,0.0,2.7777777777777777,2.7777777777777777,13.88888888888889,39.601480081647544,39.888888888888886,-0.35908924402632736,-0.09999999999999964,-1.7000000000000002,-1.7000000000000002,2.7777777777777777,2.7777777777777777
52,0.0,False,0,4.0,True,13.88888888888889,-3.550551585250548,-3.9333333333333966,2.0038818363040862,1.6,0.0,0.0,2.7777777777777777,2.7777777777777777,,,,,,,,,
52,0.1,False,0,4.0,True,13.50938888888889,-4.007309732087026,-4.034533333333374,1.5114895550761318,1.0900000000000003,-0.1,-0.1,2.7777777777777777,2.7777777777777777,13.129888888888889,110.33095662895907,109.87663888888967,0.23319967615590143,-0.00999999999999579,-0.1,-0.1,2.7777777777777777,2.7777777777777777
52,0.2,False,0,2.9000000000000026,True,2.880154888888887,3.992331432357301,4.068333711111134,0.987324735897015,0.5400000000000005,-0.2,-0.2,2.7777777777777777,2.7777777777777777,1.3615668888888868,7.7211245556216825,7.881865400000007,-0.13536408777940045,-0.019999999999997353,-0.2,-0.2,2.7777777777777777,2.7777777777777777
52,0.30000000000000004,False,0,1.3501430150303249,True,2.880154888888887,4.309862478602523,5.772903888888917,-1.6992313243638293,-1.6700000000000044,-0.30000000000000004,-0.30000000000000004,2.7777777777777777,2.7777777777777777,2.880154888888887,6.091040737914615,6.33597800000003,-0.2902172044085203,-0.020000000000001572,-0.30000000000000004,-0.30000000000000004,2.7777777777777777,2.7777777777777777
52,0.4,False,0,1.9215369858376121,True,2.880154888888887,4.553941606814516,5.800968066666653,-1.7373190220783006,-1.880000000000006,0.0,0.0,2.7777777777777777,2.7777777777777777,6.676624888888886,12.589697758851027,12.818896355555562,0.7038206585695015,-6.661338147750939e-16,-0.4,-0.4,2.7777777777777777,2.7777777777777777
52,0.5,False,0,1.808689273824973,True,2.880154888888887,3.956810297165018,5.583092888888911,-0.7414250909673503,-1.85,0.0,0.0,2.7777777777777777,2.7777777777777777,11.991388888888888,16.91116978506839,16.887194444444443,-0.9620389411562533,0.0,-0.5,-0.5,2.7777777777777777,2.7777777777777777
52,0.6000000000000001,False,0,1.9215369858376121,True,2.880154888888887,4.4705379654615,6.146491688888855,-1.7698494586641824,-1.8599999999999959,0.0,0.0,2.7777777777777777,2.7777777777777777,13.76238888888889,22.107026786716307,22.012649999999997,0.7346927958227716,-0.019999999999999574,-0.6000000000000001,-0.6000000000000001,2.7777777777777777,2.7777777777777777
52,0.7000000000000001,False,0,1.9215369858376121,True,2.880154888888887,4.263258595936276,5.736131555555528,-1.5977494782575907,-1.899999999999999,0.0,0.0,2.7777777777777777,2.7777777777777777,13.88888888888889,26.730299721921728,26.44444444444444,-0.8684552445801397,-0.009999999999999343,-0.7000000000000001,-0.7000000000000001,2.7777777777777777,2.7777777777777777
52,0.8,False,0,1.9215369858376121,True,2.880154888888887,4.520454901819574,6.001456866666669,-1.5990412853961047,-1.8799999999999994,0.0,0.0,2.7777777777777777,2.7777777777777777,13.88888888888889,28.807836333414098,29.777777777777768,0.3017830034878366,-2.220446049250313e-16,-0.8,-0.8,2.7777777777777777,2.7777777777777777
52,0.9,False,0,2.030058281187948,True,2.880154888888887,4.546507594193213,5.652844200000016,-0.8140674438905229,-1.8900000000000028,0.0,0.0,2.7777777777777777,2.7777777777777777,13.88888888888889,31.252590147747338,31.999999999999996,-0.7929488686352197,-0.02000000000000024,-0.9,-0.9,2.7777777777777777,2.7777777777777777
52,1.0,False,0,1.9215369858376121,True,2.880154888888887,4.304671273958914,5.726745533333312,-1.7666419225601566,-1.7999999999999998,0.0,0.0,2.7777777777777777,2.7777777777777777,13.88888888888889,34.288717205231265,34.222222222222214,0.4853037554723181,0.0,-1.0,-1.0,2.7777777777777777,2.7777777777777777
52,1.1,False,0,1.808689273824973,True,2.880154888888887,4.548032885269376,5.815146511111149,-0.9012992429191298,-1.8799999999999981,0.0,0.0,2.7777777777777777,2.7777777777777777,13.88888888888889,35.351015751482265,35.33333333333333,0.42500240741939477,-0.0499999999999996,-1.1,-1.1,2.7777777777777777,2.7777777777777777
52,1.2000000000000002,False,0,1.9215369858376121,True,2.880154888888887,4.508785359127896,5.324916244444435,-1.0945025093274667,-1.7999999999999998,0.0,0.0,2.7777777777777777,2.7777777777777777,13.88888888888889,36.14688022002784,36.44444444444444,-0.6813348680526148,-0.07999999999999963,-1.2000000000000002,-1.2000000000000002,2.7777777777777777,2.7777777777777777
52,1.3,False,0,1.9215369858376121,True,2.880154888888887,4.530416457813158,5.785613244444417,-1.5615745590731807,-1.8899999999999997,0.0,0.0,2.7777777777777777,2.7777777777777777,13.88888888888889,36.878640265572685,37.55555555555556,-0.7841711777704616,-0.09000000000000008,-1.3,-1.3,2.7777777777777777,2.7777777777777777
52,1.4000000000000001,False,0,1.808689273824973,True,2.880154888888887,4.126848004980428,5.252927577777766,-1.4938057260288018,-1.8999999999999986,0.0,0.0,2.7777777777777777,2.7777777777777777,13.88888888888889,38.391869451944174,38.66666666666667,-0.5828682101324063,-0.08000000000000007,-1.4000000000000001,-1.4000000000000001,2.7777777777777777,2.7777777777777777
52,1.5,False,0,1.9215369858376121,True,2.880154888888887,4.2649313156032465,5.680674088888918,-1.7828159787243014,-1.7999999999999998,0.0,0.0,2.7777777777777777,2.7777777777777777,13.88888888888889,38.90433667532274,39.77777777777778,-0.6898682635877833,-0.04999999999999982,-1.5,-1.5,2.7777777777777777,2.7777777777777777
52,1.6,False,0,1.9215369858376121,True,2.880154888888887,4.156782237891787,5.227656244444558,-1.152066859489854,-1.879999999999999,0.0,0.0,2.7777777777777777,2.7777777777777777,13.88888888888889,38.34213818573084,39.77777777777778,-0.16193469676698835,-0.1599999999999997,-1.6,-1.6,2.7777777777777777,2.7777777777777777
52,1.7000000000000002,False,0,1.9215369858376115,True,2.880154888888887,4.39887338630447,5.144902866666652,-1.8728189510346163,-1.8300000000000005,0.0,0.0,2.7777777777777777,2.7777777777777777,13.88888888888889,39.684505046200826,40.888888888888886,0.647528107149344,-0.09999999999999964,-1.7000000000000002,-1.7000000000000002,2.7777777777777777,2.7777777777777777
53,0.0,False,0,4.0,True,13.88888888888889,-3.714244557735813,-3.8222222222222824,2.081560656719414,1.6,0.0,0.0,2.7777777777777777,2.7777777777777777,,,,,,,,,
53,0.1,False,0,4.0,True,12.623888888888889,-3.2847293951974192,-3.874911111111106,1.51765057187135,1.0700000000000003,-0.1,-0.1,2.7777777777777777,2.7777777777777777,12.623888888888889,103.21153042156607,102.46308888888937,0.2923980810099498,-0.00999999999999579,-0.1,-0.1,2.7777777777777777,2.7777777777777777
53,0.2,False,0,2.6000000000000045,True,2.880154888888887,2.8247946761750713,3.3546119777778047,0.42839024714027385,0.48000000000000087,-0.2,-0.2,2.7777777777777777,2.7777777777777777,1.3615668888888868,6.6742383656347615,6.743280399999986,0.09528194856070726,-0.019999999999997353,-0.2,-0.2,2.7777777777777777,2.7777777777777777
53,0.30000000000000004,False,0,1.6830389315845682,True,2.880154888888887,4.073206927281331,5.71433264444448,-1.386041860239329,-1.8899999999999975,0.0,0.0,2.7777777777777777,2.7777777777777777,4.398742888888887,7.2881677192901195,7.538348600000025,0.2926545992647167,-0.020000000000001572,-0.30000000000000004,-0.30000000000000004,2.7777777777777777,2.7777777777777777
53,0.4,False,0,1.79740450262371,True,2.880154888888887,3.5686513667511806,5.442975511111041,-1.4692721784854461,-1.880000000000006,0.0,0.0,2.7777777777777777,2.7777777777777777,7.435918888888886,11.364224362137332,12.376443555555564,-0.5566303757129352,-6.661338147750939e-16,-0.4,-0.4,2.7777777777777777,2.7777777777777777
53,0.5,False,0,1.9102522146363479,True,2.880154888888887,3.8176624553796588,5.354571044444538,-1.7528714148247917,-1.85,0.0,0.0,2.7777777777777777,2.7777777777777777,11.991388888888888,18.374022138670707,17.887194444444443,-0.02132144829350513,0.0,-0.5,-0.5,2.7777777777777777,2.7777777777777777
53,0.6000000000000001,False,0,1.79740450262371,True,2.880154888888887,4.215392502613494,5.647729733333304,-1.5610204000034973,-1.8599999999999959,0.0,0.0,2.7777777777777777,2.7777777777777777,13.88888888888889,24.121850769285988,23.000000000000004,0.8699041757063859,-0.019999999999999574,-0.6000000000000001,-0.6000000000000001,2.7777777777777777,2.7777777777777777
53,0.7000000000000001,False,0,1.79740450262371,True,2.880154888888887,4.39156862514231,5.814946844444418,-1.0401749964153706,-1.899999999999999,0.0,0.0,2.7777777777777777,2.7777777777777777,13.88888888888889,26.891549946692624,27.44444444444444,-1.1692396103567728,-0.009999999999999343,-0.7000000000000001,-0.7000000000000001,2.7777777777777777,2.7777777777777777
53,0.8,False,0,1.6845567906110708,True,2.880154888888887,3.975046993694545,5.4946945555555375,-1.6974211111537754,-1.8799999999999994,0.0,0.0,2.7777777777777777,2.7777777777777777,13.88888888888889,32.37160817541893,30.777777777777768,0.7348823484814133,-2.220446049250313e-16,-0.8,-0.8,2.7777777777777777,2.7777777777777777
53,0.9,False,0,1.9102522146363479,True,2.880154888888887,4.460036744964566,5.646347555555491,-0.8954336019764799,-1.8900000000000028,0.0,0.0,2.7777777777777777,2.7777777777777777,13.88888888888889,32.617401209179405,33.0,-0.6370881615528625,-0.02000000000000024,-0.9,-0.9,2.7777777777777777,2.7777777777777777
53,1.0,False,0,2.019325097403643,True,2.880154888888887,4.547465079303149,5.680795622222232,-0.8957583546632386,-1.7999999999999998,0.0,0.0,2.7777777777777777,2.7777777777777777,13.88888888888889,36.085357654857475,35.222222222222214,-0.7981625505322212,0.0,-1.0,-1.0,2.7777777777777777,2.7777777777777777
53,1.1,False,0,1.79740450262371,True,2.880154888888887,4.346079126699277,5.8772247999999765,-1.8842718835692132,-1.8799999999999981,0.0,0.0,2.7777777777777777,2.7777777777777777,13.88888888888889,36.52419160975705,36.33333333333333,-0.8213761435367803,-0.0499999999999996,-1.1,-1.1,2.7777777777777777,2.7777777777777777
53,1.2000000000000002,False,0,1.9102522146363479,True,2.880154888888887,4.531090453487249,5.797354666666604,-1.5942784539225574,-1.7999999999999998,0.0,0.0,2.7777777777777777,2.7777777777777777,13.88888888888889,37.65905291147624,37.44444444444444,0.41861282725530957,-0.07999999999999963,-1.2000000000000002,-1.2000000000000002,2.7777777777777777,2.7777777777777777
53,1.3,False,0,1.9102522146363479,True,2.880154888888887,3.6944304325701554,5.229159955555571,-1.8955622345969825,-1.8899999999999997,0.0,0.0,2.7777777777777777,2.7777777777777777,13.88888888888889,37.50474828344532,38.55555555555556,-0.7000725156681153,-0.09000000000000008,-1.3,-1.3,2.7777777777777777,2.7777777777777777
53,1.4000000000000001,False,0,1.9102522146363479,True,2.880154888888887,4.546533926204757,5.497047311111072,-0.9063577313819391,-1.8999999999999986,0.0,0.0,2.7777777777777777,2.7777777777777777,13.88888888888889,39.559131528713564,39.66666666666667,-0.2454725729025502,-0.08000000000000007,-1.4000000000000001,-1.4000000000000001,2.7777777777777777,2.7777777777777777
53,1.5,False,0,1.9102522146363479,True,2.880154888888887,4.0934621448083535,5.749576355555559,-1.6959514385673786,-1.7999999999999998,0.0,0.0,2.7777777777777777,2.7777777777777777,13.88888888888889,39.876091594635035,40.77777777777778,-1.1015973742057514,-0.04999999999999982,-1.5,-1.5,2.7777777777777777,2.7777777777777777
53,1.6,False,0,2.019325097403643,True,2.880154888888887,4.1973875126878655,5.459831399999996,-1.823967356194626,-1.879999999999999,0.0,0.0,2.7777777777777777,2.7777777777777777,13.88888888888889,40.75105271383335,40.77777777777778,0.2930882159019492,-0.1599999999999997,-1.6,-1.6,2.7777777777777777,2.7777777777777777
53,1.7000000000000002,False,0,1.9102522146363472,True,2.880154888888887,4.148842635151834,5.665116111111073,-1.852991378728541,-1.8300000000000005,0.0,0.0,2.7777777777777777,2.7777777777777777,13.88888888888889,41.12939078857444,41.888888888888886,-1.0113571168963977,-0.09999999999999964,-1.7000000000000002,-1.7000000000000002,2.7777777777777777,2.7777777777777777
54,0.0,False,0,4.0,True,13.88888888888889,-3.6303880413244825,-3.7777777777777173,1.3329738816738765,1.6,0.0,0.0,2.7777777777777777,2.7777777777777777,,,,,,,,,
54,0.1,False,0,4.0,True,13.129888888888889,-4.121834122296877,-3.837611111111147,1.4326419995417163,1.0700000000000003,-0.1,-0.1,2.7777777777777777,2.7777777777777777,13.129888888888889,107.53048046310785,107.96518888888964,-0.3398333455890903,-0.00999999999999579,-0.1,-0.1,2.7777777777777777,2.7777777777777777
54,0.2,False,0,2.5000000000000044,True,2.880154888888887,0.6174918993247589,1.014247577777792,0.6667212781446628,0.48000000000000087,-0.2,-0.2,2.7777777777777777,2.7777777777777777,0.0,8.509086102520737,7.414065266666651,0.5467809182215309,-0.019999999999997353,-0.2,-0.2,2.7777777777777777,2.7777777777777777
54,0.30000000000000004,False,0,1.721207376711383,True,2.880154888888887,4.250875074252346,5.568684533333308,-1.721881242658867,-1.8899999999999975,0.0,0.0,2.7777777777777777,2.7777777777777777,4.398742888888887,8.544369173940321,8.221951600000022,0.37807355159538814,-0.020000000000001572,-0.30000000000000004,-0.30000000000000004,2.7777777777777777,2.7777777777777777
54,0.4,False,0,1.7861197314224457,True,2.880154888888887,4.032610764515508,5.517846577777957,-1.589501613646946,-1.880000000000006,0.0,0.0,2.7777777777777777,2.7777777777777777,7.435918888888886,12.26999381335342,12.731146555555565,1.477819932498765,-6.661338147750939e-16,-0.4,-0.4,2.7777777777777777,2.7777777777777777
54,0.5,False,0,2.0085919136193366,True,2.880154888888887,4.350296567122311,5.594425355555498,-1.8180918755325006,-1.85,0.0,0.0,2.7777777777777777,2.7777777777777777,11.991388888888888,18.941940206728002,18.887194444444443,-0.3265476839645687,0.0,-0.5,-0.5,2.7777777777777777,2.7777777777777777
54,0.6000000000000001,False,0,1.8989674434350852,True,2.880154888888887,4.064103952478615,5.320244511111054,-1.5298622281393872,-1.8599999999999959,0.0,0.0,2.7777777777777777,2.7777777777777777,13.88888888888889,23.424027588009213,24.000000000000004,-0.9975051379289706,-0.019999999999999574,-0.6000000000000001,-0.6000000000000001,2.7777777777777777,2.7777777777777777
54,0.7000000000000001,False,0,1.8989674434350852,True,2.880154888888887,4.2634741075672595,6.1930085111110715,-1.3807234231008452,-1.899999999999999,0.0,0.0,2.7777777777777777,2.7777777777777777,13.88888888888889,28.82180493462045,28.444444444444432,0.27573880405184825,-0.009999999999999343,-0.7000000000000001,-0.7000000000000001,2.7777777777777777,2.7777777777777777
54,0.8,False,0,1.8989674434350852,True,2.880154888888887,4.514391638212911,5.863694888888884,-1.8360548367513432,-1.8799999999999994,0.0,0.0,2.7777777777777777,2.7777777777777777,13.88888888888889,31.8954726703605,31.777777777777768,-0.5816299499924578,-2.220446049250313e-16,-0.8,-0.8,2.7777777777777777,2.7777777777777777
54,0.9,False,0,1.8989674434350852,True,2.880154888888887,4.0343588329139495,6.1298753777777195,-1.7728400137246576,-1.8900000000000028,0.0,0.0,2.7777777777777777,2.7777777777777777,13.88888888888889,33.9772631377471,34.0,0.2480552050551137,-0.02000000000000024,-0.9,-0.9,2.7777777777777777,2.7777777777777777
54,1.0,False,0,1.8989674434350852,True,2.880154888888887,4.462444492220269,5.502816444444389,-1.7734410310911954,-1.7999999999999998,0.0,0.0,2.7777777777777777,2.7777777777777777,13.88888888888889,35.52494024949091,36.222222222222214,0.8305123091781401,0.0,-1.0,-1.0,2.7777777777777777,2.7777777777777777
54,1.1,False,0,1.8989674434350852,True,2.880154888888887,4.462410882762836,5.785206933333254,-1.1387205852378037,-1.8799999999999981,0.0,0.0,2.7777777777777777,2.7777777777777777,13.88888888888889,38.11237069169883,37.33333333333333,-0.36083328028055806,-0.0499999999999996,-1.1,-1.1,2.7777777777777777,2.7777777777777777
54,1.2000000000000002,False,0,1.8989674434350852,True,2.880154888888887,4.211708413260948,5.84663319999994,-0.8887309356237967,-1.7999999999999998,0.0,0.0,2.7777777777777777,2.7777777777777777,13.88888888888889,38.48838286508203,38.44444444444444,0.5047580005633967,-0.07999999999999963,-1.2000000000000002,-1.2000000000000002,2.7777777777777777,2.7777777777777777
54,1.3,False,0,1.8989674434350852,True,2.880154888888887,4.120430896103767,5.914883444444382,-1.2337092259451028,-1.8899999999999997,0.0,0.0,2.7777777777777777,2.7777777777777777,13.88888888888889,39.21887830060123,39.55555555555556,0.20833573095551028,-0.09000000000000008,-1.3,-1.3,2.7777777777777777,2.7777777777777777
54,1.4000000000000001,False,0,1.8989674434350852,True,2.880154888888887,4.537501449758293,5.629082711111065,-1.694152023304664,-1.8999999999999986,0.0,0.0,2.7777777777777777,2.7777777777777777,13.88888888888889,41.11816025318731,40.66666666666667,0.29647042611040364,-0.08000000000000007,-1.4000000000000001,-1.4000000000000001,2.7777777777777777,2.7777777777777777
54,1.5,False,0,1.7861197314224457,True,2.880154888888887,4.328661000296731,5.668857177777679,-1.824338799414408,-1.7999999999999998,0.0,0.0,2.7777777777777777,2.7777777777777777,13.88888888888889,41.94045708543274,41.77777777777778,0.6892585956047999,-0.04999999999999982,-1.5,-1.5,2.7777777777777777,2.7777777777777777
54,1.6,False,0,2.0085919136193366,True,2.880154888888887,4.457094510192104,5.7420187333332935,-1.8350902045682598,-1.879999999999999,0.0,0.0,2.7777777777777777,2.7777777777777777,13.88888888888889,42.6709280963547,41.77777777777778,-0.04498863343014614,-0.1599999999999997,-1.6,-1.6,2.7777777777777777,2.7777777777777777
54,1.7000000000000002,False,0,1.786119731422445,True,2.880154888888887,4.28120470088025,5.915413933333281,-1.4613507372193746,-1.8300000000000005,0.0,0.0,2.7777777777777777,2.7777777777777777,13.88888888888889,42.15069462858933,42.888888888888886,0.6776057303507961,-0.09999999999999964,-1.7000000000000002,-1.7000000000000002,2.7777777777777777,2.7777777777777777
55,0.0,False,0,4.0,True,13.88888888888889,-3.173112955487926,-3.8888888888888316,1.3385536459998306,1.6,0.0,0.0,2.7777777777777777,2.7777777777777777,,,,,,,,,
55,0.1,False,0,4.0,True,13.88888888888889,-3.346936154114334,-3.8888888888888316,1.0043424468814588,1.0700000000000003,-0.1,-0.1,2.7777777777777777,2.7777777777777777,13.88888888888889,115.42689939343087,115.28888888888856,-0.2608892047530915,-0.00999999999999579,-0.1,-0.1,2.7777777777777777,2.7777777777777777
55,0.2,False,0,3.1000000000000028,True,2.880154888888887,4.372024059728429,5.796271044444478,-0.7110902293496553,-0.6599999999999953,-0.2,-0.2,2.7777777777777777,2.7777777777777777,2.880154888888887,4.732305449618576,6.123877800000014,0.3425354075041036,-0.019999999999997353,-0.2,-0.2,2.7777777777777777,2.7777777777777777
55,0.30000000000000004,False,0,1.5951269195639466,True,2.880154888888887,4.30342976998632,5.540883200000377,-1.3612036537117822,-1.8899999999999975,0.0,0.0,2.7777777777777777,2.7777777777777777,4.398742888888887,7.962492259955721,8.007316400000033,-0.2457438527570983,-0.020000000000001572,-0.30000000000000004,-0.30000000000000004,2.7777777777777777,2.7777777777777777
55,0.4,False,0,1.887682672233821,True,2.880154888888887,4.505033119534372,6.26446933333325,-0.7043700684737988,-1.8799999999999941,-0.4,-0.4,2.7777777777777777,2.7777777777777777,7.435918888888886,13.403465887785114,13.731146555555565,0.35757942238344453,-6.661338147750939e-16,-0.4,-0.4,2.7777777777777777,2.7777777777777777
55,0.5,False,0,1.887682672233821,True,2.880154888888887,4.508820322178974,5.92662486666664,-1.5052896280607357,-1.85,0.0,0.0,2.7777777777777777,2.7777777777777777,13.129888888888889,20.149460778207978,19.570944444444446,-0.9065785988394333,0.0,-0.5,-0.5,2.7777777777777777,2.7777777777777777
55,0.6000000000000001,False,0,1.774834960221183,True,2.880154888888887,4.326606804186523,5.4493966666665274,-1.3607409940269048,-1.8599999999999959,0.0,0.0,2.7777777777777777,2.7777777777777777,13.88888888888889,24.995122679496465,25.000000000000004,-1.0296797375939426,-0.019999999999999574,-0.6000000000000001,-0.6000000000000001,2.7777777777777777,2.7777777777777777
55,0.7000000000000001,False,0,1.774834960221183,True,2.880154888888887,4.313368671049315,5.689129444444402,-1.86129838968312,-1.899999999999999,0.0,0.0,2.7777777777777777,2.7777777777777777,13.88888888888889,28.97069364790855,29.444444444444432,0.982103832777566,-0.009999999999999343,-0.7000000000000001,-0.7000000000000001,2.7777777777777777,2.7777777777777777
55,0.8,False,0,1.887682672233821,True,2.880154888888887,4.4281193004528605,5.247525688888797,-1.4761868599038714,-1.8799999999999994,0.0,0.0,2.7777777777777777,2.7777777777777777,13.88888888888889,33.16473822380267,32.77777777777777,-0.23054005371179387,-2.220446049250313e-16,-0.8,-0.8,2.7777777777777777,2.7777777777777777
55,0.9,False,0,1.887682672233821,True,2.880154888888887,4.390063580738269,6.09640053333325,-1.7589771857166154,-1.8900000000000028,0.0,0.0,2.7777777777777777,2.7777777777777777,13.88888888888889,35.491422639942016,35.0,-0.313650943631848,-0.02000000000000024,-0.9,-0.9,2.7777777777777777,2.7777777777777777
55,1.0,False,0,1.887682672233821,True,2.880154888888887,4.47407659668107,5.877143177777694,-0.6743519289448692,-1.7999999999999998,0.0,0.0,2.7777777777777777,2.7777777777777777,13.88888888888889,37.648778263970826,37.222222222222214,0.6082945955221857,0.0,-1.0,-1.0,2.7777777777777777,2.7777777777777777
55,1.1,False,0,1.887682672233821,True,2.880154888888887,4.31815062407463,6.430831266666627,-1.2284057446845265,-1.8799999999999981,0.0,0.0,2.7777777777777777,2.7777777777777777,13.88888888888889,39.81750843220231,38.33333333333333,-0.9298825586701049,-0.0499999999999996,-1.1,-1.1,2.7777777777777777,2.7777777777777777
55,1.2000000000000002,False,0,1.887682672233821,True,2.880154888888887,4.523577119377788,5.26202533333358,-1.5674568663167852,-1.7999999999999998,0.0,0.0,2.7777777777777777,2.7777777777777777,13.88888888888889,38.921524866338544,39.44444444444444,-0.30105726238123,-0.07999999999999963,-1.2000000000000002,-1.2000000000000002,2.7777777777777777,2.7777777777777777
55,1.3,False,0,1.887682672233821,True,2.880154888888887,4.12645884260223,5.588780399999959,-0.7237666501961051,-1.8899999999999997,0.0,0.0,2.7777777777777777,2.7777777777777777,13.88888888888889,39.471573931368376,40.55555555555556,-0.47950584402721375,-0.09000000000000008,-1.3,-1.3,2.7777777777777777,2.7777777777777777
55,1.4000000000000001,False,0,1.887682672233821,True,2.880154888888887,4.31619458521443,5.381464133333677,-1.8968336009522064,-1.8999999999999986,0.0,0.0,2.7777777777777777,2.7777777777777777,13.88888888888889,41.66390501382165,41.66666666666667,-0.027704089752114358,-0.08000000000000007,-1.4000000000000001,-1.4000000000000001,2.7777777777777777,2.7777777777777777
55,1.5,False,0,1.887682672233821,True,2.880154888888887,4.513437845708563,5.54356413333326,-0.7074092208000031,-1.7999999999999998,0.0,0.0,2.7777777777777777,2.7777777777777777,13.88888888888889,42.20210068264963,42.77777777777778,1.1673378867911794,-0.04999999999999982,-1.5,-1.5,2.7777777777777777,2.7777777777777777
55,1.6,False,0,1.887682672233821,True,2.880154888888887,4.08300518743263,5.343930511111066,-1.515410312697682,-1.879999999999999,0.0,0.0,2.7777777777777777,2.7777777777777777,13.88888888888889,42.97698657613777,42.77777777777778,-0.44736526616522143,-0.1599999999999997,-1.6,-1.6,2.7777777777777777,2.7777777777777777
55,1.7000000000000002,False,0,1.8876826722338202,True,2.880154888888887,4.153441988971292,5.900177155555451,-1.4257228235292358,-1.8300000000000005,0.0,0.0,2.7777777777777777,2.7777777777777777,13.88888888888889,42.63767574734576,43.888888888888886,0.12807049053530717,-0.09999999999999964,-1.7000000000000002,-1.7000000000000002,2.7777777777777777,2.7777777777777777
56,0.0,False,0,4.0,True,13.88888888888889,-3.7419799386670602,-3.9999999999999316,1.6523310968635916,1.6,0.0,0.0,2.7777777777777777,2.7777777777777777,,,,,,,,,
56,0.1,False,0,4.0,True,13.129888888888889,-4.105486378590899,-3.918988888888893,0.7133548505339502,1.0500000000000003,-0.1,-0.1,2.7777777777777777,2.7777777777777777,12.623888888888889,100.46329377968804,100.44978888888936,-0.16804339655933065,-0.00999999999999579,-0.1,-0.1,2.7777777777777777,2.7777777777777777
56,0.2,False,0,2.9000000000000026,True,2.880154888888887,4.216034780603036,4.896714133333345,-0.2552295937996898,0.40000000000000124,-0.2,-0.2,2.7777777777777777,2.7777777777777777,2.120860888888887,6.6271215410605295,6.276239599999852,-0.7269975459758748,-0.019999999999997353,-0.2,-0.2,2.7777777777777777,2.7777777777777777
56,0.30000000000000004,False,0,1.6640206216648092,True,2.880154888888887,4.427517530156988,5.3959733999999715,-1.0916613027956168,-1.8899999999999975,0.0,0.0,2.7777777777777777,2.7777777777777777,4.398742888888887,9.579663570972588,8.627669400000034,0.4304845388695555,-0.020000000000001572,-0.30000000000000004,-0.30000000000000004,2.7777777777777777,2.7777777777777777
56,0.4,False,0,1.7635501890199188,True,2.880154888888887,4.404326626770069,5.641147977777689,-1.0935314393224849,-1.880000000000006,0.0,0.0,2.7777777777777777,2.7777777777777777,8.954506888888886,13.34508919911487,13.516481955555566,-0.4951620463248809,-6.661338147750939e-16,-0.4,-0.4,2.7777777777777777,2.7777777777777777
56,0.5,False,0,1.9871255460507258,True,2.880154888888887,4.493815503422124,5.71089928888878,-1.8812470269670951,-1.85,0.0,0.0,2.7777777777777777,2.7777777777777777,13.129888888888889,20.369635051501614,20.570944444444446,-0.8119151509549343,0.0,-0.5,-0.5,2.7777777777777777,2.7777777777777777
56,0.6000000000000001,False,0,1.8763979010325582,True,2.880154888888887,3.805010330299436,5.561277844444388,-1.5395077270776003,-1.8599999999999959,0.0,0.0,2.7777777777777777,2.7777777777777777,13.88888888888889,26.191262478319462,26.000000000000004,-0.045534495764818717,-0.019999999999999574,-0.6000000000000001,-0.6000000000000001,2.7777777777777777,2.7777777777777777
56,0.7000000000000001,False,0,1.8763979010325582,True,2.880154888888887,4.500319887581537,5.557864111111027,-1.5881424366281118,-1.899999999999999,0.0,0.0,2.7777777777777777,2.7777777777777777,13.88888888888889,31.688701187939063,30.444444444444432,0.24234409508442223,-0.009999999999999343,-0.7000000000000001,-0.7000000000000001,2.7777777777777777,2.7777777777777777
56,0.8,False,0,1.7635501890199188,True,2.880154888888887,4.552448649629821,5.602759177777696,-1.415476130695823,-1.8799999999999994,0.0,0.0,2.7777777777777777,2.7777777777777777,13.88888888888889,32.76349278222841,33.77777777777777,0.15786035004522692,-2.220446049250313e-16,-0.8,-0.8,2.7777777777777777,2.7777777777777777
56,0.9,False,0,1.8763979010325582,True,2.880154888888887,4.5054799337580365,5.96907942222212,-1.1763748922282822,-1.8900000000000028,0.0,0.0,2.7777777777777777,2.7777777777777777,13.88888888888889,36.06281419986256,36.0,0.9137119298817553,-0.02000000000000024,-0.9,-0.9,2.7777777777777777,2.7777777777777777
56,1.0,False,0,1.8763979010325582,True,2.880154888888887,4.176410640976084,5.6559757999998626,-0.8283976652088514,-1.7999999999999998,0.0,0.0,2.7777777777777777,2.7777777777777777,13.88888888888889,37.30776065277334,38.222222222222214,-0.32086064612605414,0.0,-1.0,-1.0,2.7777777777777777,2.7777777777777777
56,1.1,False,0,1.8763979010325582,True,2.880154888888887,4.355885263594669,6.021971355555519,-1.3414401162293088,-1.8799999999999981,0.0,0.0,2.7777777777777777,2.7777777777777777,13.88888888888889,38.92169081523668,39.333333333333336,-0.8454611396731337,-0.0499999999999996,-1.1,-1.1,2.7777777777777777,2.7777777777777777
56,1.2000000000000002,False,0,1.9871255460507258,True,2.880154888888887,4.174476639234041,5.449839399999928,-1.660024368986139,-1.7999999999999998,0.0,0.0,2.7777777777777777,2.7777777777777777,13.88888888888889,40.04530567839117,40.44444444444444,0.0037829704278131704,-0.07999999999999963,-1.2000000000000002,-1.2000000000000002,2.7777777777777777,2.7777777777777777
56,1.3,False,0,1.8763979010325582,True,2.880154888888887,4.463349514507638,5.829161711111152,-0.707076177933337,-1.8899999999999997,0.0,0.0,2.7777777777777777,2.7777777777777777,13.88888888888889,41.6287650065319,41.55555555555556,-0.5714536902060345,-0.09000000000000008,-1.3,-1.3,2.7777777777777777,2.7777777777777777
56,1.4000000000000001,False,0,1.8763979010325582,True,2.880154888888887,4.011015462451295,5.2089302444444,-1.5392314285113524,-1.8999999999999986,0.0,0.0,2.7777777777777777,2.7777777777777777,13.88888888888889,42.266816087741574,42.66666666666667,-1.2194082933681507,-0.08000000000000007,-1.4000000000000001,-1.4000000000000001,2.7777777777777777,2.7777777777777777
56,1.5,False,0,1.9871255460507258,True,2.880154888888887,4.4544851388141895,6.146003755555495,-1.109524300549983,-1.7999999999999998,0.0,0.0,2.7777777777777777,2.7777777777777777,13.88888888888889,43.28448673389967,43.77777777777778,-0.4141581612838927,-0.04999999999999982,-1.5,-1.5,2.7777777777777777,2.7777777777777777
56,1.6,False,0,1.8763979010325582,True,2.880154888888887,4.298601230765169,5.843668333333224,-1.4745910448062176,-1.879999999999999,0.0,0.0,2.7777777777777777,2.7777777777777777,13.88888888888889,44.89582785529701,43.77777777777778,-0.05663750863095651,-0.1599999999999997,-1.6,-1.6,2.7777777777777777,2.7777777777777777
56,1.7000000000000002,False,0,1.8763979010325573,True,2.880154888888887,4.169382868371383,5.615024955555453,-1.8260929599406253,-1.8300000000000005,0.0,0.0,2.7777777777777777,2.7777777777777777,13.88888888888889,44.59887434599351,44.888888888888886,-0.19217060452434764,-0.09999999999999964,-1.7000000000000002,-1.7000000000000002,2.7777777777777777,2.7777777777777777
57,0.0,False,0,4.0,True,13.88888888888889,-3.889848270922502,-4.111111111111046,1.0212431104668527,1.6,0.0,0.0,2.7777777777777777,2.7777777777777777,,,,,,,,,
57,0.1,False,0,4.0,True,12.623888888888889,-3.946988410314151,-3.8837777777778113,1.5062897152799897,1.0400000000000005,-0.1,-0.1,2.7777777777777777,2.7777777777777777,12.623888888888889,99.75070185630098,99.50038888888933,-0.5497078781684817,-0.00999999999999579,-0.1,-0.1,2.7777777777777777,2.7777777777777777
57,0.2,False,0,2.8000000000000025,True,2.880154888888887,4.2989525439158,5.3424080888889,0.6351682247001693,-0.03999999999999737,-0.2,-0.2,2.7777777777777777,2.7777777777777777,2.880154888888887,5.373663512340085,5.352645800000002,-0.4161149903713637,-0.019999999999997353,-0.2,-0.2,2.7777777777777777,2.7777777777777777
57,0.30000000000000004,False,0,1.3989782184126003,True,2.880154888888887,4.189011701784236,5.704755444444385,-1.712119811152706,-1.8899999999999975,0.0,0.0,2.7777777777777777,2.7777777777777777,3.639448888888887,7.539264869907012,7.084284399999999,-0.7088876242203983,-0.020000000000001572,-0.30000000000000004,-0.30000000000000004,2.7777777777777777,2.7777777777777777
57,0.4,False,0,1.9763923622664195,True,2.880154888888887,4.476010978386509,5.847200111111062,-1.666625359891983,-1.880000000000006,0.0,0.0,2.7777777777777777,2.7777777777777777,8.195212888888886,14.036842558862514,15.085849555555566,-1.1191654601741705,-6.661338147750939e-16,-0.4,-0.4,2.7777777777777777,2.7777777777777777
57,0.5,False,0,1.865113129831294,True,2.880154888888887,4.520049152106876,5.978258800000003,-0.8905806260129365,-1.85,0.0,0.0,2.7777777777777777,2.7777777777777777,13.76238888888889,22.69130703726673,21.457094444444454,-0.2996931100145215,0.0,-0.5,-0.5,2.7777777777777777,2.7777777777777777
57,0.6000000000000001,False,0,1.9763923622664195,True,2.880154888888887,3.8789833736649486,5.481201066666711,-1.8957885976965323,-1.8599999999999959,0.0,0.0,2.7777777777777777,2.7777777777777777,13.88888888888889,26.706821059945643,27.000000000000004,-0.16286244397297422,-0.019999999999999574,-0.6000000000000001,-0.6000000000000001,2.7777777777777777,2.7777777777777777
57,0.7000000000000001,False,0,1.9763923622664195,True,2.880154888888887,4.5276296065249655,5.60235022222204,-1.3983606764212548,-1.899999999999999,0.0,0.0,2.7777777777777777,2.7777777777777777,13.88888888888889,31.929757792377817,31.444444444444432,-0.3966649792341008,-0.009999999999999343,-0.7000000000000001,-0.7000000000000001,2.7777777777777777,2.7777777777777777
57,0.8,False,0,1.865113129831294,True,2.880154888888887,4.433744139243982,5.52268239999992,-1.8501209713594946,-1.8799999999999994,0.0,0.0,2.7777777777777777,2.7777777777777777,13.88888888888889,34.333638040822066,34.77777777777777,-0.28674063418822104,-2.220446049250313e-16,-0.8,-0.8,2.7777777777777777,2.7777777777777777
57,0.9,False,0,1.865113129831294,True,2.880154888888887,4.1536708954830575,5.4817315555554815,-0.6592195135470689,-1.8900000000000028,0.0,0.0,2.7777777777777777,2.7777777777777777,13.88888888888889,36.928073251702415,37.0,0.6567432098177033,-0.02000000000000024,-0.9,-0.9,2.7777777777777777,2.7777777777777777
57,1.0,False,0,1.865113129831294,True,2.880154888888887,4.328702798300637,5.677103244444393,-1.446092693370931,-1.7999999999999998,0.0,0.0,2.7777777777777777,2.7777777777777777,13.88888888888889,38.60459465586182,39.222222222222214,-0.8523312281006952,0.0,-1.0,-1.0,2.7777777777777777,2.7777777777777777
57,1.1,False,0,1.865113129831294,True,2.880154888888887,4.111199538961128,5.925366866666676,-1.6800594982193493,-1.8799999999999981,0.0,0.0,2.7777777777777777,2.7777777777777777,13.88888888888889,41.002175579768824,40.333333333333336,0.32982894630897786,-0.0499999999999996,-1.1,-1.1,2.7777777777777777,2.7777777777777777
57,1.2000000000000002,False,0,1.865113129831294,True,2.880154888888887,4.425949009243266,5.84346168888892,-1.5699041878159916,-1.7999999999999998,0.0,0.0,2.7777777777777777,2.7777777777777777,13.88888888888889,41.55877974920057,41.44444444444444,1.7563029462163926,-0.07999999999999963,-1.2000000000000002,-1.2000000000000002,2.7777777777777777,2.7777777777777777
57,1.3,False,0,1.7522654178186545,True,2.880154888888887,4.411705966518764,6.166481822222093,-1.499110690867582,-1.8899999999999997,0.0,0.0,2.7777777777777777,2.7777777777777777,13.88888888888889,43.23867278214321,42.55555555555556,-0.4312836967335032,-0.09000000000000008,-1.3,-1.3,2.7777777777777777,2.7777777777777777
57,1.4000000000000001,False,0,1.865113129831294,True,2.880154888888887,4.315986494079252,5.650655533333233,-1.1998240662631359,-1.8999999999999986,0.0,0.0,2.7777777777777777,2.7777777777777777,13.88888888888889,43.811928011603484,43.66666666666666,-0.4620278856662363,-0.08000000000000007,-1.4000000000000001,-1.4000000000000001,2.7777777777777777,2.7777777777777777
57,1.5,False,0,1.9763923622664195,True,2.880154888888887,4.416131229997416,5.789187577777779,-1.2342109031852941,-1.7999999999999998,0.0,0.0,2.7777777777777777,2.7777777777777777,13.88888888888889,44.6608684790723,44.77777777777778,0.8037979719653197,-0.04999999999999982,-1.5,-1.5,2.7777777777777777,2.7777777777777777
57,1.6,False,0,1.865113129831294,True,2.880154888888887,4.255930048766527,5.699282044444428,-1.7294352012378664,-1.879999999999999,0.0,0.0,2.7777777777777777,2.7777777777777777,13.88888888888889,43.8554340451008,44.77777777777778,-0.19672271173302813,-0.1599999999999997,-1.6,-1.6,2.7777777777777777,2.7777777777777777
57,1.7000000000000002,False,0,1.9763923622664188,True,2.880154888888887,4.198498880354731,6.226847111111039,-1.4972623797161035,-1.8300000000000005,0.0,0.0,2.7777777777777777,2.7777777777777777,13.88888888888889,45.54177497136419,45.88888888888888,-0.42631291093959733,-0.09999999999999964,-1.7000000000000002,-1.7000000000000002,2.7777777777777777,2.7777777777777777
58,0.0,False,0,4.0,True,13.88888888888889,-3.783052243034393,-4.222222222222146,2.5498416843589236,1.6,0.0,0.0,2.7777777777777777,2.7777777777777777,,,,,,,,,
58,0.1,False,0,4.0,True,9.713800888888887,-4.2047953320714155,-4.0259115555555125,0.9550745112015235,1.0100000000000007,-0.1,-0.1,2.7777777777777777,2.7777777777777777,8.954506888888886,59.37239179622654,58.42854848888926,0.49359260972907615,-0.00999999999999579,-0.1,-0.1,2.7777777777777777,2.7777777777777777
58,0.2,False,0,1.700000000000006,True,2.880154888888887,1.237123705706833,-0.3135785777777924,-0.02759851896356813,0.3800000000000012,-0.2,-0.2,2.7777777777777777,2.7777777777777777,0.0,5.703480093327667,4.833506911111084,-0.22277753650804866,-0.019999999999997353,-0.2,-0.2,2.7777777777777777,2.7777777777777777
58,0.30000000000000004,False,0,1.2781181223431546,True,2.880154888888887,3.930011167101253,5.185576866666676,-1.3523821143586352,-1.8899999999999975,0.0,0.0,2.7777777777777777,2.7777777777777777,3.639448888888887,5.93341040103351,6.565961000000013,0.10854727198684255,-0.020000000000001572,-0.30000000000000004,-0.30000000000000004,2.7777777777777777,2.7777777777777777
58,0.4,False,0,1.8538283586300297,True,2.880154888888887,4.415033471461524,5.630828644444361,-1.506880502669539,-1.880000000000006,0.0,0.0,2.7777777777777777,2.7777777777777777,9.713800888888887,14.593818532028752,15.023043755555566,-0.09526791272534973,-6.661338147750939e-16,-0.4,-0.4,2.7777777777777777,2.7777777777777777
58,0.5,False,0,1.9656591784821147,True,2.880154888888887,4.533945156007289,5.314635977777766,-1.7825905139717306,-1.85,0.0,0.0,2.7777777777777777,2.7777777777777777,13.76238888888889,21.996847618824308,22.457094444444454,0.22391941826526152,0.0,-0.5,-0.5,2.7777777777777777,2.7777777777777777
58,0.6000000000000001,False,0,1.8538283586300297,True,2.880154888888887,4.516540993959919,5.4892075555555495,-1.862268519183208,-1.8599999999999959,0.0,0.0,2.7777777777777777,2.7777777777777777,13.88888888888889,27.0121684110425,28.000000000000004,-0.4450832497156676,-0.019999999999999574,-0.6000000000000001,-0.6000000000000001,2.7777777777777777,2.7777777777777777
58,0.7000000000000001,False,0,1.8538283586300297,True,2.880154888888887,4.468465424358681,6.065077933333268,-1.5960262176919255,-1.899999999999999,0.0,0.0,2.7777777777777777,2.7777777777777777,13.88888888888889,32.8321596940501,32.444444444444436,0.6161635142746498,-0.009999999999999343,-0.7000000000000001,-0.7000000000000001,2.7777777777777777,2.7777777777777777
58,0.8,False,0,1.8538283586300297,True,2.880154888888887,4.419813234529042,5.532716955555412,-1.629877750965618,-1.8799999999999994,0.0,0.0,2.7777777777777777,2.7777777777777777,13.88888888888889,34.62243492858947,35.77777777777777,-0.7386706147809212,-2.220446049250313e-16,-0.8,-0.8,2.7777777777777777,2.7777777777777777
58,0.9,False,0,1.9656591784821147,True,2.880154888888887,4.550828698144227,6.114029133333315,-1.5997413188127756,-1.8900000000000028,0.0,0.0,2.7777777777777777,2.7777777777777777,13.88888888888889,37.28659752676376,38.0,0.6904729963691953,-0.02000000000000024,-0.9,-0.9,2.7777777777777777,2.7777777777777777
58,1.0,False,0,1.8538283586300297,True,2.880154888888887,4.1017284398019855,5.553192377777759,-1.8163329166664817,-1.7999999999999998,0.0,0.0,2.7777777777777777,2.7777777777777777,13.88888888888889,40.06444900453204,40.222222222222214,0.25637655294345363,0.0,-1.0,-1.0,2.7777777777777777,2.7777777777777777
58,1.1,False,0,1.9656591784821147,True,2.880154888888887,4.178341867917948,5.336818266666637,-1.6295259511930102,-1.8799999999999981,0.0,0.0,2.7777777777777777,2.7777777777777777,13.88888888888889,41.224433508219754,41.333333333333336,0.1736159170125826,-0.0499999999999996,-1.1,-1.1,2.7777777777777777,2.7777777777777777
58,1.2000000000000002,False,0,1.8538283586300297,True,2.880154888888887,4.422394760927273,5.927722266666632,-1.4733628967853551,-1.7999999999999998,0.0,0.0,2.7777777777777777,2.7777777777777777,13.88888888888889,42.31047428395975,42.44444444444444,-0.3678755736481121,-0.07999999999999963,-1.2000000000000002,-1.2000000000000002,2.7777777777777777,2.7777777777777777
58,1.3,False,0,1.8538283586300297,True,2.880154888888887,4.5169654426568515,5.5694023777777035,-0.6483711746931211,-1.8899999999999997,0.0,0.0,2.7777777777777777,2.7777777777777777,13.88888888888889,43.66134142250121,43.55555555555556,-0.7199724327945829,-0.09000000000000008,-1.3,-1.3,2.7777777777777777,2.7777777777777777
58,1.4000000000000001,False,0,1.8538283586300297,True,2.880154888888887,4.486561631496838,5.8313174444444345,-1.1858860055065403,-1.8999999999999986,0.0,0.0,2.7777777777777777,2.7777777777777777,13.88888888888889,45.54715466488976,44.66666666666666,-0.7273208960100632,-0.08000000000000007,-1.4000000000000001,-1.4000000000000001,2.7777777777777777,2.7777777777777777
58,1.5,False,0,1.9656591784821147,True,2.880154888888887,4.399563755341032,6.133652866666648,-1.6718003216634452,-1.7999999999999998,0.0,0.0,2.7777777777777777,2.7777777777777777,13.88888888888889,45.43712151816782,45.77777777777778,-0.6198603698576202,-0.04999999999999982,-1.5,-1.5,2.7777777777777777,2.7777777777777777
58,1.6,False,0,1.9656591784821147,True,2.880154888888887,3.9150457344142326,5.583375022222197,-1.1366293429467111,-1.879999999999999,0.0,0.0,2.7777777777777777,2.7777777777777777,13.88888888888889,45.53678268887972,45.77777777777778,-0.2952525838447895,-0.1599999999999997,-1.6,-1.6,2.7777777777777777,2.7777777777777777
58,1.7000000000000002,False,0,1.853828358630029,True,2.880154888888887,3.9113857293991403,5.231557911111122,-1.5196520868374597,-1.8300000000000005,0.0,0.0,2.7777777777777777,2.7777777777777777,13.88888888888889,47.43942274727416,46.88888888888888,0.7416878413459513,-0.09999999999999964,-1.7000000000000002,-1.7000000000000002,2.7777777777777777,2.7777777777777777
59,0.0,False,0,4.0,True,13.88888888888889,-3.657115090210371,-4.266666666666739,2.661891311460662,1.6,0.0,0.0,2.7777777777777777,2.7777777777777777,,,,,,,,,
59,0.1,False,0,4.0,True,13.88888888888889,-3.8398749822368954,-4.266666666666739,0.4952966421314269,1.0300000000000007,-0.1,-0.1,2.7777777777777777,2.7777777777777777,13.88888888888889,110.81454485621175,111.28888888888856,0.0738436242128131,-0.00999999999999579,-0.1,-0.1,2.7777777777777777,2.7777777777777777
59,0.2,False,0,2.000000000000006,True,2.880154888888887,1.4095108843372914,1.040856622222205,0.7097889497056995,0.3800000000000012,-0.2,-0.2,2.7777777777777777,2.7777777777777777,0.0,5.652841546114257,6.051785422222193,-0.45965574560825173,-0.019999999999997353,-0.2,-0.2,2.7777777777777777,2.7777777777777777
59,0.30000000000000004,False,0,1.4470473048895087,True,2.880154888888887,4.517828946895858,5.91757539999993,-1.1780752862260668,-1.8899999999999975,0.0,0.0,2.7777777777777777,2.7777777777777777,4.398742888888887,8.898643780342777,7.717702200000017,0.4706188277397012,-0.020000000000001572,-0.30000000000000004,-0.30000000000000004,2.7777777777777777,2.7777777777777777
59,0.4,False,0,1.842543587428767,True,2.880154888888887,4.409244766791116,5.737268022222151,-1.724238948401087,-1.880000000000006,0.0,0.0,2.7777777777777777,2.7777777777777777,10.473094888888888,15.041766716844602,15.605534955555566,0.08490599907597352,-6.661338147750939e-16,-0.4,-0.4,2.7777777777777777,2.7777777777777777
59,0.5,False,0,1.842543587428767,True,2.880154888888887,4.463336776526984,5.364444999999887,-1.6301628298275674,-1.85,0.0,0.0,2.7777777777777777,2.7777777777777777,13.88888888888889,23.534826393654942,23.44444444444446,-0.3224815190899739,0.0,-0.5,-0.5,2.7777777777777777,2.7777777777777777
59,0.6000000000000001,False,0,1.842543587428767,True,2.880154888888887,4.382021224458467,5.5606683777776995,-1.0961529978776294,-1.8599999999999959,0.0,0.0,2.7777777777777777,2.7777777777777777,13.88888888888889,28.58423140764103,29.000000000000004,-0.15659898804073724,-0.019999999999999574,-0.6000000000000001,-0.6000000000000001,2.7777777777777777,2.7777777777777777
59,0.7000000000000001,False,0,1.842543587428767,True,2.880154888888887,4.117116511200789,5.4719427111110095,-1.4796315173795236,-1.899999999999999,0.0,0.0,2.7777777777777777,2.7777777777777777,13.88888888888889,33.65697036397113,33.444444444444436,0.03132313516058538,-0.009999999999999343,-0.7000000000000001,-0.7000000000000001,2.7777777777777777,2.7777777777777777
59,0.8,False,0,1.842543587428767,True,2.880154888888887,4.464657996211909,5.3260527111111715,-1.330270324293922,-1.8799999999999994,0.0,0.0,2.7777777777777777,2.7777777777777777,13.88888888888889,37.28235007921538,36.77777777777777,-0.03285418726597045,-2.220446049250313e-16,-0.8,-0.8,2.7777777777777777,2.7777777777777777
59,0.9,False,0,1.9549259946978084,True,2.880154888888887,4.430056837707196,5.518331866666867,-1.4590288723935134,-1.8900000000000028,0.0,0.0,2.7777777777777777,2.7777777777777777,13.88888888888889,38.51116394714461,39.0,-0.17705950050637154,-0.02000000000000024,-0.9,-0.9,2.7777777777777777,2.7777777777777777
59,1.0,False,0,1.842543587428767,True,2.880154888888887,4.245257073232577,5.7961357333332275,-1.6157447845506099,-1.7999999999999998,0.0,0.0,2.7777777777777777,2.7777777777777777,13.88888888888889,41.10568896218102,41.222222222222214,0.40234478696645537,0.0,-1.0,-1.0,2.7777777777777777,2.7777777777777777
59,1.1,False,0,1.842543587428767,True,2.880154888888887,4.517954033479907,5.608443199999837,-1.5680545020148373,-1.8799999999999981,0.0,0.0,2.7777777777777777,2.7777777777777777,13.88888888888889,41.732407971635205,42.333333333333336,0.6617387067029776,-0.0499999999999996,-1.1,-1.1,2.7777777777777777,2.7777777777777777
59,1.2000000000000002,False,0,1.9549259946978084,True,2.880154888888887,4.146751646972999,6.139421999999951,-1.3569948198594668,-1.7999999999999998,0.0,0.0,2.7777777777777777,2.7777777777777777,13.88888888888889,45.004012357826824,43.44444444444444,0.5582865491822155,-0.07999999999999963,-1.2000000000000002,-1.2000000000000002,2.7777777777777777,2.7777777777777777
59,1.3,False,0,1.842543587428767,True,2.880154888888887,4.168774017709805,6.080229599999993,-1.4927050224404979,-1.8899999999999997,0.0,0.0,2.7777777777777777,2.7777777777777777,13.88888888888889,44.21715631254983,44.55555555555556,0.09724114343159318,-0.09000000000000008,-1.3,-1.3,2.7777777777777777,2.7777777777777777
59,1.4000000000000001,False,0,1.9549259946978084,True,2.880154888888887,4.2639314995291615,5.857031511111129,-1.0084311144757505,-1.8999999999999986,0.0,0.0,2.7777777777777777,2.7777777777777777,13.88888888888889,45.06289328421538,45.66666666666666,-0.42078022292268313,-0.08000000000000007,-1.4000000000000001,-1.4000000000000001,2.7777777777777777,2.7777777777777777
59,1.5,False,0,1.842543587428767,True,2.880154888888887,3.3686230911132897,5.606739822222122,-1.216698088233238,-1.7999999999999998,0.0,0.0,2.7777777777777777,2.7777777777777777,13.88888888888889,46.83590111411049,46.77777777777778,0.3808248051889831,-0.04999999999999982,-1.5,-1.5,2.7777777777777777,2.7777777777777777
59,1.6,False,0,1.9549259946978084,True,2.880154888888887,4.529081078031422,5.8237563333334466,-0.7089525018540546,-1.879999999999999,0.0,0.0,2.7777777777777777,2.7777777777777777,13.88888888888889,48.17991115511915,46.77777777777778,0.27268976006516255,-0.1599999999999997,-1.6,-1.6,2.7777777777777777,2.7777777777777777
59,1.7000000000000002,False,0,1.729695875416127,True,2.880154888888887,4.550947022760153,5.353882600000088,-1.5764714117062444,-1.8300000000000005,0.0,0.0,2.7777777777777777,2.7777777777777777,13.88888888888889,47.64646722502854,47.88888888888888,-0.6017857558010853,-0.09999999999999964,-1.7000000000000002,-1.7000000000000002,2.7777777777777777,2.7777777777777777
