long_dist,lat_vel,Crash,Crash type,minTTC,reacted,ego_speed,perceived_gap,true_gap,perceived_lat_gap,true_lat_gap,perceived_lat_speed,true_lat_speed,perceived_speed,true_speed,entry_ego_speed,entry_perceived_gap,entry_true_gap,entry_perceived_lat_gap,entry_true_lat_gap,entry_perceived_lat_speed,entry_true_lat_speed,entry_perceived_speed,entry_true_speed
1,0.0,False,0,4.0,False,19.444444444444443,0.7824436886351869,-3.999999999999999,1.1251666520751304,1.6,0.0,0.0,11.11111111111111,11.11111111111111,,,,,,,,,
1,0.1,False,0,4.0,True,19.444444444444443,-4.002975179101738,-3.999999999999999,1.074668169727592,1.54,-0.1,-0.1,11.11111111111111,11.11111111111111,19.444444444444443,127.23070370202988,124.56666666666813,0.393888160549809,-0.00999999999999579,-0.1,-0.1,11.11111111111111,11.11111111111111
1,0.2,False,0,4.0,True,19.444444444444443,-3.1052903127903315,-3.999999999999999,1.0233738760448379,1.48,-0.2,-0.2,11.11111111111111,11.11111111111111,19.444444444444443,58.57412358638085,57.90000000000026,-0.18807640640452594,-0.019999999999997353,-0.2,-0.2,11.11111111111111,11.11111111111111
1,0.30000000000000004,False,0,4.0,False,19.444444444444443,-1.323047784179102,-3.999999999999999,1.5967515273232578,1.42,-0.30000000000000004,-0.30000000000000004,11.11111111111111,11.11111111111111,19.444444444444443,35.81590298695632,35.400000000000006,-0.44477253751697043,-0.020000000000001572,-0.30000000000000004,-0.30000000000000004,11.11111111111111,11.11111111111111
1,0.4,False,0,2.900000000000001,False,19.444444444444443,-1.368917230771916,-3.999999999999999,1.812135060482904,1.3599999999999999,-0.4,-0.4,11.11111111111111,11.11111111111111,19.444444444444443,23.695233076415345,23.733333333333324,0.0048309445801160145,-6.661338147750939e-16,-0.4,-0.4,11.11111111111111,11.11111111111111
1,0.5,False,0,2.1,False,19.444444444444443,-2.1145797393722754,-3.999999999999999,1.7680301955534232,1.3000000000000003,-0.5,-0.5,11.11111111111111,11.11111111111111,19.444444444444443,17.067181220824498,17.066666666666652,0.49281352658244026,0.0,-0.5,-0.5,11.11111111111111,11.11111111111111
1,0.6000000000000001,False,0,1.5666666666666664,False,19.444444444444443,-4.0908092294822564,-3.999999999999999,0.8087806704036198,1.2400000000000002,-0.6000000000000001,-0.6000000000000001,11.11111111111111,11.11111111111111,19.444444444444443,13.729756392595906,12.89999999999998,-0.4038727805344067,-0.019999999999999574,-0.6000000000000001,-0.6000000000000001,11.11111111111111,11.11111111111111
1,0.7000000000000001,False,0,1.1857142857142857,False,19.444444444444443,-4.110725589636517,-3.999999999999999,2.0431215699287613,1.1800000000000002,-0.7000000000000001,-0.7000000000000001,11.11111111111111,11.11111111111111,19.444444444444443,10.27052936596143,9.566666666666638,-0.09239957031565815,-0.009999999999999343,-0.7000000000000001,-0.7000000000000001,11.11111111111111,11.11111111111111
1,0.8,False,0,0.9000000000000002,True,19.444444444444443,-2.4784740021539884,-3.999999999999999,0.3992072212859381,1.12,-0.8,-0.8,11.11111111111111,11.11111111111111,19.444444444444443,10.404681094690119,7.066666666666646,-0.3035427863629314,-2.220446049250313e-16,-0.8,-0.8,11.11111111111111,11.11111111111111
1,0.9,False,0,0.6777777777777776,True,19.444444444444443,-2.9095408841321335,-3.999999999999999,0.9824316827336825,1.06,-0.9,-0.9,11.11111111111111,11.11111111111111,19.444444444444443,9.717123354322045,5.399999999999982,1.090623547208856,-0.02000000000000024,-0.9,-0.9,11.11111111111111,11.11111111111111
1,1.0,False,0,0.5,False,19.444444444444443,-3.6346245925939415,-3.999999999999999,1.0558928703607657,1.0,-1.0,-1.0,11.11111111111111,11.11111111111111,19.444444444444443,4.357909309967661,3.733333333333321,0.801829223721064,0.0,-1.0,-1.0,11.11111111111111,11.11111111111111
1,1.1,False,0,0.3545454545454546,True,19.444444444444443,-1.3310241241243324,-3.999999999999999,1.0309060170467177,0.94,-1.1,-1.1,11.11111111111111,11.11111111111111,19.444444444444443,7.158772494041842,2.899999999999989,1.497169064981049,-0.0499999999999996,-1.1,-1.1,11.11111111111111,11.11111111111111
1,1.2000000000000002,False,0,0.2333333333333335,False,19.444444444444443,-3.64369131404358,-3.999999999999999,0.8537887913881739,0.8799999999999999,-1.2000000000000002,-1.2000000000000002,11.11111111111111,11.11111111111111,19.444444444444443,3.624708618531149,2.0666666666666567,0.5211667497538275,-0.07999999999999963,-1.2000000000000002,-1.2000000000000002,11.11111111111111,11.11111111111111
1,1.3,False,0,0.13076923076923072,True,19.444444444444443,-3.164443466511478,-3.999999999999999,1.6569544769914977,0.8199999999999998,-1.3,-1.3,11.11111111111111,11.11111111111111,19.444444444444443,2.5318640671616004,1.2333333333333245,1.1535955754760576,-0.09000000000000008,-1.3,-1.3,11.11111111111111,11.11111111111111
1,1.4000000000000001,False,0,0.04285714285714273,True,19.444444444444443,-3.393798058075915,-3.999999999999999,1.3589609710478072,0.7600000000000002,-1.4000000000000001,-1.4000000000000001,11.11111111111111,11.11111111111111,19.444444444444443,2.6817164191460323,0.3999999999999959,0.11534744737872105,-0.08000000000000007,-1.4000000000000001,-1.4000000000000001,11.11111111111111,11.11111111111111
1,1.5,True,1,0.0,True,19.444444444444443,-4.100229535956026,-3.999999999999999,0.7357997758118469,0.7000000000000002,-1.5,-1.5,11.11111111111111,11.11111111111111,19.444444444444443,1.0927371126235803,-0.4333333333333398,-0.1871251694845968,-0.04999999999999982,-1.5,-1.5,11.11111111111111,11.11111111111111
1,1.6,True,1,0.0,False,19.444444444444443,-3.2055845521345576,-3.999999999999999,0.9824362493904704,0.6400000000000001,-1.6,-1.6,11.11111111111111,11.11111111111111,19.444444444444443,1.693525577202922,-0.4333333333333398,0.3647593890180896,-0.1599999999999997,-1.6,-1.6,11.11111111111111,11.11111111111111
1,1.7000000000000002,True,1,0.0,False,19.444444444444443,-3.53539582182417,-3.999999999999999,0.8786657526123212,0.5800000000000001,-1.7000000000000002,-1.7000000000000002,11.11111111111111,11.11111111111111,19.444444444444443,-0.45088927957948766,-1.2666666666666684,0.1713828840228122,-0.09999999999999964,-1.7000000000000002,-1.7000000000000002,11.11111111111111,11.11111111111111
3,0.0,False,0,4.0,False,19.444444444444443,-3.123441693716212,-4.1000000000000005,1.6508461415420799,1.6,0.0,0.0,11.11111111111111,11.11111111111111,,,,,,,,,
3,0.1,False,0,4.0,True,19.444444444444443,-2.6688061488993595,-4.1000000000000005,2.141480496883059,1.5100000000000002,-0.1,-0.1,11.11111111111111,11.11111111111111,19.444444444444443,125.63653919275124,122.56666666666813,-0.4454318860770874,-0.00999999999999579,-0.1,-0.1,11.11111111111111,11.11111111111111
3,0.2,False,0,4.0,True,19.444444444444443,-0.27543413992400456,-4.1000000000000005,1.4318301111327467,1.42,-0.2,-0.2,11.11111111111111,11.11111111111111,19.444444444444443,56.388985267126614,55.90000000000026,-0.550512083060402,-0.019999999999997353,-0.2,-0.2,11.11111111111111,11.11111111111111
3,0.30000000000000004,False,0,4.0,False,19.444444444444443,-1.3814506712549806,-4.1000000000000005,0.5795515765400441,1.33,-0.30000000000000004,-0.30000000000000004,11.11111111111111,11.11111111111111,19.444444444444443,34.54465834598524,33.400000000000006,-0.5178037319875952,-0.020000000000001572,-0.30000000000000004,-0.30000000000000004,11.11111111111111,11.11111111111111
3,0.4,False,0,2.7000000000000006,False,19.444444444444443,-1.8755123397741782,-4.1000000000000005,2.0281311660323516,1.2400000000000002,-0.4,-0.4,11.11111111111111,11.11111111111111,19.444444444444443,21.216405600904626,21.733333333333324,0.5422733955445156,-6.661338147750939e-16,-0.4,-0.4,11.11111111111111,11.11111111111111
3,0.5,False,0,1.9000000000000004,True,19.444444444444443,-2.711399984290579,-4.1000000000000005,1.2766962198703826,1.15,-0.5,-0.5,11.11111111111111,11.11111111111111,19.444444444444443,17.176186042230174,15.066666666666652,0.6483352724761082,0.0,-0.5,-0.5,11.11111111111111,11.11111111111111
3,0.6000000000000001,False,0,1.366666666666667,False,19.444444444444443,-4.263065797045747,-4.1000000000000005,0.6446393667106443,1.06,-0.6000000000000001,-0.6000000000000001,11.11111111111111,11.11111111111111,19.444444444444443,13.6818113374859,10.89999999999998,-0.13580001137720954,-0.019999999999999574,-0.6000000000000001,-0.6000000000000001,11.11111111111111,11.11111111111111
3,0.7000000000000001,False,0,0.9857142857142855,True,19.444444444444443,-3.1188961481958932,-4.1000000000000005,1.7327407965684523,0.9700000000000002,-0.7000000000000001,-0.7000000000000001,11.11111111111111,11.11111111111111,19.444444444444443,8.628987173816132,7.566666666666639,-0.054714106463511936,-0.009999999999999343,-0.7000000000000001,-0.7000000000000001,11.11111111111111,11.11111111111111
3,0.8,False,0,0.7000000000000001,False,19.444444444444443,-3.1984078217337837,-4.1000000000000005,0.6521605017252776,0.8800000000000003,-0.8,-0.8,11.11111111111111,11.11111111111111,19.444444444444443,5.794853214859089,5.066666666666646,1.1563253487618739,-2.220446049250313e-16,-0.8,-0.8,11.11111111111111,11.11111111111111
3,0.9,False,0,0.47777777777777747,True,19.444444444444443,-2.459448270084976,-4.1000000000000005,-0.30010410945948474,0.79,-0.9,-0.9,11.11111111111111,11.11111111111111,19.444444444444443,7.114857823736025,3.3999999999999817,0.3019981576247268,-0.02000000000000024,-0.9,-0.9,11.11111111111111,11.11111111111111
3,1.0,False,0,0.30000000000000027,True,19.444444444444443,-1.9382572849410886,-4.1000000000000005,2.1237413771061537,0.7000000000000002,-1.0,-1.0,11.11111111111111,11.11111111111111,19.444444444444443,0.9019582679651643,1.733333333333321,0.22532433589858636,0.0,-1.0,-1.0,11.11111111111111,11.11111111111111
3,1.1,False,0,0.15454545454545487,False,19.444444444444443,-1.5050606224542937,-4.1000000000000005,1.3444506623759054,0.6100000000000003,-1.1,-1.1,11.11111111111111,11.11111111111111,19.444444444444443,3.5094025655275987,0.8999999999999888,0.013464333199057377,-0.0499999999999996,-1.1,-1.1,11.11111111111111,11.11111111111111
3,1.2000000000000002,False,0,0.03333333333333354,True,19.444444444444443,-3.780933917359248,-4.1000000000000005,0.2096225340928548,0.52,-1.2000000000000002,-1.2000000000000002,11.11111111111111,11.11111111111111,19.444444444444443,2.105756243867785,0.06666666666665666,0.45550286035999843,-0.07999999999999963,-1.2000000000000002,-1.2000000000000002,11.11111111111111,11.11111111111111
3,1.3,True,1,0.0,False,19.444444444444443,-2.7379798589612205,-4.1000000000000005,-0.040928423998467967,0.43000000000000016,-1.3,-1.3,11.11111111111111,11.11111111111111,19.444444444444443,-0.586804365051953,-0.7666666666666755,0.1345548973119377,-0.09000000000000008,-1.3,-1.3,11.11111111111111,11.11111111111111
3,1.4000000000000001,True,1,0.0,False,19.444444444444443,-3.169662374807852,-4.1000000000000005,0.06255587320567857,0.33999999999999986,-1.4000000000000001,-1.4000000000000001,11.11111111111111,11.11111111111111,19.444444444444443,0.45036410310908526,-1.600000000000004,-0.08452498890880755,-0.08000000000000007,-1.4000000000000001,-1.4000000000000001,11.11111111111111,11.11111111111111
3,1.5,True,1,0.0,True,19.444444444444443,-1.8177927232832323,-4.1000000000000005,-0.06073673784534961,0.25,-1.5,-1.5,11.11111111111111,11.11111111111111,19.444444444444443,-0.5087914360077646,-2.43333333333334,0.28790149429232725,-0.04999999999999982,-1.5,-1.5,11.11111111111111,11.11111111111111
3,1.6,True,1,0.0,False,19.444444444444443,-2.2854540921941284,-4.1000000000000005,-0.6488754598348936,0.16000000000000014,-1.6,-1.6,11.11111111111111,11.11111111111111,19.444444444444443,-2.0937577084773364,-2.43333333333334,-0.9076475803923995,-0.1599999999999997,-1.6,-1.6,11.11111111111111,11.11111111111111
3,1.7000000000000002,True,1,0.0,True,19.444444444444443,-3.4492619372661926,-4.1000000000000005,-0.8707301361639688,0.07000000000000028,-1.7000000000000002,-1.7000000000000002,11.11111111111111,11.11111111111111,19.444444444444443,-1.413485732828792,-3.2666666666666684,0.5945036898728411,-0.09999999999999964,-1.7000000000000002,-1.7000000000000002,11.11111111111111,11.11111111111111
5,0.0,False,0,4.0,True,19.444444444444443,1.566728222945586,-4.16666666666666,1.3078613725244197,1.6,0.0,0.0,11.11111111111111,11.11111111111111,,,,,,,,,
5,0.1,False,0,4.0,False,19.444444444444443,3.1813614463791025,-4.16666666666666,1.3527103686913367,1.4900000000000002,-0.1,-0.1,11.11111111111111,11.11111111111111,19.444444444444443,121.61792663471108,120.56666666666813,-0.4251251562119842,-0.00999999999999579,-0.1,-0.1,11.11111111111111,11.11111111111111
5,0.2,False,0,4.0,False,19.444444444444443,-3.494432165249683,-4.16666666666666,1.2589419287055308,1.3800000000000003,-0.2,-0.2,11.11111111111111,11.11111111111111,19.444444444444443,56.60381707060368,53.90000000000026,0.022485047231413757,-0.019999999999997353,-0.2,-0.2,11.11111111111111,11.11111111111111
5,0.30000000000000004,False,0,3.733333333333334,True,19.444444444444443,-2.2378616254556176,-4.16666666666666,0.4436483503756916,1.27,-0.30000000000000004,-0.30000000000000004,11.11111111111111,11.11111111111111,19.444444444444443,34.74152558098643,31.400000000000002,-0.33819124333143,-0.020000000000001572,-0.30000000000000004,-0.30000000000000004,11.11111111111111,11.11111111111111
5,0.4,False,0,2.4,True,19.444444444444443,-3.6050960445648625,-4.16666666666666,0.7485986205257822,1.1600000000000001,-0.4,-0.4,11.11111111111111,11.11111111111111,19.444444444444443,19.9410772142781,19.733333333333317,-0.38736424861539054,-6.661338147750939e-16,-0.4,-0.4,11.11111111111111,11.11111111111111
5,0.5,False,0,1.6000000000000005,False,19.444444444444443,-3.7100427268477842,-4.16666666666666,0.6089886931578596,1.0500000000000003,-0.5,-0.5,11.11111111111111,11.11111111111111,19.444444444444443,16.05756769760119,13.066666666666645,0.5661742244385661,0.0,-0.5,-0.5,11.11111111111111,11.11111111111111
5,0.6000000000000001,False,0,1.0666666666666667,True,19.444444444444443,-1.5304846168158113,-4.16666666666666,1.4663576106583949,0.94,-0.6000000000000001,-0.6000000000000001,11.11111111111111,11.11111111111111,19.444444444444443,8.640748363795819,8.899999999999974,-0.09705002251755879,-0.019999999999999574,-0.6000000000000001,-0.6000000000000001,11.11111111111111,11.11111111111111
5,0.7000000000000001,False,0,0.6857142857142863,False,19.444444444444443,-3.395176850388725,-4.16666666666666,-0.8937448238868984,0.8300000000000001,-0.7000000000000001,-0.7000000000000001,11.11111111111111,11.11111111111111,19.444444444444443,7.042906925448809,5.566666666666639,-0.1544911689542432,-0.009999999999999343,-0.7000000000000001,-0.7000000000000001,11.11111111111111,11.11111111111111
5,0.8,False,0,0.3999999999999998,False,19.444444444444443,-4.298663710354929,-4.16666666666666,0.41121968097798156,0.7200000000000002,-0.8,-0.8,11.11111111111111,11.11111111111111,19.444444444444443,2.9144064333333484,3.066666666666646,1.2160541490039942,-2.220446049250313e-16,-0.8,-0.8,11.11111111111111,11.11111111111111
5,0.9,False,0,0.17777777777777745,True,19.444444444444443,-4.020460324594345,-4.16666666666666,1.2400897570505625,0.6099999999999999,-0.9,-0.9,11.11111111111111,11.11111111111111,19.444444444444443,1.8204960531487027,1.3999999999999817,0.422399236485671,-0.02000000000000024,-0.9,-0.9,11.11111111111111,11.11111111111111
5,1.0,False,0,0.0,True,19.444444444444443,-3.4983105433441777,-4.16666666666666,1.484655263152808,0.5,-1.0,-1.0,11.11111111111111,11.11111111111111,19.444444444444443,1.619166924195608,-0.26666666666667904,0.2481475320681361,0.0,-1.0,-1.0,11.11111111111111,11.11111111111111
5,1.1,True,1,0.0,True,19.444444444444443,-2.275899513704153,-4.16666666666666,0.5698310196759508,0.3900000000000001,-1.1,-1.1,11.11111111111111,11.11111111111111,19.444444444444443,4.682886426952764,-1.1000000000000112,-0.09549132041897335,-0.0499999999999996,-1.1,-1.1,11.11111111111111,11.11111111111111
5,1.2000000000000002,True,1,0.0,True,19.444444444444443,-3.142600464157794,-4.16666666666666,0.3669348633575269,0.28000000000000025,-1.2000000000000002,-1.2000000000000002,11.11111111111111,11.11111111111111,19.444444444444443,-1.0331471036200304,-1.9333333333333433,0.9768286197946634,-0.07999999999999963,-1.2000000000000002,-1.2000000000000002,11.11111111111111,11.11111111111111
5,1.3,True,1,0.0,True,19.444444444444443,-3.754878141544796,-4.16666666666666,0.2808590984792847,0.16999999999999993,-1.3,-1.3,11.11111111111111,11.11111111111111,19.444444444444443,-2.659808723660656,-2.7666666666666755,-1.1140165893346723,-0.09000000000000008,-1.3,-1.3,11.11111111111111,11.11111111111111
5,1.4000000000000001,True,1,0.0,False,19.444444444444443,-3.991017251416081,-4.16666666666666,-0.33224688566002514,0.05999999999999983,-1.4000000000000001,-1.4000000000000001,11.11111111111111,11.11111111111111,19.444444444444443,-2.3002103462104264,-3.600000000000004,0.22121098684641494,-0.08000000000000007,-1.4000000000000001,-1.4000000000000001,11.11111111111111,11.11111111111111
5,1.5,True,2,0.0,True,19.444444444444443,-3.908179281381435,-4.16666666666666,-1.1734090215951358,-0.04999999999999982,-1.5,-1.5,11.11111111111111,11.11111111111111,19.444444444444443,-3.908179281381435,-4.16666666666666,-1.1734090215951358,-0.04999999999999982,-1.5,-1.5,11.11111111111111,11.11111111111111
5,1.6,True,2,0.0,True,19.444444444444443,-3.5832633997803915,-4.16666666666666,0.5380878028026816,-0.1599999999999997,-1.6,-1.6,11.11111111111111,11.11111111111111,19.444444444444443,-3.5832633997803915,-4.16666666666666,0.5380878028026816,-0.1599999999999997,-1.6,-1.6,11.11111111111111,11.11111111111111
5,1.7000000000000002,True,2,0.0,True,19.444444444444443,-2.678228928553838,-4.16666666666666,0.7298114175404331,-0.2699999999999996,-1.7000000000000002,-1.7000000000000002,11.11111111111111,11.11111111111111,19.444444444444443,-2.6672422554179205,-3.3333333333333313,-0.782248069461045,-0.09999999999999964,-1.7000000000000002,-1.7000000000000002,11.11111111111111,11.11111111111111
7,0.0,False,0,4.0,False,19.444444444444443,-3.474987328628159,-3.9333333333333433,1.7723270132415792,1.6,0.0,0.0,11.11111111111111,11.11111111111111,,,,,,,,,
7,0.1,False,0,4.0,True,19.444444444444443,-1.553065022362321,-3.9333333333333433,0.8778254490848632,1.46,-0.1,-0.1,11.11111111111111,11.11111111111111,19.444444444444443,119.04603937589472,118.56666666666813,-0.5211870085774237,-0.00999999999999579,-0.1,-0.1,11.11111111111111,11.11111111111111
7,0.2,False,0,4.0,True,19.444444444444443,-1.7422228636687853,-3.9333333333333433,1.517354329475768,1.3199999999999998,-0.2,-0.2,11.11111111111111,11.11111111111111,19.444444444444443,52.33678004806555,51.90000000000026,0.6236061525968157,-0.019999999999997353,-0.2,-0.2,11.11111111111111,11.11111111111111
7,0.30000000000000004,False,0,3.5333333333333323,False,19.444444444444443,-1.9231227329948117,-3.9333333333333433,2.511071861430136,1.1800000000000002,-0.30000000000000004,-0.30000000000000004,11.11111111111111,11.11111111111111,19.444444444444443,30.294661839745313,29.400000000000002,-0.03419034277181976,-0.020000000000001572,-0.30000000000000004,-0.30000000000000004,11.11111111111111,11.11111111111111
7,0.4,False,0,2.1999999999999997,False,19.444444444444443,-0.8195493221294603,-3.9333333333333433,0.5992073727837264,1.04,-0.4,-0.4,11.11111111111111,11.11111111111111,19.444444444444443,17.97653124643669,17.733333333333317,-0.8096724883444337,-6.661338147750939e-16,-0.4,-0.4,11.11111111111111,11.11111111111111
7,0.5,False,0,1.4000000000000004,True,19.444444444444443,-1.7038907771006526,-3.9333333333333433,1.5432774777652458,0.8999999999999999,-0.5,-0.5,11.11111111111111,11.11111111111111,19.444444444444443,11.539146131105202,11.066666666666645,0.3417172257225549,0.0,-0.5,-0.5,11.11111111111111,11.11111111111111
7,0.6000000000000001,False,0,0.8666666666666674,True,19.444444444444443,0.5401527339860523,-3.9333333333333433,0.7601425953771517,0.7600000000000002,-0.6000000000000001,-0.6000000000000001,11.11111111111111,11.11111111111111,19.444444444444443,6.6764051164035765,6.899999999999975,-0.8269655984454594,-0.019999999999999574,-0.6000000000000001,-0.6000000000000001,11.11111111111111,11.11111111111111
7,0.7000000000000001,False,0,0.4857142857142861,True,19.444444444444443,-4.112008897383542,-3.9333333333333433,0.5615535572242192,0.6200000000000001,-0.7000000000000001,-0.7000000000000001,11.11111111111111,11.11111111111111,19.444444444444443,4.496525447659562,3.566666666666639,-0.4607754020511097,-0.009999999999999343,-0.7000000000000001,-0.7000000000000001,11.11111111111111,11.11111111111111
7,0.8,False,0,0.09999999999999953,True,18.84444444444444,1.3272228015121295,-4.053333333333341,1.0741648898021143,0.48,-0.8,-0.8,11.11111111111111,11.11111111111111,18.84444444444444,2.162656457161014,0.586666666666642,-0.03706934307904186,-2.220446049250313e-16,-0.8,-0.8,11.11111111111111,11.11111111111111
7,0.9,True,1,0.0,True,19.444444444444443,-3.4210074465224514,-3.9333333333333433,1.4562008309004488,0.33999999999999986,-0.9,-0.9,11.11111111111111,11.11111111111111,19.444444444444443,0.45723306017382104,-0.6000000000000183,-0.5457384429265146,-0.02000000000000024,-0.9,-0.9,11.11111111111111,11.11111111111111
7,1.0,True,1,0.0,False,19.444444444444443,-2.709903078902058,-3.9333333333333433,-0.44787774506896527,0.20000000000000018,-1.0,-1.0,11.11111111111111,11.11111111111111,19.444444444444443,-2.638659631459915,-2.266666666666679,0.014256414935418293,0.0,-1.0,-1.0,11.11111111111111,11.11111111111111
7,1.1,True,1,0.0,True,19.444444444444443,0.6023093275306453,-3.9333333333333433,-0.35854535563009726,0.0600000000000005,-1.1,-1.1,11.11111111111111,11.11111111111111,19.444444444444443,-2.29713831705656,-3.100000000000011,0.756733319641246,-0.0499999999999996,-1.1,-1.1,11.11111111111111,11.11111111111111
7,1.2000000000000002,True,1,0.0,True,19.444444444444443,-1.3725322377344709,-3.9333333333333433,1.1786728114258191,-0.07999999999999963,-1.2000000000000002,-1.2000000000000002,11.11111111111111,11.11111111111111,19.444444444444443,-1.3725322377344709,-3.9333333333333433,1.1786728114258191,-0.07999999999999963,-1.2000000000000002,-1.2000000000000002,11.11111111111111,11.11111111111111
7,1.3,True,2,0.0,True,18.84444444444444,-1.534297164196146,-4.053333333333341,-0.6615798310806837,-0.2200000000000002,-1.3,-1.3,11.11111111111111,11.11111111111111,18.84444444444444,-3.6519919100802296,-3.7733333333333254,0.6192975659278432,-0.09000000000000008,-1.3,-1.3,11.11111111111111,11.11111111111111
7,1.4000000000000001,True,2,0.0,True,19.444444444444443,-3.1260842133417333,-3.9333333333333433,-0.8144137335917547,-0.35999999999999965,-1.4000000000000001,-1.4000000000000001,11.11111111111111,11.11111111111111,19.444444444444443,-2.426498832349803,-2.9999999999999956,1.1043692397919203,-0.08000000000000007,-1.4000000000000001,-1.4000000000000001,11.11111111111111,11.11111111111111
7,1.5,True,2,0.0,True,19.444444444444443,-1.9483933544611345,-3.9333333333333433,-0.5056198931743943,-0.5,-1.5,-1.5,11.11111111111111,11.11111111111111,19.444444444444443,-2.140199434357423,-2.16666666666666,0.6202022903322759,-0.04999999999999982,-1.5,-1.5,11.11111111111111,11.11111111111111
7,1.6,True,2,0.0,True,19.444444444444443,-1.228213058638203,-3.9333333333333433,0.11418607453150154,-0.6400000000000001,-1.6,-1.6,11.11111111111111,11.11111111111111,19.444444444444443,-2.9909504883559803,-2.16666666666666,-0.07826928059089977,-0.1599999999999997,-1.6,-1.6,11.11111111111111,11.11111111111111
7,1.7000000000000002,True,2,0.0,True,19.444444444444443,-0.9600295867738096,-3.9333333333333433,-1.2222923757003135,-0.7799999999999994,-1.7000000000000002,-1.7000000000000002,11.11111111111111,11.11111111111111,19.444444444444443,-1.0401101153124328,-1.3333333333333313,-0.09717131244632404,-0.09999999999999964,-1.7000000000000002,-1.7000000000000002,11.11111111111111,11.11111111111111
9,0.0,False,0,4.0,False,19.444444444444443,-2.2616270026530456,-4.266666666666679,1.0860550927995827,1.6,0.0,0.0,11.11111111111111,11.11111111111111,,,,,,,,,
9,0.1,False,0,4.0,True,19.444444444444443,-0.43180215353394313,-4.266666666666679,1.4995775866289014,1.44,-0.1,-0.1,11.11111111111111,11.11111111111111,19.444444444444443,116.3949666036347,116.56666666666813,-1.2890999867933417,-0.00999999999999579,-0.1,-0.1,11.11111111111111,11.11111111111111
9,0.2,False,0,4.0,False,19.444444444444443,-3.5926676470398595,-4.266666666666679,1.3238355769443664,1.2799999999999998,-0.2,-0.2,11.11111111111111,11.11111111111111,19.444444444444443,53.44672733211725,49.90000000000026,-0.2726996745380137,-0.019999999999997353,-0.2,-0.2,11.11111111111111,11.11111111111111
9,0.30000000000000004,False,0,3.2333333333333334,True,19.444444444444443,-2.5446148568430855,-4.266666666666679,0.41424112466860974,1.12,-0.30000000000000004,-0.30000000000000004,11.11111111111111,11.11111111111111,19.444444444444443,28.176809711337196,27.400000000000002,-0.3017220535715359,-0.020000000000001572,-0.30000000000000004,-0.30000000000000004,11.11111111111111,11.11111111111111
9,0.4,False,0,1.8999999999999995,True,19.444444444444443,-2.651332661255398,-4.266666666666679,0.48773215099493994,0.96,-0.4,-0.4,11.11111111111111,11.11111111111111,19.444444444444443,17.54863078128579,15.733333333333317,-0.47432045913804455,-6.661338147750939e-16,-0.4,-0.4,11.11111111111111,11.11111111111111
9,0.5,False,0,1.1000000000000005,True,19.444444444444443,-2.948144597370937,-4.266666666666679,0.9467256598628002,0.8000000000000003,-0.5,-0.5,11.11111111111111,11.11111111111111,19.444444444444443,11.279585656574827,9.066666666666645,-0.2643835131794954,0.0,-0.5,-0.5,11.11111111111111,11.11111111111111
9,0.6000000000000001,False,0,0.5666666666666671,False,19.444444444444443,-3.6578314221918076,-4.266666666666679,2.072810909560559,0.6400000000000001,-0.6000000000000001,-0.6000000000000001,11.11111111111111,11.11111111111111,19.444444444444443,6.842184315231461,4.899999999999975,0.4796271652101134,-0.019999999999999574,-0.6000000000000001,-0.6000000000000001,11.11111111111111,11.11111111111111
9,0.7000000000000001,False,0,0.1857142857142868,True,19.444444444444443,-2.4757594379814547,-4.266666666666679,-0.03594375444445497,0.4800000000000004,-0.7000000000000001,-0.7000000000000001,11.11111111111111,11.11111111111111,19.444444444444443,2.6401474144711417,1.566666666666639,0.12764048546380025,-0.009999999999999343,-0.7000000000000001,-0.7000000000000001,11.11111111111111,11.11111111111111
9,0.8,True,1,0.0,True,19.444444444444443,-3.7797204706158984,-4.266666666666679,0.7248608059118871,0.31999999999999984,-0.8,-0.8,11.11111111111111,11.11111111111111,19.444444444444443,0.11448639031227703,-0.933333333333354,-0.5755978114229379,-2.220446049250313e-16,-0.8,-0.8,11.11111111111111,11.11111111111111
9,0.9,True,1,0.0,True,19.444444444444443,-3.0169374014641646,-4.266666666666679,0.08330920589604296,0.1599999999999997,-0.9,-0.9,11.11111111111111,11.11111111111111,19.444444444444443,0.12583663069227047,-2.6000000000000183,0.30573684943949164,-0.02000000000000024,-0.9,-0.9,11.11111111111111,11.11111111111111
9,1.0,True,1,0.0,True,18.84444444444444,-4.191323158314552,-4.213333333333323,0.4371351210975636,0.0,-1.0,-1.0,11.11111111111111,11.11111111111111,18.84444444444444,-4.191323158314552,-4.213333333333323,0.4371351210975636,0.0,-1.0,-1.0,11.11111111111111,11.11111111111111
9,1.1,True,2,0.0,True,19.444444444444443,-2.166761251907004,-4.266666666666679,1.0467804064621573,-0.1599999999999997,-1.1,-1.1,11.11111111111111,11.11111111111111,19.444444444444443,-2.6076261146538533,-3.4999999999999885,0.08187733457525637,-0.0499999999999996,-1.1,-1.1,11.11111111111111,11.11111111111111
9,1.2000000000000002,True,2,0.0,True,18.84444444444444,-4.112766194513465,-4.213333333333323,0.5044613279967143,-0.3199999999999994,-1.2000000000000002,-1.2000000000000002,11.11111111111111,11.11111111111111,19.444444444444443,-3.6989072476559484,-2.6666666666666563,-0.31358155810656085,-0.07999999999999963,-1.2000000000000002,-1.2000000000000002,11.11111111111111,11.11111111111111
9,1.3,True,2,0.0,True,18.84444444444444,-1.3574098935076604,-4.273333333333322,-0.6456058997549661,-0.4800000000000004,-1.3,-1.3,11.11111111111111,11.11111111111111,19.444444444444443,-3.5032830640761032,-1.8333333333333242,0.8763651237456629,-0.09000000000000008,-1.3,-1.3,11.11111111111111,11.11111111111111
9,1.4000000000000001,True,2,0.0,True,18.84444444444444,-0.2553272678979388,-4.213333333333323,-0.23421899977270821,-0.6399999999999992,-1.4000000000000001,-1.4000000000000001,11.11111111111111,11.11111111111111,19.444444444444443,-2.362490809906805,-0.9999999999999956,0.6186737150576107,-0.08000000000000007,-1.4000000000000001,-1.4000000000000001,11.11111111111111,11.11111111111111
9,1.5,True,2,0.0,True,19.444444444444443,-3.061919306272812,-4.266666666666679,-1.3974558684991845,-0.7999999999999998,-1.5,-1.5,11.11111111111111,11.11111111111111,19.444444444444443,-0.9170423143457631,-0.16666666666665986,-0.7542927198793352,-0.04999999999999982,-1.5,-1.5,11.11111111111111,11.11111111111111
9,1.6,True,2,0.0,True,19.444444444444443,-1.4393317981663492,-4.266666666666679,-0.23695677827747041,-0.9600000000000004,-1.6,-1.6,11.11111111111111,11.11111111111111,19.444444444444443,-4.259201790893221,-0.16666666666665986,0.06642466120051238,-0.1599999999999997,-1.6,-1.6,11.11111111111111,11.11111111111111
9,1.7000000000000002,True,2,0.0,True,19.444444444444443,-2.589108631549755,-4.266666666666679,-1.8172941919496155,-1.1199999999999992,-1.7000000000000002,-1.7000000000000002,11.11111111111111,11.11111111111111,19.444444444444443,-0.1675000633060959,0.6666666666666687,0.5474525580325538,-0.09999999999999964,-1.7000000000000002,-1.7000000000000002,11.11111111111111,11.11111111111111
11,0.0,False,0,4.0,False,19.444444444444443,0.09681999885797499,-3.9999999999999813,1.2001626446707023,1.6,0.0,0.0,11.11111111111111,11.11111111111111,,,,,,,,,
11,0.1,False,0,4.0,False,19.444444444444443,-2.268856187979483,-3.9999999999999813,0.7076110150908943,1.42,-0.1,-0.1,11.11111111111111,11.11111111111111,19.444444444444443,116.59684699381192,114.56666666666813,-0.3936141560234072,-0.00999999999999579,-0.1,-0.1,11.11111111111111,11.11111111111111
11,0.2,False,0,4.0,False,19.444444444444443,-1.2788270489521407,-3.9999999999999813,0.8824305217949631,1.2399999999999998,-0.2,-0.2,11.11111111111111,11.11111111111111,19.444444444444443,48.989007055487235,47.90000000000026,0.2943322729361304,-0.019999999999997353,-0.2,-0.2,11.11111111111111,11.11111111111111
11,0.30000000000000004,False,0,3.033333333333335,True,19.444444444444443,-0.4285187037261684,-3.9999999999999813,1.6371412035279689,1.06,-0.30000000000000004,-0.30000000000000004,11.11111111111111,11.11111111111111,19.444444444444443,28.04148213479925,25.400000000000002,0.018613130607002093,-0.020000000000001572,-0.30000000000000004,-0.30000000000000004,11.11111111111111,11.11111111111111
11,0.4,False,0,1.6999999999999993,False,19.444444444444443,-3.434978356534546,-3.9999999999999813,0.3666513050899085,0.8799999999999999,-0.4,-0.4,11.11111111111111,11.11111111111111,19.444444444444443,13.910855541903455,13.733333333333317,-1.1779836385783553,-6.661338147750939e-16,-0.4,-0.4,11.11111111111111,11.11111111111111
11,0.5,False,0,0.9000000000000004,True,19.444444444444443,-1.3994878397173336,-3.9999999999999813,1.3107713550630429,0.7000000000000002,-0.5,-0.5,11.11111111111111,11.11111111111111,19.444444444444443,10.057542750455692,7.066666666666646,-1.1599623681938256,0.0,-0.5,-0.5,11.11111111111111,11.11111111111111
11,0.6000000000000001,False,0,0.3666666666666677,True,19.444444444444443,-3.399745393321335,-3.9999999999999813,-0.9193531211485588,0.5200000000000005,-0.6000000000000001,-0.6000000000000001,11.11111111111111,11.11111111111111,18.84444444444444,6.797459966870176,2.359999999999954,-0.3577327744976766,-0.019999999999999574,-0.6000000000000001,-0.6000000000000001,11.11111111111111,11.11111111111111
11,0.7000000000000001,True,1,0.0,True,18.84444444444444,-3.0364716561941902,-3.939999999999979,-0.23250434756828264,0.3400000000000003,-0.7000000000000001,-0.7000000000000001,11.11111111111111,11.11111111111111,18.84444444444444,-0.5077826768858129,-0.7933333333333747,0.3652732192695316,-0.009999999999999343,-0.7000000000000001,-0.7000000000000001,11.11111111111111,11.11111111111111
11,0.8,True,1,0.0,True,19.444444444444443,-3.3022986075338308,-3.9999999999999813,1.0446700453431759,0.1599999999999997,-0.8,-0.8,11.11111111111111,11.11111111111111,19.444444444444443,2.8656226871329418,-2.933333333333354,0.5676796973053242,-2.220446049250313e-16,-0.8,-0.8,11.11111111111111,11.11111111111111
11,0.9,True,2,0.0,True,19.444444444444443,-2.538776426599166,-3.9999999999999813,0.1439789711922299,-0.02000000000000024,-0.9,-0.9,11.11111111111111,11.11111111111111,19.444444444444443,-2.538776426599166,-3.9999999999999813,0.1439789711922299,-0.02000000000000024,-0.9,-0.9,11.11111111111111,11.11111111111111
11,1.0,True,2,0.0,True,18.24444444444444,-3.1019975772516046,-4.186666666666677,-0.1186186427005822,-0.2999999999999998,-1.0,-1.0,11.11111111111111,11.11111111111111,18.84444444444444,-3.7983701053860583,-2.2733333333333183,0.006892708681207171,0.0,-1.0,-1.0,11.11111111111111,11.11111111111111
11,1.1,True,2,0.0,True,17.64444444444444,-0.7423884595635526,-4.113333333333325,-0.318465850755421,-0.4900000000000002,-1.1,-1.1,11.11111111111111,11.11111111111111,18.84444444444444,-3.634693941526211,-1.3199999999999923,-0.9469196711548773,-0.0499999999999996,-1.1,-1.1,11.11111111111111,11.11111111111111
11,1.2000000000000002,True,2,0.0,True,17.044444444444437,-1.4802803288491004,-4.253333333333354,-0.5043407291469248,-0.7999999999999994,-1.2000000000000002,-1.2000000000000002,11.11111111111111,11.11111111111111,18.84444444444444,-2.2350657048834206,-0.6066666666666576,-0.9612501176941941,-0.07999999999999963,-1.2000000000000002,-1.2000000000000002,11.11111111111111,11.11111111111111
11,1.3,True,2,0.0,True,17.044444444444437,0.8506699272774627,-4.233333333333316,-0.21010157448446676,-0.8700000000000006,-1.3,-1.3,11.11111111111111,11.11111111111111,19.444444444444443,-3.0983631625828805,0.16666666666667584,0.4313273736219463,-0.09000000000000008,-1.3,-1.3,11.11111111111111,11.11111111111111
11,1.4000000000000001,True,2,0.0,True,17.044444444444437,-1.5723730588615892,-4.193333333333345,-1.1006281321232867,-1.1999999999999988,-1.4000000000000001,-1.4000000000000001,11.11111111111111,11.11111111111111,18.84444444444444,-2.1379949804957326,1.0600000000000032,0.821143383388939,-0.08000000000000007,-1.4000000000000001,-1.4000000000000001,11.11111111111111,11.11111111111111
11,1.5,True,2,0.0,True,15.244444444444436,-1.8376309876467998,-4.160000000000028,-1.2383746364742108,-1.7999999999999998,-1.5,-1.5,11.11111111111111,11.11111111111111,18.84444444444444,1.0035327253197233,1.9533333333333376,-0.7102332975616905,-0.04999999999999982,-1.5,-1.5,11.11111111111111,11.11111111111111
11,1.6,True,2,0.0,True,17.044444444444437,-2.829339827600836,-4.193333333333352,-1.0806835638785515,-1.6000000000000005,-1.6,-1.6,11.11111111111111,11.11111111111111,19.444444444444443,1.9745668739805788,1.8333333333333401,-0.3934037513617039,-0.1599999999999997,-1.6,-1.6,11.11111111111111,11.11111111111111
11,1.7000000000000002,True,2,0.0,True,15.844444444444436,-1.767533654505935,-4.099999999999983,-1.6283348349837365,-1.8300000000000005,-1.7000000000000002,-1.7000000000000002,11.11111111111111,11.11111111111111,19.444444444444443,2.8401668385814682,2.6666666666666687,-0.36447578989701723,-0.09999999999999964,-1.7000000000000002,-1.7000000000000002,11.11111111111111,11.11111111111111
13,0.0,False,0,4.0,True,19.444444444444443,0.46007477103422634,-4.100000000000025,1.1840470197466346,1.6,0.0,0.0,11.11111111111111,11.11111111111111,,,,,,,,,
13,0.1,False,0,4.0,False,19.444444444444443,-2.1303951272867847,-4.100000000000025,2.2997486654872383,1.3900000000000001,-0.1,-0.1,11.11111111111111,11.11111111111111,19.444444444444443,116.95592207660694,112.56666666666813,0.1315110493451055,-0.00999999999999579,-0.1,-0.1,11.11111111111111,11.11111111111111
13,0.2,False,0,4.0,True,19.444444444444443,-2.5118125586065743,-4.100000000000025,0.8843402174718542,1.1800000000000002,-0.2,-0.2,11.11111111111111,11.11111111111111,19.444444444444443,50.379650732803,45.90000000000026,-0.5594778339118118,-0.019999999999997353,-0.2,-0.2,11.11111111111111,11.11111111111111
13,0.30000000000000004,False,0,2.833333333333333,False,19.444444444444443,-2.628799093530122,-4.100000000000025,1.3337287957099746,0.9700000000000002,-0.30000000000000004,-0.30000000000000004,11.11111111111111,11.11111111111111,19.444444444444443,26.457921650343334,23.400000000000002,0.3176239706320576,-0.020000000000001572,-0.30000000000000004,-0.30000000000000004,11.11111111111111,11.11111111111111
13,0.4,False,0,1.4999999999999991,True,19.444444444444443,-4.158467502838131,-4.100000000000025,1.0213523028745404,0.7599999999999998,-0.4,-0.4,11.11111111111111,11.11111111111111,19.444444444444443,12.917598754307637,11.733333333333317,-0.2531769665393673,-6.661338147750939e-16,-0.4,-0.4,11.11111111111111,11.11111111111111
13,0.5,False,0,0.7000000000000002,True,19.444444444444443,-0.8338476919217426,-4.100000000000025,0.8490694832304482,0.5500000000000003,-0.5,-0.5,11.11111111111111,11.11111111111111,19.444444444444443,5.228732508498472,5.066666666666646,-0.24418916690748604,0.0,-0.5,-0.5,11.11111111111111,11.11111111111111
13,0.6000000000000001,True,1,0.0,True,17.044444444444437,-3.8287007728196043,-4.246666666666637,0.07671070157942639,0.22000000000000064,-0.6000000000000001,-0.6000000000000001,11.11111111111111,11.11111111111111,17.044444444444437,-0.8228851905061871,-1.980000000000035,0.7893733306875759,-0.019999999999999574,-0.6000000000000001,-0.6000000000000001,11.11111111111111,11.11111111111111
13,0.7000000000000001,True,1,0.0,True,18.84444444444444,-3.4228991308263685,-4.22000000000003,-0.9006380941519974,0.13000000000000078,-0.7000000000000001,-0.7000000000000001,11.11111111111111,11.11111111111111,18.84444444444444,-0.8367356961141423,-2.67333333333337,0.16789553497353404,-0.009999999999999343,-0.7000000000000001,-0.7000000000000001,11.11111111111111,11.11111111111111
13,0.8,True,2,0.0,True,19.444444444444443,-1.7079341106998411,-4.100000000000025,1.3268885820494183,-0.0800000000000003,-0.8,-0.8,11.11111111111111,11.11111111111111,19.444444444444443,-3.542632281493499,-3.6666666666666456,-0.025852573709943094,-2.220446049250313e-16,-0.8,-0.8,11.11111111111111,11.11111111111111
13,0.9,True,2,0.0,True,18.24444444444444,-0.1293873668791461,-4.19999999999997,-0.07015654969831098,-0.2899999999999998,-0.9,-0.9,11.11111111111111,11.11111111111111,18.84444444444444,-1.2188249159598703,-1.939999999999979,-0.5408869525103017,-0.02000000000000024,-0.9,-0.9,11.11111111111111,11.11111111111111
13,1.0,True,2,0.0,True,19.444444444444443,-2.7293578067224358,-4.100000000000025,-0.416278596517492,-0.5,-1.0,-1.0,11.11111111111111,11.11111111111111,19.444444444444443,-4.183915828622676,-0.33333333333331705,0.34537049036369316,0.0,-1.0,-1.0,11.11111111111111,11.11111111111111
13,1.1,True,2,0.0,True,17.64444444444444,-1.19622701417624,-4.106666666666693,0.06875228807528089,-0.8200000000000007,-1.1,-1.1,11.11111111111111,11.11111111111111,19.444444444444443,0.8720889751542318,0.5000000000000115,-0.28090785467786716,-0.0499999999999996,-1.1,-1.1,11.11111111111111,11.11111111111111
13,1.2000000000000002,True,2,0.0,True,13.444444444444438,-2.299314488628222,-4.240000000000012,-1.7890359888668685,-1.7999999999999998,0.0,0.0,11.11111111111111,11.11111111111111,17.64444444444444,0.5013466333694518,1.693333333333336,-0.1681601173217715,-0.07999999999999963,-1.2000000000000002,-1.2000000000000002,11.11111111111111,11.11111111111111
13,1.3,True,2,0.0,True,14.644444444444437,0.40918922027914295,-4.206666666666659,-1.1387637619550317,-1.8899999999999997,-1.3,0.0,11.11111111111111,11.11111111111111,18.84444444444444,1.044516181377607,2.2266666666666746,-0.18349619261791394,-0.09000000000000008,-1.3,-1.3,11.11111111111111,11.11111111111111
13,1.4000000000000001,True,2,0.0,True,17.044444444444437,-4.018432862184514,-4.073333333333298,-0.7541492381950019,-1.4799999999999986,-1.4000000000000001,-1.4000000000000001,11.11111111111111,11.11111111111111,19.444444444444443,0.9868273820137015,3.0000000000000044,0.508642713947832,-0.08000000000000007,-1.4000000000000001,-1.4000000000000001,11.11111111111111,11.11111111111111
13,1.5,True,2,0.0,True,16.444444444444436,-3.8839175530993684,-4.293333333333346,-1.3611679453400647,-1.85,-1.5,-1.5,11.11111111111111,11.11111111111111,19.444444444444443,4.676711502657466,3.83333333333334,0.41275099707250185,-0.04999999999999982,-1.5,-1.5,11.11111111111111,11.11111111111111
13,1.6,True,2,0.0,True,12.844444444444438,-2.7342313902802386,-4.2533333333333685,-1.2622854345891283,-1.879999999999999,0.0,0.0,11.11111111111111,11.11111111111111,18.84444444444444,2.6350355376295633,3.893333333333339,0.014589525413827298,-0.1599999999999997,-1.6,-1.6,11.11111111111111,11.11111111111111
13,1.7000000000000002,True,2,0.0,True,15.844444444444436,-0.9686784096200141,-4.186666666666684,-0.9296724794961733,-1.8300000000000005,0.0,0.0,11.11111111111111,11.11111111111111,19.444444444444443,2.9286193080840137,4.666666666666669,0.7051653243930978,-0.09999999999999964,-1.7000000000000002,-1.7000000000000002,11.11111111111111,11.11111111111111
15,0.0,False,0,4.0,True,19.444444444444443,-3.8187170596800497,-4.1666666666666385,1.5688116184301526,1.6,0.0,0.0,11.11111111111111,11.11111111111111,,,,,,,,,
15,0.1,False,0,4.0,False,19.444444444444443,-4.086252074164096,-4.1666666666666385,0.5221964044274436,1.37,-0.1,-0.1,11.11111111111111,11.11111111111111,19.444444444444443,113.15967889763483,110.56666666666813,0.060639036514869016,-0.00999999999999579,-0.1,-0.1,11.11111111111111,11.11111111111111
15,0.2,False,0,4.0,True,19.444444444444443,-3.8144973112002516,-4.1666666666666385,1.6999016886223028,1.1400000000000001,-0.2,-0.2,11.11111111111111,11.11111111111111,19.444444444444443,44.45458863889789,43.90000000000026,-0.00947118922029766,-0.019999999999997353,-0.2,-0.2,11.11111111111111,11.11111111111111
15,0.30000000000000004,False,0,2.5333333333333337,True,19.444444444444443,-3.6579324243140503,-4.1666666666666385,0.5602705613434282,0.9100000000000006,-0.30000000000000004,-0.30000000000000004,11.11111111111111,11.11111111111111,19.444444444444443,24.976441851445013,21.400000000000002,-0.8001623102209225,-0.020000000000001572,-0.30000000000000004,-0.30000000000000004,11.11111111111111,11.11111111111111
15,0.4,False,0,1.1999999999999988,True,19.444444444444443,-2.800948979999492,-4.1666666666666385,0.16684050334794787,0.6799999999999997,-0.4,-0.4,11.11111111111111,11.11111111111111,19.444444444444443,13.607246848773858,9.733333333333317,0.5109396218693463,-6.661338147750939e-16,-0.4,-0.4,11.11111111111111,11.11111111111111
15,0.5,False,0,0.2999999999999998,True,18.24444444444444,-0.1954317767913052,-4.20000000000002,1.4500790306665725,0.3999999999999999,-0.5,-0.5,11.11111111111111,11.11111111111111,18.24444444444444,1.8774178955778966,1.5066666666666721,-0.1681481697053795,0.0,-0.5,-0.5,11.11111111111111,11.11111111111111
15,0.6000000000000001,True,1,0.0,True,19.444444444444443,-3.9050114173569623,-4.1666666666666385,0.6778782631455442,0.22000000000000064,-0.6000000000000001,-0.6000000000000001,11.11111111111111,11.11111111111111,19.444444444444443,3.263856960942573,-1.1000000000000254,-0.13287905809061118,-0.019999999999999574,-0.6000000000000001,-0.6000000000000001,11.11111111111111,11.11111111111111
15,0.7000000000000001,True,2,0.0,True,18.24444444444444,-3.628737444116811,-3.960000000000025,0.3484305909889538,-0.07999999999999918,-0.7000000000000001,-0.7000000000000001,11.11111111111111,11.11111111111111,18.24444444444444,-1.6077759401539309,-3.9266666666666366,0.3792772607693671,-0.009999999999999343,-0.7000000000000001,-0.7000000000000001,11.11111111111111,11.11111111111111
15,0.8,True,2,0.0,True,15.244444444444436,0.46864242775107545,-4.253333333333312,-0.6924670503644113,-0.640000000000001,-0.8,-0.8,11.11111111111111,11.11111111111111,16.444444444444436,-0.7935200597307768,-0.7066666666666519,1.4744938282320637,-2.220446049250313e-16,-0.8,-0.8,11.11111111111111,11.11111111111111
15,0.9,True,2,0.0,True,17.64444444444444,-3.6909866055727845,-4.099999999999976,-1.2865794355196472,-0.5599999999999992,-0.9,-0.9,11.11111111111111,11.11111111111111,19.444444444444443,-3.1750948341439083,1.865174681370263e-14,0.46049468682329,-0.02000000000000024,-0.9,-0.9,11.11111111111111,11.11111111111111
15,1.0,True,2,0.0,True,18.24444444444444,-1.721669103869412,-4.20000000000002,-0.42787523552195816,-0.7999999999999998,-1.0,-1.0,11.11111111111111,11.11111111111111,19.444444444444443,0.123452156710262,1.666666666666683,-0.19553976217743685,0.0,-1.0,-1.0,11.11111111111111,11.11111111111111
15,1.1,True,2,0.0,True,12.844444444444438,0.854095570326348,-4.260000000000065,-1.7514683540114029,-1.8799999999999981,0.0,0.0,11.11111111111111,11.11111111111111,17.64444444444444,3.6972894716247966,2.920000000000006,-0.5372733743068137,-0.0499999999999996,-1.1,-1.1,11.11111111111111,11.11111111111111
15,1.2000000000000002,True,2,0.0,True,16.444444444444436,-0.5453231299073549,-4.266666666666661,-1.5630520897784614,-1.5199999999999987,-1.2000000000000002,-1.2000000000000002,11.11111111111111,11.11111111111111,19.444444444444443,1.8412590451491129,3.33333333333334,-0.1630104698884649,-0.07999999999999963,-1.2000000000000002,-1.2000000000000002,11.11111111111111,11.11111111111111
15,1.3,True,2,0.0,True,15.844444444444436,-2.220557760358953,-4.266666666666654,-0.009148417569677214,-1.7800000000000002,-1.3,-1.3,11.11111111111111,11.11111111111111,19.444444444444443,2.9047852837470503,4.166666666666676,0.12055045475929127,-0.09000000000000008,-1.3,-1.3,11.11111111111111,11.11111111111111
15,1.4000000000000001,True,2,0.0,True,12.844444444444438,-3.252435623797399,-4.253333333333361,0.47633322670206946,-1.8999999999999986,0.0,0.0,11.11111111111111,11.11111111111111,19.444444444444443,2.88346196479655,5.000000000000004,-0.36727471952934043,-0.08000000000000007,-1.4000000000000001,-1.4000000000000001,11.11111111111111,11.11111111111111
15,1.5,True,2,0.0,True,15.244444444444436,-2.7293837863375456,-4.280000000000025,-1.2419727278863228,-1.7999999999999998,0.0,0.0,11.11111111111111,11.11111111111111,19.444444444444443,3.9697311926718877,5.83333333333334,1.3988417539383073,-0.04999999999999982,-1.5,-1.5,11.11111111111111,11.11111111111111
15,1.6,True,2,0.0,True,11.644444444444439,-0.20885401682454852,-0.17999999999999527,-0.9772905365544657,-1.879999999999999,0.0,0.0,11.11111111111111,11.11111111111111,19.444444444444443,-0.7884117651755593,5.83333333333334,0.26917362875136197,-0.1599999999999997,-1.6,-1.6,11.11111111111111,11.11111111111111
15,1.7000000000000002,True,2,0.0,True,12.244444444444438,-0.6047425819187024,-4.266666666666583,-1.3484637421368477,-1.8300000000000005,0.0,0.0,11.11111111111111,11.11111111111111,19.444444444444443,6.2616948298746715,6.666666666666669,-0.17388240014616718,-0.09999999999999964,-1.7000000000000002,-1.7000000000000002,11.11111111111111,11.11111111111111
17,0.0,False,0,4.0,False,19.444444444444443,-1.9784945052492402,-3.933333333333354,1.3392029518800297,1.6,0.0,0.0,11.11111111111111,11.11111111111111,,,,,,,,,
17,0.1,False,0,4.0,True,19.444444444444443,-1.9448479992237138,-3.933333333333354,1.6229248674944796,1.3399999999999999,-0.1,-0.1,11.11111111111111,11.11111111111111,19.444444444444443,109.85181083600729,108.56666666666813,-0.21082509608405808,-0.00999999999999579,-0.1,-0.1,11.11111111111111,11.11111111111111
17,0.2,False,0,4.0,True,19.444444444444443,-3.8420787401171976,-3.933333333333354,0.7178950147337333,1.0799999999999996,-0.2,-0.2,11.11111111111111,11.11111111111111,19.444444444444443,41.98669119948423,41.90000000000026,0.08942927237628018,-0.019999999999997353,-0.2,-0.2,11.11111111111111,11.11111111111111
17,0.30000000000000004,False,0,2.3333333333333335,True,19.444444444444443,-2.9454385823777214,-3.933333333333354,1.568931416618859,0.8200000000000003,-0.30000000000000004,-0.30000000000000004,11.11111111111111,11.11111111111111,19.444444444444443,18.827924120518414,19.400000000000002,-0.4187532678008614,-0.020000000000001572,-0.30000000000000004,-0.30000000000000004,11.11111111111111,11.11111111111111
17,0.4,False,0,0.9999999999999987,True,19.444444444444443,-1.1625267504255232,-3.933333333333354,0.7818895290188177,0.5599999999999996,-0.4,-0.4,11.11111111111111,11.11111111111111,19.444444444444443,7.3958984054671335,7.733333333333317,0.4914220277080883,-6.661338147750939e-16,-0.4,-0.4,11.11111111111111,11.11111111111111
17,0.5,False,0,0.20000000000000018,True,19.444444444444443,-0.5036770549236165,-3.933333333333354,0.7153483827257556,0.30000000000000027,-0.5,-0.5,11.11111111111111,11.11111111111111,19.444444444444443,3.3380302732522624,1.066666666666646,0.7653807113387261,0.0,-0.5,-0.5,11.11111111111111,11.11111111111111
17,0.6000000000000001,True,2,0.0,True,17.044444444444437,-1.2159774954755234,-4.113333333333297,0.1513522332555146,-0.07999999999999963,-0.6000000000000001,-0.6000000000000001,11.11111111111111,11.11111111111111,17.044444444444437,-0.9024821983530158,-3.519999999999963,-1.1408244006267179,-0.019999999999999574,-0.6000000000000001,-0.6000000000000001,11.11111111111111,11.11111111111111
17,0.7000000000000001,True,2,0.0,True,18.24444444444444,-2.682413100941953,-4.1266666666666465,-0.565552288243266,-0.21999999999999909,-0.7000000000000001,-0.7000000000000001,11.11111111111111,11.11111111111111,18.84444444444444,-4.072853807469111,-1.9866666666666317,-0.34598555879078985,-0.009999999999999343,-0.7000000000000001,-0.7000000000000001,11.11111111111111,11.11111111111111
17,0.8,True,2,0.0,True,18.24444444444444,0.0035462173507001538,-4.233333333333351,-1.2613939933766523,-0.48000000000000087,-0.8,-0.8,11.11111111111111,11.11111111111111,19.444444444444443,-3.9539068289793304,0.33333333333335435,1.3613664539188122,-2.220446049250313e-16,-0.8,-0.8,11.11111111111111,11.11111111111111
17,0.9,True,2,0.0,True,15.844444444444436,-3.6428629360294265,-4.226666666666648,-0.3144952880016436,-1.0099999999999985,-0.9,-0.9,11.11111111111111,11.11111111111111,19.444444444444443,-0.257521958062493,2.0000000000000187,0.20744468375300285,-0.02000000000000024,-0.9,-0.9,11.11111111111111,11.11111111111111
17,1.0,True,2,0.0,True,14.644444444444437,-4.218051747748855,-4.279999999999975,-0.1620999863290964,-1.4,-1.0,-1.0,11.11111111111111,11.11111111111111,19.444444444444443,1.3566106508199285,3.666666666666683,-0.08618790731557158,0.0,-1.0,-1.0,11.11111111111111,11.11111111111111
17,1.1,True,2,0.0,True,15.844444444444436,-3.5646342928928005,-4.219999999999994,-0.5983476804008929,-1.7000000000000015,-1.1,-1.1,11.11111111111111,11.11111111111111,19.444444444444443,3.171531271675552,4.5000000000000115,-0.09576168816117114,-0.0499999999999996,-1.1,-1.1,11.11111111111111,11.11111111111111
17,1.2000000000000002,True,2,0.0,True,14.644444444444437,-3.5301849609130427,-4.146666666666671,-1.8016412431748352,-1.7999999999999998,0.0,0.0,11.11111111111111,11.11111111111111,19.444444444444443,5.113235307358413,5.33333333333334,0.29942107667272655,-0.07999999999999963,-1.2000000000000002,-1.2000000000000002,11.11111111111111,11.11111111111111
17,1.3,True,2,0.0,True,12.244444444444438,-4.217931750770691,-4.299999999999943,-1.844718173278033,-1.8899999999999997,0.0,0.0,11.11111111111111,11.11111111111111,19.444444444444443,2.44016012509572,6.166666666666676,0.5041425259933914,-0.09000000000000008,-1.3,-1.3,11.11111111111111,11.11111111111111
17,1.4000000000000001,True,2,0.0,True,11.644444444444439,-0.23531602280719977,-0.9399999999999862,-1.293158984082144,-1.8999999999999986,0.0,0.0,11.11111111111111,11.11111111111111,19.444444444444443,6.531468418084121,7.000000000000004,0.49781653636274514,-0.08000000000000007,-1.4000000000000001,-1.4000000000000001,11.11111111111111,11.11111111111111
17,1.5,True,2,0.0,True,12.844444444444438,-1.7385627651612081,-4.273333333333414,-1.879711896926005,-1.7999999999999998,0.0,0.0,11.11111111111111,11.11111111111111,19.444444444444443,6.040100295267163,7.83333333333334,-0.20277600948597585,-0.04999999999999982,-1.5,-1.5,11.11111111111111,11.11111111111111
17,1.6,True,2,0.0,True,11.644444444444439,-1.477032987241233,-4.29333333333351,-1.175138528626817,-1.879999999999999,0.0,0.0,11.11111111111111,11.11111111111111,19.444444444444443,5.206452432203204,7.83333333333334,0.5106328838516783,-0.1599999999999997,-1.6,-1.6,11.11111111111111,11.11111111111111
17,1.7000000000000002,True,2,0.0,True,11.644444444444439,-1.6726070346132245,-4.279999999999904,-1.0530292972442012,-1.8300000000000005,0.0,0.0,11.11111111111111,11.11111111111111,19.444444444444443,7.566050929552515,8.666666666666668,-0.23890929044247167,-0.09999999999999964,-1.7000000000000002,-1.7000000000000002,11.11111111111111,11.11111111111111
19,0.0,False,0,4.0,True,19.444444444444443,-3.7866379327798994,-4.26666666666669,0.8214623312791578,1.6,0.0,0.0,11.11111111111111,11.11111111111111,,,,,,,,,
19,0.1,False,0,4.0,True,19.444444444444443,-1.389624493604802,-4.26666666666669,1.6779378648438255,1.3199999999999998,-0.1,-0.1,11.11111111111111,11.11111111111111,19.444444444444443,105.71972903037268,106.56666666666813,-0.603934034725297,-0.00999999999999579,-0.1,-0.1,11.11111111111111,11.11111111111111
19,0.2,False,0,4.0,True,19.444444444444443,-3.9634000956218314,-4.26666666666669,1.247031570466259,1.0399999999999996,-0.2,-0.2,11.11111111111111,11.11111111111111,19.444444444444443,40.04165664205128,39.90000000000026,0.11761644791291959,-0.019999999999997353,-0.2,-0.2,11.11111111111111,11.11111111111111
19,0.30000000000000004,False,0,2.0333333333333328,True,19.444444444444443,-2.0243495528066857,-4.26666666666669,0.04392302792627012,0.7600000000000002,-0.30000000000000004,-0.30000000000000004,11.11111111111111,11.11111111111111,19.444444444444443,19.22702068982124,17.400000000000002,0.8893619373816248,-0.020000000000001572,-0.30000000000000004,-0.30000000000000004,11.11111111111111,11.11111111111111
19,0.4,False,0,0.6999999999999984,True,18.84444444444444,-3.059164545986458,-4.153333333333303,0.44664913652358473,0.47999999999999954,-0.4,-0.4,11.11111111111111,11.11111111111111,18.84444444444444,5.318392660332035,4.833333333333283,0.3346772930027764,-6.661338147750939e-16,-0.4,-0.4,11.11111111111111,11.11111111111111
19,0.5,True,1,0.0,True,19.444444444444443,-3.3372203793338953,-4.26666666666669,0.8538270940905188,0.20000000000000018,-0.5,-0.5,11.11111111111111,11.11111111111111,19.444444444444443,-0.6351903070426088,-0.933333333333354,-0.24150007792586647,0.0,-0.5,-0.5,11.11111111111111,11.11111111111111
19,0.6000000000000001,True,2,0.0,True,17.044444444444437,-2.8278961413194166,-4.1466666666666425,-0.5393113892496941,-0.13999999999999968,-0.6000000000000001,-0.6000000000000001,11.11111111111111,11.11111111111111,17.64444444444444,-4.0617224985403935,-2.899999999999973,0.9518967692719134,-0.019999999999999574,-0.6000000000000001,-0.6000000000000001,11.11111111111111,11.11111111111111
19,0.7000000000000001,True,2,0.0,True,16.444444444444436,-1.004451874278554,-4.259999999999972,-0.5850388899363361,-0.49999999999999867,-0.7000000000000001,-0.7000000000000001,11.11111111111111,11.11111111111111,18.24444444444444,-3.987264546176905,0.013333333333361175,0.3092610952426984,-0.009999999999999343,-0.7000000000000001,-0.7000000000000001,11.11111111111111,11.11111111111111
19,0.8,True,2,0.0,True,15.844444444444436,-2.845001147172847,-4.173333333333349,-0.4993702809840559,-0.9600000000000013,-0.8,-0.8,11.11111111111111,11.11111111111111,19.444444444444443,-0.16857955780634182,2.3333333333333544,-0.08211153234549196,-2.220446049250313e-16,-0.8,-0.8,11.11111111111111,11.11111111111111
19,0.9,True,2,0.0,True,15.844444444444436,-0.6104917165150239,-4.073333333333319,-0.7498613237530294,-1.1899999999999982,-0.9,-0.9,11.11111111111111,11.11111111111111,19.444444444444443,1.866287189077842,4.000000000000019,0.1596917199663772,-0.02000000000000024,-0.9,-0.9,11.11111111111111,11.11111111111111
19,1.0,True,2,0.0,True,14.044444444444437,-3.571479144439013,-4.199999999999998,-1.175921509236653,-1.7999999999999998,-1.0,-1.0,11.11111111111111,11.11111111111111,19.444444444444443,3.7300403650333154,5.666666666666683,0.999671067657951,0.0,-1.0,-1.0,11.11111111111111,11.11111111111111
19,1.1,True,2,0.0,True,12.844444444444438,-3.417628049284363,-4.293333333333268,-1.6774276948369167,-1.8799999999999981,0.0,0.0,11.11111111111111,11.11111111111111,19.444444444444443,1.4013295559682506,6.5000000000000115,0.30548094095384615,-0.0499999999999996,-1.1,-1.1,11.11111111111111,11.11111111111111
19,1.2000000000000002,False,0,0.7576923076923084,True,11.644444444444439,-0.12218697020167735,0.8066666666666551,-1.5420771326230214,-1.7999999999999998,0.0,0.0,11.11111111111111,11.11111111111111,19.444444444444443,5.410070660631203,7.33333333333334,0.30236585333974064,-0.07999999999999963,-1.2000000000000002,-1.2000000000000002,11.11111111111111,11.11111111111111
19,1.3,True,2,0.0,True,13.444444444444438,-2.1613360381824434,-4.293333333333368,-1.6669025953669252,-1.8899999999999997,0.0,0.0,11.11111111111111,11.11111111111111,19.444444444444443,4.9199709292467135,8.166666666666675,0.2519745843832708,-0.09000000000000008,-1.3,-1.3,11.11111111111111,11.11111111111111
19,1.4000000000000001,True,2,0.0,True,11.644444444444439,-0.159580128430167,-4.299999999999659,-1.360181847490296,-1.8999999999999986,0.0,0.0,11.11111111111111,11.11111111111111,19.444444444444443,7.058907594162808,9.000000000000004,-0.9992250096098079,-0.08000000000000007,-1.4000000000000001,-1.4000000000000001,11.11111111111111,11.11111111111111
19,1.5,True,2,0.0,True,11.644444444444439,-0.18514014234570464,-0.966666666666657,-1.4658906856037648,-1.7999999999999998,0.0,0.0,11.11111111111111,11.11111111111111,19.444444444444443,6.629843753635346,9.83333333333334,1.447568837878015,-0.04999999999999982,-1.5,-1.5,11.11111111111111,11.11111111111111
19,1.6,True,2,0.0,True,11.644444444444439,-3.9714806969506524,-4.293333333332998,-1.165358510445491,-1.879999999999999,0.0,0.0,11.11111111111111,11.11111111111111,19.444444444444443,10.014341189827231,9.83333333333334,1.2133893929374673,-0.1599999999999997,-1.6,-1.6,11.11111111111111,11.11111111111111
19,1.7000000000000002,False,0,0.7591549295774684,True,11.644444444444439,0.13130178563128414,0.9599999999999982,-0.9705941373024436,-1.8300000000000005,0.0,0.0,11.11111111111111,11.11111111111111,19.444444444444443,8.898771540007818,10.666666666666668,0.4299117603002429,-0.09999999999999964,-1.7000000000000002,-1.7000000000000002,11.11111111111111,11.11111111111111
21,0.0,False,0,4.0,False,19.444444444444443,-3.5704108002563286,-3.9999999999999742,2.1250527667131327,1.6,0.0,0.0,11.11111111111111,11.11111111111111,,,,,,,,,
21,0.1,False,0,4.0,True,19.444444444444443,-3.8532282614818056,-3.9999999999999742,1.5524809753268127,1.2999999999999998,-0.1,-0.1,11.11111111111111,11.11111111111111,19.444444444444443,104.20768189655315,104.56666666666813,1.2100306586483769,-0.00999999999999579,-0.1,-0.1,11.11111111111111,11.11111111111111
21,0.2,False,0,4.0,True,19.444444444444443,-2.9794566956399704,-3.9999999999999742,0.5808614553288618,0.9999999999999996,-0.2,-0.2,11.11111111111111,11.11111111111111,19.444444444444443,39.13770658234114,37.90000000000026,0.546696358340498,-0.019999999999997353,-0.2,-0.2,11.11111111111111,11.11111111111111
21,0.30000000000000004,False,0,1.8333333333333324,True,19.444444444444443,-2.7832967725462394,-3.9999999999999742,0.6638670099451209,0.7000000000000002,-0.30000000000000004,-0.30000000000000004,11.11111111111111,11.11111111111111,19.444444444444443,14.553567698862732,15.400000000000002,0.1925271451834507,-0.020000000000001572,-0.30000000000000004,-0.30000000000000004,11.11111111111111,11.11111111111111
21,0.4,False,0,0.29999999999999805,True,18.24444444444444,-3.078683725788994,-3.953333333333336,0.8653847965159365,0.3199999999999994,-0.4,-0.4,11.11111111111111,11.11111111111111,18.24444444444444,4.911034649704246,1.7533333333333134,-0.5092275995018372,-6.661338147750939e-16,-0.4,-0.4,11.11111111111111,11.11111111111111
21,0.5,True,1,0.0,True,18.84444444444444,-0.7977856997321835,-4.126666666666696,0.8710859109768059,0.050000000000000044,-0.5,-0.5,11.11111111111111,11.11111111111111,18.84444444444444,-2.231832514122618,-3.35333333333337,-0.2375865098372596,0.0,-0.5,-0.5,11.11111111111111,11.11111111111111
21,0.6000000000000001,True,2,0.0,True,15.844444444444436,-0.43599497890378114,-4.159999999999992,0.48669881880688637,-0.38000000000000034,-0.6000000000000001,-0.6000000000000001,11.11111111111111,11.11111111111111,17.044444444444437,-4.1929325446324865,-0.8999999999999728,-0.09911535479945788,-0.019999999999999574,-0.6000000000000001,-0.6000000000000001,11.11111111111111,11.11111111111111
21,0.7000000000000001,True,2,0.0,True,12.244444444444438,0.2193000803052998,-4.286666666666707,-1.1333665439036795,-1.899999999999999,0.0,0.0,11.11111111111111,11.11111111111111,17.64444444444444,0.40011368763346145,2.493333333333358,0.3038002974432512,-0.009999999999999343,-0.7000000000000001,-0.7000000000000001,11.11111111111111,11.11111111111111
21,0.8,True,2,0.0,True,13.444444444444438,-4.076031963760161,-4.206666666666638,-1.1335913239659896,-1.8400000000000003,-0.8,-0.8,11.11111111111111,11.11111111111111,19.444444444444443,3.1187749780934384,4.333333333333354,1.0527555832833206,-2.220446049250313e-16,-0.8,-0.8,11.11111111111111,11.11111111111111
21,0.9,True,2,0.0,True,12.244444444444438,-3.6506855977554578,-4.266666666666711,-1.4353269763402712,-1.8900000000000028,0.0,0.0,11.11111111111111,11.11111111111111,19.444444444444443,3.19385017450728,6.000000000000019,-0.014347426320831413,-0.02000000000000024,-0.9,-0.9,11.11111111111111,11.11111111111111
21,1.0,True,2,0.0,True,14.044444444444437,0.9925183879516313,-4.20000000000002,-0.9979685820506364,-1.7999999999999998,0.0,0.0,11.11111111111111,11.11111111111111,19.444444444444443,6.6264864485206205,7.666666666666683,-0.7512388528984906,0.0,-1.0,-1.0,11.11111111111111,11.11111111111111
21,1.1,True,2,0.0,True,11.644444444444439,-1.056615495638641,-4.273333333333613,-1.5072032854260886,-1.8799999999999981,0.0,0.0,11.11111111111111,11.11111111111111,19.444444444444443,8.601480309735901,8.50000000000001,-0.34869608071418035,-0.0499999999999996,-1.1,-1.1,11.11111111111111,11.11111111111111
21,1.2000000000000002,True,2,0.0,True,12.844444444444438,-1.2590424338958028,-4.2799999999999185,-1.6607138878681946,-1.7999999999999998,0.0,0.0,11.11111111111111,11.11111111111111,19.444444444444443,7.175238985897754,9.33333333333334,0.2658033162022648,-0.07999999999999963,-1.2000000000000002,-1.2000000000000002,11.11111111111111,11.11111111111111
21,1.3,False,0,0.3500000000000266,True,11.644444444444439,-0.12052965371096303,0.18666666666667897,-0.8063536329145484,-1.8899999999999997,0.0,0.0,11.11111111111111,11.11111111111111,19.444444444444443,10.20020679537473,10.166666666666675,-0.7781487318839351,-0.09000000000000008,-1.3,-1.3,11.11111111111111,11.11111111111111
21,1.4000000000000001,True,2,0.0,True,11.644444444444439,-3.309567588589135,-4.279999999999705,-1.202407256205606,-1.8999999999999986,0.0,0.0,11.11111111111111,11.11111111111111,19.444444444444443,7.937312936178995,11.000000000000004,0.4419698717428031,-0.08000000000000007,-1.4000000000000001,-1.4000000000000001,11.11111111111111,11.11111111111111
21,1.5,False,0,0.40000000000001207,True,11.644444444444439,0.08458345020466584,0.34666666666667556,-1.617321885396494,-1.7999999999999998,0.0,0.0,11.11111111111111,11.11111111111111,19.444444444444443,6.971545871327433,11.83333333333334,0.9028193678206669,-0.04999999999999982,-1.5,-1.5,11.11111111111111,11.11111111111111
21,1.6,False,0,0.8250000000000057,True,11.644444444444439,0.1321857540626512,1.4866666666666761,-1.3871626073565526,-1.879999999999999,0.0,0.0,11.11111111111111,11.11111111111111,19.444444444444443,9.010620889705844,11.83333333333334,-0.2845836765908625,-0.1599999999999997,-1.6,-1.6,11.11111111111111,11.11111111111111
21,1.7000000000000002,True,2,0.0,True,11.644444444444439,-2.8459365764306765,-4.286666666666565,-1.7677473847137435,-1.8300000000000005,0.0,0.0,11.11111111111111,11.11111111111111,19.444444444444443,9.958258029839786,12.666666666666668,0.168600399973601,-0.09999999999999964,-1.7000000000000002,-1.7000000000000002,11.11111111111111,11.11111111111111
23,0.0,False,0,4.0,True,19.444444444444443,-1.398401868271523,-4.100000000000011,1.549001270547131,1.6,0.0,0.0,11.11111111111111,11.11111111111111,,,,,,,,,
23,0.1,False,0,4.0,False,19.444444444444443,-3.9252031014842457,-4.100000000000011,1.4437865037346729,1.27,-0.1,-0.1,11.11111111111111,11.11111111111111,19.444444444444443,107.44594390136449,102.56666666666813,0.46062291686694623,-0.00999999999999579,-0.1,-0.1,11.11111111111111,11.11111111111111
23,0.2,False,0,4.0,True,19.444444444444443,-1.9611944029189088,-4.100000000000011,1.3121766935594592,0.94,-0.2,-0.2,11.11111111111111,11.11111111111111,19.444444444444443,37.18024073191518,35.90000000000026,0.11989394057786074,-0.019999999999997353,-0.2,-0.2,11.11111111111111,11.11111111111111
23,0.30000000000000004,False,0,1.6333333333333324,True,19.444444444444443,-1.0742165653356066,-4.100000000000011,0.34067271019836287,0.6099999999999999,-0.30000000000000004,-0.30000000000000004,11.11111111111111,11.11111111111111,19.444444444444443,13.645076396422223,13.400000000000002,-0.4214188828904919,-0.020000000000001572,-0.30000000000000004,-0.30000000000000004,11.11111111111111,11.11111111111111
23,0.4,True,1,0.0,True,15.844444444444436,-3.199867004164946,-4.066666666666651,0.3642581752061749,0.1999999999999993,-0.4,-0.4,11.11111111111111,11.11111111111111,15.844444444444436,-0.7720409201812002,-2.166666666666674,-0.4406257269309235,-6.661338147750939e-16,-0.4,-0.4,11.11111111111111,11.11111111111111
23,0.5,True,2,0.0,True,17.044444444444437,-2.2481135045678,-4.126666666666639,-0.14169546730976257,-0.1499999999999999,-0.5,-0.5,11.11111111111111,11.11111111111111,17.044444444444437,-3.258689984229025,-2.3466666666666383,-0.7953677365380512,0.0,-0.5,-0.5,11.11111111111111,11.11111111111111
23,0.6000000000000001,True,2,0.0,True,15.844444444444436,-1.0828884769575096,-4.293333333333353,0.5367164409789642,-0.5000000000000004,-0.6000000000000001,-0.6000000000000001,11.11111111111111,11.11111111111111,19.444444444444443,-0.8150767350163788,0.5000000000000258,-0.17095227894365617,-0.019999999999999574,-0.6000000000000001,-0.6000000000000001,11.11111111111111,11.11111111111111
23,0.7000000000000001,True,2,0.0,True,15.244444444444436,-1.3623524815116665,-4.246666666666672,0.1944726862159052,-0.9899999999999984,-0.7000000000000001,-0.7000000000000001,11.11111111111111,11.11111111111111,19.444444444444443,3.666421050266668,3.8333333333333615,0.6653812788012825,-0.009999999999999343,-0.7000000000000001,-0.7000000000000001,11.11111111111111,11.11111111111111
23,0.8,True,2,0.0,True,12.244444444444438,-3.9595268252083597,-4.293333333333268,-1.5470706976727588,-1.8799999999999994,0.0,0.0,11.11111111111111,11.11111111111111,19.444444444444443,4.914317136672222,6.333333333333354,-0.08567125388382868,-2.220446049250313e-16,-0.8,-0.8,11.11111111111111,11.11111111111111
23,0.9,False,0,0.5169811320754784,True,11.644444444444439,-0.028373682214666296,0.7866666666666733,-0.4304239785823252,-1.4599999999999977,-0.9,-0.9,11.11111111111111,11.11111111111111,19.444444444444443,7.687087852065123,8.000000000000018,0.4746246075707057,-0.02000000000000024,-0.9,-0.9,11.11111111111111,11.11111111111111
23,1.0,True,2,0.0,True,11.644444444444439,0.085197855505041,-0.10000000000001119,-1.6220635008124549,-1.7999999999999998,0.0,0.0,11.11111111111111,11.11111111111111,19.444444444444443,8.730154796563117,9.666666666666682,-0.561166927569134,0.0,-1.0,-1.0,11.11111111111111,11.11111111111111
23,1.1,False,0,0.8000000000000071,True,11.644444444444439,0.04531246955941004,2.0466666666666784,-0.7148383964578378,-1.8799999999999981,-1.1,0.0,11.11111111111111,11.11111111111111,19.444444444444443,7.645830359940644,10.50000000000001,0.604123127374169,-0.0499999999999996,-1.1,-1.1,11.11111111111111,11.11111111111111
23,1.2000000000000002,False,0,0.48846153846154533,True,11.644444444444439,-0.1336129746690089,0.6266666666666767,-1.3808692946670198,-1.7999999999999998,0.0,0.0,11.11111111111111,11.11111111111111,19.444444444444443,10.062913334003735,11.33333333333334,-0.32853945257682393,-0.07999999999999963,-1.2000000000000002,-1.2000000000000002,11.11111111111111,11.11111111111111
23,1.3,True,2,0.0,True,11.644444444444439,-0.01167325304507738,-0.8066666666666604,-0.39214428926565326,-1.8899999999999997,0.0,0.0,11.11111111111111,11.11111111111111,19.444444444444443,10.222105000575151,12.166666666666675,0.16130489145742066,-0.09000000000000008,-1.3,-1.3,11.11111111111111,11.11111111111111
23,1.4000000000000001,True,2,0.0,True,11.644444444444439,0.11953697728351376,-0.833333333333317,-1.3623488923892277,-1.8999999999999986,0.0,0.0,11.11111111111111,11.11111111111111,19.444444444444443,12.585768686119994,13.000000000000004,-0.6211138421387052,-0.08000000000000007,-1.4000000000000001,-1.4000000000000001,11.11111111111111,11.11111111111111
23,1.5,True,2,0.0,True,12.244444444444438,-3.2620013867842657,-4.280000000000075,-1.8782991168904557,-1.7999999999999998,0.0,0.0,11.11111111111111,11.11111111111111,19.444444444444443,9.923995201997844,13.83333333333334,0.758675135942199,-0.04999999999999982,-1.5,-1.5,11.11111111111111,11.11111111111111
23,1.6,False,0,0.7547169811320815,True,11.644444444444439,0.22654579350424076,1.0066666666666721,-1.7753415887386723,-1.879999999999999,0.0,0.0,11.11111111111111,11.11111111111111,19.444444444444443,10.487629193172975,13.83333333333334,0.61529759550029,-0.1599999999999997,-1.6,-1.6,11.11111111111111,11.11111111111111
23,1.7000000000000002,False,0,0.8380281690140916,True,11.644444444444439,0.09669805138322562,1.2533333333333276,-0.48228584159761856,-1.8300000000000005,0.0,0.0,11.11111111111111,11.11111111111111,19.444444444444443,12.030792523277416,14.666666666666668,0.6201002592696168,-0.09999999999999964,-1.7000000000000002,-1.7000000000000002,11.11111111111111,11.11111111111111
25,0.0,False,0,4.0,False,19.444444444444443,-1.8093108134875022,-4.166666666666646,1.5408936669235715,1.6,0.0,0.0,11.11111111111111,11.11111111111111,,,,,,,,,
25,0.1,False,0,4.0,True,19.444444444444443,-3.9067693939374264,-4.166666666666646,0.9840467030621567,1.25,-0.1,-0.1,11.11111111111111,11.11111111111111,19.444444444444443,102.64292973136521,100.56666666666813,-0.10308358364188797,-0.00999999999999579,-0.1,-0.1,11.11111111111111,11.11111111111111
25,0.2,False,0,3.999999999999999,True,19.444444444444443,-3.8347106517211698,-4.166666666666646,1.159927446699974,0.8999999999999999,-0.2,-0.2,11.11111111111111,11.11111111111111,19.444444444444443,33.76090132832279,33.90000000000026,-0.9728125564988404,-0.019999999999997353,-0.2,-0.2,11.11111111111111,11.11111111111111
25,0.30000000000000004,False,0,1.3333333333333313,True,19.444444444444443,-2.161530303766699,-4.166666666666646,1.0454018842536335,0.5499999999999998,-0.30000000000000004,-0.30000000000000004,11.11111111111111,11.11111111111111,19.444444444444443,11.732372546889874,11.400000000000002,0.19409102385113775,-0.020000000000001572,-0.30000000000000004,-0.30000000000000004,11.11111111111111,11.11111111111111
25,0.4,True,1,0.0,True,17.64444444444444,-2.211981949963021,-4.280000000000004,-0.30095513157018683,0.15999999999999925,-0.4,-0.4,11.11111111111111,11.11111111111111,17.64444444444444,-2.3595049677021533,-1.7066666666666377,0.7780850414168112,-6.661338147750939e-16,-0.4,-0.4,11.11111111111111,11.11111111111111
25,0.5,True,2,0.0,True,18.84444444444444,-3.4652090431236955,-3.986666666666639,0.31306994223562334,-0.1499999999999999,-0.5,-0.5,11.11111111111111,11.11111111111111,19.444444444444443,-2.6225806943847543,-1.6666666666666456,-0.6409545611507494,0.0,-0.5,-0.5,11.11111111111111,11.11111111111111
25,0.6000000000000001,True,2,0.0,True,15.844444444444436,-3.894192347139639,-4.113333333333332,-1.0782623407653769,-0.8600000000000017,-0.6000000000000001,-0.6000000000000001,11.11111111111111,11.11111111111111,18.24444444444444,0.33055604245970205,2.800000000000023,0.318502422009987,-0.019999999999999574,-0.6000000000000001,-0.6000000000000001,11.11111111111111,11.11111111111111
25,0.7000000000000001,True,2,0.0,True,14.044444444444437,-3.076334126432516,-4.2266666666666195,-0.45532429418444553,-1.4799999999999978,-0.7000000000000001,-0.7000000000000001,11.11111111111111,11.11111111111111,19.444444444444443,4.167359546756377,5.8333333333333615,-0.7059501358287661,-0.009999999999999343,-0.7000000000000001,-0.7000000000000001,11.11111111111111,11.11111111111111
25,0.8,True,2,0.0,True,12.844444444444438,-2.052779930040006,-4.2866666666667355,-1.578382519758672,-1.8799999999999994,0.0,0.0,11.11111111111111,11.11111111111111,19.444444444444443,7.594062805964133,8.333333333333353,0.8760216400147711,-2.220446049250313e-16,-0.8,-0.8,11.11111111111111,11.11111111111111
25,0.9,False,0,0.10000000000001166,True,11.644444444444439,-0.21199746785024143,0.053333333333339006,-1.7055966702294476,-1.8900000000000028,0.0,0.0,11.11111111111111,11.11111111111111,19.444444444444443,8.925503589545503,10.000000000000018,0.26122554874123205,-0.02000000000000024,-0.9,-0.9,11.11111111111111,11.11111111111111
25,1.0,True,2,0.0,True,11.644444444444439,0.06533406462436364,-0.5199999999999845,-0.8760806911783487,-1.7999999999999998,0.0,0.0,11.11111111111111,11.11111111111111,19.444444444444443,11.241293457233699,11.666666666666682,0.15998496011245056,0.0,-1.0,-1.0,11.11111111111111,11.11111111111111
25,1.1,True,2,0.0,True,11.644444444444439,-1.0862852776849534,-4.299999999999431,-1.4919367609858385,-1.8799999999999981,0.0,0.0,11.11111111111111,11.11111111111111,19.444444444444443,9.782702630467892,12.50000000000001,-0.7622675662062366,-0.0499999999999996,-1.1,-1.1,11.11111111111111,11.11111111111111
25,1.2000000000000002,False,0,0.680645161290328,True,11.644444444444439,-0.15569352165219907,1.4333333333333345,-1.8909794519675953,-1.7999999999999998,0.0,0.0,11.11111111111111,11.11111111111111,19.444444444444443,9.902778863657108,13.33333333333334,0.29168235441655055,-0.07999999999999963,-1.2000000000000002,-1.2000000000000002,11.11111111111111,11.11111111111111
25,1.3,True,2,0.0,True,11.644444444444439,-0.2628181779495291,-0.07999999999998675,-1.7518020726946608,-1.8899999999999997,0.0,0.0,11.11111111111111,11.11111111111111,19.444444444444443,12.572100693094722,14.166666666666675,-0.08269707522230307,-0.09000000000000008,-1.3,-1.3,11.11111111111111,11.11111111111111
25,1.4000000000000001,False,0,0.840322580645168,True,11.644444444444439,0.06711427437480655,2.14666666666668,-1.657857198839652,-1.8999999999999986,0.0,0.0,11.11111111111111,11.11111111111111,19.444444444444443,13.763839638746628,15.000000000000004,0.5435207692051116,-0.08000000000000007,-1.4000000000000001,-1.4000000000000001,11.11111111111111,11.11111111111111
25,1.5,True,2,0.0,True,11.644444444444439,0.10319270718259776,-0.16666666666665986,-1.2738389821523604,-1.7999999999999998,0.0,0.0,11.11111111111111,11.11111111111111,19.444444444444443,14.597443635969736,15.83333333333334,0.1842099048427701,-0.04999999999999982,-1.5,-1.5,11.11111111111111,11.11111111111111
25,1.6,True,2,0.0,True,11.644444444444439,-1.211957288344979,-4.279999999999705,-1.0591847112049781,-1.879999999999999,0.0,0.0,11.11111111111111,11.11111111111111,19.444444444444443,11.882254191882392,15.83333333333334,0.07676820930110417,-0.1599999999999997,-1.6,-1.6,11.11111111111111,11.11111111111111
25,1.7000000000000002,False,0,0.7937500000000047,True,11.644444444444439,-0.18532878500029693,1.2600000000000025,-0.6642694488883676,-1.8300000000000005,0.0,0.0,11.11111111111111,11.11111111111111,19.444444444444443,16.309632863014567,16.666666666666668,0.04692487066273632,-0.09999999999999964,-1.7000000000000002,-1.7000000000000002,11.11111111111111,11.11111111111111
27,0.0,False,0,4.0,False,19.444444444444443,-3.1654714520188945,-3.93333333333334,0.6439604062642985,1.6,0.0,0.0,11.11111111111111,11.11111111111111,,,,,,,,,
27,0.1,False,0,4.0,True,19.444444444444443,-2.241674946313938,-3.93333333333334,1.2457820990889599,1.2199999999999998,-0.1,-0.1,11.11111111111111,11.11111111111111,19.444444444444443,103.3372741280394,98.56666666666813,-1.0177436257760548,-0.00999999999999579,-0.1,-0.1,11.11111111111111,11.11111111111111
27,0.2,False,0,3.799999999999999,True,19.444444444444443,-1.5448641785094308,-3.93333333333334,0.8220560085426745,0.8399999999999994,-0.2,-0.2,11.11111111111111,11.11111111111111,19.444444444444443,32.804990292187924,31.900000000000258,-1.3997861660510165,-0.019999999999997353,-0.2,-0.2,11.11111111111111,11.11111111111111
27,0.30000000000000004,False,0,1.1333333333333313,True,19.444444444444443,-4.039663525322754,-3.93333333333334,-0.3305054915678878,0.4599999999999995,-0.30000000000000004,-0.30000000000000004,11.11111111111111,11.11111111111111,19.444444444444443,10.668627632954436,9.400000000000002,0.5993735733756407,-0.020000000000001572,-0.30000000000000004,-0.30000000000000004,11.11111111111111,11.11111111111111
27,0.4,True,1,0.0,True,17.64444444444444,-1.9728588052694702,-4.000000000000017,0.2952934284486748,0.03999999999999915,-0.4,-0.4,11.11111111111111,11.11111111111111,17.64444444444444,0.22561127168084472,-3.346666666666681,0.6746703249508146,-6.661338147750939e-16,-0.4,-0.4,11.11111111111111,11.11111111111111
27,0.5,True,2,0.0,True,15.244444444444436,-3.9940295822527956,-4.206666666666652,-1.7468645819597703,-0.5499999999999998,-0.5,-0.5,11.11111111111111,11.11111111111111,18.24444444444444,-2.591432832742508,0.9933333333333438,-0.2998040160709614,0.0,-0.5,-0.5,11.11111111111111,11.11111111111111
27,0.6000000000000001,True,2,0.0,True,15.244444444444436,-3.740467846858567,-4.099999999999983,-1.7519968390670055,-0.9200000000000017,-0.6000000000000001,-0.6000000000000001,11.11111111111111,11.11111111111111,19.444444444444443,3.135155775541688,4.500000000000026,0.00899431806154305,-0.019999999999999574,-0.6000000000000001,-0.6000000000000001,11.11111111111111,11.11111111111111
27,0.7000000000000001,False,0,0.9125000000000049,True,11.644444444444439,-0.18159730976106214,1.6533333333333333,-0.8673414312742724,-1.899999999999999,-0.7000000000000001,-0.7000000000000001,11.11111111111111,11.11111111111111,18.84444444444444,5.484270453921529,7.893333333333364,-0.3080212528099815,-0.009999999999999343,-0.7000000000000001,-0.7000000000000001,11.11111111111111,11.11111111111111
27,0.8,True,2,0.0,True,12.844444444444438,-1.8691438265402267,-4.219999999999888,-1.5838661607910605,-1.8799999999999994,0.0,0.0,11.11111111111111,11.11111111111111,19.444444444444443,10.930123630125745,10.333333333333353,0.4967108375650042,-2.220446049250313e-16,-0.8,-0.8,11.11111111111111,11.11111111111111
27,0.9,False,0,0.6887096774193598,True,11.644444444444439,-0.14843792823242818,1.1066666666666665,-1.4350432415174361,-1.8900000000000028,-0.9,0.0,11.11111111111111,11.11111111111111,19.444444444444443,9.3288978334534,12.000000000000018,-0.37298244559750504,-0.02000000000000024,-0.9,-0.9,11.11111111111111,11.11111111111111
27,1.0,True,2,0.0,True,11.644444444444439,-2.7607830063570473,-4.273333333333926,-0.779356554051589,-1.7999999999999998,0.0,0.0,11.11111111111111,11.11111111111111,19.444444444444443,12.006798631552737,13.666666666666682,1.186540968262118,0.0,-1.0,-1.0,11.11111111111111,11.11111111111111
27,1.1,True,2,0.0,True,11.644444444444439,-2.7389044343694477,-4.27999999999962,-1.8273226182252784,-1.8799999999999981,0.0,0.0,11.11111111111111,11.11111111111111,19.444444444444443,13.425779244439862,14.50000000000001,0.2587350994335025,-0.0499999999999996,-1.1,-1.1,11.11111111111111,11.11111111111111
27,1.2000000000000002,True,2,0.0,True,11.644444444444439,0.1804108133832587,-0.2866666666666502,-1.449276147660524,-1.7999999999999998,0.0,0.0,11.11111111111111,11.11111111111111,19.444444444444443,15.708305964602449,15.33333333333334,-0.2971017130397611,-0.07999999999999963,-1.2000000000000002,-1.2000000000000002,11.11111111111111,11.11111111111111
27,1.3,False,0,0.06250000000001874,True,11.644444444444439,-0.029400500481759018,0.033333333333342985,-1.765166298016976,-1.8899999999999997,0.0,0.0,11.11111111111111,11.11111111111111,19.444444444444443,14.156372763854318,16.166666666666675,0.18600045573115276,-0.09000000000000008,-1.3,-1.3,11.11111111111111,11.11111111111111
27,1.4000000000000001,False,0,0.59142857142857,True,11.644444444444439,-0.12657247839740915,0.7199999999999962,-0.8935059267119225,-1.8999999999999986,0.0,0.0,11.11111111111111,11.11111111111111,19.444444444444443,15.731175219348646,17.000000000000004,0.35684457087817867,-0.08000000000000007,-1.4000000000000001,-1.4000000000000001,11.11111111111111,11.11111111111111
27,1.5,False,0,0.6887096774193598,True,11.644444444444439,-0.03659135655152834,0.6533333333333475,-1.294794584193129,-1.7999999999999998,0.0,0.0,11.11111111111111,11.11111111111111,19.444444444444443,16.99308974986018,17.83333333333334,-0.4554174731777203,-0.04999999999999982,-1.5,-1.5,11.11111111111111,11.11111111111111
27,1.6,False,0,0.3125000000000071,True,11.644444444444439,0.09586359953790424,0.16666666666666874,-1.2240927936573218,-1.879999999999999,0.0,0.0,11.11111111111111,11.11111111111111,19.444444444444443,14.703155414135953,17.83333333333334,0.6261264542686131,-0.1599999999999997,-1.6,-1.6,11.11111111111111,11.11111111111111
27,1.7000000000000002,False,0,0.8115384615384544,True,11.644444444444439,-0.2290475130388101,0.6533333333333191,-1.176996116600987,-1.8300000000000005,0.0,0.0,11.11111111111111,11.11111111111111,19.444444444444443,15.064282156918257,18.666666666666668,1.6495394022704182,-0.09999999999999964,-1.7000000000000002,-1.7000000000000002,11.11111111111111,11.11111111111111
29,0.0,False,0,4.0,False,19.444444444444443,-2.5243589677501346,-4.266666666666683,1.2011779500535558,1.6,0.0,0.0,11.11111111111111,11.11111111111111,,,,,,,,,
29,0.1,False,0,4.0,True,19.444444444444443,-4.18040354649037,-4.266666666666683,0.8706150188160744,1.1999999999999997,-0.1,-0.1,11.11111111111111,11.11111111111111,19.444444444444443,97.52894067765335,96.56666666666816,0.6620523127362619,-0.00999999999999579,-0.1,-0.1,11.11111111111111,11.11111111111111
29,0.2,False,0,3.500000000000001,True,19.444444444444443,-2.0224685454906135,-4.266666666666683,1.3001363089448343,0.7999999999999998,-0.2,-0.2,11.11111111111111,11.11111111111111,19.444444444444443,30.1901151430428,29.900000000000258,0.29622266271308906,-0.019999999999997353,-0.2,-0.2,11.11111111111111,11.11111111111111
29,0.30000000000000004,False,0,0.03333333333332818,True,15.844444444444436,-3.1395092628116315,-4.293333333333311,1.24976334566013,0.2799999999999989,-0.30000000000000004,-0.30000000000000004,11.11111111111111,11.11111111111111,15.844444444444436,1.2023825726262887,0.4400000000000377,0.7532414066807402,-0.020000000000001572,-0.30000000000000004,-0.30000000000000004,11.11111111111111,11.11111111111111
29,0.4,True,1,0.0,True,19.444444444444443,-1.2657789050814925,-4.266666666666683,-0.17189718837267987,-6.661338147750939e-16,-0.4,-0.4,11.11111111111111,11.11111111111111,19.444444444444443,-1.2657789050814925,-4.266666666666683,-0.17189718837267987,-6.661338147750939e-16,-0.4,-0.4,11.11111111111111,11.11111111111111
29,0.5,True,2,0.0,True,14.044444444444437,-2.9394023075197593,-4.166666666666745,-0.2507399461161355,-1.0,-0.5,-0.5,11.11111111111111,11.11111111111111,18.24444444444444,2.8035556530716095,2.753333333333342,-0.1195235098366274,0.0,-0.5,-0.5,11.11111111111111,11.11111111111111
29,0.6000000000000001,True,2,0.0,True,11.644444444444439,-2.7960732840936826,-4.286666666666991,-1.4109733842789236,-1.8599999999999959,0.0,0.0,11.11111111111111,11.11111111111111,19.444444444444443,5.735598575137456,6.500000000000019,0.05238892726165978,-0.019999999999999574,-0.6000000000000001,-0.6000000000000001,11.11111111111111,11.11111111111111
29,0.7000000000000001,True,2,0.0,True,11.644444444444439,0.24807648496691304,-0.48000000000000664,-0.9606095331586384,-1.899999999999999,0.0,0.0,11.11111111111111,11.11111111111111,19.444444444444443,6.795843872429079,9.833333333333353,0.2486338186928374,-0.009999999999999343,-0.7000000000000001,-0.7000000000000001,11.11111111111111,11.11111111111111
29,0.8,True,2,0.0,True,11.644444444444439,-0.08850898614152225,-0.8866666666666729,-1.6387237784215805,-1.8799999999999994,0.0,0.0,11.11111111111111,11.11111111111111,19.444444444444443,11.273481428174026,12.333333333333353,-0.8430028242065388,-2.220446049250313e-16,-0.8,-0.8,11.11111111111111,11.11111111111111
29,0.9,True,2,0.0,True,11.644444444444439,-2.689462803413181,-4.2933333333328845,-0.9499370349901954,-1.8900000000000028,0.0,0.0,11.11111111111111,11.11111111111111,19.444444444444443,12.337952497730857,14.00000000000001,0.6464617354405293,-0.02000000000000024,-0.9,-0.9,11.11111111111111,11.11111111111111
29,1.0,False,0,0.759154929577467,True,11.644444444444439,0.16891587244728345,0.8400000000000007,-1.1771963077330618,-1.7999999999999998,0.0,0.0,11.11111111111111,11.11111111111111,19.444444444444443,13.153226507886348,15.666666666666675,0.5241746167661776,0.0,-1.0,-1.0,11.11111111111111,11.11111111111111
29,1.1,True,2,0.0,True,12.244444444444438,-1.197962835452702,-4.273333333333457,-1.7314321544179425,-1.8799999999999981,0.0,0.0,11.11111111111111,11.11111111111111,19.444444444444443,15.549988650287975,16.50000000000001,-0.10258672624374077,-0.0499999999999996,-1.1,-1.1,11.11111111111111,11.11111111111111
29,1.2000000000000002,False,0,0.5874999999999996,True,11.644444444444439,0.08310127935186262,0.3133333333333299,-0.31636024445503486,-1.7999999999999998,0.0,0.0,11.11111111111111,11.11111111111111,19.444444444444443,16.66278628361574,17.33333333333334,-0.20682819322531443,-0.07999999999999963,-1.2000000000000002,-1.2000000000000002,11.11111111111111,11.11111111111111
29,1.3,True,2,0.0,True,11.644444444444439,-3.054758132040564,-4.2999999999995735,-1.5492062352184437,-1.8899999999999997,0.0,0.0,11.11111111111111,11.11111111111111,19.444444444444443,14.198930704204596,18.166666666666668,-0.1696113895312521,-0.09000000000000008,-1.3,-1.3,11.11111111111111,11.11111111111111
29,1.4000000000000001,False,0,0.759154929577467,True,11.644444444444439,-0.16532712556974882,1.326666666666637,-1.7008642485443615,-1.8999999999999986,0.0,0.0,11.11111111111111,11.11111111111111,19.444444444444443,19.05623785139252,19.000000000000004,-0.09960727797622937,-0.08000000000000007,-1.4000000000000001,-1.4000000000000001,11.11111111111111,11.11111111111111
29,1.5,False,0,1.0500000000000036,True,11.644444444444439,0.20415687756708412,2.133333333333323,-1.655161950885544,-1.7999999999999998,0.0,0.0,11.11111111111111,11.11111111111111,19.444444444444443,18.714879524659327,19.83333333333334,-0.12949679189307184,-0.04999999999999982,-1.5,-1.5,11.11111111111111,11.11111111111111
29,1.6,True,2,0.0,True,12.244444444444438,-2.4327171273969155,-4.2733333333332295,-1.5010806887731847,-1.879999999999999,0.0,0.0,11.11111111111111,11.11111111111111,19.444444444444443,19.435035064504806,19.83333333333334,-0.6896229658171471,-0.1599999999999997,-1.6,-1.6,11.11111111111111,11.11111111111111
29,1.7000000000000002,False,0,0.6693548387096812,True,11.644444444444439,-0.10254889322050342,1.159999999999994,-1.8964535652898413,-1.8300000000000005,0.0,0.0,11.11111111111111,11.11111111111111,19.444444444444443,20.63963596122309,20.666666666666668,-0.545439551611826,-0.09999999999999964,-1.7000000000000002,-1.7000000000000002,11.11111111111111,11.11111111111111
31,0.0,False,0,4.0,False,19.444444444444443,-2.302643506251857,-4.000000000000003,2.0699283082091733,1.6,0.0,0.0,11.11111111111111,11.11111111111111,,,,,,,,,
31,0.1,False,0,4.0,True,19.444444444444443,-2.984004600305755,-4.000000000000003,1.9299265501264338,1.1800000000000002,-0.1,-0.1,11.11111111111111,11.11111111111111,19.444444444444443,95.62041377282024,94.56666666666816,0.4210379904486108,-0.00999999999999579,-0.1,-0.1,11.11111111111111,11.11111111111111
31,0.2,False,0,3.3000000000000007,True,19.444444444444443,-2.9720374073823477,-4.000000000000003,0.919323380480888,0.7599999999999998,-0.2,-0.2,11.11111111111111,11.11111111111111,19.444444444444443,28.490139057594174,27.900000000000258,0.7847142632706512,-0.019999999999997353,-0.2,-0.2,11.11111111111111,11.11111111111111
31,0.30000000000000004,False,0,0.13333333333332825,True,16.444444444444436,-2.342267363926484,-4.199999999999991,0.5703088296305081,0.2499999999999991,-0.30000000000000004,-0.30000000000000004,11.11111111111111,11.11111111111111,16.444444444444436,2.1526969177342297,0.6000000000000485,0.9703711578209737,-0.020000000000001572,-0.30000000000000004,-0.30000000000000004,11.11111111111111,11.11111111111111
31,0.4,True,2,0.0,True,12.844444444444438,-2.0990999722598245,-4.260000000000107,-0.9645693756587115,-1.039999999999997,-0.4,-0.4,11.11111111111111,11.11111111111111,14.644444444444437,-1.4834739114817692,0.5466666666666784,-0.7951732304095849,-6.661338147750939e-16,-0.4,-0.4,11.11111111111111,11.11111111111111
31,0.5,True,2,0.0,True,14.644444444444437,-3.5918731715256653,-4.2266666666666906,-1.313387043344008,-0.8500000000000001,-0.5,-0.5,11.11111111111111,11.11111111111111,19.444444444444443,2.0869913250334493,4.33333333333334,0.1483273188635219,0.0,-0.5,-0.5,11.11111111111111,11.11111111111111
31,0.6000000000000001,True,2,0.0,True,12.844444444444438,-3.2939972920339526,-4.2733333333334,-1.7727750623527947,-1.8599999999999959,0.0,0.0,11.11111111111111,11.11111111111111,19.444444444444443,7.906106395799665,8.50000000000001,0.3754120685528326,-0.019999999999999574,-0.6000000000000001,-0.6000000000000001,11.11111111111111,11.11111111111111
31,0.7000000000000001,True,2,0.0,True,11.644444444444439,-3.6963199591999283,-4.286666666666139,-0.7792721051162435,-1.899999999999999,0.0,0.0,11.11111111111111,11.11111111111111,19.444444444444443,9.964118147392394,11.833333333333353,0.9743831981839164,-0.009999999999999343,-0.7000000000000001,-0.7000000000000001,11.11111111111111,11.11111111111111
31,0.8,True,2,0.0,True,12.844444444444438,-1.848521931052363,-4.299999999999915,-0.9572346917768401,-1.8799999999999994,0.0,0.0,11.11111111111111,11.11111111111111,19.444444444444443,14.804072041750619,14.333333333333353,-0.31301802675202794,-2.220446049250313e-16,-0.8,-0.8,11.11111111111111,11.11111111111111
31,0.9,False,0,0.8250000000000031,True,11.644444444444439,0.10381392877834816,1.0333333333333146,-1.8738578009635198,-1.8900000000000028,0.0,0.0,11.11111111111111,11.11111111111111,19.444444444444443,14.83365823158574,16.00000000000001,-0.41448447365510566,-0.02000000000000024,-0.9,-0.9,11.11111111111111,11.11111111111111
31,1.0,False,0,0.9661290322580705,True,11.644444444444439,-0.2608986789001504,1.4733333333333123,-1.221887319144131,-1.7999999999999998,0.0,0.0,11.11111111111111,11.11111111111111,19.444444444444443,17.31117107975599,17.666666666666675,-0.018471556590097915,0.0,-1.0,-1.0,11.11111111111111,11.11111111111111
31,1.1,False,0,0.648387096774199,True,11.644444444444439,-0.11763566957613403,0.9533333333333305,-1.8321821186604716,-1.8799999999999981,0.0,0.0,11.11111111111111,11.11111111111111,19.444444444444443,17.404834523610457,18.50000000000001,-0.08503041656001065,-0.0499999999999996,-1.1,-1.1,11.11111111111111,11.11111111111111
31,1.2000000000000002,True,2,0.0,True,11.644444444444439,-1.7798033497612833,-4.299999999999232,-1.7653750411621765,-1.7999999999999998,0.0,0.0,11.11111111111111,11.11111111111111,19.444444444444443,19.215091374236064,19.33333333333334,-0.14115954005118847,-0.07999999999999963,-1.2000000000000002,-1.2000000000000002,11.11111111111111,11.11111111111111
31,1.3,False,0,0.7647058823529369,True,11.644444444444439,-0.19637187384920463,0.5999999999999917,-1.397028892552021,-1.8899999999999997,0.0,0.0,11.11111111111111,11.11111111111111,19.444444444444443,20.46685639566036,20.166666666666668,-0.515957245198515,-0.09000000000000008,-1.3,-1.3,11.11111111111111,11.11111111111111
31,1.4000000000000001,False,0,0.9409090909091035,True,11.644444444444439,0.04851722795269797,1.4933333333333367,-1.504669642944642,-1.8999999999999986,0.0,0.0,11.11111111111111,11.11111111111111,19.444444444444443,20.369465019029573,21.000000000000004,0.5491276299311711,-0.08000000000000007,-1.4000000000000001,-1.4000000000000001,11.11111111111111,11.11111111111111
31,1.5,False,0,0.7962264150943442,True,11.644444444444439,-0.04672310328661222,1.340000000000015,-1.8458583476292598,-1.7999999999999998,0.0,0.0,11.11111111111111,11.11111111111111,19.444444444444443,19.712729611837357,21.83333333333334,0.7215382217288817,-0.04999999999999982,-1.5,-1.5,11.11111111111111,11.11111111111111
31,1.6,False,0,0.648387096774199,True,11.644444444444439,0.02901724659660676,1.286666666666659,-1.6583889644259258,-1.879999999999999,0.0,0.0,11.11111111111111,11.11111111111111,19.444444444444443,17.978895389915397,21.83333333333334,1.100503111141777,-0.1599999999999997,-1.6,-1.6,11.11111111111111,11.11111111111111
31,1.7000000000000002,True,2,0.0,True,11.644444444444439,0.15133066927891736,-4.293333333332828,-1.3399809952305406,-1.8300000000000005,0.0,0.0,11.11111111111111,11.11111111111111,19.444444444444443,23.616007723247588,22.666666666666668,-0.6482462457882945,-0.09999999999999964,-1.7000000000000002,-1.7000000000000002,11.11111111111111,11.11111111111111
33,0.0,False,0,4.0,False,19.444444444444443,-2.9059694220615055,-4.100000000000011,-0.1391970034644221,1.6,0.0,0.0,11.11111111111111,11.11111111111111,,,,,,,,,
33,0.1,False,0,4.0,True,19.444444444444443,3.7553781630302554,-4.100000000000011,0.8546573060016271,1.15,-0.1,-0.1,11.11111111111111,11.11111111111111,19.444444444444443,93.49605821463645,92.56666666666816,0.7965083802935156,-0.00999999999999579,-0.1,-0.1,11.11111111111111,11.11111111111111
33,0.2,False,0,3.1000000000000028,True,19.444444444444443,-0.29417568793778326,-4.100000000000011,-0.1728951203808602,0.7000000000000002,-0.2,-0.2,11.11111111111111,11.11111111111111,19.444444444444443,26.345636060076085,25.900000000000258,0.3351242636842935,-0.019999999999997353,-0.2,-0.2,11.11111111111111,11.11111111111111
33,0.30000000000000004,False,0,0.03333333333332818,True,17.64444444444444,-1.2803175798967201,-4.23333333333328,0.29681469926785686,0.18999999999999906,-0.30000000000000004,-0.30000000000000004,11.11111111111111,11.11111111111111,17.64444444444444,0.9119462159122209,0.34000000000011443,0.5828969754964297,-0.020000000000001572,-0.30000000000000004,-0.30000000000000004,11.11111111111111,11.11111111111111
33,0.4,True,2,0.0,True,14.644444444444437,-4.045024616455453,-4.15333333333331,0.6406344128013988,-0.4799999999999991,-0.4,-0.4,11.11111111111111,11.11111111111111,16.444444444444436,-0.24908479460565314,0.5666666666666744,-0.808628771856478,-6.661338147750939e-16,-0.4,-0.4,11.11111111111111,11.11111111111111
33,0.5,True,2,0.0,True,12.244444444444438,-3.4756406154298984,-4.293333333333268,-1.6700154224889896,-1.85,0.0,0.0,11.11111111111111,11.11111111111111,19.444444444444443,5.008128710677167,6.33333333333334,0.3625891779596575,0.0,-0.5,-0.5,11.11111111111111,11.11111111111111
33,0.6000000000000001,True,2,0.0,True,12.844444444444438,-2.3315466212976643,-4.2533333333332335,-1.5080782103003116,-1.8599999999999959,0.0,0.0,11.11111111111111,11.11111111111111,19.444444444444443,9.829580986822176,10.50000000000001,-0.7173322363285792,-0.019999999999999574,-0.6000000000000001,-0.6000000000000001,11.11111111111111,11.11111111111111
33,0.7000000000000001,False,0,0.6142857142857104,True,11.644444444444439,0.15551917140525706,0.8266666666666511,-0.5993467636461907,-1.899999999999999,0.0,0.0,11.11111111111111,11.11111111111111,19.444444444444443,13.655051061715394,13.833333333333353,-0.07706980754690296,-0.009999999999999343,-0.7000000000000001,-0.7000000000000001,11.11111111111111,11.11111111111111
33,0.8,False,0,0.7716981132075539,True,11.644444444444439,-0.12733504056031375,1.1733333333333151,-1.7947169038232782,-1.8799999999999994,0.0,0.0,11.11111111111111,11.11111111111111,19.444444444444443,15.143955209008471,16.333333333333353,1.139024714386561,-2.220446049250313e-16,-0.8,-0.8,11.11111111111111,11.11111111111111
33,0.9,False,0,0.8875000000000035,True,11.644444444444439,-0.06398954478536023,1.1333333333333089,-1.394943722976728,-1.8900000000000028,0.0,0.0,11.11111111111111,11.11111111111111,19.444444444444443,16.92011842909257,18.00000000000001,0.13729746776340823,-0.02000000000000024,-0.9,-0.9,11.11111111111111,11.11111111111111
33,1.0,True,2,0.0,True,11.644444444444439,0.1142563656502178,-0.29333333333335343,-1.8672019690619983,-1.7999999999999998,0.0,0.0,11.11111111111111,11.11111111111111,19.444444444444443,17.175075930612604,19.666666666666675,0.6419426672479065,0.0,-1.0,-1.0,11.11111111111111,11.11111111111111
33,1.1,False,0,0.5124999999999871,True,11.644444444444439,0.2544372967570583,0.27333333333332366,-1.4599253696650003,-1.8799999999999981,0.0,0.0,11.11111111111111,11.11111111111111,19.444444444444443,17.962106520741184,20.50000000000001,0.017777316898283768,-0.0499999999999996,-1.1,-1.1,11.11111111111111,11.11111111111111
33,1.2000000000000002,False,0,0.29411764705880594,True,11.644444444444439,0.2301897705448228,0.17333333333330092,-1.651325455698834,-1.7999999999999998,0.0,0.0,11.11111111111111,11.11111111111111,19.444444444444443,21.823987856025635,21.33333333333334,-0.0794425349790775,-0.07999999999999963,-1.2000000000000002,-1.2000000000000002,11.11111111111111,11.11111111111111
33,1.3,False,0,0.7500000000000017,True,11.644444444444439,0.1090660236656591,1.0666666666666602,-1.8141041723286075,-1.8899999999999997,0.0,0.0,11.11111111111111,11.11111111111111,19.444444444444443,21.904973605701084,22.166666666666668,-0.19120527942546772,-0.09000000000000008,-1.3,-1.3,11.11111111111111,11.11111111111111
33,1.4000000000000001,False,0,1.024489795918369,True,11.644444444444439,0.11044679227388787,1.8399999999999865,-1.1816088602255057,-1.8999999999999986,0.0,0.0,11.11111111111111,11.11111111111111,19.444444444444443,22.0699066404653,23.000000000000004,0.013388182053306164,-0.08000000000000007,-1.4000000000000001,-1.4000000000000001,11.11111111111111,11.11111111111111
33,1.5,False,0,0.3705882352940936,True,11.644444444444439,0.1441686172428378,0.36666666666664316,-1.1311731152973117,-1.7999999999999998,0.0,0.0,11.11111111111111,11.11111111111111,19.444444444444443,19.93740429180698,23.83333333333334,0.20369228307356435,-0.04999999999999982,-1.5,-1.5,11.11111111111111,11.11111111111111
33,1.6,False,0,0.8113636363636405,True,11.644444444444439,-0.04792117234974835,0.8066666666666693,-1.5892749347581034,-1.879999999999999,0.0,0.0,11.11111111111111,11.11111111111111,19.444444444444443,21.280004591958576,23.83333333333334,-0.3308377093628312,-0.1599999999999997,-1.6,-1.6,11.11111111111111,11.11111111111111
33,1.7000000000000002,False,0,0.2624999999999721,True,11.644444444444439,0.20301268733120725,0.1399999999999837,-1.230965941230267,-1.8300000000000005,0.0,0.0,11.11111111111111,11.11111111111111,19.444444444444443,21.36074175649623,24.666666666666668,0.9816649322064963,-0.09999999999999964,-1.7000000000000002,-1.7000000000000002,11.11111111111111,11.11111111111111
35,0.0,False,0,4.0,True,19.444444444444443,-3.570059259100222,-4.16666666666666,0.9747449931289025,1.6,0.0,0.0,11.11111111111111,11.11111111111111,,,,,,,,,
35,0.1,False,0,4.0,False,19.444444444444443,-0.36377141815391933,-4.16666666666666,1.1463789875455692,1.1300000000000003,-0.1,-0.1,11.11111111111111,11.11111111111111,19.444444444444443,92.21145752541263,90.56666666666816,-0.005492441393851966,-0.00999999999999579,-0.1,-0.1,11.11111111111111,11.11111111111111
35,0.2,False,0,2.6000000000000045,True,17.64444444444444,-1.1730647170587387,-4.259999999999994,1.0499665539972756,0.6400000000000001,-0.2,-0.2,11.11111111111111,11.11111111111111,17.64444444444444,17.02511732809513,17.300000000000278,0.10084639574928778,-0.019999999999997353,-0.2,-0.2,11.11111111111111,11.11111111111111
35,0.30000000000000004,True,1,0.0,True,17.64444444444444,-4.051797575863335,-4.100000000000011,0.18265893674243605,0.1599999999999988,-0.30000000000000004,-0.30000000000000004,11.11111111111111,11.11111111111111,17.044444444444437,-1.4393460659967188,-0.9399999999999578,-0.7148951979768605,-0.020000000000001572,-0.30000000000000004,-0.30000000000000004,11.11111111111111,11.11111111111111
35,0.4,True,2,0.0,True,14.644444444444437,1.4296380992874562,-4.126666666666696,-0.5727867914522322,-0.5999999999999983,-0.4,-0.4,11.11111111111111,11.11111111111111,18.24444444444444,-0.6805646184284795,1.9666666666666943,-0.1950849692948795,-6.661338147750939e-16,-0.4,-0.4,11.11111111111111,11.11111111111111
35,0.5,True,2,0.0,True,12.244444444444438,-3.689731092711912,-4.246666666666658,-0.8490418151824259,-1.85,0.0,0.0,11.11111111111111,11.11111111111111,19.444444444444443,6.254962008241333,8.33333333333334,0.899185442847299,0.0,-0.5,-0.5,11.11111111111111,11.11111111111111
35,0.6000000000000001,True,2,0.0,True,11.644444444444439,-0.05521375284694141,-0.15333333333332444,-1.7301746581455282,-1.8599999999999959,0.0,0.0,11.11111111111111,11.11111111111111,19.444444444444443,6.255487289210312,12.50000000000001,-0.2915998613914963,-0.019999999999999574,-0.6000000000000001,-0.6000000000000001,11.11111111111111,11.11111111111111
35,0.7000000000000001,False,0,0.611764705882349,True,11.644444444444439,0.0688270619706488,0.5866666666666562,-0.19531901137948826,-1.899999999999999,0.0,0.0,11.11111111111111,11.11111111111111,19.444444444444443,13.877299014757707,15.833333333333353,-0.22005058161116953,-0.009999999999999343,-0.7000000000000001,-0.7000000000000001,11.11111111111111,11.11111111111111
35,0.8,False,0,0.7677419354838713,True,11.644444444444439,0.08748890965766254,1.6133333333333129,-1.7788527233364742,-1.8799999999999994,0.0,0.0,11.11111111111111,11.11111111111111,19.444444444444443,16.57451835625965,18.333333333333353,0.3423333033301734,-2.220446049250313e-16,-0.8,-0.8,11.11111111111111,11.11111111111111
35,0.9,True,2,0.0,True,11.644444444444439,-3.730882229687114,-4.286666666667332,-1.6926876052358393,-1.8900000000000028,0.0,0.0,11.11111111111111,11.11111111111111,19.444444444444443,19.096860756966937,20.00000000000001,0.26596750755847554,-0.02000000000000024,-0.9,-0.9,11.11111111111111,11.11111111111111
35,1.0,True,2,0.0,True,11.644444444444439,-2.515343609617889,-4.279999999999052,-1.8774829692773884,-1.7999999999999998,0.0,0.0,11.11111111111111,11.11111111111111,19.444444444444443,17.18501434259154,21.666666666666675,0.07912447780674348,0.0,-1.0,-1.0,11.11111111111111,11.11111111111111
35,1.1,False,0,0.9112903225806492,True,11.644444444444439,-0.03309351884415701,0.9533333333333021,-1.6855374506968857,-1.8799999999999981,0.0,0.0,11.11111111111111,11.11111111111111,19.444444444444443,22.770090851217777,22.50000000000001,-0.07861504975298006,-0.0499999999999996,-1.1,-1.1,11.11111111111111,11.11111111111111
35,1.2000000000000002,False,0,0.8490566037735857,True,11.644444444444439,0.20016708957795704,1.919999999999999,-1.8878282453028632,-1.7999999999999998,0.0,0.0,11.11111111111111,11.11111111111111,19.444444444444443,21.60162421857881,23.33333333333334,0.46239612824174836,-0.07999999999999963,-1.2000000000000002,-1.2000000000000002,11.11111111111111,11.11111111111111
35,1.3,False,0,0.8162500000000016,True,11.644444444444439,-0.033680411518761666,1.6266666666666625,-1.5133729825574083,-1.8899999999999997,0.0,0.0,11.11111111111111,11.11111111111111,19.444444444444443,20.24172099290264,24.166666666666668,-0.26633040988791157,-0.09000000000000008,-1.3,-1.3,11.11111111111111,11.11111111111111
35,1.4000000000000001,False,0,0.7937500000000007,True,11.644444444444439,-0.22114301938624958,1.2266666666666568,-1.1389232462126757,-1.8999999999999986,0.0,0.0,11.11111111111111,11.11111111111111,19.444444444444443,22.94880183725859,25.000000000000004,0.14648856010589428,-0.08000000000000007,-1.4000000000000001,-1.4000000000000001,11.11111111111111,11.11111111111111
35,1.5,False,0,0.6080645161290331,True,11.644444444444439,-0.25000960946225614,1.0066666666666437,-1.5902231887564695,-1.7999999999999998,0.0,0.0,11.11111111111111,11.11111111111111,19.444444444444443,23.36961143635295,25.83333333333334,1.1549255473277626,-0.04999999999999982,-1.5,-1.5,11.11111111111111,11.11111111111111
35,1.6,False,0,0.6080645161290331,True,11.644444444444439,0.13016188916129767,0.7599999999999882,-1.3329965064296267,-1.879999999999999,0.0,0.0,11.11111111111111,11.11111111111111,19.444444444444443,26.097247833050172,25.83333333333334,-0.9944442345462668,-0.1599999999999997,-1.6,-1.6,11.11111111111111,11.11111111111111
35,1.7000000000000002,False,0,0.5999999999999969,True,11.644444444444439,0.20903954331390384,0.41333333333331,-1.1859230177953308,-1.8300000000000005,0.0,0.0,11.11111111111111,11.11111111111111,19.444444444444443,26.53041298151629,26.666666666666668,-0.239203873916368,-0.09999999999999964,-1.7000000000000002,-1.7000000000000002,11.11111111111111,11.11111111111111
37,0.0,False,0,4.0,False,19.444444444444443,-1.0401333829340187,-3.93333333333334,0.8850331646036524,1.6,0.0,0.0,11.11111111111111,11.11111111111111,,,,,,,,,
37,0.1,False,0,4.0,True,19.444444444444443,-2.2442987660812888,-3.93333333333334,-0.30975844708947053,1.1,-0.1,-0.1,11.11111111111111,11.11111111111111,19.444444444444443,89.69905579126102,88.56666666666816,-0.6333270265876672,-0.00999999999999579,-0.1,-0.1,11.11111111111111,11.11111111111111
37,0.2,False,0,2.6000000000000045,True,19.444444444444443,-0.9537176372925016,-3.93333333333334,0.341427904472849,0.6000000000000005,-0.2,-0.2,11.11111111111111,11.11111111111111,19.444444444444443,26.20513859993039,21.900000000000272,0.5211660915110179,-0.019999999999997353,-0.2,-0.2,11.11111111111111,11.11111111111111
37,0.30000000000000004,True,1,0.0,True,14.644444444444437,-3.2680570845645915,-4.259999999999994,0.4446295937152578,-0.020000000000001572,-0.30000000000000004,-0.30000000000000004,11.11111111111111,11.11111111111111,14.644444444444437,-3.2680570845645915,-4.259999999999994,0.4446295937152578,-0.020000000000001572,-0.30000000000000004,-0.30000000000000004,11.11111111111111,11.11111111111111
37,0.4,True,2,0.0,True,13.444444444444438,-1.0145605380120513,-4.259999999999994,-1.0407978343976856,-0.9199999999999973,-0.4,-0.4,11.11111111111111,11.11111111111111,18.84444444444444,4.388023677102322,3.7866666666666875,-0.49530345900284223,-6.661338147750939e-16,-0.4,-0.4,11.11111111111111,11.11111111111111
37,0.5,True,2,0.0,True,14.044444444444437,-4.256725545591155,-4.226666666666605,0.11199465465891167,-1.5,-0.5,-0.5,11.11111111111111,11.11111111111111,19.444444444444443,6.434084576779324,10.33333333333334,0.16182947758207078,0.0,-0.5,-0.5,11.11111111111111,11.11111111111111
37,0.6000000000000001,False,0,0.5396226415094341,True,11.644444444444439,-0.16637283910543754,0.9333333333333202,-1.783643732662233,-1.5800000000000032,-0.6000000000000001,-0.6000000000000001,11.11111111111111,11.11111111111111,19.444444444444443,14.726458354534468,14.50000000000001,-1.806402998202745,-0.019999999999999574,-0.6000000000000001,-0.6000000000000001,11.11111111111111,11.11111111111111
37,0.7000000000000001,False,0,0.8562500000000026,True,11.644444444444439,-0.08083759366907639,0.7999999999999945,-1.7695509009589994,-1.899999999999999,0.0,0.0,11.11111111111111,11.11111111111111,19.444444444444443,17.009457673103153,17.833333333333353,-0.09009736996626971,-0.009999999999999343,-0.7000000000000001,-0.7000000000000001,11.11111111111111,11.11111111111111
37,0.8,False,0,0.6887096774193547,True,11.644444444444439,0.22557319073608273,1.3999999999999888,-1.4063029282795128,-1.8799999999999994,0.0,0.0,11.11111111111111,11.11111111111111,19.444444444444443,19.884214093339597,20.333333333333353,0.6751915430618181,-2.220446049250313e-16,-0.8,-0.8,11.11111111111111,11.11111111111111
37,0.9,False,0,0.6887096774193547,True,11.644444444444439,0.16747990108758604,0.8266666666666369,-0.22955889535275298,-1.8900000000000028,0.0,0.0,11.11111111111111,11.11111111111111,19.444444444444443,21.4254979820054,22.00000000000001,-0.3627889260572772,-0.02000000000000024,-0.9,-0.9,11.11111111111111,11.11111111111111
37,1.0,False,0,0.31923076923076543,True,11.644444444444439,0.024438897315545383,0.27999999999998426,-1.4121848539860185,-1.7999999999999998,0.0,0.0,11.11111111111111,11.11111111111111,19.444444444444443,20.84558158704964,23.666666666666675,0.40632827732797105,0.0,-1.0,-1.0,11.11111111111111,11.11111111111111
37,1.1,False,0,0.6500000000000004,True,11.644444444444439,-0.09102592088926809,1.2199999999999962,-1.0560387108496172,-1.8799999999999981,0.0,0.0,11.11111111111111,11.11111111111111,19.444444444444443,20.921307732109664,24.50000000000001,1.1853364081220308,-0.0499999999999996,-1.1,-1.1,11.11111111111111,11.11111111111111
37,1.2000000000000002,False,0,0.8415094339622678,True,11.644444444444439,-0.018564202048355405,1.659999999999994,-1.7497691752041473,-1.7999999999999998,0.0,0.0,11.11111111111111,11.11111111111111,19.444444444444443,21.90399406456734,25.33333333333334,-0.2975525811393469,-0.07999999999999963,-1.2000000000000002,-1.2000000000000002,11.11111111111111,11.11111111111111
37,1.3,False,0,0.7954545454545495,True,11.644444444444439,-0.16052203699973955,1.486666666666662,-1.7521485471496179,-1.8899999999999997,0.0,0.0,11.11111111111111,11.11111111111111,19.444444444444443,27.236961649759618,26.166666666666668,-1.212499339611683,-0.09000000000000008,-1.3,-1.3,11.11111111111111,11.11111111111111
37,1.4000000000000001,False,0,0.5705882352941009,True,11.644444444444439,0.05579194730510739,0.3266666666666369,-1.556682910820225,-1.8999999999999986,0.0,0.0,11.11111111111111,11.11111111111111,19.444444444444443,25.646497079482923,27.000000000000004,-0.4172144443947978,-0.08000000000000007,-1.4000000000000001,-1.4000000000000001,11.11111111111111,11.11111111111111
37,1.5,True,2,0.0,True,12.244444444444438,-2.444370581967479,-4.279999999999933,-1.6054452698223638,-1.7999999999999998,0.0,0.0,11.11111111111111,11.11111111111111,19.444444444444443,26.754572140284477,27.83333333333334,-1.0375588040661077,-0.04999999999999982,-1.5,-1.5,11.11111111111111,11.11111111111111
37,1.6,False,0,0.6171428571428507,True,11.644444444444439,0.010019320802268972,0.8866666666666534,-1.4428055123724217,-1.879999999999999,0.0,0.0,11.11111111111111,11.11111111111111,19.444444444444443,27.188535538711935,27.83333333333334,0.011886118761039066,-0.1599999999999997,-1.6,-1.6,11.11111111111111,11.11111111111111
37,1.7000000000000002,False,0,0.7903225806451618,True,11.644444444444439,0.15533320667608752,1.526666666666654,-1.48454927854721,-1.8300000000000005,0.0,0.0,11.11111111111111,11.11111111111111,19.444444444444443,27.41087928215995,28.666666666666668,-0.2601646478342463,-0.09999999999999964,-1.7000000000000002,-1.7000000000000002,11.11111111111111,11.11111111111111
39,0.0,False,0,4.0,True,19.444444444444443,-1.6211434235039404,-4.266666666666668,1.0254773896445712,1.6,0.0,0.0,11.11111111111111,11.11111111111111,,,,,,,,,
39,0.1,False,0,4.0,True,19.444444444444443,-1.8732776039208572,-4.266666666666668,0.19022124156626674,1.0800000000000005,-0.1,-0.1,11.11111111111111,11.11111111111111,19.444444444444443,87.14500133874832,86.56666666666816,-0.3397717946169998,-0.00999999999999579,-0.1,-0.1,11.11111111111111,11.11111111111111
39,0.2,False,0,2.200000000000004,True,18.24444444444444,-3.4554209928996924,-4.03333333333332,1.3787527156244246,0.5600000000000005,-0.2,-0.2,11.11111111111111,11.11111111111111,18.24444444444444,17.206724330125137,16.1200000000001,0.24275339513010685,-0.019999999999997353,-0.2,-0.2,11.11111111111111,11.11111111111111
39,0.30000000000000004,True,2,0.0,True,16.444444444444436,-0.8151110326489315,-4.260000000000022,-0.11405135821846413,-0.020000000000001572,-0.30000000000000004,-0.30000000000000004,11.11111111111111,11.11111111111111,16.444444444444436,-0.8151110326489315,-4.260000000000022,-0.11405135821846413,-0.020000000000001572,-0.30000000000000004,-0.30000000000000004,11.11111111111111,11.11111111111111
39,0.4,True,2,0.0,True,14.044444444444437,-4.168609642967641,-4.206666666666709,-1.1648622961098405,-0.8399999999999976,-0.4,-0.4,11.11111111111111,11.11111111111111,19.444444444444443,4.953587284319721,5.666666666666683,0.5813327424981454,-6.661338147750939e-16,-0.4,-0.4,11.11111111111111,11.11111111111111
39,0.5,True,2,0.0,True,12.244444444444438,-0.8462511094638385,-4.299999999999886,-1.4627422193055435,-1.85,0.0,0.0,11.11111111111111,11.11111111111111,19.444444444444443,11.127820052989644,12.33333333333334,0.8649398368414425,0.0,-0.5,-0.5,11.11111111111111,11.11111111111111
39,0.6000000000000001,False,0,0.6636363636363661,True,11.644444444444439,0.25132726964608043,0.9866666666666619,-1.3270822045752504,-1.880000000000004,-0.6000000000000001,-0.6000000000000001,11.11111111111111,11.11111111111111,19.444444444444443,14.517111234242005,16.50000000000001,-0.11387015412192292,-0.019999999999999574,-0.6000000000000001,-0.6000000000000001,11.11111111111111,11.11111111111111
39,0.7000000000000001,False,0,0.654838709677419,True,11.644444444444439,-0.0728725919483848,0.9933333333333083,-1.8599855414939408,-1.899999999999999,0.0,0.0,11.11111111111111,11.11111111111111,19.444444444444443,16.765469940966295,19.833333333333353,-0.5492876300869936,-0.009999999999999343,-0.7000000000000001,-0.7000000000000001,11.11111111111111,11.11111111111111
39,0.8,False,0,0.9157303370786528,True,11.644444444444439,-0.020539125005245573,1.466666666666666,-1.1878204883427586,-1.8799999999999994,0.0,0.0,11.11111111111111,11.11111111111111,19.444444444444443,21.918813779726218,22.333333333333353,0.08144305507782046,-2.220446049250313e-16,-0.8,-0.8,11.11111111111111,11.11111111111111
39,0.9,False,0,0.6749999999999475,True,11.644444444444439,0.026615692568936034,0.35999999999996835,-1.5117538025898998,-1.8900000000000028,0.0,0.0,11.11111111111111,11.11111111111111,19.444444444444443,21.51124805394358,24.00000000000001,0.3544109846301078,-0.02000000000000024,-0.9,-0.9,11.11111111111111,11.11111111111111
39,1.0,False,0,0.8709677419354868,True,11.644444444444439,-0.006636457717124067,1.7000000000000002,-1.6970222561053037,-1.7999999999999998,0.0,0.0,11.11111111111111,11.11111111111111,19.444444444444443,22.640621038256082,25.666666666666675,0.5381982783624899,0.0,-1.0,-1.0,11.11111111111111,11.11111111111111
39,1.1,False,0,0.9157303370786528,True,11.644444444444439,-0.06266355819926428,1.919999999999999,-1.0341788281649646,-1.8799999999999981,0.0,0.0,11.11111111111111,11.11111111111111,19.444444444444443,27.199087786597833,26.50000000000001,-0.1512302329079982,-0.0499999999999996,-1.1,-1.1,11.11111111111111,11.11111111111111
39,1.2000000000000002,False,0,0.5641509433962284,True,11.644444444444439,0.08430429386751559,1.0733333333333208,-1.601540810940398,-1.7999999999999998,0.0,0.0,11.11111111111111,11.11111111111111,19.444444444444443,25.60534848702228,27.33333333333334,0.32533484376747124,-0.07999999999999963,-1.2000000000000002,-1.2000000000000002,11.11111111111111,11.11111111111111
39,1.3,False,0,0.5571428571428564,True,11.644444444444439,0.1621097675004508,0.7333333333333174,-1.8399972655958452,-1.8899999999999997,0.0,0.0,11.11111111111111,11.11111111111111,19.444444444444443,26.82347451930814,28.166666666666668,0.25682861834848936,-0.09000000000000008,-1.3,-1.3,11.11111111111111,11.11111111111111
39,1.4000000000000001,False,0,0.6431818181818199,True,11.644444444444439,0.045623822880028975,0.9199999999999848,-1.2481816658758471,-1.8999999999999986,0.0,0.0,11.11111111111111,11.11111111111111,19.444444444444443,25.69624834091469,29.000000000000004,-0.10695485892217849,-0.08000000000000007,-1.4000000000000001,-1.4000000000000001,11.11111111111111,11.11111111111111
39,1.5,False,0,0.18749999999998626,True,11.644444444444439,-0.03305096261167062,0.09999999999999165,-0.8652071790579527,-1.7999999999999998,0.0,0.0,11.11111111111111,11.11111111111111,19.444444444444443,29.80467482387405,29.83333333333334,0.05229815127849258,-0.04999999999999982,-1.5,-1.5,11.11111111111111,11.11111111111111
39,1.6,False,0,0.8412499999999976,True,11.644444444444439,0.023174452943206525,1.5266666666666255,-1.717008947163737,-1.879999999999999,0.0,0.0,11.11111111111111,11.11111111111111,19.444444444444443,26.15872000030509,29.83333333333334,0.8069637595417567,-0.1599999999999997,-1.6,-1.6,11.11111111111111,11.11111111111111
39,1.7000000000000002,False,0,0.08749999999999625,True,11.644444444444439,-0.07769868301028549,0.04666666666666419,-1.8381018979229493,-1.8300000000000005,0.0,0.0,11.11111111111111,11.11111111111111,19.444444444444443,28.91857984016413,30.666666666666668,0.15108058854470308,-0.09999999999999964,-1.7000000000000002,-1.7000000000000002,11.11111111111111,11.11111111111111
41,0.0,False,0,4.0,True,19.444444444444443,-0.2672535834504428,-4.000000000000003,1.0853215520908495,1.6,0.0,0.0,11.11111111111111,11.11111111111111,,,,,,,,,
41,0.1,False,0,4.0,False,19.444444444444443,2.757811971410601,-4.000000000000003,3.434829450475488,1.0600000000000005,-0.1,-0.1,11.11111111111111,11.11111111111111,19.444444444444443,88.31601488357971,84.56666666666816,0.671522623878019,-0.00999999999999579,-0.1,-0.1,11.11111111111111,11.11111111111111
41,0.2,False,0,1.700000000000006,True,17.044444444444437,-3.549002569905414,-4.106666666666686,1.351437389446899,0.48000000000000087,-0.2,-0.2,11.11111111111111,11.11111111111111,17.044444444444437,15.517797774649079,10.340000000000185,-0.2992833371090353,-0.019999999999997353,-0.2,-0.2,11.11111111111111,11.11111111111111
41,0.30000000000000004,True,2,0.0,True,16.444444444444436,-3.5464806986607185,-4.286666666666679,0.4032877312869987,-0.08000000000000185,-0.30000000000000004,-0.30000000000000004,11.11111111111111,11.11111111111111,17.044444444444437,-2.2309840927587343,-3.1600000000000135,-0.6156201611931813,-0.020000000000001572,-0.30000000000000004,-0.30000000000000004,11.11111111111111,11.11111111111111
41,0.4,False,0,0.822580645161289,True,11.644444444444439,-0.21219748474594535,0.9399999999999951,-1.2068117279268813,-1.3999999999999955,-0.4,-0.4,11.11111111111111,11.11111111111111,18.84444444444444,5.052125321744637,7.726666666666685,0.14384204963262093,-6.661338147750939e-16,-0.4,-0.4,11.11111111111111,11.11111111111111
41,0.5,False,0,0.7568181818181869,True,11.644444444444439,-0.0631543335557323,1.1666666666666545,-1.2708290521921883,-1.6,-0.5,-0.5,11.11111111111111,11.11111111111111,19.444444444444443,14.938932043913393,14.33333333333334,-0.24765108594246588,0.0,-0.5,-0.5,11.11111111111111,11.11111111111111
41,0.6000000000000001,False,0,0.4090909090909101,True,11.644444444444439,-0.26279387306729785,0.4066666666666494,-1.8581295497954307,-1.880000000000004,-0.6000000000000001,-0.6000000000000001,11.11111111111111,11.11111111111111,19.444444444444443,19.657915322825456,18.50000000000001,-1.352496838276091,-0.019999999999999574,-0.6000000000000001,-0.6000000000000001,11.11111111111111,11.11111111111111
41,0.7000000000000001,False,0,0.09999999999995837,True,11.644444444444439,0.16088528891111498,0.053333333333310584,-1.4123914103530195,-1.899999999999999,0.0,0.0,11.11111111111111,11.11111111111111,19.444444444444443,21.16600482313741,21.833333333333353,-0.34747159876217504,-0.009999999999999343,-0.7000000000000001,-0.7000000000000001,11.11111111111111,11.11111111111111
41,0.8,False,0,0.8250000000000017,True,11.644444444444439,-0.08904874705128218,1.7599999999999882,-1.6402396309092746,-1.8799999999999994,0.0,0.0,11.11111111111111,11.11111111111111,19.444444444444443,22.841866857195352,24.333333333333353,0.2575537475444869,-2.220446049250313e-16,-0.8,-0.8,11.11111111111111,11.11111111111111
41,0.9,True,2,0.0,True,11.644444444444439,-3.0630456643773583,-4.280000000001212,-0.8190994525101902,-1.8900000000000028,0.0,0.0,11.11111111111111,11.11111111111111,19.444444444444443,26.163694229509158,26.00000000000001,1.2115676943846014,-0.02000000000000024,-0.9,-0.9,11.11111111111111,11.11111111111111
41,1.0,True,2,0.0,True,11.644444444444439,-0.19477417483320192,-0.14000000000000323,-1.6293733947461848,-1.7999999999999998,0.0,0.0,11.11111111111111,11.11111111111111,19.444444444444443,25.76432526192711,27.666666666666675,0.14984652471936633,0.0,-1.0,-1.0,11.11111111111111,11.11111111111111
41,1.1,False,0,0.9516129032258084,True,11.644444444444439,0.24134598665567086,0.9533333333333163,-1.7842356686423528,-1.8799999999999981,0.0,0.0,11.11111111111111,11.11111111111111,19.444444444444443,26.027343804305435,28.50000000000001,0.6921128238496084,-0.0499999999999996,-1.1,-1.1,11.11111111111111,11.11111111111111
41,1.2000000000000002,True,2,0.0,True,12.244444444444438,-4.151326593631398,-4.253333333333262,-1.7712151856160714,-1.7999999999999998,0.0,0.0,11.11111111111111,11.11111111111111,19.444444444444443,26.156757409472913,29.33333333333334,0.614734589357457,-0.07999999999999963,-1.2000000000000002,-1.2000000000000002,11.11111111111111,11.11111111111111
41,1.3,True,2,0.0,True,11.644444444444439,-2.520252151271495,-4.286666666665854,-1.606259150464612,-1.8899999999999997,0.0,0.0,11.11111111111111,11.11111111111111,19.444444444444443,27.27373761465196,30.166666666666668,0.8839770144876264,-0.09000000000000008,-1.3,-1.3,11.11111111111111,11.11111111111111
41,1.4000000000000001,False,0,0.7499999999999992,True,11.644444444444439,-0.0823726449637574,1.5399999999999752,-1.5255034094305813,-1.8999999999999986,0.0,0.0,11.11111111111111,11.11111111111111,19.444444444444443,26.382584053129325,31.000000000000004,0.5717384016019258,-0.08000000000000007,-1.4000000000000001,-1.4000000000000001,11.11111111111111,11.11111111111111
41,1.5,True,2,0.0,True,11.644444444444439,-0.2166549039412926,-0.95333333333362,-1.538517806500505,-1.7999999999999998,0.0,0.0,11.11111111111111,11.11111111111111,19.444444444444443,29.997754427703928,31.83333333333334,-0.9803225226160046,-0.04999999999999982,-1.5,-1.5,11.11111111111111,11.11111111111111
41,1.6,False,0,0.8874999999997565,True,11.644444444444439,0.020448114239639104,0.4733333333331986,-1.7134225088983512,-1.879999999999999,0.0,0.0,11.11111111111111,11.11111111111111,19.444444444444443,30.15016977881584,31.83333333333334,0.03667513599965,-0.1599999999999997,-1.6,-1.6,11.11111111111111,11.11111111111111
41,1.7000000000000002,True,2,0.0,True,11.644444444444439,-0.0344890687899122,-0.09333333333333638,-1.381028406265457,-1.8300000000000005,0.0,0.0,11.11111111111111,11.11111111111111,19.444444444444443,30.56911676841472,32.66666666666667,0.44988029497822124,-0.09999999999999964,-1.7000000000000002,-1.7000000000000002,11.11111111111111,11.11111111111111
43,0.0,False,0,4.0,False,19.444444444444443,-0.3726832774999336,-4.099999999999997,2.148861496324592,1.6,0.0,0.0,11.11111111111111,11.11111111111111,,,,,,,,,
43,0.1,False,0,4.0,True,18.84444444444444,-2.268436873719355,-4.2200000000000015,0.15213782020609923,1.0300000000000007,-0.1,-0.1,11.11111111111111,11.11111111111111,18.84444444444444,76.37867758221715,76.20666666666786,0.22597668585643804,-0.00999999999999579,-0.1,-0.1,11.11111111111111,11.11111111111111
43,0.2,False,0,1.400000000000008,True,16.444444444444436,0.006389990400418988,-4.233333333333323,-0.08625977287032027,0.42000000000000126,-0.2,-0.2,11.11111111111111,11.11111111111111,16.444444444444436,9.552242001194127,7.500000000000097,-0.18770080649277654,-0.019999999999997353,-0.2,-0.2,11.11111111111111,11.11111111111111
43,0.30000000000000004,True,2,0.0,True,12.844444444444438,0.09048009955338632,-4.286666666666565,-0.6286425634271529,-0.6800000000000033,-0.30000000000000004,-0.30000000000000004,11.11111111111111,11.11111111111111,15.244444444444436,-1.8563582111171,0.3999999999999888,-0.15581471294343507,-0.020000000000001572,-0.30000000000000004,-0.30000000000000004,11.11111111111111,11.11111111111111
43,0.4,True,2,0.0,True,11.644444444444439,-3.7009297454707903,-4.280000000000956,-1.644179963645739,-1.880000000000006,0.0,0.0,11.11111111111111,11.11111111111111,19.444444444444443,6.901491058634062,9.666666666666682,-0.5003304920907237,-6.661338147750939e-16,-0.4,-0.4,11.11111111111111,11.11111111111111
43,0.5,True,2,0.0,True,12.844444444444438,-3.0537315918007435,-4.233333333333365,-0.8192148854063313,-1.85,0.0,0.0,11.11111111111111,11.11111111111111,19.444444444444443,13.053143951353302,16.33333333333334,0.3008346692507571,0.0,-0.5,-0.5,11.11111111111111,11.11111111111111
43,0.6000000000000001,True,2,0.0,True,11.644444444444439,-0.059430656940167914,-0.5866666666668321,-1.12009318516353,-1.8599999999999959,0.0,0.0,11.11111111111111,11.11111111111111,19.444444444444443,20.62566159087127,20.50000000000001,0.35497280615010407,-0.019999999999999574,-0.6000000000000001,-0.6000000000000001,11.11111111111111,11.11111111111111
43,0.7000000000000001,False,0,0.5874999999997065,True,11.644444444444439,0.1877019561421891,0.3133333333331736,-1.3932217307839982,-1.899999999999999,0.0,0.0,11.11111111111111,11.11111111111111,19.444444444444443,21.818517315613743,23.833333333333353,-0.16191698360886542,-0.009999999999999343,-0.7000000000000001,-0.7000000000000001,11.11111111111111,11.11111111111111
43,0.8,False,0,0.6290322580645186,True,11.644444444444439,0.03860691813373496,0.9799999999999871,-0.4962171541326703,-1.8799999999999994,0.0,0.0,11.11111111111111,11.11111111111111,19.444444444444443,24.71375173720963,26.333333333333353,-0.21869618844790106,-2.220446049250313e-16,-0.8,-0.8,11.11111111111111,11.11111111111111
43,0.9,False,0,0.7239436619718306,True,11.644444444444439,-0.15042892860781176,0.9199999999999848,-1.8622738210924759,-1.8900000000000028,0.0,0.0,11.11111111111111,11.11111111111111,19.444444444444443,27.534876969910155,28.00000000000001,1.1823033106492935,-0.02000000000000024,-0.9,-0.9,11.11111111111111,11.11111111111111
43,1.0,True,2,0.0,True,12.244444444444438,-3.3786319335281574,-4.266666666666896,-1.496365902911596,-1.7999999999999998,0.0,0.0,11.11111111111111,11.11111111111111,19.444444444444443,28.297638994707018,29.666666666666682,-0.22722873843934632,0.0,-1.0,-1.0,11.11111111111111,11.11111111111111
43,1.1,False,0,0.7239436619718306,True,11.644444444444439,0.14298047606785946,0.8399999999999723,-1.1021682759950493,-1.8799999999999981,0.0,0.0,11.11111111111111,11.11111111111111,19.444444444444443,29.781640591717878,30.50000000000001,0.19107671768989531,-0.0499999999999996,-1.1,-1.1,11.11111111111111,11.11111111111111
43,1.2000000000000002,True,2,0.0,True,11.644444444444439,-0.9477222877250311,-4.2999999999990335,-1.6240142703554592,-1.7999999999999998,0.0,0.0,11.11111111111111,11.11111111111111,19.444444444444443,31.10535711750539,31.33333333333334,-1.1888605720927048,-0.07999999999999963,-1.2000000000000002,-1.2000000000000002,11.11111111111111,11.11111111111111
43,1.3,False,0,0.7239436619718306,True,11.644444444444439,0.13973039055725867,1.7399999999999922,-0.7328510408524411,-1.8899999999999997,0.0,0.0,11.11111111111111,11.11111111111111,19.444444444444443,32.08930569744406,32.16666666666667,-0.5078658189598659,-0.09000000000000008,-1.3,-1.3,11.11111111111111,11.11111111111111
43,1.4000000000000001,False,0,0.7068181818181839,True,11.644444444444439,0.06519646692501357,1.0599999999999996,-1.6757318487108688,-1.8999999999999986,0.0,0.0,11.11111111111111,11.11111111111111,19.444444444444443,33.68460077361543,33.00000000000001,-0.050646221557782534,-0.08000000000000007,-1.4000000000000001,-1.4000000000000001,11.11111111111111,11.11111111111111
43,1.5,False,0,0.8875000000000008,True,11.644444444444439,-0.23344288321566165,1.319999999999962,-1.692837243678329,-1.7999999999999998,0.0,0.0,11.11111111111111,11.11111111111111,19.444444444444443,33.153092476184966,33.83333333333334,0.3712125159976636,-0.04999999999999982,-1.5,-1.5,11.11111111111111,11.11111111111111
43,1.6,True,2,0.0,True,11.644444444444439,-2.5469160069222196,-4.29333333333243,-1.0564377514818033,-1.879999999999999,0.0,0.0,11.11111111111111,11.11111111111111,19.444444444444443,29.259348287794847,33.83333333333334,0.6884061697476898,-0.1599999999999997,-1.6,-1.6,11.11111111111111,11.11111111111111
43,1.7000000000000002,False,0,0.7239436619718306,True,11.644444444444439,0.20993163552369953,0.8999999999999746,-1.5299202651869452,-1.8300000000000005,0.0,0.0,11.11111111111111,11.11111111111111,19.444444444444443,33.78858654201146,34.66666666666667,-0.5173226435879337,-0.09999999999999964,-1.7000000000000002,-1.7000000000000002,11.11111111111111,11.11111111111111
45,0.0,False,0,4.0,False,19.444444444444443,0.15134113910268088,-4.166666666666674,1.3646421228084398,1.6,0.0,0.0,11.11111111111111,11.11111111111111,,,,,,,,,
45,0.1,False,0,4.0,True,19.444444444444443,-1.6865813311495002,-4.166666666666674,0.673402599321796,1.0100000000000007,-0.1,-0.1,11.11111111111111,11.11111111111111,19.444444444444443,82.19308107091756,80.56666666666816,0.11911046371744316,-0.00999999999999579,-0.1,-0.1,11.11111111111111,11.11111111111111
45,0.2,False,0,1.500000000000008,True,18.84444444444444,-3.740523288538472,-4.020000000000013,0.7728280354517656,0.40000000000000124,-0.2,-0.2,11.11111111111111,11.11111111111111,18.84444444444444,13.714660774872282,12.22000000000018,-0.09241861416476649,-0.019999999999997353,-0.2,-0.2,11.11111111111111,11.11111111111111
45,0.30000000000000004,True,2,0.0,True,14.644444444444437,-4.273368014178533,-4.2399999999999975,-0.010284356991615784,-0.38000000000000256,-0.30000000000000004,-0.30000000000000004,11.11111111111111,11.11111111111111,17.044444444444437,0.30010480972333387,0.7799999999999985,-0.5991716903293534,-0.020000000000001572,-0.30000000000000004,-0.30000000000000004,11.11111111111111,11.11111111111111
45,0.4,True,2,0.0,True,13.444444444444438,-2.9263737366736846,-4.240000000000026,-1.511062548335138,-1.3999999999999955,-0.4,-0.4,11.11111111111111,11.11111111111111,19.444444444444443,12.042504957111074,11.666666666666682,0.6190946823900862,-6.661338147750939e-16,-0.4,-0.4,11.11111111111111,11.11111111111111
45,0.5,False,0,0.12352941176466704,True,11.644444444444439,0.19558617933797695,0.08666666666662781,-1.2650274880664298,-1.75,-0.5,-0.5,11.11111111111111,11.11111111111111,19.444444444444443,15.03121590554073,18.33333333333334,-0.6924380501674992,0.0,-0.5,-0.5,11.11111111111111,11.11111111111111
45,0.6000000000000001,False,0,0.35294117647055506,True,11.644444444444439,-0.12263625283702861,0.239999999999978,-1.4992169913071012,-1.8599999999999959,0.0,0.0,11.11111111111111,11.11111111111111,19.444444444444443,21.805028020666708,22.50000000000001,-1.0957505613665517,-0.019999999999999574,-0.6000000000000001,-0.6000000000000001,11.11111111111111,11.11111111111111
45,0.7000000000000001,False,0,0.5999999999999908,True,11.644444444444439,-0.18021571422764548,0.559999999999957,-1.1315779285372365,-1.899999999999999,0.0,0.0,11.11111111111111,11.11111111111111,19.444444444444443,27.354858640433687,25.833333333333353,-0.49223974235871504,-0.009999999999999343,-0.7000000000000001,-0.7000000000000001,11.11111111111111,11.11111111111111
45,0.8,True,2,0.0,True,11.644444444444439,-0.21801400978579277,-0.04666666666669794,-1.868950629608645,-1.8799999999999994,0.0,0.0,11.11111111111111,11.11111111111111,19.444444444444443,26.582146999611563,28.333333333333353,0.5916206614510449,-2.220446049250313e-16,-0.8,-0.8,11.11111111111111,11.11111111111111
45,0.9,True,2,0.0,True,11.644444444444439,-0.07984540322206879,-0.12666666666669624,-1.750001375563707,-1.8900000000000028,0.0,0.0,11.11111111111111,11.11111111111111,19.444444444444443,27.653665311354754,30.00000000000001,0.07778610701947097,-0.02000000000000024,-0.9,-0.9,11.11111111111111,11.11111111111111
45,1.0,False,0,0.6080645161290297,True,11.644444444444439,0.03433574065917089,1.1799999999999757,-1.3663633843726468,-1.7999999999999998,0.0,0.0,11.11111111111111,11.11111111111111,19.444444444444443,32.64079649156089,31.666666666666682,1.4606668295192513,0.0,-1.0,-1.0,11.11111111111111,11.11111111111111
45,1.1,False,0,0.9438202247191007,True,11.644444444444439,-0.19988649466306452,1.8599999999999683,-1.7456035527383387,-1.8799999999999981,0.0,0.0,11.11111111111111,11.11111111111111,19.444444444444443,31.809071910571003,32.500000000000014,-0.1791508941853528,-0.0499999999999996,-1.1,-1.1,11.11111111111111,11.11111111111111
45,1.2000000000000002,True,2,0.0,True,11.644444444444439,0.16274563605626913,-0.02000000000008395,-0.7027832523358248,-1.7999999999999998,0.0,0.0,11.11111111111111,11.11111111111111,19.444444444444443,33.796267316401156,33.33333333333334,-0.498163354108637,-0.07999999999999963,-1.2000000000000002,-1.2000000000000002,11.11111111111111,11.11111111111111
45,1.3,False,0,0.6470588235293885,True,11.644444444444439,0.09129344107715287,0.5199999999999649,-0.6504348697724054,-1.8899999999999997,0.0,0.0,11.11111111111111,11.11111111111111,19.444444444444443,33.76881805443155,34.16666666666667,-0.008146402804207753,-0.09000000000000008,-1.3,-1.3,11.11111111111111,11.11111111111111
45,1.4000000000000001,True,2,0.0,True,11.644444444444439,-0.22642561160039332,-1.3466666666671072,-0.69678319537903,-1.8999999999999986,0.0,0.0,11.11111111111111,11.11111111111111,19.444444444444443,33.63460004742944,35.00000000000001,-0.08115487287399525,-0.08000000000000007,-1.4000000000000001,-1.4000000000000001,11.11111111111111,11.11111111111111
45,1.5,False,0,0.8500000000000003,True,11.644444444444439,-0.22090470917348437,1.5799999999999672,-0.9967414317750647,-1.7999999999999998,0.0,0.0,11.11111111111111,11.11111111111111,19.444444444444443,33.29788911239656,35.83333333333334,0.2998320772651395,-0.04999999999999982,-1.5,-1.5,11.11111111111111,11.11111111111111
45,1.6,False,0,0.7471698113207556,True,11.644444444444439,-0.24900706865126931,1.293333333333334,-1.771145852162978,-1.879999999999999,0.0,0.0,11.11111111111111,11.11111111111111,19.444444444444443,35.62541928287628,35.83333333333334,0.2649822239425159,-0.1599999999999997,-1.6,-1.6,11.11111111111111,11.11111111111111
45,1.7000000000000002,False,0,0.6080645161290297,True,11.644444444444439,0.25594127689381896,0.37333333333330376,-0.5061523932604628,-1.8300000000000005,0.0,0.0,11.11111111111111,11.11111111111111,19.444444444444443,35.01201689841926,36.66666666666667,-0.19724470006295602,-0.09999999999999964,-1.7000000000000002,-1.7000000000000002,11.11111111111111,11.11111111111111
47,0.0,False,0,4.0,False,19.444444444444443,-2.7073438025612573,-3.9333333333333256,1.4817616430919953,1.6,0.0,0.0,11.11111111111111,11.11111111111111,,,,,,,,,
47,0.1,False,0,4.0,True,19.444444444444443,-0.7115940051627403,-3.9333333333333256,1.1025457920525463,0.9800000000000009,-0.1,-0.1,11.11111111111111,11.11111111111111,19.444444444444443,79.4267523377034,78.56666666666816,-0.9110531443166109,-0.00999999999999579,-0.1,-0.1,11.11111111111111,11.11111111111111
47,0.2,False,0,1.0000000000000098,True,17.044444444444437,-1.717220572864309,-4.060000000000005,0.1533129470804715,0.3400000000000012,-0.2,-0.2,11.11111111111111,11.11111111111111,17.044444444444437,7.518492615392813,6.14000000000014,0.6577799048050612,-0.019999999999997353,-0.2,-0.2,11.11111111111111,11.11111111111111
47,0.30000000000000004,True,2,0.0,True,14.044444444444437,-3.2681352594481323,-4.173333333333306,-0.11487053129173352,-0.590000000000003,-0.30000000000000004,-0.30000000000000004,11.11111111111111,11.11111111111111,17.64444444444444,2.6651167632424064,2.659999999999994,0.2013319271364007,-0.020000000000001572,-0.30000000000000004,-0.30000000000000004,11.11111111111111,11.11111111111111
47,0.4,False,0,0.44772727272726776,True,11.644444444444439,-0.015169405776179978,0.35999999999996835,-0.08144280695187689,-1.1599999999999966,-0.4,-0.4,11.11111111111111,11.11111111111111,19.444444444444443,11.157490734470809,13.666666666666682,1.3428314494478788,-6.661338147750939e-16,-0.4,-0.4,11.11111111111111,11.11111111111111
47,0.5,False,0,0.85625,True,11.644444444444439,-0.027037632424753433,1.8799999999999786,-1.3636578624913962,-1.5499999999999998,-0.5,-0.5,11.11111111111111,11.11111111111111,19.444444444444443,20.414437706580085,20.33333333333334,-0.6227119827067917,0.0,-0.5,-0.5,11.11111111111111,11.11111111111111
47,0.6000000000000001,False,0,0.85625,True,11.644444444444439,-0.2630502919623323,1.3133333333332873,-1.806269690603124,-1.8599999999999959,0.0,0.0,11.11111111111111,11.11111111111111,19.444444444444443,21.102166380646135,24.50000000000001,0.06030925966577283,-0.019999999999999574,-0.6000000000000001,-0.6000000000000001,11.11111111111111,11.11111111111111
47,0.7000000000000001,False,0,0.85625,True,11.644444444444439,-0.15300774657980565,1.3199999999999763,-1.884751002044659,-1.899999999999999,0.0,0.0,11.11111111111111,11.11111111111111,19.444444444444443,25.083221126327782,27.833333333333353,0.20915612373191106,-0.009999999999999343,-0.7000000000000001,-0.7000000000000001,11.11111111111111,11.11111111111111
47,0.8,False,0,0.8363636363636372,True,11.644444444444439,-0.09932793307834498,1.0999999999999917,-1.673224459413238,-1.8799999999999994,0.0,0.0,11.11111111111111,11.11111111111111,19.444444444444443,29.89586545109861,30.333333333333353,0.5555864520464806,-2.220446049250313e-16,-0.8,-0.8,11.11111111111111,11.11111111111111
47,0.9,True,2,0.0,True,11.644444444444439,-0.025959017763756087,-0.860000000000201,-1.1390916338712689,-1.8900000000000028,0.0,0.0,11.11111111111111,11.11111111111111,19.444444444444443,32.84921806768551,32.000000000000014,-0.024559958642987656,-0.02000000000000024,-0.9,-0.9,11.11111111111111,11.11111111111111
47,1.0,False,0,0.6887096774193547,True,11.644444444444439,-0.23700757229606761,1.4066666666666352,-1.2751171483637374,-1.7999999999999998,0.0,0.0,11.11111111111111,11.11111111111111,19.444444444444443,30.092627165651262,33.666666666666686,0.4664663280329062,0.0,-1.0,-1.0,11.11111111111111,11.11111111111111
47,1.1,False,0,0.895454545454546,True,11.644444444444439,-0.22656898103066947,1.059999999999957,-1.6600633457049565,-1.8799999999999981,0.0,0.0,11.11111111111111,11.11111111111111,19.444444444444443,31.128137018371344,34.500000000000014,0.45869089499052773,-0.0499999999999996,-1.1,-1.1,11.11111111111111,11.11111111111111
47,1.2000000000000002,False,0,0.7903225806451618,True,11.644444444444439,0.03707955971630117,1.9933333333333225,-1.380801068225706,-1.7999999999999998,0.0,0.0,11.11111111111111,11.11111111111111,19.444444444444443,33.02679910859234,35.33333333333334,-0.4945129217551525,-0.07999999999999963,-1.2000000000000002,-1.2000000000000002,11.11111111111111,11.11111111111111
47,1.3,False,0,0.5295454545454529,True,11.644444444444439,-0.15632434611953538,0.4199999999999706,-1.8409409537602646,-1.8899999999999997,0.0,0.0,11.11111111111111,11.11111111111111,19.444444444444443,35.74563483847329,36.16666666666667,-0.49631801408586784,-0.09000000000000008,-1.3,-1.3,11.11111111111111,11.11111111111111
47,1.4000000000000001,False,0,0.85625,True,11.644444444444439,0.24324492264964892,1.1999999999999575,-1.3382774373233195,-1.8999999999999986,0.0,0.0,11.11111111111111,11.11111111111111,19.444444444444443,34.89644222353348,37.0,1.1443312107905261,-0.08000000000000007,-1.4000000000000001,-1.4000000000000001,11.11111111111111,11.11111111111111
47,1.5,False,0,0.6056603773584911,True,11.644444444444439,-0.2250898313539862,0.6599999999999655,-1.1332256372337608,-1.7999999999999998,0.0,0.0,11.11111111111111,11.11111111111111,19.444444444444443,34.87627011351658,37.83333333333334,0.15825637971305984,-0.04999999999999982,-1.5,-1.5,11.11111111111111,11.11111111111111
47,1.6,False,0,0.04999999999987011,True,11.644444444444439,0.2091008338418705,0.026666666666597116,-1.3556129441976599,-1.879999999999999,0.0,0.0,11.11111111111111,11.11111111111111,19.444444444444443,37.18711313771547,37.83333333333334,0.20329860234796637,-0.1599999999999997,-1.6,-1.6,11.11111111111111,11.11111111111111
47,1.7000000000000002,True,2,0.0,True,11.644444444444439,-0.1002991883155202,-0.5200000000000129,-0.828071338614276,-1.8300000000000005,0.0,0.0,11.11111111111111,11.11111111111111,19.444444444444443,36.61509496295847,38.66666666666667,-0.9091037085846456,-0.09999999999999964,-1.7000000000000002,-1.7000000000000002,11.11111111111111,11.11111111111111
49,0.0,False,0,4.0,False,19.444444444444443,-3.5907273585523027,-4.266666666666654,1.9246216445263804,1.6,0.0,0.0,11.11111111111111,11.11111111111111,,,,,,,,,
49,0.1,False,0,4.0,True,19.444444444444443,-1.8775770573740003,-4.266666666666654,1.6171461807638976,0.9600000000000009,-0.1,-0.1,11.11111111111111,11.11111111111111,19.444444444444443,77.59908731904888,76.56666666666816,-0.9195788658332982,-0.00999999999999579,-0.1,-0.1,11.11111111111111,11.11111111111111
49,0.2,False,0,0.9000000000000097,True,17.64444444444444,-3.5439770490774434,-4.086666666666704,-0.39202431052607545,0.3000000000000016,-0.2,-0.2,11.11111111111111,11.11111111111111,17.64444444444444,8.012801544004343,5.94000000000018,0.9575832957990662,-0.019999999999997353,-0.2,-0.2,11.11111111111111,11.11111111111111
49,0.30000000000000004,True,2,0.0,True,13.444444444444438,-1.3437804607549308,-4.260000000000036,-0.2826295817404112,-0.8300000000000036,-0.30000000000000004,-0.30000000000000004,11.11111111111111,11.11111111111111,18.24444444444444,0.831181027290893,4.180000000000004,0.7667522246310217,-0.020000000000001572,-0.30000000000000004,-0.30000000000000004,11.11111111111111,11.11111111111111
49,0.4,True,2,0.0,True,12.244444444444438,-2.218647934483516,-4.253333333332978,-1.7545396138813305,-1.880000000000006,0.0,0.0,11.11111111111111,11.11111111111111,19.444444444444443,13.923527744964868,15.666666666666682,-0.2814104199395224,-6.661338147750939e-16,-0.4,-0.4,11.11111111111111,11.11111111111111
49,0.5,False,0,0.1624999999995025,True,11.644444444444439,0.17687937964573752,0.08666666666640044,-1.5309694953101092,-1.85,0.0,0.0,11.11111111111111,11.11111111111111,19.444444444444443,21.5276706696833,22.33333333333334,-0.248349075984601,0.0,-0.5,-0.5,11.11111111111111,11.11111111111111
49,0.6000000000000001,True,2,0.0,True,11.644444444444439,-2.5543070386337545,-4.280000000000956,-1.5392137549710814,-1.8599999999999959,0.0,0.0,11.11111111111111,11.11111111111111,19.444444444444443,24.689076598505135,26.50000000000001,-0.7804994395062368,-0.019999999999999574,-0.6000000000000001,-0.6000000000000001,11.11111111111111,11.11111111111111
49,0.7000000000000001,False,0,0.7962499999999985,True,11.644444444444439,-0.02581797963876209,1.5133333333332901,-1.4413953417787586,-1.899999999999999,0.0,0.0,11.11111111111111,11.11111111111111,19.444444444444443,26.47105984114037,29.833333333333353,0.7531243943616719,-0.009999999999999343,-0.7000000000000001,-0.7000000000000001,11.11111111111111,11.11111111111111
49,0.8,False,0,0.6022727272727226,True,11.644444444444439,-0.026939963649129872,1.086666666666642,-1.7510936267350297,-1.8799999999999994,0.0,0.0,11.11111111111111,11.11111111111111,19.444444444444443,31.094102109563803,32.33333333333336,0.2731832633296065,-2.220446049250313e-16,-0.8,-0.8,11.11111111111111,11.11111111111111
49,0.9,False,0,0.34999999999976017,True,11.644444444444439,-0.015751966070001622,0.18666666666653686,-0.5079351050899668,-1.8900000000000028,0.0,0.0,11.11111111111111,11.11111111111111,19.444444444444443,33.90290568482037,34.000000000000014,-0.3646173612855792,-0.02000000000000024,-0.9,-0.9,11.11111111111111,11.11111111111111
49,1.0,False,0,0.7591549295774654,True,11.644444444444439,-0.1883016851998489,1.1933333333332827,-1.137220476209626,-1.7999999999999998,0.0,0.0,11.11111111111111,11.11111111111111,19.444444444444443,35.365127059762074,35.666666666666686,-1.1784694703557075,0.0,-1.0,-1.0,11.11111111111111,11.11111111111111
49,1.1,False,0,0.024999999999839297,True,11.644444444444439,0.17847358346751907,0.013333333333247488,-1.8373463606428868,-1.8799999999999981,0.0,0.0,11.11111111111111,11.11111111111111,19.444444444444443,32.594391633860866,36.500000000000014,-0.2836465493901179,-0.0499999999999996,-1.1,-1.1,11.11111111111111,11.11111111111111
49,1.2000000000000002,False,0,0.5641509433962244,True,11.644444444444439,-0.038916372328063,0.5599999999999712,-1.1702853484672753,-1.7999999999999998,0.0,0.0,11.11111111111111,11.11111111111111,19.444444444444443,34.64419862468215,37.33333333333334,0.3625103459667356,-0.07999999999999963,-1.2000000000000002,-1.2000000000000002,11.11111111111111,11.11111111111111
49,1.3,True,2,0.0,True,11.644444444444439,0.12061073916843856,-0.82000000000001,-1.5643413895432308,-1.8899999999999997,0.0,0.0,11.11111111111111,11.11111111111111,19.444444444444443,36.473567862187025,38.16666666666667,-0.541256626026128,-0.09000000000000008,-1.3,-1.3,11.11111111111111,11.11111111111111
49,1.4000000000000001,True,2,0.0,True,11.644444444444439,-3.0124740026972345,-4.2933333333345045,-1.720488249868311,-1.8999999999999986,0.0,0.0,11.11111111111111,11.11111111111111,19.444444444444443,37.49542041760294,39.0,1.0725785663865817,-0.08000000000000007,-1.4000000000000001,-1.4000000000000001,11.11111111111111,11.11111111111111
49,1.5,False,0,0.7591549295774654,True,11.644444444444439,0.08122238673258853,1.3933333333332856,-1.1600953574270805,-1.7999999999999998,0.0,0.0,11.11111111111111,11.11111111111111,19.444444444444443,36.50054842627404,39.83333333333334,0.5684525312323099,-0.04999999999999982,-1.5,-1.5,11.11111111111111,11.11111111111111
49,1.6,False,0,0.7591549295774654,True,11.644444444444439,-0.12337464544652033,1.2266666666666284,-1.730257999062648,-1.879999999999999,0.0,0.0,11.11111111111111,11.11111111111111,19.444444444444443,40.07138468601963,39.83333333333334,-0.6339653445287123,-0.1599999999999997,-1.6,-1.6,11.11111111111111,11.11111111111111
49,1.7000000000000002,False,0,0.7659090909090926,True,11.644444444444439,0.14940002561183707,1.3333333333333117,-1.6256391207523015,-1.8300000000000005,0.0,0.0,11.11111111111111,11.11111111111111,19.444444444444443,39.70850132115472,40.66666666666667,0.28300017374494146,-0.09999999999999964,-1.7000000000000002,-1.7000000000000002,11.11111111111111,11.11111111111111
51,0.0,False,0,4.0,True,19.444444444444443,-1.5040379891131748,-4.000000000000045,1.7459411170911774,1.6,0.0,0.0,11.11111111111111,11.11111111111111,,,,,,,,,
51,0.1,False,0,4.0,True,19.444444444444443,-3.4989573860055883,-4.000000000000045,1.2167601664406007,0.9400000000000008,-0.1,-0.1,11.11111111111111,11.11111111111111,19.444444444444443,75.00148362075306,74.56666666666816,-0.22484458744144709,-0.00999999999999579,-0.1,-0.1,11.11111111111111,11.11111111111111
51,0.2,False,0,0.30000000000001137,True,16.444444444444436,-3.973528329154351,-4.1066666666667,-0.1406982899450011,0.24000000000000155,-0.2,-0.2,11.11111111111111,11.11111111111111,15.844444444444436,4.7881657107723585,1.660000000000065,-0.09387277749598155,-0.019999999999997353,-0.2,-0.2,11.11111111111111,11.11111111111111
51,0.30000000000000004,False,0,0.5931818181818218,True,11.644444444444439,0.07397059653461913,1.006666666666658,-1.1267164361183444,-0.5000000000000027,-0.30000000000000004,-0.30000000000000004,11.11111111111111,11.11111111111111,18.84444444444444,4.382192487938366,6.06,-1.1284028955094823,-0.020000000000001572,-0.30000000000000004,-0.30000000000000004,11.11111111111111,11.11111111111111
51,0.4,False,0,0.5470588235294288,True,11.644444444444439,-0.027710137175222194,0.5133333333333328,-1.2926633377303447,-1.4799999999999955,-0.4,-0.4,11.11111111111111,11.11111111111111,19.444444444444443,16.390593525392912,17.666666666666682,-0.19726184923147505,-6.661338147750939e-16,-0.4,-0.4,11.11111111111111,11.11111111111111
51,0.5,False,0,0.9516129032258049,True,11.644444444444439,-0.2320145169315877,1.8999999999998751,-1.0107534145943429,-1.85,0.0,0.0,11.11111111111111,11.11111111111111,19.444444444444443,24.12564947124731,24.33333333333334,-0.1707634010988215,0.0,-0.5,-0.5,11.11111111111111,11.11111111111111
51,0.6000000000000001,False,0,0.7257142857142721,True,11.644444444444439,0.16201575400564838,0.899999999999932,-1.4792162848339754,-1.8599999999999959,0.0,0.0,11.11111111111111,11.11111111111111,19.444444444444443,26.4720552418332,28.50000000000001,0.6994117307644694,-0.019999999999999574,-0.6000000000000001,-0.6000000000000001,11.11111111111111,11.11111111111111
51,0.7000000000000001,False,0,0.7169014084507013,True,11.644444444444439,0.12262651597314989,1.7599999999999456,-0.8233127573532517,-1.899999999999999,0.0,0.0,11.11111111111111,11.11111111111111,19.444444444444443,28.9314248484477,31.833333333333353,-0.06112196271244996,-0.009999999999999343,-0.7000000000000001,-0.7000000000000001,11.11111111111111,11.11111111111111
51,0.8,False,0,0.19999999999952206,True,11.644444444444439,0.1904358510012516,0.10666666666641067,-1.2971078995240395,-1.8799999999999994,0.0,0.0,11.11111111111111,11.11111111111111,19.444444444444443,34.20182029996532,34.33333333333336,-0.7256626455347046,-2.220446049250313e-16,-0.8,-0.8,11.11111111111111,11.11111111111111
51,0.9,False,0,0.9599999999999809,True,11.644444444444439,0.26368166293870576,1.1799999999998478,-1.4309043270545603,-1.8900000000000028,0.0,0.0,11.11111111111111,11.11111111111111,19.444444444444443,36.09441086991387,36.000000000000014,-0.013120282153305629,-0.02000000000000024,-0.9,-0.9,11.11111111111111,11.11111111111111
51,1.0,False,0,0.8792452830188655,True,11.644444444444439,0.1921902295699569,1.3133333333331736,-1.4759016610527853,-1.7999999999999998,0.0,0.0,11.11111111111111,11.11111111111111,19.444444444444443,32.719650597521664,37.666666666666686,0.3276359580808519,0.0,-1.0,-1.0,11.11111111111111,11.11111111111111
51,1.1,True,2,0.0,True,11.644444444444439,-2.355539777631935,-4.293333333332089,-0.038618097537816976,-1.8799999999999981,0.0,0.0,11.11111111111111,11.11111111111111,19.444444444444443,38.07847429909384,38.500000000000014,-0.05691297048462407,-0.0499999999999996,-1.1,-1.1,11.11111111111111,11.11111111111111
51,1.2000000000000002,False,0,0.6483870967741922,True,11.644444444444439,0.08920253418515944,0.7133333333332645,-1.5661605887045353,-1.7999999999999998,0.0,0.0,11.11111111111111,11.11111111111111,19.444444444444443,39.09380323626712,39.33333333333334,-0.5593237631291281,-0.07999999999999963,-1.2000000000000002,-1.2000000000000002,11.11111111111111,11.11111111111111
51,1.3,True,2,0.0,True,11.644444444444439,-0.053516088235528336,-4.279999999998796,-1.7548669630777378,-1.8899999999999997,0.0,0.0,11.11111111111111,11.11111111111111,19.444444444444443,39.72128436977866,40.16666666666667,0.28651882885769187,-0.09000000000000008,-1.3,-1.3,11.11111111111111,11.11111111111111
51,1.4000000000000001,False,0,0.8962264150943379,True,11.644444444444439,-0.01494679968743906,1.8999999999999746,-1.5786058824820666,-1.8999999999999986,0.0,0.0,11.11111111111111,11.11111111111111,19.444444444444443,38.19170945672987,41.0,-0.3100823019937353,-0.08000000000000007,-1.4000000000000001,-1.4000000000000001,11.11111111111111,11.11111111111111
51,1.5,False,0,0.6483870967741922,True,11.644444444444439,-0.2608178772937064,1.1799999999999757,-1.419679610147206,-1.7999999999999998,0.0,0.0,11.11111111111111,11.11111111111111,19.444444444444443,40.55581876441059,41.83333333333334,0.4671843166268621,-0.04999999999999982,-1.5,-1.5,11.11111111111111,11.11111111111111
51,1.6,True,2,0.0,True,11.644444444444439,-0.11633684207599782,-0.10666666666675706,-1.8933493805267705,-1.879999999999999,0.0,0.0,11.11111111111111,11.11111111111111,19.444444444444443,41.767818059796355,41.83333333333334,-0.6993985351054324,-0.1599999999999997,-1.6,-1.6,11.11111111111111,11.11111111111111
51,1.7000000000000002,True,2,0.0,True,11.644444444444439,-3.4724889422683587,-4.293333333332259,-1.6502756673235142,-1.8300000000000005,0.0,0.0,11.11111111111111,11.11111111111111,19.444444444444443,41.44642439480829,42.66666666666667,-0.053092666830828916,-0.09999999999999964,-1.7000000000000002,-1.7000000000000002,11.11111111111111,11.11111111111111
53,0.0,False,0,4.0,False,19.444444444444443,-0.4595534995701369,-4.099999999999926,0.8608638963213271,1.6,0.0,0.0,11.11111111111111,11.11111111111111,,,,,,,,,
53,0.1,False,0,4.0,True,19.444444444444443,-2.580195328175807,-4.099999999999926,1.4915903206875218,0.910000000000001,-0.1,-0.1,11.11111111111111,11.11111111111111,19.444444444444443,74.94868383085254,72.56666666666816,-0.04500659279044261,-0.00999999999999579,-0.1,-0.1,11.11111111111111,11.11111111111111
53,0.2,True,1,0.0,True,14.644444444444437,-2.593695048769905,-4.140000000000003,0.1826861437147489,0.10000000000000231,-0.2,-0.2,11.11111111111111,11.11111111111111,14.644444444444437,0.4161681871660621,-2.0199999999999987,-1.3109369774338355,-0.019999999999997353,-0.2,-0.2,11.11111111111111,11.11111111111111
53,0.30000000000000004,True,2,0.0,True,12.244444444444438,-1.2455189698347509,-4.253333333333688,-1.6340067771276745,-1.430000000000005,-0.30000000000000004,-0.30000000000000004,11.11111111111111,11.11111111111111,19.444444444444443,5.206600257962134,7.999999999999997,-0.8014630913033698,-0.020000000000001572,-0.30000000000000004,-0.30000000000000004,11.11111111111111,11.11111111111111
53,0.4,False,0,0.8306451612903208,True,11.644444444444439,-0.18347646068498857,1.4399999999998672,-0.29349156379252594,-1.5199999999999951,-0.4,-0.4,11.11111111111111,11.11111111111111,19.444444444444443,19.375782904397024,19.666666666666682,0.2268941402945992,-6.661338147750939e-16,-0.4,-0.4,11.11111111111111,11.11111111111111
53,0.5,False,0,0.9758064516129002,True,11.644444444444439,0.16725316889379105,1.5666666666665323,-1.762794317427328,-1.85,0.0,0.0,11.11111111111111,11.11111111111111,19.444444444444443,24.83283194280413,26.33333333333334,-0.5103077893577592,0.0,-0.5,-0.5,11.11111111111111,11.11111111111111
53,0.6000000000000001,True,2,0.0,True,11.644444444444439,-0.20193280871568486,-0.2333333333333938,-0.7787887086372234,-1.8599999999999959,0.0,0.0,11.11111111111111,11.11111111111111,19.444444444444443,27.243256770699116,30.50000000000001,-1.2285649537967516,-0.019999999999999574,-0.6000000000000001,-0.6000000000000001,11.11111111111111,11.11111111111111
53,0.7000000000000001,True,2,0.0,True,11.644444444444439,-0.24434582602320898,-0.08666666666683209,-1.8178478557139792,-1.899999999999999,0.0,0.0,11.11111111111111,11.11111111111111,19.444444444444443,33.49264235287819,33.83333333333336,0.31536017363337754,-0.009999999999999343,-0.7000000000000001,-0.7000000000000001,11.11111111111111,11.11111111111111
53,0.8,True,2,0.0,True,11.644444444444439,-0.0802768788808974,-1.3000000000004261,-1.1854831402165646,-1.8799999999999994,0.0,0.0,11.11111111111111,11.11111111111111,19.444444444444443,36.95462823257023,36.33333333333336,-0.13362648340901817,-2.220446049250313e-16,-0.8,-0.8,11.11111111111111,11.11111111111111
53,0.9,False,0,0.7366197183098563,True,11.644444444444439,0.18290289202634558,1.013333333333276,-0.9726294285114594,-1.8900000000000028,0.0,0.0,11.11111111111111,11.11111111111111,19.444444444444443,34.48009361538297,38.000000000000014,0.8845967844408986,-0.02000000000000024,-0.9,-0.9,11.11111111111111,11.11111111111111
53,1.0,False,0,0.6615384615384592,True,11.644444444444439,-0.11220390945259151,0.49333333333323726,-1.3639543728383094,-1.7999999999999998,0.0,0.0,11.11111111111111,11.11111111111111,19.444444444444443,38.1913444351198,39.666666666666686,0.8480221211822472,0.0,-1.0,-1.0,11.11111111111111,11.11111111111111
53,1.1,False,0,0.8760563380281655,True,11.644444444444439,0.09632905337873598,1.666666666666612,-0.3808874775959572,-1.8799999999999981,0.0,0.0,11.11111111111111,11.11111111111111,19.444444444444443,35.95980444947544,40.500000000000014,0.4544393452003179,-0.0499999999999996,-1.1,-1.1,11.11111111111111,11.11111111111111
53,1.2000000000000002,False,0,0.7239436619718276,True,11.644444444444439,-0.03240704326849464,1.4199999999999138,-1.719287496862162,-1.7999999999999998,0.0,0.0,11.11111111111111,11.11111111111111,19.444444444444443,40.812828851447506,41.33333333333334,0.04625393720805904,-0.07999999999999963,-1.2000000000000002,-1.2000000000000002,11.11111111111111,11.11111111111111
53,1.3,False,0,0.7239436619718276,True,11.644444444444439,0.02031289799667224,0.7800000000000127,-1.8951613208922047,-1.8899999999999997,0.0,0.0,11.11111111111111,11.11111111111111,19.444444444444443,42.24070685908188,42.16666666666667,0.6769665259139539,-0.09000000000000008,-1.3,-1.3,11.11111111111111,11.11111111111111
53,1.4000000000000001,False,0,0.7529411764706698,True,11.644444444444439,-0.1678812321630856,0.6400000000000263,-1.6628630212129811,-1.8999999999999986,0.0,0.0,11.11111111111111,11.11111111111111,19.444444444444443,41.08425733442607,43.0,-0.5354184855474493,-0.08000000000000007,-1.4000000000000001,-1.4000000000000001,11.11111111111111,11.11111111111111
53,1.5,False,0,0.6528301886792433,True,11.644444444444439,0.06545218697904165,0.5399999999999467,-1.685512781500718,-1.7999999999999998,0.0,0.0,11.11111111111111,11.11111111111111,19.444444444444443,44.76977165454987,43.83333333333334,-1.3112710995759427,-0.04999999999999982,-1.5,-1.5,11.11111111111111,11.11111111111111
53,1.6,True,2,0.0,True,12.244444444444438,-1.8060765450322718,-4.299999999999431,-1.7980808384751676,-1.879999999999999,0.0,0.0,11.11111111111111,11.11111111111111,19.444444444444443,41.39740876751158,43.83333333333334,0.9165185069141275,-0.1599999999999997,-1.6,-1.6,11.11111111111111,11.11111111111111
53,1.7000000000000002,False,0,0.7239436619718276,True,11.644444444444439,-0.06016067183371643,1.4733333333332554,-1.5053877144423087,-1.8300000000000005,0.0,0.0,11.11111111111111,11.11111111111111,19.444444444444443,43.20520600108816,44.66666666666667,-1.1099188068455956,-0.09999999999999964,-1.7000000000000002,-1.7000000000000002,11.11111111111111,11.11111111111111
55,0.0,False,0,4.0,True,19.444444444444443,-4.013089327801924,-4.166666666666788,1.2087635598862478,1.6,0.0,0.0,11.11111111111111,11.11111111111111,,,,,,,,,
55,0.1,False,0,4.0,True,19.444444444444443,-1.8075883956762082,-4.166666666666788,1.454220059807073,0.890000000000001,-0.1,-0.1,11.11111111111111,11.11111111111111,19.444444444444443,70.85632813436952,70.56666666666816,0.3981693286607162,-0.00999999999999579,-0.1,-0.1,11.11111111111111,11.11111111111111
55,0.2,False,0,0.1000000000000123,True,17.64444444444444,-1.05286595559524,-4.086666666666576,-0.21259780904427839,0.1400000000000019,-0.2,-0.2,11.11111111111111,11.11111111111111,17.64444444444444,3.1692064522308216,1.1400000000001684,-0.17396793377341635,-0.019999999999997353,-0.2,-0.2,11.11111111111111,11.11111111111111
55,0.30000000000000004,False,0,0.8830188679245224,True,11.644444444444439,-0.09346905430895713,1.5333333333332861,-0.4358211749917724,-0.8000000000000034,-0.30000000000000004,-0.30000000000000004,11.11111111111111,11.11111111111111,19.444444444444443,6.456810422525035,9.999999999999996,-0.24003084041795053,-0.020000000000001572,-0.30000000000000004,-0.30000000000000004,11.11111111111111,11.11111111111111
55,0.4,False,0,0.8490566037735777,True,11.644444444444439,0.009830398675700458,1.6266666666666483,-1.7079786375443016,-1.4399999999999955,-0.4,-0.4,11.11111111111111,11.11111111111111,19.444444444444443,21.527270505475183,21.666666666666682,0.3868561029990403,-6.661338147750939e-16,-0.4,-0.4,11.11111111111111,11.11111111111111
55,0.5,False,0,0.8636363636363591,True,11.644444444444439,0.04094654289734212,1.353333333333251,-1.8344443560541055,-1.85,0.0,0.0,11.11111111111111,11.11111111111111,19.444444444444443,25.943065515016297,28.33333333333334,-0.043956963774693936,0.0,-0.5,-0.5,11.11111111111111,11.11111111111111
55,0.6000000000000001,False,0,0.6080645161290297,True,11.644444444444439,-0.04613346849639566,1.0799999999999388,-1.163532731392095,-1.8599999999999959,0.0,0.0,11.11111111111111,11.11111111111111,19.444444444444443,29.534929221148342,32.500000000000014,0.28454922210110123,-0.019999999999999574,-0.6000000000000001,-0.6000000000000001,11.11111111111111,11.11111111111111
55,0.7000000000000001,True,2,0.0,True,11.644444444444439,-0.1762586795570824,-0.3666666666667764,-1.1174101921888366,-1.899999999999999,0.0,0.0,11.11111111111111,11.11111111111111,19.444444444444443,33.6521227866652,35.83333333333336,-0.17666842443139164,-0.009999999999999343,-0.7000000000000001,-0.7000000000000001,11.11111111111111,11.11111111111111
55,0.8,False,0,1.0755102040816336,True,11.644444444444439,-0.2201936334500827,2.099999999999807,-1.5695274811808333,-1.8799999999999994,0.0,0.0,11.11111111111111,11.11111111111111,19.444444444444443,37.389904371931934,38.33333333333336,0.06714792311323703,-2.220446049250313e-16,-0.8,-0.8,11.11111111111111,11.11111111111111
55,0.9,False,0,0.7937500000000007,True,11.644444444444439,0.09578392562103222,1.326666666666637,-1.6345041969556324,-1.8900000000000028,0.0,0.0,11.11111111111111,11.11111111111111,19.444444444444443,39.53355493976862,40.000000000000014,-0.8710348009739683,-0.02000000000000024,-0.9,-0.9,11.11111111111111,11.11111111111111
55,1.0,False,0,0.694366197183092,True,11.644444444444439,0.04937362750136476,1.4333333333332918,-1.724162305114858,-1.7999999999999998,0.0,0.0,11.11111111111111,11.11111111111111,19.444444444444443,37.07675075597227,41.666666666666686,-0.40296098884273235,0.0,-1.0,-1.0,11.11111111111111,11.11111111111111
55,1.1,True,2,0.0,True,11.644444444444439,-0.26070135951654816,-0.020000000000453433,-1.5244712862894583,-1.8799999999999981,0.0,0.0,11.11111111111111,11.11111111111111,19.444444444444443,43.01585305322301,42.500000000000014,1.1872908385222947,-0.0499999999999996,-1.1,-1.1,11.11111111111111,11.11111111111111
55,1.2000000000000002,False,0,0.6080645161290297,True,11.644444444444439,-0.027655375584219932,0.45999999999996266,-1.7489621050209654,-1.7999999999999998,0.0,0.0,11.11111111111111,11.11111111111111,19.444444444444443,41.332475958711285,43.33333333333334,-0.3858795083845403,-0.07999999999999963,-1.2000000000000002,-1.2000000000000002,11.11111111111111,11.11111111111111
55,1.3,False,0,0.7647058823530372,True,11.644444444444439,-0.1649672757445897,0.8133333333334294,-0.9659883117955896,-1.8899999999999997,0.0,0.0,11.11111111111111,11.11111111111111,19.444444444444443,41.459806134877894,44.16666666666667,0.00012905411470387484,-0.09000000000000008,-1.3,-1.3,11.11111111111111,11.11111111111111
55,1.4000000000000001,False,0,0.6080645161290297,True,11.644444444444439,-0.23350707379192936,0.42666666666651754,-1.8591406562091881,-1.8999999999999986,0.0,0.0,11.11111111111111,11.11111111111111,19.444444444444443,42.288085068139836,45.0,0.1266746151197382,-0.08000000000000007,-1.4000000000000001,-1.4000000000000001,11.11111111111111,11.11111111111111
55,1.5,True,2,0.0,True,11.644444444444439,-0.23308342200677412,-0.16000000000026926,-1.1951572510487263,-1.7999999999999998,0.0,0.0,11.11111111111111,11.11111111111111,19.444444444444443,41.98377758274482,45.83333333333334,0.9117877119172153,-0.04999999999999982,-1.5,-1.5,11.11111111111111,11.11111111111111
55,1.6,True,2,0.0,True,11.644444444444439,-0.23869799032677275,-1.1000000000001249,-1.8569932171353156,-1.879999999999999,0.0,0.0,11.11111111111111,11.11111111111111,19.444444444444443,43.341994902446004,45.83333333333334,0.698762651290513,-0.1599999999999997,-1.6,-1.6,11.11111111111111,11.11111111111111
55,1.7000000000000002,False,0,0.8387499999999999,True,11.644444444444439,-0.1598142007811303,1.380000000000007,-0.3060446865491655,-1.8300000000000005,0.0,0.0,11.11111111111111,11.11111111111111,19.444444444444443,46.75014444944948,46.66666666666667,-0.1064593284823454,-0.09999999999999964,-1.7000000000000002,-1.7000000000000002,11.11111111111111,11.11111111111111
57,0.0,False,0,4.0,True,19.444444444444443,-2.5955623055439103,-3.9333333333331835,2.1005282294720007,1.6,0.0,0.0,11.11111111111111,11.11111111111111,,,,,,,,,
57,0.1,False,0,4.0,True,19.444444444444443,-3.8784927699257024,-3.9333333333331835,0.7259983275644641,0.8600000000000012,-0.1,-0.1,11.11111111111111,11.11111111111111,19.444444444444443,72.5597914900198,68.56666666666816,0.5660852027552541,-0.00999999999999579,-0.1,-0.1,11.11111111111111,11.11111111111111
57,0.2,True,1,0.0,True,14.644444444444437,-2.897762161773147,-4.213333333333298,0.8145861130007828,2.6645352591003757e-15,-0.2,-0.2,11.11111111111111,11.11111111111111,14.644444444444437,-1.8292298004612801,-3.8599999999999453,0.43994441416890107,-0.019999999999997353,-0.2,-0.2,11.11111111111111,11.11111111111111
57,0.30000000000000004,True,2,0.0,True,11.644444444444439,-4.18804469080614,-4.29333333333422,-0.6395053035983198,-1.8899999999999975,0.0,0.0,11.11111111111111,11.11111111111111,19.444444444444443,11.360180028748541,11.999999999999996,-0.46450579391012337,-0.020000000000001572,-0.30000000000000004,-0.30000000000000004,11.11111111111111,11.11111111111111
57,0.4,True,2,0.0,True,11.644444444444439,0.13653913104770954,-0.7733333333336416,-1.8041254703881555,-1.880000000000006,0.0,0.0,11.11111111111111,11.11111111111111,19.444444444444443,20.34188020215981,23.666666666666682,0.39286863092844904,-6.661338147750939e-16,-0.4,-0.4,11.11111111111111,11.11111111111111
57,0.5,False,0,0.2749999999995079,True,11.644444444444439,-0.06344823764048879,0.1466666666664027,-1.80595270654009,-1.85,0.0,0.0,11.11111111111111,11.11111111111111,19.444444444444443,28.304738899232685,30.33333333333334,-0.3874141913730549,0.0,-0.5,-0.5,11.11111111111111,11.11111111111111
57,0.6000000000000001,False,0,0.8415094339622597,True,11.644444444444439,-0.14592944287118126,0.46666666666648116,-0.30609968137776944,-1.8599999999999959,0.0,0.0,11.11111111111111,11.11111111111111,19.444444444444443,34.09413258928903,34.500000000000014,0.44551019032523564,-0.019999999999999574,-0.6000000000000001,-0.6000000000000001,11.11111111111111,11.11111111111111
57,0.7000000000000001,True,2,0.0,True,11.644444444444439,-0.23154036158071545,-0.05333333333341539,-0.8370073739745165,-1.899999999999999,0.0,0.0,11.11111111111111,11.11111111111111,19.444444444444443,36.23912878710934,37.83333333333336,-0.6891948474306724,-0.009999999999999343,-0.7000000000000001,-0.7000000000000001,11.11111111111111,11.11111111111111
57,0.8,False,0,0.6887096774193513,True,11.644444444444439,0.19719009358972261,1.2800000000000127,-1.4636886424473081,-1.8799999999999994,0.0,0.0,11.11111111111111,11.11111111111111,19.444444444444443,39.70445606570085,40.33333333333336,-0.3202672299331224,-2.220446049250313e-16,-0.8,-0.8,11.11111111111111,11.11111111111111
57,0.9,False,0,0.6887096774193513,True,11.644444444444439,-0.08889103412492982,1.066666666666646,-1.3910597523168033,-1.8900000000000028,0.0,0.0,11.11111111111111,11.11111111111111,19.444444444444443,39.462768676096545,42.000000000000014,0.12048204644940741,-0.02000000000000024,-0.9,-0.9,11.11111111111111,11.11111111111111
57,1.0,False,0,0.6971428571428634,True,11.644444444444439,-0.12678474733924627,1.120000000000016,-1.1989612735194344,-1.7999999999999998,0.0,0.0,11.11111111111111,11.11111111111111,19.444444444444443,42.770509348570286,43.666666666666686,0.5660824979894987,0.0,-1.0,-1.0,11.11111111111111,11.11111111111111
57,1.1,False,0,0.8562499999999973,True,11.644444444444439,-0.10852003249256637,1.699999999999858,-1.1943351413184393,-1.8799999999999981,0.0,0.0,11.11111111111111,11.11111111111111,19.444444444444443,44.354409596149694,44.500000000000014,-0.3601117876443092,-0.0499999999999996,-1.1,-1.1,11.11111111111111,11.11111111111111
57,1.2000000000000002,False,0,0.7629032258064425,True,11.644444444444439,-0.08947787466958612,1.7066666666666608,-1.3177397601330538,-1.7999999999999998,0.0,0.0,11.11111111111111,11.11111111111111,19.444444444444443,45.5100766807396,45.33333333333334,-0.3473991233094622,-0.07999999999999963,-1.2000000000000002,-1.2000000000000002,11.11111111111111,11.11111111111111
57,1.3,False,0,0.1000000000000916,True,11.644444444444439,-0.0004931838553714485,0.05333333333338164,-1.757739098666572,-1.8899999999999997,0.0,0.0,11.11111111111111,11.11111111111111,19.444444444444443,45.1226832583568,46.16666666666667,0.38584247294721896,-0.09000000000000008,-1.3,-1.3,11.11111111111111,11.11111111111111
57,1.4000000000000001,False,0,0.6887096774193513,True,11.644444444444439,0.18987875682362887,1.3466666666666471,-1.7803256455474883,-1.8999999999999986,0.0,0.0,11.11111111111111,11.11111111111111,19.444444444444443,45.98700187652338,47.0,-0.4575068622009968,-0.08000000000000007,-1.4000000000000001,-1.4000000000000001,11.11111111111111,11.11111111111111
57,1.5,False,0,0.6887096774193513,True,11.644444444444439,0.13645011994195233,0.7733333333333237,-1.8904006984527142,-1.7999999999999998,0.0,0.0,11.11111111111111,11.11111111111111,19.444444444444443,43.55429027226138,47.83333333333334,0.22915780421009657,-0.04999999999999982,-1.5,-1.5,11.11111111111111,11.11111111111111
57,1.6,False,0,0.6887096774193513,True,11.644444444444439,-0.16636098967471735,0.5733333333331929,-0.47003934414202764,-1.879999999999999,0.0,0.0,11.11111111111111,11.11111111111111,19.444444444444443,45.956228917136556,47.83333333333334,0.2002236335479548,-0.1599999999999997,-1.6,-1.6,11.11111111111111,11.11111111111111
57,1.7000000000000002,False,0,0.8415094339622597,True,11.644444444444439,-0.031123576877052805,1.3866666666666108,-1.5904566270075806,-1.8300000000000005,0.0,0.0,11.11111111111111,11.11111111111111,19.444444444444443,46.675253346398364,48.66666666666667,0.4616395123842034,-0.09999999999999964,-1.7000000000000002,-1.7000000000000002,11.11111111111111,11.11111111111111
59,0.0,False,0,4.0,False,19.444444444444443,-2.770789178401219,-4.266666666666469,2.622480721102765,1.6,0.0,0.0,11.11111111111111,11.11111111111111,,,,,,,,,
59,0.1,False,0,4.0,True,18.84444444444444,-3.8044111185504503,-4.033333333333178,0.7125988045253453,0.8300000000000014,-0.1,-0.1,11.11111111111111,11.11111111111111,18.84444444444444,62.16703867231517,60.92666666666794,-0.6409857090052684,-0.00999999999999579,-0.1,-0.1,11.11111111111111,11.11111111111111
59,0.2,True,1,0.0,True,15.244444444444436,-3.654869589591601,-4.18666666666677,-1.0793230216505583,2.6645352591003757e-15,-0.2,-0.2,11.11111111111111,11.11111111111111,15.244444444444436,-2.3884189605938557,-3.9999999999998748,-1.5415635901088958,-0.019999999999997353,-0.2,-0.2,11.11111111111111,11.11111111111111
59,0.30000000000000004,False,0,0.6112903225806431,True,11.644444444444439,-0.028349328806217322,0.5799999999999956,-0.32569699866824275,-0.9200000000000039,-0.30000000000000004,-0.30000000000000004,11.11111111111111,11.11111111111111,19.444444444444443,13.478144704848926,13.999999999999996,-1.3364078809998523,-0.020000000000001572,-0.30000000000000004,-0.30000000000000004,11.11111111111111,11.11111111111111
59,0.4,True,2,0.0,True,11.644444444444439,-0.18221301914066412,-0.20666666666683664,-1.266070940053059,-1.880000000000006,0.0,0.0,11.11111111111111,11.11111111111111,19.444444444444443,19.544620931780354,25.666666666666682,0.668655824302034,-6.661338147750939e-16,-0.4,-0.4,11.11111111111111,11.11111111111111
59,0.5,False,0,0.7591549295774624,True,11.644444444444439,-0.007623617971620256,1.6666666666666687,-1.7637008201556204,-1.85,0.0,0.0,11.11111111111111,11.11111111111111,19.444444444444443,30.794395206904294,32.33333333333334,-0.09774636919407897,0.0,-0.5,-0.5,11.11111111111111,11.11111111111111
59,0.6000000000000001,False,0,0.9112676056337944,True,11.644444444444439,-0.12803319272534264,2.1666666666666403,-1.592551677940162,-1.8599999999999959,0.0,0.0,11.11111111111111,11.11111111111111,19.444444444444443,35.52787509141953,36.500000000000014,-0.2630620009389766,-0.019999999999999574,-0.6000000000000001,-0.6000000000000001,11.11111111111111,11.11111111111111
59,0.7000000000000001,False,0,0.5641509433962163,True,11.644444444444439,0.103499977999161,0.8999999999999888,-1.5871865208950249,-1.899999999999999,0.0,0.0,11.11111111111111,11.11111111111111,19.444444444444443,38.03345118342935,39.83333333333336,-0.12335312436491908,-0.009999999999999343,-0.7000000000000001,-0.7000000000000001,11.11111111111111,11.11111111111111
59,0.8,False,0,0.24999999999979683,True,11.644444444444439,0.09373701153542147,0.1333333333332236,-1.4052515694175574,-1.8799999999999994,0.0,0.0,11.11111111111111,11.11111111111111,19.444444444444443,42.662666643715355,42.33333333333336,-0.786929110734558,-2.220446049250313e-16,-0.8,-0.8,11.11111111111111,11.11111111111111
59,0.9,True,2,0.0,True,12.244444444444438,-2.742267762053859,-4.293333333333794,-1.2018571589297744,-1.8900000000000028,0.0,0.0,11.11111111111111,11.11111111111111,19.444444444444443,42.34065352616547,44.000000000000014,0.4165125045994946,-0.02000000000000024,-0.9,-0.9,11.11111111111111,11.11111111111111
59,1.0,False,0,0.5250000000000025,True,11.644444444444439,0.18379934986226676,0.7466666666666812,-1.7336928197020967,-1.7999999999999998,0.0,0.0,11.11111111111111,11.11111111111111,19.444444444444443,45.087036676412936,45.666666666666686,-1.647235613319054,0.0,-1.0,-1.0,11.11111111111111,11.11111111111111
59,1.1,False,0,0.7591549295774624,True,11.644444444444439,-0.19666733891317545,1.4533333333333873,-1.2666466541184147,-1.8799999999999981,0.0,0.0,11.11111111111111,11.11111111111111,19.444444444444443,47.194166474007986,46.500000000000014,0.34879112990100536,-0.0499999999999996,-1.1,-1.1,11.11111111111111,11.11111111111111
59,1.2000000000000002,False,0,0.4590909090909035,True,11.644444444444439,0.08584426563539882,0.719999999999982,-1.8911391151121968,-1.7999999999999998,0.0,0.0,11.11111111111111,11.11111111111111,19.444444444444443,45.44538869452538,47.33333333333334,0.6025983961351158,-0.07999999999999963,-1.2000000000000002,-1.2000000000000002,11.11111111111111,11.11111111111111
59,1.3,False,0,0.4795454545454498,True,11.644444444444439,-0.15941378441614784,0.6199999999999308,-1.8034138727242877,-1.8899999999999997,0.0,0.0,11.11111111111111,11.11111111111111,19.444444444444443,48.57103842377401,48.16666666666667,0.08245507041310174,-0.09000000000000008,-1.3,-1.3,11.11111111111111,11.11111111111111
59,1.4000000000000001,False,0,0.7591549295774624,True,11.644444444444439,0.14527080734772557,0.8200000000001184,-1.6767870433940886,-1.8999999999999986,0.0,0.0,11.11111111111111,11.11111111111111,19.444444444444443,49.023411534321625,49.0,-0.7980345887716227,-0.08000000000000007,-1.4000000000000001,-1.4000000000000001,11.11111111111111,11.11111111111111
59,1.5,False,0,0.7591549295774624,True,11.644444444444439,-0.04339539070146525,1.5066666666666721,-0.9574617794832727,-1.7999999999999998,0.0,0.0,11.11111111111111,11.11111111111111,19.444444444444443,48.93117864880821,49.83333333333334,0.24087228847191655,-0.04999999999999982,-1.5,-1.5,11.11111111111111,11.11111111111111
59,1.6,False,0,0.8352112676056285,True,11.644444444444439,-0.09769870429348071,1.23333333333336,-1.5160588404995523,-1.879999999999999,0.0,0.0,11.11111111111111,11.11111111111111,19.444444444444443,47.89212076308148,49.83333333333334,0.5431276096999671,-0.1599999999999997,-1.6,-1.6,11.11111111111111,11.11111111111111
59,1.7000000000000002,False,0,0.5641509433962163,True,11.644444444444439,0.1060393368112047,0.6200000000000161,-0.43890441999338936,-1.8300000000000005,0.0,0.0,11.11111111111111,11.11111111111111,19.444444444444443,49.78232462284629,50.66666666666667,0.0986180606267435,-0.09999999999999964,-1.7000000000000002,-1.7000000000000002,11.11111111111111,11.11111111111111
61,0.0,False,0,4.0,False,19.444444444444443,-3.956528716395911,-4.000000000000216,1.0331432289356726,1.6,0.0,0.0,11.11111111111111,11.11111111111111,,,,,,,,,
61,0.1,False,0,4.0,True,18.24444444444444,-1.0470231142328599,-4.173333333333534,0.43944947468593387,0.8100000000000014,-0.1,-0.1,11.11111111111111,11.11111111111111,18.24444444444444,53.912689938312,54.06666666666776,0.9452140729523593,-0.00999999999999579,-0.1,-0.1,11.11111111111111,11.11111111111111
61,0.2,True,2,0.0,True,14.644444444444437,-3.7991253937999145,-4.200000000000119,0.11737995100790544,-0.07999999999999718,-0.2,-0.2,11.11111111111111,11.11111111111111,14.644444444444437,-3.808162407658659,-3.1400000000001453,0.06837463571241842,-0.019999999999997353,-0.2,-0.2,11.11111111111111,11.11111111111111
61,0.30000000000000004,True,2,0.0,True,11.644444444444439,-2.8396152664253007,-4.293333333334078,-1.7864573637341243,-1.8899999999999975,0.0,0.0,11.11111111111111,11.11111111111111,19.444444444444443,14.152814553691496,15.999999999999996,-0.46393573925146603,-0.020000000000001572,-0.30000000000000004,-0.30000000000000004,11.11111111111111,11.11111111111111
61,0.4,False,0,0.8249999999999937,True,11.644444444444439,0.048284926182714294,1.5466666666664368,-1.7127973686609719,-1.880000000000006,0.0,0.0,11.11111111111111,11.11111111111111,19.444444444444443,25.782892919463617,27.666666666666682,-0.7571860183320205,-6.661338147750939e-16,-0.4,-0.4,11.11111111111111,11.11111111111111
61,0.5,False,0,0.28749999999949666,True,11.644444444444439,-0.1048923900146006,0.15333333333306332,-1.7177686202820766,-1.85,0.0,0.0,11.11111111111111,11.11111111111111,19.444444444444443,33.0790454799658,34.33333333333334,0.3757317242685705,0.0,-0.5,-0.5,11.11111111111111,11.11111111111111
61,0.6000000000000001,False,0,0.6483870967741853,True,11.644444444444439,0.032819211822709526,0.9066666666665641,-1.545906907316535,-1.8599999999999959,0.0,0.0,11.11111111111111,11.11111111111111,19.444444444444443,37.88975940300422,38.500000000000014,0.5411416567612957,-0.019999999999999574,-0.6000000000000001,-0.6000000000000001,11.11111111111111,11.11111111111111
61,0.7000000000000001,False,0,0.8249999999999937,True,11.644444444444439,0.1344034688918727,1.6799999999999047,-0.7198415314112192,-1.899999999999999,0.0,0.0,11.11111111111111,11.11111111111111,19.444444444444443,41.05231780025345,41.83333333333336,-0.3660610569666498,-0.009999999999999343,-0.7000000000000001,-0.7000000000000001,11.11111111111111,11.11111111111111
61,0.8,False,0,0.6483870967741853,True,11.644444444444439,0.19652059870030048,1.4599999999999627,-1.5399192493256346,-1.8799999999999994,0.0,0.0,11.11111111111111,11.11111111111111,19.444444444444443,44.47367919074347,44.33333333333336,0.06530282717246316,-2.220446049250313e-16,-0.8,-0.8,11.11111111111111,11.11111111111111
61,0.9,True,2,0.0,True,11.644444444444439,-3.330149780445015,-4.2866666666659965,-0.8618402846306294,-1.8900000000000028,0.0,0.0,11.11111111111111,11.11111111111111,19.444444444444443,44.25796628017201,46.000000000000014,0.4453145325587782,-0.02000000000000024,-0.9,-0.9,11.11111111111111,11.11111111111111
61,1.0,False,0,0.8249999999999937,True,11.644444444444439,-0.26236894572103875,1.8999999999999604,-1.1232416618424759,-1.7999999999999998,0.0,0.0,11.11111111111111,11.11111111111111,19.444444444444443,47.67996030501109,47.666666666666686,0.08666448443988228,0.0,-1.0,-1.0,11.11111111111111,11.11111111111111
61,1.1,False,0,0.6483870967741853,True,11.644444444444439,0.08460714564533323,1.3466666666666471,-1.4304263589883268,-1.8799999999999981,0.0,0.0,11.11111111111111,11.11111111111111,19.444444444444443,47.24741513844914,48.500000000000014,-0.3554819654433954,-0.0499999999999996,-1.1,-1.1,11.11111111111111,11.11111111111111
61,1.2000000000000002,False,0,0.6603773584905571,True,11.644444444444439,-0.05428525449433419,1.2466666666666528,-0.9239140992511765,-1.7999999999999998,0.0,0.0,11.11111111111111,11.11111111111111,19.444444444444443,47.97087146579027,49.33333333333334,0.23945071812285246,-0.07999999999999963,-1.2000000000000002,-1.2000000000000002,11.11111111111111,11.11111111111111
61,1.3,False,0,0.8249999999999937,True,11.644444444444439,0.06466185272584557,0.9533333333333589,-1.819169291747955,-1.8899999999999997,0.0,0.0,11.11111111111111,11.11111111111111,19.444444444444443,48.1149657955731,50.16666666666667,0.5296195581830596,-0.09000000000000008,-1.3,-1.3,11.11111111111111,11.11111111111111
61,1.4000000000000001,False,0,0.8028571428571505,True,11.644444444444439,0.1438832779774204,1.0200000000000502,-1.8333833471653227,-1.8999999999999986,0.0,0.0,11.11111111111111,11.11111111111111,19.444444444444443,49.33373945055513,51.0,0.9614736714372074,-0.08000000000000007,-1.4000000000000001,-1.4000000000000001,11.11111111111111,11.11111111111111
61,1.5,False,0,0.6568181818181711,True,11.644444444444439,-0.09711769159598571,0.43333333333317814,-1.0096027991163217,-1.7999999999999998,0.0,0.0,11.11111111111111,11.11111111111111,19.444444444444443,50.74190205118266,51.83333333333334,0.061282660063844974,-0.04999999999999982,-1.5,-1.5,11.11111111111111,11.11111111111111
61,1.6,False,0,0.8249999999999937,True,11.644444444444439,0.1332320591689724,1.953333333333359,-1.7197531880777261,-1.879999999999999,0.0,0.0,11.11111111111111,11.11111111111111,19.444444444444443,50.29192629166366,51.83333333333334,-0.9624362679325604,-0.1599999999999997,-1.6,-1.6,11.11111111111111,11.11111111111111
61,1.7000000000000002,False,0,0.7249999999997427,True,11.644444444444439,0.24229106908397302,0.3866666666665255,-1.1330564301342065,-1.8300000000000005,0.0,0.0,11.11111111111111,11.11111111111111,19.444444444444443,52.90130785768639,52.66666666666667,-0.15882482239697793,-0.09999999999999964,-1.7000000000000002,-1.7000000000000002,11.11111111111111,11.11111111111111
63,0.0,False,0,4.0,False,19.444444444444443,0.17086770117161354,-4.099999999999727,2.1371241702580437,1.6,0.0,0.0,11.11111111111111,11.11111111111111,,,,,,,,,
63,0.1,False,0,4.0,True,19.444444444444443,-1.931458312823099,-4.099999999999727,2.1909597526018296,0.7900000000000014,-0.1,-0.1,11.11111111111111,11.11111111111111,19.444444444444443,63.419931831836536,62.566666666668155,1.0104712129406836,-0.00999999999999579,-0.1,-0.1,11.11111111111111,11.11111111111111
63,0.2,True,2,0.0,True,12.844444444444438,-3.1668948800940084,-4.253333333333262,-0.7344470339877249,-0.3999999999999959,-0.2,-0.2,11.11111111111111,11.11111111111111,14.044444444444437,-1.5568787168786455,-0.6600000000001272,0.0550151489682118,-0.019999999999997353,-0.2,-0.2,11.11111111111111,11.11111111111111
63,0.30000000000000004,True,2,0.0,True,11.644444444444439,0.06745875955347191,-0.22000000000007258,-0.23766734618556717,-0.9200000000000039,-0.30000000000000004,-0.30000000000000004,11.11111111111111,11.11111111111111,19.444444444444443,16.000026353364714,17.999999999999996,-0.6150235807365143,-0.020000000000001572,-0.30000000000000004,-0.30000000000000004,11.11111111111111,11.11111111111111
63,0.4,False,0,0.7239436619718126,True,11.644444444444439,0.2181687712099576,1.2266666666666142,-1.6029351100205935,-1.799999999999994,-0.4,-0.4,11.11111111111111,11.11111111111111,19.444444444444443,30.022603496236695,29.666666666666682,0.6922264200129553,-6.661338147750939e-16,-0.4,-0.4,11.11111111111111,11.11111111111111
63,0.5,False,0,0.7716981132075257,True,11.644444444444439,-0.1197024816973622,0.6733333333330167,-1.6174237320121518,-1.85,0.0,0.0,11.11111111111111,11.11111111111111,19.444444444444443,35.17261701845584,36.33333333333334,0.7241488089206176,0.0,-0.5,-0.5,11.11111111111111,11.11111111111111
63,0.6000000000000001,False,0,0.7746478873239273,True,11.644444444444439,-0.007495439728177011,0.8866666666666676,-1.719370187684319,-1.8599999999999959,0.0,0.0,11.11111111111111,11.11111111111111,19.444444444444443,40.48885253485555,40.500000000000014,-0.09236005413102899,-0.019999999999999574,-0.6000000000000001,-0.6000000000000001,11.11111111111111,11.11111111111111
63,0.7000000000000001,False,0,0.7704545454545285,True,11.644444444444439,0.21324876309590213,1.1200000000000445,-1.707921234073608,-1.899999999999999,0.0,0.0,11.11111111111111,11.11111111111111,19.444444444444443,43.850135906833586,43.83333333333336,0.36886726976930184,-0.009999999999999343,-0.7000000000000001,-0.7000000000000001,11.11111111111111,11.11111111111111
63,0.8,True,2,0.0,True,11.644444444444439,-3.0180664586764463,-4.293333333334192,-1.3954118423872135,-1.8799999999999994,0.0,0.0,11.11111111111111,11.11111111111111,19.444444444444443,44.962224041726785,46.33333333333336,0.02617372269708529,-2.220446049250313e-16,-0.8,-0.8,11.11111111111111,11.11111111111111
63,0.9,False,0,0.7239436619718126,True,11.644444444444439,-0.11478504174773985,1.1199999999999308,-1.6354659654464596,-1.8900000000000028,0.0,0.0,11.11111111111111,11.11111111111111,19.444444444444443,48.394074544682354,48.000000000000014,0.16623999611992923,-0.02000000000000024,-0.9,-0.9,11.11111111111111,11.11111111111111
63,1.0,False,0,0.8874999999999849,True,11.644444444444439,-0.14709246797686415,1.5399999999999752,-0.9787424259766646,-1.7999999999999998,0.0,0.0,11.11111111111111,11.11111111111111,19.444444444444443,47.28414360612328,49.666666666666686,-0.28947288318112907,0.0,-1.0,-1.0,11.11111111111111,11.11111111111111
63,1.1,False,0,0.13749999999925852,True,11.644444444444439,0.2603285789442227,0.07333333333293712,-1.429638689069383,-1.8799999999999981,0.0,0.0,11.11111111111111,11.11111111111111,19.444444444444443,44.74163809701936,50.500000000000014,0.39191277093061894,-0.0499999999999996,-1.1,-1.1,11.11111111111111,11.11111111111111
63,1.2000000000000002,True,2,0.0,True,11.644444444444439,-0.09997737854148436,-0.6933333333336007,-1.8312672300387773,-1.7999999999999998,0.0,0.0,11.11111111111111,11.11111111111111,19.444444444444443,50.4612826300218,51.33333333333334,0.8456396057767921,-0.07999999999999963,-1.2000000000000002,-1.2000000000000002,11.11111111111111,11.11111111111111
63,1.3,False,0,0.5628571428571247,True,11.644444444444439,0.09468961908511364,0.8066666666666267,-1.2389123632791033,-1.8899999999999997,0.0,0.0,11.11111111111111,11.11111111111111,19.444444444444443,51.9950645305842,52.16666666666667,1.392923474737803,-0.09000000000000008,-1.3,-1.3,11.11111111111111,11.11111111111111
63,1.4000000000000001,False,0,0.6653846153846096,True,11.644444444444439,-0.004595993177804125,0.873333333333318,-1.1775782495787452,-1.8999999999999986,0.0,0.0,11.11111111111111,11.11111111111111,19.444444444444443,52.61535164265091,53.0,-0.8278805945117056,-0.08000000000000007,-1.4000000000000001,-1.4000000000000001,11.11111111111111,11.11111111111111
63,1.5,False,0,0.7239436619718126,True,11.644444444444439,-0.2613567630376563,1.2333333333332464,-1.7878691551802175,-1.7999999999999998,0.0,0.0,11.11111111111111,11.11111111111111,19.444444444444443,51.4507617703654,53.83333333333334,-0.044624557794541,-0.04999999999999982,-1.5,-1.5,11.11111111111111,11.11111111111111
63,1.6,False,0,0.7239436619718126,True,11.644444444444439,-0.13910981380213894,0.6333333333331668,-1.5092482134510843,-1.879999999999999,0.0,0.0,11.11111111111111,11.11111111111111,19.444444444444443,55.00715696592057,53.83333333333334,0.14235745776633468,-0.1599999999999997,-1.6,-1.6,11.11111111111111,11.11111111111111
63,1.7000000000000002,False,0,0.35294117647063034,True,11.644444444444439,0.26212887186919165,0.34666666666667556,-1.6776914432320877,-1.8300000000000005,0.0,0.0,11.11111111111111,11.11111111111111,19.444444444444443,53.9954764445593,54.66666666666667,0.7801873949425304,-0.09999999999999964,-1.7000000000000002,-1.7000000000000002,11.11111111111111,11.11111111111111
65,0.0,False,0,4.0,True,19.444444444444443,-3.5309351369204363,-4.166666666666958,1.5870966819741374,1.6,0.0,0.0,11.11111111111111,11.11111111111111,,,,,,,,,
65,0.1,False,0,4.0,True,18.24444444444444,-4.145461573543247,-4.199999999999721,0.3738803175862131,0.7600000000000016,-0.1,-0.1,11.11111111111111,11.11111111111111,18.24444444444444,50.261900171296034,50.72666666666778,-0.4669392917080555,-0.00999999999999579,-0.1,-0.1,11.11111111111111,11.11111111111111
65,0.2,True,2,0.0,True,14.044444444444437,-2.703859706671966,-4.160000000000127,-0.3311602187016156,-0.25999999999999646,-0.2,-0.2,11.11111111111111,11.11111111111111,15.244444444444436,-0.5553558338280764,-0.46000000000019536,-0.17194955326048844,-0.019999999999997353,-0.2,-0.2,11.11111111111111,11.11111111111111
65,0.30000000000000004,True,2,0.0,True,11.644444444444439,0.19564827935168427,-0.2800000000001317,-1.0150390738413655,-1.100000000000004,-0.30000000000000004,-0.30000000000000004,11.11111111111111,11.11111111111111,19.444444444444443,19.052524860639206,19.999999999999996,-0.7970390988866765,-0.020000000000001572,-0.30000000000000004,-0.30000000000000004,11.11111111111111,11.11111111111111
65,0.4,False,0,0.2874999999997631,True,11.644444444444439,-0.21898410680039415,0.15333333333320542,-0.9189984835696534,-1.880000000000006,0.0,0.0,11.11111111111111,11.11111111111111,19.444444444444443,30.04148611394903,31.666666666666682,-0.036134788594693434,-6.661338147750939e-16,-0.4,-0.4,11.11111111111111,11.11111111111111
65,0.5,True,2,0.0,True,11.644444444444439,0.13326671874865514,-1.8740564655672642e-13,-1.2126920766364275,-1.85,0.0,0.0,11.11111111111111,11.11111111111111,19.444444444444443,38.19021474548822,38.33333333333334,-0.3662170976466239,0.0,-0.5,-0.5,11.11111111111111,11.11111111111111
65,0.6000000000000001,False,0,0.694366197183071,True,11.644444444444439,0.10827861912785597,1.6533333333332338,-1.7309197611877918,-1.8599999999999959,0.0,0.0,11.11111111111111,11.11111111111111,19.444444444444443,42.46777940801192,42.500000000000014,-0.05615324123145693,-0.019999999999999574,-0.6000000000000001,-0.6000000000000001,11.11111111111111,11.11111111111111
65,0.7000000000000001,False,0,0.9142857142856939,True,11.644444444444439,0.05022195863513179,1.0199999999998512,-1.5720643605790774,-1.899999999999999,0.0,0.0,11.11111111111111,11.11111111111111,19.444444444444443,44.418815553925185,45.83333333333336,0.5415683297311662,-0.009999999999999343,-0.7000000000000001,-0.7000000000000001,11.11111111111111,11.11111111111111
65,0.8,False,0,0.6080645161290056,True,11.644444444444439,0.10403150683633289,0.9599999999998774,-1.6382249575331205,-1.8799999999999994,0.0,0.0,11.11111111111111,11.11111111111111,19.444444444444443,45.12712030829219,48.33333333333336,0.15324132224913,-2.220446049250313e-16,-0.8,-0.8,11.11111111111111,11.11111111111111
65,0.9,False,0,0.3428571428570806,True,11.644444444444439,0.18581859967794134,0.4066666666665357,-1.4001490771351603,-1.8900000000000028,0.0,0.0,11.11111111111111,11.11111111111111,19.444444444444443,48.0308257633358,50.000000000000014,0.06395899540858885,-0.02000000000000024,-0.9,-0.9,11.11111111111111,11.11111111111111
65,1.0,False,0,0.6080645161290056,True,11.644444444444439,0.08910932577363173,0.5666666666665323,-1.8281962094595376,-1.7999999999999998,0.0,0.0,11.11111111111111,11.11111111111111,19.444444444444443,50.7010120745952,51.666666666666686,-1.4131176244554482,0.0,-1.0,-1.0,11.11111111111111,11.11111111111111
65,1.1,False,0,0.6624999999995858,True,11.644444444444439,0.016702037735098152,0.3533333333331088,-1.711071672945087,-1.8799999999999981,0.0,0.0,11.11111111111111,11.11111111111111,19.444444444444443,53.18269126995128,52.500000000000014,0.22230417648815104,-0.0499999999999996,-1.1,-1.1,11.11111111111111,11.11111111111111
65,1.2000000000000002,False,0,0.6471698113207256,True,11.644444444444439,0.21635896490478235,1.0799999999999104,-1.1225837751678536,-1.7999999999999998,0.0,0.0,11.11111111111111,11.11111111111111,19.444444444444443,49.69398576483695,53.33333333333334,0.4796903015943741,-0.07999999999999963,-1.2000000000000002,-1.2000000000000002,11.11111111111111,11.11111111111111
65,1.3,False,0,0.7471698113207234,True,11.644444444444439,-0.14707871074218115,0.679999999999791,-1.5567944956706568,-1.8899999999999997,0.0,0.0,11.11111111111111,11.11111111111111,19.444444444444443,50.858724030834836,54.16666666666667,-1.3170308581781613,-0.09000000000000008,-1.3,-1.3,11.11111111111111,11.11111111111111
65,1.4000000000000001,False,0,0.6661290322580402,True,11.644444444444439,-0.16566971054133983,1.133333333333252,-1.4612664867975207,-1.8999999999999986,0.0,0.0,11.11111111111111,11.11111111111111,19.444444444444443,55.217731013961966,55.0,-0.019724570138771602,-0.08000000000000007,-1.4000000000000001,-1.4000000000000001,11.11111111111111,11.11111111111111
65,1.5,False,0,0.6080645161290056,True,11.644444444444439,-0.24592581092715005,0.3266666666663527,-1.2771287819708284,-1.7999999999999998,0.0,0.0,11.11111111111111,11.11111111111111,19.444444444444443,50.63978899226055,55.83333333333334,1.292913889776544,-0.04999999999999982,-1.5,-1.5,11.11111111111111,11.11111111111111
65,1.6,False,0,0.7204545454545158,True,11.644444444444439,0.08900058586330051,0.8466666666664198,-1.7866886071363357,-1.879999999999999,0.0,0.0,11.11111111111111,11.11111111111111,19.444444444444443,51.86280129506791,55.83333333333334,1.3627105111011284,-0.1599999999999997,-1.6,-1.6,11.11111111111111,11.11111111111111
65,1.7000000000000002,False,0,0.8704225352112482,True,11.644444444444439,-0.00035601842437227305,0.8399999999996739,-0.9867304152139287,-1.8300000000000005,0.0,0.0,11.11111111111111,11.11111111111111,19.444444444444443,56.62376712899464,56.66666666666667,0.3495852965396913,-0.09999999999999964,-1.7000000000000002,-1.7000000000000002,11.11111111111111,11.11111111111111
67,0.0,False,0,4.0,True,19.444444444444443,0.5236445027491472,-3.9333333333329845,1.5700636411352629,1.6,0.0,0.0,11.11111111111111,11.11111111111111,,,,,,,,,
67,0.1,False,0,4.0,True,17.64444444444444,-1.3328474436643658,-4.119999999999709,0.7274868401513435,0.7300000000000018,-0.1,-0.1,11.11111111111111,11.11111111111111,17.64444444444444,44.637396137277065,44.22666666666761,-1.0880248635970573,-0.00999999999999579,-0.1,-0.1,11.11111111111111,11.11111111111111
67,0.2,True,2,0.0,True,15.844444444444436,-3.194735802289375,-4.259999999999752,-0.12554562830463678,-0.19999999999999662,-0.2,-0.2,11.11111111111111,11.11111111111111,17.044444444444437,-3.595889032931228,0.33999999999975916,-0.01839334542321902,-0.019999999999997353,-0.2,-0.2,11.11111111111111,11.11111111111111
67,0.30000000000000004,False,0,0.2874999999999763,True,11.644444444444439,0.23007116204642575,0.1533333333333191,-1.6696869039705549,-1.6100000000000052,-0.30000000000000004,-0.30000000000000004,11.11111111111111,11.11111111111111,19.444444444444443,20.52794356756416,21.999999999999996,0.6698400005268454,-0.020000000000001572,-0.30000000000000004,-0.30000000000000004,11.11111111111111,11.11111111111111
67,0.4,False,0,0.8562499999999706,True,11.644444444444439,0.15270634496549196,1.4399999999998956,-1.439029549845848,-1.880000000000006,0.0,0.0,11.11111111111111,11.11111111111111,19.444444444444443,32.850046856932025,33.666666666666686,0.3286551201318635,-6.661338147750939e-16,-0.4,-0.4,11.11111111111111,11.11111111111111
67,0.5,False,0,0.5499999999991008,True,11.644444444444439,-0.016527156134844567,0.2933333333328507,-1.5272012718304655,-1.85,0.0,0.0,11.11111111111111,11.11111111111111,19.444444444444443,40.81595271533121,40.33333333333334,0.7600911885556885,0.0,-0.5,-0.5,11.11111111111111,11.11111111111111
67,0.6000000000000001,True,2,0.0,True,11.644444444444439,-4.0222664597737205,-4.299999999999431,-1.760943514560246,-1.8599999999999959,0.0,0.0,11.11111111111111,11.11111111111111,19.444444444444443,43.10791771696978,44.500000000000014,-0.711733469549453,-0.019999999999999574,-0.6000000000000001,-0.6000000000000001,11.11111111111111,11.11111111111111
67,0.7000000000000001,False,0,0.11764705882353352,True,11.644444444444439,0.02285737908756591,0.07999999999996721,-1.2912615373136878,-1.899999999999999,0.0,0.0,11.11111111111111,11.11111111111111,19.444444444444443,46.3441776810089,47.83333333333336,0.0921003477021125,-0.009999999999999343,-0.7000000000000001,-0.7000000000000001,11.11111111111111,11.11111111111111
67,0.8,False,0,0.6485714285713814,True,11.644444444444439,-0.03372730224124876,0.3533333333331372,-1.632721063062165,-1.8799999999999994,0.0,0.0,11.11111111111111,11.11111111111111,19.444444444444443,48.217135548911315,50.33333333333336,-0.48671850935382555,-2.220446049250313e-16,-0.8,-0.8,11.11111111111111,11.11111111111111
67,0.9,True,2,0.0,True,11.644444444444439,-0.014270992594123122,-0.6600000000004398,-1.6628129139106826,-1.8900000000000028,0.0,0.0,11.11111111111111,11.11111111111111,19.444444444444443,48.752742070021625,52.000000000000014,-0.45778654572914235,-0.02000000000000024,-0.9,-0.9,11.11111111111111,11.11111111111111
67,1.0,False,0,0.7647887323943348,True,11.644444444444439,-0.1424943651585009,0.6799999999996489,-1.4125193081705127,-1.7999999999999998,0.0,0.0,11.11111111111111,11.11111111111111,19.444444444444443,51.965301624408156,53.666666666666686,-0.7570245122027233,0.0,-1.0,-1.0,11.11111111111111,11.11111111111111
67,1.1,True,2,0.0,True,11.644444444444439,-0.14041881725298122,-0.746666666666914,-1.82226553490426,-1.8799999999999981,0.0,0.0,11.11111111111111,11.11111111111111,19.444444444444443,52.37547898062077,54.500000000000014,-0.1478615067319864,-0.0499999999999996,-1.1,-1.1,11.11111111111111,11.11111111111111
67,1.2000000000000002,False,0,0.8562499999999706,True,11.644444444444439,0.16367378754609962,1.4733333333332554,-1.5846005285574143,-1.7999999999999998,0.0,0.0,11.11111111111111,11.11111111111111,19.444444444444443,51.91218075933446,55.33333333333334,0.31924661132932863,-0.07999999999999963,-1.2000000000000002,-1.2000000000000002,11.11111111111111,11.11111111111111
67,1.3,False,0,0.998979591836716,True,11.644444444444439,0.22243294562262594,1.8533333333333362,-0.3017239075241718,-1.8899999999999997,0.0,0.0,11.11111111111111,11.11111111111111,19.444444444444443,52.588700314531394,56.16666666666667,1.0262544908937792,-0.09000000000000008,-1.3,-1.3,11.11111111111111,11.11111111111111
67,1.4000000000000001,False,0,0.5749999999995579,True,11.644444444444439,0.018289089015024906,0.3066666666664277,-1.4862754475488007,-1.8999999999999986,0.0,0.0,11.11111111111111,11.11111111111111,19.444444444444443,56.03638007398716,57.0,-1.429273812983771,-0.08000000000000007,-1.4000000000000001,-1.4000000000000001,11.11111111111111,11.11111111111111
67,1.5,False,0,0.6457142857142412,True,11.644444444444439,-0.15653337991988092,1.0599999999998717,-1.6524421274859833,-1.7999999999999998,0.0,0.0,11.11111111111111,11.11111111111111,19.444444444444443,58.2174530186238,57.83333333333334,-0.5683849408116926,-0.04999999999999982,-1.5,-1.5,11.11111111111111,11.11111111111111
67,1.6,False,0,0.8562499999999706,True,11.644444444444439,0.2226413703957748,1.2266666666662447,-1.2909409886389962,-1.879999999999999,0.0,0.0,11.11111111111111,11.11111111111111,19.444444444444443,55.652794700146586,57.83333333333334,-0.1850788105599137,-0.1599999999999997,-1.6,-1.6,11.11111111111111,11.11111111111111
67,1.7000000000000002,False,0,0.39999999999907576,True,11.644444444444439,-0.0203031415056385,0.21333333333283822,-1.5132668067105368,-1.8300000000000005,0.0,0.0,11.11111111111111,11.11111111111111,19.444444444444443,55.8099982888579,58.66666666666667,0.33431520945147053,-0.09999999999999964,-1.7000000000000002,-1.7000000000000002,11.11111111111111,11.11111111111111
69,0.0,False,0,4.0,False,19.444444444444443,-3.2460127094669984,-4.266666666666299,1.9086162592768816,1.6,0.0,0.0,11.11111111111111,11.11111111111111,,,,,,,,,
69,0.1,False,0,4.0,True,17.64444444444444,-3.728836631066474,-4.2666666666670094,0.7081655024408589,0.7100000000000017,-0.1,-0.1,11.11111111111111,11.11111111111111,17.64444444444444,44.410629111389724,42.70666666666763,-0.28359119313819914,-0.00999999999999579,-0.1,-0.1,11.11111111111111,11.11111111111111
69,0.2,True,2,0.0,True,13.444444444444438,-3.3124987825207084,-4.193333333333231,-0.9204845748142657,-0.47999999999999554,-0.2,-0.2,11.11111111111111,11.11111111111111,17.044444444444437,2.6904188233051913,2.279999999999757,0.5378052352735616,-0.019999999999997353,-0.2,-0.2,11.11111111111111,11.11111111111111
69,0.30000000000000004,True,2,0.0,True,11.644444444444439,-1.8594992540882798,-4.29333333333243,-1.8704119628551663,-1.8899999999999975,0.0,0.0,11.11111111111111,11.11111111111111,19.444444444444443,22.156273339353273,23.999999999999996,-0.8119639056711683,-0.020000000000001572,-0.30000000000000004,-0.30000000000000004,11.11111111111111,11.11111111111111
69,0.4,False,0,0.7591549295774265,True,11.644444444444439,-0.17963592327096745,1.339999999999816,-1.2451844948214355,-1.880000000000006,0.0,0.0,11.11111111111111,11.11111111111111,19.444444444444443,35.07318470307449,35.666666666666686,1.2768227139538966,-6.661338147750939e-16,-0.4,-0.4,11.11111111111111,11.11111111111111
69,0.5,True,2,0.0,True,11.644444444444439,-3.6431955881059706,-4.293333333334135,-1.592817334165106,-1.85,0.0,0.0,11.11111111111111,11.11111111111111,19.444444444444443,42.43775249044104,42.33333333333334,-0.32223241696751415,0.0,-0.5,-0.5,11.11111111111111,11.11111111111111
69,0.6000000000000001,True,2,0.0,True,11.644444444444439,0.18536073062410896,-0.35333333333342676,-1.640038706227368,-1.8599999999999959,0.0,0.0,11.11111111111111,11.11111111111111,19.444444444444443,43.25302867165752,46.500000000000014,-0.09778520047274841,-0.019999999999999574,-0.6000000000000001,-0.6000000000000001,11.11111111111111,11.11111111111111
69,0.7000000000000001,True,2,0.0,True,12.244444444444438,-2.397151690983992,-4.246666666666999,-1.6555880159834033,-1.899999999999999,0.0,0.0,11.11111111111111,11.11111111111111,19.444444444444443,47.31826286791197,49.83333333333336,0.6507572614831081,-0.009999999999999343,-0.7000000000000001,-0.7000000000000001,11.11111111111111,11.11111111111111
69,0.8,False,0,0.4227272727272226,True,11.644444444444439,-0.19997443697495765,0.23333333333310424,-1.7416034055318406,-1.8799999999999994,0.0,0.0,11.11111111111111,11.11111111111111,19.444444444444443,50.4390492261206,52.33333333333336,0.69751500248789,-2.220446049250313e-16,-0.8,-0.8,11.11111111111111,11.11111111111111
69,0.9,False,0,0.9547169811320327,True,11.644444444444439,0.16770173238806496,0.7866666666664743,-1.636653828886113,-1.8900000000000028,0.0,0.0,11.11111111111111,11.11111111111111,19.444444444444443,53.96574920630543,54.000000000000014,0.43476504826439566,-0.02000000000000024,-0.9,-0.9,11.11111111111111,11.11111111111111
69,1.0,False,0,0.6548387096773778,True,11.644444444444439,0.21666014322231053,0.9333333333330929,-1.1277008492469482,-1.7999999999999998,0.0,0.0,11.11111111111111,11.11111111111111,19.444444444444443,51.821836032596636,55.666666666666686,0.3913198206981936,0.0,-1.0,-1.0,11.11111111111111,11.11111111111111
69,1.1,False,0,0.6693548387096364,True,11.644444444444439,0.05514179512517803,0.7399999999996796,-0.6945872907617352,-1.8799999999999981,0.0,0.0,11.11111111111111,11.11111111111111,19.444444444444443,55.006938172978025,56.500000000000014,-0.2026882356314501,-0.0499999999999996,-1.1,-1.1,11.11111111111111,11.11111111111111
69,1.2000000000000002,False,0,0.9561797752808752,True,11.644444444444439,-0.07106628207027921,1.5399999999994636,-1.5859886406948704,-1.7999999999999998,0.0,0.0,11.11111111111111,11.11111111111111,19.444444444444443,54.61514941869899,57.33333333333334,-0.604373574617544,-0.07999999999999963,-1.2000000000000002,-1.2000000000000002,11.11111111111111,11.11111111111111
69,1.3,False,0,0.9157303370786264,True,11.644444444444439,0.052196452137491356,1.1266666666666199,-1.6291642473168473,-1.8899999999999997,0.0,0.0,11.11111111111111,11.11111111111111,19.444444444444443,56.74127512386298,58.16666666666667,0.057695155526774844,-0.09000000000000008,-1.3,-1.3,11.11111111111111,11.11111111111111
69,1.4000000000000001,False,0,0.5374999999993251,True,11.644444444444439,0.21883952062817702,0.2866666666663038,-1.0410389560434394,-1.8999999999999986,0.0,0.0,11.11111111111111,11.11111111111111,19.444444444444443,58.206184650912405,59.0,0.016835703052232365,-0.08000000000000007,-1.4000000000000001,-1.4000000000000001,11.11111111111111,11.11111111111111
69,1.5,False,0,0.7576923076922346,True,11.644444444444439,-0.0722862512395066,0.9799999999998592,-1.5144012399791258,-1.7999999999999998,0.0,0.0,11.11111111111111,11.11111111111111,19.444444444444443,58.22200638334965,59.83333333333334,-0.0688035470309496,-0.04999999999999982,-1.5,-1.5,11.11111111111111,11.11111111111111
69,1.6,False,0,0.1999999999993089,True,11.644444444444439,-0.24365544824390195,0.10666666666629698,-1.3924737929985156,-1.879999999999999,0.0,0.0,11.11111111111111,11.11111111111111,19.444444444444443,58.11936406526887,59.83333333333334,-0.6088029825236823,-0.1599999999999997,-1.6,-1.6,11.11111111111111,11.11111111111111
69,1.7000000000000002,False,0,0.48749999999974314,True,11.644444444444439,-0.11879002592503962,0.25999999999986034,-1.8639846188775508,-1.8300000000000005,0.0,0.0,11.11111111111111,11.11111111111111,19.444444444444443,58.419692572294736,60.66666666666667,0.27408006421750963,-0.09999999999999964,-1.7000000000000002,-1.7000000000000002,11.11111111111111,11.11111111111111
71,0.0,False,0,4.0,False,19.444444444444443,-1.7384609579433912,-4.000000000000386,1.3529890122082149,1.6,0.0,0.0,11.11111111111111,11.11111111111111,,,,,,,,,
71,0.1,False,0,4.0,True,19.444444444444443,-3.0219494041992503,-4.000000000000386,0.5893107715266788,0.7000000000000015,-0.1,-0.1,11.11111111111111,11.11111111111111,19.444444444444443,59.353837175092096,54.566666666668155,1.2064132466056847,-0.00999999999999579,-0.1,-0.1,11.11111111111111,11.11111111111111
71,0.2,True,2,0.0,True,12.844444444444438,-2.15908211763018,-4.2599999999999225,-0.6020949207001487,-0.6199999999999952,-0.2,-0.2,11.11111111111111,11.11111111111111,17.64444444444444,2.31387269278373,4.039999999999748,1.1038465885027837,-0.019999999999997353,-0.2,-0.2,11.11111111111111,11.11111111111111
71,0.30000000000000004,True,2,0.0,True,11.644444444444439,-4.0545196773965015,-4.286666666667304,-1.4187032441273406,-1.8899999999999975,0.0,0.0,11.11111111111111,11.11111111111111,19.444444444444443,24.86362432620953,25.999999999999996,-0.08798801599021666,-0.020000000000001572,-0.30000000000000004,-0.30000000000000004,11.11111111111111,11.11111111111111
71,0.4,False,0,0.5584905660376666,True,11.644444444444439,-0.035593218899481194,1.0533333333331258,-1.0528729126720116,-1.880000000000006,0.0,0.0,11.11111111111111,11.11111111111111,19.444444444444443,36.803236994549906,37.666666666666686,-0.3076426512744388,-6.661338147750939e-16,-0.4,-0.4,11.11111111111111,11.11111111111111
71,0.5,False,0,0.6483870967741372,True,11.644444444444439,0.1894342243327971,1.3466666666664482,-1.0875012560483914,-1.85,0.0,0.0,11.11111111111111,11.11111111111111,19.444444444444443,42.4024294981233,44.33333333333334,-1.0650606356783494,0.0,-0.5,-0.5,11.11111111111111,11.11111111111111
71,0.6000000000000001,False,0,0.8249999999999564,True,11.644444444444439,-0.24980159044544603,0.9199999999996296,-1.4242289192314654,-1.8599999999999959,0.0,0.0,11.11111111111111,11.11111111111111,19.444444444444443,46.83442653398964,48.500000000000014,-0.6114183000070708,-0.019999999999999574,-0.6000000000000001,-0.6000000000000001,11.11111111111111,11.11111111111111
71,0.7000000000000001,False,0,0.6076923076922229,True,11.644444444444439,-0.1573272306828981,0.6599999999998376,-0.7164319566574546,-1.899999999999999,0.0,0.0,11.11111111111111,11.11111111111111,19.444444444444443,50.83265671432582,51.83333333333336,0.4853199387824483,-0.009999999999999343,-0.7000000000000001,-0.7000000000000001,11.11111111111111,11.11111111111111
71,0.8,False,0,0.8249999999999564,True,11.644444444444439,-0.22224261640279774,1.6799999999997342,-0.7244848583945978,-1.8799999999999994,0.0,0.0,11.11111111111111,11.11111111111111,19.444444444444443,53.81566580571163,54.33333333333336,0.273124624755841,-2.220446049250313e-16,-0.8,-0.8,11.11111111111111,11.11111111111111
71,0.9,False,0,0.5874999999992802,True,11.644444444444439,0.168358783142037,0.3133333333329462,-1.692795674000703,-1.8900000000000028,0.0,0.0,11.11111111111111,11.11111111111111,19.444444444444443,52.45715441151289,56.000000000000014,0.32799113094324994,-0.02000000000000024,-0.9,-0.9,11.11111111111111,11.11111111111111
71,1.0,False,0,0.9516129032257568,True,11.644444444444439,0.08842482411712371,2.026666666666512,-1.6773130918237245,-1.7999999999999998,0.0,0.0,11.11111111111111,11.11111111111111,19.444444444444443,57.30592977425766,57.666666666666686,-0.24908379969143857,0.0,-1.0,-1.0,11.11111111111111,11.11111111111111
71,1.1,False,0,0.9204545454544893,True,11.644444444444439,0.0322204588626791,0.993333333333152,-1.6515947103154371,-1.8799999999999981,0.0,0.0,11.11111111111111,11.11111111111111,19.444444444444443,53.624758186760005,58.500000000000014,0.8017668713562793,-0.0499999999999996,-1.1,-1.1,11.11111111111111,11.11111111111111
71,1.2000000000000002,False,0,0.7181818181817519,True,11.644444444444439,0.14488528545019808,1.0266666666664834,-1.3553936171455574,-1.7999999999999998,0.0,0.0,11.11111111111111,11.11111111111111,19.444444444444443,57.71917639190595,59.33333333333334,0.02264317287729556,-0.07999999999999963,-1.2000000000000002,-1.2000000000000002,11.11111111111111,11.11111111111111
71,1.3,False,0,0.8249999999999564,True,11.644444444444439,-0.20308363745094749,1.0799999999996261,-1.7654189302704009,-1.8899999999999997,0.0,0.0,11.11111111111111,11.11111111111111,19.444444444444443,61.07026629311753,60.16666666666667,0.6986930878306552,-0.09000000000000008,-1.3,-1.3,11.11111111111111,11.11111111111111
71,1.4000000000000001,False,0,0.8249999999999564,True,11.644444444444439,0.2237284395995518,1.6666666666665266,-1.7635890647480066,-1.8999999999999986,0.0,0.0,11.11111111111111,11.11111111111111,19.444444444444443,56.52236186263954,61.0,0.6490001005321,-0.08000000000000007,-1.4000000000000001,-1.4000000000000001,11.11111111111111,11.11111111111111
71,1.5,False,0,0.8249999999999564,True,11.644444444444439,-0.1746270500277829,1.0933333333332316,-1.7411852510914676,-1.7999999999999998,0.0,0.0,11.11111111111111,11.11111111111111,19.444444444444443,59.43831647191472,61.83333333333334,-0.6606348590151949,-0.04999999999999982,-1.5,-1.5,11.11111111111111,11.11111111111111
71,1.6,False,0,0.9176470588234871,True,11.644444444444439,0.13797335685584944,0.9866666666666051,-1.5142533543866952,-1.879999999999999,0.0,0.0,11.11111111111111,11.11111111111111,19.444444444444443,59.19308542676228,61.83333333333334,-0.17944061469502937,-0.1599999999999997,-1.6,-1.6,11.11111111111111,11.11111111111111
71,1.7000000000000002,True,2,0.0,True,11.644444444444439,-0.008977992054741257,-0.7266666666669606,-1.4140367230497504,-1.8300000000000005,0.0,0.0,11.11111111111111,11.11111111111111,19.444444444444443,55.9897620363987,62.66666666666667,0.9668198459110422,-0.09999999999999964,-1.7000000000000002,-1.7000000000000002,11.11111111111111,11.11111111111111
73,0.0,False,0,4.0,False,19.444444444444443,-3.5841739940596993,-4.099999999999556,2.567446882084964,1.6,0.0,0.0,11.11111111111111,11.11111111111111,,,,,,,,,
73,0.1,False,0,4.0,True,18.24444444444444,-3.0389542743239017,-4.080000000000427,1.0267839897598816,0.6700000000000017,-0.1,-0.1,11.11111111111111,11.11111111111111,18.24444444444444,46.61247293803957,43.98666666666783,1.1456820811497805,-0.00999999999999579,-0.1,-0.1,11.11111111111111,11.11111111111111
73,0.2,True,2,0.0,True,11.644444444444439,-2.1605046343981824,-4.293333333334192,-1.8387795203645603,-1.8999999999999955,0.0,0.0,11.11111111111111,11.11111111111111,18.24444444444444,4.360997057490562,5.679999999999734,0.38758548834468654,-0.019999999999997353,-0.2,-0.2,11.11111111111111,11.11111111111111
73,0.30000000000000004,False,0,0.5628571428570516,True,11.644444444444439,-0.18851955292196276,0.6466666666664027,-1.565641362274121,-1.4000000000000048,-0.30000000000000004,-0.30000000000000004,11.11111111111111,11.11111111111111,19.444444444444443,25.39297693010843,27.999999999999996,-0.007089019666385088,-0.020000000000001572,-0.30000000000000004,-0.30000000000000004,11.11111111111111,11.11111111111111
73,0.4,False,0,0.5885714285713384,True,11.644444444444439,0.16374387178303795,0.33333333333298487,-1.6963238514487906,-1.880000000000006,0.0,0.0,11.11111111111111,11.11111111111111,19.444444444444443,38.358102709447465,39.666666666666686,0.5389743547692514,-6.661338147750939e-16,-0.4,-0.4,11.11111111111111,11.11111111111111
73,0.5,False,0,0.5999999999999395,True,11.644444444444439,0.1712724001904009,1.1466666666664311,-1.1886695807833219,-1.85,0.0,0.0,11.11111111111111,11.11111111111111,19.444444444444443,44.273262054934264,46.33333333333334,0.3098521735636135,0.0,-0.5,-0.5,11.11111111111111,11.11111111111111
73,0.6000000000000001,True,2,0.0,True,11.644444444444439,-1.5962789738953118,-4.28666666666594,-1.8039343729388921,-1.8599999999999959,0.0,0.0,11.11111111111111,11.11111111111111,19.444444444444443,45.5628497427853,50.500000000000014,0.2605147865297339,-0.019999999999999574,-0.6000000000000001,-0.6000000000000001,11.11111111111111,11.11111111111111
73,0.7000000000000001,False,0,0.12499999999926975,True,11.644444444444439,0.169729482268008,0.06666666666627652,-0.6640876682545052,-1.899999999999999,0.0,0.0,11.11111111111111,11.11111111111111,19.444444444444443,52.41113337758057,53.83333333333336,0.3843710669902034,-0.009999999999999343,-0.7000000000000001,-0.7000000000000001,11.11111111111111,11.11111111111111
73,0.8,False,0,0.8306451612902589,True,11.644444444444439,-0.23439228879071816,1.1733333333331588,-1.862837152924958,-1.8799999999999994,0.0,0.0,11.11111111111111,11.11111111111111,19.444444444444443,55.091679471171915,56.33333333333336,-0.07303806173303151,-2.220446049250313e-16,-0.8,-0.8,11.11111111111111,11.11111111111111
73,0.9,False,0,0.7239436619717766,True,11.644444444444439,0.05584385316363427,1.1199999999997035,-1.6471685294680032,-1.8900000000000028,0.0,0.0,11.11111111111111,11.11111111111111,19.444444444444443,57.01915785364794,58.000000000000014,-1.0544429544179665,-0.02000000000000024,-0.9,-0.9,11.11111111111111,11.11111111111111
73,1.0,False,0,0.7239436619717766,True,11.644444444444439,0.17711171290237093,1.0333333333329735,-1.8957071856655845,-1.7999999999999998,0.0,0.0,11.11111111111111,11.11111111111111,19.444444444444443,56.44147201995891,59.666666666666686,0.5616004406731987,0.0,-1.0,-1.0,11.11111111111111,11.11111111111111
73,1.1,False,0,0.516981132075392,True,11.644444444444439,-0.09919882712059103,0.673333333333102,-0.9170079054316163,-1.8799999999999981,0.0,0.0,11.11111111111111,11.11111111111111,19.444444444444443,56.60126026887045,60.500000000000014,0.2095576225048399,-0.0499999999999996,-1.1,-1.1,11.11111111111111,11.11111111111111
73,1.2000000000000002,False,0,0.23749999999938173,True,11.644444444444439,0.0010444804226041882,0.12666666666633564,-1.71301585261044,-1.7999999999999998,0.0,0.0,11.11111111111111,11.11111111111111,19.444444444444443,60.684827873700726,61.33333333333334,0.9602141803345865,-0.07999999999999963,-1.2000000000000002,-1.2000000000000002,11.11111111111111,11.11111111111111
73,1.3,True,2,0.0,True,11.644444444444439,-0.15527381779021976,-0.7733333333339827,-1.3205501120539356,-1.8899999999999997,0.0,0.0,11.11111111111111,11.11111111111111,19.444444444444443,56.2189882148501,62.16666666666667,0.729220968819535,-0.09000000000000008,-1.3,-1.3,11.11111111111111,11.11111111111111
73,1.4000000000000001,False,0,0.7239436619717766,True,11.644444444444439,-0.17258414946867884,0.6133333333330997,-1.5636957011451402,-1.8999999999999986,0.0,0.0,11.11111111111111,11.11111111111111,19.444444444444443,61.074643639591045,63.0,0.5966373041115616,-0.08000000000000007,-1.4000000000000001,-1.4000000000000001,11.11111111111111,11.11111111111111
73,1.5,False,0,0.658064516128974,True,11.644444444444439,0.19778842490624715,1.166666666666413,-1.3105023831823641,-1.7999999999999998,0.0,0.0,11.11111111111111,11.11111111111111,19.444444444444443,63.94042960393051,63.83333333333334,-0.08651448127650374,-0.04999999999999982,-1.5,-1.5,11.11111111111111,11.11111111111111
73,1.6,False,0,0.3624999999991095,True,11.644444444444439,-0.11681911617610563,0.1933333333328564,-1.7679032351277886,-1.879999999999999,0.0,0.0,11.11111111111111,11.11111111111111,19.444444444444443,59.73255139622417,63.83333333333334,-0.2965599354109254,-0.1599999999999997,-1.6,-1.6,11.11111111111111,11.11111111111111
73,1.7000000000000002,False,0,0.7704545454544705,True,11.644444444444439,0.21278167125869363,1.3533333333331088,-1.8711063159137145,-1.8300000000000005,0.0,0.0,11.11111111111111,11.11111111111111,19.444444444444443,62.705904297237225,64.66666666666667,0.921146783540157,-0.09999999999999964,-1.7000000000000002,-1.7000000000000002,11.11111111111111,11.11111111111111
75,0.0,False,0,4.0,True,19.444444444444443,-2.6992768102530986,-4.166666666667129,2.6160893913849077,1.6,0.0,0.0,11.11111111111111,11.11111111111111,,,,,,,,,
75,0.1,False,0,4.0,True,18.24444444444444,-3.5879767896594954,-4.2200000000004705,1.2703338948554208,0.6400000000000019,-0.1,-0.1,11.11111111111111,11.11111111111111,18.24444444444444,41.76976466379763,41.98666666666783,0.767118518210121,-0.00999999999999579,-0.1,-0.1,11.11111111111111,11.11111111111111
75,0.2,True,2,0.0,True,12.244444444444438,3.2176096285130713,-4.26000000000015,-0.6378948661086716,-1.0399999999999938,-0.2,-0.2,11.11111111111111,11.11111111111111,19.444444444444443,3.395446772955819,7.499999999999727,0.39344352306785346,-0.019999999999997353,-0.2,-0.2,11.11111111111111,11.11111111111111
75,0.30000000000000004,False,0,0.5386363636362665,True,11.644444444444439,-0.25586606719848515,0.5799999999996261,-1.1806092251955835,-1.5500000000000052,-0.30000000000000004,-0.30000000000000004,11.11111111111111,11.11111111111111,19.444444444444443,26.19489594657588,29.999999999999996,1.1912731661728126,-0.020000000000001572,-0.30000000000000004,-0.30000000000000004,11.11111111111111,11.11111111111111
75,0.4,False,0,0.9438202247190551,True,11.644444444444439,-0.0331158243594869,1.939999999999725,-1.6379136125013307,-1.880000000000006,0.0,0.0,11.11111111111111,11.11111111111111,19.444444444444443,40.32918586783691,41.666666666666686,0.29628930193457315,-6.661338147750939e-16,-0.4,-0.4,11.11111111111111,11.11111111111111
75,0.5,False,0,0.7937499999999421,True,11.644444444444439,0.01766256964257895,1.666666666666413,-1.816364725082988,-1.85,0.0,0.0,11.11111111111111,11.11111111111111,19.444444444444443,47.81003528984573,48.33333333333334,0.3977051928416624,0.0,-0.5,-0.5,11.11111111111111,11.11111111111111
75,0.6000000000000001,True,2,0.0,True,11.644444444444439,0.16301607307307808,-0.18666666666711063,-1.5099496655654043,-1.8599999999999959,0.0,0.0,11.11111111111111,11.11111111111111,19.444444444444443,50.38955868178226,52.500000000000014,-1.1267736405738629,-0.019999999999999574,-0.6000000000000001,-0.6000000000000001,11.11111111111111,11.11111111111111
75,0.7000000000000001,False,0,0.7471698113206751,True,11.644444444444439,-0.15103256893006556,1.3199999999997205,-1.2218513483188547,-1.899999999999999,0.0,0.0,11.11111111111111,11.11111111111111,19.444444444444443,54.403386442209964,55.83333333333336,-0.03932436334806022,-0.009999999999999343,-0.7000000000000001,-0.7000000000000001,11.11111111111111,11.11111111111111
75,0.8,False,0,0.6080645161289575,True,11.644444444444439,-0.04891936433570532,0.7266666666664436,-1.773284848329089,-1.8799999999999994,0.0,0.0,11.11111111111111,11.11111111111111,19.444444444444443,55.18268668421811,58.33333333333336,0.5878066793894496,-2.220446049250313e-16,-0.8,-0.8,11.11111111111111,11.11111111111111
75,0.9,False,0,0.654285714285601,True,11.644444444444439,-0.18696445219312618,0.6999999999996591,-1.6066459107167457,-1.8900000000000028,0.0,0.0,11.11111111111111,11.11111111111111,19.444444444444443,59.48827642615446,60.000000000000014,0.11259780394313079,-0.02000000000000024,-0.9,-0.9,11.11111111111111,11.11111111111111
75,1.0,True,2,0.0,True,12.244444444444438,-2.7945871433975524,-4.253333333333148,-1.3484665698116434,-1.7999999999999998,0.0,0.0,11.11111111111111,11.11111111111111,19.444444444444443,60.12729543643037,61.666666666666686,-0.6182636690897212,0.0,-1.0,-1.0,11.11111111111111,11.11111111111111
75,1.1,True,2,0.0,True,11.644444444444439,-0.037764948210610605,-0.0066666666671890695,-1.6752688976583938,-1.8799999999999981,0.0,0.0,11.11111111111111,11.11111111111111,19.444444444444443,62.005576554926606,62.500000000000014,1.3063949498511769,-0.0499999999999996,-1.1,-1.1,11.11111111111111,11.11111111111111
75,1.2000000000000002,False,0,0.7937499999999421,True,11.644444444444439,0.12317168968637038,1.806666666666314,-1.0455503373197015,-1.7999999999999998,0.0,0.0,11.11111111111111,11.11111111111111,19.444444444444443,63.90039798866634,63.33333333333334,-0.16830159196416639,-0.07999999999999963,-1.2000000000000002,-1.2000000000000002,11.11111111111111,11.11111111111111
75,1.3,False,0,0.5363636363635413,True,11.644444444444439,-0.014398356402483437,0.5666666666663049,-1.2393601593085188,-1.8899999999999997,0.0,0.0,11.11111111111111,11.11111111111111,19.444444444444443,62.44812541902371,64.16666666666667,0.16677742715576738,-0.09000000000000008,-1.3,-1.3,11.11111111111111,11.11111111111111
75,1.4000000000000001,False,0,0.6590909090908188,True,11.644444444444439,-0.15752904224011655,0.6333333333330531,-1.8775499394079858,-1.8999999999999986,0.0,0.0,11.11111111111111,11.11111111111111,19.444444444444443,64.23835513417907,65.0,-0.13550190938401485,-0.08000000000000007,-1.4000000000000001,-1.4000000000000001,11.11111111111111,11.11111111111111
75,1.5,False,0,0.4384615384613775,True,11.644444444444439,0.06314234689047016,0.2733333333329826,-0.9561190656543272,-1.7999999999999998,0.0,0.0,11.11111111111111,11.11111111111111,19.444444444444443,65.86466946291308,65.83333333333334,0.011740265722165688,-0.04999999999999982,-1.5,-1.5,11.11111111111111,11.11111111111111
75,1.6,False,0,0.7937499999999421,True,11.644444444444439,0.014824175443874488,1.1066666666664107,-1.8538777573238139,-1.879999999999999,0.0,0.0,11.11111111111111,11.11111111111111,19.444444444444443,66.54138958179018,65.83333333333334,-0.8971063749307122,-0.1599999999999997,-1.6,-1.6,11.11111111111111,11.11111111111111
75,1.7000000000000002,False,0,0.18823529411751208,True,11.644444444444439,0.019624822499008765,0.10666666666646751,-1.1176095511345099,-1.8300000000000005,0.0,0.0,11.11111111111111,11.11111111111111,19.444444444444443,65.0930612646675,66.66666666666667,-0.7237670686780042,-0.09999999999999964,-1.7000000000000002,-1.7000000000000002,11.11111111111111,11.11111111111111
77,0.0,False,0,4.0,False,19.444444444444443,1.607152760763495,-3.933333333332814,1.141843124999319,1.6,0.0,0.0,11.11111111111111,11.11111111111111,,,,,,,,,
77,0.1,False,0,4.0,True,18.84444444444444,-1.8776210464015035,-4.293333333332828,1.2290194540839852,0.6200000000000019,-0.1,-0.1,11.11111111111111,11.11111111111111,18.84444444444444,44.94085843432937,44.426666666668,-0.6579812335225714,-0.00999999999999579,-0.1,-0.1,11.11111111111111,11.11111111111111
77,0.2,True,2,0.0,True,13.444444444444438,0.11107262031854948,-4.293333333333652,-0.6655549377168073,-0.5799999999999952,-0.2,-0.2,11.11111111111111,11.11111111111111,19.444444444444443,6.920353667343119,9.499999999999726,0.3041093070939693,-0.019999999999997353,-0.2,-0.2,11.11111111111111,11.11111111111111
77,0.30000000000000004,False,0,0.6887096774192688,True,11.644444444444439,-0.19319092961406437,0.7466666666662833,-1.0884272775721051,-1.6700000000000044,-0.30000000000000004,-0.30000000000000004,11.11111111111111,11.11111111111111,19.444444444444443,32.29486146279751,31.999999999999996,0.15386573252839408,-0.020000000000001572,-0.30000000000000004,-0.30000000000000004,11.11111111111111,11.11111111111111
77,0.4,False,0,0.46590909090897253,True,11.644444444444439,0.10111348305723045,0.3533333333329667,-1.449221725914162,-1.880000000000006,0.0,0.0,11.11111111111111,11.11111111111111,19.444444444444443,40.09979884478889,43.666666666666686,-0.13540165435359164,-6.661338147750939e-16,-0.4,-0.4,11.11111111111111,11.11111111111111
77,0.5,False,0,0.6887096774192688,True,11.644444444444439,-0.2632392402884305,0.8799999999997228,-1.6911346537343597,-1.85,0.0,0.0,11.11111111111111,11.11111111111111,19.444444444444443,47.551686800395075,50.33333333333334,-0.08866225644185999,0.0,-0.5,-0.5,11.11111111111111,11.11111111111111
77,0.6000000000000001,False,0,0.8562499999999387,True,11.644444444444439,0.1790403973492518,1.0799999999997967,-1.4317690572645034,-1.8599999999999959,0.0,0.0,11.11111111111111,11.11111111111111,19.444444444444443,52.28839365677268,54.500000000000014,0.8282027244845729,-0.019999999999999574,-0.6000000000000001,-0.6000000000000001,11.11111111111111,11.11111111111111
77,0.7000000000000001,True,2,0.0,True,11.644444444444439,-0.08976028111560463,-4.293333333333737,-1.0970621699331782,-1.899999999999999,0.0,0.0,11.11111111111111,11.11111111111111,19.444444444444443,53.7746348477896,57.83333333333336,-0.5473993408145394,-0.009999999999999343,-0.7000000000000001,-0.7000000000000001,11.11111111111111,11.11111111111111
77,0.8,False,0,0.6887096774192688,True,11.644444444444439,0.07480411089666195,1.2399999999996512,-1.378564391378627,-1.8799999999999994,0.0,0.0,11.11111111111111,11.11111111111111,19.444444444444443,57.15201584573846,60.33333333333336,1.660363907037389,-2.220446049250313e-16,-0.8,-0.8,11.11111111111111,11.11111111111111
77,0.9,True,2,0.0,True,11.644444444444439,-0.1283097367186654,-0.05333333333361434,-1.3057347651349143,-1.8900000000000028,0.0,0.0,11.11111111111111,11.11111111111111,19.444444444444443,59.4344780084832,62.000000000000014,0.14332619899108678,-0.02000000000000024,-0.9,-0.9,11.11111111111111,11.11111111111111
77,1.0,False,0,0.8774193548386311,True,11.644444444444439,0.03561373727317818,1.426666666666205,-1.637558025552659,-1.7999999999999998,0.0,0.0,11.11111111111111,11.11111111111111,19.444444444444443,60.209648239060286,63.666666666666686,0.22841921632090445,0.0,-1.0,-1.0,11.11111111111111,11.11111111111111
77,1.1,False,0,0.6485714285713083,True,11.644444444444439,0.12327712845010996,0.6399999999995716,-0.3849780608890838,-1.8799999999999981,0.0,0.0,11.11111111111111,11.11111111111111,19.444444444444443,65.04525055626634,64.50000000000001,0.742145969037499,-0.0499999999999996,-1.1,-1.1,11.11111111111111,11.11111111111111
77,1.2000000000000002,False,0,0.7529411764704692,True,11.644444444444439,-0.17617164662262308,0.42666666666640385,-1.4937836062754934,-1.7999999999999998,0.0,0.0,11.11111111111111,11.11111111111111,19.444444444444443,63.52639340292548,65.33333333333334,0.44446849497350227,-0.07999999999999963,-1.2000000000000002,-1.2000000000000002,11.11111111111111,11.11111111111111
77,1.3,False,0,0.6887096774192688,True,11.644444444444439,-0.004445580070284727,0.8866666666663834,-1.8708317899510492,-1.8899999999999997,0.0,0.0,11.11111111111111,11.11111111111111,19.444444444444443,63.49983826363008,66.16666666666667,-0.636212221331462,-0.09000000000000008,-1.3,-1.3,11.11111111111111,11.11111111111111
77,1.4000000000000001,False,0,0.7903225806450792,True,11.644444444444439,-0.2400643217414311,0.6999999999994317,-1.6154244310772436,-1.8999999999999986,0.0,0.0,11.11111111111111,11.11111111111111,19.444444444444443,64.84094698805688,67.0,0.052304936320958006,-0.08000000000000007,-1.4000000000000001,-1.4000000000000001,11.11111111111111,11.11111111111111
77,1.5,False,0,0.7899999999999402,True,11.644444444444439,0.16900187449116988,1.2999999999997671,-1.644123440965353,-1.7999999999999998,0.0,0.0,11.11111111111111,11.11111111111111,19.444444444444443,67.83624893687,67.83333333333334,0.03660676549097097,-0.04999999999999982,-1.5,-1.5,11.11111111111111,11.11111111111111
77,1.6,False,0,0.8562499999999387,True,11.644444444444439,-0.18594439334968893,1.5399999999997478,-1.6933146204360168,-1.879999999999999,0.0,0.0,11.11111111111111,11.11111111111111,19.444444444444443,64.4161935267556,67.83333333333334,0.5555081319534696,-0.1599999999999997,-1.6,-1.6,11.11111111111111,11.11111111111111
77,1.7000000000000002,False,0,0.5176470588233222,True,11.644444444444439,-0.2475218972820583,0.4266666666663754,-1.7142134919906862,-1.8300000000000005,0.0,0.0,11.11111111111111,11.11111111111111,19.444444444444443,65.64377341046992,68.66666666666667,0.6639325323279817,-0.09999999999999964,-1.7000000000000002,-1.7000000000000002,11.11111111111111,11.11111111111111
79,0.0,False,0,4.0,False,19.444444444444443,-3.5841031493858564,-4.266666666666128,1.934009163907478,1.6,0.0,0.0,11.11111111111111,11.11111111111111,,,,,,,,,
79,0.1,False,0,4.0,True,19.444444444444443,-2.6688459225617462,-4.266666666666128,-0.03397158627086627,0.6000000000000019,-0.1,-0.1,11.11111111111111,11.11111111111111,19.444444444444443,49.727683410318335,46.566666666668155,0.11718482399230679,-0.00999999999999579,-0.1,-0.1,11.11111111111111,11.11111111111111
79,0.2,True,2,0.0,True,13.444444444444438,-2.3317342685723075,-4.2533333333330345,-1.7593729975832326,-0.7199999999999949,-0.2,-0.2,11.11111111111111,11.11111111111111,19.444444444444443,11.697492087620514,11.499999999999726,0.05320277258711936,-0.019999999999997353,-0.2,-0.2,11.11111111111111,11.11111111111111
79,0.30000000000000004,False,0,0.8295454545453453,True,11.644444444444439,-0.18316995290728055,1.8599999999997125,-0.6718715428403004,-1.4600000000000048,-0.30000000000000004,-0.30000000000000004,11.11111111111111,11.11111111111111,19.444444444444443,29.770141731176604,34.0,-0.8362357062650911,-0.020000000000001572,-0.30000000000000004,-0.30000000000000004,11.11111111111111,11.11111111111111
79,0.4,False,0,0.9157303370785929,True,11.644444444444439,0.05897833992763157,1.3133333333329462,-0.9101027938346173,-1.880000000000006,0.0,0.0,11.11111111111111,11.11111111111111,19.444444444444443,43.18236285442798,45.666666666666686,-0.7020006798506162,-6.661338147750939e-16,-0.4,-0.4,11.11111111111111,11.11111111111111
79,0.5,True,2,0.0,True,11.644444444444439,-0.16046189137380207,-0.08000000000065466,-0.6028939903470925,-1.85,0.0,0.0,11.11111111111111,11.11111111111111,19.444444444444443,51.51543607436487,52.33333333333334,-0.19366487212928862,0.0,-0.5,-0.5,11.11111111111111,11.11111111111111
79,0.6000000000000001,False,0,0.6693548387095882,True,11.644444444444439,0.010471634497588589,1.0866666666663436,-1.5448776385210143,-1.8599999999999959,0.0,0.0,11.11111111111111,11.11111111111111,19.444444444444443,53.211810014722644,56.500000000000014,1.127212891616932,-0.019999999999999574,-0.6000000000000001,-0.6000000000000001,11.11111111111111,11.11111111111111
79,0.7000000000000001,False,0,0.7591549295773904,True,11.644444444444439,-0.247639337989642,1.1199999999995898,-1.6494881974616882,-1.899999999999999,0.0,0.0,11.11111111111111,11.11111111111111,19.444444444444443,59.56375654602674,59.83333333333336,0.4676479323846694,-0.009999999999999343,-0.7000000000000001,-0.7000000000000001,11.11111111111111,11.11111111111111
79,0.8,True,2,0.0,True,11.644444444444439,-0.12026484151563732,-0.7666666666674358,-1.632127892067073,-1.8799999999999994,0.0,0.0,11.11111111111111,11.11111111111111,19.444444444444443,61.67488847469487,62.33333333333336,-0.4456269086096327,-2.220446049250313e-16,-0.8,-0.8,11.11111111111111,11.11111111111111
79,0.9,False,0,0.7845070422534478,True,11.644444444444439,-0.19758917759084493,0.9933333333328109,-1.8296372945112336,-1.8900000000000028,0.0,0.0,11.11111111111111,11.11111111111111,19.444444444444443,61.33015147896867,64.00000000000001,1.7747973633500522,-0.02000000000000024,-0.9,-0.9,11.11111111111111,11.11111111111111
79,1.0,False,0,0.48749999999899707,True,11.644444444444439,0.14482288185952275,0.25999999999946244,-1.347997168974663,-1.7999999999999998,0.0,0.0,11.11111111111111,11.11111111111111,19.444444444444443,65.94160840165576,65.66666666666669,-0.21585811241355035,0.0,-1.0,-1.0,11.11111111111111,11.11111111111111
79,1.1,False,0,0.796153846153689,True,11.644444444444439,0.1318590521097578,0.5666666666662481,-1.4942535804839097,-1.8799999999999981,0.0,0.0,11.11111111111111,11.11111111111111,19.444444444444443,63.501826704315874,66.50000000000001,0.3981436200228283,-0.0499999999999996,-1.1,-1.1,11.11111111111111,11.11111111111111
79,1.2000000000000002,False,0,0.5249999999993896,True,11.644444444444439,-0.08328300876560757,0.2799999999996716,-1.2421039712066912,-1.7999999999999998,0.0,0.0,11.11111111111111,11.11111111111111,19.444444444444443,67.086963725346,67.33333333333334,0.060543438568251506,-0.07999999999999963,-1.2000000000000002,-1.2000000000000002,11.11111111111111,11.11111111111111
79,1.3,False,0,0.7591549295773904,True,11.644444444444439,-0.029521685013537358,1.4733333333329144,-1.1065288654280199,-1.8899999999999997,0.0,0.0,11.11111111111111,11.11111111111111,19.444444444444443,63.55011714983557,68.16666666666667,0.09054183738852295,-0.09000000000000008,-1.3,-1.3,11.11111111111111,11.11111111111111
79,1.4000000000000001,False,0,0.8709677419353974,True,11.644444444444439,-0.12071589462145749,1.0666666666663618,-1.6252226621408274,-1.8999999999999986,0.0,0.0,11.11111111111111,11.11111111111111,19.444444444444443,67.74616543800767,69.0,-0.7596396794963467,-0.08000000000000007,-1.4000000000000001,-1.4000000000000001,11.11111111111111,11.11111111111111
79,1.5,True,2,0.0,True,11.644444444444439,-4.07949591749325,-4.299999999999261,-1.8160014839006342,-1.7999999999999998,0.0,0.0,11.11111111111111,11.11111111111111,19.444444444444443,69.61111629225456,69.83333333333334,-0.09909674332022211,-0.04999999999999982,-1.5,-1.5,11.11111111111111,11.11111111111111
79,1.6,False,0,0.9157303370785929,True,11.644444444444439,-0.2440389473529363,1.7533333333330008,-1.7163651207655974,-1.879999999999999,0.0,0.0,11.11111111111111,11.11111111111111,19.444444444444443,63.81765789445397,69.83333333333334,1.7743412606759708,-0.1599999999999997,-1.6,-1.6,11.11111111111111,11.11111111111111
79,1.7000000000000002,False,0,0.28076923076904864,True,11.644444444444439,-0.16741029297417054,0.266666666666322,-0.9888471186762686,-1.8300000000000005,0.0,0.0,11.11111111111111,11.11111111111111,19.444444444444443,66.60108305633814,70.66666666666667,0.19944925184290252,-0.09999999999999964,-1.7000000000000002,-1.7000000000000002,11.11111111111111,11.11111111111111
81,0.0,False,0,4.0,False,19.444444444444443,-4.228085443356821,-4.000000000000557,2.0029773692222945,1.6,0.0,0.0,11.11111111111111,11.11111111111111,,,,,,,,,
81,0.1,False,0,4.0,True,19.444444444444443,-1.935177034271578,-4.000000000000557,0.79782689147999,0.5800000000000023,-0.1,-0.1,11.11111111111111,11.11111111111111,19.444444444444443,44.79098617323616,44.566666666668155,-0.7072497023342894,-0.00999999999999579,-0.1,-0.1,11.11111111111111,11.11111111111111
81,0.2,True,2,0.0,True,11.644444444444439,-2.7324135812969415,-4.280000000000245,-1.3788193026659,-1.8999999999999955,0.0,0.0,11.11111111111111,11.11111111111111,19.444444444444443,13.651378044526108,13.499999999999726,-0.8976552053838032,-0.019999999999997353,-0.2,-0.2,11.11111111111111,11.11111111111111
81,0.30000000000000004,True,2,0.0,True,11.644444444444439,0.011589993306114543,-0.8933333333339588,-1.659756759681915,-1.8899999999999975,0.0,0.0,11.11111111111111,11.11111111111111,19.444444444444443,31.38821634763627,36.0,1.2003636932028954,-0.020000000000001572,-0.30000000000000004,-0.30000000000000004,11.11111111111111,11.11111111111111
81,0.4,False,0,0.8225806451611928,True,11.644444444444439,0.05059418322370579,1.3933333333329303,-1.7557085538891186,-1.880000000000006,0.0,0.0,11.11111111111111,11.11111111111111,19.444444444444443,47.776752820243445,47.666666666666686,-1.233333649050168,-6.661338147750939e-16,-0.4,-0.4,11.11111111111111,11.11111111111111
81,0.5,False,0,0.024999999999146517,True,11.644444444444439,-0.19803614155226779,0.013333333332878006,-1.7440934249713245,-1.85,0.0,0.0,11.11111111111111,11.11111111111111,19.444444444444443,53.31025168197466,54.33333333333334,-0.2985157313821203,0.0,-0.5,-0.5,11.11111111111111,11.11111111111111
81,0.6000000000000001,False,0,0.2624999999989329,True,11.644444444444439,0.1086854918157032,0.13999999999942947,-1.227991487122155,-1.8599999999999959,0.0,0.0,11.11111111111111,11.11111111111111,19.444444444444443,56.463364214394815,58.500000000000014,-0.10236859120766817,-0.019999999999999574,-0.6000000000000001,-0.6000000000000001,11.11111111111111,11.11111111111111
81,0.7000000000000001,True,2,0.0,True,11.644444444444439,-0.1126155114218248,-0.22000000000032838,-1.8855156012319,-1.899999999999999,0.0,0.0,11.11111111111111,11.11111111111111,19.444444444444443,60.01898217739709,61.83333333333336,0.8729748289677697,-0.009999999999999343,-0.7000000000000001,-0.7000000000000001,11.11111111111111,11.11111111111111
81,0.8,True,2,0.0,True,11.644444444444439,-0.1542787638980938,-0.5133333333339349,-1.403921856447392,-1.8799999999999994,0.0,0.0,11.11111111111111,11.11111111111111,19.444444444444443,64.60253536378562,64.33333333333336,-0.06481712875897472,-2.220446049250313e-16,-0.8,-0.8,11.11111111111111,11.11111111111111
81,0.9,True,2,0.0,True,12.244444444444438,-0.29408290687628647,-4.273333333333244,-1.7243635574262264,-1.8900000000000028,0.0,0.0,11.11111111111111,11.11111111111111,19.444444444444443,64.59881085662313,66.00000000000001,-0.10106136905525553,-0.02000000000000024,-0.9,-0.9,11.11111111111111,11.11111111111111
81,1.0,False,0,0.648387096774089,True,11.644444444444439,-0.036204186112615666,1.4066666666662515,-1.7168485170126122,-1.7999999999999998,0.0,0.0,11.11111111111111,11.11111111111111,19.444444444444443,67.52211902452173,67.66666666666669,-0.4487501796916953,0.0,-1.0,-1.0,11.11111111111111,11.11111111111111
81,1.1,False,0,0.9719101123594839,True,11.644444444444439,0.18399937888609674,0.9733333333329428,-1.7810031142212395,-1.8799999999999981,0.0,0.0,11.11111111111111,11.11111111111111,19.444444444444443,65.32678257807156,68.50000000000001,0.8058855253688857,-0.0499999999999996,-1.1,-1.1,11.11111111111111,11.11111111111111
81,1.2000000000000002,True,2,0.0,True,12.244444444444438,-1.4309820762185153,-4.259999999999866,-1.3762823728026408,-1.7999999999999998,0.0,0.0,11.11111111111111,11.11111111111111,19.444444444444443,69.37818988454863,69.33333333333334,-1.2852925019587516,-0.07999999999999963,-1.2000000000000002,-1.2000000000000002,11.11111111111111,11.11111111111111
81,1.3,True,2,0.0,True,12.244444444444438,-0.6959399185759763,-4.280000000000132,-1.6982868382799001,-1.8899999999999997,0.0,0.0,11.11111111111111,11.11111111111111,19.444444444444443,68.70313863751207,70.16666666666667,0.2221013706541788,-0.09000000000000008,-1.3,-1.3,11.11111111111111,11.11111111111111
81,1.4000000000000001,False,0,0.7568181818180514,True,11.644444444444439,-0.23520049348012417,1.3666666666662879,-1.891001793783493,-1.8999999999999986,0.0,0.0,11.11111111111111,11.11111111111111,19.444444444444443,70.12883170622041,71.0,-0.20284202435984144,-0.08000000000000007,-1.4000000000000001,-1.4000000000000001,11.11111111111111,11.11111111111111
81,1.5,False,0,0.8249999999999245,True,11.644444444444439,-0.08973989172450825,1.3266666666663527,-1.6740758081088631,-1.7999999999999998,0.0,0.0,11.11111111111111,11.11111111111111,19.444444444444443,71.13191827241586,71.83333333333334,-0.2771207614581892,-0.04999999999999982,-1.5,-1.5,11.11111111111111,11.11111111111111
81,1.6,False,0,0.648387096774089,True,11.644444444444439,0.07840359913084871,0.5266666666661708,-1.0463498482251992,-1.879999999999999,0.0,0.0,11.11111111111111,11.11111111111111,19.444444444444443,71.73542181859028,71.83333333333334,-0.5285115568667083,-0.1599999999999997,-1.6,-1.6,11.11111111111111,11.11111111111111
81,1.7000000000000002,False,0,0.43749999999914857,True,11.644444444444439,0.09994652739761722,0.23333333333287687,-1.868966189370688,-1.8300000000000005,0.0,0.0,11.11111111111111,11.11111111111111,19.444444444444443,70.69824375293943,72.66666666666667,0.29814317641649124,-0.09999999999999964,-1.7000000000000002,-1.7000000000000002,11.11111111111111,11.11111111111111
83,0.0,False,0,4.0,False,19.444444444444443,-1.4367165119597187,-4.099999999999386,1.5022475164579339,1.6,0.0,0.0,11.11111111111111,11.11111111111111,,,,,,,,,
83,0.1,False,0,4.0,True,15.244444444444436,-4.181956802673869,-4.193333333332805,0.9722673765896745,0.5000000000000022,-0.1,-0.1,11.11111111111111,11.11111111111111,15.244444444444436,17.61952408056869,16.88666666666718,-1.7420107091769559,-0.00999999999999579,-0.1,-0.1,11.11111111111111,11.11111111111111
83,0.2,True,2,0.0,True,11.644444444444439,-0.10732950620375714,-0.16666666666701513,-0.7874296847772042,-0.7199999999999949,-0.2,-0.2,11.11111111111111,11.11111111111111,19.444444444444443,11.92099749862437,15.499999999999726,0.07810806011078286,-0.019999999999997353,-0.2,-0.2,11.11111111111111,11.11111111111111
83,0.30000000000000004,False,0,0.7239436619717405,True,11.644444444444439,-0.11545836369443219,1.0333333333327461,-1.5017558327625204,-1.8800000000000026,-0.30000000000000004,-0.30000000000000004,11.11111111111111,11.11111111111111,19.444444444444443,36.08470821452468,38.0,0.05233150031287259,-0.020000000000001572,-0.30000000000000004,-0.30000000000000004,11.11111111111111,11.11111111111111
83,0.4,True,2,0.0,True,11.644444444444439,-0.10493995395542566,-0.03333333333400201,-0.38772847128037946,-1.880000000000006,0.0,0.0,11.11111111111111,11.11111111111111,19.444444444444443,45.59479237936989,49.666666666666686,0.1745344959506503,-6.661338147750939e-16,-0.4,-0.4,11.11111111111111,11.11111111111111
83,0.5,True,2,0.0,True,11.644444444444439,0.033502341780018874,-0.18000000000036476,-0.9352427430809289,-1.85,0.0,0.0,11.11111111111111,11.11111111111111,19.444444444444443,52.98108792873204,56.33333333333334,0.11495290951513226,0.0,-0.5,-0.5,11.11111111111111,11.11111111111111
83,0.6000000000000001,True,2,0.0,True,11.644444444444439,-0.14228034551472302,-0.1866666666672243,-1.3969754821305311,-1.8599999999999959,0.0,0.0,11.11111111111111,11.11111111111111,19.444444444444443,59.01581303952139,60.500000000000014,0.6702347583553587,-0.019999999999999574,-0.6000000000000001,-0.6000000000000001,11.11111111111111,11.11111111111111
83,0.7000000000000001,True,2,0.0,True,11.644444444444439,1.711565979309296,-4.27999999999962,-1.5619664472230201,-1.899999999999999,0.0,0.0,11.11111111111111,11.11111111111111,19.444444444444443,63.596076114393554,63.83333333333336,1.3845085187471518,-0.009999999999999343,-0.7000000000000001,-0.7000000000000001,11.11111111111111,11.11111111111111
83,0.8,False,0,0.7239436619717405,True,11.644444444444439,0.17628486412111233,0.8266666666663527,-1.0156515901735799,-1.8799999999999994,0.0,0.0,11.11111111111111,11.11111111111111,19.444444444444443,65.4212584522655,66.33333333333336,-1.0323482186366535,-2.220446049250313e-16,-0.8,-0.8,11.11111111111111,11.11111111111111
83,0.9,False,0,0.8384615384613431,True,11.644444444444439,-0.10561512950436036,1.179999999999592,-1.269236724051893,-1.8900000000000028,0.0,0.0,11.11111111111111,11.11111111111111,19.444444444444443,64.55220077356692,68.00000000000001,0.2694458346136366,-0.02000000000000024,-0.9,-0.9,11.11111111111111,11.11111111111111
83,1.0,False,0,0.8874999999999209,True,11.644444444444439,0.16615853212114207,1.5933333333329474,-1.184794995448569,-1.7999999999999998,0.0,0.0,11.11111111111111,11.11111111111111,19.444444444444443,67.76754075708637,69.66666666666669,-0.6132599802713647,0.0,-1.0,-1.0,11.11111111111111,11.11111111111111
83,1.1,False,0,0.7142857142855344,True,11.644444444444439,0.061676006334562494,1.099999999999608,-1.0947238017377638,-1.8799999999999981,0.0,0.0,11.11111111111111,11.11111111111111,19.444444444444443,67.59971130812684,70.50000000000001,-0.22333167811011423,-0.0499999999999996,-1.1,-1.1,11.11111111111111,11.11111111111111
83,1.2000000000000002,False,0,0.7239436619717405,True,11.644444444444439,-0.17130784881907157,1.119999999999533,-1.4069290597018584,-1.7999999999999998,0.0,0.0,11.11111111111111,11.11111111111111,19.444444444444443,69.15543064875447,71.33333333333334,0.36875302231833773,-0.07999999999999963,-1.2000000000000002,-1.2000000000000002,11.11111111111111,11.11111111111111
83,1.3,False,0,0.7306451612902191,True,11.644444444444439,-0.09684523811781087,0.8133333333328041,-1.5014151025581166,-1.8899999999999997,0.0,0.0,11.11111111111111,11.11111111111111,19.444444444444443,67.80577684868628,72.16666666666667,1.1141857187933684,-0.09000000000000008,-1.3,-1.3,11.11111111111111,11.11111111111111
83,1.4000000000000001,True,2,0.0,True,11.644444444444439,-0.14230612393557163,-0.7800000000005296,-1.6720006341270734,-1.8999999999999986,0.0,0.0,11.11111111111111,11.11111111111111,19.444444444444443,73.0335042751809,73.0,-0.35876248049834536,-0.08000000000000007,-1.4000000000000001,-1.4000000000000001,11.11111111111111,11.11111111111111
83,1.5,False,0,0.8887096774192522,True,11.644444444444439,-0.2626560712337378,0.6333333333327404,-1.448533215403482,-1.7999999999999998,0.0,0.0,11.11111111111111,11.11111111111111,19.444444444444443,72.08801846398077,73.83333333333334,0.8838567538978177,-0.04999999999999982,-1.5,-1.5,11.11111111111111,11.11111111111111
83,1.6,True,2,0.0,True,11.644444444444439,-3.857374041354535,-4.286666666666451,-1.1337829818083187,-1.879999999999999,0.0,0.0,11.11111111111111,11.11111111111111,19.444444444444443,71.95464455899311,73.83333333333334,0.07327444450475551,-0.1599999999999997,-1.6,-1.6,11.11111111111111,11.11111111111111
83,1.7000000000000002,False,0,0.7746478873238553,True,11.644444444444439,-0.18898410074125405,1.1799999999995636,-1.7919869267798463,-1.8300000000000005,0.0,0.0,11.11111111111111,11.11111111111111,19.444444444444443,72.7027808973653,74.66666666666667,-0.13412891444149766,-0.09999999999999964,-1.7000000000000002,-1.7000000000000002,11.11111111111111,11.11111111111111
85,0.0,False,0,4.0,True,19.444444444444443,-3.724195441037483,-4.166666666667299,0.7454626705930778,1.6,0.0,0.0,11.11111111111111,11.11111111111111,,,,,,,,,
85,0.1,False,0,4.0,True,16.444444444444436,-0.9084731079779145,-4.099999999999386,1.0474887157650827,0.49000000000000243,-0.1,-0.1,11.11111111111111,11.11111111111111,16.444444444444436,24.6300579349848,22.56666666666747,0.4344840686300211,-0.00999999999999579,-0.1,-0.1,11.11111111111111,11.11111111111111
85,0.2,False,0,0.723076923076701,True,11.644444444444439,0.018593286401892506,0.979999999999575,-1.091607866780626,-0.6799999999999948,-0.2,-0.2,11.11111111111111,11.11111111111111,19.444444444444443,16.706101985904734,17.499999999999726,-0.39395696801498237,-0.019999999999997353,-0.2,-0.2,11.11111111111111,11.11111111111111
85,0.30000000000000004,True,2,0.0,True,11.644444444444439,-2.978438414330401,-4.273333333333471,-0.3925600878297657,-1.8899999999999975,0.0,0.0,11.11111111111111,11.11111111111111,19.444444444444443,39.69363331025255,40.0,-0.14472377492061117,-0.020000000000001572,-0.30000000000000004,-0.30000000000000004,11.11111111111111,11.11111111111111
85,0.4,False,0,0.838749999999912,True,11.644444444444439,0.06454814877535586,1.8866666666660992,-1.0009087026286183,-1.880000000000006,0.0,0.0,11.11111111111111,11.11111111111111,19.444444444444443,52.153510006403195,51.666666666666686,0.16974900843044605,-6.661338147750939e-16,-0.4,-0.4,11.11111111111111,11.11111111111111
85,0.5,False,0,0.9258064516127945,True,11.644444444444439,-0.20217569911283118,1.9933333333328394,-1.489153647152398,-1.85,0.0,0.0,11.11111111111111,11.11111111111111,19.444444444444443,57.87482525266711,58.33333333333334,-0.6169180238528076,0.0,-0.5,-0.5,11.11111111111111,11.11111111111111
85,0.6000000000000001,False,0,0.7937499999999101,True,11.644444444444439,0.21142965532474722,0.8333333333328428,-0.514884240857058,-1.8599999999999959,0.0,0.0,11.11111111111111,11.11111111111111,19.444444444444443,60.1645662908077,62.500000000000014,-0.32471288140275556,-0.019999999999999574,-0.6000000000000001,-0.6000000000000001,11.11111111111111,11.11111111111111
85,0.7000000000000001,False,0,0.8150943396225163,True,11.644444444444439,-0.17020539828864667,0.9333333333329792,-1.370238377022973,-1.899999999999999,0.0,0.0,11.11111111111111,11.11111111111111,19.444444444444443,66.10474691076966,65.83333333333336,0.43309121057655986,-0.009999999999999343,-0.7000000000000001,-0.7000000000000001,11.11111111111111,11.11111111111111
85,0.8,False,0,0.9438202247190216,True,11.644444444444439,0.025480599634829737,2.4533333333328473,-1.673232040462572,-1.8799999999999994,0.0,0.0,11.11111111111111,11.11111111111111,19.444444444444443,67.34062617776632,68.33333333333336,1.0908225745209452,-2.220446049250313e-16,-0.8,-0.8,11.11111111111111,11.11111111111111
85,0.9,False,0,0.6080645161289093,True,11.644444444444439,0.0821197841300263,0.8066666666661151,-1.7771308430836854,-1.8900000000000028,0.0,0.0,11.11111111111111,11.11111111111111,19.444444444444443,68.16199897868282,70.00000000000001,0.36362451885582425,-0.02000000000000024,-0.9,-0.9,11.11111111111111,11.11111111111111
85,1.0,True,2,0.0,True,11.644444444444439,-0.05312887360411178,-0.906666666666939,-1.4194119516001922,-1.7999999999999998,0.0,0.0,11.11111111111111,11.11111111111111,19.444444444444443,69.51348786760404,71.66666666666669,0.5921799299912549,0.0,-1.0,-1.0,11.11111111111111,11.11111111111111
85,1.1,False,0,0.6080645161289093,True,11.644444444444439,-0.04379960965379137,1.0066666666662174,-1.1007358113010208,-1.8799999999999981,0.0,0.0,11.11111111111111,11.11111111111111,19.444444444444443,71.95468421625691,72.50000000000001,-0.5019325196288951,-0.0499999999999996,-1.1,-1.1,11.11111111111111,11.11111111111111
85,1.2000000000000002,False,0,0.6999999999997988,True,11.644444444444439,0.16375660822701565,0.8199999999996921,-1.8879158145583625,-1.7999999999999998,0.0,0.0,11.11111111111111,11.11111111111111,19.444444444444443,71.66023798964223,73.33333333333334,0.5623517251363084,-0.07999999999999963,-1.2000000000000002,-1.2000000000000002,11.11111111111111,11.11111111111111
85,1.3,False,0,0.6080645161289093,True,11.644444444444439,0.07952670308993692,0.8399999999995034,-1.1072504908955016,-1.8899999999999997,0.0,0.0,11.11111111111111,11.11111111111111,19.444444444444443,71.77800601944392,74.16666666666667,0.5387207368956921,-0.09000000000000008,-1.3,-1.3,11.11111111111111,11.11111111111111
85,1.4000000000000001,False,0,0.43749999999920186,True,11.644444444444439,0.21835507242296348,0.2333333333329053,-1.557070973096145,-1.8999999999999986,0.0,0.0,11.11111111111111,11.11111111111111,19.444444444444443,70.73326273670634,75.0,1.3808989240368335,-0.08000000000000007,-1.4000000000000001,-1.4000000000000001,11.11111111111111,11.11111111111111
85,1.5,True,2,0.0,True,11.644444444444439,-3.713474994731871,-4.293333333333169,-1.5263622606636182,-1.7999999999999998,0.0,0.0,11.11111111111111,11.11111111111111,19.444444444444443,73.3843855052781,75.83333333333334,0.1997479382404741,-0.04999999999999982,-1.5,-1.5,11.11111111111111,11.11111111111111
85,1.6,False,0,0.7096774193547198,True,11.644444444444439,-0.19955971634739722,0.966666666665998,-1.4537601759023588,-1.879999999999999,0.0,0.0,11.11111111111111,11.11111111111111,19.444444444444443,73.13689942920642,75.83333333333334,0.7988397801187941,-0.1599999999999997,-1.6,-1.6,11.11111111111111,11.11111111111111
85,1.7000000000000002,False,0,0.6080645161289093,True,11.644444444444439,-0.19523147870065127,0.6399999999994295,-1.8154355632596455,-1.8300000000000005,0.0,0.0,11.11111111111111,11.11111111111111,19.444444444444443,74.57364804637514,76.66666666666667,-0.10134070490169678,-0.09999999999999964,-1.7000000000000002,-1.7000000000000002,11.11111111111111,11.11111111111111
87,0.0,False,0,4.0,True,19.444444444444443,-3.4910052119617374,-3.9333333333326435,1.4228367654541012,1.6,0.0,0.0,11.11111111111111,11.11111111111111,,,,,,,,,
87,0.1,False,0,4.0,True,16.444444444444436,-3.09413814653833,-4.053333333333955,0.5153734557925098,0.48000000000000265,-0.1,-0.1,11.11111111111111,11.11111111111111,16.444444444444436,23.823230834186415,21.586666666667508,0.34017977958460754,-0.00999999999999579,-0.1,-0.1,11.11111111111111,11.11111111111111
87,0.2,True,2,0.0,True,13.444444444444438,-2.961348772415948,-4.273333333333755,-1.8125511028482204,-0.8799999999999941,-0.2,-0.2,11.11111111111111,11.11111111111111,19.444444444444443,16.729493019973216,19.499999999999726,-0.33828149071252955,-0.019999999999997353,-0.2,-0.2,11.11111111111111,11.11111111111111
87,0.30000000000000004,False,0,0.6903225806450394,True,11.644444444444439,-0.06610955483849335,0.5999999999993522,-1.8431460806437339,-1.8899999999999975,0.0,0.0,11.11111111111111,11.11111111111111,19.444444444444443,41.60504053438842,42.0,-0.39667822785262885,-0.020000000000001572,-0.30000000000000004,-0.30000000000000004,11.11111111111111,11.11111111111111
87,0.4,False,0,0.7807692307689892,True,11.644444444444439,0.14951950339446984,0.7999999999995682,-1.6025585684255428,-1.880000000000006,0.0,0.0,11.11111111111111,11.11111111111111,19.444444444444443,52.016543637351106,53.666666666666686,0.6446006747812851,-6.661338147750939e-16,-0.4,-0.4,11.11111111111111,11.11111111111111
87,0.5,True,2,0.0,True,11.644444444444439,0.035268118611935684,-0.12000000000047617,-1.7616470049414246,-1.85,0.0,0.0,11.11111111111111,11.11111111111111,19.444444444444443,61.326444773115995,60.33333333333334,-1.1510160488915406,0.0,-0.5,-0.5,11.11111111111111,11.11111111111111
87,0.6000000000000001,True,2,0.0,True,12.844444444444438,-3.822195269740706,-4.293333333333112,-1.537199647793078,-1.8599999999999959,0.0,0.0,11.11111111111111,11.11111111111111,19.444444444444443,61.49942395486039,64.50000000000001,-0.07690759965269889,-0.019999999999999574,-0.6000000000000001,-0.6000000000000001,11.11111111111111,11.11111111111111
87,0.7000000000000001,False,0,0.790322580645038,True,11.644444444444439,-0.19583662211609276,1.4866666666662072,-1.2813711724986723,-1.899999999999999,0.0,0.0,11.11111111111111,11.11111111111111,19.444444444444443,66.02347963834049,67.83333333333336,-0.7400314328175903,-0.009999999999999343,-0.7000000000000001,-0.7000000000000001,11.11111111111111,11.11111111111111
87,0.8,False,0,0.6887096774192275,True,11.644444444444439,0.1533085996572483,1.3399999999995034,-1.566604253107535,-1.8799999999999994,0.0,0.0,11.11111111111111,11.11111111111111,19.444444444444443,64.39646270349496,70.33333333333336,-0.49816813960671213,-2.220446049250313e-16,-0.8,-0.8,11.11111111111111,11.11111111111111
87,0.9,False,0,0.49428571428551465,True,11.644444444444439,0.20844553288305878,0.6999999999995454,-1.4875616266766445,-1.8900000000000028,0.0,0.0,11.11111111111111,11.11111111111111,19.444444444444443,67.72168996620123,72.00000000000001,0.3327645984861234,-0.02000000000000024,-0.9,-0.9,11.11111111111111,11.11111111111111
87,1.0,False,0,0.649999999999821,True,11.644444444444439,-0.11125904627245387,1.1733333333327893,-0.9765792959229229,-1.7999999999999998,0.0,0.0,11.11111111111111,11.11111111111111,19.444444444444443,71.77872590678503,73.66666666666669,0.1141604945456125,0.0,-1.0,-1.0,11.11111111111111,11.11111111111111
87,1.1,False,0,0.6887096774192275,True,11.644444444444439,-0.13699627487700905,0.5199999999993681,-1.3410965001356872,-1.8799999999999981,0.0,0.0,11.11111111111111,11.11111111111111,19.444444444444443,73.74142484941069,74.50000000000001,0.5014905421752931,-0.0499999999999996,-1.1,-1.1,11.11111111111111,11.11111111111111
87,1.2000000000000002,False,0,0.8999999999999172,True,11.644444444444439,0.08988948950685671,1.0333333333327177,-1.8884485258172137,-1.7999999999999998,0.0,0.0,11.11111111111111,11.11111111111111,19.444444444444443,73.78887132900051,75.33333333333334,-0.3968786896741696,-0.07999999999999963,-1.2000000000000002,-1.2000000000000002,11.11111111111111,11.11111111111111
87,1.3,False,0,0.790322580645038,True,11.644444444444439,-0.07416925057136137,1.5866666666662015,-1.2406007336342704,-1.8899999999999997,0.0,0.0,11.11111111111111,11.11111111111111,19.444444444444443,75.20001251247119,76.16666666666667,-0.19618111582201636,-0.09000000000000008,-1.3,-1.3,11.11111111111111,11.11111111111111
87,1.4000000000000001,False,0,0.649999999999821,True,11.644444444444439,0.15274689909473427,1.2799999999994727,-1.525090142754471,-1.8999999999999986,0.0,0.0,11.11111111111111,11.11111111111111,19.444444444444443,74.52725682359184,77.0,0.29793140845222643,-0.08000000000000007,-1.4000000000000001,-1.4000000000000001,11.11111111111111,11.11111111111111
87,1.5,False,0,0.6887096774192275,True,11.644444444444439,0.23315051916254692,1.626666666666165,-1.382639640623334,-1.7999999999999998,0.0,0.0,11.11111111111111,11.11111111111111,19.444444444444443,78.92182664041873,77.83333333333334,-0.7200116690391836,-0.04999999999999982,-1.5,-1.5,11.11111111111111,11.11111111111111
87,1.6,False,0,0.46590909090890475,True,11.644444444444439,0.027230506766596996,0.31333333333271884,-1.7788623635904512,-1.879999999999999,0.0,0.0,11.11111111111111,11.11111111111111,19.444444444444443,76.73812776175791,77.83333333333334,-1.4666077456708733,-0.1599999999999997,-1.6,-1.6,11.11111111111111,11.11111111111111
87,1.7000000000000002,False,0,0.06249999999868647,True,11.644444444444439,0.07288941928974868,0.03333333333263244,-1.2886540205026589,-1.8300000000000005,0.0,0.0,11.11111111111111,11.11111111111111,19.444444444444443,75.1861059264268,78.66666666666667,1.1835816743489,-0.09999999999999964,-1.7000000000000002,-1.7000000000000002,11.11111111111111,11.11111111111111
89,0.0,False,0,4.0,True,19.444444444444443,-1.9133921926173114,-4.266666666665958,1.052678378959361,1.6,0.0,0.0,11.11111111111111,11.11111111111111,,,,,,,,,
89,0.1,False,0,4.0,True,19.444444444444443,-3.0884144034226493,-4.266666666665958,1.3106401954814602,0.48000000000000265,-0.1,-0.1,11.11111111111111,11.11111111111111,19.444444444444443,38.04143899215872,36.566666666668155,-0.6380321402189124,-0.00999999999999579,-0.1,-0.1,11.11111111111111,11.11111111111111
89,0.2,True,2,0.0,True,12.844444444444438,-3.325085144458785,-4.219999999999618,-1.3792141928666202,-1.0399999999999938,-0.2,-0.2,11.11111111111111,11.11111111111111,19.444444444444443,19.018832740542432,21.499999999999726,0.0947449750843794,-0.019999999999997353,-0.2,-0.2,11.11111111111111,11.11111111111111
89,0.30000000000000004,False,0,0.7591549295773484,True,11.644444444444439,-0.08880121130219987,1.5599999999994738,-1.7763824421130348,-1.820000000000003,-0.30000000000000004,-0.30000000000000004,11.11111111111111,11.11111111111111,19.444444444444443,44.19264551312614,44.0,0.26146552394541933,-0.020000000000001572,-0.30000000000000004,-0.30000000000000004,11.11111111111111,11.11111111111111
89,0.4,False,0,0.6548387096772815,True,11.644444444444439,-0.13466702880343728,1.3199999999994647,-1.6929113480133133,-1.880000000000006,0.0,0.0,11.11111111111111,11.11111111111111,19.444444444444443,55.14169514137063,55.666666666666686,-1.1981836562494295,-6.661338147750939e-16,-0.4,-0.4,11.11111111111111,11.11111111111111
89,0.5,False,0,0.8074999999998976,True,11.644444444444439,-0.05698300540318524,1.6933333333327711,-1.6229382789900528,-1.85,0.0,0.0,11.11111111111111,11.11111111111111,19.444444444444443,61.766653024956895,62.33333333333334,0.953085411532776,0.0,-0.5,-0.5,11.11111111111111,11.11111111111111
89,0.6000000000000001,False,0,0.9157303370785593,True,11.644444444444439,0.09938558997729974,2.339999999999475,-1.6572819681732405,-1.8599999999999959,0.0,0.0,11.11111111111111,11.11111111111111,19.444444444444443,66.0014285079145,66.50000000000001,-0.33809912065677716,-0.019999999999999574,-0.6000000000000001,-0.6000000000000001,11.11111111111111,11.11111111111111
89,0.7000000000000001,False,0,0.8272727272725523,True,11.644444444444439,0.07743421344447388,0.7799999999994727,-1.6467156038774808,-1.899999999999999,0.0,0.0,11.11111111111111,11.11111111111111,19.444444444444443,66.69113575118945,69.83333333333336,0.2493808061351026,-0.009999999999999343,-0.7000000000000001,-0.7000000000000001,11.11111111111111,11.11111111111111
89,0.8,False,0,0.9457142857140908,True,11.644444444444439,-0.09757628919654149,1.2066666666661776,-1.3354070780744522,-1.8799999999999994,0.0,0.0,11.11111111111111,11.11111111111111,19.444444444444443,72.9139273344838,72.33333333333336,0.708633989323697,-2.220446049250313e-16,-0.8,-0.8,11.11111111111111,11.11111111111111
89,0.9,False,0,0.8358490566036296,True,11.644444444444439,-0.24340869039356772,1.6866666666661958,-1.2798284470607437,-1.8900000000000028,0.0,0.0,11.11111111111111,11.11111111111111,19.444444444444443,73.30371095573445,74.00000000000001,0.22902640607096592,-0.02000000000000024,-0.9,-0.9,11.11111111111111,11.11111111111111
89,1.0,False,0,0.7274193548385747,True,11.644444444444439,-0.22858964890098132,1.7333333333327916,-1.8834047483320773,-1.7999999999999998,0.0,0.0,11.11111111111111,11.11111111111111,19.444444444444443,74.00518661827925,75.66666666666669,-0.0886828936667865,0.0,-1.0,-1.0,11.11111111111111,11.11111111111111
89,1.1,False,0,0.5285714285711979,True,11.644444444444439,0.02798920673283778,0.40666666666602413,-1.7894649256389143,-1.8799999999999981,0.0,0.0,11.11111111111111,11.11111111111111,19.444444444444443,75.77820204088496,76.50000000000001,0.9345757019926944,-0.0499999999999996,-1.1,-1.1,11.11111111111111,11.11111111111111
89,1.2000000000000002,False,0,0.806818181818006,True,11.644444444444439,-0.022168550809072762,1.346666666666164,-1.7877673188903678,-1.7999999999999998,0.0,0.0,11.11111111111111,11.11111111111111,19.444444444444443,73.65804191697883,77.33333333333334,0.7205835730094026,-0.07999999999999963,-1.2000000000000002,-1.2000000000000002,11.11111111111111,11.11111111111111
89,1.3,False,0,0.7709677419353507,True,11.644444444444439,0.10082464459001717,0.5866666666659741,-1.0688764708170115,-1.8899999999999997,0.0,0.0,11.11111111111111,11.11111111111111,19.444444444444443,77.6026422657736,78.16666666666667,-0.04260538657365687,-0.09000000000000008,-1.3,-1.3,11.11111111111111,11.11111111111111
89,1.4000000000000001,False,0,0.6679245283017343,True,11.644444444444439,-0.04813140479483291,1.2666666666661515,-1.713172488418042,-1.8999999999999986,0.0,0.0,11.11111111111111,11.11111111111111,19.444444444444443,77.59160472856225,79.0,0.08421133476589726,-0.08000000000000007,-1.4000000000000001,-1.4000000000000001,11.11111111111111,11.11111111111111
89,1.5,False,0,0.7591549295773484,True,11.644444444444439,0.1853870116529892,1.4199999999993738,-1.846932851276561,-1.7999999999999998,0.0,0.0,11.11111111111111,11.11111111111111,19.444444444444443,77.58230193790313,79.83333333333334,0.134682350503867,-0.04999999999999982,-1.5,-1.5,11.11111111111111,11.11111111111111
89,1.6,False,0,0.7591549295773484,True,11.644444444444439,-0.02002337992503822,0.8466666666661071,-1.3937254477242835,-1.879999999999999,0.0,0.0,11.11111111111111,11.11111111111111,19.444444444444443,77.28360799254402,79.83333333333334,-0.13827656664071664,-0.1599999999999997,-1.6,-1.6,11.11111111111111,11.11111111111111
89,1.7000000000000002,True,2,0.0,True,11.644444444444439,-4.1723671872662065,-4.2999999999997724,-1.5740404484023458,-1.8300000000000005,0.0,0.0,11.11111111111111,11.11111111111111,19.444444444444443,78.4078438308656,80.66666666666667,-0.23302524935150815,-0.09999999999999964,-1.7000000000000002,-1.7000000000000002,11.11111111111111,11.11111111111111
91,0.0,False,0,4.0,True,19.444444444444443,-3.0647845205164286,-4.000000000000756,0.9228485343743706,1.6,0.0,0.0,11.11111111111111,11.11111111111111,,,,,,,,,
91,0.1,False,0,4.0,True,18.24444444444444,-2.7989931654613995,-4.126666666665915,1.1516399040807723,0.4500000000000024,-0.1,-0.1,11.11111111111111,11.11111111111111,18.24444444444444,31.42651534565074,28.68666666666793,-0.542975242646734,-0.00999999999999579,-0.1,-0.1,11.11111111111111,11.11111111111111
91,0.2,True,2,0.0,True,12.244444444444438,-4.04859084016623,-4.299999999999829,-1.7831185850014535,-1.3999999999999924,-0.2,-0.2,11.11111111111111,11.11111111111111,19.444444444444443,21.33285630622471,23.499999999999726,-0.16325734238596112,-0.019999999999997353,-0.2,-0.2,11.11111111111111,11.11111111111111
91,0.30000000000000004,True,2,0.0,True,12.244444444444438,0.3304574478615452,-4.260000000000093,-1.8218081348018669,-1.8899999999999975,0.0,0.0,11.11111111111111,11.11111111111111,19.444444444444443,43.58189266287266,46.0,-0.011873800611192697,-0.020000000000001572,-0.30000000000000004,-0.30000000000000004,11.11111111111111,11.11111111111111
91,0.4,True,2,0.0,True,11.644444444444439,-3.8791229568582706,-4.2933333333332255,-1.4425824486947594,-1.880000000000006,0.0,0.0,11.11111111111111,11.11111111111111,19.444444444444443,58.04670498283096,57.666666666666686,-0.18789484763358022,-6.661338147750939e-16,-0.4,-0.4,11.11111111111111,11.11111111111111
91,0.5,True,2,0.0,True,11.644444444444439,-0.2541622082775232,-0.7666666666674073,-1.5620561041520202,-1.85,0.0,0.0,11.11111111111111,11.11111111111111,19.444444444444443,63.931182960984245,64.33333333333334,-0.19609995352358123,0.0,-0.5,-0.5,11.11111111111111,11.11111111111111
91,0.6000000000000001,False,0,0.9719101123594551,True,11.644444444444439,0.012264618578012865,1.0333333333326893,-0.7917015338734896,-1.8599999999999959,0.0,0.0,11.11111111111111,11.11111111111111,19.444444444444443,66.41490472781304,68.50000000000001,-0.26842768266564,-0.019999999999999574,-0.6000000000000001,-0.6000000000000001,11.11111111111111,11.11111111111111
91,0.7000000000000001,False,0,0.7846153846151068,True,11.644444444444439,-0.21935370730902815,0.9133333333328553,-1.697931266147537,-1.899999999999999,0.0,0.0,11.11111111111111,11.11111111111111,19.444444444444443,69.24281778323609,71.83333333333336,-0.3465199894794746,-0.009999999999999343,-0.7000000000000001,-0.7000000000000001,11.11111111111111,11.11111111111111
91,0.8,True,2,0.0,True,11.644444444444439,-4.131041686195249,-4.286666666666622,-1.7930984120953357,-1.8799999999999994,0.0,0.0,11.11111111111111,11.11111111111111,19.444444444444443,74.49312582972699,74.33333333333336,0.8408226743172711,-2.220446049250313e-16,-0.8,-0.8,11.11111111111111,11.11111111111111
91,0.9,False,0,0.6773584905658767,True,11.644444444444439,-0.2162955909586115,1.526666666666114,-1.1267140738174497,-1.8900000000000028,0.0,0.0,11.11111111111111,11.11111111111111,19.444444444444443,74.09329929982043,76.00000000000001,-0.40349603049337834,-0.02000000000000024,-0.9,-0.9,11.11111111111111,11.11111111111111
91,1.0,True,2,0.0,True,12.244444444444438,-2.1224512915708145,-4.293333333333282,-1.7273277785588648,-1.7999999999999998,0.0,0.0,11.11111111111111,11.11111111111111,19.444444444444443,77.68628531258078,77.66666666666669,0.5572592231999542,0.0,-1.0,-1.0,11.11111111111111,11.11111111111111
91,1.1,True,2,0.0,True,11.644444444444439,-0.17943587999055222,-0.7466666666674824,-1.6994207827128314,-1.8799999999999981,0.0,0.0,11.11111111111111,11.11111111111111,19.444444444444443,78.9814343002981,78.50000000000001,0.7093289366124349,-0.0499999999999996,-1.1,-1.1,11.11111111111111,11.11111111111111
91,1.2000000000000002,False,0,0.9132075471696535,True,11.644444444444439,0.08192824599360637,0.619999999999135,-1.381877659355185,-1.7999999999999998,0.0,0.0,11.11111111111111,11.11111111111111,19.444444444444443,77.10427550912434,79.33333333333334,-0.04025493637838218,-0.07999999999999963,-1.2000000000000002,-1.2000000000000002,11.11111111111111,11.11111111111111
91,1.3,True,2,0.0,True,11.644444444444439,-3.6697168785123493,-4.293333333333282,-1.5858841575460918,-1.8899999999999997,0.0,0.0,11.11111111111111,11.11111111111111,19.444444444444443,78.43414775203965,80.16666666666667,0.08949500460352522,-0.09000000000000008,-1.3,-1.3,11.11111111111111,11.11111111111111
91,1.4000000000000001,True,2,0.0,True,11.644444444444439,0.02016176862521224,-0.5066666666673028,-1.6487794957669786,-1.8999999999999986,0.0,0.0,11.11111111111111,11.11111111111111,19.444444444444443,80.37055676477733,81.0,0.39825662549330554,-0.08000000000000007,-1.4000000000000001,-1.4000000000000001,11.11111111111111,11.11111111111111
91,1.5,False,0,0.8249999999998925,True,11.644444444444439,0.04874518690088525,1.7866666666661049,-1.7339042077600109,-1.7999999999999998,0.0,0.0,11.11111111111111,11.11111111111111,19.444444444444443,80.72320380623316,81.83333333333334,-0.07575968020624035,-0.04999999999999982,-1.5,-1.5,11.11111111111111,11.11111111111111
91,1.6,True,2,0.0,True,11.644444444444439,0.07719652433813184,-0.19333333333408387,-1.7021576475337536,-1.879999999999999,0.0,0.0,11.11111111111111,11.11111111111111,19.444444444444443,81.16865312467498,81.83333333333334,0.3781791862690498,-0.1599999999999997,-1.6,-1.6,11.11111111111111,11.11111111111111
91,1.7000000000000002,False,0,0.6483870967740478,True,11.644444444444439,0.2562443376640262,0.6199999999993908,-1.8587467546564587,-1.8300000000000005,0.0,0.0,11.11111111111111,11.11111111111111,19.444444444444443,80.63225234879084,82.66666666666667,0.843665212087195,-0.09999999999999964,-1.7000000000000002,-1.7000000000000002,11.11111111111111,11.11111111111111
93,0.0,False,0,4.0,False,19.444444444444443,-1.8687933195155209,-4.099999999999215,2.451100934288132,1.6,0.0,0.0,11.11111111111111,11.11111111111111,,,,,,,,,
93,0.1,False,0,2.9000000000000314,True,15.844444444444436,-3.3424606179056466,-4.2266666666673585,-0.8768105582133818,0.380000000000003,-0.1,-0.1,11.11111111111111,11.11111111111111,15.844444444444436,15.232670807054784,14.086666666667451,0.8901038323602068,-0.00999999999999579,-0.1,-0.1,11.11111111111111,11.11111111111111
93,0.2,False,0,0.8874999999998889,True,11.644444444444439,0.03630970187496718,0.7466666666661128,-1.0985169236724577,-0.9999999999999938,-0.2,-0.2,11.11111111111111,11.11111111111111,19.444444444444443,20.613245829753833,25.499999999999726,0.3180076070362601,-0.019999999999997353,-0.2,-0.2,11.11111111111111,11.11111111111111
93,0.30000000000000004,False,0,0.7068181818179707,True,11.644444444444439,-0.08517797661626769,1.4466666666660446,-1.7831439284373491,-1.8899999999999975,-0.30000000000000004,0.0,11.11111111111111,11.11111111111111,19.444444444444443,43.25796246734541,48.0,0.22971331076027646,-0.020000000000001572,-0.30000000000000004,-0.30000000000000004,11.11111111111111,11.11111111111111
93,0.4,False,0,0.7239436619716986,True,11.644444444444439,-0.16911197287744795,0.7199999999991578,-1.4898262590935099,-1.880000000000006,0.0,0.0,11.11111111111111,11.11111111111111,19.444444444444443,56.74308356300551,59.666666666666686,-0.6330928784547063,-6.661338147750939e-16,-0.4,-0.4,11.11111111111111,11.11111111111111
93,0.5,False,0,0.6290322580643605,True,11.644444444444439,-0.25450380716718524,1.0399999999994067,-1.3140570841456989,-1.85,0.0,0.0,11.11111111111111,11.11111111111111,19.444444444444443,65.08252446443527,66.33333333333334,0.21678235623206676,0.0,-0.5,-0.5,11.11111111111111,11.11111111111111
93,0.6000000000000001,False,0,0.1764705882347936,True,11.644444444444439,-0.044855698525128496,0.14666666666606165,-1.3215737232808356,-1.8599999999999959,0.0,0.0,11.11111111111111,11.11111111111111,19.444444444444443,69.43326018544053,70.50000000000001,-0.8226044505632766,-0.019999999999999574,-0.6000000000000001,-0.6000000000000001,11.11111111111111,11.11111111111111
93,0.7000000000000001,False,0,0.8874999999998889,True,11.644444444444439,0.11828641793088668,1.5999999999994374,-0.7795365396643517,-1.899999999999999,0.0,0.0,11.11111111111111,11.11111111111111,19.444444444444443,71.74998876415562,73.83333333333336,0.671905131566946,-0.009999999999999343,-0.7000000000000001,-0.7000000000000001,11.11111111111111,11.11111111111111
93,0.8,False,0,0.7547169811319085,True,11.644444444444439,-0.04534708686971367,0.7533333333325745,-1.21286006928307,-1.8799999999999994,0.0,0.0,11.11111111111111,11.11111111111111,19.444444444444443,74.93958120460132,76.33333333333336,-0.04964129224652325,-2.220446049250313e-16,-0.8,-0.8,11.11111111111111,11.11111111111111
93,0.9,False,0,0.988749999999893,True,11.644444444444439,-0.07538746751628178,1.7133333333328382,-1.4968933501698678,-1.8900000000000028,0.0,0.0,11.11111111111111,11.11111111111111,19.444444444444443,77.08678297849247,78.00000000000001,0.2209708592563584,-0.02000000000000024,-0.9,-0.9,11.11111111111111,11.11111111111111
93,1.0,False,0,0.5169811320752954,True,11.644444444444439,-0.06218139091065478,0.9599999999993942,-1.4318341375976795,-1.7999999999999998,0.0,0.0,11.11111111111111,11.11111111111111,19.444444444444443,79.82480350392116,79.66666666666669,1.1414976611448142,0.0,-1.0,-1.0,11.11111111111111,11.11111111111111
93,1.1,False,0,0.9760563380280418,True,11.644444444444439,0.18362615028509044,2.346666666666107,-0.8278486368440188,-1.8799999999999981,0.0,0.0,11.11111111111111,11.11111111111111,19.444444444444443,76.6056726242338,80.50000000000001,0.41301080741995655,-0.0499999999999996,-1.1,-1.1,11.11111111111111,11.11111111111111
93,1.2000000000000002,False,0,0.5249999999997893,True,11.644444444444439,0.08679397956684642,0.8533333333327677,-1.3738514777847215,-1.7999999999999998,0.0,0.0,11.11111111111111,11.11111111111111,19.444444444444443,77.91394931914071,81.33333333333334,0.5652381236836459,-0.07999999999999963,-1.2000000000000002,-1.2000000000000002,11.11111111111111,11.11111111111111
93,1.3,True,2,0.0,True,11.644444444444439,-3.2070219820993655,-4.293333333333908,-1.0411859550650973,-1.8899999999999997,0.0,0.0,11.11111111111111,11.11111111111111,19.444444444444443,81.10586452384976,82.16666666666667,-0.8363801726215159,-0.09000000000000008,-1.3,-1.3,11.11111111111111,11.11111111111111
93,1.4000000000000001,False,0,0.7239436619716986,True,11.644444444444439,-0.254911275647987,1.0466666666660958,-1.7617272483073763,-1.8999999999999986,0.0,0.0,11.11111111111111,11.11111111111111,19.444444444444443,81.65480936785315,83.0,-0.19201910527639332,-0.08000000000000007,-1.4000000000000001,-1.4000000000000001,11.11111111111111,11.11111111111111
93,1.5,False,0,0.928089887640346,True,11.644444444444439,-0.14000519595542738,0.7933333333325949,-1.569694296148444,-1.7999999999999998,0.0,0.0,11.11111111111111,11.11111111111111,19.444444444444443,83.42501573939337,83.83333333333334,-0.5183714583332932,-0.04999999999999982,-1.5,-1.5,11.11111111111111,11.11111111111111
93,1.6,False,0,0.6076923076920262,True,11.644444444444439,0.21128159433210403,0.4533333333327336,-1.6290008952081527,-1.879999999999999,0.0,0.0,11.11111111111111,11.11111111111111,19.444444444444443,83.81855794034922,83.83333333333334,0.24750491518653162,-0.1599999999999997,-1.6,-1.6,11.11111111111111,11.11111111111111
93,1.7000000000000002,False,0,0.8306451612901764,True,11.644444444444439,0.09291039726938966,1.0999999999993806,-1.4577206007742902,-1.8300000000000005,0.0,0.0,11.11111111111111,11.11111111111111,19.444444444444443,79.2086449000418,84.66666666666667,0.3195758002246931,-0.09999999999999964,-1.7000000000000002,-1.7000000000000002,11.11111111111111,11.11111111111111
95,0.0,False,0,4.0,True,19.444444444444443,-2.586578806090176,-4.16666666666747,1.5353642449674791,1.6,0.0,0.0,11.11111111111111,11.11111111111111,,,,,,,,,
95,0.1,False,0,2.100000000000035,True,14.644444444444437,-2.553880324221484,-4.173333333334017,0.7824877678713502,0.3300000000000032,-0.1,-0.1,11.11111111111111,11.11111111111111,14.644444444444437,8.13654630596103,7.5866666666672815,0.6514486309362422,-0.00999999999999579,-0.1,-0.1,11.11111111111111,11.11111111111111
95,0.2,False,0,0.27647058823480347,True,11.644444444444439,-0.07991608852403242,0.2599999999994056,-0.5094198881034151,-0.9199999999999942,-0.2,-0.2,11.11111111111111,11.11111111111111,19.444444444444443,25.564058259615575,27.499999999999726,0.658596370727897,-0.019999999999997353,-0.2,-0.2,11.11111111111111,11.11111111111111
95,0.30000000000000004,False,0,0.6806451612901613,True,11.644444444444439,-0.14669374432053228,1.2733333333326131,-1.66076868143876,-1.8899999999999975,0.0,0.0,11.11111111111111,11.11111111111111,19.444444444444443,47.12781065191501,50.0,-0.6607337110895357,-0.020000000000001572,-0.30000000000000004,-0.30000000000000004,11.11111111111111,11.11111111111111
95,0.4,False,0,0.7937499999998782,True,11.644444444444439,0.045605016261288434,1.8599999999992862,-1.50293478405427,-1.880000000000006,0.0,0.0,11.11111111111111,11.11111111111111,19.444444444444443,58.17491026635369,61.666666666666686,-0.848881009057733,-6.661338147750939e-16,-0.4,-0.4,11.11111111111111,11.11111111111111
95,0.5,False,0,0.6538461538458306,True,11.644444444444439,-0.11697457534937694,0.7533333333326881,-1.7429179752487394,-1.85,0.0,0.0,11.11111111111111,11.11111111111111,19.444444444444443,68.76593084014601,68.33333333333334,-1.361894160089597,0.0,-0.5,-0.5,11.11111111111111,11.11111111111111
95,0.6000000000000001,False,0,0.7192307692304195,True,11.644444444444439,-0.07234167091373234,0.8666666666660321,-1.7600887438886654,-1.8599999999999959,0.0,0.0,11.11111111111111,11.11111111111111,19.444444444444443,71.69345265407024,72.50000000000001,0.36579590032029063,-0.019999999999999574,-0.6000000000000001,-0.6000000000000001,11.11111111111111,11.11111111111111
95,0.7000000000000001,False,0,0.1874999999988405,True,11.644444444444439,-0.0658058446464791,0.09999999999938058,-1.3831716442593878,-1.899999999999999,0.0,0.0,11.11111111111111,11.11111111111111,19.444444444444443,76.11043565852133,75.83333333333336,-0.11349163165108944,-0.009999999999999343,-0.7000000000000001,-0.7000000000000001,11.11111111111111,11.11111111111111
95,0.8,False,0,0.7070422535209916,True,11.644444444444439,-0.04757379969994968,1.7133333333327245,-1.5018035338712639,-1.8799999999999994,0.0,0.0,11.11111111111111,11.11111111111111,19.444444444444443,76.49809844240642,78.33333333333336,-0.0532006656567936,-2.220446049250313e-16,-0.8,-0.8,11.11111111111111,11.11111111111111
95,0.9,False,0,0.7937499999998782,True,11.644444444444439,-0.13022760800324118,1.7933333333327086,-1.627302870919162,-1.8900000000000028,0.0,0.0,11.11111111111111,11.11111111111111,19.444444444444443,78.94749644084871,80.00000000000001,-0.3640794126522606,-0.02000000000000024,-0.9,-0.9,11.11111111111111,11.11111111111111
95,1.0,False,0,0.4423076923073311,True,11.644444444444439,0.24296532630419865,0.3799999999993533,-1.5372775638982592,-1.7999999999999998,0.0,0.0,11.11111111111111,11.11111111111111,19.444444444444443,80.37224443333751,81.66666666666669,0.0753408856578699,0.0,-1.0,-1.0,11.11111111111111,11.11111111111111
95,1.1,False,0,0.7937499999998782,True,11.644444444444439,0.03423680622340175,1.7933333333326802,-1.3125445379474265,-1.8799999999999981,0.0,0.0,11.11111111111111,11.11111111111111,19.444444444444443,80.00438765872704,82.50000000000001,0.6056872630106347,-0.0499999999999996,-1.1,-1.1,11.11111111111111,11.11111111111111
95,1.2000000000000002,False,0,0.7937499999998782,True,11.644444444444439,-0.010627910411971975,1.2199999999993567,-1.5383246731272862,-1.7999999999999998,0.0,0.0,11.11111111111111,11.11111111111111,19.444444444444443,82.01960041891536,83.33333333333334,0.6951088572206019,-0.07999999999999963,-1.2000000000000002,-1.2000000000000002,11.11111111111111,11.11111111111111
95,1.3,False,0,0.7937499999998782,True,11.644444444444439,0.019702574679894447,1.786666666666048,-1.8780096591979132,-1.8899999999999997,0.0,0.0,11.11111111111111,11.11111111111111,19.444444444444443,83.94590040182365,84.16666666666667,0.09446028735950951,-0.09000000000000008,-1.3,-1.3,11.11111111111111,11.11111111111111
95,1.4000000000000001,False,0,0.7937499999998782,True,11.644444444444439,0.16483153132405182,1.1199999999993056,-0.8272775467142441,-1.8999999999999986,0.0,0.0,11.11111111111111,11.11111111111111,19.444444444444443,85.47246494452897,85.0,-0.7890514337489651,-0.08000000000000007,-1.4000000000000001,-1.4000000000000001,11.11111111111111,11.11111111111111
95,1.5,False,0,0.6080645161288681,True,11.644444444444439,0.16753956913320867,0.3999999999993351,-1.8261367775101067,-1.7999999999999998,0.0,0.0,11.11111111111111,11.11111111111111,19.444444444444443,85.77011826470441,85.83333333333334,0.3651422682487606,-0.04999999999999982,-1.5,-1.5,11.11111111111111,11.11111111111111
95,1.6,True,2,0.0,True,12.844444444444438,-3.856881400878467,-4.2400000000003955,-1.1125133897665642,-1.879999999999999,0.0,0.0,11.11111111111111,11.11111111111111,19.444444444444443,86.47812031158365,85.83333333333334,0.0386606754725487,-0.1599999999999997,-1.6,-1.6,11.11111111111111,11.11111111111111
95,1.7000000000000002,False,0,0.5999999999997289,True,11.644444444444439,-0.09326493790139789,0.8466666666659934,-1.7714219828480489,-1.8300000000000005,0.0,0.0,11.11111111111111,11.11111111111111,19.444444444444443,85.12111503654394,86.66666666666667,0.5238216988228976,-0.09999999999999964,-1.7000000000000002,-1.7000000000000002,11.11111111111111,11.11111111111111
97,0.0,False,0,4.0,False,19.444444444444443,-2.7990967825229403,-3.933333333332473,2.545156585467439,1.6,0.0,0.0,11.11111111111111,11.11111111111111,,,,,,,,,
97,0.1,False,0,2.8000000000000336,True,16.444444444444436,-3.938874093221602,-4.073333333332516,-0.14640980451665442,0.35000000000000275,-0.1,-0.1,11.11111111111111,11.11111111111111,16.444444444444436,16.059247115034008,15.126666666667642,0.6538831740038167,-0.00999999999999579,-0.1,-0.1,11.11111111111111,11.11111111111111
97,0.2,False,0,0.6887096774191862,True,11.644444444444439,0.20740260497383378,0.42666666666586384,-1.4532315959128965,-1.179999999999993,-0.2,-0.2,11.11111111111111,11.11111111111111,19.444444444444443,29.811924468975956,29.499999999999726,0.12716540936137477,-0.019999999999997353,-0.2,-0.2,11.11111111111111,11.11111111111111
97,0.30000000000000004,True,2,0.0,True,11.644444444444439,-1.382773567223171,-4.293333333333396,-1.7200410950064848,-1.8899999999999975,0.0,0.0,11.11111111111111,11.11111111111111,19.444444444444443,49.42704422075303,52.0,-0.02981904297644422,-0.020000000000001572,-0.30000000000000004,-0.30000000000000004,11.11111111111111,11.11111111111111
97,0.4,False,0,0.8562499999998747,True,11.644444444444439,0.2316299579125145,1.7133333333326677,-1.3886020966602608,-1.880000000000006,0.0,0.0,11.11111111111111,11.11111111111111,19.444444444444443,62.610237131544665,63.666666666666686,0.8690463857935766,-6.661338147750939e-16,-0.4,-0.4,11.11111111111111,11.11111111111111
97,0.5,False,0,0.7113636363634018,True,11.644444444444439,-0.13253177986111364,1.399999999999335,-1.4628443425625068,-1.85,0.0,0.0,11.11111111111111,11.11111111111111,19.444444444444443,67.13635607209977,70.33333333333334,-1.6277383500291551,0.0,-0.5,-0.5,11.11111111111111,11.11111111111111
97,0.6000000000000001,False,0,0.6887096774191862,True,11.644444444444439,-0.002742152100654316,0.8066666666658593,-1.8594369088881435,-1.8599999999999959,0.0,0.0,11.11111111111111,11.11111111111111,19.444444444444443,71.33028409532714,74.50000000000001,0.5824139086195741,-0.019999999999999574,-0.6000000000000001,-0.6000000000000001,11.11111111111111,11.11111111111111
97,0.7000000000000001,True,2,0.0,True,11.644444444444439,1.350780848051909,-4.273333333334551,-1.173718832587954,-1.899999999999999,0.0,0.0,11.11111111111111,11.11111111111111,19.444444444444443,73.60492400519874,77.83333333333336,-0.09886095958421359,-0.009999999999999343,-0.7000000000000001,-0.7000000000000001,11.11111111111111,11.11111111111111
97,0.8,False,0,0.714084507042106,True,11.644444444444439,-0.016628570793773,1.4666666666660264,-1.3515282686461152,-1.8799999999999994,0.0,0.0,11.11111111111111,11.11111111111111,19.444444444444443,80.31785640377568,80.33333333333336,0.6739722666296171,-2.220446049250313e-16,-0.8,-0.8,11.11111111111111,11.11111111111111
97,0.9,False,0,0.7730769230765573,True,11.644444444444439,0.20462753079389717,0.5799999999992567,-1.2307821321761478,-1.8900000000000028,0.0,0.0,11.11111111111111,11.11111111111111,19.444444444444443,79.48215278717714,82.00000000000001,-1.0853495072767936,-0.02000000000000024,-0.9,-0.9,11.11111111111111,11.11111111111111
97,1.0,True,2,0.0,True,12.244444444444438,-2.7201930921139477,-4.246666666666431,-1.8641466509739706,-1.7999999999999998,0.0,0.0,11.11111111111111,11.11111111111111,19.444444444444443,83.4267851963002,83.66666666666669,0.28387104487426607,0.0,-1.0,-1.0,11.11111111111111,11.11111111111111
97,1.1,False,0,0.8340909090906794,True,11.644444444444439,0.12864941648900885,1.2599999999993203,-1.7403595878658633,-1.8799999999999981,0.0,0.0,11.11111111111111,11.11111111111111,19.444444444444443,80.07979932811948,84.50000000000001,0.09513114391068322,-0.0499999999999996,-1.1,-1.1,11.11111111111111,11.11111111111111
97,1.2000000000000002,False,0,0.8154929577463353,True,11.644444444444439,-0.08596120432044341,1.3999999999992498,-1.806358690624269,-1.7999999999999998,0.0,0.0,11.11111111111111,11.11111111111111,19.444444444444443,83.57658244578042,85.33333333333334,-0.36366464775483665,-0.07999999999999963,-1.2000000000000002,-1.2000000000000002,11.11111111111111,11.11111111111111
97,1.3,False,0,0.6249999999981806,True,11.644444444444439,0.09581094772688648,0.3333333333323596,-1.3458837482648438,-1.8899999999999997,0.0,0.0,11.11111111111111,11.11111111111111,19.444444444444443,82.58228676433527,86.16666666666667,0.5450382719433438,-0.09000000000000008,-1.3,-1.3,11.11111111111111,11.11111111111111
97,1.4000000000000001,False,0,0.22499999999838047,True,11.644444444444439,-0.10421396896133484,0.11999999999913502,-1.5919788667261607,-1.8999999999999986,0.0,0.0,11.11111111111111,11.11111111111111,19.444444444444443,85.27134223998974,87.0,0.3631835907767127,-0.08000000000000007,-1.4000000000000001,-1.4000000000000001,11.11111111111111,11.11111111111111
97,1.5,False,0,0.8562499999998747,True,11.644444444444439,-0.12916839140136727,1.406666666665882,-1.6707012552105165,-1.7999999999999998,0.0,0.0,11.11111111111111,11.11111111111111,19.444444444444443,84.66920213277291,87.83333333333334,-0.2619967508140686,-0.04999999999999982,-1.5,-1.5,11.11111111111111,11.11111111111111
97,1.6,False,0,0.2249999999987002,True,11.644444444444439,-0.21590745606490014,0.11999999999930555,-1.6208726042442463,-1.879999999999999,0.0,0.0,11.11111111111111,11.11111111111111,19.444444444444443,87.4359380962884,87.83333333333334,-1.0916883508862156,-0.1599999999999997,-1.6,-1.6,11.11111111111111,11.11111111111111
97,1.7000000000000002,False,0,0.24999999999846456,True,11.644444444444439,-0.0596001882171775,0.13333333333251307,-1.3805258143430716,-1.8300000000000005,0.0,0.0,11.11111111111111,11.11111111111111,19.444444444444443,84.39123634853381,88.66666666666667,0.4438556688159876,-0.09999999999999964,-1.7000000000000002,-1.7000000000000002,11.11111111111111,11.11111111111111
99,0.0,False,0,4.0,False,19.444444444444443,-3.1902946428833046,-4.266666666665787,0.5283121613187873,1.6,0.0,0.0,11.11111111111111,11.11111111111111,,,,,,,,,
99,0.1,False,0,3.0000000000000293,True,18.24444444444444,-0.7040715180076971,-3.9733333333341987,0.47730203606645416,0.360000000000003,-0.1,-0.1,11.11111111111111,11.11111111111111,18.24444444444444,23.81551654302991,21.76666666666797,-0.30551834478369955,-0.00999999999999579,-0.1,-0.1,11.11111111111111,11.11111111111111
99,0.2,True,2,0.0,True,11.644444444444439,0.04975338767594639,-0.7866666666671902,-0.963770928177715,-1.4399999999999924,-0.2,-0.2,11.11111111111111,11.11111111111111,19.444444444444443,30.08918219013152,31.499999999999726,-0.1931219225823233,-0.019999999999997353,-0.2,-0.2,11.11111111111111,11.11111111111111
99,0.30000000000000004,False,0,0.5641509433960233,True,11.644444444444439,-0.07368050988803798,0.7999999999992555,-1.5033323845088176,-1.8899999999999975,0.0,0.0,11.11111111111111,11.11111111111111,19.444444444444443,53.48679942795016,54.0,0.2728638776856567,-0.020000000000001572,-0.30000000000000004,-0.30000000000000004,11.11111111111111,11.11111111111111
99,0.4,False,0,0.803846153845793,True,11.644444444444439,0.11508635456273186,1.0599999999993885,-1.3430850570835697,-1.880000000000006,0.0,0.0,11.11111111111111,11.11111111111111,19.444444444444443,66.02792163736098,65.66666666666669,-0.38232520742952536,-6.661338147750939e-16,-0.4,-0.4,11.11111111111111,11.11111111111111
99,0.5,False,0,1.0112676056336556,True,11.644444444444439,-0.19720318623412236,1.5133333333327927,-1.2833465902609535,-1.85,0.0,0.0,11.11111111111111,11.11111111111111,19.444444444444443,68.72212671961759,72.33333333333334,0.5240814374661205,0.0,-0.5,-0.5,11.11111111111111,11.11111111111111
99,0.6000000000000001,True,2,0.0,True,11.644444444444439,-3.4320043142804364,-4.280000000001041,-1.4143896121221513,-1.8599999999999959,0.0,0.0,11.11111111111111,11.11111111111111,19.444444444444443,74.97762304428953,76.50000000000001,0.9249104819224794,-0.019999999999999574,-0.6000000000000001,-0.6000000000000001,11.11111111111111,11.11111111111111
99,0.7000000000000001,False,0,0.7499999999986011,True,11.644444444444439,-0.06657571181073063,0.39999999999924984,-1.0085336666951077,-1.899999999999999,0.0,0.0,11.11111111111111,11.11111111111111,19.444444444444443,78.29602876400807,79.83333333333336,0.5436157229876355,-0.009999999999999343,-0.7000000000000001,-0.7000000000000001,11.11111111111111,11.11111111111111
99,0.8,False,0,0.8999999999998322,True,11.644444444444439,0.1334193911230388,1.4733333333326586,-1.1465815662801293,-1.8799999999999994,0.0,0.0,11.11111111111111,11.11111111111111,19.444444444444443,80.12588686135399,82.33333333333336,0.25491491178475245,-2.220446049250313e-16,-0.8,-0.8,11.11111111111111,11.11111111111111
99,0.9,True,2,0.0,True,12.844444444444438,-3.553173101133882,-4.240000000000509,-1.2320695581536079,-1.8900000000000028,0.0,0.0,11.11111111111111,11.11111111111111,19.444444444444443,83.38711262350776,84.00000000000001,-0.28671301586928477,-0.02000000000000024,-0.9,-0.9,11.11111111111111,11.11111111111111
99,1.0,False,0,0.6693548387094989,True,11.644444444444439,-0.17192719249307498,1.1133333333325313,-1.4778820846384007,-1.7999999999999998,0.0,0.0,11.11111111111111,11.11111111111111,19.444444444444443,84.00685050331109,85.66666666666669,0.2553704016540448,0.0,-1.0,-1.0,11.11111111111111,11.11111111111111
99,1.1,False,0,0.8352112676054784,True,11.644444444444439,0.2185580548639452,1.3399999999993897,-1.227422468785158,-1.8799999999999981,0.0,0.0,11.11111111111111,11.11111111111111,19.444444444444443,83.16894822149278,86.50000000000001,0.2983517840706922,-0.0499999999999996,-1.1,-1.1,11.11111111111111,11.11111111111111
99,1.2000000000000002,False,0,0.8709677419353149,True,11.644444444444439,-0.12756391949990853,1.4333333333325529,-1.6198236778538533,-1.7999999999999998,0.0,0.0,11.11111111111111,11.11111111111111,19.444444444444443,88.41238871855437,87.33333333333334,-1.4729670500361791,-0.07999999999999963,-1.2000000000000002,-1.2000000000000002,11.11111111111111,11.11111111111111
99,1.3,False,0,0.9157303370785307,True,11.644444444444439,-0.04768427151795418,1.939999999999384,-1.8229030718991102,-1.8899999999999997,0.0,0.0,11.11111111111111,11.11111111111111,19.444444444444443,87.76641511976871,88.16666666666667,0.7430692432628847,-0.09000000000000008,-1.3,-1.3,11.11111111111111,11.11111111111111
99,1.4000000000000001,False,0,0.8074999999998657,True,11.644444444444439,0.23950450381063337,0.5666666666658786,-1.036784391362096,-1.8999999999999986,0.0,0.0,11.11111111111111,11.11111111111111,19.444444444444443,86.60184562888087,89.0,-0.7095770807369974,-0.08000000000000007,-1.4000000000000001,-1.4000000000000001,11.11111111111111,11.11111111111111
99,1.5,False,0,0.7591549295773063,True,11.644444444444439,0.2162710755462287,1.0533333333326143,-0.791968136580038,-1.7999999999999998,0.0,0.0,11.11111111111111,11.11111111111111,19.444444444444443,89.33028906170958,89.83333333333334,-0.13653604677923847,-0.04999999999999982,-1.5,-1.5,11.11111111111111,11.11111111111111
99,1.6,False,0,0.9157303370785307,True,11.644444444444439,0.14629718918488965,2.5599999999993033,-1.782003615147534,-1.879999999999999,0.0,0.0,11.11111111111111,11.11111111111111,19.444444444444443,88.97288626802353,89.83333333333334,-1.232703260516574,-0.1599999999999997,-1.6,-1.6,11.11111111111111,11.11111111111111
99,1.7000000000000002,False,0,0.9157303370785307,True,11.644444444444439,0.015576141018596168,1.8199999999993226,-1.7147429331885633,-1.8300000000000005,0.0,0.0,11.11111111111111,11.11111111111111,19.444444444444443,88.17326094088507,90.66666666666667,0.07402357920269287,-0.09999999999999964,-1.7000000000000002,-1.7000000000000002,11.11111111111111,11.11111111111111
101,0.0,False,0,4.0,False,19.444444444444443,-2.3967982690146696,-4.000000000000955,0.9098644343404159,1.6,0.0,0.0,11.11111111111111,11.11111111111111,,,,,,,,,
101,0.1,False,0,2.3000000000000353,True,16.444444444444436,-4.2242716877081135,-4.040000000000862,1.4949905652401592,0.31000000000000316,-0.1,-0.1,11.11111111111111,11.11111111111111,16.444444444444436,15.593025015692046,12.506666666667694,-0.5433730924828399,-0.00999999999999579,-0.1,-0.1,11.11111111111111,11.11111111111111
101,0.2,True,2,0.0,True,11.644444444444439,-0.14527067738611077,-0.4266666666672334,-0.7745268388771098,-1.3799999999999923,-0.2,-0.2,11.11111111111111,11.11111111111111,19.444444444444443,33.084903147010394,33.49999999999973,-0.2684935642975925,-0.019999999999997353,-0.2,-0.2,11.11111111111111,11.11111111111111
101,0.30000000000000004,False,0,0.6461538461534642,True,11.644444444444439,0.10310881766856728,0.4733333333325165,-0.8767600826152739,-1.8899999999999975,0.0,0.0,11.11111111111111,11.11111111111111,19.444444444444443,53.15868666005497,56.0,0.7128370981098056,-0.020000000000001572,-0.30000000000000004,-0.30000000000000004,11.11111111111111,11.11111111111111
101,0.4,False,0,0.8249999999998605,True,11.644444444444439,0.18624065322221117,1.3466666666659082,-1.387664173383274,-1.880000000000006,0.0,0.0,11.11111111111111,11.11111111111111,19.444444444444443,68.62378386877808,67.66666666666669,-1.6693616664727386,-6.661338147750939e-16,-0.4,-0.4,11.11111111111111,11.11111111111111
101,0.5,False,0,0.6384615384611307,True,11.644444444444439,0.2558955135656449,0.6066666666659275,-1.8425673937530593,-1.85,0.0,0.0,11.11111111111111,11.11111111111111,19.444444444444443,70.85094833629412,74.33333333333334,-1.1336966692050552,0.0,-0.5,-0.5,11.11111111111111,11.11111111111111
101,0.6000000000000001,False,0,0.7624999999989096,True,11.644444444444439,-0.054667017758094794,0.406666666666081,-1.6487659834179593,-1.8599999999999959,0.0,0.0,11.11111111111111,11.11111111111111,19.444444444444443,77.06676430544708,78.50000000000001,1.4207547558431508,-0.019999999999999574,-0.6000000000000001,-0.6000000000000001,11.11111111111111,11.11111111111111
101,0.7000000000000001,False,0,0.6384615384611307,True,11.644444444444439,0.07072807955740945,0.8333333333325585,-1.7964942686541185,-1.899999999999999,0.0,0.0,11.11111111111111,11.11111111111111,19.444444444444443,79.99499328296774,81.83333333333336,0.5034645066175223,-0.009999999999999343,-0.7000000000000001,-0.7000000000000001,11.11111111111111,11.11111111111111
101,0.8,False,0,0.6603773584903561,True,11.644444444444439,-0.04311554443292476,0.5866666666658888,-1.248926448038235,-1.8799999999999994,0.0,0.0,11.11111111111111,11.11111111111111,19.444444444444443,84.75976417682743,84.33333333333336,0.016734300886882103,-2.220446049250313e-16,-0.8,-0.8,11.11111111111111,11.11111111111111
101,0.9,True,2,0.0,True,11.644444444444439,-0.04447724918638851,-0.24666666666756765,-0.8621906254416201,-1.8900000000000028,0.0,0.0,11.11111111111111,11.11111111111111,19.444444444444443,84.91739112094119,86.00000000000001,-1.1826262777379384,-0.02000000000000024,-0.9,-0.9,11.11111111111111,11.11111111111111
101,1.0,False,0,0.6483870967740065,True,11.644444444444439,0.04488267100931598,1.0599999999993033,-1.4154211060180164,-1.7999999999999998,0.0,0.0,11.11111111111111,11.11111111111111,19.444444444444443,86.51512584937777,87.66666666666669,-0.2858597376228822,0.0,-1.0,-1.0,11.11111111111111,11.11111111111111
101,1.1,False,0,0.8249999999998605,True,11.644444444444439,0.1971861889697495,0.6066666666658991,-1.5419703444308106,-1.8799999999999981,0.0,0.0,11.11111111111111,11.11111111111111,19.444444444444443,85.58176714174748,88.50000000000001,-0.7151164960089038,-0.0499999999999996,-1.1,-1.1,11.11111111111111,11.11111111111111
101,1.2000000000000002,False,0,0.6483870967740065,True,11.644444444444439,0.01425406345275082,0.5133333333325085,-0.4994395747332827,-1.7999999999999998,0.0,0.0,11.11111111111111,11.11111111111111,19.444444444444443,89.16283029487104,89.33333333333334,-0.7847058563233422,-0.07999999999999963,-1.2000000000000002,-1.2000000000000002,11.11111111111111,11.11111111111111
101,1.3,False,0,0.6483870967740065,True,11.644444444444439,0.14471137711695992,1.4599999999992237,-1.4487017172449805,-1.8899999999999997,0.0,0.0,11.11111111111111,11.11111111111111,19.444444444444443,89.56824365700861,90.16666666666667,0.3756857638922022,-0.09000000000000008,-1.3,-1.3,11.11111111111111,11.11111111111111
101,1.4000000000000001,False,0,0.29411764705816645,True,11.644444444444439,-0.10020192924231974,0.2799999999992737,-1.8566166940089328,-1.8999999999999986,0.0,0.0,11.11111111111111,11.11111111111111,19.444444444444443,90.12810203197931,91.0,0.9531420810456779,-0.08000000000000007,-1.4000000000000001,-1.4000000000000001,11.11111111111111,11.11111111111111
101,1.5,False,0,0.7676056338026628,True,11.644444444444439,-0.054035378620784336,0.9733333333326017,-1.6585653613802513,-1.7999999999999998,0.0,0.0,11.11111111111111,11.11111111111111,19.444444444444443,89.38474796661966,91.83333333333334,-0.15979692293309733,-0.04999999999999982,-1.5,-1.5,11.11111111111111,11.11111111111111
101,1.6,False,0,0.8080645161288516,True,11.644444444444439,-0.19783483453260242,1.7199999999992714,-1.8115312236408871,-1.879999999999999,0.0,0.0,11.11111111111111,11.11111111111111,19.444444444444443,88.64329770708063,91.83333333333334,0.474124775096886,-0.1599999999999997,-1.6,-1.6,11.11111111111111,11.11111111111111
101,1.7000000000000002,True,2,0.0,True,11.644444444444439,-0.13978454355934655,-0.5200000000005387,-1.6279071851199611,-1.8300000000000005,0.0,0.0,11.11111111111111,11.11111111111111,19.444444444444443,91.6900698706001,92.66666666666667,0.8144880634565479,-0.09999999999999964,-1.7000000000000002,-1.7000000000000002,11.11111111111111,11.11111111111111
103,0.0,False,0,4.0,False,19.444444444444443,-1.8182468776390293,-4.099999999999045,1.8119604156998315,1.6,0.0,0.0,11.11111111111111,11.11111111111111,,,,,,,,,
103,0.1,True,2,0.0,True,11.644444444444439,-2.8459152265053147,-4.273333333334096,-0.8275751275599155,-0.49000000000000243,-0.1,-0.1,11.11111111111111,11.11111111111111,11.644444444444439,-3.778003686759848,-1.7666666666671516,0.9121571256256371,-0.00999999999999579,-0.1,-0.1,11.11111111111111,11.11111111111111
103,0.2,False,0,0.5863636363633603,True,11.644444444444439,0.02584725498929874,0.9866666666658377,-1.5484551259578214,-1.0599999999999938,-0.2,-0.2,11.11111111111111,11.11111111111111,19.444444444444443,34.09235871174586,35.49999999999973,0.5239546344896486,-0.019999999999997353,-0.2,-0.2,11.11111111111111,11.11111111111111
103,0.30000000000000004,False,0,0.7239436619716565,True,11.644444444444439,0.02012900205816681,1.4466666666659025,-1.637384174262876,-1.8899999999999975,0.0,0.0,11.11111111111111,11.11111111111111,19.444444444444443,56.676458549062716,58.0,0.13300576552566357,-0.020000000000001572,-0.30000000000000004,-0.30000000000000004,11.11111111111111,11.11111111111111
103,0.4,False,0,0.5169811320752471,True,11.644444444444439,-0.06473973474935502,0.9599999999992237,-1.8088556468473151,-1.880000000000006,0.0,0.0,11.11111111111111,11.11111111111111,19.444444444444443,69.65481972412826,69.66666666666669,0.4584044628321573,-6.661338147750939e-16,-0.4,-0.4,11.11111111111111,11.11111111111111
103,0.5,False,0,0.7239436619716565,True,11.644444444444439,0.03823374145444536,1.566666666665907,-1.008916205283376,-1.85,0.0,0.0,11.11111111111111,11.11111111111111,19.444444444444443,73.74310551448943,76.33333333333334,1.0149170604808577,0.0,-0.5,-0.5,11.11111111111111,11.11111111111111
103,0.6000000000000001,False,0,0.5615384615380251,True,11.644444444444439,-0.24604926855959075,0.6466666666658627,-1.7898414204916053,-1.8599999999999959,0.0,0.0,11.11111111111111,11.11111111111111,19.444444444444443,80.15550326782089,80.50000000000001,-1.280257271605295,-0.019999999999999574,-0.6000000000000001,-0.6000000000000001,11.11111111111111,11.11111111111111
103,0.7000000000000001,False,0,0.7239436619716565,True,11.644444444444439,0.0544310013918734,1.4666666666658275,-1.4597740581171985,-1.899999999999999,0.0,0.0,11.11111111111111,11.11111111111111,19.444444444444443,83.79732060405583,83.83333333333336,0.1882852940655595,-0.009999999999999343,-0.7000000000000001,-0.7000000000000001,11.11111111111111,11.11111111111111
103,0.8,False,0,0.6145161290320605,True,11.644444444444439,-0.11006358848276232,1.2133333333324972,-1.744054140861596,-1.8799999999999994,0.0,0.0,11.11111111111111,11.11111111111111,19.444444444444443,81.23976207159829,86.33333333333334,-0.4157448424788668,-2.220446049250313e-16,-0.8,-0.8,11.11111111111111,11.11111111111111
103,0.9,False,0,0.6624999999989996,True,11.644444444444439,-0.1670801799820536,0.35333333333279615,-1.1535147546080466,-1.8900000000000028,0.0,0.0,11.11111111111111,11.11111111111111,19.444444444444443,87.55040603583099,88.00000000000001,0.8847670472008526,-0.02000000000000024,-0.9,-0.9,11.11111111111111,11.11111111111111
103,1.0,False,0,0.7239436619716565,True,11.644444444444439,-0.2244140243195316,1.2799999999992737,-1.5521113583484423,-1.7999999999999998,0.0,0.0,11.11111111111111,11.11111111111111,19.444444444444443,87.94226657774195,89.66666666666669,0.1481995886491636,0.0,-1.0,-1.0,11.11111111111111,11.11111111111111
103,1.1,False,0,0.9075471698111117,True,11.644444444444439,-0.22572338854517948,1.3199999999992658,-0.6800385119323653,-1.8799999999999981,0.0,0.0,11.11111111111111,11.11111111111111,19.444444444444443,89.60538817010942,90.50000000000001,0.21561314571176737,-0.0499999999999996,-1.1,-1.1,11.11111111111111,11.11111111111111
103,1.2000000000000002,False,0,0.7239436619716565,True,11.644444444444439,0.14342426080473292,1.7399999999992248,-1.5406353190084032,-1.7999999999999998,0.0,0.0,11.11111111111111,11.11111111111111,19.444444444444443,88.43919347846389,91.33333333333334,1.1945705943167932,-0.07999999999999963,-1.2000000000000002,-1.2000000000000002,11.11111111111111,11.11111111111111
103,1.3,False,0,0.887499999999857,True,11.644444444444439,-0.11272277002233277,1.239999999999168,-1.5164353540188946,-1.8899999999999997,0.0,0.0,11.11111111111111,11.11111111111111,19.444444444444443,91.0843229531679,92.16666666666667,-0.16564697153692332,-0.09000000000000008,-1.3,-1.3,11.11111111111111,11.11111111111111
103,1.4000000000000001,True,2,0.0,True,11.644444444444439,-1.6101526053976043,-4.293333333335158,-1.7397470359135074,-1.8999999999999986,0.0,0.0,11.11111111111111,11.11111111111111,19.444444444444443,90.00837949324483,93.0,0.3561817965852172,-0.08000000000000007,-1.4000000000000001,-1.4000000000000001,11.11111111111111,11.11111111111111
103,1.5,False,0,0.8306451612901352,True,11.644444444444439,0.005232622589187663,1.2466666666658854,-1.2889745061647004,-1.7999999999999998,0.0,0.0,11.11111111111111,11.11111111111111,19.444444444444443,92.35111315898494,93.83333333333334,-1.008569149954318,-0.04999999999999982,-1.5,-1.5,11.11111111111111,11.11111111111111
103,1.6,False,0,0.3874999999983942,True,11.644444444444439,0.18163238280943705,0.20666666666580813,-1.685403997835331,-1.879999999999999,0.0,0.0,11.11111111111111,11.11111111111111,19.444444444444443,91.65314868740722,93.83333333333334,0.4547952524345886,-0.1599999999999997,-1.6,-1.6,11.11111111111111,11.11111111111111
103,1.7000000000000002,False,0,0.7746478873237712,True,11.644444444444439,0.03602224803999565,1.4999999999990736,-1.632133548805075,-1.8300000000000005,0.0,0.0,11.11111111111111,11.11111111111111,19.444444444444443,92.1664037442099,94.66666666666667,-0.026137976004440233,-0.09999999999999964,-1.7000000000000002,-1.7000000000000002,11.11111111111111,11.11111111111111
105,0.0,False,0,4.0,False,19.444444444444443,-4.07422145646446,-4.166666666667697,1.5986116878550538,1.6,0.0,0.0,11.11111111111111,11.11111111111111,,,,,,,,,
105,0.1,False,0,1.2000000000000366,True,15.244444444444436,-1.9305389127603005,-4.239999999999088,0.30044734527287575,0.2200000000000033,-0.1,-0.1,11.11111111111111,11.11111111111111,15.244444444444436,8.300943616312178,5.2666666666675725,0.14290595201139045,-0.00999999999999579,-0.1,-0.1,11.11111111111111,11.11111111111111
105,0.2,False,0,0.18749999999868064,True,11.644444444444439,-0.04147487254799653,0.09999999999929532,-1.3357530815486405,-1.219999999999993,-0.2,-0.2,11.11111111111111,11.11111111111111,19.444444444444443,34.155489282399074,37.49999999999973,-0.17209210878844527,-0.019999999999997353,-0.2,-0.2,11.11111111111111,11.11111111111111
105,0.30000000000000004,False,0,0.8724999999998493,True,11.644444444444439,0.26363273918898944,2.31333333333252,-1.5701689630756697,-1.8899999999999975,0.0,0.0,11.11111111111111,11.11111111111111,19.444444444444443,59.275009561243024,60.0,0.6874271112093373,-0.020000000000001572,-0.30000000000000004,-0.30000000000000004,11.11111111111111,11.11111111111111
105,0.4,False,0,0.7937499999998462,True,11.644444444444439,0.16985706839876702,1.6266666666657672,-1.8799907325610798,-1.880000000000006,0.0,0.0,11.11111111111111,11.11111111111111,19.444444444444443,70.95342875582321,71.66666666666669,-0.25064116245742096,-6.661338147750939e-16,-0.4,-0.4,11.11111111111111,11.11111111111111
105,0.5,False,0,0.9438202247189641,True,11.644444444444439,0.1254189405796753,1.3199999999994363,-1.218852934205454,-1.85,0.0,0.0,11.11111111111111,11.11111111111111,19.444444444444443,76.9385085881099,78.33333333333334,-0.038086850801448024,0.0,-0.5,-0.5,11.11111111111111,11.11111111111111
105,0.6000000000000001,False,0,0.838749999999848,True,11.644444444444439,-0.022953263119876333,1.8399999999992191,-0.6210473964963374,-1.8599999999999959,0.0,0.0,11.11111111111111,11.11111111111111,19.444444444444443,82.36548933988483,82.50000000000001,-0.5681792008846638,-0.019999999999999574,-0.6000000000000001,-0.6000000000000001,11.11111111111111,11.11111111111111
105,0.7000000000000001,False,0,0.8249999999997398,True,11.644444444444439,-0.05068912702724315,1.326666666665898,-1.4380658361713068,-1.899999999999999,0.0,0.0,11.11111111111111,11.11111111111111,19.444444444444443,81.22267039999547,85.83333333333336,-0.6343225634173242,-0.009999999999999343,-0.7000000000000001,-0.7000000000000001,11.11111111111111,11.11111111111111
105,0.8,False,0,0.8490566037733485,True,11.644444444444439,-0.05107668760119832,1.36666666666589,-1.213381914811764,-1.8799999999999994,0.0,0.0,11.11111111111111,11.11111111111111,19.444444444444443,87.14145907418958,88.33333333333334,-0.44006604260102167,-2.220446049250313e-16,-0.8,-0.8,11.11111111111111,11.11111111111111
105,0.9,True,2,0.0,True,11.644444444444439,-0.005665958792849146,-0.6800000000002795,-1.161925057607105,-1.8900000000000028,0.0,0.0,11.11111111111111,11.11111111111111,19.444444444444443,89.57988073898548,90.00000000000003,0.05842016485708612,-0.02000000000000024,-0.9,-0.9,11.11111111111111,11.11111111111111
105,1.0,False,0,0.7937499999998462,True,11.644444444444439,-0.11462350460233761,1.619999999999135,-1.4017833457838949,-1.7999999999999998,0.0,0.0,11.11111111111111,11.11111111111111,19.444444444444443,87.70633824579357,91.66666666666669,0.6212939845605958,0.0,-1.0,-1.0,11.11111111111111,11.11111111111111
105,1.1,False,0,0.8660377358488208,True,11.644444444444439,0.2444830566910925,1.593333333332521,-1.319859668446668,-1.8799999999999981,0.0,0.0,11.11111111111111,11.11111111111111,19.444444444444443,88.66476093487933,92.50000000000001,0.1812185899080312,-0.0499999999999996,-1.1,-1.1,11.11111111111111,11.11111111111111
105,1.2000000000000002,False,0,0.9741573033706508,True,11.644444444444439,0.18748721422495596,2.346666666665823,-1.094133885761856,-1.7999999999999998,0.0,0.0,11.11111111111111,11.11111111111111,19.444444444444443,90.92893953433652,93.33333333333334,0.1302582905487899,-0.07999999999999963,-1.2000000000000002,-1.2000000000000002,11.11111111111111,11.11111111111111
105,1.3,False,0,0.7937499999998462,True,11.644444444444439,-0.0830316289102937,1.2266666666659036,-1.320564221093702,-1.8899999999999997,0.0,0.0,11.11111111111111,11.11111111111111,19.444444444444443,91.21899977037793,94.16666666666667,0.6798876954640565,-0.09000000000000008,-1.3,-1.3,11.11111111111111,11.11111111111111
105,1.4000000000000001,False,0,0.6080645161288268,True,11.644444444444439,-0.1225125552360451,1.239999999999168,-1.5603895211505714,-1.8999999999999986,0.0,0.0,11.11111111111111,11.11111111111111,19.444444444444443,94.69671089015868,95.0,0.5745308124107136,-0.08000000000000007,-1.4000000000000001,-1.4000000000000001,11.11111111111111,11.11111111111111
105,1.5,False,0,0.8704225352110921,True,11.644444444444439,0.1602836291572034,1.6733333333325904,-1.8210342871911882,-1.7999999999999998,0.0,0.0,11.11111111111111,11.11111111111111,19.444444444444443,95.43652799571862,95.83333333333334,0.17732905775944774,-0.04999999999999982,-1.5,-1.5,11.11111111111111,11.11111111111111
105,1.6,False,0,0.6806451612901201,True,11.644444444444439,0.25784672837461375,0.8599999999992862,-0.7782740234664296,-1.879999999999999,0.0,0.0,11.11111111111111,11.11111111111111,19.444444444444443,93.15047254464838,95.83333333333334,-0.5634122032573177,-0.1599999999999997,-1.6,-1.6,11.11111111111111,11.11111111111111
105,1.7000000000000002,False,0,0.7937499999998462,True,11.644444444444439,0.25328353113577595,1.4399999999992135,-1.5926448211252877,-1.8300000000000005,0.0,0.0,11.11111111111111,11.11111111111111,19.444444444444443,93.34742919600819,96.66666666666667,0.07457067236767068,-0.09999999999999964,-1.7000000000000002,-1.7000000000000002,11.11111111111111,11.11111111111111
107,0.0,False,0,4.0,False,19.444444444444443,-3.998299830088956,-3.9333333333323024,0.48413393372188684,1.6,0.0,0.0,11.11111111111111,11.11111111111111,,,,,,,,,
107,0.1,False,0,0.6000000000000405,True,14.644444444444437,-3.3111236140747904,-4.2333333333324275,0.13873315844398615,0.17000000000000348,-0.1,-0.1,11.11111111111111,11.11111111111111,14.644444444444437,5.374718099462325,2.1266666666675293,0.6806196205381698,-0.00999999999999579,-0.1,-0.1,11.11111111111111,11.11111111111111
107,0.2,False,0,0.46590909090878846,True,11.644444444444439,0.069492324743476,0.41333333333257105,-0.32487316078078754,-1.199999999999993,-0.2,-0.2,11.11111111111111,11.11111111111111,19.444444444444443,36.73889432803243,39.49999999999973,0.7323370569277019,-0.019999999999997353,-0.2,-0.2,11.11111111111111,11.11111111111111
107,0.30000000000000004,False,0,0.688709677419145,True,11.644444444444439,-0.23494210276247696,0.7199999999992999,-1.4761452136440472,-1.8899999999999975,0.0,0.0,11.11111111111111,11.11111111111111,19.444444444444443,63.04673121911537,62.0,-0.04107571667961962,-0.020000000000001572,-0.30000000000000004,-0.30000000000000004,11.11111111111111,11.11111111111111
107,0.4,False,0,0.688709677419145,True,11.644444444444439,0.14184407364480212,1.2866666666657922,-1.6987299237055375,-1.880000000000006,0.0,0.0,11.11111111111111,11.11111111111111,19.444444444444443,70.68996664192963,73.66666666666669,-0.3429171636442727,-6.661338147750939e-16,-0.4,-0.4,11.11111111111111,11.11111111111111
107,0.5,False,0,0.8415094339620185,True,11.644444444444439,-0.16293019607825254,1.4866666666659514,-1.6768398440509713,-1.85,0.0,0.0,11.11111111111111,11.11111111111111,19.444444444444443,79.41968753938954,80.33333333333334,0.3742168709917455,0.0,-0.5,-0.5,11.11111111111111,11.11111111111111
107,0.6000000000000001,False,0,0.8562499999998427,True,11.644444444444439,0.12739233047552734,1.179999999999393,-1.6882769875133359,-1.8599999999999959,0.0,0.0,11.11111111111111,11.11111111111111,19.444444444444443,82.67643124108388,84.50000000000001,-0.03793448351572648,-0.019999999999999574,-0.6000000000000001,-0.6000000000000001,11.11111111111111,11.11111111111111
107,0.7000000000000001,False,0,0.8562499999998427,True,11.644444444444439,-0.10636267702010382,1.7133333333325256,-1.7423413264971002,-1.899999999999999,0.0,0.0,11.11111111111111,11.11111111111111,19.444444444444443,84.55280613315936,87.83333333333336,-0.0014537626369910406,-0.009999999999999343,-0.7000000000000001,-0.7000000000000001,11.11111111111111,11.11111111111111
107,0.8,True,2,0.0,True,11.644444444444439,-0.2510752588808485,-0.38666666666721294,-1.3640359659880703,-1.8799999999999994,0.0,0.0,11.11111111111111,11.11111111111111,19.444444444444443,87.5139169912733,90.33333333333334,0.13720425622970422,-2.220446049250313e-16,-0.8,-0.8,11.11111111111111,11.11111111111111
107,0.9,False,0,0.69032258064495,True,11.644444444444439,0.011105300458223333,1.2999999999991703,-1.6047776932607898,-1.8900000000000028,0.0,0.0,11.11111111111111,11.11111111111111,19.444444444444443,89.92178591235813,92.00000000000003,-0.20593605870649068,-0.02000000000000024,-0.9,-0.9,11.11111111111111,11.11111111111111
107,1.0,False,0,0.688709677419145,True,11.644444444444439,-0.1791213243119385,0.6599999999992407,-1.6663343991094877,-1.7999999999999998,0.0,0.0,11.11111111111111,11.11111111111111,19.444444444444443,93.19427022845375,93.66666666666669,0.055900694173460996,0.0,-1.0,-1.0,11.11111111111111,11.11111111111111
107,1.1,False,0,0.11249999999853492,True,11.644444444444439,0.045737369635742375,0.05999999999921801,-1.389228611759091,-1.8799999999999981,0.0,0.0,11.11111111111111,11.11111111111111,19.444444444444443,94.26504510966272,94.50000000000001,-1.3725990780455408,-0.0499999999999996,-1.1,-1.1,11.11111111111111,11.11111111111111
107,1.2000000000000002,True,2,0.0,True,12.244444444444438,-1.2055214825771712,-4.253333333333091,-1.2913335271924389,-1.7999999999999998,0.0,0.0,11.11111111111111,11.11111111111111,19.444444444444443,93.40944920841633,95.33333333333334,0.3062010242583382,-0.07999999999999963,-1.2000000000000002,-1.2000000000000002,11.11111111111111,11.11111111111111
107,1.3,False,0,0.6566037735846669,True,11.644444444444439,0.20482498411838623,0.9333333333325529,-0.5962131749840109,-1.8899999999999997,0.0,0.0,11.11111111111111,11.11111111111111,19.444444444444443,93.95005844882121,96.16666666666667,-0.2481973335852461,-0.09000000000000008,-1.3,-1.3,11.11111111111111,11.11111111111111
107,1.4000000000000001,False,0,0.84838709677399,True,11.644444444444439,0.060951159345404626,1.1133333333326734,-1.1286780426257588,-1.8999999999999986,0.0,0.0,11.11111111111111,11.11111111111111,19.444444444444443,95.5076001267178,97.0,-0.7826719071816557,-0.08000000000000007,-1.4000000000000001,-1.4000000000000001,11.11111111111111,11.11111111111111
107,1.5,False,0,0.688709677419145,True,11.644444444444439,0.06029676018574737,1.0666666666659355,-1.3543350052303533,-1.7999999999999998,0.0,0.0,11.11111111111111,11.11111111111111,19.444444444444443,97.8781195136654,97.83333333333334,1.1255969962785257,-0.04999999999999982,-1.5,-1.5,11.11111111111111,11.11111111111111
107,1.6,False,0,0.912499999999845,True,11.644444444444439,0.09270438789259305,1.379999999999268,-1.7466541652945515,-1.879999999999999,0.0,0.0,11.11111111111111,11.11111111111111,19.444444444444443,96.29861860991092,97.83333333333334,2.1295412864634877,-0.1599999999999997,-1.6,-1.6,11.11111111111111,11.11111111111111
107,1.7000000000000002,True,2,0.0,True,11.644444444444439,-0.007525877620980559,-0.24666666666716974,-1.810025048537925,-1.8300000000000005,0.0,0.0,11.11111111111111,11.11111111111111,19.444444444444443,91.95391566923011,98.66666666666667,1.398316553942863,-0.09999999999999964,-1.7000000000000002,-1.7000000000000002,11.11111111111111,11.11111111111111
109,0.0,False,0,4.0,True,19.444444444444443,-0.9483169492466343,-4.26666666666556,2.2262838602534303,1.6,0.0,0.0,11.11111111111111,11.11111111111111,,,,,,,,,
109,0.1,False,0,0.9000000000000385,True,15.244444444444436,-3.373536731523802,-4.299999999998977,0.3030715072435446,0.1900000000000035,-0.1,-0.1,11.11111111111111,11.11111111111111,15.244444444444436,5.69901627596222,3.966666666667675,0.11760215834778842,-0.00999999999999579,-0.1,-0.1,11.11111111111111,11.11111111111111
109,0.2,False,0,0.3352941176463144,True,11.644444444444439,0.08370787031431082,0.3266666666658695,-0.6866915680626144,-1.239999999999993,-0.2,-0.2,11.11111111111111,11.11111111111111,19.444444444444443,42.17409086543792,41.49999999999973,-0.5685458186607666,-0.019999999999997353,-0.2,-0.2,11.11111111111111,11.11111111111111
109,0.30000000000000004,True,2,0.0,True,11.644444444444439,-4.200542022804018,-4.28000000000178,-0.8077330181531532,-1.8899999999999975,0.0,0.0,11.11111111111111,11.11111111111111,19.444444444444443,60.904459669762815,64.0,1.0864424242186592,-0.020000000000001572,-0.30000000000000004,-0.30000000000000004,11.11111111111111,11.11111111111111
109,0.4,False,0,0.7591549295772704,True,11.644444444444439,0.15055511949959755,1.3933333333325324,-1.7803955572378218,-1.880000000000006,0.0,0.0,11.11111111111111,11.11111111111111,19.444444444444443,71.77020919283916,75.66666666666669,-0.22707125289124308,-6.661338147750939e-16,-0.4,-0.4,11.11111111111111,11.11111111111111
109,0.5,False,0,0.6085714285710523,True,11.644444444444439,0.07256276671161022,0.5866666666659173,-1.2442241186830882,-1.85,0.0,0.0,11.11111111111111,11.11111111111111,19.444444444444443,82.32850643014666,82.33333333333334,-0.6880852915201381,0.0,-0.5,-0.5,11.11111111111111,11.11111111111111
109,0.6000000000000001,False,0,0.7591549295772704,True,11.644444444444439,0.18481827542445917,1.6733333333325051,-1.869414837120151,-1.8599999999999959,0.0,0.0,11.11111111111111,11.11111111111111,19.444444444444443,86.84121079005259,86.50000000000001,-0.43640593535633654,-0.019999999999999574,-0.6000000000000001,-0.6000000000000001,11.11111111111111,11.11111111111111
109,0.7000000000000001,False,0,0.564150943395959,True,11.644444444444439,-0.04907272515298455,1.01333333333248,-1.6486838090615488,-1.899999999999999,0.0,0.0,11.11111111111111,11.11111111111111,19.444444444444443,90.06501482618113,89.83333333333336,1.4028968696522512,-0.009999999999999343,-0.7000000000000001,-0.7000000000000001,11.11111111111111,11.11111111111111
109,0.8,False,0,0.6659090909088007,True,11.644444444444439,0.12416909667923637,1.3266666666658695,-1.2468534123281763,-1.8799999999999994,0.0,0.0,11.11111111111111,11.11111111111111,19.444444444444443,91.04769339723234,92.33333333333334,0.44523421909955063,-2.220446049250313e-16,-0.8,-0.8,11.11111111111111,11.11111111111111
109,0.9,False,0,1.0112676056336196,True,11.644444444444439,0.05086753702353253,1.7799999999993021,-1.4718509083153624,-1.8900000000000028,0.0,0.0,11.11111111111111,11.11111111111111,19.444444444444443,94.37021181070489,94.00000000000003,-0.31684941257942345,-0.02000000000000024,-0.9,-0.9,11.11111111111111,11.11111111111111
109,1.0,False,0,0.6599999999996258,True,11.644444444444439,-0.24580522326873488,0.6933333333325438,-1.6128628219330805,-1.7999999999999998,0.0,0.0,11.11111111111111,11.11111111111111,19.444444444444443,94.69521031623961,95.66666666666669,0.41976884855219865,0.0,-1.0,-1.0,11.11111111111111,11.11111111111111
109,1.1,True,2,0.0,True,12.244444444444438,-2.1910044445943866,-4.279999999999563,-1.3281481707509246,-1.8799999999999981,0.0,0.0,11.11111111111111,11.11111111111111,19.444444444444443,96.64241074413881,96.50000000000001,-0.9932854746227803,-0.0499999999999996,-1.1,-1.1,11.11111111111111,11.11111111111111
109,1.2000000000000002,False,0,0.7591549295772704,True,11.644444444444439,-0.0436812896245895,1.0999999999991816,-1.780283419835567,-1.7999999999999998,0.0,0.0,11.11111111111111,11.11111111111111,19.444444444444443,95.61704519761619,97.33333333333334,-0.5466856404818876,-0.07999999999999963,-1.2000000000000002,-1.2000000000000002,11.11111111111111,11.11111111111111
109,1.3,False,0,0.3882352941169049,True,11.644444444444439,-0.10429407077900787,0.3866666666658718,-1.7863450916666193,-1.8899999999999997,0.0,0.0,11.11111111111111,11.11111111111111,19.444444444444443,97.48191319786636,98.16666666666667,0.07364393935476987,-0.09000000000000008,-1.3,-1.3,11.11111111111111,11.11111111111111
109,1.4000000000000001,True,2,0.0,True,11.644444444444439,-4.192135853650131,-4.286666666668498,-1.6718990230947717,-1.8999999999999986,0.0,0.0,11.11111111111111,11.11111111111111,19.444444444444443,94.6920590959626,99.0,0.4736902568306669,-0.08000000000000007,-1.4000000000000001,-1.4000000000000001,11.11111111111111,11.11111111111111
109,1.5,False,0,0.7591549295772704,True,11.644444444444439,-0.005668285586284405,1.0466666666658968,-1.3787095199388468,-1.7999999999999998,0.0,0.0,11.11111111111111,11.11111111111111,19.444444444444443,99.35803633744514,99.83333333333334,-0.21720560927244192,-0.04999999999999982,-1.5,-1.5,11.11111111111111,11.11111111111111
109,1.6,False,0,0.9157303370785019,True,11.644444444444439,-0.20953774669333125,1.5333333333325756,-1.7296194140454437,-1.879999999999999,0.0,0.0,11.11111111111111,11.11111111111111,19.444444444444443,99.53777558102941,99.83333333333334,-0.2821894235902118,-0.1599999999999997,-1.6,-1.6,11.11111111111111,11.11111111111111
109,1.7000000000000002,True,2,0.0,True,11.644444444444439,-2.3531176642116973,-4.293333333334476,-1.4097015436539617,-1.8300000000000005,0.0,0.0,11.11111111111111,11.11111111111111,19.444444444444443,98.17728555583045,100.66666666666667,-0.10538015618774277,-0.09999999999999964,-1.7000000000000002,-1.7000000000000002,11.11111111111111,11.11111111111111
111,0.0,False,0,4.0,False,19.444444444444443,-3.2294624736057242,-4.000000000001125,1.8522617035972941,1.6,0.0,0.0,11.11111111111111,11.11111111111111,,,,,,,,,
111,0.1,False,0,1.600000000000037,True,18.24444444444444,-1.7671914596000873,-4.066666666665571,-0.5619715512211223,0.21000000000000352,-0.1,-0.1,11.11111111111111,11.11111111111111,18.24444444444444,16.970408621310366,11.62666666666804,0.003956542646840866,-0.00999999999999579,-0.1,-0.1,11.11111111111111,11.11111111111111
111,0.2,False,0,0.8587499999998298,True,11.644444444444439,0.11662374052941704,1.3466666666659082,-1.5079297150684923,-1.3599999999999928,-0.2,-0.2,11.11111111111111,11.11111111111111,19.444444444444443,42.268691609543836,43.49999999999973,-0.16753741684750878,-0.019999999999997353,-0.2,-0.2,11.11111111111111,11.11111111111111
111,0.30000000000000004,False,0,0.9719101123593976,True,11.644444444444439,-0.04558125146336334,1.946666666665931,-1.8233692335870966,-1.8899999999999975,0.0,0.0,11.11111111111111,11.11111111111111,19.444444444444443,65.17792357134113,66.0,-0.6033169546219357,-0.020000000000001572,-0.30000000000000004,-0.30000000000000004,11.11111111111111,11.11111111111111
111,0.4,False,0,0.7295774647885288,True,11.644444444444439,-0.20495486721067646,0.9733333333325165,-1.786312595423529,-1.880000000000006,0.0,0.0,11.11111111111111,11.11111111111111,19.444444444444443,73.3732360662849,77.66666666666669,0.4417567791068939,-6.661338147750939e-16,-0.4,-0.4,11.11111111111111,11.11111111111111
111,0.5,False,0,0.6483870967739653,True,11.644444444444439,0.16927485946253018,0.886666666665815,-1.5529502519776046,-1.85,0.0,0.0,11.11111111111111,11.11111111111111,19.444444444444443,80.31614909068651,84.33333333333334,-0.00676007557504299,0.0,-0.5,-0.5,11.11111111111111,11.11111111111111
111,0.6000000000000001,True,2,0.0,True,11.644444444444439,-0.1444480662476506,-0.013333333333934938,-1.5691043288049868,-1.8599999999999959,0.0,0.0,11.11111111111111,11.11111111111111,19.444444444444443,86.2506492487296,88.50000000000001,-0.32012861080144006,-0.019999999999999574,-0.6000000000000001,-0.6000000000000001,11.11111111111111,11.11111111111111
111,0.7000000000000001,False,0,0.1749999999985853,True,11.644444444444439,0.11527987821984897,0.09333333333257787,-1.1519391099637681,-1.899999999999999,0.0,0.0,11.11111111111111,11.11111111111111,19.444444444444443,90.13570428205209,91.83333333333336,0.42830506845336247,-0.009999999999999343,-0.7000000000000001,-0.7000000000000001,11.11111111111111,11.11111111111111
111,0.8,True,2,0.0,True,11.644444444444439,-1.3584558680750431,-4.273333333334892,-1.798098775142096,-1.8799999999999994,0.0,0.0,11.11111111111111,11.11111111111111,19.444444444444443,90.73593584228439,94.33333333333334,0.5246192035139163,-2.220446049250313e-16,-0.8,-0.8,11.11111111111111,11.11111111111111
111,0.9,False,0,0.7499999999997757,True,11.644444444444439,0.19454042443477437,1.6533333333324665,-1.056760049362297,-1.8900000000000028,0.0,0.0,11.11111111111111,11.11111111111111,19.444444444444443,93.8541433132759,96.00000000000003,-1.818262962236668,-0.02000000000000024,-0.9,-0.9,11.11111111111111,11.11111111111111
111,1.0,False,0,0.6483870967739653,True,11.644444444444439,0.12862168408186125,0.5066666666658763,-1.7483132403278425,-1.7999999999999998,0.0,0.0,11.11111111111111,11.11111111111111,19.444444444444443,94.98872441860323,97.66666666666669,0.12248875481125188,0.0,-1.0,-1.0,11.11111111111111,11.11111111111111
111,1.1,True,2,0.0,True,11.644444444444439,0.0865094703970728,-0.18000000000073424,-1.8490860498810326,-1.8799999999999981,0.0,0.0,11.11111111111111,11.11111111111111,19.444444444444443,94.97773980594918,98.50000000000001,0.6452367459750161,-0.0499999999999996,-1.1,-1.1,11.11111111111111,11.11111111111111
111,1.2000000000000002,False,0,0.6483870967739653,True,11.644444444444439,-0.17807872232218624,0.6866666666658832,-1.3252529431297977,-1.7999999999999998,0.0,0.0,11.11111111111111,11.11111111111111,19.444444444444443,97.82833337566291,99.33333333333334,0.41273197771295456,-0.07999999999999963,-1.2000000000000002,-1.2000000000000002,11.11111111111111,11.11111111111111
111,1.3,False,0,0.8249999999998285,True,11.644444444444439,0.18387923349378088,1.7933333333325097,-1.6198525253936895,-1.8899999999999997,0.0,0.0,11.11111111111111,11.11111111111111,19.444444444444443,100.7646244207623,100.16666666666667,-1.039603064355663,-0.09000000000000008,-1.3,-1.3,11.11111111111111,11.11111111111111
111,1.4000000000000001,False,0,0.8249999999998285,True,11.644444444444439,-0.1308024833338548,1.219999999999243,-1.2926370993780896,-1.8999999999999986,0.0,0.0,11.11111111111111,11.11111111111111,19.444444444444443,97.86269818010484,101.0,1.1559041050939807,-0.08000000000000007,-1.4000000000000001,-1.4000000000000001,11.11111111111111,11.11111111111111
111,1.5,True,2,0.0,True,11.644444444444439,-0.12166080709094995,-0.0666666666673903,-1.126318340971876,-1.7999999999999998,0.0,0.0,11.11111111111111,11.11111111111111,19.444444444444443,100.90668770126288,101.83333333333334,0.5270168309191035,-0.04999999999999982,-1.5,-1.5,11.11111111111111,11.11111111111111
111,1.6,False,0,0.7295774647885288,True,11.644444444444439,0.015860348029787197,1.093333333332521,-1.8322807901164484,-1.879999999999999,0.0,0.0,11.11111111111111,11.11111111111111,19.444444444444443,100.27575364788179,101.83333333333334,0.11162141705475737,-0.1599999999999997,-1.6,-1.6,11.11111111111111,11.11111111111111
111,1.7000000000000002,False,0,0.8249999999998285,True,11.644444444444439,0.11339640006356166,1.2599999999993203,-1.5853419529354078,-1.8300000000000005,0.0,0.0,11.11111111111111,11.11111111111111,19.444444444444443,101.68453520374958,102.66666666666667,1.2017297038585784,-0.09999999999999964,-1.7000000000000002,-1.7000000000000002,11.11111111111111,11.11111111111111
113,0.0,False,0,4.0,True,19.444444444444443,-2.2572956849291925,-4.0999999999988175,2.109132562177789,1.6,0.0,0.0,11.11111111111111,11.11111111111111,,,,,,,,,
113,0.1,False,0,1.1000000000000387,True,17.044444444444437,-3.3370409342386322,-4.133333333334451,0.34283799242829094,0.1800000000000037,-0.1,-0.1,11.11111111111111,11.11111111111111,17.044444444444437,9.896681589678803,6.806666666667934,-1.50038348637648,-0.00999999999999579,-0.1,-0.1,11.11111111111111,11.11111111111111
113,0.2,False,0,0.7239436619716204,True,11.644444444444439,-0.12539397994167967,0.9599999999991953,-1.3368445340876551,-1.3999999999999924,-0.2,-0.2,11.11111111111111,11.11111111111111,19.444444444444443,43.34917974737321,45.49999999999973,0.060151291891735514,-0.019999999999997353,-0.2,-0.2,11.11111111111111,11.11111111111111
113,0.30000000000000004,False,0,0.11249999999842834,True,11.644444444444439,-0.1512627289179589,0.05999999999916117,-1.7689846525748627,-1.8899999999999975,0.0,0.0,11.11111111111111,11.11111111111111,19.444444444444443,66.04077677958844,68.0,-0.0638144812228747,-0.020000000000001572,-0.30000000000000004,-0.30000000000000004,11.11111111111111,11.11111111111111
113,0.4,False,0,0.8306451612900939,True,11.644444444444439,-0.16362494533784666,1.5733333333324255,-1.3384718421881003,-1.880000000000006,0.0,0.0,11.11111111111111,11.11111111111111,19.444444444444443,79.35756418453568,79.66666666666669,0.15886878301144503,-6.661338147750939e-16,-0.4,-0.4,11.11111111111111,11.11111111111111
113,0.5,False,0,0.7239436619716204,True,11.644444444444439,0.14766763737879973,1.7399999999990543,-1.7506074054746685,-1.85,0.0,0.0,11.11111111111111,11.11111111111111,19.444444444444443,86.60580740541351,86.33333333333334,-0.2996838544910241,0.0,-0.5,-0.5,11.11111111111111,11.11111111111111
113,0.6000000000000001,False,0,0.7239436619716204,True,11.644444444444439,-0.20497138618746913,1.6199999999990498,-1.8400383044919082,-1.8599999999999959,0.0,0.0,11.11111111111111,11.11111111111111,19.444444444444443,86.79497591226338,90.50000000000001,0.24833851801917017,-0.019999999999999574,-0.6000000000000001,-0.6000000000000001,11.11111111111111,11.11111111111111
113,0.7000000000000001,False,0,0.8874999999998143,True,11.644444444444439,0.0611084409168372,1.4466666666660446,-1.0946677171770864,-1.899999999999999,0.0,0.0,11.11111111111111,11.11111111111111,19.444444444444443,93.29528029562853,93.83333333333336,-0.29207260156614745,-0.009999999999999343,-0.7000000000000001,-0.7000000000000001,11.11111111111111,11.11111111111111
113,0.8,False,0,0.7239436619716204,True,11.644444444444439,-0.027741978161304637,0.8333333333325301,-1.3718615392505833,-1.8799999999999994,0.0,0.0,11.11111111111111,11.11111111111111,19.444444444444443,95.42497030070331,96.33333333333334,-0.25847790251441305,-2.220446049250313e-16,-0.8,-0.8,11.11111111111111,11.11111111111111
113,0.9,False,0,0.5124999999986015,True,11.644444444444439,0.23882703076737943,0.2733333333325847,-1.4608034032713015,-1.8900000000000028,0.0,0.0,11.11111111111111,11.11111111111111,19.444444444444443,95.12974158892925,98.00000000000003,-0.13857931434677928,-0.02000000000000024,-0.9,-0.9,11.11111111111111,11.11111111111111
113,1.0,False,0,0.7873239436617638,True,11.644444444444439,0.19961107565206948,0.9799999999992339,-1.046552725273604,-1.7999999999999998,0.0,0.0,11.11111111111111,11.11111111111111,19.444444444444443,97.20274804528069,99.66666666666669,-0.1378067619749026,0.0,-1.0,-1.0,11.11111111111111,11.11111111111111
113,1.1,False,0,0.8874999999998143,True,11.644444444444439,-0.013839068572269575,1.4399999999992135,-1.2053689068642433,-1.8799999999999981,0.0,0.0,11.11111111111111,11.11111111111111,19.444444444444443,97.60844038995874,100.50000000000001,0.8943387623062513,-0.0499999999999996,-1.1,-1.1,11.11111111111111,11.11111111111111
113,1.2000000000000002,False,0,0.012499999998411688,True,11.644444444444439,-0.09963849685719861,0.006666666665819498,-1.0150111894098102,-1.7999999999999998,0.0,0.0,11.11111111111111,11.11111111111111,19.444444444444443,100.29133003043628,101.33333333333334,0.22119729312334035,-0.07999999999999963,-1.2000000000000002,-1.2000000000000002,11.11111111111111,11.11111111111111
113,1.3,False,0,0.6377358490563338,True,11.644444444444439,0.19789277783833104,0.9799999999991202,-1.2928050581368633,-1.8899999999999997,0.0,0.0,11.11111111111111,11.11111111111111,19.444444444444443,98.60586650712737,102.16666666666667,0.1117487540372415,-0.09000000000000008,-1.3,-1.3,11.11111111111111,11.11111111111111
113,1.4000000000000001,False,0,0.5999999999997606,True,11.644444444444439,0.08588349439430676,1.2066666666657513,-0.3199459315675808,-1.8999999999999986,0.0,0.0,11.11111111111111,11.11111111111111,19.444444444444443,101.21921096396784,103.0,0.11856790962902997,-0.08000000000000007,-1.4000000000000001,-1.4000000000000001,11.11111111111111,11.11111111111111
113,1.5,False,0,1.024489795918221,True,11.644444444444439,-0.15056945877295203,1.8466666666658513,-1.2772461968036177,-1.7999999999999998,0.0,0.0,11.11111111111111,11.11111111111111,19.444444444444443,102.02491294781,103.83333333333333,0.6227543172626158,-0.04999999999999982,-1.5,-1.5,11.11111111111111,11.11111111111111
113,1.6,False,0,0.9280898876402884,True,11.644444444444439,0.061467010957994894,1.9333333333324392,-1.5050418040026312,-1.879999999999999,0.0,0.0,11.11111111111111,11.11111111111111,19.444444444444443,103.36772710268197,103.83333333333333,-0.2689618814307182,-0.1599999999999997,-1.6,-1.6,11.11111111111111,11.11111111111111
113,1.7000000000000002,True,2,0.0,True,11.644444444444439,-1.3905247703711323,-4.293333333332487,-1.160595068985943,-1.8300000000000005,0.0,0.0,11.11111111111111,11.11111111111111,19.444444444444443,102.0320550230873,104.66666666666666,0.13079213843114967,-0.09999999999999964,-1.7000000000000002,-1.7000000000000002,11.11111111111111,11.11111111111111
115,0.0,False,0,4.0,True,19.444444444444443,-3.6930974013783837,-4.166666666667868,2.3674927405800115,1.6,0.0,0.0,11.11111111111111,11.11111111111111,,,,,,,,,
115,0.1,True,1,0.0,True,14.044444444444437,-3.1671598692831138,-4.233333333334417,-0.38691020541682963,0.09000000000000385,-0.1,-0.1,11.11111111111111,11.11111111111111,14.044444444444437,1.0017831899710474,-1.4333333333323024,0.24851491367692402,-0.00999999999999579,-0.1,-0.1,11.11111111111111,11.11111111111111
115,0.2,False,0,0.40384615384559786,True,11.644444444444439,0.09643204432826469,0.25999999999909296,-0.8417701902610881,-1.3999999999999924,-0.2,-0.2,11.11111111111111,11.11111111111111,19.444444444444443,43.09625666029707,47.49999999999973,-0.8662868415611971,-0.019999999999997353,-0.2,-0.2,11.11111111111111,11.11111111111111
115,0.30000000000000004,False,0,0.6301886792450039,True,11.644444444444439,-0.1920923265967529,0.8733333333324937,-1.5701308643988896,-1.8899999999999975,0.0,0.0,11.11111111111111,11.11111111111111,19.444444444444443,68.97325374990334,70.0,-0.34373583052232193,-0.020000000000001572,-0.30000000000000004,-0.30000000000000004,11.11111111111111,11.11111111111111
115,0.4,False,0,0.7937499999998142,True,11.644444444444439,-0.11024814692784712,2.1266666666657104,-1.847329230108651,-1.880000000000006,0.0,0.0,11.11111111111111,11.11111111111111,19.444444444444443,79.59352551545916,81.66666666666669,0.07310011108632386,-6.661338147750939e-16,-0.4,-0.4,11.11111111111111,11.11111111111111
115,0.5,True,2,0.0,True,11.644444444444439,0.11168328274568484,-0.1800000000006774,-1.6100560032754792,-1.85,0.0,0.0,11.11111111111111,11.11111111111111,19.444444444444443,86.42847452282516,88.33333333333334,0.31671472175303306,0.0,-0.5,-0.5,11.11111111111111,11.11111111111111
115,0.6000000000000001,False,0,0.6532258064513665,True,11.644444444444439,-0.09137983366729241,0.9799999999991202,-1.694123910763301,-1.8599999999999959,0.0,0.0,11.11111111111111,11.11111111111111,19.444444444444443,90.89538603804029,92.50000000000001,0.0433978758085265,-0.019999999999999574,-0.6000000000000001,-0.6000000000000001,11.11111111111111,11.11111111111111
115,0.7000000000000001,False,0,0.709677419354596,True,11.644444444444439,0.16165786734371768,1.4933333333323846,-1.6538903579034332,-1.899999999999999,0.0,0.0,11.11111111111111,11.11111111111111,19.444444444444443,90.73863699780252,95.83333333333336,0.3523446444653415,-0.009999999999999343,-0.7000000000000001,-0.7000000000000001,11.11111111111111,11.11111111111111
115,0.8,False,0,0.6080645161287855,True,11.644444444444439,0.18714281443523095,0.9066666666657399,-1.6194037235699368,-1.8799999999999994,0.0,0.0,11.11111111111111,11.11111111111111,19.444444444444443,98.51597531339735,98.33333333333334,0.9265102026371719,-2.220446049250313e-16,-0.8,-0.8,11.11111111111111,11.11111111111111
115,0.9,False,0,0.44857142857100246,True,11.644444444444439,-0.047460020013534,0.3866666666657581,-1.5750790025147203,-1.8900000000000028,0.0,0.0,11.11111111111111,11.11111111111111,19.444444444444443,99.46772884762424,100.00000000000003,-0.8903561588231819,-0.02000000000000024,-0.9,-0.9,11.11111111111111,11.11111111111111
115,1.0,False,0,0.8660377358487725,True,11.644444444444439,0.15922631768434048,1.273333333332471,-1.5494054179859482,-1.7999999999999998,0.0,0.0,11.11111111111111,11.11111111111111,19.444444444444443,101.78221390347571,101.66666666666669,0.24983887805462812,0.0,-1.0,-1.0,11.11111111111111,11.11111111111111
115,1.1,False,0,0.7937499999998142,True,11.644444444444439,-0.14676822644206577,0.7266666666659036,-1.2116548300699965,-1.8799999999999981,0.0,0.0,11.11111111111111,11.11111111111111,19.444444444444443,102.49185086086588,102.50000000000001,0.46855400431838046,-0.0499999999999996,-1.1,-1.1,11.11111111111111,11.11111111111111
115,1.2000000000000002,False,0,0.6661290322578202,True,11.644444444444439,-0.13618521730443245,1.0266666666657445,-1.8719069626601035,-1.7999999999999998,0.0,0.0,11.11111111111111,11.11111111111111,19.444444444444443,102.83284904671095,103.33333333333334,0.09994304583386593,-0.07999999999999963,-1.2000000000000002,-1.2000000000000002,11.11111111111111,11.11111111111111
115,1.3,False,0,0.26249999999882634,True,11.644444444444439,0.13119666115705986,0.13999999999937263,-1.0557984033911925,-1.8899999999999997,0.0,0.0,11.11111111111111,11.11111111111111,19.444444444444443,103.0277495911367,104.16666666666667,0.6945874579906426,-0.09000000000000008,-1.3,-1.3,11.11111111111111,11.11111111111111
115,1.4000000000000001,True,2,0.0,True,11.644444444444439,-3.820304915028248,-4.273333333334096,-1.274113305533479,-1.8999999999999986,0.0,0.0,11.11111111111111,11.11111111111111,19.444444444444443,104.86716037817146,105.0,0.5647809463102687,-0.08000000000000007,-1.4000000000000001,-1.4000000000000001,11.11111111111111,11.11111111111111
115,1.5,False,0,0.6532258064513665,True,11.644444444444439,-0.0754979483078726,0.9133333333324574,-1.8827863397573723,-1.7999999999999998,0.0,0.0,11.11111111111111,11.11111111111111,19.444444444444443,106.06487674476953,105.83333333333333,0.10351697737509147,-0.04999999999999982,-1.5,-1.5,11.11111111111111,11.11111111111111
115,1.6,False,0,0.7937499999998142,True,11.644444444444439,-0.015898119892301388,1.6066666666657285,-1.8411285810211024,-1.879999999999999,0.0,0.0,11.11111111111111,11.11111111111111,19.444444444444443,103.93325939003269,105.83333333333333,0.44998452888591123,-0.1599999999999997,-1.6,-1.6,11.11111111111111,11.11111111111111
115,1.7000000000000002,True,2,0.0,True,12.244444444444438,-4.085524849077831,-4.293333333333737,-1.8352835077283036,-1.8300000000000005,0.0,0.0,11.11111111111111,11.11111111111111,19.444444444444443,104.47380815791507,106.66666666666666,0.49147177216763005,-0.09999999999999964,-1.7000000000000002,-1.7000000000000002,11.11111111111111,11.11111111111111
117,0.0,False,0,4.0,True,19.444444444444443,0.1686664186461373,-3.933333333332075,1.2623714526310912,1.6,0.0,0.0,11.11111111111111,11.11111111111111,,,,,,,,,
117,0.1,True,2,0.0,True,12.844444444444438,-0.1893700893133312,-4.29333333333243,-0.3306671017585794,-0.03999999999999626,-0.1,-0.1,11.11111111111111,11.11111111111111,12.844444444444438,-3.4084747197680256,-3.786666666667645,0.20024714847209557,-0.00999999999999579,-0.1,-0.1,11.11111111111111,11.11111111111111
117,0.2,False,0,0.4374999999984558,True,11.644444444444439,0.1094079311111047,0.2333333333325074,-1.098671067509922,-1.6199999999999917,-0.2,-0.2,11.11111111111111,11.11111111111111,19.444444444444443,46.9710495631365,49.49999999999973,1.0901783595569028,-0.019999999999997353,-0.2,-0.2,11.11111111111111,11.11111111111111
117,0.30000000000000004,False,0,0.19999999999845625,True,11.644444444444439,0.14897020736362965,0.10666666666584224,-0.6172980468688858,-1.8899999999999975,0.0,0.0,11.11111111111111,11.11111111111111,19.444444444444443,71.370892930867,72.0,0.5847293367668693,-0.020000000000001572,-0.30000000000000004,-0.30000000000000004,11.11111111111111,11.11111111111111
117,0.4,False,0,0.6887096774191037,True,11.644444444444439,0.11674920052679472,1.0866666666658036,-1.5741109516851965,-1.880000000000006,0.0,0.0,11.11111111111111,11.11111111111111,19.444444444444443,77.71645587868286,83.66666666666669,0.2509653919328336,-6.661338147750939e-16,-0.4,-0.4,11.11111111111111,11.11111111111111
117,0.5,True,2,0.0,True,11.644444444444439,-0.15826908110226423,-0.5666666666675608,-0.6252320047096869,-1.85,0.0,0.0,11.11111111111111,11.11111111111111,19.444444444444443,90.83224346762921,90.33333333333334,0.147928395694374,0.0,-0.5,-0.5,11.11111111111111,11.11111111111111
117,0.6000000000000001,False,0,0.7903225806449142,True,11.644444444444439,-0.00872698946760675,1.0066666666658763,-1.120898124856444,-1.8599999999999959,0.0,0.0,11.11111111111111,11.11111111111111,19.444444444444443,91.65748303498138,94.50000000000001,0.09722899724153011,-0.019999999999999574,-0.6000000000000001,-0.6000000000000001,11.11111111111111,11.11111111111111
117,0.7000000000000001,False,0,0.9989795918365768,True,11.644444444444439,0.06573295885818897,2.4799999999990634,-1.550335715249965,-1.899999999999999,0.0,0.0,11.11111111111111,11.11111111111111,19.444444444444443,97.5050372950271,97.83333333333336,0.5453758205582209,-0.009999999999999343,-0.7000000000000001,-0.7000000000000001,11.11111111111111,11.11111111111111
117,0.8,True,2,0.0,True,11.644444444444439,-0.07945822545569836,-0.186666666667338,-1.7028213274195334,-1.8799999999999994,0.0,0.0,11.11111111111111,11.11111111111111,19.444444444444443,98.66587465277172,100.33333333333334,-0.27084238054521426,-2.220446049250313e-16,-0.8,-0.8,11.11111111111111,11.11111111111111
117,0.9,False,0,0.7774193548384606,True,11.644444444444439,-0.02184099614673851,0.45333333333264836,-0.719882131798089,-1.8900000000000028,0.0,0.0,11.11111111111111,11.11111111111111,19.444444444444443,102.71610440695787,102.00000000000003,-0.024157404349753886,-0.02000000000000024,-0.9,-0.9,11.11111111111111,11.11111111111111
117,1.0,False,0,0.5999999999992168,True,11.644444444444439,0.26178803785451255,0.626666666665824,-1.6624344348520108,-1.7999999999999998,0.0,0.0,11.11111111111111,11.11111111111111,19.444444444444443,104.711423793992,103.66666666666669,-1.343002596872697,0.0,-1.0,-1.0,11.11111111111111,11.11111111111111
117,1.1,False,0,0.9772727272723871,True,11.644444444444439,0.040069695634042723,1.6533333333325233,-1.0139516667646746,-1.8799999999999981,0.0,0.0,11.11111111111111,11.11111111111111,19.444444444444443,103.45314058845914,104.50000000000001,0.23794070936607525,-0.0499999999999996,-1.1,-1.1,11.11111111111111,11.11111111111111
117,1.2000000000000002,False,0,0.7647887323941426,True,11.644444444444439,0.16619266690345302,0.9133333333324574,-1.8562865322545778,-1.7999999999999998,0.0,0.0,11.11111111111111,11.11111111111111,19.444444444444443,101.78976135096045,105.33333333333334,0.10100404153712095,-0.07999999999999963,-1.2000000000000002,-1.2000000000000002,11.11111111111111,11.11111111111111
117,1.3,False,0,0.6887096774191037,True,11.644444444444439,-0.219544727475113,1.2333333333323937,-0.880075286618951,-1.8899999999999997,0.0,0.0,11.11111111111111,11.11111111111111,19.444444444444443,104.96226124683453,106.16666666666667,0.22429162386525014,-0.09000000000000008,-1.3,-1.3,11.11111111111111,11.11111111111111
117,1.4000000000000001,False,0,0.8415094339619702,True,11.644444444444439,0.050179905329355456,1.9999999999990452,-1.8794468793582981,-1.8999999999999986,0.0,0.0,11.11111111111111,11.11111111111111,19.444444444444443,104.59487372330705,107.0,0.6112441583186841,-0.08000000000000007,-1.4000000000000001,-1.4000000000000001,11.11111111111111,11.11111111111111
117,1.5,False,0,0.9124999999998024,True,11.644444444444439,0.25125487614901676,1.5333333333325188,-1.2331493212006812,-1.7999999999999998,0.0,0.0,11.11111111111111,11.11111111111111,19.444444444444443,103.47941774480834,107.83333333333333,1.7428937002205065,-0.04999999999999982,-1.5,-1.5,11.11111111111111,11.11111111111111
117,1.6,False,0,0.5914285714281375,True,11.644444444444439,0.1462158704242258,0.7599999999990361,-1.024307486113457,-1.879999999999999,0.0,0.0,11.11111111111111,11.11111111111111,19.444444444444443,106.33186473924407,107.83333333333333,-0.4204136553330631,-0.1599999999999997,-1.6,-1.6,11.11111111111111,11.11111111111111
117,1.7000000000000002,True,2,0.0,True,11.644444444444439,-4.038497657238838,-4.299999999998522,-1.8468843010819558,-1.8300000000000005,0.0,0.0,11.11111111111111,11.11111111111111,19.444444444444443,107.82250473018391,108.66666666666666,-0.27937895235304766,-0.09999999999999964,-1.7000000000000002,-1.7000000000000002,11.11111111111111,11.11111111111111
119,0.0,False,0,4.0,True,19.444444444444443,-3.125304908264286,-4.266666666665389,2.160375393121107,1.6,0.0,0.0,11.11111111111111,11.11111111111111,,,,,,,,,
119,0.1,True,2,0.0,True,12.244444444444438,-3.0414792808268087,-4.246666666665919,-0.09850115534321913,-0.20999999999999863,-0.1,-0.1,11.11111111111111,11.11111111111111,12.844444444444438,-3.245714503361387,-1.9666666666676518,-0.18791031444680972,-0.00999999999999579,-0.1,-0.1,11.11111111111111,11.11111111111111
119,0.2,False,0,0.7591549295772343,True,11.644444444444439,0.23169333594621566,1.179999999999052,-1.7346334927107185,-1.519999999999992,-0.2,-0.2,11.11111111111111,11.11111111111111,19.444444444444443,51.135387791363186,51.49999999999973,-0.3451655266947775,-0.019999999999997353,-0.2,-0.2,11.11111111111111,11.11111111111111
119,0.30000000000000004,False,0,0.7591549295772343,True,11.644444444444439,-0.07237607130064116,1.226666666665733,-1.7007480655872127,-1.8899999999999975,0.0,0.0,11.11111111111111,11.11111111111111,19.444444444444443,73.26445241612251,74.0,-1.7073147308856989,-0.020000000000001572,-0.30000000000000004,-0.30000000000000004,11.11111111111111,11.11111111111111
119,0.4,False,0,0.6999999999996896,True,11.644444444444439,0.017803061879203774,0.8666666666657195,-1.4435776963950824,-1.880000000000006,0.0,0.0,11.11111111111111,11.11111111111111,19.444444444444443,84.00802526782283,85.66666666666669,0.24957953373424502,-6.661338147750939e-16,-0.4,-0.4,11.11111111111111,11.11111111111111
119,0.5,True,2,0.0,True,11.644444444444439,-0.002931163656273661,-0.6666666666676404,-1.5576948774867982,-1.85,0.0,0.0,11.11111111111111,11.11111111111111,19.444444444444443,92.3391818732191,92.33333333333334,-0.5496499275111568,0.0,-0.5,-0.5,11.11111111111111,11.11111111111111
119,0.6000000000000001,False,0,0.7591549295772343,True,11.644444444444439,-0.12697646757191006,0.8133333333323778,-1.6544174073437918,-1.8599999999999959,0.0,0.0,11.11111111111111,11.11111111111111,19.444444444444443,96.05320857092305,96.50000000000001,-0.31262039135579145,-0.019999999999999574,-0.6000000000000001,-0.6000000000000001,11.11111111111111,11.11111111111111
119,0.7000000000000001,True,2,0.0,True,11.644444444444439,-4.2513780093262765,-4.299999999998351,-1.7459041990394868,-1.899999999999999,0.0,0.0,11.11111111111111,11.11111111111111,19.444444444444443,98.58881826222559,99.83333333333336,-0.18016341369616318,-0.009999999999999343,-0.7000000000000001,-0.7000000000000001,11.11111111111111,11.11111111111111
119,0.8,False,0,0.7591549295772343,True,11.644444444444439,-0.24245368285879731,1.959999999998968,-1.795994650652866,-1.8799999999999994,0.0,0.0,11.11111111111111,11.11111111111111,19.444444444444443,100.2184345169648,102.33333333333334,-1.199954654059914,-2.220446049250313e-16,-0.8,-0.8,11.11111111111111,11.11111111111111
119,0.9,False,0,0.5641509433959107,True,11.644444444444439,-0.14183013732678074,0.8533333333323414,-1.1719074246963763,-1.8900000000000028,0.0,0.0,11.11111111111111,11.11111111111111,19.444444444444443,99.69762920499124,104.00000000000003,0.18528325494375153,-0.02000000000000024,-0.9,-0.9,11.11111111111111,11.11111111111111
119,1.0,True,2,0.0,True,11.644444444444439,-0.17399138614756549,-0.11333333333424189,-1.6740993099160433,-1.7999999999999998,0.0,0.0,11.11111111111111,11.11111111111111,19.444444444444443,103.22429613167898,105.66666666666669,1.6366253702993698,0.0,-1.0,-1.0,11.11111111111111,11.11111111111111
119,1.1,False,0,0.5588235294109184,True,11.644444444444439,-0.11262510746529397,0.3133333333324346,-1.870261528818363,-1.8799999999999981,0.0,0.0,11.11111111111111,11.11111111111111,19.444444444444443,106.77620855637433,106.50000000000001,-0.5978765210848231,-0.0499999999999996,-1.1,-1.1,11.11111111111111,11.11111111111111
119,1.2000000000000002,False,0,0.9157303370784732,True,11.644444444444439,-0.17469096559777864,2.7933333333322823,-1.85275780797199,-1.7999999999999998,0.0,0.0,11.11111111111111,11.11111111111111,19.444444444444443,105.68115014329507,107.33333333333334,0.8848098561716404,-0.07999999999999963,-1.2000000000000002,-1.2000000000000002,11.11111111111111,11.11111111111111
119,1.3,False,0,0.3769230769224798,True,11.644444444444439,0.09918996726993345,0.4866666666656103,-1.3627416486733468,-1.8899999999999997,0.0,0.0,11.11111111111111,11.11111111111111,19.444444444444443,105.51800981792665,108.16666666666667,0.7015432082857154,-0.09000000000000008,-1.3,-1.3,11.11111111111111,11.11111111111111
119,1.4000000000000001,True,2,0.0,True,11.644444444444439,-2.626699496248807,-4.2733333333347785,-0.735433165038363,-1.8999999999999986,0.0,0.0,11.11111111111111,11.11111111111111,19.444444444444443,108.89349597171724,109.0,-1.083975720006295,-0.08000000000000007,-1.4000000000000001,-1.4000000000000001,11.11111111111111,11.11111111111111
119,1.5,False,0,0.8709677419352186,True,11.644444444444439,-0.1214130901451993,1.1333333333324278,-1.0769500499952849,-1.7999999999999998,0.0,0.0,11.11111111111111,11.11111111111111,19.444444444444443,109.22389551718324,109.83333333333333,-0.7389613667643096,-0.04999999999999982,-1.5,-1.5,11.11111111111111,11.11111111111111
119,1.6,False,0,0.7591549295772343,True,11.644444444444439,-0.07154734362562731,1.6733333333323346,-1.7821166436546325,-1.879999999999999,0.0,0.0,11.11111111111111,11.11111111111111,19.444444444444443,106.3802305913736,109.83333333333333,0.1817056475643648,-0.1599999999999997,-1.6,-1.6,11.11111111111111,11.11111111111111
119,1.7000000000000002,False,0,0.024999999998293866,True,11.644444444444439,-0.03286180937424188,0.013333333332423258,-1.0974106578951746,-1.8300000000000005,0.0,0.0,11.11111111111111,11.11111111111111,19.444444444444443,108.18053177565753,110.66666666666666,-0.2867799765867909,-0.09999999999999964,-1.7000000000000002,-1.7000000000000002,11.11111111111111,11.11111111111111
